ano,municipio_ibge,municipio_nome,localidade_do_gasto_raw,numero_emenda,autor,partido,uf_autor,tipo_emenda,funcao,subfuncao,valor_empenhado,valor_liquidado,valor_pago,fonte_api
2014,4208005,Itá,BURITAMA - SP,S/I,Sem informação,,,Emenda Individual - Transferências com Finalidade Definida,Educação,Transferências para a educação básica,"19.970,20","0,00","0,00",https://api.portaldatransparencia.gov.br/api-de-dados/emendas
2014,4208005,Itá,BOM SUCESSO DE ITARARÉ - SP,S/I,Sem informação,,,Emenda Individual - Transferências com Finalidade Definida,Saúde,Atenção básica,"41.600,00","0,00","0,00",https://api.portaldatransparencia.gov.br/api-de-dados/emendas
2014,4208005,Itá,ITAJUBÁ - MG,S/I,Sem informação,,,Emenda Individual - Transferências com Finalidade Definida,Saúde,Assistência hospitalar e ambulatorial,"49.680,00","0,00","0,00",https://api.portaldatransparencia.gov.br/api-de-dados/emendas
2014,4208005,Itá,NOVA LUZITÂNIA - SP,S/I,Sem informação,,,Emenda Individual - Transferências com Finalidade Definida,Saúde,Atenção básica,"49.994,00","0,00","0,00",https://api.portaldatransparencia.gov.br/api-de-dados/emendas
2014,4208005,Itá,ITAMARI - BA,S/I,Sem informação,,,Emenda Individual - Transferências com Finalidade Definida,Saúde,Atenção básica,"50.000,00","0,00","0,00",https://api.portaldatransparencia.gov.br/api-de-dados/emendas
2014,4208005,Itá,ITAMBARACÁ - PR,S/I,Sem informação,,,Emenda Individual - Transferências com Finalidade Definida,Saúde,Atenção básica,"57.330,00","0,00","0,00",https://api.portaldatransparencia.gov.br/api-de-dados/emendas
2014,4208005,Itá,GUARAÍTA - GO,S/I,Sem informação,,,Emenda Individual - Transferências com Finalidade Definida,Saúde,Atenção básica,"59.970,00","0,00","0,00",https://api.portaldatransparencia.gov.br/api-de-dados/emendas
2014,4208005,Itá,ITAMARATI DE MINAS - MG,S/I,Sem informação,,,Emenda Individual - Transferências com Finalidade Definida,Saúde,Atenção básica,"80.000,00","0,00","0,00",https://api.portaldatransparencia.gov.br/api-de-dados/emendas
2014,4208005,Itá,RUBELITA - MG,S/I,Sem informação,,,Emenda Individual - Transferências com Finalidade Definida,Saúde,Atenção básica,"80.000,00","0,00","0,00",https://api.portaldatransparencia.gov.br/api-de-dados/emendas
2014,4208005,Itá,PARANAÍTA - MT,S/I,Sem informação,,,Emenda Individual - Transferências com Finalidade Definida,Saúde,Atenção básica,"80.440,00","0,00","0,00",https://api.portaldatransparencia.gov.br/api-de-dados/emendas
2014,4208005,Itá,ITAÚ - RN,S/I,Sem informação,,,Emenda Individual - Transferências com Finalidade Definida,Saúde,Atenção básica,"80.620,00","0,00","0,00",https://api.portaldatransparencia.gov.br/api-de-dados/emendas
2014,4208005,Itá,ITAJAÍ - SC,S/I,Sem informação,,,Emenda Individual - Transferências com Finalidade Definida,Gestão ambiental,Preservação e conservação ambiental,"86.533,40","19.948,37","19.948,37",https://api.portaldatransparencia.gov.br/api-de-dados/emendas
2014,4208005,Itá,ITAPOROROCA - PB,S/I,Sem informação,,,Emenda Individual - Transferências com Finalidade Definida,Saúde,Atenção básica,"89.800,00","0,00","0,00",https://api.portaldatransparencia.gov.br/api-de-dados/emendas
2014,4208005,Itá,ITAPAGIPE - MG,S/I,Sem informação,,,Emenda Individual - Transferências com Finalidade Definida,Saúde,Atenção básica,"96.000,00","0,00","0,00",https://api.portaldatransparencia.gov.br/api-de-dados/emendas
2014,4208005,Itá,ITAARA - RS,S/I,Sem informação,,,Emenda Individual - Transferências com Finalidade Definida,Saúde,Atenção básica,"96.044,00","0,00","0,00",https://api.portaldatransparencia.gov.br/api-de-dados/emendas
2014,4208005,Itá,ITANHANGÁ - MT,S/I,Sem informação,,,Emenda Individual - Transferências com Finalidade Definida,Educação,Educação básica,"96.915,00","0,00","0,00",https://api.portaldatransparencia.gov.br/api-de-dados/emendas
2014,4208005,Itá,NOVA SANTA RITA - RS,S/I,Sem informação,,,Emenda Individual - Transferências com Finalidade Definida,Agricultura,Promoção da produção agropecuária,"97.500,00","0,00","0,00",https://api.portaldatransparencia.gov.br/api-de-dados/emendas
2014,4208005,Itá,CAPITÃO LEÔNIDAS MARQUES - PR,S/I,Sem informação,,,Emenda Individual - Transferências com Finalidade Definida,Desporto e lazer,Desporto comunitário,"97.500,00","0,00","0,00",https://api.portaldatransparencia.gov.br/api-de-dados/emendas
2014,4208005,Itá,QUITANDINHA - PR,S/I,Sem informação,,,Emenda Individual - Transferências com Finalidade Definida,Agricultura,Promoção da produção agropecuária,"97.500,00","0,00","0,00",https://api.portaldatransparencia.gov.br/api-de-dados/emendas
2014,4208005,Itá,ITAGUATINS - TO,S/I,Sem informação,,,Emenda Individual - Transferências com Finalidade Definida,Desporto e lazer,Desporto comunitário,"97.500,00","0,00","0,00",https://api.portaldatransparencia.gov.br/api-de-dados/emendas
2014,4208005,Itá,SANTA RITA D'OESTE - SP,S/I,Sem informação,,,Emenda Individual - Transferências com Finalidade Definida,Agricultura,Promoção da produção agropecuária,"97.500,00","97.500,00","0,00",https://api.portaldatransparencia.gov.br/api-de-dados/emendas
2014,4208005,Itá,JESUÍTAS - PR,S/I,Sem informação,,,Emenda Individual - Transferências com Finalidade Definida,Agricultura,Promoção da produção agropecuária,"97.500,00","97.500,00","97.500,00",https://api.portaldatransparencia.gov.br/api-de-dados/emendas
2014,4208005,Itá,BARRA DO GUARITA - RS,S/I,Sem informação,,,Emenda Individual - Transferências com Finalidade Definida,Agricultura,Promoção da produção agropecuária,"97.500,00","0,00","0,00",https://api.portaldatransparencia.gov.br/api-de-dados/emendas
2014,4208005,Itá,ITAMARATI DE MINAS - MG,S/I,Sem informação,,,Emenda Individual - Transferências com Finalidade Definida,Desporto e lazer,Desporto comunitário,"97.500,00","0,00","0,00",https://api.portaldatransparencia.gov.br/api-de-dados/emendas
2014,4208005,Itá,MATO LEITÃO - RS,S/I,Sem informação,,,Emenda Individual - Transferências com Finalidade Definida,Agricultura,Promoção da produção agropecuária,"97.500,00","0,00","0,00",https://api.portaldatransparencia.gov.br/api-de-dados/emendas
2014,4208005,Itá,SANTANA DO ITARARÉ - PR,S/I,Sem informação,,,Emenda Individual - Transferências com Finalidade Definida,Saúde,Administração geral,"99.400,00","0,00","0,00",https://api.portaldatransparencia.gov.br/api-de-dados/emendas
2014,4208005,Itá,ITAÚ - RN,S/I,Sem informação,,,Emenda Individual - Transferências com Finalidade Definida,Saúde,Administração geral,"99.859,00","0,00","0,00",https://api.portaldatransparencia.gov.br/api-de-dados/emendas
2014,4208005,Itá,ITANHAÉM - SP,S/I,Sem informação,,,Emenda Individual - Transferências com Finalidade Definida,Saúde,Atenção básica,"99.873,00","0,00","0,00",https://api.portaldatransparencia.gov.br/api-de-dados/emendas
2014,4208005,Itá,PALMITAL - PR,S/I,Sem informação,,,Emenda Individual - Transferências com Finalidade Definida,Saúde,Atenção básica,"99.913,21","0,00","0,00",https://api.portaldatransparencia.gov.br/api-de-dados/emendas
2014,4208005,Itá,ITAGUATINS - TO,S/I,Sem informação,,,Emenda Individual - Transferências com Finalidade Definida,Saúde,Assistência hospitalar e ambulatorial,"99.915,00","0,00","0,00",https://api.portaldatransparencia.gov.br/api-de-dados/emendas
2014,4208005,Itá,ITAMBÉ DO MATO DENTRO - MG,S/I,Sem informação,,,Emenda Individual - Transferências com Finalidade Definida,Saúde,Atenção básica,"99.930,00","0,00","0,00",https://api.portaldatransparencia.gov.br/api-de-dados/emendas
2014,4208005,Itá,ITAIPULÂNDIA - PR,S/I,Sem informação,,,Emenda Individual - Transferências com Finalidade Definida,Saúde,Atenção básica,"99.960,00","0,00","0,00",https://api.portaldatransparencia.gov.br/api-de-dados/emendas
2014,4208005,Itá,ITAVERAVA - MG,S/I,Sem informação,,,Emenda Individual - Transferências com Finalidade Definida,Saúde,Atenção básica,"99.997,00","0,00","0,00",https://api.portaldatransparencia.gov.br/api-de-dados/emendas
2014,4208005,Itá,CRISÓLITA - MG,S/I,Sem informação,,,Emenda Individual - Transferências com Finalidade Definida,Educação,Transferências para a educação básica,"99.998,70","0,00","0,00",https://api.portaldatransparencia.gov.br/api-de-dados/emendas
2014,4208005,Itá,ITABIRITO - MG,S/I,Sem informação,,,Emenda Individual - Transferências com Finalidade Definida,Saúde,Administração geral,"99.999,00","0,00","0,00",https://api.portaldatransparencia.gov.br/api-de-dados/emendas
2014,4208005,Itá,BURITAMA - SP,S/I,Sem informação,,,Emenda Individual - Transferências com Finalidade Definida,Saúde,Administração geral,"99.999,81","0,00","0,00",https://api.portaldatransparencia.gov.br/api-de-dados/emendas
2014,4208005,Itá,ANITA GARIBALDI - SC,S/I,Sem informação,,,Emenda Individual - Transferências com Finalidade Definida,Organização agrária,Ordenamento territorial,"100.000,00","0,00","0,00",https://api.portaldatransparencia.gov.br/api-de-dados/emendas
2014,4208005,Itá,ITAÍ - SP,S/I,Sem informação,,,Emenda Individual - Transferências com Finalidade Definida,Organização agrária,Ordenamento territorial,"10,00","0,00","0,00",https://api.portaldatransparencia.gov.br/api-de-dados/emendas
2014,4208005,Itá,SANTA RITA DO TRIVELATO - MT,S/I,Sem informação,,,Emenda Individual - Transferências com Finalidade Definida,Saúde,Assistência hospitalar e ambulatorial,"10,00","0,00","0,00",https://api.portaldatransparencia.gov.br/api-de-dados/emendas
2014,4208005,Itá,ITAPIRA - SP,S/I,Sem informação,,,Emenda Individual - Transferências com Finalidade Definida,Saúde,Administração geral,"100.000,00","0,00","0,00",https://api.portaldatransparencia.gov.br/api-de-dados/emendas
2014,4208005,Itá,ITAPIÚNA - CE,S/I,Sem informação,,,Emenda Individual - Transferências com Finalidade Definida,Saúde,Atenção básica,"10,00","0,00","0,00",https://api.portaldatransparencia.gov.br/api-de-dados/emendas
2014,4208005,Itá,BARRA BONITA - SC,S/I,Sem informação,,,Emenda Individual - Transferências com Finalidade Definida,Saúde,Atenção básica,"10,00","0,00","0,00",https://api.portaldatransparencia.gov.br/api-de-dados/emendas
2014,4208005,Itá,CAPITÃO LEÔNIDAS MARQUES - PR,S/I,Sem informação,,,Emenda Individual - Transferências com Finalidade Definida,Saúde,Administração geral,"10,00","0,00","0,00",https://api.portaldatransparencia.gov.br/api-de-dados/emendas
2014,4208005,Itá,ITAGUAJÉ - PR,S/I,Sem informação,,,Emenda Individual - Transferências com Finalidade Definida,Saúde,Administração geral,"100.000,00","0,00","0,00",https://api.portaldatransparencia.gov.br/api-de-dados/emendas
2014,4208005,Itá,ITAPORÃ - MS,S/I,Sem informação,,,Emenda Individual - Transferências com Finalidade Definida,Saúde,Atenção básica,"10,00","0,00","0,00",https://api.portaldatransparencia.gov.br/api-de-dados/emendas
2014,4208005,Itá,ITAGUARU - GO,S/I,Sem informação,,,Emenda Individual - Transferências com Finalidade Definida,Saúde,Atenção básica,"100.000,00","0,00","0,00",https://api.portaldatransparencia.gov.br/api-de-dados/emendas
2014,4208005,Itá,ITAMBACURI - MG,S/I,Sem informação,,,Emenda Individual - Transferências com Finalidade Definida,Saúde,Administração geral,"100.000,00","0,00","0,00",https://api.portaldatransparencia.gov.br/api-de-dados/emendas
2014,4208005,Itá,ITAMBÉ - PE,S/I,Sem informação,,,Emenda Individual - Transferências com Finalidade Definida,Saúde,Atenção básica,"10,00","0,00","0,00",https://api.portaldatransparencia.gov.br/api-de-dados/emendas
2014,4208005,Itá,ITAPERUÇU - PR,S/I,Sem informação,,,Emenda Individual - Transferências com Finalidade Definida,Saúde,Administração geral,"10,00","0,00","0,00",https://api.portaldatransparencia.gov.br/api-de-dados/emendas
2014,4208005,Itá,ITACARAMBI - MG,S/I,Sem informação,,,Emenda Individual - Transferências com Finalidade Definida,Saúde,Atenção básica,"10,00","0,00","0,00",https://api.portaldatransparencia.gov.br/api-de-dados/emendas
2014,4208005,Itá,SANTA RITA DO ARAGUAIA - GO,S/I,Sem informação,,,Emenda Individual - Transferências com Finalidade Definida,Saúde,Atenção básica,"10,00","0,00","0,00",https://api.portaldatransparencia.gov.br/api-de-dados/emendas
2014,4208005,Itá,SANTA RITA DO SAPUCAÍ - MG,S/I,Sem informação,,,Emenda Individual - Transferências com Finalidade Definida,Segurança pública,Policiamento,"10,00","0,00","0,00",https://api.portaldatransparencia.gov.br/api-de-dados/emendas
2014,4208005,Itá,ITAGUARA - MG,S/I,Sem informação,,,Emenda Individual - Transferências com Finalidade Definida,Educação,Educação básica,"10,00","0,00","0,00",https://api.portaldatransparencia.gov.br/api-de-dados/emendas
2014,4208005,Itá,ITAOBIM - MG,S/I,Sem informação,,,Emenda Individual - Transferências com Finalidade Definida,Saúde,Atenção básica,"10,00","0,00","0,00",https://api.portaldatransparencia.gov.br/api-de-dados/emendas
2014,4208005,Itá,SÃO JOÃO DO ITAPERIÚ - SC,S/I,Sem informação,,,Emenda Individual - Transferências com Finalidade Definida,Saúde,Administração geral,"10,00","0,00","0,00",https://api.portaldatransparencia.gov.br/api-de-dados/emendas
2014,4208005,Itá,ITAPIPOCA - CE,S/I,Sem informação,,,Emenda Individual - Transferências com Finalidade Definida,Saúde,Assistência hospitalar e ambulatorial,"10,00","0,00","0,00",https://api.portaldatransparencia.gov.br/api-de-dados/emendas
2014,4208005,Itá,JESUÍTAS - PR,S/I,Sem informação,,,Emenda Individual - Transferências com Finalidade Definida,Saúde,Administração geral,"10,00","0,00","0,00",https://api.portaldatransparencia.gov.br/api-de-dados/emendas
2014,4208005,Itá,NOVO ITACOLOMI - PR,S/I,Sem informação,,,Emenda Individual - Transferências com Finalidade Definida,Assistência social,Assistência comunitária,"10,00","10,00","10,00",https://api.portaldatransparencia.gov.br/api-de-dados/emendas
2014,4208005,Itá,BARRA DO GUARITA - RS,S/I,Sem informação,,,Emenda Individual - Transferências com Finalidade Definida,Saúde,Atenção básica,"10,00","0,00","0,00",https://api.portaldatransparencia.gov.br/api-de-dados/emendas
2014,4208005,Itá,PITANGUEIRAS - PR,S/I,Sem informação,,,Emenda Individual - Transferências com Finalidade Definida,Assistência social,Assistência comunitária,"10,00","10,00","10,00",https://api.portaldatransparencia.gov.br/api-de-dados/emendas
2014,4208005,Itá,ITAPIRAPUÃ - GO,S/I,Sem informação,,,Emenda Individual - Transferências com Finalidade Definida,Saúde,Atenção básica,"10,00","0,00","0,00",https://api.portaldatransparencia.gov.br/api-de-dados/emendas
2014,4208005,Itá,IBIRAPUITÃ - RS,S/I,Sem informação,,,Emenda Individual - Transferências com Finalidade Definida,Saúde,Atenção básica,"10,00","0,00","0,00",https://api.portaldatransparencia.gov.br/api-de-dados/emendas
2014,4208005,Itá,ITÁPOLIS - SP,S/I,Sem informação,,,Emenda Individual - Transferências com Finalidade Definida,Saúde,Atenção básica,"10,00","0,00","0,00",https://api.portaldatransparencia.gov.br/api-de-dados/emendas
2014,4208005,Itá,ITAPEVA - MG,S/I,Sem informação,,,Emenda Individual - Transferências com Finalidade Definida,Saúde,Administração geral,"10,00","0,00","0,00",https://api.portaldatransparencia.gov.br/api-de-dados/emendas
2014,4208005,Itá,ITAIPÉ - MG,S/I,Sem informação,,,Emenda Individual - Transferências com Finalidade Definida,Saúde,Assistência hospitalar e ambulatorial,"10,00","0,00","0,00",https://api.portaldatransparencia.gov.br/api-de-dados/emendas
2014,4208005,Itá,SANTA RITA DE JACUTINGA - MG,S/I,Sem informação,,,Emenda Individual - Transferências com Finalidade Definida,Saúde,Atenção básica,"10,00","0,00","0,00",https://api.portaldatransparencia.gov.br/api-de-dados/emendas
2014,4208005,Itá,ANITÁPOLIS - SC,S/I,Sem informação,,,Emenda Individual - Transferências com Finalidade Definida,Organização agrária,Ordenamento territorial,"10,00","0,00","0,00",https://api.portaldatransparencia.gov.br/api-de-dados/emendas
2014,4208005,Itá,ITAPEVI - SP,S/I,Sem informação,,,Emenda Individual - Transferências com Finalidade Definida,Saúde,Administração geral,"100.000,00","0,00","0,00",https://api.portaldatransparencia.gov.br/api-de-dados/emendas
2014,4208005,Itá,ITAJÁ - GO,S/I,Sem informação,,,Emenda Individual - Transferências com Finalidade Definida,Saúde,Atenção básica,"100.000,00","0,00","0,00",https://api.portaldatransparencia.gov.br/api-de-dados/emendas
2014,4208005,Itá,ITAPEMA - SC,S/I,Sem informação,,,Emenda Individual - Transferências com Finalidade Definida,Saúde,Administração geral,"10,00","0,00","0,00",https://api.portaldatransparencia.gov.br/api-de-dados/emendas
2014,4208005,Itá,ITAGUAJÉ - PR,S/I,Sem informação,,,Emenda Individual - Transferências com Finalidade Definida,Assistência social,Assistência comunitária,"100.000,00","100.000,00","100.000,00",https://api.portaldatransparencia.gov.br/api-de-dados/emendas
2014,4208005,Itá,ARGIRITA - MG,S/I,Sem informação,,,Emenda Individual - Transferências com Finalidade Definida,Saúde,Atenção básica,"101.365,00","0,00","0,00",https://api.portaldatransparencia.gov.br/api-de-dados/emendas
2014,4208005,Itá,ITAGUARU - GO,S/I,Sem informação,,,Emenda Individual - Transferências com Finalidade Definida,Agricultura,Promoção da produção agropecuária,"107.250,00","0,00","0,00",https://api.portaldatransparencia.gov.br/api-de-dados/emendas
2014,4208005,Itá,ITAPEJARA D'OESTE - PR,S/I,Sem informação,,,Emenda Individual - Transferências com Finalidade Definida,Saúde,Atenção básica,"11,00","0,00","0,00",https://api.portaldatransparencia.gov.br/api-de-dados/emendas
2014,4208005,Itá,SANTA RITA DO ARAGUAIA - GO,S/I,Sem informação,,,Emenda Individual - Transferências com Finalidade Definida,Agricultura,Promoção da produção agropecuária,"117.000,00","117.000,00","117.000,00",https://api.portaldatransparencia.gov.br/api-de-dados/emendas
2014,4208005,Itá,SANTA RITA DO NOVO DESTINO - GO,S/I,Sem informação,,,Emenda Individual - Transferências com Finalidade Definida,Agricultura,Promoção da produção agropecuária,"117.000,00","0,00","0,00",https://api.portaldatransparencia.gov.br/api-de-dados/emendas
2014,4208005,Itá,ITAGUARA - MG,S/I,Sem informação,,,Emenda Individual - Transferências com Finalidade Definida,Urbanismo,infra-estrutura urbana,"117.280,00","0,00","0,00",https://api.portaldatransparencia.gov.br/api-de-dados/emendas
2014,4208005,Itá,ITABIRITO - MG,S/I,Sem informação,,,Emenda Individual - Transferências com Finalidade Definida,Saúde,Atenção básica,"120.000,00","0,00","0,00",https://api.portaldatransparencia.gov.br/api-de-dados/emendas
2014,4208005,Itá,ITAPORANGA D'AJUDA - SE,S/I,Sem informação,,,Emenda Individual - Transferências com Finalidade Definida,Saúde,Administração geral,"122.999,97","0,00","0,00",https://api.portaldatransparencia.gov.br/api-de-dados/emendas
2014,4208005,Itá,ITACURUBI - RS,S/I,Sem informação,,,Emenda Individual - Transferências com Finalidade Definida,Agricultura,Promoção da produção agropecuária,"126.750,00","126.750,00","126.750,00",https://api.portaldatransparencia.gov.br/api-de-dados/emendas
2014,4208005,Itá,SALTO DO ITARARÉ - PR,S/I,Sem informação,,,Emenda Individual - Transferências com Finalidade Definida,Agricultura,Promoção da produção agropecuária,"139.425,00","139.425,00","139.425,00",https://api.portaldatransparencia.gov.br/api-de-dados/emendas
2014,4208005,Itá,CAPITÃO - RS,S/I,Sem informação,,,Emenda Individual - Transferências com Finalidade Definida,Organização agrária,Ordenamento territorial,"14,00","0,00","0,00",https://api.portaldatransparencia.gov.br/api-de-dados/emendas
2014,4208005,Itá,ITAPUÃ DO OESTE - RO,S/I,Sem informação,,,Emenda Individual - Transferências com Finalidade Definida,Saúde,Atenção básica,"14,00","0,00","0,00",https://api.portaldatransparencia.gov.br/api-de-dados/emendas
2014,4208005,Itá,ITAGUARU - GO,S/I,Sem informação,,,Emenda Individual - Transferências com Finalidade Definida,Comércio e serviços,Turismo,"14,00","14,00","14,00",https://api.portaldatransparencia.gov.br/api-de-dados/emendas
2014,4208005,Itá,ITABIRA - MG,S/I,Sem informação,,,Emenda Individual - Transferências com Finalidade Definida,Saúde,Administração geral,"141.800,00","0,00","0,00",https://api.portaldatransparencia.gov.br/api-de-dados/emendas
2014,4208005,Itá,HUMAITÁ - RS,S/I,Sem informação,,,Emenda Individual - Transferências com Finalidade Definida,Agricultura,Promoção da produção agropecuária,"144.300,00","144.300,00","0,00",https://api.portaldatransparencia.gov.br/api-de-dados/emendas
2014,4208005,Itá,LAGOA DE ITAENGA - PE,S/I,Sem informação,,,Emenda Individual - Transferências com Finalidade Definida,Saúde,Atenção básica,"146.000,00","0,00","0,00",https://api.portaldatransparencia.gov.br/api-de-dados/emendas
2014,4208005,Itá,SÃO JOÃO DO ITAPERIÚ - SC,S/I,Sem informação,,,Emenda Individual - Transferências com Finalidade Definida,Agricultura,Promoção da produção agropecuária,"146.250,00","0,00","0,00",https://api.portaldatransparencia.gov.br/api-de-dados/emendas
2014,4208005,Itá,ITAPEMIRIM - ES,S/I,Sem informação,,,Emenda Individual - Transferências com Finalidade Definida,Agricultura,Promoção da produção agropecuária,"146.250,00","0,00","0,00",https://api.portaldatransparencia.gov.br/api-de-dados/emendas
2014,4208005,Itá,ITAJÁ - GO,S/I,Sem informação,,,Emenda Individual - Transferências com Finalidade Definida,Agricultura,Promoção da produção agropecuária,"146.250,00","0,00","0,00",https://api.portaldatransparencia.gov.br/api-de-dados/emendas
2014,4208005,Itá,PITANGUEIRAS - SP,S/I,Sem informação,,,Emenda Individual - Transferências com Finalidade Definida,Saúde,Atenção básica,"146.565,00","0,00","0,00",https://api.portaldatransparencia.gov.br/api-de-dados/emendas
2014,4208005,Itá,ITAJÁ - GO,S/I,Sem informação,,,Emenda Individual - Transferências com Finalidade Definida,Educação,Transferências para a educação básica,"147.500,00","0,00","0,00",https://api.portaldatransparencia.gov.br/api-de-dados/emendas
2014,4208005,Itá,ITABIRINHA - MG,S/I,Sem informação,,,Emenda Individual - Transferências com Finalidade Definida,Educação,Transferências para a educação básica,"148.900,00","0,00","0,00",https://api.portaldatransparencia.gov.br/api-de-dados/emendas
2014,4208005,Itá,ITAPEMA - SC,S/I,Sem informação,,,Emenda Individual - Transferências com Finalidade Definida,Educação,Transferências para a educação básica,"148.900,00","0,00","0,00",https://api.portaldatransparencia.gov.br/api-de-dados/emendas
2014,4208005,Itá,ITANHANGÁ - MT,S/I,Sem informação,,,Emenda Individual - Transferências com Finalidade Definida,Saúde,Atenção básica,"149.150,00","0,00","0,00",https://api.portaldatransparencia.gov.br/api-de-dados/emendas
2014,4208005,Itá,ITAPEVA - MG,S/I,Sem informação,,,Emenda Individual - Transferências com Finalidade Definida,Saúde,Atenção básica,"149.864,00","0,00","0,00",https://api.portaldatransparencia.gov.br/api-de-dados/emendas
2014,4208005,Itá,SANTA TEREZINHA DE ITAIPU - PR,S/I,Sem informação,,,Emenda Individual - Transferências com Finalidade Definida,Saúde,Assistência hospitalar e ambulatorial,"149.950,00","0,00","0,00",https://api.portaldatransparencia.gov.br/api-de-dados/emendas
2014,4208005,Itá,ITAÓCA - SP,S/I,Sem informação,,,Emenda Individual - Transferências com Finalidade Definida,Saúde,Administração geral,"15,00","0,00","0,00",https://api.portaldatransparencia.gov.br/api-de-dados/emendas
2014,4208005,Itá,MOITA BONITA - SE,S/I,Sem informação,,,Emenda Individual - Transferências com Finalidade Definida,Saúde,Atenção básica,"150.000,00","0,00","0,00",https://api.portaldatransparencia.gov.br/api-de-dados/emendas
2014,4208005,Itá,JÚLIO MESQUITA - SP,S/I,Sem informação,,,Emenda Individual - Transferências com Finalidade Definida,Saúde,Administração geral,"15,00","0,00","0,00",https://api.portaldatransparencia.gov.br/api-de-dados/emendas
2014,4208005,Itá,PALMITAL - SP,S/I,Sem informação,,,Emenda Individual - Transferências com Finalidade Definida,Saúde,Administração geral,"15,00","0,00","0,00",https://api.portaldatransparencia.gov.br/api-de-dados/emendas
2014,4208005,Itá,ITAUEIRA - PI,S/I,Sem informação,,,Emenda Individual - Transferências com Finalidade Definida,Saúde,Administração geral,"15,00","0,00","0,00",https://api.portaldatransparencia.gov.br/api-de-dados/emendas
2014,4208005,Itá,SANTA LUZIA DO ITANHY - SE,S/I,Sem informação,,,Emenda Individual - Transferências com Finalidade Definida,Saúde,Atenção básica,"15,00","0,00","0,00",https://api.portaldatransparencia.gov.br/api-de-dados/emendas
2014,4208005,Itá,ITARARÉ - SP,S/I,Sem informação,,,Emenda Individual - Transferências com Finalidade Definida,Saúde,Atenção básica,"15,00","0,00","0,00",https://api.portaldatransparencia.gov.br/api-de-dados/emendas
2014,4208005,Itá,PRANCHITA - PR,S/I,Sem informação,,,Emenda Individual - Transferências com Finalidade Definida,Saúde,Assistência hospitalar e ambulatorial,"15,00","0,00","0,00",https://api.portaldatransparencia.gov.br/api-de-dados/emendas
2014,4208005,Itá,BARRA BONITA - SP,S/I,Sem informação,,,Emenda Individual - Transferências com Finalidade Definida,Saúde,Administração geral,"150.000,00","0,00","0,00",https://api.portaldatransparencia.gov.br/api-de-dados/emendas
2014,4208005,Itá,ITAÓCA - SP,S/I,Sem informação,,,Emenda Individual - Transferências com Finalidade Definida,Organização agrária,Ordenamento territorial,"15,00","0,00","0,00",https://api.portaldatransparencia.gov.br/api-de-dados/emendas
2014,4208005,Itá,SANTA RITA DO ARAGUAIA - GO,S/I,Sem informação,,,Emenda Individual - Transferências com Finalidade Definida,Educação,Transferências para a educação básica,"15,00","0,00","0,00",https://api.portaldatransparencia.gov.br/api-de-dados/emendas
2014,4208005,Itá,PITANGA - PR,S/I,Sem informação,,,Emenda Individual - Transferências com Finalidade Definida,Saúde,Atenção básica,"15,00","0,00","0,00",https://api.portaldatransparencia.gov.br/api-de-dados/emendas
2014,4208005,Itá,ITAQUAQUECETUBA - SP,S/I,Sem informação,,,Emenda Individual - Transferências com Finalidade Definida,Cultura,Difusão cultural,"15,00","0,00","0,00",https://api.portaldatransparencia.gov.br/api-de-dados/emendas
2014,4208005,Itá,ITAPURANGA - GO,S/I,Sem informação,,,Emenda Individual - Transferências com Finalidade Definida,Saúde,Assistência hospitalar e ambulatorial,"15,00","0,00","0,00",https://api.portaldatransparencia.gov.br/api-de-dados/emendas
2014,4208005,Itá,ITAPEVA - SP,S/I,Sem informação,,,Emenda Individual - Transferências com Finalidade Definida,Educação,Transferências para a educação básica,"150.000,00","0,00","0,00",https://api.portaldatransparencia.gov.br/api-de-dados/emendas
2014,4208005,Itá,SÃO FRANCISCO DE ITABAPOANA - RJ,S/I,Sem informação,,,Emenda Individual - Transferências com Finalidade Definida,Agricultura,Promoção da produção agropecuária,"150.150,00","0,00","0,00",https://api.portaldatransparencia.gov.br/api-de-dados/emendas
2014,4208005,Itá,ITAMBACURI - MG,S/I,Sem informação,,,Emenda Individual - Transferências com Finalidade Definida,Saúde,Atenção básica,"150.523,20","0,00","0,00",https://api.portaldatransparencia.gov.br/api-de-dados/emendas
2014,4208005,Itá,ITAGUARI - GO,S/I,Sem informação,,,Emenda Individual - Transferências com Finalidade Definida,Saúde,Atenção básica,"159.455,00","0,00","0,00",https://api.portaldatransparencia.gov.br/api-de-dados/emendas
2014,4208005,Itá,NOVA GUARITA - MT,S/I,Sem informação,,,Emenda Individual - Transferências com Finalidade Definida,Organização agrária,Ordenamento territorial,"160.000,00","0,00","0,00",https://api.portaldatransparencia.gov.br/api-de-dados/emendas
2014,4208005,Itá,ITAGIMIRIM - BA,S/I,Sem informação,,,Emenda Individual - Transferências com Finalidade Definida,Saúde,Assistência hospitalar e ambulatorial,"162.000,00","0,00","0,00",https://api.portaldatransparencia.gov.br/api-de-dados/emendas
2014,4208005,Itá,VARGEM BONITA - MG,S/I,Sem informação,,,Emenda Individual - Transferências com Finalidade Definida,Saúde,Atenção básica,"180.000,00","0,00","0,00",https://api.portaldatransparencia.gov.br/api-de-dados/emendas
2014,4208005,Itá,ITACAJÁ - TO,S/I,Sem informação,,,Emenda Individual - Transferências com Finalidade Definida,Saúde,Atenção básica,"18,00","0,00","0,00",https://api.portaldatransparencia.gov.br/api-de-dados/emendas
2014,4208005,Itá,ITARARÉ - SP,S/I,Sem informação,,,Emenda Individual - Transferências com Finalidade Definida,Saúde,Administração geral,"183.179,00","0,00","0,00",https://api.portaldatransparencia.gov.br/api-de-dados/emendas
2014,4208005,Itá,ITAJU - SP,S/I,Sem informação,,,Emenda Individual - Transferências com Finalidade Definida,Saúde,Atenção básica,"185.006,00","0,00","0,00",https://api.portaldatransparencia.gov.br/api-de-dados/emendas
2014,4208005,Itá,BARRA BONITA - SP,S/I,Sem informação,,,Emenda Individual - Transferências com Finalidade Definida,Educação,Transferências para a educação básica,"193.000,00","0,00","0,00",https://api.portaldatransparencia.gov.br/api-de-dados/emendas
2014,4208005,Itá,ITAMONTE - MG,S/I,Sem informação,,,Emenda Individual - Transferências com Finalidade Definida,Agricultura,Promoção da produção agropecuária,"195.000,00","0,00","0,00",https://api.portaldatransparencia.gov.br/api-de-dados/emendas
2014,4208005,Itá,ANITÁPOLIS - SC,S/I,Sem informação,,,Emenda Individual - Transferências com Finalidade Definida,Agricultura,Promoção da produção agropecuária,"195.000,00","195.000,00","195.000,00",https://api.portaldatransparencia.gov.br/api-de-dados/emendas
2014,4208005,Itá,ITÁPOLIS - SP,S/I,Sem informação,,,Emenda Individual - Transferências com Finalidade Definida,Agricultura,Promoção da produção agropecuária,"195.000,00","195.000,00","195.000,00",https://api.portaldatransparencia.gov.br/api-de-dados/emendas
2014,4208005,Itá,ITAUÇU - GO,S/I,Sem informação,,,Emenda Individual - Transferências com Finalidade Definida,Agricultura,Promoção da produção agropecuária,"195.000,00","195.000,00","195.000,00",https://api.portaldatransparencia.gov.br/api-de-dados/emendas
2014,4208005,Itá,PALMITAL - PR,S/I,Sem informação,,,Emenda Individual - Transferências com Finalidade Definida,Agricultura,Promoção da produção agropecuária,"195.000,00","195.000,00","195.000,00",https://api.portaldatransparencia.gov.br/api-de-dados/emendas
2014,4208005,Itá,SANTA RITA DE JACUTINGA - MG,S/I,Sem informação,,,Emenda Individual - Transferências com Finalidade Definida,Agricultura,Promoção da produção agropecuária,"195.000,00","0,00","0,00",https://api.portaldatransparencia.gov.br/api-de-dados/emendas
2014,4208005,Itá,PALMITAL - SP,S/I,Sem informação,,,Emenda Individual - Transferências com Finalidade Definida,Agricultura,Promoção da produção agropecuária,"195.000,00","0,00","0,00",https://api.portaldatransparencia.gov.br/api-de-dados/emendas
2014,4208005,Itá,ITATIBA - SP,S/I,Sem informação,,,Emenda Individual - Transferências com Finalidade Definida,Saúde,Assistência hospitalar e ambulatorial,"199.908,00","0,00","0,00",https://api.portaldatransparencia.gov.br/api-de-dados/emendas
2014,4208005,Itá,SANTO ANTÔNIO DO ITAMBÉ - MG,S/I,Sem informação,,,Emenda Individual - Transferências com Finalidade Definida,Saúde,Atenção básica,"199.980,00","0,00","0,00",https://api.portaldatransparencia.gov.br/api-de-dados/emendas
2014,4208005,Itá,HUMAITÁ - RS,S/I,Sem informação,,,Emenda Individual - Transferências com Finalidade Definida,Saúde,Atenção básica,"199.995,00","0,00","0,00",https://api.portaldatransparencia.gov.br/api-de-dados/emendas
2014,4208005,Itá,SANTA RITA DO NOVO DESTINO - GO,S/I,Sem informação,,,Emenda Individual - Transferências com Finalidade Definida,Saúde,Atenção básica,"199.999,83","0,00","0,00",https://api.portaldatransparencia.gov.br/api-de-dados/emendas
2014,4208005,Itá,ITATIBA - SP,S/I,Sem informação,,,Emenda Individual - Transferências com Finalidade Definida,Segurança pública,Policiamento,"20,00","0,00","0,00",https://api.portaldatransparencia.gov.br/api-de-dados/emendas
2014,4208005,Itá,ITARARÉ - SP,S/I,Sem informação,,,Emenda Individual - Transferências com Finalidade Definida,Segurança pública,Policiamento,"20,00","0,00","0,00",https://api.portaldatransparencia.gov.br/api-de-dados/emendas
2014,4208005,Itá,ITAJOBI - SP,S/I,Sem informação,,,Emenda Individual - Transferências com Finalidade Definida,Saúde,Assistência hospitalar e ambulatorial,"20,00","0,00","0,00",https://api.portaldatransparencia.gov.br/api-de-dados/emendas
2014,4208005,Itá,ITATI - RS,S/I,Sem informação,,,Emenda Individual - Transferências com Finalidade Definida,Saúde,Atenção básica,"20,00","0,00","0,00",https://api.portaldatransparencia.gov.br/api-de-dados/emendas
2014,4208005,Itá,ITAPIRANGA - SC,S/I,Sem informação,,,Emenda Individual - Transferências com Finalidade Definida,Saúde,Atenção básica,"20,00","0,00","0,00",https://api.portaldatransparencia.gov.br/api-de-dados/emendas
2014,4208005,Itá,ITAPUÍ - SP,S/I,Sem informação,,,Emenda Individual - Transferências com Finalidade Definida,Saúde,Atenção básica,"20,00","0,00","0,00",https://api.portaldatransparencia.gov.br/api-de-dados/emendas
2014,4208005,Itá,ITARARÉ - SP,S/I,Sem informação,,,Emenda Individual - Transferências com Finalidade Definida,Agricultura,Promoção da produção agropecuária,"20,00","0,00","0,00",https://api.portaldatransparencia.gov.br/api-de-dados/emendas
2014,4208005,Itá,ITAÚNA DO SUL - PR,S/I,Sem informação,,,Emenda Individual - Transferências com Finalidade Definida,Saúde,Assistência hospitalar e ambulatorial,"20,00","0,00","0,00",https://api.portaldatransparencia.gov.br/api-de-dados/emendas
2014,4208005,Itá,ITANHOMI - MG,S/I,Sem informação,,,Emenda Individual - Transferências com Finalidade Definida,Saúde,Atenção básica,"20,00","0,00","0,00",https://api.portaldatransparencia.gov.br/api-de-dados/emendas
2014,4208005,Itá,ITAPÉ - BA,S/I,Sem informação,,,Emenda Individual - Transferências com Finalidade Definida,Saúde,Atenção básica,"20,00","0,00","0,00",https://api.portaldatransparencia.gov.br/api-de-dados/emendas
2014,4208005,Itá,ITABAIANINHA - SE,S/I,Sem informação,,,Emenda Individual - Transferências com Finalidade Definida,Saúde,Administração geral,"20,00","0,00","0,00",https://api.portaldatransparencia.gov.br/api-de-dados/emendas
2014,4208005,Itá,ITAMBACURI - MG,S/I,Sem informação,,,Emenda Individual - Transferências com Finalidade Definida,Saúde,Assistência hospitalar e ambulatorial,"200.000,00","0,00","0,00",https://api.portaldatransparencia.gov.br/api-de-dados/emendas
2014,4208005,Itá,ITAMARATI - AM,S/I,Sem informação,,,Emenda Individual - Transferências com Finalidade Definida,Saúde,Administração geral,"20,00","0,00","0,00",https://api.portaldatransparencia.gov.br/api-de-dados/emendas
2014,4208005,Itá,VARGEM BONITA - SC,S/I,Sem informação,,,Emenda Individual - Transferências com Finalidade Definida,Organização agrária,Ordenamento territorial,"20,00","0,00","0,00",https://api.portaldatransparencia.gov.br/api-de-dados/emendas
2014,4208005,Itá,ANITÁPOLIS - SC,S/I,Sem informação,,,Emenda Individual - Transferências com Finalidade Definida,Saúde,Atenção básica,"200.269,43","0,00","0,00",https://api.portaldatransparencia.gov.br/api-de-dados/emendas
2014,4208005,Itá,PRESIDENTE EPITÁCIO - SP,S/I,Sem informação,,,Emenda Individual - Transferências com Finalidade Definida,Saúde,Atenção básica,"214.400,00","0,00","0,00",https://api.portaldatransparencia.gov.br/api-de-dados/emendas
2014,4208005,Itá,ITAMOGI - MG,S/I,Sem informação,,,Emenda Individual - Transferências com Finalidade Definida,Saúde,Atenção básica,"215.656,00","0,00","0,00",https://api.portaldatransparencia.gov.br/api-de-dados/emendas
2014,4208005,Itá,ITABAIANA - PB,S/I,Sem informação,,,Emenda Individual - Transferências com Finalidade Definida,Saúde,Administração geral,"216.803,00","0,00","0,00",https://api.portaldatransparencia.gov.br/api-de-dados/emendas
2014,4208005,Itá,ONÇA DE PITANGUI - MG,S/I,Sem informação,,,Emenda Individual - Transferências com Finalidade Definida,Saúde,Atenção básica,"22,00","0,00","0,00",https://api.portaldatransparencia.gov.br/api-de-dados/emendas
2014,4208005,Itá,JESUÍTAS - PR,S/I,Sem informação,,,Emenda Individual - Transferências com Finalidade Definida,Saúde,Atenção básica,"223.600,00","0,00","0,00",https://api.portaldatransparencia.gov.br/api-de-dados/emendas
2014,4208005,Itá,ITAÍ - SP,S/I,Sem informação,,,Emenda Individual - Transferências com Finalidade Definida,Saúde,Atenção básica,"226.000,00","0,00","0,00",https://api.portaldatransparencia.gov.br/api-de-dados/emendas
2014,4208005,Itá,ITATIBA DO SUL - RS,S/I,Sem informação,,,Emenda Individual - Transferências com Finalidade Definida,Organização agrária,Ordenamento territorial,"23,00","0,00","0,00",https://api.portaldatransparencia.gov.br/api-de-dados/emendas
2014,4208005,Itá,ITAJUBÁ - MG,S/I,Sem informação,,,Emenda Individual - Transferências com Finalidade Definida,Saúde,Atenção básica,"233.600,00","0,00","0,00",https://api.portaldatransparencia.gov.br/api-de-dados/emendas
2014,4208005,Itá,ITAGUAJÉ - PR,S/I,Sem informação,,,Emenda Individual - Transferências com Finalidade Definida,Saúde,Atenção básica,"234.345,00","0,00","0,00",https://api.portaldatransparencia.gov.br/api-de-dados/emendas
2014,4208005,Itá,ITAPIRATINS - TO,S/I,Sem informação,,,Emenda Individual - Transferências com Finalidade Definida,Saúde,Atenção básica,"235.215,00","0,00","0,00",https://api.portaldatransparencia.gov.br/api-de-dados/emendas
2014,4208005,Itá,PITANGUEIRAS - PR,S/I,Sem informação,,,Emenda Individual - Transferências com Finalidade Definida,Agricultura,Promoção da produção agropecuária,"236.925,00","236.925,00","236.925,00",https://api.portaldatransparencia.gov.br/api-de-dados/emendas
2014,4208005,Itá,PITANGUI - MG,S/I,Sem informação,,,Emenda Individual - Transferências com Finalidade Definida,Assistência social,Assistência comunitária,"241.889,00","241.889,00","241.889,00",https://api.portaldatransparencia.gov.br/api-de-dados/emendas
2014,4208005,Itá,ITANHAÉM - SP,S/I,Sem informação,,,Emenda Individual - Transferências com Finalidade Definida,Comércio e serviços,Turismo,"243.750,00","0,00","0,00",https://api.portaldatransparencia.gov.br/api-de-dados/emendas
2014,4208005,Itá,ITAPUCA - RS,S/I,Sem informação,,,Emenda Individual - Transferências com Finalidade Definida,Desporto e lazer,Desporto comunitário,"243.750,00","0,00","0,00",https://api.portaldatransparencia.gov.br/api-de-dados/emendas
2014,4208005,Itá,ITANHÉM - BA,S/I,Sem informação,,,Emenda Individual - Transferências com Finalidade Definida,Comércio e serviços,Turismo,"243.750,00","0,00","0,00",https://api.portaldatransparencia.gov.br/api-de-dados/emendas
2014,4208005,Itá,CANITAR - SP,S/I,Sem informação,,,Emenda Individual - Transferências com Finalidade Definida,Desporto e lazer,Desporto comunitário,"243.750,00","0,00","0,00",https://api.portaldatransparencia.gov.br/api-de-dados/emendas
2014,4208005,Itá,ITAQUI - RS,S/I,Sem informação,,,Emenda Individual - Transferências com Finalidade Definida,Comércio e serviços,Turismo,"243.750,00","0,00","0,00",https://api.portaldatransparencia.gov.br/api-de-dados/emendas
2014,4208005,Itá,PARANAÍTA - MT,S/I,Sem informação,,,Emenda Individual - Transferências com Finalidade Definida,Comércio e serviços,Turismo,"243.750,00","0,00","0,00",https://api.portaldatransparencia.gov.br/api-de-dados/emendas
2014,4208005,Itá,ITAGUAJÉ - PR,S/I,Sem informação,,,Emenda Individual - Transferências com Finalidade Definida,Comércio e serviços,Turismo,"243.750,00","0,00","0,00",https://api.portaldatransparencia.gov.br/api-de-dados/emendas
2014,4208005,Itá,SANTANA DO ITARARÉ - PR,S/I,Sem informação,,,Emenda Individual - Transferências com Finalidade Definida,Comércio e serviços,Turismo,"243.750,00","0,00","0,00",https://api.portaldatransparencia.gov.br/api-de-dados/emendas
2014,4208005,Itá,SANTA RITA DO TOCANTINS - TO,S/I,Sem informação,,,Emenda Individual - Transferências com Finalidade Definida,Agricultura,Promoção da produção agropecuária,"243.750,00","0,00","0,00",https://api.portaldatransparencia.gov.br/api-de-dados/emendas
2014,4208005,Itá,CAPITÃO LEÔNIDAS MARQUES - PR,S/I,Sem informação,,,Emenda Individual - Transferências com Finalidade Definida,Comércio e serviços,Turismo,"243.750,00","0,00","0,00",https://api.portaldatransparencia.gov.br/api-de-dados/emendas
2014,4208005,Itá,ITABERABA - BA,S/I,Sem informação,,,Emenda Individual - Transferências com Finalidade Definida,Desporto e lazer,Desporto comunitário,"243.750,00","0,00","0,00",https://api.portaldatransparencia.gov.br/api-de-dados/emendas
2014,4208005,Itá,VARGEM BONITA - MG,S/I,Sem informação,,,Emenda Individual - Transferências com Finalidade Definida,Comércio e serviços,Turismo,"243.750,00","0,00","0,00",https://api.portaldatransparencia.gov.br/api-de-dados/emendas
2014,4208005,Itá,SANTA LUZIA DO ITANHY - SE,S/I,Sem informação,,,Emenda Individual - Transferências com Finalidade Definida,Organização agrária,Ordenamento territorial,"243.750,00","0,00","0,00",https://api.portaldatransparencia.gov.br/api-de-dados/emendas
2014,4208005,Itá,ITAPURANGA - GO,S/I,Sem informação,,,Emenda Individual - Transferências com Finalidade Definida,Comércio e serviços,Turismo,"243.750,00","0,00","0,00",https://api.portaldatransparencia.gov.br/api-de-dados/emendas
2014,4208005,Itá,ITATIBA DO SUL - RS,S/I,Sem informação,,,Emenda Individual - Transferências com Finalidade Definida,Desporto e lazer,Desporto comunitário,"243.750,00","0,00","0,00",https://api.portaldatransparencia.gov.br/api-de-dados/emendas
2014,4208005,Itá,ITABAIANINHA - SE,S/I,Sem informação,,,Emenda Individual - Transferências com Finalidade Definida,Desporto e lazer,Desporto comunitário,"243.750,00","0,00","0,00",https://api.portaldatransparencia.gov.br/api-de-dados/emendas
2014,4208005,Itá,ITAMBÉ - PR,S/I,Sem informação,,,Emenda Individual - Transferências com Finalidade Definida,Comércio e serviços,Turismo,"243.750,00","0,00","0,00",https://api.portaldatransparencia.gov.br/api-de-dados/emendas
2014,4208005,Itá,ITAPORÃ - MS,S/I,Sem informação,,,Emenda Individual - Transferências com Finalidade Definida,Comércio e serviços,Turismo,"243.750,00","0,00","0,00",https://api.portaldatransparencia.gov.br/api-de-dados/emendas
2014,4208005,Itá,ITAÚ DE MINAS - MG,S/I,Sem informação,,,Emenda Individual - Transferências com Finalidade Definida,Comércio e serviços,Turismo,"243.750,00","0,00","0,00",https://api.portaldatransparencia.gov.br/api-de-dados/emendas
2014,4208005,Itá,ITAMBACURI - MG,S/I,Sem informação,,,Emenda Individual - Transferências com Finalidade Definida,Desporto e lazer,Desporto comunitário,"243.750,00","0,00","0,00",https://api.portaldatransparencia.gov.br/api-de-dados/emendas
2014,4208005,Itá,ITAIÇABA - CE,S/I,Sem informação,,,Emenda Individual - Transferências com Finalidade Definida,Comércio e serviços,Turismo,"243.750,00","0,00","0,00",https://api.portaldatransparencia.gov.br/api-de-dados/emendas
2014,4208005,Itá,ITAJÁ - RN,S/I,Sem informação,,,Emenda Individual - Transferências com Finalidade Definida,Desporto e lazer,Desporto comunitário,"243.750,00","0,00","0,00",https://api.portaldatransparencia.gov.br/api-de-dados/emendas
2014,4208005,Itá,SANTA RITA DE IBITIPOCA - MG,S/I,Sem informação,,,Emenda Individual - Transferências com Finalidade Definida,Desporto e lazer,Desporto comunitário,"243.750,00","0,00","0,00",https://api.portaldatransparencia.gov.br/api-de-dados/emendas
2014,4208005,Itá,PITANGUEIRAS - PR,S/I,Sem informação,,,Emenda Individual - Transferências com Finalidade Definida,Educação,Transferências para a educação básica,"243.901,69","0,00","0,00",https://api.portaldatransparencia.gov.br/api-de-dados/emendas
2014,4208005,Itá,ITAPECURU MIRIM - MA,S/I,Sem informação,,,Emenda Individual - Transferências com Finalidade Definida,Educação,Transferências para a educação básica,"244.500,00","0,00","0,00",https://api.portaldatransparencia.gov.br/api-de-dados/emendas
2014,4208005,Itá,ITABIRITO - MG,S/I,Sem informação,,,Emenda Individual - Transferências com Finalidade Definida,Urbanismo,infra-estrutura urbana,"245.850,00","0,00","0,00",https://api.portaldatransparencia.gov.br/api-de-dados/emendas
2014,4208005,Itá,IBIRAPUITÃ - RS,S/I,Sem informação,,,Emenda Individual - Transferências com Finalidade Definida,Urbanismo,infra-estrutura urbana,"245.850,00","0,00","0,00",https://api.portaldatransparencia.gov.br/api-de-dados/emendas
2014,4208005,Itá,VARGEM BONITA - MG,S/I,Sem informação,,,Emenda Individual - Transferências com Finalidade Definida,Urbanismo,infra-estrutura urbana,"245.850,00","0,00","0,00",https://api.portaldatransparencia.gov.br/api-de-dados/emendas
2014,4208005,Itá,ITATIBA DO SUL - RS,S/I,Sem informação,,,Emenda Individual - Transferências com Finalidade Definida,Urbanismo,infra-estrutura urbana,"245.850,00","0,00","0,00",https://api.portaldatransparencia.gov.br/api-de-dados/emendas
2014,4208005,Itá,ITAPECERICA - MG,S/I,Sem informação,,,Emenda Individual - Transferências com Finalidade Definida,Urbanismo,infra-estrutura urbana,"245.850,00","0,00","0,00",https://api.portaldatransparencia.gov.br/api-de-dados/emendas
2014,4208005,Itá,ITAÚBA - MT,S/I,Sem informação,,,Emenda Individual - Transferências com Finalidade Definida,Urbanismo,infra-estrutura urbana,"245.850,00","0,00","0,00",https://api.portaldatransparencia.gov.br/api-de-dados/emendas
2014,4208005,Itá,SANTA LUZIA DO ITANHY - SE,S/I,Sem informação,,,Emenda Individual - Transferências com Finalidade Definida,Urbanismo,infra-estrutura urbana,"245.850,00","0,00","0,00",https://api.portaldatransparencia.gov.br/api-de-dados/emendas
2014,4208005,Itá,ITAPEMA - SC,S/I,Sem informação,,,Emenda Individual - Transferências com Finalidade Definida,Urbanismo,infra-estrutura urbana,"245.850,00","0,00","0,00",https://api.portaldatransparencia.gov.br/api-de-dados/emendas
2014,4208005,Itá,JÚLIO MESQUITA - SP,S/I,Sem informação,,,Emenda Individual - Transferências com Finalidade Definida,Urbanismo,infra-estrutura urbana,"245.850,00","0,00","0,00",https://api.portaldatransparencia.gov.br/api-de-dados/emendas
2014,4208005,Itá,PRESIDENTE EPITÁCIO - SP,S/I,Sem informação,,,Emenda Individual - Transferências com Finalidade Definida,Urbanismo,infra-estrutura urbana,"245.850,00","0,00","0,00",https://api.portaldatransparencia.gov.br/api-de-dados/emendas
2014,4208005,Itá,ANITA GARIBALDI - SC,S/I,Sem informação,,,Emenda Individual - Transferências com Finalidade Definida,Urbanismo,infra-estrutura urbana,"245.850,00","0,00","0,00",https://api.portaldatransparencia.gov.br/api-de-dados/emendas
2014,4208005,Itá,ITABAIANINHA - SE,S/I,Sem informação,,,Emenda Individual - Transferências com Finalidade Definida,Urbanismo,infra-estrutura urbana,"245.850,00","0,00","0,00",https://api.portaldatransparencia.gov.br/api-de-dados/emendas
2014,4208005,Itá,BARRA DO GUARITA - RS,S/I,Sem informação,,,Emenda Individual - Transferências com Finalidade Definida,Urbanismo,infra-estrutura urbana,"245.850,00","0,00","0,00",https://api.portaldatransparencia.gov.br/api-de-dados/emendas
2014,4208005,Itá,SALTO DO ITARARÉ - PR,S/I,Sem informação,,,Emenda Individual - Transferências com Finalidade Definida,Urbanismo,infra-estrutura urbana,"245.850,00","0,00","0,00",https://api.portaldatransparencia.gov.br/api-de-dados/emendas
2014,4208005,Itá,ITACAJÁ - TO,S/I,Sem informação,,,Emenda Individual - Transferências com Finalidade Definida,Urbanismo,infra-estrutura urbana,"245.850,00","0,00","0,00",https://api.portaldatransparencia.gov.br/api-de-dados/emendas
2014,4208005,Itá,ITAPERUÇU - PR,S/I,Sem informação,,,Emenda Individual - Transferências com Finalidade Definida,Urbanismo,infra-estrutura urbana,"245.850,00","0,00","0,00",https://api.portaldatransparencia.gov.br/api-de-dados/emendas
2014,4208005,Itá,ANITÁPOLIS - SC,S/I,Sem informação,,,Emenda Individual - Transferências com Finalidade Definida,Urbanismo,infra-estrutura urbana,"245.850,00","0,00","0,00",https://api.portaldatransparencia.gov.br/api-de-dados/emendas
2014,4208005,Itá,ITANHÉM - BA,S/I,Sem informação,,,Emenda Individual - Transferências com Finalidade Definida,Urbanismo,infra-estrutura urbana,"245.850,00","0,00","0,00",https://api.portaldatransparencia.gov.br/api-de-dados/emendas
2014,4208005,Itá,ITAGUAÇU DA BAHIA - BA,S/I,Sem informação,,,Emenda Individual - Transferências com Finalidade Definida,Urbanismo,infra-estrutura urbana,"245.850,00","0,00","0,00",https://api.portaldatransparencia.gov.br/api-de-dados/emendas
2014,4208005,Itá,ITARIRI - SP,S/I,Sem informação,,,Emenda Individual - Transferências com Finalidade Definida,Urbanismo,infra-estrutura urbana,"245.850,00","0,00","0,00",https://api.portaldatransparencia.gov.br/api-de-dados/emendas
2014,4208005,Itá,ITAJUÍPE - BA,S/I,Sem informação,,,Emenda Individual - Transferências com Finalidade Definida,Saúde,Atenção básica,"247.640,00","0,00","0,00",https://api.portaldatransparencia.gov.br/api-de-dados/emendas
2014,4208005,Itá,ITAUÇU - GO,S/I,Sem informação,,,Emenda Individual - Transferências com Finalidade Definida,Saúde,Atenção básica,"248.250,00","0,00","0,00",https://api.portaldatransparencia.gov.br/api-de-dados/emendas
2014,4208005,Itá,ITAMBÉ - BA,S/I,Sem informação,,,Emenda Individual - Transferências com Finalidade Definida,Saúde,Atenção básica,"249.900,00","0,00","0,00",https://api.portaldatransparencia.gov.br/api-de-dados/emendas
2014,4208005,Itá,ITAPEVI - SP,S/I,Sem informação,,,Emenda Individual - Transferências com Finalidade Definida,Saúde,Assistência hospitalar e ambulatorial,"249.960,00","0,00","0,00",https://api.portaldatransparencia.gov.br/api-de-dados/emendas
2014,4208005,Itá,ILHA DE ITAMARACÁ - PE,S/I,Sem informação,,,Emenda Individual - Transferências com Finalidade Definida,Saúde,Atenção básica,"249.980,00","0,00","0,00",https://api.portaldatransparencia.gov.br/api-de-dados/emendas
2014,4208005,Itá,QUITANDINHA - PR,S/I,Sem informação,,,Emenda Individual - Transferências com Finalidade Definida,Saúde,Saneamento básico rural,"25,00","0,00","0,00",https://api.portaldatransparencia.gov.br/api-de-dados/emendas
2014,4208005,Itá,PRANCHITA - PR,S/I,Sem informação,,,Emenda Individual - Transferências com Finalidade Definida,Saúde,Atenção básica,"25,00","0,00","0,00",https://api.portaldatransparencia.gov.br/api-de-dados/emendas
2014,4208005,Itá,NOVA SANTA RITA - RS,S/I,Sem informação,,,Emenda Individual - Transferências com Finalidade Definida,Saúde,Atenção básica,"25,00","0,00","0,00",https://api.portaldatransparencia.gov.br/api-de-dados/emendas
2014,4208005,Itá,ARACITABA - MG,S/I,Sem informação,,,Emenda Individual - Transferências com Finalidade Definida,Saúde,Atenção básica,"25,00","0,00","0,00",https://api.portaldatransparencia.gov.br/api-de-dados/emendas
2014,4208005,Itá,ITAPIÚNA - CE,S/I,Sem informação,,,Emenda Individual - Transferências com Finalidade Definida,Saúde,Assistência hospitalar e ambulatorial,"25,00","0,00","0,00",https://api.portaldatransparencia.gov.br/api-de-dados/emendas
2014,4208005,Itá,ITAMBÉ - PR,S/I,Sem informação,,,Emenda Individual - Transferências com Finalidade Definida,Saúde,Assistência hospitalar e ambulatorial,"25,00","0,00","0,00",https://api.portaldatransparencia.gov.br/api-de-dados/emendas
2014,4208005,Itá,ITARANTIM - BA,S/I,Sem informação,,,Emenda Individual - Transferências com Finalidade Definida,Saúde,Assistência hospitalar e ambulatorial,"25,00","0,00","0,00",https://api.portaldatransparencia.gov.br/api-de-dados/emendas
2014,4208005,Itá,EPITACIOLÂNDIA - AC,S/I,Sem informação,,,Emenda Individual - Transferências com Finalidade Definida,Saúde,Saneamento básico urbano,"25,00","0,00","0,00",https://api.portaldatransparencia.gov.br/api-de-dados/emendas
2014,4208005,Itá,ITAMBARACÁ - PR,S/I,Sem informação,,,Emenda Individual - Transferências com Finalidade Definida,Saúde,Administração geral,"25,00","0,00","0,00",https://api.portaldatransparencia.gov.br/api-de-dados/emendas
2014,4208005,Itá,ITARIRI - SP,S/I,Sem informação,,,Emenda Individual - Transferências com Finalidade Definida,Saúde,Assistência hospitalar e ambulatorial,"25,00","0,00","0,00",https://api.portaldatransparencia.gov.br/api-de-dados/emendas
2014,4208005,Itá,ITAPEVA - SP,S/I,Sem informação,,,Emenda Individual - Transferências com Finalidade Definida,Cultura,"Patrimônio histórico, artístico e arqueológico","25,00","0,00","0,00",https://api.portaldatransparencia.gov.br/api-de-dados/emendas
2014,4208005,Itá,ITAETÉ - BA,S/I,Sem informação,,,Emenda Individual - Transferências com Finalidade Definida,Saúde,Atenção básica,"25,00","0,00","0,00",https://api.portaldatransparencia.gov.br/api-de-dados/emendas
2014,4208005,Itá,ITAJUÍPE - BA,S/I,Sem informação,,,Emenda Individual - Transferências com Finalidade Definida,Cultura,"Patrimônio histórico, artístico e arqueológico","25,00","0,00","0,00",https://api.portaldatransparencia.gov.br/api-de-dados/emendas
2014,4208005,Itá,SANTA RITA DE JACUTINGA - MG,S/I,Sem informação,,,Emenda Individual - Transferências com Finalidade Definida,Educação,Educação básica,"25,00","0,00","0,00",https://api.portaldatransparencia.gov.br/api-de-dados/emendas
2014,4208005,Itá,ITAGIMIRIM - BA,S/I,Sem informação,,,Emenda Individual - Transferências com Finalidade Definida,Saúde,Saneamento básico urbano,"250.000,00","0,00","0,00",https://api.portaldatransparencia.gov.br/api-de-dados/emendas
2014,4208005,Itá,ITAPIRAPUÃ - GO,S/I,Sem informação,,,Emenda Individual - Transferências com Finalidade Definida,Saúde,Assistência hospitalar e ambulatorial,"250.000,00","0,00","0,00",https://api.portaldatransparencia.gov.br/api-de-dados/emendas
2014,4208005,Itá,ITATIAIA - RJ,S/I,Sem informação,,,Emenda Individual - Transferências com Finalidade Definida,Desporto e lazer,Desporto comunitário,"25,00","0,00","0,00",https://api.portaldatransparencia.gov.br/api-de-dados/emendas
2014,4208005,Itá,ITAPETIM - PE,S/I,Sem informação,,,Emenda Individual - Transferências com Finalidade Definida,Urbanismo,Assistência comunitária,"25,00","0,00","0,00",https://api.portaldatransparencia.gov.br/api-de-dados/emendas
2014,4208005,Itá,TEIXEIRA DE FREITAS - BA,S/I,Sem informação,,,Emenda Individual - Transferências com Finalidade Definida,Educação,Transferências para a educação básica,"25,00","0,00","0,00",https://api.portaldatransparencia.gov.br/api-de-dados/emendas
2014,4208005,Itá,BARRA BONITA - SP,S/I,Sem informação,,,Emenda Individual - Transferências com Finalidade Definida,Urbanismo,infra-estrutura urbana,"250.795,00","0,00","0,00",https://api.portaldatransparencia.gov.br/api-de-dados/emendas
2014,4208005,Itá,ITAJU - SP,S/I,Sem informação,,,Emenda Individual - Transferências com Finalidade Definida,Desporto e lazer,Desporto comunitário,"253.500,00","0,00","0,00",https://api.portaldatransparencia.gov.br/api-de-dados/emendas
2014,4208005,Itá,RUBELITA - MG,S/I,Sem informação,,,Emenda Individual - Transferências com Finalidade Definida,Desporto e lazer,Desporto comunitário,"253.500,00","0,00","0,00",https://api.portaldatransparencia.gov.br/api-de-dados/emendas
2014,4208005,Itá,BOM SUCESSO DE ITARARÉ - SP,S/I,Sem informação,,,Emenda Individual - Transferências com Finalidade Definida,Urbanismo,infra-estrutura urbana,"255.740,00","0,00","0,00",https://api.portaldatransparencia.gov.br/api-de-dados/emendas
2014,4208005,Itá,ITABERÁ - SP,S/I,Sem informação,,,Emenda Individual - Transferências com Finalidade Definida,Urbanismo,infra-estrutura urbana,"255.740,00","0,00","0,00",https://api.portaldatransparencia.gov.br/api-de-dados/emendas
2014,4208005,Itá,ITAQUAQUECETUBA - SP,S/I,Sem informação,,,Emenda Individual - Transferências com Finalidade Definida,Saúde,Administração geral,"260.000,00","0,00","0,00",https://api.portaldatransparencia.gov.br/api-de-dados/emendas
2014,4208005,Itá,ITAPAGÉ - CE,S/I,Sem informação,,,Emenda Individual - Transferências com Finalidade Definida,Desporto e lazer,Desporto comunitário,"263.250,00","0,00","0,00",https://api.portaldatransparencia.gov.br/api-de-dados/emendas
2014,4208005,Itá,ITABAIANINHA - SE,S/I,Sem informação,,,Emenda Individual - Transferências com Finalidade Definida,Saúde,Atenção básica,"266.282,00","0,00","0,00",https://api.portaldatransparencia.gov.br/api-de-dados/emendas
2014,4208005,Itá,TEIXEIRA DE FREITAS - BA,S/I,Sem informação,,,Emenda Individual - Transferências com Finalidade Definida,Desporto e lazer,Desporto comunitário,"273.000,00","0,00","0,00",https://api.portaldatransparencia.gov.br/api-de-dados/emendas
2014,4208005,Itá,CAPITÃO GERVÁSIO OLIVEIRA - PI,S/I,Sem informação,,,Emenda Individual - Transferências com Finalidade Definida,Urbanismo,Assistência comunitária,"276.432,90","276.432,90","0,00",https://api.portaldatransparencia.gov.br/api-de-dados/emendas
2014,4208005,Itá,HUMAITÁ - AM,S/I,Sem informação,,,Emenda Individual - Transferências com Finalidade Definida,Saúde,Atenção básica,"284.900,00","0,00","0,00",https://api.portaldatransparencia.gov.br/api-de-dados/emendas
2014,4208005,Itá,ITAPORÃ DO TOCANTINS - TO,S/I,Sem informação,,,Emenda Individual - Transferências com Finalidade Definida,Saúde,Atenção básica,"285.185,00","0,00","0,00",https://api.portaldatransparencia.gov.br/api-de-dados/emendas
2014,4208005,Itá,ITAMBÉ - PR,S/I,Sem informação,,,Emenda Individual - Transferências com Finalidade Definida,Urbanismo,infra-estrutura urbana,"288.377,00","0,00","0,00",https://api.portaldatransparencia.gov.br/api-de-dados/emendas
2014,4208005,Itá,CAPITÃO ANDRADE - MG,S/I,Sem informação,,,Emenda Individual - Transferências com Finalidade Definida,Urbanismo,infra-estrutura urbana,"288.377,00","0,00","0,00",https://api.portaldatransparencia.gov.br/api-de-dados/emendas
2014,4208005,Itá,ITABERAÍ - GO,S/I,Sem informação,,,Emenda Individual - Transferências com Finalidade Definida,Agricultura,Promoção da produção agropecuária,"292.500,00","0,00","0,00",https://api.portaldatransparencia.gov.br/api-de-dados/emendas
2014,4208005,Itá,GUARAÍTA - GO,S/I,Sem informação,,,Emenda Individual - Transferências com Finalidade Definida,Comércio e serviços,Turismo,"292.500,00","0,00","0,00",https://api.portaldatransparencia.gov.br/api-de-dados/emendas
2014,4208005,Itá,ITAGUAÇU - ES,S/I,Sem informação,,,Emenda Individual - Transferências com Finalidade Definida,Comércio e serviços,Turismo,"292.500,00","0,00","0,00",https://api.portaldatransparencia.gov.br/api-de-dados/emendas
2014,4208005,Itá,ITANHANDU - MG,S/I,Sem informação,,,Emenda Individual - Transferências com Finalidade Definida,Agricultura,Promoção da produção agropecuária,"292.500,00","0,00","0,00",https://api.portaldatransparencia.gov.br/api-de-dados/emendas
2014,4208005,Itá,ITAPIRAPUÃ - GO,S/I,Sem informação,,,Emenda Individual - Transferências com Finalidade Definida,Agricultura,Promoção da produção agropecuária,"292.500,00","292.500,00","292.500,00",https://api.portaldatransparencia.gov.br/api-de-dados/emendas
2014,4208005,Itá,ITAPAGÉ - CE,S/I,Sem informação,,,Emenda Individual - Transferências com Finalidade Definida,Comércio e serviços,Turismo,"292.500,00","0,00","0,00",https://api.portaldatransparencia.gov.br/api-de-dados/emendas
2014,4208005,Itá,SANTA RITA DE CALDAS - MG,S/I,Sem informação,,,Emenda Individual - Transferências com Finalidade Definida,Comércio e serviços,Turismo,"292.500,00","0,00","0,00",https://api.portaldatransparencia.gov.br/api-de-dados/emendas
2014,4208005,Itá,ITALVA - RJ,S/I,Sem informação,,,Emenda Individual - Transferências com Finalidade Definida,Desporto e lazer,Desporto comunitário,"292.500,00","0,00","0,00",https://api.portaldatransparencia.gov.br/api-de-dados/emendas
2014,4208005,Itá,ITAMOGI - MG,S/I,Sem informação,,,Emenda Individual - Transferências com Finalidade Definida,Agricultura,Promoção da produção agropecuária,"292.500,00","0,00","0,00",https://api.portaldatransparencia.gov.br/api-de-dados/emendas
2014,4208005,Itá,NOVO ITACOLOMI - PR,S/I,Sem informação,,,Emenda Individual - Transferências com Finalidade Definida,Organização agrária,Ordenamento territorial,"293.000,00","0,00","0,00",https://api.portaldatransparencia.gov.br/api-de-dados/emendas
2014,4208005,Itá,ITANHOMI - MG,S/I,Sem informação,,,Emenda Individual - Transferências com Finalidade Definida,Urbanismo,infra-estrutura urbana,"295.300,00","0,00","0,00",https://api.portaldatransparencia.gov.br/api-de-dados/emendas
2014,4208005,Itá,SANTA RITA DO SAPUCAÍ - MG,S/I,Sem informação,,,Emenda Individual - Transferências com Finalidade Definida,Urbanismo,infra-estrutura urbana,"295.300,00","0,00","0,00",https://api.portaldatransparencia.gov.br/api-de-dados/emendas
2014,4208005,Itá,ITAPICURU - BA,S/I,Sem informação,,,Emenda Individual - Transferências com Finalidade Definida,Urbanismo,infra-estrutura urbana,"295.300,00","0,00","0,00",https://api.portaldatransparencia.gov.br/api-de-dados/emendas
2014,4208005,Itá,SANTA RITA DO PARDO - MS,S/I,Sem informação,,,Emenda Individual - Transferências com Finalidade Definida,Urbanismo,infra-estrutura urbana,"295.300,00","0,00","0,00",https://api.portaldatransparencia.gov.br/api-de-dados/emendas
2014,4208005,Itá,JAGUAPITÃ - PR,S/I,Sem informação,,,Emenda Individual - Transferências com Finalidade Definida,Urbanismo,infra-estrutura urbana,"295.300,00","0,00","0,00",https://api.portaldatransparencia.gov.br/api-de-dados/emendas
2014,4208005,Itá,CRISÓLITA - MG,S/I,Sem informação,,,Emenda Individual - Transferências com Finalidade Definida,Urbanismo,infra-estrutura urbana,"295.300,00","0,00","0,00",https://api.portaldatransparencia.gov.br/api-de-dados/emendas
2014,4208005,Itá,ITAGI - BA,S/I,Sem informação,,,Emenda Individual - Transferências com Finalidade Definida,Organização agrária,Ordenamento territorial,"297.000,00","0,00","0,00",https://api.portaldatransparencia.gov.br/api-de-dados/emendas
2014,4208005,Itá,ITABI - SE,S/I,Sem informação,,,Emenda Individual - Transferências com Finalidade Definida,Saúde,Atenção básica,"297.640,00","0,00","0,00",https://api.portaldatransparencia.gov.br/api-de-dados/emendas
2014,4208005,Itá,ITAPIPOCA - CE,S/I,Sem informação,,,Emenda Individual - Transferências com Finalidade Definida,Saúde,Atenção básica,"299.530,00","0,00","0,00",https://api.portaldatransparencia.gov.br/api-de-dados/emendas
2014,4208005,Itá,ITANHANDU - MG,S/I,Sem informação,,,Emenda Individual - Transferências com Finalidade Definida,Saúde,Atenção básica,"299.970,00","0,00","0,00",https://api.portaldatransparencia.gov.br/api-de-dados/emendas
2014,4208005,Itá,CAPITÃO DE CAMPOS - PI,S/I,Sem informação,,,Emenda Individual - Transferências com Finalidade Definida,Saúde,Atenção básica,"299.998,00","0,00","0,00",https://api.portaldatransparencia.gov.br/api-de-dados/emendas
2014,4208005,Itá,ITAGUARU - GO,S/I,Sem informação,,,Emenda Individual - Transferências com Finalidade Definida,Saúde,Assistência hospitalar e ambulatorial,"30,00","0,00","0,00",https://api.portaldatransparencia.gov.br/api-de-dados/emendas
2014,4208005,Itá,SANTA RITA DO TRIVELATO - MT,S/I,Sem informação,,,Emenda Individual - Transferências com Finalidade Definida,Saúde,Atenção básica,"30,00","0,00","0,00",https://api.portaldatransparencia.gov.br/api-de-dados/emendas
2014,4208005,Itá,ITABORAÍ - RJ,S/I,Sem informação,,,Emenda Individual - Transferências com Finalidade Definida,Desporto e lazer,Desporto comunitário,"300.000,00","0,00","0,00",https://api.portaldatransparencia.gov.br/api-de-dados/emendas
2014,4208005,Itá,GLÓRIA DO GOITÁ - PE,S/I,Sem informação,,,Emenda Individual - Transferências com Finalidade Definida,Saúde,Assistência hospitalar e ambulatorial,"30,00","0,00","0,00",https://api.portaldatransparencia.gov.br/api-de-dados/emendas
2014,4208005,Itá,CAPITÃO GERVÁSIO OLIVEIRA - PI,S/I,Sem informação,,,Emenda Individual - Transferências com Finalidade Definida,Saúde,Saneamento básico rural,"30,00","0,00","0,00",https://api.portaldatransparencia.gov.br/api-de-dados/emendas
2014,4208005,Itá,ITAMBÉ - PE,S/I,Sem informação,,,Emenda Individual - Transferências com Finalidade Definida,Urbanismo,infra-estrutura urbana,"300.000,00","0,00","0,00",https://api.portaldatransparencia.gov.br/api-de-dados/emendas
2014,4208005,Itá,ITAITUBA - PA,S/I,Sem informação,,,Emenda Individual - Transferências com Finalidade Definida,Direitos da cidadania,"Direitos individuais, coletivos e difusos","300.000,00","0,00","0,00",https://api.portaldatransparencia.gov.br/api-de-dados/emendas
2014,4208005,Itá,ITALVA - RJ,S/I,Sem informação,,,Emenda Individual - Transferências com Finalidade Definida,Assistência social,Assistência comunitária,"30,00","0,00","0,00",https://api.portaldatransparencia.gov.br/api-de-dados/emendas
2014,4208005,Itá,ITAGUAÇU - ES,S/I,Sem informação,,,Emenda Individual - Transferências com Finalidade Definida,Organização agrária,Ordenamento territorial,"30,00","0,00","0,00",https://api.portaldatransparencia.gov.br/api-de-dados/emendas
2014,4208005,Itá,NOVO ITACOLOMI - PR,S/I,Sem informação,,,Emenda Individual - Transferências com Finalidade Definida,Educação,Transferências para a educação básica,"30,00","0,00","0,00",https://api.portaldatransparencia.gov.br/api-de-dados/emendas
2014,4208005,Itá,ITAPARICA - BA,S/I,Sem informação,,,Emenda Individual - Transferências com Finalidade Definida,Organização agrária,Ordenamento territorial,"30,00","0,00","0,00",https://api.portaldatransparencia.gov.br/api-de-dados/emendas
2014,4208005,Itá,ITAQUAQUECETUBA - SP,S/I,Sem informação,,,Emenda Individual - Transferências com Finalidade Definida,Segurança pública,Policiamento,"300.000,00","0,00","0,00",https://api.portaldatransparencia.gov.br/api-de-dados/emendas
2014,4208005,Itá,ITARUMÃ - GO,S/I,Sem informação,,,Emenda Individual - Transferências com Finalidade Definida,Saúde,Assistência hospitalar e ambulatorial,"300.000,00","0,00","0,00",https://api.portaldatransparencia.gov.br/api-de-dados/emendas
2014,4208005,Itá,AROEIRAS DO ITAIM - PI,S/I,Sem informação,,,Emenda Individual - Transferências com Finalidade Definida,Saúde,Saneamento básico rural,"30,00","0,00","0,00",https://api.portaldatransparencia.gov.br/api-de-dados/emendas
2014,4208005,Itá,ITAPORANGA - PB,S/I,Sem informação,,,Emenda Individual - Transferências com Finalidade Definida,Saúde,Atenção básica,"30,00","0,00","0,00",https://api.portaldatransparencia.gov.br/api-de-dados/emendas
2014,4208005,Itá,ITABORAÍ - RJ,S/I,Sem informação,,,Emenda Individual - Transferências com Finalidade Definida,Assistência social,Assistência comunitária,"30,00","30,00","30,00",https://api.portaldatransparencia.gov.br/api-de-dados/emendas
2014,4208005,Itá,IBIRAPITANGA - BA,S/I,Sem informação,,,Emenda Individual - Transferências com Finalidade Definida,Saúde,Assistência hospitalar e ambulatorial,"30,00","0,00","0,00",https://api.portaldatransparencia.gov.br/api-de-dados/emendas
2014,4208005,Itá,JAGUAPITÃ - PR,S/I,Sem informação,,,Emenda Individual - Transferências com Finalidade Definida,Educação,Transferências para a educação básica,"30,00","0,00","0,00",https://api.portaldatransparencia.gov.br/api-de-dados/emendas
2014,4208005,Itá,ITAPAGÉ - CE,S/I,Sem informação,,,Emenda Individual - Transferências com Finalidade Definida,Urbanismo,infra-estrutura urbana,"315.080,00","0,00","0,00",https://api.portaldatransparencia.gov.br/api-de-dados/emendas
2014,4208005,Itá,ITAETÉ - BA,S/I,Sem informação,,,Emenda Individual - Transferências com Finalidade Definida,Organização agrária,Ordenamento territorial,"32,00","0,00","0,00",https://api.portaldatransparencia.gov.br/api-de-dados/emendas
2014,4208005,Itá,SÃO FRANCISCO DE ITABAPOANA - RJ,S/I,Sem informação,,,Emenda Individual - Transferências com Finalidade Definida,Saúde,Assistência hospitalar e ambulatorial,"32,00","0,00","0,00",https://api.portaldatransparencia.gov.br/api-de-dados/emendas
2014,4208005,Itá,SANTA RITA DE IBITIPOCA - MG,S/I,Sem informação,,,Emenda Individual - Transferências com Finalidade Definida,Saúde,Atenção básica,"329.239,00","0,00","0,00",https://api.portaldatransparencia.gov.br/api-de-dados/emendas
2014,4208005,Itá,ITAPEVI - SP,S/I,Sem informação,,,Emenda Individual - Transferências com Finalidade Definida,Urbanismo,infra-estrutura urbana,"334.860,00","0,00","0,00",https://api.portaldatransparencia.gov.br/api-de-dados/emendas
2014,4208005,Itá,QUITANDINHA - PR,S/I,Sem informação,,,Emenda Individual - Transferências com Finalidade Definida,Saúde,Atenção básica,"337.928,00","0,00","0,00",https://api.portaldatransparencia.gov.br/api-de-dados/emendas
2014,4208005,Itá,ITARANTIM - BA,S/I,Sem informação,,,Emenda Individual - Transferências com Finalidade Definida,Comércio e serviços,Turismo,"341.250,00","0,00","0,00",https://api.portaldatransparencia.gov.br/api-de-dados/emendas
2014,4208005,Itá,ITAQUI - RS,S/I,Sem informação,,,Emenda Individual - Transferências com Finalidade Definida,Agricultura,Promoção da produção agropecuária,"341.250,00","341.250,00","341.250,00",https://api.portaldatransparencia.gov.br/api-de-dados/emendas
2014,4208005,Itá,ITABERAÍ - GO,S/I,Sem informação,,,Emenda Individual - Transferências com Finalidade Definida,Desporto e lazer,Desporto comunitário,"341.250,00","0,00","0,00",https://api.portaldatransparencia.gov.br/api-de-dados/emendas
2014,4208005,Itá,ITARANA - ES,S/I,Sem informação,,,Emenda Individual - Transferências com Finalidade Definida,Agricultura,Promoção da produção agropecuária,"341.250,00","341.250,00","341.250,00",https://api.portaldatransparencia.gov.br/api-de-dados/emendas
2014,4208005,Itá,ITABERAÍ - GO,S/I,Sem informação,,,Emenda Individual - Transferências com Finalidade Definida,Saúde,Assistência hospitalar e ambulatorial,"342.300,00","0,00","0,00",https://api.portaldatransparencia.gov.br/api-de-dados/emendas
2014,4208005,Itá,ITALVA - RJ,S/I,Sem informação,,,Emenda Individual - Transferências com Finalidade Definida,Educação,Educação básica,"343.000,00","0,00","0,00",https://api.portaldatransparencia.gov.br/api-de-dados/emendas
2014,4208005,Itá,PALMITAL - PR,S/I,Sem informação,,,Emenda Individual - Transferências com Finalidade Definida,Urbanismo,infra-estrutura urbana,"344.750,00","0,00","0,00",https://api.portaldatransparencia.gov.br/api-de-dados/emendas
2014,4208005,Itá,PITANGA - PR,S/I,Sem informação,,,Emenda Individual - Transferências com Finalidade Definida,Urbanismo,infra-estrutura urbana,"344.750,00","0,00","0,00",https://api.portaldatransparencia.gov.br/api-de-dados/emendas
2014,4208005,Itá,SANTANA DO ITARARÉ - PR,S/I,Sem informação,,,Emenda Individual - Transferências com Finalidade Definida,Urbanismo,infra-estrutura urbana,"344.750,00","0,00","0,00",https://api.portaldatransparencia.gov.br/api-de-dados/emendas
2014,4208005,Itá,SANTA RITA DO PARDO - MS,S/I,Sem informação,,,Emenda Individual - Transferências com Finalidade Definida,Saúde,Atenção básica,"349.320,00","0,00","0,00",https://api.portaldatransparencia.gov.br/api-de-dados/emendas
2014,4208005,Itá,ITAPEVA - SP,S/I,Sem informação,,,Emenda Individual - Transferências com Finalidade Definida,Saúde,Atenção básica,"349.885,00","0,00","0,00",https://api.portaldatransparencia.gov.br/api-de-dados/emendas
2014,4208005,Itá,ITATIBA DO SUL - RS,S/I,Sem informação,,,Emenda Individual - Transferências com Finalidade Definida,Saúde,Atenção básica,"349.990,00","0,00","0,00",https://api.portaldatransparencia.gov.br/api-de-dados/emendas
2014,4208005,Itá,PALMITAL - SP,S/I,Sem informação,,,Emenda Individual - Transferências com Finalidade Definida,Saúde,Atenção básica,"350.000,00","0,00","0,00",https://api.portaldatransparencia.gov.br/api-de-dados/emendas
2014,4208005,Itá,EPITACIOLÂNDIA - AC,S/I,Sem informação,,,Emenda Individual - Transferências com Finalidade Definida,Organização agrária,Ordenamento territorial,"350.000,00","0,00","0,00",https://api.portaldatransparencia.gov.br/api-de-dados/emendas
2014,4208005,Itá,CARBONITA - MG,S/I,Sem informação,,,Emenda Individual - Transferências com Finalidade Definida,Cultura,Difusão cultural,"350.000,00","0,00","0,00",https://api.portaldatransparencia.gov.br/api-de-dados/emendas
2014,4208005,Itá,ITAIÓPOLIS - SC,S/I,Sem informação,,,Emenda Individual - Transferências com Finalidade Definida,Saúde,Atenção básica,"350.000,00","0,00","0,00",https://api.portaldatransparencia.gov.br/api-de-dados/emendas
2014,4208005,Itá,ITAGUARA - MG,S/I,Sem informação,,,Emenda Individual - Transferências com Finalidade Definida,Saúde,Atenção básica,"350.000,00","0,00","0,00",https://api.portaldatransparencia.gov.br/api-de-dados/emendas
2014,4208005,Itá,ITAIPAVA DO GRAJAÚ - MA,S/I,Sem informação,,,Emenda Individual - Transferências com Finalidade Definida,Urbanismo,infra-estrutura urbana,"357.607,00","0,00","0,00",https://api.portaldatransparencia.gov.br/api-de-dados/emendas
2014,4208005,Itá,TORITAMA - PE,S/I,Sem informação,,,Emenda Individual - Transferências com Finalidade Definida,Educação,Educação básica,"366.177,91","0,00","0,00",https://api.portaldatransparencia.gov.br/api-de-dados/emendas
2014,4208005,Itá,SANTA RITA DO TOCANTINS - TO,S/I,Sem informação,,,Emenda Individual - Transferências com Finalidade Definida,Desporto e lazer,Desporto comunitário,"368.030,81","0,00","0,00",https://api.portaldatransparencia.gov.br/api-de-dados/emendas
2014,4208005,Itá,ITABORAÍ - RJ,S/I,Sem informação,,,Emenda Individual - Transferências com Finalidade Definida,Educação,Educação básica,"375.000,00","0,00","0,00",https://api.portaldatransparencia.gov.br/api-de-dados/emendas
2014,4208005,Itá,ITAPEBI - BA,S/I,Sem informação,,,Emenda Individual - Transferências com Finalidade Definida,Saúde,Assistência hospitalar e ambulatorial,"377.730,00","0,00","0,00",https://api.portaldatransparencia.gov.br/api-de-dados/emendas
2014,4208005,Itá,NOVA ITABERABA - SC,S/I,Sem informação,,,Emenda Individual - Transferências com Finalidade Definida,Organização agrária,Ordenamento territorial,"378.000,00","0,00","0,00",https://api.portaldatransparencia.gov.br/api-de-dados/emendas
2014,4208005,Itá,ITAGUATINS - TO,S/I,Sem informação,,,Emenda Individual - Transferências com Finalidade Definida,Saúde,Atenção básica,"385.844,00","0,00","0,00",https://api.portaldatransparencia.gov.br/api-de-dados/emendas
2014,4208005,Itá,ITALVA - RJ,S/I,Sem informação,,,Emenda Individual - Transferências com Finalidade Definida,Comércio e serviços,Turismo,"39,00","0,00","0,00",https://api.portaldatransparencia.gov.br/api-de-dados/emendas
2014,4208005,Itá,SÃO FRANCISCO DE ITABAPOANA - RJ,S/I,Sem informação,,,Emenda Individual - Transferências com Finalidade Definida,Desporto e lazer,Desporto comunitário,"390.000,00","0,00","0,00",https://api.portaldatransparencia.gov.br/api-de-dados/emendas
2014,4208005,Itá,BURITAMA - SP,S/I,Sem informação,,,Emenda Individual - Transferências com Finalidade Definida,Agricultura,Promoção da produção agropecuária,"390.000,00","0,00","0,00",https://api.portaldatransparencia.gov.br/api-de-dados/emendas
2014,4208005,Itá,ITAMARANDIBA - MG,S/I,Sem informação,,,Emenda Individual - Transferências com Finalidade Definida,Desporto e lazer,Desporto comunitário,"390.000,00","0,00","0,00",https://api.portaldatransparencia.gov.br/api-de-dados/emendas
2014,4208005,Itá,ITATIAIA - RJ,S/I,Sem informação,,,Emenda Individual - Transferências com Finalidade Definida,Agricultura,Promoção da produção agropecuária,"390.000,00","0,00","0,00",https://api.portaldatransparencia.gov.br/api-de-dados/emendas
2014,4208005,Itá,ITAPEVA - SP,S/I,Sem informação,,,Emenda Individual - Transferências com Finalidade Definida,Agricultura,Promoção da produção agropecuária,"39,00","0,00","0,00",https://api.portaldatransparencia.gov.br/api-de-dados/emendas
2014,4208005,Itá,ITABORAÍ - RJ,S/I,Sem informação,,,Emenda Individual - Transferências com Finalidade Definida,Comércio e serviços,Turismo,"39,00","0,00","0,00",https://api.portaldatransparencia.gov.br/api-de-dados/emendas
2014,4208005,Itá,ITAPERUNA - RJ,S/I,Sem informação,,,Emenda Individual - Transferências com Finalidade Definida,Agricultura,Promoção da produção agropecuária,"39,00","39,00","39,00",https://api.portaldatransparencia.gov.br/api-de-dados/emendas
2014,4208005,Itá,ITAPECERICA - MG,S/I,Sem informação,,,Emenda Individual - Transferências com Finalidade Definida,Comércio e serviços,Turismo,"39,00","0,00","0,00",https://api.portaldatransparencia.gov.br/api-de-dados/emendas
2014,4208005,Itá,ITAQUIRAÍ - MS,S/I,Sem informação,,,Emenda Individual - Transferências com Finalidade Definida,Desporto e lazer,Desporto comunitário,"39,00","0,00","0,00",https://api.portaldatransparencia.gov.br/api-de-dados/emendas
2014,4208005,Itá,ITACOATIARA - AM,S/I,Sem informação,,,Emenda Individual - Transferências com Finalidade Definida,Saúde,Atenção básica,"391.900,00","0,00","0,00",https://api.portaldatransparencia.gov.br/api-de-dados/emendas
2014,4208005,Itá,MESQUITA - MG,S/I,Sem informação,,,Emenda Individual - Transferências com Finalidade Definida,Urbanismo,infra-estrutura urbana,"394.200,00","0,00","0,00",https://api.portaldatransparencia.gov.br/api-de-dados/emendas
2014,4208005,Itá,PEDRA BONITA - MG,S/I,Sem informação,,,Emenda Individual - Transferências com Finalidade Definida,Urbanismo,infra-estrutura urbana,"394.200,00","0,00","0,00",https://api.portaldatransparencia.gov.br/api-de-dados/emendas
2014,4208005,Itá,SANTA RITA - PB,S/I,Sem informação,,,Emenda Individual - Transferências com Finalidade Definida,Urbanismo,infra-estrutura urbana,"394.200,00","0,00","0,00",https://api.portaldatransparencia.gov.br/api-de-dados/emendas
2014,4208005,Itá,LAGOA BONITA DO SUL - RS,S/I,Sem informação,,,Emenda Individual - Transferências com Finalidade Definida,Urbanismo,infra-estrutura urbana,"394.200,00","0,00","0,00",https://api.portaldatransparencia.gov.br/api-de-dados/emendas
2014,4208005,Itá,ITAMBÉ - BA,S/I,Sem informação,,,Emenda Individual - Transferências com Finalidade Definida,Urbanismo,infra-estrutura urbana,"394.200,00","0,00","0,00",https://api.portaldatransparencia.gov.br/api-de-dados/emendas
2014,4208005,Itá,ITAMBACURI - MG,S/I,Sem informação,,,Emenda Individual - Transferências com Finalidade Definida,Agricultura,Promoção da produção agropecuária,"397.500,00","0,00","0,00",https://api.portaldatransparencia.gov.br/api-de-dados/emendas
2014,4208005,Itá,ITATINGA - SP,S/I,Sem informação,,,Emenda Individual - Transferências com Finalidade Definida,Saúde,Atenção básica,"399.836,00","0,00","0,00",https://api.portaldatransparencia.gov.br/api-de-dados/emendas
2014,4208005,Itá,ITAUÇU - GO,S/I,Sem informação,,,Emenda Individual - Transferências com Finalidade Definida,Saúde,Assistência hospitalar e ambulatorial,"399.940,00","0,00","0,00",https://api.portaldatransparencia.gov.br/api-de-dados/emendas
2014,4208005,Itá,ITABERÁ - SP,S/I,Sem informação,,,Emenda Individual - Transferências com Finalidade Definida,Saúde,Atenção básica,"399.970,00","0,00","0,00",https://api.portaldatransparencia.gov.br/api-de-dados/emendas
2014,4208005,Itá,NOVA SANTA RITA - PI,S/I,Sem informação,,,Emenda Individual - Transferências com Finalidade Definida,Saúde,Saneamento básico rural,"400.000,00","0,00","0,00",https://api.portaldatransparencia.gov.br/api-de-dados/emendas
2014,4208005,Itá,EPITACIOLÂNDIA - AC,S/I,Sem informação,,,Emenda Individual - Transferências com Finalidade Definida,Defesa nacional,Assistência comunitária,"40,00","0,00","0,00",https://api.portaldatransparencia.gov.br/api-de-dados/emendas
2014,4208005,Itá,SALTO DO ITARARÉ - PR,S/I,Sem informação,,,Emenda Individual - Transferências com Finalidade Definida,Saúde,Administração geral,"40,00","0,00","0,00",https://api.portaldatransparencia.gov.br/api-de-dados/emendas
2014,4208005,Itá,ITÁPOLIS - SP,S/I,Sem informação,,,Emenda Individual - Transferências com Finalidade Definida,Ciência e Tecnologia,Tecnologia da informação,"40,00","0,00","0,00",https://api.portaldatransparencia.gov.br/api-de-dados/emendas
2014,4208005,Itá,BOM JESUS DO ITABAPOANA - RJ,S/I,Sem informação,,,Emenda Individual - Transferências com Finalidade Definida,Saúde,Atenção básica,"400.000,00","0,00","0,00",https://api.portaldatransparencia.gov.br/api-de-dados/emendas
2014,4208005,Itá,ITAJU DO COLÔNIA - BA,S/I,Sem informação,,,Emenda Individual - Transferências com Finalidade Definida,Saúde,Saneamento básico urbano,"400.000,00","0,00","0,00",https://api.portaldatransparencia.gov.br/api-de-dados/emendas
2014,4208005,Itá,ITABAIANA - PB,S/I,Sem informação,,,Emenda Individual - Transferências com Finalidade Definida,Saúde,Atenção básica,"408.000,00","0,00","0,00",https://api.portaldatransparencia.gov.br/api-de-dados/emendas
2014,4208005,Itá,SERRITA - PE,S/I,Sem informação,,,Emenda Individual - Transferências com Finalidade Definida,Saúde,Atenção básica,"408.000,00","0,00","0,00",https://api.portaldatransparencia.gov.br/api-de-dados/emendas
2014,4208005,Itá,ITAPAGÉ - CE,S/I,Sem informação,,,Emenda Individual - Transferências com Finalidade Definida,Saúde,Atenção básica,"410.000,00","0,00","0,00",https://api.portaldatransparencia.gov.br/api-de-dados/emendas
2014,4208005,Itá,TORITAMA - PE,S/I,Sem informação,,,Emenda Individual - Transferências com Finalidade Definida,Urbanismo,infra-estrutura urbana,"430.990,80","0,00","0,00",https://api.portaldatransparencia.gov.br/api-de-dados/emendas
2014,4208005,Itá,ITAPOÁ - SC,S/I,Sem informação,,,Emenda Individual - Transferências com Finalidade Definida,Assistência social,Assistência comunitária,"443.000,00","0,00","0,00",https://api.portaldatransparencia.gov.br/api-de-dados/emendas
2014,4208005,Itá,ITAPORANGA D'AJUDA - SE,S/I,Sem informação,,,Emenda Individual - Transferências com Finalidade Definida,Saúde,Atenção básica,"449.930,00","0,00","0,00",https://api.portaldatransparencia.gov.br/api-de-dados/emendas
2014,4208005,Itá,ITAPETIM - PE,S/I,Sem informação,,,Emenda Individual - Transferências com Finalidade Definida,Saúde,Saneamento básico urbano,"450.000,00","0,00","0,00",https://api.portaldatransparencia.gov.br/api-de-dados/emendas
2014,4208005,Itá,ITARANA - ES,S/I,Sem informação,,,Emenda Individual - Transferências com Finalidade Definida,Saúde,Atenção básica,"450.000,00","0,00","0,00",https://api.portaldatransparencia.gov.br/api-de-dados/emendas
2014,4208005,Itá,BRITÂNIA - GO,S/I,Sem informação,,,Emenda Individual - Transferências com Finalidade Definida,Saúde,Assistência hospitalar e ambulatorial,"451.230,00","0,00","0,00",https://api.portaldatransparencia.gov.br/api-de-dados/emendas
2014,4208005,Itá,ITAPERUÇU - PR,S/I,Sem informação,,,Emenda Individual - Transferências com Finalidade Definida,Saúde,Atenção básica,"455.217,20","0,00","0,00",https://api.portaldatransparencia.gov.br/api-de-dados/emendas
2014,4208005,Itá,ITAÚ - RN,S/I,Sem informação,,,Emenda Individual - Transferências com Finalidade Definida,Comércio e serviços,Turismo,"477.750,00","0,00","0,00",https://api.portaldatransparencia.gov.br/api-de-dados/emendas
2014,4208005,Itá,ITANHAÉM - SP,S/I,Sem informação,,,Emenda Individual - Transferências com Finalidade Definida,Saúde,Assistência hospitalar e ambulatorial,"482.000,00","0,00","0,00",https://api.portaldatransparencia.gov.br/api-de-dados/emendas
2014,4208005,Itá,TEIXEIRA DE FREITAS - BA,S/I,Sem informação,,,Emenda Individual - Transferências com Finalidade Definida,Saúde,Atenção básica,"483.445,74","0,00","0,00",https://api.portaldatransparencia.gov.br/api-de-dados/emendas
2014,4208005,Itá,SANTA RITA DE CÁSSIA - BA,S/I,Sem informação,,,Emenda Individual - Transferências com Finalidade Definida,Agricultura,Promoção da produção agropecuária,"487.457,00","0,00","0,00",https://api.portaldatransparencia.gov.br/api-de-dados/emendas
2014,4208005,Itá,ITAPERUNA - RJ,S/I,Sem informação,,,Emenda Individual - Transferências com Finalidade Definida,Desporto e lazer,Desporto comunitário,"487.500,00","0,00","0,00",https://api.portaldatransparencia.gov.br/api-de-dados/emendas
2014,4208005,Itá,ITAUÇU - GO,S/I,Sem informação,,,Emenda Individual - Transferências com Finalidade Definida,Comércio e serviços,Turismo,"487.500,00","0,00","0,00",https://api.portaldatransparencia.gov.br/api-de-dados/emendas
2014,4208005,Itá,ITAPOROROCA - PB,S/I,Sem informação,,,Emenda Individual - Transferências com Finalidade Definida,Desporto e lazer,Desporto comunitário,"487.500,00","0,00","0,00",https://api.portaldatransparencia.gov.br/api-de-dados/emendas
2014,4208005,Itá,CACHOEIRO DE ITAPEMIRIM - ES,S/I,Sem informação,,,Emenda Individual - Transferências com Finalidade Definida,Agricultura,Promoção da produção agropecuária,"487.500,00","0,00","0,00",https://api.portaldatransparencia.gov.br/api-de-dados/emendas
2014,4208005,Itá,BARRA BONITA - SP,S/I,Sem informação,,,Emenda Individual - Transferências com Finalidade Definida,Comércio e serviços,Turismo,"487.500,00","0,00","0,00",https://api.portaldatransparencia.gov.br/api-de-dados/emendas
2014,4208005,Itá,BURITAMA - SP,S/I,Sem informação,,,Emenda Individual - Transferências com Finalidade Definida,Urbanismo,infra-estrutura urbana,"491.700,00","0,00","0,00",https://api.portaldatransparencia.gov.br/api-de-dados/emendas
2014,4208005,Itá,SANTA RITA DE MINAS - MG,S/I,Sem informação,,,Emenda Individual - Transferências com Finalidade Definida,Urbanismo,infra-estrutura urbana,"491.715,40","0,00","0,00",https://api.portaldatransparencia.gov.br/api-de-dados/emendas
2014,4208005,Itá,ITAPIPOCA - CE,S/I,Sem informação,,,Emenda Individual - Transferências com Finalidade Definida,Urbanismo,infra-estrutura urbana,"493.100,00","0,00","0,00",https://api.portaldatransparencia.gov.br/api-de-dados/emendas
2014,4208005,Itá,ITAQUARA - BA,S/I,Sem informação,,,Emenda Individual - Transferências com Finalidade Definida,Urbanismo,infra-estrutura urbana,"493.100,00","0,00","0,00",https://api.portaldatransparencia.gov.br/api-de-dados/emendas
2014,4208005,Itá,PRANCHITA - PR,S/I,Sem informação,,,Emenda Individual - Transferências com Finalidade Definida,Urbanismo,infra-estrutura urbana,"493.100,00","0,00","0,00",https://api.portaldatransparencia.gov.br/api-de-dados/emendas
2014,4208005,Itá,IBIRAPITANGA - BA,S/I,Sem informação,,,Emenda Individual - Transferências com Finalidade Definida,Urbanismo,infra-estrutura urbana,"493.100,00","0,00","0,00",https://api.portaldatransparencia.gov.br/api-de-dados/emendas
2014,4208005,Itá,ITAMARAJU - BA,S/I,Sem informação,,,Emenda Individual - Transferências com Finalidade Definida,Urbanismo,infra-estrutura urbana,"493.100,00","0,00","0,00",https://api.portaldatransparencia.gov.br/api-de-dados/emendas
2014,4208005,Itá,ITAÍ - SP,S/I,Sem informação,,,Emenda Individual - Transferências com Finalidade Definida,Urbanismo,infra-estrutura urbana,"493.100,00","0,00","0,00",https://api.portaldatransparencia.gov.br/api-de-dados/emendas
2014,4208005,Itá,UBAITABA - BA,S/I,Sem informação,,,Emenda Individual - Transferências com Finalidade Definida,Urbanismo,infra-estrutura urbana,"493.100,00","0,00","0,00",https://api.portaldatransparencia.gov.br/api-de-dados/emendas
2014,4208005,Itá,IBIPITANGA - BA,S/I,Sem informação,,,Emenda Individual - Transferências com Finalidade Definida,Urbanismo,infra-estrutura urbana,"493.100,00","0,00","0,00",https://api.portaldatransparencia.gov.br/api-de-dados/emendas
2014,4208005,Itá,SANTA TEREZINHA DE ITAIPU - PR,S/I,Sem informação,,,Emenda Individual - Transferências com Finalidade Definida,Urbanismo,infra-estrutura urbana,"495.850,00","0,00","0,00",https://api.portaldatransparencia.gov.br/api-de-dados/emendas
2014,4208005,Itá,PARANAÍTA - MT,S/I,Sem informação,,,Emenda Individual - Transferências com Finalidade Definida,Saúde,Assistência hospitalar e ambulatorial,"498.930,00","0,00","0,00",https://api.portaldatransparencia.gov.br/api-de-dados/emendas
2014,4208005,Itá,ITAMARANDIBA - MG,S/I,Sem informação,,,Emenda Individual - Transferências com Finalidade Definida,Saúde,Assistência hospitalar e ambulatorial,"498.940,00","0,00","0,00",https://api.portaldatransparencia.gov.br/api-de-dados/emendas
2014,4208005,Itá,ITAÍBA - PE,S/I,Sem informação,,,Emenda Individual - Transferências com Finalidade Definida,Saúde,Atenção básica,"499.989,00","0,00","0,00",https://api.portaldatransparencia.gov.br/api-de-dados/emendas
2014,4208005,Itá,ITAITUBA - PA,S/I,Sem informação,,,Emenda Individual - Transferências com Finalidade Definida,Educação,Educação básica,"500.000,00","0,00","0,00",https://api.portaldatransparencia.gov.br/api-de-dados/emendas
2014,4208005,Itá,ITAPECERICA DA SERRA - SP,S/I,Sem informação,,,Emenda Individual - Transferências com Finalidade Definida,Cultura,Difusão cultural,"500.000,00","0,00","0,00",https://api.portaldatransparencia.gov.br/api-de-dados/emendas
2014,4208005,Itá,ITAPEVI - SP,S/I,Sem informação,,,Emenda Individual - Transferências com Finalidade Definida,Segurança pública,Policiamento,"50,00","0,00","0,00",https://api.portaldatransparencia.gov.br/api-de-dados/emendas
2014,4208005,Itá,ITAPEVI - SP,S/I,Sem informação,,,Emenda Individual - Transferências com Finalidade Definida,Saúde,Atenção básica,"50,00","0,00","0,00",https://api.portaldatransparencia.gov.br/api-de-dados/emendas
2014,4208005,Itá,ITAPEMIRIM - ES,S/I,Sem informação,,,Emenda Individual - Transferências com Finalidade Definida,Saúde,Assistência hospitalar e ambulatorial,"50,00","0,00","0,00",https://api.portaldatransparencia.gov.br/api-de-dados/emendas
2014,4208005,Itá,ITAGUAÍ - RJ,S/I,Sem informação,,,Emenda Individual - Transferências com Finalidade Definida,Saúde,Assistência hospitalar e ambulatorial,"500.000,00","0,00","0,00",https://api.portaldatransparencia.gov.br/api-de-dados/emendas
2014,4208005,Itá,IBITITÁ - BA,S/I,Sem informação,,,Emenda Individual - Transferências com Finalidade Definida,Saúde,Saneamento básico urbano,"50,00","0,00","0,00",https://api.portaldatransparencia.gov.br/api-de-dados/emendas
2014,4208005,Itá,ITAJUÍPE - BA,S/I,Sem informação,,,Emenda Individual - Transferências com Finalidade Definida,Cultura,Difusão cultural,"500.000,00","0,00","0,00",https://api.portaldatransparencia.gov.br/api-de-dados/emendas
2014,4208005,Itá,IBITITÁ - BA,S/I,Sem informação,,,Emenda Individual - Transferências com Finalidade Definida,Saúde,Atenção básica,"50,00","0,00","0,00",https://api.portaldatransparencia.gov.br/api-de-dados/emendas
2014,4208005,Itá,NOVA GUARITA - MT,S/I,Sem informação,,,Emenda Individual - Transferências com Finalidade Definida,Ciência e Tecnologia,Promoção comercial,"500.000,00","0,00","0,00",https://api.portaldatransparencia.gov.br/api-de-dados/emendas
2014,4208005,Itá,ITAIPAVA DO GRAJAÚ - MA,S/I,Sem informação,,,Emenda Individual - Transferências com Finalidade Definida,Urbanismo,Assistência comunitária,"500.000,00","0,00","0,00",https://api.portaldatransparencia.gov.br/api-de-dados/emendas
2014,4208005,Itá,ITATIAIA - RJ,S/I,Sem informação,,,Emenda Individual - Transferências com Finalidade Definida,Educação,Educação básica,"500.000,00","0,00","0,00",https://api.portaldatransparencia.gov.br/api-de-dados/emendas
2014,4208005,Itá,ITABAIANA - SE,S/I,Sem informação,,,Emenda Individual - Transferências com Finalidade Definida,Organização agrária,Ordenamento territorial,"500.000,00","0,00","0,00",https://api.portaldatransparencia.gov.br/api-de-dados/emendas
2014,4208005,Itá,ITACARAMBI - MG,S/I,Sem informação,,,Emenda Individual - Transferências com Finalidade Definida,Saúde,Administração geral,"500.000,00","0,00","0,00",https://api.portaldatransparencia.gov.br/api-de-dados/emendas
2014,4208005,Itá,PITANGUI - MG,S/I,Sem informação,,,Emenda Individual - Transferências com Finalidade Definida,Saúde,Atenção básica,"507.879,00","0,00","0,00",https://api.portaldatransparencia.gov.br/api-de-dados/emendas
2014,4208005,Itá,ITARANTIM - BA,S/I,Sem informação,,,Emenda Individual - Transferências com Finalidade Definida,Saúde,Atenção básica,"508.000,00","0,00","0,00",https://api.portaldatransparencia.gov.br/api-de-dados/emendas
2014,4208005,Itá,NOVO ITACOLOMI - PR,S/I,Sem informação,,,Emenda Individual - Transferências com Finalidade Definida,Saúde,Atenção básica,"517.300,00","0,00","0,00",https://api.portaldatransparencia.gov.br/api-de-dados/emendas
2014,4208005,Itá,JESUÍTAS - PR,S/I,Sem informação,,,Emenda Individual - Transferências com Finalidade Definida,Desporto e lazer,Desporto comunitário,"52,00","0,00","0,00",https://api.portaldatransparencia.gov.br/api-de-dados/emendas
2014,4208005,Itá,ITABORAÍ - RJ,S/I,Sem informação,,,Emenda Individual - Transferências com Finalidade Definida,Agricultura,Promoção da produção agropecuária,"529.425,00","0,00","0,00",https://api.portaldatransparencia.gov.br/api-de-dados/emendas
2014,4208005,Itá,ITAGUAÇU - ES,S/I,Sem informação,,,Emenda Individual - Transferências com Finalidade Definida,Agricultura,Promoção da produção agropecuária,"536.250,00","0,00","0,00",https://api.portaldatransparencia.gov.br/api-de-dados/emendas
2014,4208005,Itá,ITAPURA - SP,S/I,Sem informação,,,Emenda Individual - Transferências com Finalidade Definida,Urbanismo,infra-estrutura urbana,"541.150,00","0,00","0,00",https://api.portaldatransparencia.gov.br/api-de-dados/emendas
2014,4208005,Itá,SANTA RITA DO PASSA QUATRO - SP,S/I,Sem informação,,,Emenda Individual - Transferências com Finalidade Definida,Saúde,Atenção básica,"553.000,00","0,00","0,00",https://api.portaldatransparencia.gov.br/api-de-dados/emendas
2014,4208005,Itá,ITAUBAL - AP,S/I,Sem informação,,,Emenda Individual - Transferências com Finalidade Definida,Saúde,Atenção básica,"554.400,00","0,00","0,00",https://api.portaldatransparencia.gov.br/api-de-dados/emendas
2014,4208005,Itá,ITAPETINGA - BA,S/I,Sem informação,,,Emenda Individual - Transferências com Finalidade Definida,Saúde,Assistência hospitalar e ambulatorial,"569.000,00","0,00","0,00",https://api.portaldatransparencia.gov.br/api-de-dados/emendas
2014,4208005,Itá,ITÁ - SC,S/I,Sem informação,,,Emenda Individual - Transferências com Finalidade Definida,Comércio e serviços,Turismo,"585.000,00","0,00","0,00",https://api.portaldatransparencia.gov.br/api-de-dados/emendas
2014,4208005,Itá,ITAÚ DE MINAS - MG,S/I,Sem informação,,,Emenda Individual - Transferências com Finalidade Definida,Saúde,Atenção básica,"590.172,00","0,00","0,00",https://api.portaldatransparencia.gov.br/api-de-dados/emendas
2014,4208005,Itá,ITAPEVA - SP,S/I,Sem informação,,,Emenda Individual - Transferências com Finalidade Definida,Urbanismo,infra-estrutura urbana,"592.000,00","0,00","0,00",https://api.portaldatransparencia.gov.br/api-de-dados/emendas
2014,4208005,Itá,ITAPISSUMA - PE,S/I,Sem informação,,,Emenda Individual - Transferências com Finalidade Definida,Saúde,Atenção básica,"598.950,00","0,00","0,00",https://api.portaldatransparencia.gov.br/api-de-dados/emendas
2014,4208005,Itá,ITAQUIRAÍ - MS,S/I,Sem informação,,,Emenda Individual - Transferências com Finalidade Definida,Saúde,Atenção básica,"60,00","0,00","0,00",https://api.portaldatransparencia.gov.br/api-de-dados/emendas
2014,4208005,Itá,ITAPORANGA - PB,S/I,Sem informação,,,Emenda Individual - Transferências com Finalidade Definida,Urbanismo,infra-estrutura urbana,"60,00","0,00","0,00",https://api.portaldatransparencia.gov.br/api-de-dados/emendas
2014,4208005,Itá,ITARARÉ - SP,S/I,Sem informação,,,Emenda Individual - Transferências com Finalidade Definida,Urbanismo,infra-estrutura urbana,"625.215,00","0,00","0,00",https://api.portaldatransparencia.gov.br/api-de-dados/emendas
2014,4208005,Itá,ITAPURANGA - GO,S/I,Sem informação,,,Emenda Individual - Transferências com Finalidade Definida,Urbanismo,infra-estrutura urbana,"640.050,00","0,00","0,00",https://api.portaldatransparencia.gov.br/api-de-dados/emendas
2014,4208005,Itá,ITACARAMBI - MG,S/I,Sem informação,,,Emenda Individual - Transferências com Finalidade Definida,Urbanismo,infra-estrutura urbana,"640.050,00","0,00","0,00",https://api.portaldatransparencia.gov.br/api-de-dados/emendas
2014,4208005,Itá,ITAPECERICA DA SERRA - SP,S/I,Sem informação,,,Emenda Individual - Transferências com Finalidade Definida,Saúde,Atenção básica,"650.000,00","0,00","0,00",https://api.portaldatransparencia.gov.br/api-de-dados/emendas
2014,4208005,Itá,ITAGUAÇU - ES,S/I,Sem informação,,,Emenda Individual - Transferências com Finalidade Definida,Saúde,Atenção básica,"655.500,00","0,00","0,00",https://api.portaldatransparencia.gov.br/api-de-dados/emendas
2014,4208005,Itá,ITAPIRANGA - AM,S/I,Sem informação,,,Emenda Individual - Transferências com Finalidade Definida,Saúde,Atenção básica,"697.000,00","0,00","0,00",https://api.portaldatransparencia.gov.br/api-de-dados/emendas
2014,4208005,Itá,CACHOEIRO DE ITAPEMIRIM - ES,S/I,Sem informação,,,Emenda Individual - Transferências com Finalidade Definida,Saúde,Atenção básica,"697.332,01","0,00","0,00",https://api.portaldatransparencia.gov.br/api-de-dados/emendas
2014,4208005,Itá,TORITAMA - PE,S/I,Sem informação,,,Emenda Individual - Transferências com Finalidade Definida,Saúde,Assistência hospitalar e ambulatorial,"699.910,00","0,00","0,00",https://api.portaldatransparencia.gov.br/api-de-dados/emendas
2014,4208005,Itá,ITAMARANDIBA - MG,S/I,Sem informação,,,Emenda Individual - Transferências com Finalidade Definida,Saúde,Administração geral,"700.000,00","0,00","0,00",https://api.portaldatransparencia.gov.br/api-de-dados/emendas
2014,4208005,Itá,ITAPIRA - SP,S/I,Sem informação,,,Emenda Individual - Transferências com Finalidade Definida,Saúde,Atenção básica,"700.000,00","0,00","0,00",https://api.portaldatransparencia.gov.br/api-de-dados/emendas
2014,4208005,Itá,ITACARÉ - BA,S/I,Sem informação,,,Emenda Individual - Transferências com Finalidade Definida,Comércio e serviços,Turismo,"731.250,00","0,00","0,00",https://api.portaldatransparencia.gov.br/api-de-dados/emendas
2014,4208005,Itá,PITANGA - PR,S/I,Sem informação,,,Emenda Individual - Transferências com Finalidade Definida,Agricultura,Promoção da produção agropecuária,"731.250,00","731.250,00","731.250,00",https://api.portaldatransparencia.gov.br/api-de-dados/emendas
2014,4208005,Itá,MOITA BONITA - SE,S/I,Sem informação,,,Emenda Individual - Transferências com Finalidade Definida,Desporto e lazer,Desporto comunitário,"731.250,00","0,00","0,00",https://api.portaldatransparencia.gov.br/api-de-dados/emendas
2014,4208005,Itá,SERRITA - PE,S/I,Sem informação,,,Emenda Individual - Transferências com Finalidade Definida,Urbanismo,infra-estrutura urbana,"740.350,00","0,00","0,00",https://api.portaldatransparencia.gov.br/api-de-dados/emendas
2014,4208005,Itá,ITAITUBA - PA,S/I,Sem informação,,,Emenda Individual - Transferências com Finalidade Definida,Agricultura,Promoção da produção agropecuária,"741.000,00","0,00","0,00",https://api.portaldatransparencia.gov.br/api-de-dados/emendas
2014,4208005,Itá,ITANHAÉM - SP,S/I,Sem informação,,,Emenda Individual - Transferências com Finalidade Definida,Urbanismo,infra-estrutura urbana,"745.850,00","0,00","0,00",https://api.portaldatransparencia.gov.br/api-de-dados/emendas
2014,4208005,Itá,IBIRAPITANGA - BA,S/I,Sem informação,,,Emenda Individual - Transferências com Finalidade Definida,Saúde,Atenção básica,"749.819,00","0,00","0,00",https://api.portaldatransparencia.gov.br/api-de-dados/emendas
2014,4208005,Itá,IBITITÁ - BA,S/I,Sem informação,,,Emenda Individual - Transferências com Finalidade Definida,Saúde,Saneamento básico rural,"750.000,00","0,00","0,00",https://api.portaldatransparencia.gov.br/api-de-dados/emendas
2014,4208005,Itá,ITAMARAJU - BA,S/I,Sem informação,,,Emenda Individual - Transferências com Finalidade Definida,Desporto e lazer,Desporto comunitário,"767.325,00","0,00","0,00",https://api.portaldatransparencia.gov.br/api-de-dados/emendas
2014,4208005,Itá,ITABUNA - BA,S/I,Sem informação,,,Emenda Individual - Transferências com Finalidade Definida,Saúde,Atenção básica,"785.144,88","0,00","0,00",https://api.portaldatransparencia.gov.br/api-de-dados/emendas
2014,4208005,Itá,ITAQUAQUECETUBA - SP,S/I,Sem informação,,,Emenda Individual - Transferências com Finalidade Definida,Urbanismo,Transportes coletivos urbanos,"789.800,00","0,00","0,00",https://api.portaldatransparencia.gov.br/api-de-dados/emendas
2014,4208005,Itá,ITAPICURU - BA,S/I,Sem informação,,,Emenda Individual - Transferências com Finalidade Definida,Saúde,Atenção básica,"793.710,00","0,00","0,00",https://api.portaldatransparencia.gov.br/api-de-dados/emendas
2014,4208005,Itá,ITAMARAJU - BA,S/I,Sem informação,,,Emenda Individual - Transferências com Finalidade Definida,Saúde,Assistência hospitalar e ambulatorial,"799.959,00","0,00","0,00",https://api.portaldatransparencia.gov.br/api-de-dados/emendas
2014,4208005,Itá,ITAPORANGA D'AJUDA - SE,S/I,Sem informação,,,Emenda Individual - Transferências com Finalidade Definida,Saúde,Assistência hospitalar e ambulatorial,"800.000,00","0,00","0,00",https://api.portaldatransparencia.gov.br/api-de-dados/emendas
2014,4208005,Itá,ITABAIANA - SE,S/I,Sem informação,,,Emenda Individual - Transferências com Finalidade Definida,Saúde,Atenção básica,"80,00","0,00","0,00",https://api.portaldatransparencia.gov.br/api-de-dados/emendas
2014,4208005,Itá,ITAPERUNA - RJ,S/I,Sem informação,,,Emenda Individual - Transferências com Finalidade Definida,Saúde,Atenção básica,"816.000,00","0,00","0,00",https://api.portaldatransparencia.gov.br/api-de-dados/emendas
2014,4208005,Itá,ITAOCARA - RJ,S/I,Sem informação,,,Emenda Individual - Transferências com Finalidade Definida,Saúde,Atenção básica,"816.000,00","0,00","0,00",https://api.portaldatransparencia.gov.br/api-de-dados/emendas
2014,4208005,Itá,ITAJUÍPE - BA,S/I,Sem informação,,,Emenda Individual - Transferências com Finalidade Definida,Urbanismo,infra-estrutura urbana,"839.250,00","0,00","0,00",https://api.portaldatransparencia.gov.br/api-de-dados/emendas
2014,4208005,Itá,ITATIBA - SP,S/I,Sem informação,,,Emenda Individual - Transferências com Finalidade Definida,Saúde,Atenção básica,"850.863,00","0,00","0,00",https://api.portaldatransparencia.gov.br/api-de-dados/emendas
2014,4208005,Itá,EPITACIOLÂNDIA - AC,S/I,Sem informação,,,Emenda Individual - Transferências com Finalidade Definida,Saúde,Atenção básica,"856.890,00","0,00","0,00",https://api.portaldatransparencia.gov.br/api-de-dados/emendas
2014,4208005,Itá,ITAMARANDIBA - MG,S/I,Sem informação,,,Emenda Individual - Transferências com Finalidade Definida,Saúde,Atenção básica,"874.890,00","0,00","0,00",https://api.portaldatransparencia.gov.br/api-de-dados/emendas
2014,4208005,Itá,MESQUITA - RJ,S/I,Sem informação,,,Emenda Individual - Transferências com Finalidade Definida,Saúde,Atenção básica,"876.600,00","0,00","0,00",https://api.portaldatransparencia.gov.br/api-de-dados/emendas
2014,4208005,Itá,SÃO FRANCISCO DE ITABAPOANA - RJ,S/I,Sem informação,,,Emenda Individual - Transferências com Finalidade Definida,Urbanismo,infra-estrutura urbana,"887.300,00","0,00","0,00",https://api.portaldatransparencia.gov.br/api-de-dados/emendas
2014,4208005,Itá,LAURO DE FREITAS - BA,S/I,Sem informação,,,Emenda Individual - Transferências com Finalidade Definida,Saúde,Assistência hospitalar e ambulatorial,"943.350,00","0,00","0,00",https://api.portaldatransparencia.gov.br/api-de-dados/emendas
2014,4208005,Itá,ITAÚNA - MG,S/I,Sem informação,,,Emenda Individual - Transferências com Finalidade Definida,Urbanismo,infra-estrutura urbana,"945.850,00","0,00","0,00",https://api.portaldatransparencia.gov.br/api-de-dados/emendas
2014,4208005,Itá,IBITITÁ - BA,S/I,Sem informação,,,Emenda Individual - Transferências com Finalidade Definida,Urbanismo,Assistência comunitária,"950.000,00","0,00","0,00",https://api.portaldatransparencia.gov.br/api-de-dados/emendas
2014,4208005,Itá,ITAÍBA - PE,S/I,Sem informação,,,Emenda Individual - Transferências com Finalidade Definida,Comércio e serviços,Turismo,"975.000,00","0,00","0,00",https://api.portaldatransparencia.gov.br/api-de-dados/emendas
2014,4208005,Itá,ITAPIPOCA - CE,S/I,Sem informação,,,Emenda Individual - Transferências com Finalidade Definida,Comércio e serviços,Turismo,"975.000,00","0,00","0,00",https://api.portaldatransparencia.gov.br/api-de-dados/emendas
2014,4208005,Itá,ITAITINGA - CE,S/I,Sem informação,,,Emenda Individual - Transferências com Finalidade Definida,Urbanismo,infra-estrutura urbana,"986.200,00","0,00","0,00",https://api.portaldatransparencia.gov.br/api-de-dados/emendas
2014,4208005,Itá,ITAPERUNA - RJ,S/I,Sem informação,,,Emenda Individual - Transferências com Finalidade Definida,Urbanismo,infra-estrutura urbana,"986.200,00","0,00","0,00",https://api.portaldatransparencia.gov.br/api-de-dados/emendas
2014,4208005,Itá,ITABAIANA - SE,S/I,Sem informação,,,Emenda Individual - Transferências com Finalidade Definida,Urbanismo,infra-estrutura urbana,"987.600,00","0,00","0,00",https://api.portaldatransparencia.gov.br/api-de-dados/emendas
2014,4208005,Itá,ITALVA - RJ,S/I,Sem informação,,,Emenda Individual - Transferências com Finalidade Definida,Urbanismo,infra-estrutura urbana,"990.050,00","0,00","0,00",https://api.portaldatransparencia.gov.br/api-de-dados/emendas
2014,4208005,Itá,ITAITUBA - PA,S/I,Sem informação,,,Emenda Individual - Transferências com Finalidade Definida,Urbanismo,infra-estrutura urbana,"990.567,00","0,00","0,00",https://api.portaldatransparencia.gov.br/api-de-dados/emendas
2014,4208005,Itá,GLÓRIA DO GOITÁ - PE,S/I,Sem informação,,,Emenda Individual - Transferências com Finalidade Definida,Saúde,Atenção básica,"995.940,00","0,00","0,00",https://api.portaldatransparencia.gov.br/api-de-dados/emendas
2014,4208005,Itá,ITABORAÍ - RJ,S/I,Sem informação,,,Emenda Individual - Transferências com Finalidade Definida,Organização agrária,Ordenamento territorial,"100,00","0,00","0,00",https://api.portaldatransparencia.gov.br/api-de-dados/emendas
2014,4208005,Itá,ILHA DE ITAMARACÁ - PE,S/I,Sem informação,,,Emenda Individual - Transferências com Finalidade Definida,Educação,Educação básica,"100,00","0,00","0,00",https://api.portaldatransparencia.gov.br/api-de-dados/emendas
2014,4208005,Itá,ITABIRA - MG,S/I,Sem informação,,,Emenda Individual - Transferências com Finalidade Definida,Saúde,Atenção básica,"1.039.236,00","0,00","0,00",https://api.portaldatransparencia.gov.br/api-de-dados/emendas
2014,4208005,Itá,CACHOEIRO DE ITAPEMIRIM - ES,S/I,Sem informação,,,Emenda Individual - Transferências com Finalidade Definida,Urbanismo,infra-estrutura urbana,"1.133.150,00","0,00","0,00",https://api.portaldatransparencia.gov.br/api-de-dados/emendas
2014,4208005,Itá,MESQUITA - RJ,S/I,Sem informação,,,Emenda Individual - Transferências com Finalidade Definida,Saúde,Assistência hospitalar e ambulatorial,"1.138.268,79","0,00","0,00",https://api.portaldatransparencia.gov.br/api-de-dados/emendas
2014,4208005,Itá,ITAETÉ - BA,S/I,Sem informação,,,Emenda Individual - Transferências com Finalidade Definida,Saúde,Assistência hospitalar e ambulatorial,"1.163.000,00","0,00","0,00",https://api.portaldatransparencia.gov.br/api-de-dados/emendas
2014,4208005,Itá,ITAÍBA - PE,S/I,Sem informação,,,Emenda Individual - Transferências com Finalidade Definida,Urbanismo,infra-estrutura urbana,"1.184.000,00","0,00","0,00",https://api.portaldatransparencia.gov.br/api-de-dados/emendas
2014,4208005,Itá,ITABELA - BA,S/I,Sem informação,,,Emenda Individual - Transferências com Finalidade Definida,Urbanismo,infra-estrutura urbana,"1.240.373,00","0,00","0,00",https://api.portaldatransparencia.gov.br/api-de-dados/emendas
2014,4208005,Itá,ITAPETININGA - SP,S/I,Sem informação,,,Emenda Individual - Transferências com Finalidade Definida,Urbanismo,infra-estrutura urbana,"1.240.540,00","0,00","0,00",https://api.portaldatransparencia.gov.br/api-de-dados/emendas
2014,4208005,Itá,SÃO CAITANO - PE,S/I,Sem informação,,,Emenda Individual - Transferências com Finalidade Definida,Urbanismo,infra-estrutura urbana,"1.321.060,00","0,00","0,00",https://api.portaldatransparencia.gov.br/api-de-dados/emendas
2014,4208005,Itá,TORITAMA - PE,S/I,Sem informação,,,Emenda Individual - Transferências com Finalidade Definida,Saúde,Atenção básica,"1.326.780,00","0,00","0,00",https://api.portaldatransparencia.gov.br/api-de-dados/emendas
2014,4208005,Itá,SANTA RITA - MA,S/I,Sem informação,,,Emenda Individual - Transferências com Finalidade Definida,Saúde,Atenção básica,"1.358.000,00","0,00","0,00",https://api.portaldatransparencia.gov.br/api-de-dados/emendas
2014,4208005,Itá,ITAQUAQUECETUBA - SP,S/I,Sem informação,,,Emenda Individual - Transferências com Finalidade Definida,Urbanismo,infra-estrutura urbana,"1.384.800,00","0,00","0,00",https://api.portaldatransparencia.gov.br/api-de-dados/emendas
2014,4208005,Itá,ITAPETININGA - SP,S/I,Sem informação,,,Emenda Individual - Transferências com Finalidade Definida,Saúde,Atenção básica,"1.445.840,00","0,00","0,00",https://api.portaldatransparencia.gov.br/api-de-dados/emendas
2014,4208005,Itá,ITABUNA - BA,S/I,Sem informação,,,Emenda Individual - Transferências com Finalidade Definida,Saúde,Assistência hospitalar e ambulatorial,"1.486.000,00","0,00","0,00",https://api.portaldatransparencia.gov.br/api-de-dados/emendas
2014,4208005,Itá,EPITACIOLÂNDIA - AC,S/I,Sem informação,,,Emenda Individual - Transferências com Finalidade Definida,Desporto e lazer,Desporto comunitário,"150,00","0,00","0,00",https://api.portaldatransparencia.gov.br/api-de-dados/emendas
2014,4208005,Itá,TEIXEIRA DE FREITAS - BA,S/I,Sem informação,,,Emenda Individual - Transferências com Finalidade Definida,Saúde,Assistência hospitalar e ambulatorial,"1.669.995,98","0,00","0,00",https://api.portaldatransparencia.gov.br/api-de-dados/emendas
2014,4208005,Itá,ITAITUBA - PA,S/I,Sem informação,,,Emenda Individual - Transferências com Finalidade Definida,Saúde,Atenção básica,"1.749.600,00","0,00","0,00",https://api.portaldatransparencia.gov.br/api-de-dados/emendas
2014,4208005,Itá,SANTA RITA - PB,S/I,Sem informação,,,Emenda Individual - Transferências com Finalidade Definida,Saúde,Assistência hospitalar e ambulatorial,"1.789.532,76","0,00","0,00",https://api.portaldatransparencia.gov.br/api-de-dados/emendas
2014,4208005,Itá,ITAQUAQUECETUBA - SP,S/I,Sem informação,,,Emenda Individual - Transferências com Finalidade Definida,Saúde,Atenção básica,"1.835.000,00","0,00","0,00",https://api.portaldatransparencia.gov.br/api-de-dados/emendas
2014,4208005,Itá,SÃO FRANCISCO DE ITABAPOANA - RJ,S/I,Sem informação,,,Emenda Individual - Transferências com Finalidade Definida,Saúde,Atenção básica,"1.899.824,00","0,00","0,00",https://api.portaldatransparencia.gov.br/api-de-dados/emendas
2014,4208005,Itá,ITAITUBA - PA,S/I,Sem informação,,,Emenda Individual - Transferências com Finalidade Definida,Saúde,Assistência hospitalar e ambulatorial,"1.999.780,00","0,00","0,00",https://api.portaldatransparencia.gov.br/api-de-dados/emendas
2014,4208005,Itá,ITABUNA - BA,S/I,Sem informação,,,Emenda Individual - Transferências com Finalidade Definida,Urbanismo,infra-estrutura urbana,"2.827.140,00","0,00","0,00",https://api.portaldatransparencia.gov.br/api-de-dados/emendas
2014,4208005,Itá,CACHOEIRO DE ITAPEMIRIM - ES,S/I,Sem informação,,,Emenda Individual - Transferências com Finalidade Definida,Saúde,Assistência hospitalar e ambulatorial,"400,00","0,00","0,00",https://api.portaldatransparencia.gov.br/api-de-dados/emendas
2014,4208005,Itá,ITABORAÍ - RJ,S/I,Sem informação,,,Emenda Individual - Transferências com Finalidade Definida,Saúde,Assistência hospitalar e ambulatorial,"4.389.255,15","0,00","0,00",https://api.portaldatransparencia.gov.br/api-de-dados/emendas
2014,4208005,Itá,ITAGUAÍ - RJ,S/I,Sem informação,,,Emenda Individual - Transferências com Finalidade Definida,Desporto e lazer,Desporto comunitário,"5.000.000,00","0,00","0,00",https://api.portaldatransparencia.gov.br/api-de-dados/emendas
2014,4208005,Itá,ITABORAÍ - RJ,S/I,Sem informação,,,Emenda Individual - Transferências com Finalidade Definida,Saúde,Atenção básica,"6.396.420,10","0,00","0,00",https://api.portaldatransparencia.gov.br/api-de-dados/emendas
2014,4208005,Itá,ITABORAÍ - RJ,S/I,Sem informação,,,Emenda Individual - Transferências com Finalidade Definida,Urbanismo,infra-estrutura urbana,"9.519.460,00","0,00","0,00",https://api.portaldatransparencia.gov.br/api-de-dados/emendas
2014,4208005,Itá,ITABORAÍ - RJ,S/I,Sem informação,,,Emenda Individual - Transferências com Finalidade Definida,Saúde,Administração geral,"20.717.735,28","0,00","0,00",https://api.portaldatransparencia.gov.br/api-de-dados/emendas
