ano_coleta,fonte_url_pagina,fonte_url_arquivo,arquivo_origem,BLOCO,GRUPO,ESTRATÉGIA,UF,MUNICIPIO,CO_MUNICIPIO_IBGE,QT_POPULACAO,NU_ANO_REFERENCIA_IBGE,CNPJ,ENTIDADE,BANCO,AGENCIA,CONTA,TP_REPASSE,TP_REPASSE_ESTADO,ST_FAF,ST_HU,DT_ULTIMA_LIBERACAO,VL_BRUTO,VL_LIQUIDO,VL_SALDO_CONTA,DT_SALDO_CONTA
2016,https://portalfns.saude.gov.br/wp-content/uploads/2021/12/REPASSE-FAF-COM-POPULACAO-2016.csv,https://portalfns.saude.gov.br/wp-content/uploads/2021/12/REPASSE-FAF-COM-POPULACAO-2016.csv,/home/sallumc/Documents/Omega/02-repos/00-anatomia-do-gasto/data/raw/_shared/fns/repasses_faf_com_populacao/2016/REPASSE-FAF-COM-POPULACAO-2016.csv,ASSISTÊNCIA FARMACÊUTICA,BÁSICO DA ASSISTÊNCIA FARMACÊUTICA,PESSOAS PRIVADAS DE LIBERDADE PRISIONAL - (PNAISP),SP,SAO PAULO,355030,12396372,2021,13851748000140,FUNDO ESTADUAL DE SAUDE - FUNDES,001,01897X,000000087599,ESTADUAL,S,S,N,30/09/2016,"4091605,29","4091605,29","647609,55",31/12/2016
2016,https://portalfns.saude.gov.br/wp-content/uploads/2021/12/REPASSE-FAF-COM-POPULACAO-2016.csv,https://portalfns.saude.gov.br/wp-content/uploads/2021/12/REPASSE-FAF-COM-POPULACAO-2016.csv,/home/sallumc/Documents/Omega/02-repos/00-anatomia-do-gasto/data/raw/_shared/fns/repasses_faf_com_populacao/2016/REPASSE-FAF-COM-POPULACAO-2016.csv,ASSISTÊNCIA FARMACÊUTICA,BÁSICO DA ASSISTÊNCIA FARMACÊUTICA,PROGRAMA DE ASSISTÊNCIA FARMACEUTICA BÁSICA (PARCELAS),SP,SAO PAULO,355030,12396372,2021,13864377000130,FUNDO MUNICIPAL DE SAUDE - FMS,001,01897X,000000087343,MUNICIPAL,N,S,N,26/12/2016,"62521557,54","62521557,54","16364022,94",31/12/2016
2016,https://portalfns.saude.gov.br/wp-content/uploads/2021/12/REPASSE-FAF-COM-POPULACAO-2016.csv,https://portalfns.saude.gov.br/wp-content/uploads/2021/12/REPASSE-FAF-COM-POPULACAO-2016.csv,/home/sallumc/Documents/Omega/02-repos/00-anatomia-do-gasto/data/raw/_shared/fns/repasses_faf_com_populacao/2016/REPASSE-FAF-COM-POPULACAO-2016.csv,ASSISTÊNCIA FARMACÊUTICA,BÁSICO DA ASSISTÊNCIA FARMACÊUTICA,PROGRAMA DE ASSISTÊNCIA FARMACEUTICA BÁSICA (PARCELAS),SP,SAO PAULO,355030,12396372,2021,13851748000140,FUNDO ESTADUAL DE SAUDE - FUNDES,001,01897X,000000087599,ESTADUAL,S,S,N,26/12/2016,"33723197,97","33723197,97","647609,55",31/12/2016
2016,https://portalfns.saude.gov.br/wp-content/uploads/2021/12/REPASSE-FAF-COM-POPULACAO-2016.csv,https://portalfns.saude.gov.br/wp-content/uploads/2021/12/REPASSE-FAF-COM-POPULACAO-2016.csv,/home/sallumc/Documents/Omega/02-repos/00-anatomia-do-gasto/data/raw/_shared/fns/repasses_faf_com_populacao/2016/REPASSE-FAF-COM-POPULACAO-2016.csv,ASSISTÊNCIA FARMACÊUTICA,FARMÁCIA POPULAR,PROGRAMA FARMÁCIA POPULAR DO BRASIL ,SP,SAO PAULO,355030,12396372,2021,13864377000130,FUNDO MUNICIPAL DE SAUDE - FMS,001,01897X,000000087416,MUNICIPAL,N,S,N,29/12/2016,1800000,1800000,"24554169,32",31/12/2016
2016,https://portalfns.saude.gov.br/wp-content/uploads/2021/12/REPASSE-FAF-COM-POPULACAO-2016.csv,https://portalfns.saude.gov.br/wp-content/uploads/2021/12/REPASSE-FAF-COM-POPULACAO-2016.csv,/home/sallumc/Documents/Omega/02-repos/00-anatomia-do-gasto/data/raw/_shared/fns/repasses_faf_com_populacao/2016/REPASSE-FAF-COM-POPULACAO-2016.csv,ASSISTÊNCIA FARMACÊUTICA,MEDICAMENTOS DE DISPENSAÇÃO EXCEPCIONAL - CMDE,PROGRAMA DE AQUISIÇÃO DE MEDICAMENTOS EXCEPCIONAIS,SP,SAO PAULO,355030,12396372,2021,13851748000140,FUNDO ESTADUAL DE SAUDE - FUNDES,001,01897X,000000087637,ESTADUAL,S,S,N,22/12/2016,"354272122,79","354272122,79",0,31/12/2016
2016,https://portalfns.saude.gov.br/wp-content/uploads/2021/12/REPASSE-FAF-COM-POPULACAO-2016.csv,https://portalfns.saude.gov.br/wp-content/uploads/2021/12/REPASSE-FAF-COM-POPULACAO-2016.csv,/home/sallumc/Documents/Omega/02-repos/00-anatomia-do-gasto/data/raw/_shared/fns/repasses_faf_com_populacao/2016/REPASSE-FAF-COM-POPULACAO-2016.csv,ATENÇÃO BÁSICA,PISO DA ATENÇÃO BÁSICA FIXO - PAB FIXO,INCREMENTO TEMPORÁRIO DO PISO DE ATENÇÃO  BÁSICA,SP,SAO PAULO,355030,12396372,2021,13864377000130,FUNDO MUNICIPAL DE SAUDE - FMS,001,01897X,000000087394,MUNICIPAL,N,S,N,27/06/2016,"163333,34","163333,34","51241511,46",31/12/2016
2016,https://portalfns.saude.gov.br/wp-content/uploads/2021/12/REPASSE-FAF-COM-POPULACAO-2016.csv,https://portalfns.saude.gov.br/wp-content/uploads/2021/12/REPASSE-FAF-COM-POPULACAO-2016.csv,/home/sallumc/Documents/Omega/02-repos/00-anatomia-do-gasto/data/raw/_shared/fns/repasses_faf_com_populacao/2016/REPASSE-FAF-COM-POPULACAO-2016.csv,ATENÇÃO BÁSICA,PISO DA ATENÇÃO BÁSICA FIXO - PAB FIXO,INCREMENTO TEMPORÁRIO DO PISO DE ATENÇÃO  BÁSICA,SP,SAO PAULO,355030,12396372,2021,13864377000130,FUNDO MUNICIPAL DE SAUDE - FMS,001,01897X,00000008736X,MUNICIPAL,N,S,N,27/12/2016,"853333,3","853333,3","10461124,99",31/12/2016
2016,https://portalfns.saude.gov.br/wp-content/uploads/2021/12/REPASSE-FAF-COM-POPULACAO-2016.csv,https://portalfns.saude.gov.br/wp-content/uploads/2021/12/REPASSE-FAF-COM-POPULACAO-2016.csv,/home/sallumc/Documents/Omega/02-repos/00-anatomia-do-gasto/data/raw/_shared/fns/repasses_faf_com_populacao/2016/REPASSE-FAF-COM-POPULACAO-2016.csv,ATENÇÃO BÁSICA,PISO DA ATENÇÃO BÁSICA FIXO - PAB FIXO,INCREMENTO TEMPORÁRIO DO PISO DE ATENÇÃO BÁSICA - PARCELA ÚNICA,SP,SAO PAULO,355030,12396372,2021,13864377000130,FUNDO MUNICIPAL DE SAUDE - FMS,001,01897X,00000008736X,MUNICIPAL,N,S,N,29/12/2016,50000,50000,"10461124,99",31/12/2016
2016,https://portalfns.saude.gov.br/wp-content/uploads/2021/12/REPASSE-FAF-COM-POPULACAO-2016.csv,https://portalfns.saude.gov.br/wp-content/uploads/2021/12/REPASSE-FAF-COM-POPULACAO-2016.csv,/home/sallumc/Documents/Omega/02-repos/00-anatomia-do-gasto/data/raw/_shared/fns/repasses_faf_com_populacao/2016/REPASSE-FAF-COM-POPULACAO-2016.csv,ATENÇÃO BÁSICA,PISO DA ATENÇÃO BÁSICA FIXO - PAB FIXO,PAB FIXO,SP,SAO PAULO,355030,12396372,2021,13864377000130,FUNDO MUNICIPAL DE SAUDE - FMS,001,01897X,00000008736X,MUNICIPAL,N,S,N,5/12/2016,"261663755,04","261663755,04","10461124,99",31/12/2016
2016,https://portalfns.saude.gov.br/wp-content/uploads/2021/12/REPASSE-FAF-COM-POPULACAO-2016.csv,https://portalfns.saude.gov.br/wp-content/uploads/2021/12/REPASSE-FAF-COM-POPULACAO-2016.csv,/home/sallumc/Documents/Omega/02-repos/00-anatomia-do-gasto/data/raw/_shared/fns/repasses_faf_com_populacao/2016/REPASSE-FAF-COM-POPULACAO-2016.csv,ATENÇÃO BÁSICA,PISO DA ATENÇÃO BÁSICA FIXO - PAB FIXO,PROGRAMA DE REQUALIFICAÇÃO DE UBS - REFORMAS,SP,SAO PAULO,355030,12396372,2021,13864377000130,FUNDO MUNICIPAL DE SAUDE - FMS,001,01897X,00000008736X,MUNICIPAL,N,S,N,1/07/2016,"909572,4","909572,4","10461124,99",31/12/2016
2016,https://portalfns.saude.gov.br/wp-content/uploads/2021/12/REPASSE-FAF-COM-POPULACAO-2016.csv,https://portalfns.saude.gov.br/wp-content/uploads/2021/12/REPASSE-FAF-COM-POPULACAO-2016.csv,/home/sallumc/Documents/Omega/02-repos/00-anatomia-do-gasto/data/raw/_shared/fns/repasses_faf_com_populacao/2016/REPASSE-FAF-COM-POPULACAO-2016.csv,ATENÇÃO BÁSICA,PISO DA ATENÇÃO BÁSICA VARIÁVEL,AGENTES COMUNITÁRIOS DE SAÚDE - ACS,SP,SAO PAULO,355030,12396372,2021,13864377000130,FUNDO MUNICIPAL DE SAUDE - FMS,001,01897X,00000008736X,MUNICIPAL,N,S,N,23/12/2016,94924596,94924596,"10461124,99",31/12/2016
2016,https://portalfns.saude.gov.br/wp-content/uploads/2021/12/REPASSE-FAF-COM-POPULACAO-2016.csv,https://portalfns.saude.gov.br/wp-content/uploads/2021/12/REPASSE-FAF-COM-POPULACAO-2016.csv,/home/sallumc/Documents/Omega/02-repos/00-anatomia-do-gasto/data/raw/_shared/fns/repasses_faf_com_populacao/2016/REPASSE-FAF-COM-POPULACAO-2016.csv,ATENÇÃO BÁSICA,PISO DA ATENÇÃO BÁSICA VARIÁVEL,ASSISTÊNCIA FINANCEIRA COMPLEMENTAR - ACS - 95 POR CENTO,SP,SAO PAULO,355030,12396372,2021,13864377000130,FUNDO MUNICIPAL DE SAUDE - FMS,001,01897X,00000008736X,MUNICIPAL,N,S,N,26/12/2016,"43348,5","43348,5","10461124,99",31/12/2016
2016,https://portalfns.saude.gov.br/wp-content/uploads/2021/12/REPASSE-FAF-COM-POPULACAO-2016.csv,https://portalfns.saude.gov.br/wp-content/uploads/2021/12/REPASSE-FAF-COM-POPULACAO-2016.csv,/home/sallumc/Documents/Omega/02-repos/00-anatomia-do-gasto/data/raw/_shared/fns/repasses_faf_com_populacao/2016/REPASSE-FAF-COM-POPULACAO-2016.csv,ATENÇÃO BÁSICA,PISO DA ATENÇÃO BÁSICA VARIÁVEL,ATENÇÃO DOMICILIAR (EMAD)  RAU-ADOM,SP,SAO PAULO,355030,12396372,2021,13851748000140,FUNDO ESTADUAL DE SAUDE - FUNDES,001,01897X,000000087602,ESTADUAL,S,S,N,1/03/2016,100000,100000,"1071860,92",31/12/2016
2016,https://portalfns.saude.gov.br/wp-content/uploads/2021/12/REPASSE-FAF-COM-POPULACAO-2016.csv,https://portalfns.saude.gov.br/wp-content/uploads/2021/12/REPASSE-FAF-COM-POPULACAO-2016.csv,/home/sallumc/Documents/Omega/02-repos/00-anatomia-do-gasto/data/raw/_shared/fns/repasses_faf_com_populacao/2016/REPASSE-FAF-COM-POPULACAO-2016.csv,ATENÇÃO BÁSICA,PISO DA ATENÇÃO BÁSICA VARIÁVEL,ATENÇÃO DOMICILIAR (EMAD)  RAU-ADOM,SP,SAO PAULO,355030,12396372,2021,13864377000130,FUNDO MUNICIPAL DE SAUDE - FMS,001,01897X,00000008736X,MUNICIPAL,N,S,N,1/03/2016,2600000,2600000,"10461124,99",31/12/2016
2016,https://portalfns.saude.gov.br/wp-content/uploads/2021/12/REPASSE-FAF-COM-POPULACAO-2016.csv,https://portalfns.saude.gov.br/wp-content/uploads/2021/12/REPASSE-FAF-COM-POPULACAO-2016.csv,/home/sallumc/Documents/Omega/02-repos/00-anatomia-do-gasto/data/raw/_shared/fns/repasses_faf_com_populacao/2016/REPASSE-FAF-COM-POPULACAO-2016.csv,ATENÇÃO BÁSICA,PISO DA ATENÇÃO BÁSICA VARIÁVEL,EMAP - EQUIPES MULTIPROFISSIONAIS DE APOIO (RAU-ADOM),SP,SAO PAULO,355030,12396372,2021,13864377000130,FUNDO MUNICIPAL DE SAUDE - FMS,001,01897X,00000008736X,MUNICIPAL,N,S,N,1/03/2016,108000,108000,"10461124,99",31/12/2016
2016,https://portalfns.saude.gov.br/wp-content/uploads/2021/12/REPASSE-FAF-COM-POPULACAO-2016.csv,https://portalfns.saude.gov.br/wp-content/uploads/2021/12/REPASSE-FAF-COM-POPULACAO-2016.csv,/home/sallumc/Documents/Omega/02-repos/00-anatomia-do-gasto/data/raw/_shared/fns/repasses_faf_com_populacao/2016/REPASSE-FAF-COM-POPULACAO-2016.csv,ATENÇÃO BÁSICA,PISO DA ATENÇÃO BÁSICA VARIÁVEL,EQUIPES DE CONSULTÓRIOS NA RUA (RSM-CRAC-SM),SP,SAO PAULO,355030,12396372,2021,13864377000130,FUNDO MUNICIPAL DE SAUDE - FMS,001,01897X,00000008736X,MUNICIPAL,N,S,N,22/12/2016,6995800,6995800,"10461124,99",31/12/2016
2016,https://portalfns.saude.gov.br/wp-content/uploads/2021/12/REPASSE-FAF-COM-POPULACAO-2016.csv,https://portalfns.saude.gov.br/wp-content/uploads/2021/12/REPASSE-FAF-COM-POPULACAO-2016.csv,/home/sallumc/Documents/Omega/02-repos/00-anatomia-do-gasto/data/raw/_shared/fns/repasses_faf_com_populacao/2016/REPASSE-FAF-COM-POPULACAO-2016.csv,ATENÇÃO BÁSICA,PISO DA ATENÇÃO BÁSICA VARIÁVEL,FORTALEC. DE POL. AFETAS À ATUAÇÃO DA ESTRATÉGIA DE ACS - 5 POR CENTO,SP,SAO PAULO,355030,12396372,2021,13864377000130,FUNDO MUNICIPAL DE SAUDE - FMS,001,01897X,00000008736X,MUNICIPAL,N,S,N,28/12/2016,"2281,5","2281,5","10461124,99",31/12/2016
2016,https://portalfns.saude.gov.br/wp-content/uploads/2021/12/REPASSE-FAF-COM-POPULACAO-2016.csv,https://portalfns.saude.gov.br/wp-content/uploads/2021/12/REPASSE-FAF-COM-POPULACAO-2016.csv,/home/sallumc/Documents/Omega/02-repos/00-anatomia-do-gasto/data/raw/_shared/fns/repasses_faf_com_populacao/2016/REPASSE-FAF-COM-POPULACAO-2016.csv,ATENÇÃO BÁSICA,PISO DA ATENÇÃO BÁSICA VARIÁVEL,INC ADIC ASSISTÊNCIA FINANCEIRA COMPLEMENTAR - ACS - 95 POR CENTO,SP,SAO PAULO,355030,12396372,2021,13864377000130,FUNDO MUNICIPAL DE SAUDE - FMS,001,01897X,00000008736X,MUNICIPAL,N,S,N,22/12/2016,"2889,9","2889,9","10461124,99",31/12/2016
2016,https://portalfns.saude.gov.br/wp-content/uploads/2021/12/REPASSE-FAF-COM-POPULACAO-2016.csv,https://portalfns.saude.gov.br/wp-content/uploads/2021/12/REPASSE-FAF-COM-POPULACAO-2016.csv,/home/sallumc/Documents/Omega/02-repos/00-anatomia-do-gasto/data/raw/_shared/fns/repasses_faf_com_populacao/2016/REPASSE-FAF-COM-POPULACAO-2016.csv,ATENÇÃO BÁSICA,PISO DA ATENÇÃO BÁSICA VARIÁVEL,INC ADIC FORT POL AFETAS À ATUAÇÃO DA ESTRAT DE ACS - 5 POR CENTO,SP,SAO PAULO,355030,12396372,2021,13864377000130,FUNDO MUNICIPAL DE SAUDE - FMS,001,01897X,00000008736X,MUNICIPAL,N,S,N,22/12/2016,"152,1","152,1","10461124,99",31/12/2016
2016,https://portalfns.saude.gov.br/wp-content/uploads/2021/12/REPASSE-FAF-COM-POPULACAO-2016.csv,https://portalfns.saude.gov.br/wp-content/uploads/2021/12/REPASSE-FAF-COM-POPULACAO-2016.csv,/home/sallumc/Documents/Omega/02-repos/00-anatomia-do-gasto/data/raw/_shared/fns/repasses_faf_com_populacao/2016/REPASSE-FAF-COM-POPULACAO-2016.csv,ATENÇÃO BÁSICA,PISO DA ATENÇÃO BÁSICA VARIÁVEL,INCENTIVO ADCIONAL AO PROGRAMA DE AGENTES COMUNITARIOS DE SAUDE,SP,SAO PAULO,355030,12396372,2021,13864377000130,FUNDO MUNICIPAL DE SAUDE - FMS,001,01897X,00000008736X,MUNICIPAL,N,S,N,22/12/2016,7314996,7314996,"10461124,99",31/12/2016
2016,https://portalfns.saude.gov.br/wp-content/uploads/2021/12/REPASSE-FAF-COM-POPULACAO-2016.csv,https://portalfns.saude.gov.br/wp-content/uploads/2021/12/REPASSE-FAF-COM-POPULACAO-2016.csv,/home/sallumc/Documents/Omega/02-repos/00-anatomia-do-gasto/data/raw/_shared/fns/repasses_faf_com_populacao/2016/REPASSE-FAF-COM-POPULACAO-2016.csv,ATENÇÃO BÁSICA,PISO DA ATENÇÃO BÁSICA VARIÁVEL,INCENTIVO ADICIONAL PSF,SP,SAO PAULO,355030,12396372,2021,13864377000130,FUNDO MUNICIPAL DE SAUDE - FMS,001,01897X,00000008736X,MUNICIPAL,N,S,N,22/12/2016,290000,290000,"10461124,99",31/12/2016
2016,https://portalfns.saude.gov.br/wp-content/uploads/2021/12/REPASSE-FAF-COM-POPULACAO-2016.csv,https://portalfns.saude.gov.br/wp-content/uploads/2021/12/REPASSE-FAF-COM-POPULACAO-2016.csv,/home/sallumc/Documents/Omega/02-repos/00-anatomia-do-gasto/data/raw/_shared/fns/repasses_faf_com_populacao/2016/REPASSE-FAF-COM-POPULACAO-2016.csv,ATENÇÃO BÁSICA,PISO DA ATENÇÃO BÁSICA VARIÁVEL,INCENTIVO ADICIONAL SAÚDE BUCAL,SP,SAO PAULO,355030,12396372,2021,13864377000130,FUNDO MUNICIPAL DE SAUDE - FMS,001,01897X,00000008736X,MUNICIPAL,N,S,N,22/12/2016,343000,343000,"10461124,99",31/12/2016
2016,https://portalfns.saude.gov.br/wp-content/uploads/2021/12/REPASSE-FAF-COM-POPULACAO-2016.csv,https://portalfns.saude.gov.br/wp-content/uploads/2021/12/REPASSE-FAF-COM-POPULACAO-2016.csv,/home/sallumc/Documents/Omega/02-repos/00-anatomia-do-gasto/data/raw/_shared/fns/repasses_faf_com_populacao/2016/REPASSE-FAF-COM-POPULACAO-2016.csv,ATENÇÃO BÁSICA,PISO DA ATENÇÃO BÁSICA VARIÁVEL,INCENTIVO AO PROGRAMA ACADEMIA DA SAÚDE - RAB-ACAD,SP,SAO PAULO,355030,12396372,2021,13864377000130,FUNDO MUNICIPAL DE SAUDE - FMS,001,01897X,00000008736X,MUNICIPAL,N,S,N,27/12/2016,360000,360000,"10461124,99",31/12/2016
2016,https://portalfns.saude.gov.br/wp-content/uploads/2021/12/REPASSE-FAF-COM-POPULACAO-2016.csv,https://portalfns.saude.gov.br/wp-content/uploads/2021/12/REPASSE-FAF-COM-POPULACAO-2016.csv,/home/sallumc/Documents/Omega/02-repos/00-anatomia-do-gasto/data/raw/_shared/fns/repasses_faf_com_populacao/2016/REPASSE-FAF-COM-POPULACAO-2016.csv,ATENÇÃO BÁSICA,PISO DA ATENÇÃO BÁSICA VARIÁVEL,INCENTIVO PARA ATENÇÃO À SAÚDE NO SISTEMA PENITENCIÁRIO,SP,SAO PAULO,355030,12396372,2021,13851748000140,FUNDO ESTADUAL DE SAUDE - FUNDES,001,01897X,000000087602,ESTADUAL,S,S,N,30/12/2016,3046680,3046680,"1071860,92",31/12/2016
2016,https://portalfns.saude.gov.br/wp-content/uploads/2021/12/REPASSE-FAF-COM-POPULACAO-2016.csv,https://portalfns.saude.gov.br/wp-content/uploads/2021/12/REPASSE-FAF-COM-POPULACAO-2016.csv,/home/sallumc/Documents/Omega/02-repos/00-anatomia-do-gasto/data/raw/_shared/fns/repasses_faf_com_populacao/2016/REPASSE-FAF-COM-POPULACAO-2016.csv,ATENÇÃO BÁSICA,PISO DA ATENÇÃO BÁSICA VARIÁVEL,NÚCLEOS DE APOIO À SAÚDE DA FAMÍLIA - NASF,SP,SAO PAULO,355030,12396372,2021,13864377000130,FUNDO MUNICIPAL DE SAUDE - FMS,001,01897X,00000008736X,MUNICIPAL,N,S,N,23/12/2016,17980000,17980000,"10461124,99",31/12/2016
2016,https://portalfns.saude.gov.br/wp-content/uploads/2021/12/REPASSE-FAF-COM-POPULACAO-2016.csv,https://portalfns.saude.gov.br/wp-content/uploads/2021/12/REPASSE-FAF-COM-POPULACAO-2016.csv,/home/sallumc/Documents/Omega/02-repos/00-anatomia-do-gasto/data/raw/_shared/fns/repasses_faf_com_populacao/2016/REPASSE-FAF-COM-POPULACAO-2016.csv,ATENÇÃO BÁSICA,PISO DA ATENÇÃO BÁSICA VARIÁVEL,PROGRAMA DE MELHORIA DO ACESSO E DA QUALIDADE - PMAQ (RAB-PMAQ-SM),SP,SAO PAULO,355030,12396372,2021,13864377000130,FUNDO MUNICIPAL DE SAUDE - FMS,001,01897X,00000008736X,MUNICIPAL,N,S,N,23/12/2016,"66973797,03","66973797,03","10461124,99",31/12/2016
2016,https://portalfns.saude.gov.br/wp-content/uploads/2021/12/REPASSE-FAF-COM-POPULACAO-2016.csv,https://portalfns.saude.gov.br/wp-content/uploads/2021/12/REPASSE-FAF-COM-POPULACAO-2016.csv,/home/sallumc/Documents/Omega/02-repos/00-anatomia-do-gasto/data/raw/_shared/fns/repasses_faf_com_populacao/2016/REPASSE-FAF-COM-POPULACAO-2016.csv,ATENÇÃO BÁSICA,PISO DA ATENÇÃO BÁSICA VARIÁVEL,SAÚDE BUCAL - SB,SP,SAO PAULO,355030,12396372,2021,13864377000130,FUNDO MUNICIPAL DE SAUDE - FMS,001,01897X,00000008736X,MUNICIPAL,N,S,N,26/12/2016,10786440,10786440,"10461124,99",31/12/2016
2016,https://portalfns.saude.gov.br/wp-content/uploads/2021/12/REPASSE-FAF-COM-POPULACAO-2016.csv,https://portalfns.saude.gov.br/wp-content/uploads/2021/12/REPASSE-FAF-COM-POPULACAO-2016.csv,/home/sallumc/Documents/Omega/02-repos/00-anatomia-do-gasto/data/raw/_shared/fns/repasses_faf_com_populacao/2016/REPASSE-FAF-COM-POPULACAO-2016.csv,ATENÇÃO BÁSICA,PISO DA ATENÇÃO BÁSICA VARIÁVEL,SAÚDE DA FAMÍLIA - SF,SP,SAO PAULO,355030,12396372,2021,13864377000130,FUNDO MUNICIPAL DE SAUDE - FMS,001,01897X,00000008736X,MUNICIPAL,N,S,N,23/12/2016,"94884341,5","94884341,5","10461124,99",31/12/2016
2016,https://portalfns.saude.gov.br/wp-content/uploads/2021/12/REPASSE-FAF-COM-POPULACAO-2016.csv,https://portalfns.saude.gov.br/wp-content/uploads/2021/12/REPASSE-FAF-COM-POPULACAO-2016.csv,/home/sallumc/Documents/Omega/02-repos/00-anatomia-do-gasto/data/raw/_shared/fns/repasses_faf_com_populacao/2016/REPASSE-FAF-COM-POPULACAO-2016.csv,GESTÃO DO SUS,IMPLANTAÇÃO DE AÇÕES E SERVIÇOS DE SAÚDE,IMPLANTAÇÃO DE LEITOS DE SAÚDE MENTAL (PI) - RSM-RSME,SP,SAO PAULO,355030,12396372,2021,13851748000140,FUNDO ESTADUAL DE SAUDE - FUNDES,001,01897X,000000087610,ESTADUAL,S,S,N,1/03/2016,20000,20000,"8382031,6",31/12/2016
2016,https://portalfns.saude.gov.br/wp-content/uploads/2021/12/REPASSE-FAF-COM-POPULACAO-2016.csv,https://portalfns.saude.gov.br/wp-content/uploads/2021/12/REPASSE-FAF-COM-POPULACAO-2016.csv,/home/sallumc/Documents/Omega/02-repos/00-anatomia-do-gasto/data/raw/_shared/fns/repasses_faf_com_populacao/2016/REPASSE-FAF-COM-POPULACAO-2016.csv,GESTÃO DO SUS,IMPLANTAÇÃO DE AÇÕES E SERVIÇOS DE SAÚDE,INCENTIVO FINANCEIRO AOS SERVIÇOS RESIDÊNCIAIS TERAPÊUTICOS (PI),SP,SAO PAULO,355030,12396372,2021,13864377000130,FUNDO MUNICIPAL DE SAUDE - FMS,001,01897X,000000087378,MUNICIPAL,N,S,N,15/12/2016,340000,340000,"13765076,97",31/12/2016
2016,https://portalfns.saude.gov.br/wp-content/uploads/2021/12/REPASSE-FAF-COM-POPULACAO-2016.csv,https://portalfns.saude.gov.br/wp-content/uploads/2021/12/REPASSE-FAF-COM-POPULACAO-2016.csv,/home/sallumc/Documents/Omega/02-repos/00-anatomia-do-gasto/data/raw/_shared/fns/repasses_faf_com_populacao/2016/REPASSE-FAF-COM-POPULACAO-2016.csv,GESTÃO DO SUS,IMPLANTAÇÃO DE AÇÕES E SERVIÇOS DE SAÚDE,PROGRAMA DE FINANCIAMENTO DAS AÇÕES DE ALIMENTAÇÃO E NUTRIÇÃO (FAN),SP,SAO PAULO,355030,12396372,2021,13864377000130,FUNDO MUNICIPAL DE SAUDE - FMS,001,01897X,000000087378,MUNICIPAL,N,S,N,13/10/2016,100000,100000,"13765076,97",31/12/2016
2016,https://portalfns.saude.gov.br/wp-content/uploads/2021/12/REPASSE-FAF-COM-POPULACAO-2016.csv,https://portalfns.saude.gov.br/wp-content/uploads/2021/12/REPASSE-FAF-COM-POPULACAO-2016.csv,/home/sallumc/Documents/Omega/02-repos/00-anatomia-do-gasto/data/raw/_shared/fns/repasses_faf_com_populacao/2016/REPASSE-FAF-COM-POPULACAO-2016.csv,GESTÃO DO SUS,IMPLANTAÇÃO DE AÇÕES E SERVIÇOS DE SAÚDE,PROGRAMA DE FINANCIAMENTO DAS AÇÕES DE ALIMENTAÇÃO E NUTRIÇÃO (FAN),SP,SAO PAULO,355030,12396372,2021,13851748000140,FUNDO ESTADUAL DE SAUDE - FUNDES,001,01897X,000000087610,ESTADUAL,S,S,N,31/10/2016,150000,150000,"8382031,6",31/12/2016
2016,https://portalfns.saude.gov.br/wp-content/uploads/2021/12/REPASSE-FAF-COM-POPULACAO-2016.csv,https://portalfns.saude.gov.br/wp-content/uploads/2021/12/REPASSE-FAF-COM-POPULACAO-2016.csv,/home/sallumc/Documents/Omega/02-repos/00-anatomia-do-gasto/data/raw/_shared/fns/repasses_faf_com_populacao/2016/REPASSE-FAF-COM-POPULACAO-2016.csv,GESTÃO DO SUS,QUALIFICAÇÃO DA GESTÃO DO SUS,FORMAÇÃO PROFISSIONAL DOS AGENTES COMUNITÁRIOS  DE SAÚDE,SP,SAO PAULO,355030,12396372,2021,13851748000140,FUNDO ESTADUAL DE SAUDE - FUNDES,001,01897X,000000087610,ESTADUAL,S,S,N,6/07/2016,380380,380380,"8382031,6",31/12/2016
2016,https://portalfns.saude.gov.br/wp-content/uploads/2021/12/REPASSE-FAF-COM-POPULACAO-2016.csv,https://portalfns.saude.gov.br/wp-content/uploads/2021/12/REPASSE-FAF-COM-POPULACAO-2016.csv,/home/sallumc/Documents/Omega/02-repos/00-anatomia-do-gasto/data/raw/_shared/fns/repasses_faf_com_populacao/2016/REPASSE-FAF-COM-POPULACAO-2016.csv,GESTÃO DO SUS,QUALIFICAÇÃO DA GESTÃO DO SUS,INCENTIVO A IMPLANTAÇÃO OU IMPLEMENTAÇÃO DE COMPLEXOS REGULADORES,SP,SAO PAULO,355030,12396372,2021,13864377000130,FUNDO MUNICIPAL DE SAUDE - FMS,001,01897X,000000087378,MUNICIPAL,N,S,N,30/12/2016,1895400,1895400,"13765076,97",31/12/2016
2016,https://portalfns.saude.gov.br/wp-content/uploads/2021/12/REPASSE-FAF-COM-POPULACAO-2016.csv,https://portalfns.saude.gov.br/wp-content/uploads/2021/12/REPASSE-FAF-COM-POPULACAO-2016.csv,/home/sallumc/Documents/Omega/02-repos/00-anatomia-do-gasto/data/raw/_shared/fns/repasses_faf_com_populacao/2016/REPASSE-FAF-COM-POPULACAO-2016.csv,INVESTIMENTO,AQUISIÇÃO DE EQUIPAMENTOS E MATERIAL PERMANENTE,ESTRUTURAÇÃO DA REDE DE SERVIÇOS DE ATENÇÃO BÁSICA DE SAÚDE,SP,SAO PAULO,355030,12396372,2021,13864377000130,FUNDO MUNICIPAL DE SAUDE - FMS,001,01897X,000000185450,MUNICIPAL,N,S,N,15/12/2016,820470,820470,"823351,68",31/12/2016
2016,https://portalfns.saude.gov.br/wp-content/uploads/2021/12/REPASSE-FAF-COM-POPULACAO-2016.csv,https://portalfns.saude.gov.br/wp-content/uploads/2021/12/REPASSE-FAF-COM-POPULACAO-2016.csv,/home/sallumc/Documents/Omega/02-repos/00-anatomia-do-gasto/data/raw/_shared/fns/repasses_faf_com_populacao/2016/REPASSE-FAF-COM-POPULACAO-2016.csv,INVESTIMENTO,AQUISIÇÃO DE EQUIPAMENTOS E MATERIAL PERMANENTE,ESTRUTURAÇÃO DA REDE DE SERVIÇOS DE ATENÇÃO BÁSICA DE SAÚDE,SP,SAO PAULO,355030,12396372,2021,13864377000130,FUNDO MUNICIPAL DE SAUDE - FMS,001,01897X,000000181188,MUNICIPAL,N,S,N,4/03/2016,387245,387245,"430748,65",31/12/2016
2016,https://portalfns.saude.gov.br/wp-content/uploads/2021/12/REPASSE-FAF-COM-POPULACAO-2016.csv,https://portalfns.saude.gov.br/wp-content/uploads/2021/12/REPASSE-FAF-COM-POPULACAO-2016.csv,/home/sallumc/Documents/Omega/02-repos/00-anatomia-do-gasto/data/raw/_shared/fns/repasses_faf_com_populacao/2016/REPASSE-FAF-COM-POPULACAO-2016.csv,INVESTIMENTO,AQUISIÇÃO DE EQUIPAMENTOS E MATERIAL PERMANENTE,ESTRUTURAÇÃO DA REDE DE SERVIÇOS DE ATENÇÃO BÁSICA DE SAÚDE,SP,SAO PAULO,355030,12396372,2021,13864377000130,FUNDO MUNICIPAL DE SAUDE - FMS,001,01897X,00000018182X,MUNICIPAL,N,S,N,7/03/2016,190185,190185,"211433,38",31/12/2016
2016,https://portalfns.saude.gov.br/wp-content/uploads/2021/12/REPASSE-FAF-COM-POPULACAO-2016.csv,https://portalfns.saude.gov.br/wp-content/uploads/2021/12/REPASSE-FAF-COM-POPULACAO-2016.csv,/home/sallumc/Documents/Omega/02-repos/00-anatomia-do-gasto/data/raw/_shared/fns/repasses_faf_com_populacao/2016/REPASSE-FAF-COM-POPULACAO-2016.csv,INVESTIMENTO,AQUISIÇÃO DE EQUIPAMENTOS E MATERIAL PERMANENTE,ESTRUTURAÇÃO DA REDE DE SERVIÇOS DE ATENÇÃO BÁSICA DE SAÚDE,SP,SAO PAULO,355030,12396372,2021,13864377000130,FUNDO MUNICIPAL DE SAUDE - FMS,001,01897X,000000185469,MUNICIPAL,N,S,N,16/12/2016,399950,399950,399950,31/12/2016
2016,https://portalfns.saude.gov.br/wp-content/uploads/2021/12/REPASSE-FAF-COM-POPULACAO-2016.csv,https://portalfns.saude.gov.br/wp-content/uploads/2021/12/REPASSE-FAF-COM-POPULACAO-2016.csv,/home/sallumc/Documents/Omega/02-repos/00-anatomia-do-gasto/data/raw/_shared/fns/repasses_faf_com_populacao/2016/REPASSE-FAF-COM-POPULACAO-2016.csv,INVESTIMENTO,AQUISIÇÃO DE EQUIPAMENTOS E MATERIAL PERMANENTE,ESTRUTURAÇÃO DE UNIDADES DE ATENÇÃO ESPECIALIZADA EM SAÚDE,SP,SAO PAULO,355030,12396372,2021,13864377000130,FUNDO MUNICIPAL DE SAUDE - FMS,001,01897X,000000185264,MUNICIPAL,N,S,N,21/12/2016,1494210,1494210,1494210,31/12/2016
2016,https://portalfns.saude.gov.br/wp-content/uploads/2021/12/REPASSE-FAF-COM-POPULACAO-2016.csv,https://portalfns.saude.gov.br/wp-content/uploads/2021/12/REPASSE-FAF-COM-POPULACAO-2016.csv,/home/sallumc/Documents/Omega/02-repos/00-anatomia-do-gasto/data/raw/_shared/fns/repasses_faf_com_populacao/2016/REPASSE-FAF-COM-POPULACAO-2016.csv,INVESTIMENTO,AQUISIÇÃO DE EQUIPAMENTOS E MATERIAL PERMANENTE,ESTRUTURAÇÃO DE UNIDADES DE ATENÇÃO ESPECIALIZADA EM SAÚDE,SP,SAO PAULO,355030,12396372,2021,13864377000130,FUNDO MUNICIPAL DE SAUDE - FMS,001,01897X,000000186279,MUNICIPAL,N,S,N,8/12/2016,99970,99970,"100589,43",31/12/2016
2016,https://portalfns.saude.gov.br/wp-content/uploads/2021/12/REPASSE-FAF-COM-POPULACAO-2016.csv,https://portalfns.saude.gov.br/wp-content/uploads/2021/12/REPASSE-FAF-COM-POPULACAO-2016.csv,/home/sallumc/Documents/Omega/02-repos/00-anatomia-do-gasto/data/raw/_shared/fns/repasses_faf_com_populacao/2016/REPASSE-FAF-COM-POPULACAO-2016.csv,INVESTIMENTO,AQUISIÇÃO DE EQUIPAMENTOS E MATERIAL PERMANENTE,ESTRUTURAÇÃO DE UNIDADES DE ATENÇÃO ESPECIALIZADA EM SAÚDE,SP,SAO PAULO,355030,12396372,2021,13864377000130,FUNDO MUNICIPAL DE SAUDE - FMS,001,01897X,000000181528,MUNICIPAL,N,S,N,4/03/2016,402000,402000,"447161,25",31/12/2016
2016,https://portalfns.saude.gov.br/wp-content/uploads/2021/12/REPASSE-FAF-COM-POPULACAO-2016.csv,https://portalfns.saude.gov.br/wp-content/uploads/2021/12/REPASSE-FAF-COM-POPULACAO-2016.csv,/home/sallumc/Documents/Omega/02-repos/00-anatomia-do-gasto/data/raw/_shared/fns/repasses_faf_com_populacao/2016/REPASSE-FAF-COM-POPULACAO-2016.csv,INVESTIMENTO,AQUISIÇÃO DE EQUIPAMENTOS E MATERIAL PERMANENTE,ESTRUTURAÇÃO DE UNIDADES DE ATENÇÃO ESPECIALIZADA EM SAÚDE,SP,SAO PAULO,355030,12396372,2021,13851748000140,FUNDO ESTADUAL DE SAUDE - FUNDES,001,01897X,000000185256,ESTADUAL,S,S,N,23/06/2016,1700000,1700000,"1781588,73",31/12/2016
2016,https://portalfns.saude.gov.br/wp-content/uploads/2021/12/REPASSE-FAF-COM-POPULACAO-2016.csv,https://portalfns.saude.gov.br/wp-content/uploads/2021/12/REPASSE-FAF-COM-POPULACAO-2016.csv,/home/sallumc/Documents/Omega/02-repos/00-anatomia-do-gasto/data/raw/_shared/fns/repasses_faf_com_populacao/2016/REPASSE-FAF-COM-POPULACAO-2016.csv,INVESTIMENTO,AQUISIÇÃO DE EQUIPAMENTOS E MATERIAL PERMANENTE,ESTRUTURAÇÃO DE UNIDADES DE ATENÇÃO ESPECIALIZADA EM SAÚDE,SP,SAO PAULO,355030,12396372,2021,13851748000140,FUNDO ESTADUAL DE SAUDE - FUNDES,001,01897X,000000182931,ESTADUAL,S,S,N,9/11/2016,"283536,6","283536,6","286632,78",31/12/2016
2016,https://portalfns.saude.gov.br/wp-content/uploads/2021/12/REPASSE-FAF-COM-POPULACAO-2016.csv,https://portalfns.saude.gov.br/wp-content/uploads/2021/12/REPASSE-FAF-COM-POPULACAO-2016.csv,/home/sallumc/Documents/Omega/02-repos/00-anatomia-do-gasto/data/raw/_shared/fns/repasses_faf_com_populacao/2016/REPASSE-FAF-COM-POPULACAO-2016.csv,INVESTIMENTO,AQUISIÇÃO DE EQUIPAMENTOS E MATERIAL PERMANENTE,ESTRUTURAÇÃO DE UNIDADES DE ATENÇÃO ESPECIALIZADA EM SAÚDE,SP,SAO PAULO,355030,12396372,2021,13864377000130,FUNDO MUNICIPAL DE SAUDE - FMS,001,01897X,000000186295,MUNICIPAL,N,S,N,9/12/2016,200000,200000,200000,31/12/2016
2016,https://portalfns.saude.gov.br/wp-content/uploads/2021/12/REPASSE-FAF-COM-POPULACAO-2016.csv,https://portalfns.saude.gov.br/wp-content/uploads/2021/12/REPASSE-FAF-COM-POPULACAO-2016.csv,/home/sallumc/Documents/Omega/02-repos/00-anatomia-do-gasto/data/raw/_shared/fns/repasses_faf_com_populacao/2016/REPASSE-FAF-COM-POPULACAO-2016.csv,INVESTIMENTO,AQUISIÇÃO DE EQUIPAMENTOS E MATERIAL PERMANENTE,ESTRUTURAÇÃO DE UNIDADES DE ATENÇÃO ESPECIALIZADA EM SAÚDE,SP,SAO PAULO,355030,12396372,2021,13864377000130,FUNDO MUNICIPAL DE SAUDE - FMS,001,01897X,000000186287,MUNICIPAL,N,S,N,20/12/2016,500000,500000,500000,31/12/2016
2016,https://portalfns.saude.gov.br/wp-content/uploads/2021/12/REPASSE-FAF-COM-POPULACAO-2016.csv,https://portalfns.saude.gov.br/wp-content/uploads/2021/12/REPASSE-FAF-COM-POPULACAO-2016.csv,/home/sallumc/Documents/Omega/02-repos/00-anatomia-do-gasto/data/raw/_shared/fns/repasses_faf_com_populacao/2016/REPASSE-FAF-COM-POPULACAO-2016.csv,INVESTIMENTO,AQUISIÇÃO DE EQUIPAMENTOS E MATERIAL PERMANENTE,ESTRUTURAÇÃO DE UNIDADES DE ATENÇÃO ESPECIALIZADA EM SAÚDE,SP,SAO PAULO,355030,12396372,2021,13864377000130,FUNDO MUNICIPAL DE SAUDE - FMS,001,01897X,00000018683X,MUNICIPAL,N,S,N,29/12/2016,499910,499910,0,31/12/2016
2016,https://portalfns.saude.gov.br/wp-content/uploads/2021/12/REPASSE-FAF-COM-POPULACAO-2016.csv,https://portalfns.saude.gov.br/wp-content/uploads/2021/12/REPASSE-FAF-COM-POPULACAO-2016.csv,/home/sallumc/Documents/Omega/02-repos/00-anatomia-do-gasto/data/raw/_shared/fns/repasses_faf_com_populacao/2016/REPASSE-FAF-COM-POPULACAO-2016.csv,INVESTIMENTO,AQUISIÇÃO DE EQUIPAMENTOS E MATERIAL PERMANENTE,ESTRUTURAÇÃO DE UNIDADES DE ATENÇÃO ESPECIALIZADA EM SAÚDE,SP,SAO PAULO,355030,12396372,2021,13851748000140,FUNDO ESTADUAL DE SAUDE - FUNDES,001,01897X,000000182478,ESTADUAL,S,S,N,11/04/2016,500000,500000,"533199,71",31/12/2016
2016,https://portalfns.saude.gov.br/wp-content/uploads/2021/12/REPASSE-FAF-COM-POPULACAO-2016.csv,https://portalfns.saude.gov.br/wp-content/uploads/2021/12/REPASSE-FAF-COM-POPULACAO-2016.csv,/home/sallumc/Documents/Omega/02-repos/00-anatomia-do-gasto/data/raw/_shared/fns/repasses_faf_com_populacao/2016/REPASSE-FAF-COM-POPULACAO-2016.csv,INVESTIMENTO,AQUISIÇÃO DE EQUIPAMENTOS E MATERIAL PERMANENTE,ESTRUTURAÇÃO DE UNIDADES DE ATENÇÃO ESPECIALIZADA EM SAÚDE,SP,SAO PAULO,355030,12396372,2021,13864377000130,FUNDO MUNICIPAL DE SAUDE - FMS,001,01897X,000000187135,MUNICIPAL,N,S,N,29/12/2016,1499940,1499940,0,31/12/2016
2016,https://portalfns.saude.gov.br/wp-content/uploads/2021/12/REPASSE-FAF-COM-POPULACAO-2016.csv,https://portalfns.saude.gov.br/wp-content/uploads/2021/12/REPASSE-FAF-COM-POPULACAO-2016.csv,/home/sallumc/Documents/Omega/02-repos/00-anatomia-do-gasto/data/raw/_shared/fns/repasses_faf_com_populacao/2016/REPASSE-FAF-COM-POPULACAO-2016.csv,INVESTIMENTO,AQUISIÇÃO DE EQUIPAMENTOS E MATERIAL PERMANENTE,ESTRUTURAÇÃO DE UNIDADES DE ATENÇÃO ESPECIALIZADA EM SAÚDE,SP,SAO PAULO,355030,12396372,2021,13864377000130,FUNDO MUNICIPAL DE SAUDE - FMS,001,01897X,000000186694,MUNICIPAL,N,S,N,28/12/2016,2448115,2448115,2448115,31/12/2016
2016,https://portalfns.saude.gov.br/wp-content/uploads/2021/12/REPASSE-FAF-COM-POPULACAO-2016.csv,https://portalfns.saude.gov.br/wp-content/uploads/2021/12/REPASSE-FAF-COM-POPULACAO-2016.csv,/home/sallumc/Documents/Omega/02-repos/00-anatomia-do-gasto/data/raw/_shared/fns/repasses_faf_com_populacao/2016/REPASSE-FAF-COM-POPULACAO-2016.csv,INVESTIMENTO,AQUISIÇÃO DE EQUIPAMENTOS E MATERIAL PERMANENTE,ESTRUTURAÇÃO DE UNIDADES DE ATENÇÃO ESPECIALIZADA EM SAÚDE,SP,SAO PAULO,355030,12396372,2021,13864377000130,FUNDO MUNICIPAL DE SAUDE - FMS,001,01897X,000000185329,MUNICIPAL,N,S,N,16/12/2016,993765,993765,"996746,09",31/12/2016
2016,https://portalfns.saude.gov.br/wp-content/uploads/2021/12/REPASSE-FAF-COM-POPULACAO-2016.csv,https://portalfns.saude.gov.br/wp-content/uploads/2021/12/REPASSE-FAF-COM-POPULACAO-2016.csv,/home/sallumc/Documents/Omega/02-repos/00-anatomia-do-gasto/data/raw/_shared/fns/repasses_faf_com_populacao/2016/REPASSE-FAF-COM-POPULACAO-2016.csv,INVESTIMENTO,AQUISIÇÃO DE EQUIPAMENTOS E MATERIAL PERMANENTE,ESTRUTURAÇÃO DE UNIDADES DE ATENÇÃO ESPECIALIZADA EM SAÚDE,SP,SAO PAULO,355030,12396372,2021,13851748000140,FUNDO ESTADUAL DE SAUDE - FUNDES,001,01897X,000000185337,ESTADUAL,S,S,N,9/11/2016,346500,346500,"350283,73",31/12/2016
2016,https://portalfns.saude.gov.br/wp-content/uploads/2021/12/REPASSE-FAF-COM-POPULACAO-2016.csv,https://portalfns.saude.gov.br/wp-content/uploads/2021/12/REPASSE-FAF-COM-POPULACAO-2016.csv,/home/sallumc/Documents/Omega/02-repos/00-anatomia-do-gasto/data/raw/_shared/fns/repasses_faf_com_populacao/2016/REPASSE-FAF-COM-POPULACAO-2016.csv,INVESTIMENTO,AQUISIÇÃO DE EQUIPAMENTOS E MATERIAL PERMANENTE,ESTRUTURAÇÃO DE UNIDADES DE ATENÇÃO ESPECIALIZADA EM SAÚDE,SP,SAO PAULO,355030,12396372,2021,13851748000140,FUNDO ESTADUAL DE SAUDE - FUNDES,001,01897X,000000182583,ESTADUAL,S,S,N,11/04/2016,265000,265000,"282595,85",31/12/2016
2016,https://portalfns.saude.gov.br/wp-content/uploads/2021/12/REPASSE-FAF-COM-POPULACAO-2016.csv,https://portalfns.saude.gov.br/wp-content/uploads/2021/12/REPASSE-FAF-COM-POPULACAO-2016.csv,/home/sallumc/Documents/Omega/02-repos/00-anatomia-do-gasto/data/raw/_shared/fns/repasses_faf_com_populacao/2016/REPASSE-FAF-COM-POPULACAO-2016.csv,INVESTIMENTO,AQUISIÇÃO DE EQUIPAMENTOS E MATERIAL PERMANENTE,ESTRUTURAÇÃO DE UNIDADES DE ATENÇÃO ESPECIALIZADA EM SAÚDE,SP,SAO PAULO,355030,12396372,2021,13851748000140,FUNDO ESTADUAL DE SAUDE - FUNDES,001,01897X,00000018571X,ESTADUAL,S,S,N,30/11/2016,500000,500000,"503460,78",31/12/2016
2016,https://portalfns.saude.gov.br/wp-content/uploads/2021/12/REPASSE-FAF-COM-POPULACAO-2016.csv,https://portalfns.saude.gov.br/wp-content/uploads/2021/12/REPASSE-FAF-COM-POPULACAO-2016.csv,/home/sallumc/Documents/Omega/02-repos/00-anatomia-do-gasto/data/raw/_shared/fns/repasses_faf_com_populacao/2016/REPASSE-FAF-COM-POPULACAO-2016.csv,INVESTIMENTO,AQUISIÇÃO DE EQUIPAMENTOS E MATERIAL PERMANENTE,ESTRUTURAÇÃO DE UNIDADES DE ATENÇÃO ESPECIALIZADA EM SAÚDE,SP,SAO PAULO,355030,12396372,2021,13851748000140,FUNDO ESTADUAL DE SAUDE - FUNDES,001,01897X,000000182591,ESTADUAL,S,S,N,24/06/2016,290000,290000,"2981,86",31/12/2016
2016,https://portalfns.saude.gov.br/wp-content/uploads/2021/12/REPASSE-FAF-COM-POPULACAO-2016.csv,https://portalfns.saude.gov.br/wp-content/uploads/2021/12/REPASSE-FAF-COM-POPULACAO-2016.csv,/home/sallumc/Documents/Omega/02-repos/00-anatomia-do-gasto/data/raw/_shared/fns/repasses_faf_com_populacao/2016/REPASSE-FAF-COM-POPULACAO-2016.csv,INVESTIMENTO,AQUISIÇÃO DE EQUIPAMENTOS E MATERIAL PERMANENTE,ESTRUTURAÇÃO DE UNIDADES DE ATENÇÃO ESPECIALIZADA EM SAÚDE,SP,SAO PAULO,355030,12396372,2021,13851748000140,FUNDO ESTADUAL DE SAUDE - FUNDES,001,01897X,000000184780,ESTADUAL,S,S,N,11/02/2016,500000,500000,"541017,77",31/12/2016
2016,https://portalfns.saude.gov.br/wp-content/uploads/2021/12/REPASSE-FAF-COM-POPULACAO-2016.csv,https://portalfns.saude.gov.br/wp-content/uploads/2021/12/REPASSE-FAF-COM-POPULACAO-2016.csv,/home/sallumc/Documents/Omega/02-repos/00-anatomia-do-gasto/data/raw/_shared/fns/repasses_faf_com_populacao/2016/REPASSE-FAF-COM-POPULACAO-2016.csv,INVESTIMENTO,"CRACK, É POSSÍVEL VENCER",CAPS  (CONSTRUÇÃO),SP,SAO PAULO,355030,12396372,2021,13864377000130,FUNDO MUNICIPAL DE SAUDE - FMS,001,01897X,000000181382,MUNICIPAL,N,S,N,4/03/2016,200000,200000,"222468,28",31/12/2016
2016,https://portalfns.saude.gov.br/wp-content/uploads/2021/12/REPASSE-FAF-COM-POPULACAO-2016.csv,https://portalfns.saude.gov.br/wp-content/uploads/2021/12/REPASSE-FAF-COM-POPULACAO-2016.csv,/home/sallumc/Documents/Omega/02-repos/00-anatomia-do-gasto/data/raw/_shared/fns/repasses_faf_com_populacao/2016/REPASSE-FAF-COM-POPULACAO-2016.csv,INVESTIMENTO,"CRACK, É POSSÍVEL VENCER",CAPS  (CONSTRUÇÃO),SP,SAO PAULO,355030,12396372,2021,13864377000130,FUNDO MUNICIPAL DE SAUDE - FMS,001,01897X,000000181374,MUNICIPAL,N,S,N,4/03/2016,200000,200000,"222357,29",31/12/2016
2016,https://portalfns.saude.gov.br/wp-content/uploads/2021/12/REPASSE-FAF-COM-POPULACAO-2016.csv,https://portalfns.saude.gov.br/wp-content/uploads/2021/12/REPASSE-FAF-COM-POPULACAO-2016.csv,/home/sallumc/Documents/Omega/02-repos/00-anatomia-do-gasto/data/raw/_shared/fns/repasses_faf_com_populacao/2016/REPASSE-FAF-COM-POPULACAO-2016.csv,INVESTIMENTO,"CRACK, É POSSÍVEL VENCER",CAPS  (CONSTRUÇÃO),SP,SAO PAULO,355030,12396372,2021,13864377000130,FUNDO MUNICIPAL DE SAUDE - FMS,001,01897X,000000181358,MUNICIPAL,N,S,N,4/03/2016,200000,200000,"222468,28",31/12/2016
2016,https://portalfns.saude.gov.br/wp-content/uploads/2021/12/REPASSE-FAF-COM-POPULACAO-2016.csv,https://portalfns.saude.gov.br/wp-content/uploads/2021/12/REPASSE-FAF-COM-POPULACAO-2016.csv,/home/sallumc/Documents/Omega/02-repos/00-anatomia-do-gasto/data/raw/_shared/fns/repasses_faf_com_populacao/2016/REPASSE-FAF-COM-POPULACAO-2016.csv,INVESTIMENTO,"CRACK, É POSSÍVEL VENCER",CAPS  (CONSTRUÇÃO),SP,SAO PAULO,355030,12396372,2021,13864377000130,FUNDO MUNICIPAL DE SAUDE - FMS,001,01897X,000000181366,MUNICIPAL,N,S,N,4/03/2016,200000,200000,"222468,28",31/12/2016
2016,https://portalfns.saude.gov.br/wp-content/uploads/2021/12/REPASSE-FAF-COM-POPULACAO-2016.csv,https://portalfns.saude.gov.br/wp-content/uploads/2021/12/REPASSE-FAF-COM-POPULACAO-2016.csv,/home/sallumc/Documents/Omega/02-repos/00-anatomia-do-gasto/data/raw/_shared/fns/repasses_faf_com_populacao/2016/REPASSE-FAF-COM-POPULACAO-2016.csv,INVESTIMENTO,IMPLANTAÇÃO DE AÇÕES E SERVIÇOS DE SAÚDE,PROGRAMA DE FINANCIAMENTO DAS AÇÕES DE ALIMENTAÇÃO E NUTRIÇÃO (VAN),SP,SAO PAULO,355030,12396372,2021,13864377000130,FUNDO MUNICIPAL DE SAUDE - FMS,001,01897X,00000018599X,MUNICIPAL,N,S,N,28/11/2016,16500,16500,"16686,14",31/12/2016
2016,https://portalfns.saude.gov.br/wp-content/uploads/2021/12/REPASSE-FAF-COM-POPULACAO-2016.csv,https://portalfns.saude.gov.br/wp-content/uploads/2021/12/REPASSE-FAF-COM-POPULACAO-2016.csv,/home/sallumc/Documents/Omega/02-repos/00-anatomia-do-gasto/data/raw/_shared/fns/repasses_faf_com_populacao/2016/REPASSE-FAF-COM-POPULACAO-2016.csv,INVESTIMENTO,PRÉ-HOSPITALAR FIXO DAS REDES DE ATENÇÃO INTEGRAL ÀS URGÊNCIAS,UNIDADE DE PRONTO ATENDIMENTO - UPA,SP,SAO PAULO,355030,12396372,2021,13864377000130,FUNDO MUNICIPAL DE SAUDE - FMS,001,01897X,000000095451,MUNICIPAL,N,S,N,30/11/2016,3200000,3200000,"3630995,83",31/12/2016
2016,https://portalfns.saude.gov.br/wp-content/uploads/2021/12/REPASSE-FAF-COM-POPULACAO-2016.csv,https://portalfns.saude.gov.br/wp-content/uploads/2021/12/REPASSE-FAF-COM-POPULACAO-2016.csv,/home/sallumc/Documents/Omega/02-repos/00-anatomia-do-gasto/data/raw/_shared/fns/repasses_faf_com_populacao/2016/REPASSE-FAF-COM-POPULACAO-2016.csv,INVESTIMENTO,PRÉ-HOSPITALAR FIXO DAS REDES DE ATENÇÃO INTEGRAL ÀS URGÊNCIAS,UNIDADE DE PRONTO ATENDIMENTO - UPA,SP,SAO PAULO,355030,12396372,2021,13864377000130,FUNDO MUNICIPAL DE SAUDE - FMS,001,01897X,000000095265,MUNICIPAL,N,S,N,29/11/2016,3200000,3200000,"3238986,83",31/12/2016
2016,https://portalfns.saude.gov.br/wp-content/uploads/2021/12/REPASSE-FAF-COM-POPULACAO-2016.csv,https://portalfns.saude.gov.br/wp-content/uploads/2021/12/REPASSE-FAF-COM-POPULACAO-2016.csv,/home/sallumc/Documents/Omega/02-repos/00-anatomia-do-gasto/data/raw/_shared/fns/repasses_faf_com_populacao/2016/REPASSE-FAF-COM-POPULACAO-2016.csv,INVESTIMENTO,PRÉ-HOSPITALAR FIXO DAS REDES DE ATENÇÃO INTEGRAL ÀS URGÊNCIAS,UNIDADE DE PRONTO ATENDIMENTO - UPA,SP,SAO PAULO,355030,12396372,2021,13864377000130,FUNDO MUNICIPAL DE SAUDE - FMS,001,01897X,000000095370,MUNICIPAL,N,S,N,19/10/2016,400000,400000,"419095,96",31/12/2016
2016,https://portalfns.saude.gov.br/wp-content/uploads/2021/12/REPASSE-FAF-COM-POPULACAO-2016.csv,https://portalfns.saude.gov.br/wp-content/uploads/2021/12/REPASSE-FAF-COM-POPULACAO-2016.csv,/home/sallumc/Documents/Omega/02-repos/00-anatomia-do-gasto/data/raw/_shared/fns/repasses_faf_com_populacao/2016/REPASSE-FAF-COM-POPULACAO-2016.csv,INVESTIMENTO,REDE VIVER SEM LIMITES,CENTRO ESPECIALIZADO EM REABILITAÇÃO (CONSTRUÇÃO),SP,SAO PAULO,355030,12396372,2021,13864377000130,FUNDO MUNICIPAL DE SAUDE - FMS,001,01897X,00000018361X,MUNICIPAL,N,S,N,19/02/2016,500000,500000,"533944,15",31/12/2016
2016,https://portalfns.saude.gov.br/wp-content/uploads/2021/12/REPASSE-FAF-COM-POPULACAO-2016.csv,https://portalfns.saude.gov.br/wp-content/uploads/2021/12/REPASSE-FAF-COM-POPULACAO-2016.csv,/home/sallumc/Documents/Omega/02-repos/00-anatomia-do-gasto/data/raw/_shared/fns/repasses_faf_com_populacao/2016/REPASSE-FAF-COM-POPULACAO-2016.csv,MÉDIA E ALTA COMPLEXIDADE AMBULATORIAL E HOSPITALAR,FUNDO DE AÇÕES ESTRATÉGICAS E COMPENSAÇÃO - FAEC,FAEC - CIRURGIAS ELETIVAS - COMPONENTE ÚNICO,SP,SAO PAULO,355030,12396372,2021,13851748000140,FUNDO ESTADUAL DE SAUDE - FUNDES,001,01897X,000000087629,ESTADUAL,S,S,N,23/12/2016,"666526,59","666526,59","2552491,5",31/12/2016
2016,https://portalfns.saude.gov.br/wp-content/uploads/2021/12/REPASSE-FAF-COM-POPULACAO-2016.csv,https://portalfns.saude.gov.br/wp-content/uploads/2021/12/REPASSE-FAF-COM-POPULACAO-2016.csv,/home/sallumc/Documents/Omega/02-repos/00-anatomia-do-gasto/data/raw/_shared/fns/repasses_faf_com_populacao/2016/REPASSE-FAF-COM-POPULACAO-2016.csv,MÉDIA E ALTA COMPLEXIDADE AMBULATORIAL E HOSPITALAR,FUNDO DE AÇÕES ESTRATÉGICAS E COMPENSAÇÃO - FAEC,FAEC - CIRURGIAS ELETIVAS - COMPONENTE ÚNICO,SP,SAO PAULO,355030,12396372,2021,13864377000130,FUNDO MUNICIPAL DE SAUDE - FMS,001,01897X,000000087394,MUNICIPAL,N,S,N,23/12/2016,"18570709,94","18570709,94","51241511,46",31/12/2016
2016,https://portalfns.saude.gov.br/wp-content/uploads/2021/12/REPASSE-FAF-COM-POPULACAO-2016.csv,https://portalfns.saude.gov.br/wp-content/uploads/2021/12/REPASSE-FAF-COM-POPULACAO-2016.csv,/home/sallumc/Documents/Omega/02-repos/00-anatomia-do-gasto/data/raw/_shared/fns/repasses_faf_com_populacao/2016/REPASSE-FAF-COM-POPULACAO-2016.csv,MÉDIA E ALTA COMPLEXIDADE AMBULATORIAL E HOSPITALAR,FUNDO DE AÇÕES ESTRATÉGICAS E COMPENSAÇÃO - FAEC,FAEC AIH - CENTRAL NACIONAL DE REGULAÇÃO DE ALTA COMPLEXIDADE - CNRAC,SP,SAO PAULO,355030,12396372,2021,13851748000140,FUNDO ESTADUAL DE SAUDE - FUNDES,001,01897X,000000087629,ESTADUAL,S,S,N,26/12/2016,"1500961,45","1500961,45","2552491,5",31/12/2016
2016,https://portalfns.saude.gov.br/wp-content/uploads/2021/12/REPASSE-FAF-COM-POPULACAO-2016.csv,https://portalfns.saude.gov.br/wp-content/uploads/2021/12/REPASSE-FAF-COM-POPULACAO-2016.csv,/home/sallumc/Documents/Omega/02-repos/00-anatomia-do-gasto/data/raw/_shared/fns/repasses_faf_com_populacao/2016/REPASSE-FAF-COM-POPULACAO-2016.csv,MÉDIA E ALTA COMPLEXIDADE AMBULATORIAL E HOSPITALAR,FUNDO DE AÇÕES ESTRATÉGICAS E COMPENSAÇÃO - FAEC,FAEC AIH - CIRURGIA DO APARELHO CIRCULATÓRIO,SP,SAO PAULO,355030,12396372,2021,13851748000140,FUNDO ESTADUAL DE SAUDE - FUNDES,001,01897X,000000087629,ESTADUAL,S,S,N,26/12/2016,"18920573,55","18920573,55","2552491,5",31/12/2016
2016,https://portalfns.saude.gov.br/wp-content/uploads/2021/12/REPASSE-FAF-COM-POPULACAO-2016.csv,https://portalfns.saude.gov.br/wp-content/uploads/2021/12/REPASSE-FAF-COM-POPULACAO-2016.csv,/home/sallumc/Documents/Omega/02-repos/00-anatomia-do-gasto/data/raw/_shared/fns/repasses_faf_com_populacao/2016/REPASSE-FAF-COM-POPULACAO-2016.csv,MÉDIA E ALTA COMPLEXIDADE AMBULATORIAL E HOSPITALAR,FUNDO DE AÇÕES ESTRATÉGICAS E COMPENSAÇÃO - FAEC,FAEC AIH - CIRURGIA DO APARELHO CIRCULATÓRIO,SP,SAO PAULO,355030,12396372,2021,13864377000130,FUNDO MUNICIPAL DE SAUDE - FMS,001,01897X,000000087394,MUNICIPAL,N,S,N,26/12/2016,"1246974,5","1246974,5","51241511,46",31/12/2016
2016,https://portalfns.saude.gov.br/wp-content/uploads/2021/12/REPASSE-FAF-COM-POPULACAO-2016.csv,https://portalfns.saude.gov.br/wp-content/uploads/2021/12/REPASSE-FAF-COM-POPULACAO-2016.csv,/home/sallumc/Documents/Omega/02-repos/00-anatomia-do-gasto/data/raw/_shared/fns/repasses_faf_com_populacao/2016/REPASSE-FAF-COM-POPULACAO-2016.csv,MÉDIA E ALTA COMPLEXIDADE AMBULATORIAL E HOSPITALAR,FUNDO DE AÇÕES ESTRATÉGICAS E COMPENSAÇÃO - FAEC,"FAEC AIH - CIRURGIA DO APARELHO DIGESTIVO, ORGÃOS ANEXOS E PAREDE ABDO",SP,SAO PAULO,355030,12396372,2021,13851748000140,FUNDO ESTADUAL DE SAUDE - FUNDES,001,01897X,000000087629,ESTADUAL,S,S,N,26/12/2016,"9308657,21","9308657,21","2552491,5",31/12/2016
2016,https://portalfns.saude.gov.br/wp-content/uploads/2021/12/REPASSE-FAF-COM-POPULACAO-2016.csv,https://portalfns.saude.gov.br/wp-content/uploads/2021/12/REPASSE-FAF-COM-POPULACAO-2016.csv,/home/sallumc/Documents/Omega/02-repos/00-anatomia-do-gasto/data/raw/_shared/fns/repasses_faf_com_populacao/2016/REPASSE-FAF-COM-POPULACAO-2016.csv,MÉDIA E ALTA COMPLEXIDADE AMBULATORIAL E HOSPITALAR,FUNDO DE AÇÕES ESTRATÉGICAS E COMPENSAÇÃO - FAEC,FAEC AIH - CIRURGIA OROFACIAL,SP,SAO PAULO,355030,12396372,2021,13864377000130,FUNDO MUNICIPAL DE SAUDE - FMS,001,01897X,000000087394,MUNICIPAL,N,S,N,26/12/2016,"105526,65","76021,12","51241511,46",31/12/2016
2016,https://portalfns.saude.gov.br/wp-content/uploads/2021/12/REPASSE-FAF-COM-POPULACAO-2016.csv,https://portalfns.saude.gov.br/wp-content/uploads/2021/12/REPASSE-FAF-COM-POPULACAO-2016.csv,/home/sallumc/Documents/Omega/02-repos/00-anatomia-do-gasto/data/raw/_shared/fns/repasses_faf_com_populacao/2016/REPASSE-FAF-COM-POPULACAO-2016.csv,MÉDIA E ALTA COMPLEXIDADE AMBULATORIAL E HOSPITALAR,FUNDO DE AÇÕES ESTRATÉGICAS E COMPENSAÇÃO - FAEC,FAEC AIH - CIRURGIA OROFACIAL,SP,SAO PAULO,355030,12396372,2021,13851748000140,FUNDO ESTADUAL DE SAUDE - FUNDES,001,01897X,000000087629,ESTADUAL,S,S,N,26/12/2016,"1068479,09","1068479,09","2552491,5",31/12/2016
2016,https://portalfns.saude.gov.br/wp-content/uploads/2021/12/REPASSE-FAF-COM-POPULACAO-2016.csv,https://portalfns.saude.gov.br/wp-content/uploads/2021/12/REPASSE-FAF-COM-POPULACAO-2016.csv,/home/sallumc/Documents/Omega/02-repos/00-anatomia-do-gasto/data/raw/_shared/fns/repasses_faf_com_populacao/2016/REPASSE-FAF-COM-POPULACAO-2016.csv,MÉDIA E ALTA COMPLEXIDADE AMBULATORIAL E HOSPITALAR,FUNDO DE AÇÕES ESTRATÉGICAS E COMPENSAÇÃO - FAEC,FAEC AIH - CIRURGIAS ELETIVAS - COMPONENTE ÚNICO,SP,SAO PAULO,355030,12396372,2021,13851748000140,FUNDO ESTADUAL DE SAUDE - FUNDES,001,01897X,000000087629,ESTADUAL,S,S,N,29/04/2016,"4443282,38","4443282,38","2552491,5",31/12/2016
2016,https://portalfns.saude.gov.br/wp-content/uploads/2021/12/REPASSE-FAF-COM-POPULACAO-2016.csv,https://portalfns.saude.gov.br/wp-content/uploads/2021/12/REPASSE-FAF-COM-POPULACAO-2016.csv,/home/sallumc/Documents/Omega/02-repos/00-anatomia-do-gasto/data/raw/_shared/fns/repasses_faf_com_populacao/2016/REPASSE-FAF-COM-POPULACAO-2016.csv,MÉDIA E ALTA COMPLEXIDADE AMBULATORIAL E HOSPITALAR,FUNDO DE AÇÕES ESTRATÉGICAS E COMPENSAÇÃO - FAEC,FAEC AIH - CIRURGIAS ELETIVAS - COMPONENTE ÚNICO,SP,SAO PAULO,355030,12396372,2021,13864377000130,FUNDO MUNICIPAL DE SAUDE - FMS,001,01897X,000000087394,MUNICIPAL,N,S,N,29/04/2016,"6953022,53","6953022,53","51241511,46",31/12/2016
2016,https://portalfns.saude.gov.br/wp-content/uploads/2021/12/REPASSE-FAF-COM-POPULACAO-2016.csv,https://portalfns.saude.gov.br/wp-content/uploads/2021/12/REPASSE-FAF-COM-POPULACAO-2016.csv,/home/sallumc/Documents/Omega/02-repos/00-anatomia-do-gasto/data/raw/_shared/fns/repasses_faf_com_populacao/2016/REPASSE-FAF-COM-POPULACAO-2016.csv,MÉDIA E ALTA COMPLEXIDADE AMBULATORIAL E HOSPITALAR,FUNDO DE AÇÕES ESTRATÉGICAS E COMPENSAÇÃO - FAEC,FAEC AIH - OUTRAS CIRURGIAS PLÁSTICAS/REPARADORAS,SP,SAO PAULO,355030,12396372,2021,13851748000140,FUNDO ESTADUAL DE SAUDE - FUNDES,001,01897X,000000087629,ESTADUAL,S,S,N,26/12/2016,"322412,37","322412,37","2552491,5",31/12/2016
2016,https://portalfns.saude.gov.br/wp-content/uploads/2021/12/REPASSE-FAF-COM-POPULACAO-2016.csv,https://portalfns.saude.gov.br/wp-content/uploads/2021/12/REPASSE-FAF-COM-POPULACAO-2016.csv,/home/sallumc/Documents/Omega/02-repos/00-anatomia-do-gasto/data/raw/_shared/fns/repasses_faf_com_populacao/2016/REPASSE-FAF-COM-POPULACAO-2016.csv,MÉDIA E ALTA COMPLEXIDADE AMBULATORIAL E HOSPITALAR,FUNDO DE AÇÕES ESTRATÉGICAS E COMPENSAÇÃO - FAEC,FAEC AIH - PRÓTESE MAMÁRIA - CIRURGIA,SP,SAO PAULO,355030,12396372,2021,13851748000140,FUNDO ESTADUAL DE SAUDE - FUNDES,001,01897X,000000087629,ESTADUAL,S,S,N,26/12/2016,"73565,81","73565,81","2552491,5",31/12/2016
2016,https://portalfns.saude.gov.br/wp-content/uploads/2021/12/REPASSE-FAF-COM-POPULACAO-2016.csv,https://portalfns.saude.gov.br/wp-content/uploads/2021/12/REPASSE-FAF-COM-POPULACAO-2016.csv,/home/sallumc/Documents/Omega/02-repos/00-anatomia-do-gasto/data/raw/_shared/fns/repasses_faf_com_populacao/2016/REPASSE-FAF-COM-POPULACAO-2016.csv,MÉDIA E ALTA COMPLEXIDADE AMBULATORIAL E HOSPITALAR,FUNDO DE AÇÕES ESTRATÉGICAS E COMPENSAÇÃO - FAEC,FAEC AIH - PRÓTESE MAMÁRIA - CIRURGIA,SP,SAO PAULO,355030,12396372,2021,13864377000130,FUNDO MUNICIPAL DE SAUDE - FMS,001,01897X,000000087394,MUNICIPAL,N,S,N,31/10/2016,"13823,78","13823,78","51241511,46",31/12/2016
2016,https://portalfns.saude.gov.br/wp-content/uploads/2021/12/REPASSE-FAF-COM-POPULACAO-2016.csv,https://portalfns.saude.gov.br/wp-content/uploads/2021/12/REPASSE-FAF-COM-POPULACAO-2016.csv,/home/sallumc/Documents/Omega/02-repos/00-anatomia-do-gasto/data/raw/_shared/fns/repasses_faf_com_populacao/2016/REPASSE-FAF-COM-POPULACAO-2016.csv,MÉDIA E ALTA COMPLEXIDADE AMBULATORIAL E HOSPITALAR,FUNDO DE AÇÕES ESTRATÉGICAS E COMPENSAÇÃO - FAEC,FAEC AIH - REDESIGNAÇÃO E ACOMPANHAMENTO,SP,SAO PAULO,355030,12396372,2021,13851748000140,FUNDO ESTADUAL DE SAUDE - FUNDES,001,01897X,000000087629,ESTADUAL,S,S,N,25/11/2016,"40373,71","40373,71","2552491,5",31/12/2016
2016,https://portalfns.saude.gov.br/wp-content/uploads/2021/12/REPASSE-FAF-COM-POPULACAO-2016.csv,https://portalfns.saude.gov.br/wp-content/uploads/2021/12/REPASSE-FAF-COM-POPULACAO-2016.csv,/home/sallumc/Documents/Omega/02-repos/00-anatomia-do-gasto/data/raw/_shared/fns/repasses_faf_com_populacao/2016/REPASSE-FAF-COM-POPULACAO-2016.csv,MÉDIA E ALTA COMPLEXIDADE AMBULATORIAL E HOSPITALAR,FUNDO DE AÇÕES ESTRATÉGICAS E COMPENSAÇÃO - FAEC,FAEC AIH - SEQUENCIAIS,SP,SAO PAULO,355030,12396372,2021,13851748000140,FUNDO ESTADUAL DE SAUDE - FUNDES,001,01897X,000000087629,ESTADUAL,S,S,N,30/09/2016,"3451,71","3451,71","2552491,5",31/12/2016
2016,https://portalfns.saude.gov.br/wp-content/uploads/2021/12/REPASSE-FAF-COM-POPULACAO-2016.csv,https://portalfns.saude.gov.br/wp-content/uploads/2021/12/REPASSE-FAF-COM-POPULACAO-2016.csv,/home/sallumc/Documents/Omega/02-repos/00-anatomia-do-gasto/data/raw/_shared/fns/repasses_faf_com_populacao/2016/REPASSE-FAF-COM-POPULACAO-2016.csv,MÉDIA E ALTA COMPLEXIDADE AMBULATORIAL E HOSPITALAR,FUNDO DE AÇÕES ESTRATÉGICAS E COMPENSAÇÃO - FAEC,"FAEC AIH - TRANSPLANTES DE ORGÃOS, TECIDOS E CÉLULAS",SP,SAO PAULO,355030,12396372,2021,13851748000140,FUNDO ESTADUAL DE SAUDE - FUNDES,001,01897X,000000087629,ESTADUAL,S,S,N,26/12/2016,"159190913,86","159190913,86","2552491,5",31/12/2016
2016,https://portalfns.saude.gov.br/wp-content/uploads/2021/12/REPASSE-FAF-COM-POPULACAO-2016.csv,https://portalfns.saude.gov.br/wp-content/uploads/2021/12/REPASSE-FAF-COM-POPULACAO-2016.csv,/home/sallumc/Documents/Omega/02-repos/00-anatomia-do-gasto/data/raw/_shared/fns/repasses_faf_com_populacao/2016/REPASSE-FAF-COM-POPULACAO-2016.csv,MÉDIA E ALTA COMPLEXIDADE AMBULATORIAL E HOSPITALAR,FUNDO DE AÇÕES ESTRATÉGICAS E COMPENSAÇÃO - FAEC,"FAEC AIH - TRANSPLANTES DE ORGÃOS, TECIDOS E CÉLULAS",SP,SAO PAULO,355030,12396372,2021,13864377000130,FUNDO MUNICIPAL DE SAUDE - FMS,001,01897X,000000087394,MUNICIPAL,N,S,N,26/12/2016,"72473167,98","71267311,85","51241511,46",31/12/2016
2016,https://portalfns.saude.gov.br/wp-content/uploads/2021/12/REPASSE-FAF-COM-POPULACAO-2016.csv,https://portalfns.saude.gov.br/wp-content/uploads/2021/12/REPASSE-FAF-COM-POPULACAO-2016.csv,/home/sallumc/Documents/Omega/02-repos/00-anatomia-do-gasto/data/raw/_shared/fns/repasses_faf_com_populacao/2016/REPASSE-FAF-COM-POPULACAO-2016.csv,MÉDIA E ALTA COMPLEXIDADE AMBULATORIAL E HOSPITALAR,FUNDO DE AÇÕES ESTRATÉGICAS E COMPENSAÇÃO - FAEC,FAEC AIH - TRATAMENTO DE DOENÇAS DO SISTEMA NERVOSO CENTRAL E PERIFÉRI,SP,SAO PAULO,355030,12396372,2021,13851748000140,FUNDO ESTADUAL DE SAUDE - FUNDES,001,01897X,000000087629,ESTADUAL,S,S,N,26/12/2016,"353996,53","353996,53","2552491,5",31/12/2016
2016,https://portalfns.saude.gov.br/wp-content/uploads/2021/12/REPASSE-FAF-COM-POPULACAO-2016.csv,https://portalfns.saude.gov.br/wp-content/uploads/2021/12/REPASSE-FAF-COM-POPULACAO-2016.csv,/home/sallumc/Documents/Omega/02-repos/00-anatomia-do-gasto/data/raw/_shared/fns/repasses_faf_com_populacao/2016/REPASSE-FAF-COM-POPULACAO-2016.csv,MÉDIA E ALTA COMPLEXIDADE AMBULATORIAL E HOSPITALAR,FUNDO DE AÇÕES ESTRATÉGICAS E COMPENSAÇÃO - FAEC,FAEC AIH - TRATAMENTO EM ONCOLOGIA (RCA - RCAN - PO 0008),SP,SAO PAULO,355030,12396372,2021,13851748000140,FUNDO ESTADUAL DE SAUDE - FUNDES,001,01897X,000000087629,ESTADUAL,S,S,N,26/12/2016,"199506,4","199506,4","2552491,5",31/12/2016
2016,https://portalfns.saude.gov.br/wp-content/uploads/2021/12/REPASSE-FAF-COM-POPULACAO-2016.csv,https://portalfns.saude.gov.br/wp-content/uploads/2021/12/REPASSE-FAF-COM-POPULACAO-2016.csv,/home/sallumc/Documents/Omega/02-repos/00-anatomia-do-gasto/data/raw/_shared/fns/repasses_faf_com_populacao/2016/REPASSE-FAF-COM-POPULACAO-2016.csv,MÉDIA E ALTA COMPLEXIDADE AMBULATORIAL E HOSPITALAR,FUNDO DE AÇÕES ESTRATÉGICAS E COMPENSAÇÃO - FAEC,FAEC AIH - TRATAMENTO EM ONCOLOGIA (RCA - RCAN - PO 0008),SP,SAO PAULO,355030,12396372,2021,13864377000130,FUNDO MUNICIPAL DE SAUDE - FMS,001,01897X,000000087394,MUNICIPAL,N,S,N,28/11/2016,"5452,11","5452,11","51241511,46",31/12/2016
2016,https://portalfns.saude.gov.br/wp-content/uploads/2021/12/REPASSE-FAF-COM-POPULACAO-2016.csv,https://portalfns.saude.gov.br/wp-content/uploads/2021/12/REPASSE-FAF-COM-POPULACAO-2016.csv,/home/sallumc/Documents/Omega/02-repos/00-anatomia-do-gasto/data/raw/_shared/fns/repasses_faf_com_populacao/2016/REPASSE-FAF-COM-POPULACAO-2016.csv,MÉDIA E ALTA COMPLEXIDADE AMBULATORIAL E HOSPITALAR,FUNDO DE AÇÕES ESTRATÉGICAS E COMPENSAÇÃO - FAEC,FAEC AIH - TRATAMENTOS ODONTOLÓGICOS,SP,SAO PAULO,355030,12396372,2021,13864377000130,FUNDO MUNICIPAL DE SAUDE - FMS,001,01897X,000000087394,MUNICIPAL,N,S,N,26/12/2016,"15180,24","14195,22","51241511,46",31/12/2016
2016,https://portalfns.saude.gov.br/wp-content/uploads/2021/12/REPASSE-FAF-COM-POPULACAO-2016.csv,https://portalfns.saude.gov.br/wp-content/uploads/2021/12/REPASSE-FAF-COM-POPULACAO-2016.csv,/home/sallumc/Documents/Omega/02-repos/00-anatomia-do-gasto/data/raw/_shared/fns/repasses_faf_com_populacao/2016/REPASSE-FAF-COM-POPULACAO-2016.csv,MÉDIA E ALTA COMPLEXIDADE AMBULATORIAL E HOSPITALAR,FUNDO DE AÇÕES ESTRATÉGICAS E COMPENSAÇÃO - FAEC,FAEC AIH - TRATAMENTOS ODONTOLÓGICOS,SP,SAO PAULO,355030,12396372,2021,13851748000140,FUNDO ESTADUAL DE SAUDE - FUNDES,001,01897X,000000087629,ESTADUAL,S,S,N,26/12/2016,"526720,33","526720,33","2552491,5",31/12/2016
2016,https://portalfns.saude.gov.br/wp-content/uploads/2021/12/REPASSE-FAF-COM-POPULACAO-2016.csv,https://portalfns.saude.gov.br/wp-content/uploads/2021/12/REPASSE-FAF-COM-POPULACAO-2016.csv,/home/sallumc/Documents/Omega/02-repos/00-anatomia-do-gasto/data/raw/_shared/fns/repasses_faf_com_populacao/2016/REPASSE-FAF-COM-POPULACAO-2016.csv,MÉDIA E ALTA COMPLEXIDADE AMBULATORIAL E HOSPITALAR,FUNDO DE AÇÕES ESTRATÉGICAS E COMPENSAÇÃO - FAEC,FAEC SIA - ATENÇÃO ÀS PESSOAS EM SITUAÇÃO DE VIOLÊNCIA SEXUAL,SP,SAO PAULO,355030,12396372,2021,13851748000140,FUNDO ESTADUAL DE SAUDE - FUNDES,001,01897X,000000087629,ESTADUAL,S,S,N,26/12/2016,32700,32700,"2552491,5",31/12/2016
2016,https://portalfns.saude.gov.br/wp-content/uploads/2021/12/REPASSE-FAF-COM-POPULACAO-2016.csv,https://portalfns.saude.gov.br/wp-content/uploads/2021/12/REPASSE-FAF-COM-POPULACAO-2016.csv,/home/sallumc/Documents/Omega/02-repos/00-anatomia-do-gasto/data/raw/_shared/fns/repasses_faf_com_populacao/2016/REPASSE-FAF-COM-POPULACAO-2016.csv,MÉDIA E ALTA COMPLEXIDADE AMBULATORIAL E HOSPITALAR,FUNDO DE AÇÕES ESTRATÉGICAS E COMPENSAÇÃO - FAEC,FAEC SIA - ATENÇÃO ÀS PESSOAS EM SITUAÇÃO DE VIOLÊNCIA SEXUAL,SP,SAO PAULO,355030,12396372,2021,13864377000130,FUNDO MUNICIPAL DE SAUDE - FMS,001,01897X,000000087394,MUNICIPAL,N,S,N,26/12/2016,7200,4600,"51241511,46",31/12/2016
2016,https://portalfns.saude.gov.br/wp-content/uploads/2021/12/REPASSE-FAF-COM-POPULACAO-2016.csv,https://portalfns.saude.gov.br/wp-content/uploads/2021/12/REPASSE-FAF-COM-POPULACAO-2016.csv,/home/sallumc/Documents/Omega/02-repos/00-anatomia-do-gasto/data/raw/_shared/fns/repasses_faf_com_populacao/2016/REPASSE-FAF-COM-POPULACAO-2016.csv,MÉDIA E ALTA COMPLEXIDADE AMBULATORIAL E HOSPITALAR,FUNDO DE AÇÕES ESTRATÉGICAS E COMPENSAÇÃO - FAEC,FAEC SIA - ATENDIMENTO/ACOMP DE DOENÇAS ENDOC/METABOL E NUTRICIONAIS,SP,SAO PAULO,355030,12396372,2021,13851748000140,FUNDO ESTADUAL DE SAUDE - FUNDES,001,01897X,000000087629,ESTADUAL,S,S,N,26/12/2016,214720,214720,"2552491,5",31/12/2016
2016,https://portalfns.saude.gov.br/wp-content/uploads/2021/12/REPASSE-FAF-COM-POPULACAO-2016.csv,https://portalfns.saude.gov.br/wp-content/uploads/2021/12/REPASSE-FAF-COM-POPULACAO-2016.csv,/home/sallumc/Documents/Omega/02-repos/00-anatomia-do-gasto/data/raw/_shared/fns/repasses_faf_com_populacao/2016/REPASSE-FAF-COM-POPULACAO-2016.csv,MÉDIA E ALTA COMPLEXIDADE AMBULATORIAL E HOSPITALAR,FUNDO DE AÇÕES ESTRATÉGICAS E COMPENSAÇÃO - FAEC,"FAEC SIA - ATENDIMENTO/ACOMP EM REABILITAÇÃO FÍSICA, MENTAL (PO 0006)",SP,SAO PAULO,355030,12396372,2021,13851748000140,FUNDO ESTADUAL DE SAUDE - FUNDES,001,01897X,000000087629,ESTADUAL,S,S,N,26/12/2016,"209189,24","209189,24","2552491,5",31/12/2016
2016,https://portalfns.saude.gov.br/wp-content/uploads/2021/12/REPASSE-FAF-COM-POPULACAO-2016.csv,https://portalfns.saude.gov.br/wp-content/uploads/2021/12/REPASSE-FAF-COM-POPULACAO-2016.csv,/home/sallumc/Documents/Omega/02-repos/00-anatomia-do-gasto/data/raw/_shared/fns/repasses_faf_com_populacao/2016/REPASSE-FAF-COM-POPULACAO-2016.csv,MÉDIA E ALTA COMPLEXIDADE AMBULATORIAL E HOSPITALAR,FUNDO DE AÇÕES ESTRATÉGICAS E COMPENSAÇÃO - FAEC,"FAEC SIA - ATENDIMENTO/ACOMP EM REABILITAÇÃO FÍSICA, MENTAL (PO 0006)",SP,SAO PAULO,355030,12396372,2021,13864377000130,FUNDO MUNICIPAL DE SAUDE - FMS,001,01897X,000000087394,MUNICIPAL,N,S,N,26/12/2016,"84334,3",82488,"51241511,46",31/12/2016
2016,https://portalfns.saude.gov.br/wp-content/uploads/2021/12/REPASSE-FAF-COM-POPULACAO-2016.csv,https://portalfns.saude.gov.br/wp-content/uploads/2021/12/REPASSE-FAF-COM-POPULACAO-2016.csv,/home/sallumc/Documents/Omega/02-repos/00-anatomia-do-gasto/data/raw/_shared/fns/repasses_faf_com_populacao/2016/REPASSE-FAF-COM-POPULACAO-2016.csv,MÉDIA E ALTA COMPLEXIDADE AMBULATORIAL E HOSPITALAR,FUNDO DE AÇÕES ESTRATÉGICAS E COMPENSAÇÃO - FAEC,FAEC SIA - CADEIRAS DE RODAS,SP,SAO PAULO,355030,12396372,2021,13851748000140,FUNDO ESTADUAL DE SAUDE - FUNDES,001,01897X,000000087629,ESTADUAL,S,S,N,26/12/2016,"1354519,52","1354519,52","2552491,5",31/12/2016
2016,https://portalfns.saude.gov.br/wp-content/uploads/2021/12/REPASSE-FAF-COM-POPULACAO-2016.csv,https://portalfns.saude.gov.br/wp-content/uploads/2021/12/REPASSE-FAF-COM-POPULACAO-2016.csv,/home/sallumc/Documents/Omega/02-repos/00-anatomia-do-gasto/data/raw/_shared/fns/repasses_faf_com_populacao/2016/REPASSE-FAF-COM-POPULACAO-2016.csv,MÉDIA E ALTA COMPLEXIDADE AMBULATORIAL E HOSPITALAR,FUNDO DE AÇÕES ESTRATÉGICAS E COMPENSAÇÃO - FAEC,FAEC SIA - CADEIRAS DE RODAS,SP,SAO PAULO,355030,12396372,2021,13864377000130,FUNDO MUNICIPAL DE SAUDE - FMS,001,01897X,000000087394,MUNICIPAL,N,S,N,26/12/2016,"2350885,24","2288433,46","51241511,46",31/12/2016
2016,https://portalfns.saude.gov.br/wp-content/uploads/2021/12/REPASSE-FAF-COM-POPULACAO-2016.csv,https://portalfns.saude.gov.br/wp-content/uploads/2021/12/REPASSE-FAF-COM-POPULACAO-2016.csv,/home/sallumc/Documents/Omega/02-repos/00-anatomia-do-gasto/data/raw/_shared/fns/repasses_faf_com_populacao/2016/REPASSE-FAF-COM-POPULACAO-2016.csv,MÉDIA E ALTA COMPLEXIDADE AMBULATORIAL E HOSPITALAR,FUNDO DE AÇÕES ESTRATÉGICAS E COMPENSAÇÃO - FAEC,FAEC SIA - CENTRAL NACIONAL DE REGULAÇÃO DE ALTA COMPLEXIDADE - CNRAC,SP,SAO PAULO,355030,12396372,2021,13851748000140,FUNDO ESTADUAL DE SAUDE - FUNDES,001,01897X,000000087629,ESTADUAL,S,S,N,26/12/2016,"2614,88","2614,88","2552491,5",31/12/2016
2016,https://portalfns.saude.gov.br/wp-content/uploads/2021/12/REPASSE-FAF-COM-POPULACAO-2016.csv,https://portalfns.saude.gov.br/wp-content/uploads/2021/12/REPASSE-FAF-COM-POPULACAO-2016.csv,/home/sallumc/Documents/Omega/02-repos/00-anatomia-do-gasto/data/raw/_shared/fns/repasses_faf_com_populacao/2016/REPASSE-FAF-COM-POPULACAO-2016.csv,MÉDIA E ALTA COMPLEXIDADE AMBULATORIAL E HOSPITALAR,FUNDO DE AÇÕES ESTRATÉGICAS E COMPENSAÇÃO - FAEC,FAEC SIA - CIRURGIAS ELETIVAS - COMPONENTE ÚNICO,SP,SAO PAULO,355030,12396372,2021,13851748000140,FUNDO ESTADUAL DE SAUDE - FUNDES,001,01897X,000000087629,ESTADUAL,S,S,N,29/04/2016,"1877333,1","1877333,1","2552491,5",31/12/2016
2016,https://portalfns.saude.gov.br/wp-content/uploads/2021/12/REPASSE-FAF-COM-POPULACAO-2016.csv,https://portalfns.saude.gov.br/wp-content/uploads/2021/12/REPASSE-FAF-COM-POPULACAO-2016.csv,/home/sallumc/Documents/Omega/02-repos/00-anatomia-do-gasto/data/raw/_shared/fns/repasses_faf_com_populacao/2016/REPASSE-FAF-COM-POPULACAO-2016.csv,MÉDIA E ALTA COMPLEXIDADE AMBULATORIAL E HOSPITALAR,FUNDO DE AÇÕES ESTRATÉGICAS E COMPENSAÇÃO - FAEC,FAEC SIA - CONSULTAS MÉDICAS/OUTROS PROFISSIONAIS DE NÍVEL SUPERIOR,SP,SAO PAULO,355030,12396372,2021,13851748000140,FUNDO ESTADUAL DE SAUDE - FUNDES,001,01897X,000000087629,ESTADUAL,S,S,N,26/12/2016,"1742304,5","1742304,5","2552491,5",31/12/2016
2016,https://portalfns.saude.gov.br/wp-content/uploads/2021/12/REPASSE-FAF-COM-POPULACAO-2016.csv,https://portalfns.saude.gov.br/wp-content/uploads/2021/12/REPASSE-FAF-COM-POPULACAO-2016.csv,/home/sallumc/Documents/Omega/02-repos/00-anatomia-do-gasto/data/raw/_shared/fns/repasses_faf_com_populacao/2016/REPASSE-FAF-COM-POPULACAO-2016.csv,MÉDIA E ALTA COMPLEXIDADE AMBULATORIAL E HOSPITALAR,FUNDO DE AÇÕES ESTRATÉGICAS E COMPENSAÇÃO - FAEC,FAEC SIA - CONSULTAS MÉDICAS/OUTROS PROFISSIONAIS DE NÍVEL SUPERIOR,SP,SAO PAULO,355030,12396372,2021,13864377000130,FUNDO MUNICIPAL DE SAUDE - FMS,001,01897X,000000087394,MUNICIPAL,N,S,N,26/12/2016,"626825,44","626825,44","51241511,46",31/12/2016
2016,https://portalfns.saude.gov.br/wp-content/uploads/2021/12/REPASSE-FAF-COM-POPULACAO-2016.csv,https://portalfns.saude.gov.br/wp-content/uploads/2021/12/REPASSE-FAF-COM-POPULACAO-2016.csv,/home/sallumc/Documents/Omega/02-repos/00-anatomia-do-gasto/data/raw/_shared/fns/repasses_faf_com_populacao/2016/REPASSE-FAF-COM-POPULACAO-2016.csv,MÉDIA E ALTA COMPLEXIDADE AMBULATORIAL E HOSPITALAR,FUNDO DE AÇÕES ESTRATÉGICAS E COMPENSAÇÃO - FAEC,FAEC SIA - DIAGNÓSTICO EM LABORATÓRIO CLÍNICO,SP,SAO PAULO,355030,12396372,2021,13864377000130,FUNDO MUNICIPAL DE SAUDE - FMS,001,01897X,000000087394,MUNICIPAL,N,S,N,26/12/2016,5881045,5881045,"51241511,46",31/12/2016
2016,https://portalfns.saude.gov.br/wp-content/uploads/2021/12/REPASSE-FAF-COM-POPULACAO-2016.csv,https://portalfns.saude.gov.br/wp-content/uploads/2021/12/REPASSE-FAF-COM-POPULACAO-2016.csv,/home/sallumc/Documents/Omega/02-repos/00-anatomia-do-gasto/data/raw/_shared/fns/repasses_faf_com_populacao/2016/REPASSE-FAF-COM-POPULACAO-2016.csv,MÉDIA E ALTA COMPLEXIDADE AMBULATORIAL E HOSPITALAR,FUNDO DE AÇÕES ESTRATÉGICAS E COMPENSAÇÃO - FAEC,FAEC SIA - DIAGNÓSTICO EM LABORATÓRIO CLÍNICO,SP,SAO PAULO,355030,12396372,2021,13851748000140,FUNDO ESTADUAL DE SAUDE - FUNDES,001,01897X,000000087629,ESTADUAL,S,S,N,26/12/2016,2317383,2317383,"2552491,5",31/12/2016
2016,https://portalfns.saude.gov.br/wp-content/uploads/2021/12/REPASSE-FAF-COM-POPULACAO-2016.csv,https://portalfns.saude.gov.br/wp-content/uploads/2021/12/REPASSE-FAF-COM-POPULACAO-2016.csv,/home/sallumc/Documents/Omega/02-repos/00-anatomia-do-gasto/data/raw/_shared/fns/repasses_faf_com_populacao/2016/REPASSE-FAF-COM-POPULACAO-2016.csv,MÉDIA E ALTA COMPLEXIDADE AMBULATORIAL E HOSPITALAR,FUNDO DE AÇÕES ESTRATÉGICAS E COMPENSAÇÃO - FAEC,FAEC SIA - EXAME CITOPATOLÓGICO DO COLO DE ÚTERO,SP,SAO PAULO,355030,12396372,2021,13851748000140,FUNDO ESTADUAL DE SAUDE - FUNDES,001,01897X,000000087629,ESTADUAL,S,S,N,26/12/2016,"1419076,2","1419076,2","2552491,5",31/12/2016
2016,https://portalfns.saude.gov.br/wp-content/uploads/2021/12/REPASSE-FAF-COM-POPULACAO-2016.csv,https://portalfns.saude.gov.br/wp-content/uploads/2021/12/REPASSE-FAF-COM-POPULACAO-2016.csv,/home/sallumc/Documents/Omega/02-repos/00-anatomia-do-gasto/data/raw/_shared/fns/repasses_faf_com_populacao/2016/REPASSE-FAF-COM-POPULACAO-2016.csv,MÉDIA E ALTA COMPLEXIDADE AMBULATORIAL E HOSPITALAR,FUNDO DE AÇÕES ESTRATÉGICAS E COMPENSAÇÃO - FAEC,FAEC SIA - EXAMES DO LEITE MATERNO,SP,SAO PAULO,355030,12396372,2021,13851748000140,FUNDO ESTADUAL DE SAUDE - FUNDES,001,01897X,000000087629,ESTADUAL,S,S,N,26/12/2016,"801315,48","801315,48","2552491,5",31/12/2016
2016,https://portalfns.saude.gov.br/wp-content/uploads/2021/12/REPASSE-FAF-COM-POPULACAO-2016.csv,https://portalfns.saude.gov.br/wp-content/uploads/2021/12/REPASSE-FAF-COM-POPULACAO-2016.csv,/home/sallumc/Documents/Omega/02-repos/00-anatomia-do-gasto/data/raw/_shared/fns/repasses_faf_com_populacao/2016/REPASSE-FAF-COM-POPULACAO-2016.csv,MÉDIA E ALTA COMPLEXIDADE AMBULATORIAL E HOSPITALAR,FUNDO DE AÇÕES ESTRATÉGICAS E COMPENSAÇÃO - FAEC,FAEC SIA - EXAMES DO LEITE MATERNO,SP,SAO PAULO,355030,12396372,2021,13864377000130,FUNDO MUNICIPAL DE SAUDE - FMS,001,01897X,000000087394,MUNICIPAL,N,S,N,26/12/2016,"98237,91","57064,27","51241511,46",31/12/2016
2016,https://portalfns.saude.gov.br/wp-content/uploads/2021/12/REPASSE-FAF-COM-POPULACAO-2016.csv,https://portalfns.saude.gov.br/wp-content/uploads/2021/12/REPASSE-FAF-COM-POPULACAO-2016.csv,/home/sallumc/Documents/Omega/02-repos/00-anatomia-do-gasto/data/raw/_shared/fns/repasses_faf_com_populacao/2016/REPASSE-FAF-COM-POPULACAO-2016.csv,MÉDIA E ALTA COMPLEXIDADE AMBULATORIAL E HOSPITALAR,FUNDO DE AÇÕES ESTRATÉGICAS E COMPENSAÇÃO - FAEC,FAEC SIA - MAMOGRAFIA PARA RASTREAMENTO (RCA-RCAN PO 0008),SP,SAO PAULO,355030,12396372,2021,13851748000140,FUNDO ESTADUAL DE SAUDE - FUNDES,001,01897X,000000087629,ESTADUAL,S,S,N,26/12/2016,13887585,13887585,"2552491,5",31/12/2016
2016,https://portalfns.saude.gov.br/wp-content/uploads/2021/12/REPASSE-FAF-COM-POPULACAO-2016.csv,https://portalfns.saude.gov.br/wp-content/uploads/2021/12/REPASSE-FAF-COM-POPULACAO-2016.csv,/home/sallumc/Documents/Omega/02-repos/00-anatomia-do-gasto/data/raw/_shared/fns/repasses_faf_com_populacao/2016/REPASSE-FAF-COM-POPULACAO-2016.csv,MÉDIA E ALTA COMPLEXIDADE AMBULATORIAL E HOSPITALAR,FUNDO DE AÇÕES ESTRATÉGICAS E COMPENSAÇÃO - FAEC,FAEC SIA - MAMOGRAFIA PARA RASTREAMENTO (RCA-RCAN PO 0008),SP,SAO PAULO,355030,12396372,2021,13864377000130,FUNDO MUNICIPAL DE SAUDE - FMS,001,01897X,000000087394,MUNICIPAL,N,S,N,26/12/2016,5722020,3754845,"51241511,46",31/12/2016
2016,https://portalfns.saude.gov.br/wp-content/uploads/2021/12/REPASSE-FAF-COM-POPULACAO-2016.csv,https://portalfns.saude.gov.br/wp-content/uploads/2021/12/REPASSE-FAF-COM-POPULACAO-2016.csv,/home/sallumc/Documents/Omega/02-repos/00-anatomia-do-gasto/data/raw/_shared/fns/repasses_faf_com_populacao/2016/REPASSE-FAF-COM-POPULACAO-2016.csv,MÉDIA E ALTA COMPLEXIDADE AMBULATORIAL E HOSPITALAR,FUNDO DE AÇÕES ESTRATÉGICAS E COMPENSAÇÃO - FAEC,FAEC SIA - NEFROLOGIA,SP,SAO PAULO,355030,12396372,2021,13864377000130,FUNDO MUNICIPAL DE SAUDE - FMS,001,01897X,000000087394,MUNICIPAL,N,S,N,22/12/2016,"203601883,43","202702336,61","51241511,46",31/12/2016
2016,https://portalfns.saude.gov.br/wp-content/uploads/2021/12/REPASSE-FAF-COM-POPULACAO-2016.csv,https://portalfns.saude.gov.br/wp-content/uploads/2021/12/REPASSE-FAF-COM-POPULACAO-2016.csv,/home/sallumc/Documents/Omega/02-repos/00-anatomia-do-gasto/data/raw/_shared/fns/repasses_faf_com_populacao/2016/REPASSE-FAF-COM-POPULACAO-2016.csv,MÉDIA E ALTA COMPLEXIDADE AMBULATORIAL E HOSPITALAR,FUNDO DE AÇÕES ESTRATÉGICAS E COMPENSAÇÃO - FAEC,FAEC SIA - NEFROLOGIA,SP,SAO PAULO,355030,12396372,2021,13851748000140,FUNDO ESTADUAL DE SAUDE - FUNDES,001,01897X,000000087629,ESTADUAL,S,S,N,23/12/2016,"286562437,33","285448087,75","2552491,5",31/12/2016
2016,https://portalfns.saude.gov.br/wp-content/uploads/2021/12/REPASSE-FAF-COM-POPULACAO-2016.csv,https://portalfns.saude.gov.br/wp-content/uploads/2021/12/REPASSE-FAF-COM-POPULACAO-2016.csv,/home/sallumc/Documents/Omega/02-repos/00-anatomia-do-gasto/data/raw/_shared/fns/repasses_faf_com_populacao/2016/REPASSE-FAF-COM-POPULACAO-2016.csv,MÉDIA E ALTA COMPLEXIDADE AMBULATORIAL E HOSPITALAR,FUNDO DE AÇÕES ESTRATÉGICAS E COMPENSAÇÃO - FAEC,FAEC SIA - OPM EM ODONTOLOGIA,SP,SAO PAULO,355030,12396372,2021,13851748000140,FUNDO ESTADUAL DE SAUDE - FUNDES,001,01897X,000000087629,ESTADUAL,S,S,N,26/12/2016,142200,142200,"2552491,5",31/12/2016
2016,https://portalfns.saude.gov.br/wp-content/uploads/2021/12/REPASSE-FAF-COM-POPULACAO-2016.csv,https://portalfns.saude.gov.br/wp-content/uploads/2021/12/REPASSE-FAF-COM-POPULACAO-2016.csv,/home/sallumc/Documents/Omega/02-repos/00-anatomia-do-gasto/data/raw/_shared/fns/repasses_faf_com_populacao/2016/REPASSE-FAF-COM-POPULACAO-2016.csv,MÉDIA E ALTA COMPLEXIDADE AMBULATORIAL E HOSPITALAR,FUNDO DE AÇÕES ESTRATÉGICAS E COMPENSAÇÃO - FAEC,FAEC SIA - OPM PARA TRANSPLANTES,SP,SAO PAULO,355030,12396372,2021,13851748000140,FUNDO ESTADUAL DE SAUDE - FUNDES,001,01897X,000000087629,ESTADUAL,S,S,N,26/12/2016,1329632,1329632,"2552491,5",31/12/2016
2016,https://portalfns.saude.gov.br/wp-content/uploads/2021/12/REPASSE-FAF-COM-POPULACAO-2016.csv,https://portalfns.saude.gov.br/wp-content/uploads/2021/12/REPASSE-FAF-COM-POPULACAO-2016.csv,/home/sallumc/Documents/Omega/02-repos/00-anatomia-do-gasto/data/raw/_shared/fns/repasses_faf_com_populacao/2016/REPASSE-FAF-COM-POPULACAO-2016.csv,MÉDIA E ALTA COMPLEXIDADE AMBULATORIAL E HOSPITALAR,FUNDO DE AÇÕES ESTRATÉGICAS E COMPENSAÇÃO - FAEC,FAEC SIA - REDESIGNAÇÃO E ACOMPANHAMENTO,SP,SAO PAULO,355030,12396372,2021,13851748000140,FUNDO ESTADUAL DE SAUDE - FUNDES,001,01897X,000000087629,ESTADUAL,S,S,N,26/12/2016,"123563,02","123563,02","2552491,5",31/12/2016
2016,https://portalfns.saude.gov.br/wp-content/uploads/2021/12/REPASSE-FAF-COM-POPULACAO-2016.csv,https://portalfns.saude.gov.br/wp-content/uploads/2021/12/REPASSE-FAF-COM-POPULACAO-2016.csv,/home/sallumc/Documents/Omega/02-repos/00-anatomia-do-gasto/data/raw/_shared/fns/repasses_faf_com_populacao/2016/REPASSE-FAF-COM-POPULACAO-2016.csv,MÉDIA E ALTA COMPLEXIDADE AMBULATORIAL E HOSPITALAR,FUNDO DE AÇÕES ESTRATÉGICAS E COMPENSAÇÃO - FAEC,FAEC SIA - SANGUE E HEMODERIVADOS,SP,SAO PAULO,355030,12396372,2021,13851748000140,FUNDO ESTADUAL DE SAUDE - FUNDES,001,01897X,000000087629,ESTADUAL,S,S,N,26/12/2016,"7728364,32","7728364,32","2552491,5",31/12/2016
2016,https://portalfns.saude.gov.br/wp-content/uploads/2021/12/REPASSE-FAF-COM-POPULACAO-2016.csv,https://portalfns.saude.gov.br/wp-content/uploads/2021/12/REPASSE-FAF-COM-POPULACAO-2016.csv,/home/sallumc/Documents/Omega/02-repos/00-anatomia-do-gasto/data/raw/_shared/fns/repasses_faf_com_populacao/2016/REPASSE-FAF-COM-POPULACAO-2016.csv,MÉDIA E ALTA COMPLEXIDADE AMBULATORIAL E HOSPITALAR,FUNDO DE AÇÕES ESTRATÉGICAS E COMPENSAÇÃO - FAEC,FAEC SIA - SISTEMA DE FREQÜÊNCIA MODULADA PESSOAL - FM,SP,SAO PAULO,355030,12396372,2021,13851748000140,FUNDO ESTADUAL DE SAUDE - FUNDES,001,01897X,000000087629,ESTADUAL,S,S,N,26/12/2016,2259000,2259000,"2552491,5",31/12/2016
2016,https://portalfns.saude.gov.br/wp-content/uploads/2021/12/REPASSE-FAF-COM-POPULACAO-2016.csv,https://portalfns.saude.gov.br/wp-content/uploads/2021/12/REPASSE-FAF-COM-POPULACAO-2016.csv,/home/sallumc/Documents/Omega/02-repos/00-anatomia-do-gasto/data/raw/_shared/fns/repasses_faf_com_populacao/2016/REPASSE-FAF-COM-POPULACAO-2016.csv,MÉDIA E ALTA COMPLEXIDADE AMBULATORIAL E HOSPITALAR,FUNDO DE AÇÕES ESTRATÉGICAS E COMPENSAÇÃO - FAEC,FAEC SIA - SISTEMA DE FREQÜÊNCIA MODULADA PESSOAL - FM,SP,SAO PAULO,355030,12396372,2021,13864377000130,FUNDO MUNICIPAL DE SAUDE - FMS,001,01897X,000000087394,MUNICIPAL,N,S,N,26/12/2016,220500,175500,"51241511,46",31/12/2016
2016,https://portalfns.saude.gov.br/wp-content/uploads/2021/12/REPASSE-FAF-COM-POPULACAO-2016.csv,https://portalfns.saude.gov.br/wp-content/uploads/2021/12/REPASSE-FAF-COM-POPULACAO-2016.csv,/home/sallumc/Documents/Omega/02-repos/00-anatomia-do-gasto/data/raw/_shared/fns/repasses_faf_com_populacao/2016/REPASSE-FAF-COM-POPULACAO-2016.csv,MÉDIA E ALTA COMPLEXIDADE AMBULATORIAL E HOSPITALAR,FUNDO DE AÇÕES ESTRATÉGICAS E COMPENSAÇÃO - FAEC,FAEC SIA - TRANSPLANTE HISTOCOMPATIBILIDADE,SP,SAO PAULO,355030,12396372,2021,13851748000140,FUNDO ESTADUAL DE SAUDE - FUNDES,001,01897X,000000087629,ESTADUAL,S,S,N,26/12/2016,20830500,20830500,"2552491,5",31/12/2016
2016,https://portalfns.saude.gov.br/wp-content/uploads/2021/12/REPASSE-FAF-COM-POPULACAO-2016.csv,https://portalfns.saude.gov.br/wp-content/uploads/2021/12/REPASSE-FAF-COM-POPULACAO-2016.csv,/home/sallumc/Documents/Omega/02-repos/00-anatomia-do-gasto/data/raw/_shared/fns/repasses_faf_com_populacao/2016/REPASSE-FAF-COM-POPULACAO-2016.csv,MÉDIA E ALTA COMPLEXIDADE AMBULATORIAL E HOSPITALAR,FUNDO DE AÇÕES ESTRATÉGICAS E COMPENSAÇÃO - FAEC,FAEC SIA - TRANSPLANTE HISTOCOMPATIBILIDADE,SP,SAO PAULO,355030,12396372,2021,13864377000130,FUNDO MUNICIPAL DE SAUDE - FMS,001,01897X,000000087394,MUNICIPAL,N,S,N,29/04/2016,282750,282750,"51241511,46",31/12/2016
2016,https://portalfns.saude.gov.br/wp-content/uploads/2021/12/REPASSE-FAF-COM-POPULACAO-2016.csv,https://portalfns.saude.gov.br/wp-content/uploads/2021/12/REPASSE-FAF-COM-POPULACAO-2016.csv,/home/sallumc/Documents/Omega/02-repos/00-anatomia-do-gasto/data/raw/_shared/fns/repasses_faf_com_populacao/2016/REPASSE-FAF-COM-POPULACAO-2016.csv,MÉDIA E ALTA COMPLEXIDADE AMBULATORIAL E HOSPITALAR,FUNDO DE AÇÕES ESTRATÉGICAS E COMPENSAÇÃO - FAEC,"FAEC SIA - TRANSPLANTES DE ORGÃOS, TECIDOS E CÉLULAS",SP,SAO PAULO,355030,12396372,2021,13864377000130,FUNDO MUNICIPAL DE SAUDE - FMS,001,01897X,000000087394,MUNICIPAL,N,S,N,26/12/2016,36612676,"36101027,13","51241511,46",31/12/2016
2016,https://portalfns.saude.gov.br/wp-content/uploads/2021/12/REPASSE-FAF-COM-POPULACAO-2016.csv,https://portalfns.saude.gov.br/wp-content/uploads/2021/12/REPASSE-FAF-COM-POPULACAO-2016.csv,/home/sallumc/Documents/Omega/02-repos/00-anatomia-do-gasto/data/raw/_shared/fns/repasses_faf_com_populacao/2016/REPASSE-FAF-COM-POPULACAO-2016.csv,MÉDIA E ALTA COMPLEXIDADE AMBULATORIAL E HOSPITALAR,FUNDO DE AÇÕES ESTRATÉGICAS E COMPENSAÇÃO - FAEC,"FAEC SIA - TRANSPLANTES DE ORGÃOS, TECIDOS E CÉLULAS",SP,SAO PAULO,355030,12396372,2021,13851748000140,FUNDO ESTADUAL DE SAUDE - FUNDES,001,01897X,000000087629,ESTADUAL,S,S,N,26/12/2016,"47449942,26","47449942,26","2552491,5",31/12/2016
2016,https://portalfns.saude.gov.br/wp-content/uploads/2021/12/REPASSE-FAF-COM-POPULACAO-2016.csv,https://portalfns.saude.gov.br/wp-content/uploads/2021/12/REPASSE-FAF-COM-POPULACAO-2016.csv,/home/sallumc/Documents/Omega/02-repos/00-anatomia-do-gasto/data/raw/_shared/fns/repasses_faf_com_populacao/2016/REPASSE-FAF-COM-POPULACAO-2016.csv,MÉDIA E ALTA COMPLEXIDADE AMBULATORIAL E HOSPITALAR,FUNDO DE AÇÕES ESTRATÉGICAS E COMPENSAÇÃO - FAEC,FAEC SIA - TRATAMENTO DE DOENÇAS DO APARELHO DA VISÃO,SP,SAO PAULO,355030,12396372,2021,13851748000140,FUNDO ESTADUAL DE SAUDE - FUNDES,001,01897X,000000087629,ESTADUAL,S,S,N,26/12/2016,"5754056,39","5754056,39","2552491,5",31/12/2016
2016,https://portalfns.saude.gov.br/wp-content/uploads/2021/12/REPASSE-FAF-COM-POPULACAO-2016.csv,https://portalfns.saude.gov.br/wp-content/uploads/2021/12/REPASSE-FAF-COM-POPULACAO-2016.csv,/home/sallumc/Documents/Omega/02-repos/00-anatomia-do-gasto/data/raw/_shared/fns/repasses_faf_com_populacao/2016/REPASSE-FAF-COM-POPULACAO-2016.csv,MÉDIA E ALTA COMPLEXIDADE AMBULATORIAL E HOSPITALAR,FUNDO DE AÇÕES ESTRATÉGICAS E COMPENSAÇÃO - FAEC,FAEC SIA - TRATAMENTO DE DOENÇAS DO APARELHO DA VISÃO,SP,SAO PAULO,355030,12396372,2021,13864377000130,FUNDO MUNICIPAL DE SAUDE - FMS,001,01897X,000000087394,MUNICIPAL,N,S,N,26/12/2016,"3723655,39","3723655,39","51241511,46",31/12/2016
2016,https://portalfns.saude.gov.br/wp-content/uploads/2021/12/REPASSE-FAF-COM-POPULACAO-2016.csv,https://portalfns.saude.gov.br/wp-content/uploads/2021/12/REPASSE-FAF-COM-POPULACAO-2016.csv,/home/sallumc/Documents/Omega/02-repos/00-anatomia-do-gasto/data/raw/_shared/fns/repasses_faf_com_populacao/2016/REPASSE-FAF-COM-POPULACAO-2016.csv,MÉDIA E ALTA COMPLEXIDADE AMBULATORIAL E HOSPITALAR,FUNDO DE AÇÕES ESTRATÉGICAS E COMPENSAÇÃO - FAEC,FAEC SIA - TRATAMENTO EM ONCOLOGIA (RCA - RCAN - PO 0008),SP,SAO PAULO,355030,12396372,2021,13864377000130,FUNDO MUNICIPAL DE SAUDE - FMS,001,01897X,000000087394,MUNICIPAL,N,S,N,26/12/2016,"2666806,04","2666806,04","51241511,46",31/12/2016
2016,https://portalfns.saude.gov.br/wp-content/uploads/2021/12/REPASSE-FAF-COM-POPULACAO-2016.csv,https://portalfns.saude.gov.br/wp-content/uploads/2021/12/REPASSE-FAF-COM-POPULACAO-2016.csv,/home/sallumc/Documents/Omega/02-repos/00-anatomia-do-gasto/data/raw/_shared/fns/repasses_faf_com_populacao/2016/REPASSE-FAF-COM-POPULACAO-2016.csv,MÉDIA E ALTA COMPLEXIDADE AMBULATORIAL E HOSPITALAR,FUNDO DE AÇÕES ESTRATÉGICAS E COMPENSAÇÃO - FAEC,FAEC SIA - TRATAMENTO EM ONCOLOGIA (RCA - RCAN - PO 0008),SP,SAO PAULO,355030,12396372,2021,13851748000140,FUNDO ESTADUAL DE SAUDE - FUNDES,001,01897X,000000087629,ESTADUAL,S,S,N,26/12/2016,"15040915,78","15040915,78","2552491,5",31/12/2016
2016,https://portalfns.saude.gov.br/wp-content/uploads/2021/12/REPASSE-FAF-COM-POPULACAO-2016.csv,https://portalfns.saude.gov.br/wp-content/uploads/2021/12/REPASSE-FAF-COM-POPULACAO-2016.csv,/home/sallumc/Documents/Omega/02-repos/00-anatomia-do-gasto/data/raw/_shared/fns/repasses_faf_com_populacao/2016/REPASSE-FAF-COM-POPULACAO-2016.csv,MÉDIA E ALTA COMPLEXIDADE AMBULATORIAL E HOSPITALAR,FUNDO DE AÇÕES ESTRATÉGICAS E COMPENSAÇÃO - FAEC,FAEC SIA - TRATAMENTOS ODONTOLÓGICOS,SP,SAO PAULO,355030,12396372,2021,13851748000140,FUNDO ESTADUAL DE SAUDE - FUNDES,001,01897X,000000087629,ESTADUAL,S,S,N,26/12/2016,"1248564,21","1248564,21","2552491,5",31/12/2016
2016,https://portalfns.saude.gov.br/wp-content/uploads/2021/12/REPASSE-FAF-COM-POPULACAO-2016.csv,https://portalfns.saude.gov.br/wp-content/uploads/2021/12/REPASSE-FAF-COM-POPULACAO-2016.csv,/home/sallumc/Documents/Omega/02-repos/00-anatomia-do-gasto/data/raw/_shared/fns/repasses_faf_com_populacao/2016/REPASSE-FAF-COM-POPULACAO-2016.csv,MÉDIA E ALTA COMPLEXIDADE AMBULATORIAL E HOSPITALAR,FUNDO DE AÇÕES ESTRATÉGICAS E COMPENSAÇÃO - FAEC,FAEC SIA - TRIAGEM NEONATAL,SP,SAO PAULO,355030,12396372,2021,13864377000130,FUNDO MUNICIPAL DE SAUDE - FMS,001,01897X,000000087394,MUNICIPAL,N,S,N,26/12/2016,15730,15730,"51241511,46",31/12/2016
2016,https://portalfns.saude.gov.br/wp-content/uploads/2021/12/REPASSE-FAF-COM-POPULACAO-2016.csv,https://portalfns.saude.gov.br/wp-content/uploads/2021/12/REPASSE-FAF-COM-POPULACAO-2016.csv,/home/sallumc/Documents/Omega/02-repos/00-anatomia-do-gasto/data/raw/_shared/fns/repasses_faf_com_populacao/2016/REPASSE-FAF-COM-POPULACAO-2016.csv,MÉDIA E ALTA COMPLEXIDADE AMBULATORIAL E HOSPITALAR,FUNDO DE AÇÕES ESTRATÉGICAS E COMPENSAÇÃO - FAEC,FAEC SIA - TRIAGEM NEONATAL,SP,SAO PAULO,355030,12396372,2021,13851748000140,FUNDO ESTADUAL DE SAUDE - FUNDES,001,01897X,000000087629,ESTADUAL,S,S,N,26/12/2016,"199422,5","199422,5","2552491,5",31/12/2016
2016,https://portalfns.saude.gov.br/wp-content/uploads/2021/12/REPASSE-FAF-COM-POPULACAO-2016.csv,https://portalfns.saude.gov.br/wp-content/uploads/2021/12/REPASSE-FAF-COM-POPULACAO-2016.csv,/home/sallumc/Documents/Omega/02-repos/00-anatomia-do-gasto/data/raw/_shared/fns/repasses_faf_com_populacao/2016/REPASSE-FAF-COM-POPULACAO-2016.csv,MÉDIA E ALTA COMPLEXIDADE AMBULATORIAL E HOSPITALAR,FUNDO DE AÇÕES ESTRATÉGICAS E COMPENSAÇÃO - FAEC,PLANO NACIONAL DE APOIO AS CENTRAIS DE TRANSPLANTES,SP,SAO PAULO,355030,12396372,2021,13851748000140,FUNDO ESTADUAL DE SAUDE - FUNDES,001,01897X,000000087629,ESTADUAL,S,S,N,23/12/2016,600000,600000,"2552491,5",31/12/2016
2016,https://portalfns.saude.gov.br/wp-content/uploads/2021/12/REPASSE-FAF-COM-POPULACAO-2016.csv,https://portalfns.saude.gov.br/wp-content/uploads/2021/12/REPASSE-FAF-COM-POPULACAO-2016.csv,/home/sallumc/Documents/Omega/02-repos/00-anatomia-do-gasto/data/raw/_shared/fns/repasses_faf_com_populacao/2016/REPASSE-FAF-COM-POPULACAO-2016.csv,MÉDIA E ALTA COMPLEXIDADE AMBULATORIAL E HOSPITALAR,LIMITE FINANCEIRO DA MÉDIA E ALTA COMPLEXIDADE AMBUL. E HOSPITAR - MAC,CEO - CENTRO DE ESPECIALIDADES ODONTOLÓGICAS - MUNICIPAL,SP,SAO PAULO,355030,12396372,2021,13864377000130,FUNDO MUNICIPAL DE SAUDE - FMS,001,01897X,000000087394,MUNICIPAL,N,S,N,22/12/2016,5842100,5842100,"51241511,46",31/12/2016
2016,https://portalfns.saude.gov.br/wp-content/uploads/2021/12/REPASSE-FAF-COM-POPULACAO-2016.csv,https://portalfns.saude.gov.br/wp-content/uploads/2021/12/REPASSE-FAF-COM-POPULACAO-2016.csv,/home/sallumc/Documents/Omega/02-repos/00-anatomia-do-gasto/data/raw/_shared/fns/repasses_faf_com_populacao/2016/REPASSE-FAF-COM-POPULACAO-2016.csv,MÉDIA E ALTA COMPLEXIDADE AMBULATORIAL E HOSPITALAR,LIMITE FINANCEIRO DA MÉDIA E ALTA COMPLEXIDADE AMBUL. E HOSPITAR - MAC,INCREMENTO TEMPORÁRIO DO LIMITE FINANCEIRO DO MAC - PARCELA ÚNICA,SP,SAO PAULO,355030,12396372,2021,13851748000140,FUNDO ESTADUAL DE SAUDE - FUNDES,001,01897X,000000087629,ESTADUAL,S,S,N,30/12/2016,8467632,8467632,"2552491,5",31/12/2016
2016,https://portalfns.saude.gov.br/wp-content/uploads/2021/12/REPASSE-FAF-COM-POPULACAO-2016.csv,https://portalfns.saude.gov.br/wp-content/uploads/2021/12/REPASSE-FAF-COM-POPULACAO-2016.csv,/home/sallumc/Documents/Omega/02-repos/00-anatomia-do-gasto/data/raw/_shared/fns/repasses_faf_com_populacao/2016/REPASSE-FAF-COM-POPULACAO-2016.csv,MÉDIA E ALTA COMPLEXIDADE AMBULATORIAL E HOSPITALAR,LIMITE FINANCEIRO DA MÉDIA E ALTA COMPLEXIDADE AMBUL. E HOSPITAR - MAC,INCREMENTO TEMPORÁRIO DO LIMITE FINANCEIRO DO MAC - PARCELA ÚNICA,SP,SAO PAULO,355030,12396372,2021,13864377000130,FUNDO MUNICIPAL DE SAUDE - FMS,001,01897X,000000087394,MUNICIPAL,N,S,N,19/12/2016,300000,300000,"51241511,46",31/12/2016
2016,https://portalfns.saude.gov.br/wp-content/uploads/2021/12/REPASSE-FAF-COM-POPULACAO-2016.csv,https://portalfns.saude.gov.br/wp-content/uploads/2021/12/REPASSE-FAF-COM-POPULACAO-2016.csv,/home/sallumc/Documents/Omega/02-repos/00-anatomia-do-gasto/data/raw/_shared/fns/repasses_faf_com_populacao/2016/REPASSE-FAF-COM-POPULACAO-2016.csv,MÉDIA E ALTA COMPLEXIDADE AMBULATORIAL E HOSPITALAR,LIMITE FINANCEIRO DA MÉDIA E ALTA COMPLEXIDADE AMBUL. E HOSPITAR - MAC,REDE VIVER SEM LIMITES - REDEF - CEO MUNICIPAL,SP,SAO PAULO,355030,12396372,2021,13864377000130,FUNDO MUNICIPAL DE SAUDE - FMS,001,01897X,000000087394,MUNICIPAL,N,S,N,22/12/2016,330000,330000,"51241511,46",31/12/2016
2016,https://portalfns.saude.gov.br/wp-content/uploads/2021/12/REPASSE-FAF-COM-POPULACAO-2016.csv,https://portalfns.saude.gov.br/wp-content/uploads/2021/12/REPASSE-FAF-COM-POPULACAO-2016.csv,/home/sallumc/Documents/Omega/02-repos/00-anatomia-do-gasto/data/raw/_shared/fns/repasses_faf_com_populacao/2016/REPASSE-FAF-COM-POPULACAO-2016.csv,MÉDIA E ALTA COMPLEXIDADE AMBULATORIAL E HOSPITALAR,LIMITE FINANCEIRO DA MÉDIA E ALTA COMPLEXIDADE AMBUL. E HOSPITAR - MAC,SERVIÇOS DE ATENDIMENTO MÓVEL ÀS URGÊNC SAMU 192 (RAU-SAMU)- MUNICIPAL,SP,SAO PAULO,355030,12396372,2021,13864377000130,FUNDO MUNICIPAL DE SAUDE - FMS,001,01897X,000000087394,MUNICIPAL,N,S,N,22/12/2016,22410024,22410024,"51241511,46",31/12/2016
2016,https://portalfns.saude.gov.br/wp-content/uploads/2021/12/REPASSE-FAF-COM-POPULACAO-2016.csv,https://portalfns.saude.gov.br/wp-content/uploads/2021/12/REPASSE-FAF-COM-POPULACAO-2016.csv,/home/sallumc/Documents/Omega/02-repos/00-anatomia-do-gasto/data/raw/_shared/fns/repasses_faf_com_populacao/2016/REPASSE-FAF-COM-POPULACAO-2016.csv,MÉDIA E ALTA COMPLEXIDADE AMBULATORIAL E HOSPITALAR,LIMITE FINANCEIRO DA MÉDIA E ALTA COMPLEXIDADE AMBUL. E HOSPITAR - MAC,SERVIÇOS DE ATENDIMENTO MÓVEL ÀS URGÊNCIAS - SAMU 192 (MAC)- MUNICIPAL,SP,SAO PAULO,355030,12396372,2021,13864377000130,FUNDO MUNICIPAL DE SAUDE - FMS,001,01897X,000000087394,MUNICIPAL,N,S,N,22/12/2016,22572000,22572000,"51241511,46",31/12/2016
2016,https://portalfns.saude.gov.br/wp-content/uploads/2021/12/REPASSE-FAF-COM-POPULACAO-2016.csv,https://portalfns.saude.gov.br/wp-content/uploads/2021/12/REPASSE-FAF-COM-POPULACAO-2016.csv,/home/sallumc/Documents/Omega/02-repos/00-anatomia-do-gasto/data/raw/_shared/fns/repasses_faf_com_populacao/2016/REPASSE-FAF-COM-POPULACAO-2016.csv,MÉDIA E ALTA COMPLEXIDADE AMBULATORIAL E HOSPITALAR,LIMITE FINANCEIRO DA MÉDIA E ALTA COMPLEXIDADE AMBUL. E HOSPITAR - MAC,SERVIÇOS DE ATENDIMENTO MÓVEL ÀS URGÊNCIAS SAMU192 (RAU-SAMU)-ESTADUAL,SP,SAO PAULO,355030,12396372,2021,13851748000140,FUNDO ESTADUAL DE SAUDE - FUNDES,001,01897X,000000087629,ESTADUAL,S,S,N,22/12/2016,"140032,32","140032,32","2552491,5",31/12/2016
2016,https://portalfns.saude.gov.br/wp-content/uploads/2021/12/REPASSE-FAF-COM-POPULACAO-2016.csv,https://portalfns.saude.gov.br/wp-content/uploads/2021/12/REPASSE-FAF-COM-POPULACAO-2016.csv,/home/sallumc/Documents/Omega/02-repos/00-anatomia-do-gasto/data/raw/_shared/fns/repasses_faf_com_populacao/2016/REPASSE-FAF-COM-POPULACAO-2016.csv,MÉDIA E ALTA COMPLEXIDADE AMBULATORIAL E HOSPITALAR,LIMITE FINANCEIRO DA MÉDIA E ALTA COMPLEXIDADE AMBUL. E HOSPITAR - MAC,TETO ESTADUAL DA MÉDIA E ALTA COMPLEXIDADE AMBULATORIAL E HOSPITALAR,SP,SAO PAULO,355030,12396372,2021,13851748000140,FUNDO ESTADUAL DE SAUDE - FUNDES,001,01897X,000000087629,ESTADUAL,S,S,N,28/12/2016,"3232151028,9","3032092035,16","2552491,5",31/12/2016
2016,https://portalfns.saude.gov.br/wp-content/uploads/2021/12/REPASSE-FAF-COM-POPULACAO-2016.csv,https://portalfns.saude.gov.br/wp-content/uploads/2021/12/REPASSE-FAF-COM-POPULACAO-2016.csv,/home/sallumc/Documents/Omega/02-repos/00-anatomia-do-gasto/data/raw/_shared/fns/repasses_faf_com_populacao/2016/REPASSE-FAF-COM-POPULACAO-2016.csv,MÉDIA E ALTA COMPLEXIDADE AMBULATORIAL E HOSPITALAR,LIMITE FINANCEIRO DA MÉDIA E ALTA COMPLEXIDADE AMBUL. E HOSPITAR - MAC,TETO ESTADUAL LIMITE CONTROLE DO CANCER - PO 00088585,SP,SAO PAULO,355030,12396372,2021,13851748000140,FUNDO ESTADUAL DE SAUDE - FUNDES,001,01897X,000000087629,ESTADUAL,S,S,N,28/12/2016,"5472130,53","5472130,53","2552491,5",31/12/2016
2016,https://portalfns.saude.gov.br/wp-content/uploads/2021/12/REPASSE-FAF-COM-POPULACAO-2016.csv,https://portalfns.saude.gov.br/wp-content/uploads/2021/12/REPASSE-FAF-COM-POPULACAO-2016.csv,/home/sallumc/Documents/Omega/02-repos/00-anatomia-do-gasto/data/raw/_shared/fns/repasses_faf_com_populacao/2016/REPASSE-FAF-COM-POPULACAO-2016.csv,MÉDIA E ALTA COMPLEXIDADE AMBULATORIAL E HOSPITALAR,LIMITE FINANCEIRO DA MÉDIA E ALTA COMPLEXIDADE AMBUL. E HOSPITAR - MAC,TETO ESTADUAL MELHOR EM CASA,SP,SAO PAULO,355030,12396372,2021,13851748000140,FUNDO ESTADUAL DE SAUDE - FUNDES,001,01897X,000000087629,ESTADUAL,S,S,N,22/12/2016,600000,600000,"2552491,5",31/12/2016
2016,https://portalfns.saude.gov.br/wp-content/uploads/2021/12/REPASSE-FAF-COM-POPULACAO-2016.csv,https://portalfns.saude.gov.br/wp-content/uploads/2021/12/REPASSE-FAF-COM-POPULACAO-2016.csv,/home/sallumc/Documents/Omega/02-repos/00-anatomia-do-gasto/data/raw/_shared/fns/repasses_faf_com_populacao/2016/REPASSE-FAF-COM-POPULACAO-2016.csv,MÉDIA E ALTA COMPLEXIDADE AMBULATORIAL E HOSPITALAR,LIMITE FINANCEIRO DA MÉDIA E ALTA COMPLEXIDADE AMBUL. E HOSPITAR - MAC,TETO ESTADUAL REDE BRASIL SEM MISERIA (BSOR-SM),SP,SAO PAULO,355030,12396372,2021,13851748000140,FUNDO ESTADUAL DE SAUDE - FUNDES,001,01897X,000000087629,ESTADUAL,S,S,N,22/12/2016,"218501,78","218501,78","2552491,5",31/12/2016
2016,https://portalfns.saude.gov.br/wp-content/uploads/2021/12/REPASSE-FAF-COM-POPULACAO-2016.csv,https://portalfns.saude.gov.br/wp-content/uploads/2021/12/REPASSE-FAF-COM-POPULACAO-2016.csv,/home/sallumc/Documents/Omega/02-repos/00-anatomia-do-gasto/data/raw/_shared/fns/repasses_faf_com_populacao/2016/REPASSE-FAF-COM-POPULACAO-2016.csv,MÉDIA E ALTA COMPLEXIDADE AMBULATORIAL E HOSPITALAR,LIMITE FINANCEIRO DA MÉDIA E ALTA COMPLEXIDADE AMBUL. E HOSPITAR - MAC,TETO ESTADUAL REDE CEGONHA (RCE-RCEG),SP,SAO PAULO,355030,12396372,2021,13851748000140,FUNDO ESTADUAL DE SAUDE - FUNDES,001,01897X,000000087629,ESTADUAL,S,S,N,28/12/2016,"95822380,62","95822380,62","2552491,5",31/12/2016
2016,https://portalfns.saude.gov.br/wp-content/uploads/2021/12/REPASSE-FAF-COM-POPULACAO-2016.csv,https://portalfns.saude.gov.br/wp-content/uploads/2021/12/REPASSE-FAF-COM-POPULACAO-2016.csv,/home/sallumc/Documents/Omega/02-repos/00-anatomia-do-gasto/data/raw/_shared/fns/repasses_faf_com_populacao/2016/REPASSE-FAF-COM-POPULACAO-2016.csv,MÉDIA E ALTA COMPLEXIDADE AMBULATORIAL E HOSPITALAR,LIMITE FINANCEIRO DA MÉDIA E ALTA COMPLEXIDADE AMBUL. E HOSPITAR - MAC,TETO ESTADUAL REDE DE URGÊNCIA (RAU-HOSP),SP,SAO PAULO,355030,12396372,2021,13851748000140,FUNDO ESTADUAL DE SAUDE - FUNDES,001,01897X,000000087629,ESTADUAL,S,S,N,22/12/2016,"234427413,89","234391929,41","2552491,5",31/12/2016
2016,https://portalfns.saude.gov.br/wp-content/uploads/2021/12/REPASSE-FAF-COM-POPULACAO-2016.csv,https://portalfns.saude.gov.br/wp-content/uploads/2021/12/REPASSE-FAF-COM-POPULACAO-2016.csv,/home/sallumc/Documents/Omega/02-repos/00-anatomia-do-gasto/data/raw/_shared/fns/repasses_faf_com_populacao/2016/REPASSE-FAF-COM-POPULACAO-2016.csv,MÉDIA E ALTA COMPLEXIDADE AMBULATORIAL E HOSPITALAR,LIMITE FINANCEIRO DA MÉDIA E ALTA COMPLEXIDADE AMBUL. E HOSPITAR - MAC,TETO ESTADUAL REDE DE URGÊNCIA (RAU-SOS),SP,SAO PAULO,355030,12396372,2021,13851748000140,FUNDO ESTADUAL DE SAUDE - FUNDES,001,01897X,000000087629,ESTADUAL,S,S,N,22/12/2016,"34869819,39","34869819,39","2552491,5",31/12/2016
2016,https://portalfns.saude.gov.br/wp-content/uploads/2021/12/REPASSE-FAF-COM-POPULACAO-2016.csv,https://portalfns.saude.gov.br/wp-content/uploads/2021/12/REPASSE-FAF-COM-POPULACAO-2016.csv,/home/sallumc/Documents/Omega/02-repos/00-anatomia-do-gasto/data/raw/_shared/fns/repasses_faf_com_populacao/2016/REPASSE-FAF-COM-POPULACAO-2016.csv,MÉDIA E ALTA COMPLEXIDADE AMBULATORIAL E HOSPITALAR,LIMITE FINANCEIRO DA MÉDIA E ALTA COMPLEXIDADE AMBUL. E HOSPITAR - MAC,TETO ESTADUAL REDE PREV DIAG TRAT CANCER COLO DE MAMA (RCA-RCAN),SP,SAO PAULO,355030,12396372,2021,13851748000140,FUNDO ESTADUAL DE SAUDE - FUNDES,001,01897X,000000087629,ESTADUAL,S,S,N,22/12/2016,"22439341,08","22439341,08","2552491,5",31/12/2016
2016,https://portalfns.saude.gov.br/wp-content/uploads/2021/12/REPASSE-FAF-COM-POPULACAO-2016.csv,https://portalfns.saude.gov.br/wp-content/uploads/2021/12/REPASSE-FAF-COM-POPULACAO-2016.csv,/home/sallumc/Documents/Omega/02-repos/00-anatomia-do-gasto/data/raw/_shared/fns/repasses_faf_com_populacao/2016/REPASSE-FAF-COM-POPULACAO-2016.csv,MÉDIA E ALTA COMPLEXIDADE AMBULATORIAL E HOSPITALAR,LIMITE FINANCEIRO DA MÉDIA E ALTA COMPLEXIDADE AMBUL. E HOSPITAR - MAC,TETO ESTADUAL REDE SAUDE MENTAL (RSME),SP,SAO PAULO,355030,12396372,2021,13851748000140,FUNDO ESTADUAL DE SAUDE - FUNDES,001,01897X,000000087629,ESTADUAL,S,S,N,22/12/2016,"20824877,64","20824877,64","2552491,5",31/12/2016
2016,https://portalfns.saude.gov.br/wp-content/uploads/2021/12/REPASSE-FAF-COM-POPULACAO-2016.csv,https://portalfns.saude.gov.br/wp-content/uploads/2021/12/REPASSE-FAF-COM-POPULACAO-2016.csv,/home/sallumc/Documents/Omega/02-repos/00-anatomia-do-gasto/data/raw/_shared/fns/repasses_faf_com_populacao/2016/REPASSE-FAF-COM-POPULACAO-2016.csv,MÉDIA E ALTA COMPLEXIDADE AMBULATORIAL E HOSPITALAR,LIMITE FINANCEIRO DA MÉDIA E ALTA COMPLEXIDADE AMBUL. E HOSPITAR - MAC,TETO ESTADUAL REDE VIVER SEM LIMITES (RDEF),SP,SAO PAULO,355030,12396372,2021,13851748000140,FUNDO ESTADUAL DE SAUDE - FUNDES,001,01897X,000000087629,ESTADUAL,S,S,N,22/12/2016,"11625862,32","11625862,32","2552491,5",31/12/2016
2016,https://portalfns.saude.gov.br/wp-content/uploads/2021/12/REPASSE-FAF-COM-POPULACAO-2016.csv,https://portalfns.saude.gov.br/wp-content/uploads/2021/12/REPASSE-FAF-COM-POPULACAO-2016.csv,/home/sallumc/Documents/Omega/02-repos/00-anatomia-do-gasto/data/raw/_shared/fns/repasses_faf_com_populacao/2016/REPASSE-FAF-COM-POPULACAO-2016.csv,MÉDIA E ALTA COMPLEXIDADE AMBULATORIAL E HOSPITALAR,LIMITE FINANCEIRO DA MÉDIA E ALTA COMPLEXIDADE AMBUL. E HOSPITAR - MAC,TETO MUNICIPAL DA MÉDIA E ALTA COMPLEXIDADE AMBULATORIAL E HOSPITALAR,SP,SAO PAULO,355030,12396372,2021,13864377000130,FUNDO MUNICIPAL DE SAUDE - FMS,001,01897X,000000087394,MUNICIPAL,N,S,N,29/12/2016,"688184601,94","651940835,47","51241511,46",31/12/2016
2016,https://portalfns.saude.gov.br/wp-content/uploads/2021/12/REPASSE-FAF-COM-POPULACAO-2016.csv,https://portalfns.saude.gov.br/wp-content/uploads/2021/12/REPASSE-FAF-COM-POPULACAO-2016.csv,/home/sallumc/Documents/Omega/02-repos/00-anatomia-do-gasto/data/raw/_shared/fns/repasses_faf_com_populacao/2016/REPASSE-FAF-COM-POPULACAO-2016.csv,MÉDIA E ALTA COMPLEXIDADE AMBULATORIAL E HOSPITALAR,LIMITE FINANCEIRO DA MÉDIA E ALTA COMPLEXIDADE AMBUL. E HOSPITAR - MAC,TETO MUNICIPAL LIMITE CONTROLE DO CANCER - PO 00088585,SP,SAO PAULO,355030,12396372,2021,13864377000130,FUNDO MUNICIPAL DE SAUDE - FMS,001,01897X,000000087394,MUNICIPAL,N,S,N,21/12/2016,"573925,08","573925,08","51241511,46",31/12/2016
2016,https://portalfns.saude.gov.br/wp-content/uploads/2021/12/REPASSE-FAF-COM-POPULACAO-2016.csv,https://portalfns.saude.gov.br/wp-content/uploads/2021/12/REPASSE-FAF-COM-POPULACAO-2016.csv,/home/sallumc/Documents/Omega/02-repos/00-anatomia-do-gasto/data/raw/_shared/fns/repasses_faf_com_populacao/2016/REPASSE-FAF-COM-POPULACAO-2016.csv,MÉDIA E ALTA COMPLEXIDADE AMBULATORIAL E HOSPITALAR,LIMITE FINANCEIRO DA MÉDIA E ALTA COMPLEXIDADE AMBUL. E HOSPITAR - MAC,TETO MUNICIPAL LIMITE UPA - PO 00098585,SP,SAO PAULO,355030,12396372,2021,13864377000130,FUNDO MUNICIPAL DE SAUDE - FMS,001,01897X,000000087394,MUNICIPAL,N,S,N,21/12/2016,6000000,6000000,"51241511,46",31/12/2016
2016,https://portalfns.saude.gov.br/wp-content/uploads/2021/12/REPASSE-FAF-COM-POPULACAO-2016.csv,https://portalfns.saude.gov.br/wp-content/uploads/2021/12/REPASSE-FAF-COM-POPULACAO-2016.csv,/home/sallumc/Documents/Omega/02-repos/00-anatomia-do-gasto/data/raw/_shared/fns/repasses_faf_com_populacao/2016/REPASSE-FAF-COM-POPULACAO-2016.csv,MÉDIA E ALTA COMPLEXIDADE AMBULATORIAL E HOSPITALAR,LIMITE FINANCEIRO DA MÉDIA E ALTA COMPLEXIDADE AMBUL. E HOSPITAR - MAC,TETO MUNICIPAL MELHOR EM CASA,SP,SAO PAULO,355030,12396372,2021,13864377000130,FUNDO MUNICIPAL DE SAUDE - FMS,001,01897X,000000087394,MUNICIPAL,N,S,N,22/12/2016,17520000,17520000,"51241511,46",31/12/2016
2016,https://portalfns.saude.gov.br/wp-content/uploads/2021/12/REPASSE-FAF-COM-POPULACAO-2016.csv,https://portalfns.saude.gov.br/wp-content/uploads/2021/12/REPASSE-FAF-COM-POPULACAO-2016.csv,/home/sallumc/Documents/Omega/02-repos/00-anatomia-do-gasto/data/raw/_shared/fns/repasses_faf_com_populacao/2016/REPASSE-FAF-COM-POPULACAO-2016.csv,MÉDIA E ALTA COMPLEXIDADE AMBULATORIAL E HOSPITALAR,LIMITE FINANCEIRO DA MÉDIA E ALTA COMPLEXIDADE AMBUL. E HOSPITAR - MAC,TETO MUNICIPAL REDE BRASIL SEM MISERIA (BSOR-SM),SP,SAO PAULO,355030,12396372,2021,13864377000130,FUNDO MUNICIPAL DE SAUDE - FMS,001,01897X,000000087394,MUNICIPAL,N,S,N,22/12/2016,"2151619,98","2151619,98","51241511,46",31/12/2016
2016,https://portalfns.saude.gov.br/wp-content/uploads/2021/12/REPASSE-FAF-COM-POPULACAO-2016.csv,https://portalfns.saude.gov.br/wp-content/uploads/2021/12/REPASSE-FAF-COM-POPULACAO-2016.csv,/home/sallumc/Documents/Omega/02-repos/00-anatomia-do-gasto/data/raw/_shared/fns/repasses_faf_com_populacao/2016/REPASSE-FAF-COM-POPULACAO-2016.csv,MÉDIA E ALTA COMPLEXIDADE AMBULATORIAL E HOSPITALAR,LIMITE FINANCEIRO DA MÉDIA E ALTA COMPLEXIDADE AMBUL. E HOSPITAR - MAC,TETO MUNICIPAL REDE CEGONHA (RCE-RCEG),SP,SAO PAULO,355030,12396372,2021,13864377000130,FUNDO MUNICIPAL DE SAUDE - FMS,001,01897X,000000087394,MUNICIPAL,N,S,N,22/12/2016,15362850,15362850,"51241511,46",31/12/2016
2016,https://portalfns.saude.gov.br/wp-content/uploads/2021/12/REPASSE-FAF-COM-POPULACAO-2016.csv,https://portalfns.saude.gov.br/wp-content/uploads/2021/12/REPASSE-FAF-COM-POPULACAO-2016.csv,/home/sallumc/Documents/Omega/02-repos/00-anatomia-do-gasto/data/raw/_shared/fns/repasses_faf_com_populacao/2016/REPASSE-FAF-COM-POPULACAO-2016.csv,MÉDIA E ALTA COMPLEXIDADE AMBULATORIAL E HOSPITALAR,LIMITE FINANCEIRO DA MÉDIA E ALTA COMPLEXIDADE AMBUL. E HOSPITAR - MAC,TETO MUNICIPAL REDE DE URGÊNCIA (RAU-HOSP),SP,SAO PAULO,355030,12396372,2021,13864377000130,FUNDO MUNICIPAL DE SAUDE - FMS,001,01897X,000000087394,MUNICIPAL,N,S,N,22/12/2016,"127565857,92","127565857,92","51241511,46",31/12/2016
2016,https://portalfns.saude.gov.br/wp-content/uploads/2021/12/REPASSE-FAF-COM-POPULACAO-2016.csv,https://portalfns.saude.gov.br/wp-content/uploads/2021/12/REPASSE-FAF-COM-POPULACAO-2016.csv,/home/sallumc/Documents/Omega/02-repos/00-anatomia-do-gasto/data/raw/_shared/fns/repasses_faf_com_populacao/2016/REPASSE-FAF-COM-POPULACAO-2016.csv,MÉDIA E ALTA COMPLEXIDADE AMBULATORIAL E HOSPITALAR,LIMITE FINANCEIRO DA MÉDIA E ALTA COMPLEXIDADE AMBUL. E HOSPITAR - MAC,TETO MUNICIPAL REDE PREV DIAG TRAT CANCER COLO DE MAMA (RCA-RCAN),SP,SAO PAULO,355030,12396372,2021,13864377000130,FUNDO MUNICIPAL DE SAUDE - FMS,001,01897X,000000087394,MUNICIPAL,N,S,N,22/12/2016,"1025159,6","1025159,6","51241511,46",31/12/2016
2016,https://portalfns.saude.gov.br/wp-content/uploads/2021/12/REPASSE-FAF-COM-POPULACAO-2016.csv,https://portalfns.saude.gov.br/wp-content/uploads/2021/12/REPASSE-FAF-COM-POPULACAO-2016.csv,/home/sallumc/Documents/Omega/02-repos/00-anatomia-do-gasto/data/raw/_shared/fns/repasses_faf_com_populacao/2016/REPASSE-FAF-COM-POPULACAO-2016.csv,MÉDIA E ALTA COMPLEXIDADE AMBULATORIAL E HOSPITALAR,LIMITE FINANCEIRO DA MÉDIA E ALTA COMPLEXIDADE AMBUL. E HOSPITAR - MAC,TETO MUNICIPAL REDE PSICOSSOCIAL (RSM-CRAC),SP,SAO PAULO,355030,12396372,2021,13864377000130,FUNDO MUNICIPAL DE SAUDE - FMS,001,01897X,000000087394,MUNICIPAL,N,S,N,22/12/2016,"8206181,22","8206181,22","51241511,46",31/12/2016
2016,https://portalfns.saude.gov.br/wp-content/uploads/2021/12/REPASSE-FAF-COM-POPULACAO-2016.csv,https://portalfns.saude.gov.br/wp-content/uploads/2021/12/REPASSE-FAF-COM-POPULACAO-2016.csv,/home/sallumc/Documents/Omega/02-repos/00-anatomia-do-gasto/data/raw/_shared/fns/repasses_faf_com_populacao/2016/REPASSE-FAF-COM-POPULACAO-2016.csv,MÉDIA E ALTA COMPLEXIDADE AMBULATORIAL E HOSPITALAR,LIMITE FINANCEIRO DA MÉDIA E ALTA COMPLEXIDADE AMBUL. E HOSPITAR - MAC,TETO MUNICIPAL REDE SAUDE MENTAL (RSME),SP,SAO PAULO,355030,12396372,2021,13864377000130,FUNDO MUNICIPAL DE SAUDE - FMS,001,01897X,000000087394,MUNICIPAL,N,S,N,22/12/2016,"34336951,44","34336951,44","51241511,46",31/12/2016
2016,https://portalfns.saude.gov.br/wp-content/uploads/2021/12/REPASSE-FAF-COM-POPULACAO-2016.csv,https://portalfns.saude.gov.br/wp-content/uploads/2021/12/REPASSE-FAF-COM-POPULACAO-2016.csv,/home/sallumc/Documents/Omega/02-repos/00-anatomia-do-gasto/data/raw/_shared/fns/repasses_faf_com_populacao/2016/REPASSE-FAF-COM-POPULACAO-2016.csv,MÉDIA E ALTA COMPLEXIDADE AMBULATORIAL E HOSPITALAR,LIMITE FINANCEIRO DA MÉDIA E ALTA COMPLEXIDADE AMBUL. E HOSPITAR - MAC,TETO MUNICIPAL REDE VIVER SEM LIMITES (RDEF),SP,SAO PAULO,355030,12396372,2021,13864377000130,FUNDO MUNICIPAL DE SAUDE - FMS,001,01897X,000000087394,MUNICIPAL,N,S,N,22/12/2016,"37346780,74","37346780,74","51241511,46",31/12/2016
2016,https://portalfns.saude.gov.br/wp-content/uploads/2021/12/REPASSE-FAF-COM-POPULACAO-2016.csv,https://portalfns.saude.gov.br/wp-content/uploads/2021/12/REPASSE-FAF-COM-POPULACAO-2016.csv,/home/sallumc/Documents/Omega/02-repos/00-anatomia-do-gasto/data/raw/_shared/fns/repasses_faf_com_populacao/2016/REPASSE-FAF-COM-POPULACAO-2016.csv,VIGILÂNCIA EM SAÚDE,PISO FIXO DE VIGILÂNCIA SANITÁRIA - PFVISA,PISO FIXO DE VIGILÂNCIA SANITÁRIA - PARTE ANVISA (PARCELA),SP,SAO PAULO,355030,12396372,2021,13851748000140,FUNDO ESTADUAL DE SAUDE - FUNDES,001,01897X,000000087645,ESTADUAL,S,S,N,30/12/2016,"6272562,89","6272562,89","15444087,84",31/12/2016
2016,https://portalfns.saude.gov.br/wp-content/uploads/2021/12/REPASSE-FAF-COM-POPULACAO-2016.csv,https://portalfns.saude.gov.br/wp-content/uploads/2021/12/REPASSE-FAF-COM-POPULACAO-2016.csv,/home/sallumc/Documents/Omega/02-repos/00-anatomia-do-gasto/data/raw/_shared/fns/repasses_faf_com_populacao/2016/REPASSE-FAF-COM-POPULACAO-2016.csv,VIGILÂNCIA EM SAÚDE,PISO FIXO DE VIGILÂNCIA SANITÁRIA - PFVISA,PISO FIXO DE VIGILÂNCIA SANITÁRIA - PARTE ANVISA (PARCELA),SP,SAO PAULO,355030,12396372,2021,13864377000130,FUNDO MUNICIPAL DE SAUDE - FMS,001,01897X,000000087386,MUNICIPAL,N,S,N,30/12/2016,"975407,4","975407,4","74403700,39",31/12/2016
2016,https://portalfns.saude.gov.br/wp-content/uploads/2021/12/REPASSE-FAF-COM-POPULACAO-2016.csv,https://portalfns.saude.gov.br/wp-content/uploads/2021/12/REPASSE-FAF-COM-POPULACAO-2016.csv,/home/sallumc/Documents/Omega/02-repos/00-anatomia-do-gasto/data/raw/_shared/fns/repasses_faf_com_populacao/2016/REPASSE-FAF-COM-POPULACAO-2016.csv,VIGILÂNCIA EM SAÚDE,PISO FIXO DE VIGILÂNCIA SANITÁRIA - PFVISA,PISO FIXO DE VIGILÂNCIA SANITÁRIA PARTE - FNS (PARCELA),SP,SAO PAULO,355030,12396372,2021,13851748000140,FUNDO ESTADUAL DE SAUDE - FUNDES,001,01897X,000000087645,ESTADUAL,S,S,N,26/12/2016,"13318945,2","13318945,2","15444087,84",31/12/2016
2016,https://portalfns.saude.gov.br/wp-content/uploads/2021/12/REPASSE-FAF-COM-POPULACAO-2016.csv,https://portalfns.saude.gov.br/wp-content/uploads/2021/12/REPASSE-FAF-COM-POPULACAO-2016.csv,/home/sallumc/Documents/Omega/02-repos/00-anatomia-do-gasto/data/raw/_shared/fns/repasses_faf_com_populacao/2016/REPASSE-FAF-COM-POPULACAO-2016.csv,VIGILÂNCIA EM SAÚDE,PISO FIXO DE VIGILÂNCIA SANITÁRIA - PFVISA,PISO FIXO DE VIGILÂNCIA SANITÁRIA PARTE - FNS (PARCELA),SP,SAO PAULO,355030,12396372,2021,13864377000130,FUNDO MUNICIPAL DE SAUDE - FMS,001,01897X,000000087386,MUNICIPAL,N,S,N,27/12/2016,"6116614,2","6116614,2","74403700,39",31/12/2016
2016,https://portalfns.saude.gov.br/wp-content/uploads/2021/12/REPASSE-FAF-COM-POPULACAO-2016.csv,https://portalfns.saude.gov.br/wp-content/uploads/2021/12/REPASSE-FAF-COM-POPULACAO-2016.csv,/home/sallumc/Documents/Omega/02-repos/00-anatomia-do-gasto/data/raw/_shared/fns/repasses_faf_com_populacao/2016/REPASSE-FAF-COM-POPULACAO-2016.csv,VIGILÂNCIA EM SAÚDE,PISO FIXO DE VIGILÂNCIA SANITÁRIA - PFVISA,REDE NACIONAL DE LABORATÓRIOS DE VIGILÃNCIA SANITÁRIA - FINLACEN (P),SP,SAO PAULO,355030,12396372,2021,13851748000140,FUNDO ESTADUAL DE SAUDE - FUNDES,001,01897X,000000087645,ESTADUAL,S,S,N,30/12/2016,"1709888,95","1709888,95","15444087,84",31/12/2016
2016,https://portalfns.saude.gov.br/wp-content/uploads/2021/12/REPASSE-FAF-COM-POPULACAO-2016.csv,https://portalfns.saude.gov.br/wp-content/uploads/2021/12/REPASSE-FAF-COM-POPULACAO-2016.csv,/home/sallumc/Documents/Omega/02-repos/00-anatomia-do-gasto/data/raw/_shared/fns/repasses_faf_com_populacao/2016/REPASSE-FAF-COM-POPULACAO-2016.csv,VIGILÂNCIA EM SAÚDE,VIGILANCIA EM SAUDE,AÇÕES CONTINGENCIAIS DE VIGILANCIA EM SAUDE (PVVS),SP,SAO PAULO,355030,12396372,2021,13864377000130,FUNDO MUNICIPAL DE SAUDE - FMS,001,01897X,000000087386,MUNICIPAL,N,S,N,3/08/2016,"616294,26","616294,26","74403700,39",31/12/2016
2016,https://portalfns.saude.gov.br/wp-content/uploads/2021/12/REPASSE-FAF-COM-POPULACAO-2016.csv,https://portalfns.saude.gov.br/wp-content/uploads/2021/12/REPASSE-FAF-COM-POPULACAO-2016.csv,/home/sallumc/Documents/Omega/02-repos/00-anatomia-do-gasto/data/raw/_shared/fns/repasses_faf_com_populacao/2016/REPASSE-FAF-COM-POPULACAO-2016.csv,VIGILÂNCIA EM SAÚDE,VIGILANCIA EM SAUDE,ASSISTÊNCIA FINANCEIRA COMPLEMENTAR - ACE - 95 POR CENTO,SP,SAO PAULO,355030,12396372,2021,13864377000130,FUNDO MUNICIPAL DE SAUDE - FMS,001,01897X,000000087386,MUNICIPAL,N,S,N,29/12/2016,"6200762,1","6200762,1","74403700,39",31/12/2016
2016,https://portalfns.saude.gov.br/wp-content/uploads/2021/12/REPASSE-FAF-COM-POPULACAO-2016.csv,https://portalfns.saude.gov.br/wp-content/uploads/2021/12/REPASSE-FAF-COM-POPULACAO-2016.csv,/home/sallumc/Documents/Omega/02-repos/00-anatomia-do-gasto/data/raw/_shared/fns/repasses_faf_com_populacao/2016/REPASSE-FAF-COM-POPULACAO-2016.csv,VIGILÂNCIA EM SAÚDE,VIGILANCIA EM SAUDE,FORTALEC. DE POL. AFETAS À ATUAÇÃO DA ESTRATÉGIA DE ACE - 5 POR CENTO,SP,SAO PAULO,355030,12396372,2021,13864377000130,FUNDO MUNICIPAL DE SAUDE - FMS,001,01897X,000000087386,MUNICIPAL,N,S,N,29/12/2016,"326355,9","326355,9","74403700,39",31/12/2016
2016,https://portalfns.saude.gov.br/wp-content/uploads/2021/12/REPASSE-FAF-COM-POPULACAO-2016.csv,https://portalfns.saude.gov.br/wp-content/uploads/2021/12/REPASSE-FAF-COM-POPULACAO-2016.csv,/home/sallumc/Documents/Omega/02-repos/00-anatomia-do-gasto/data/raw/_shared/fns/repasses_faf_com_populacao/2016/REPASSE-FAF-COM-POPULACAO-2016.csv,VIGILÂNCIA EM SAÚDE,VIGILANCIA EM SAUDE,IMPLEMENTAÇÃO DE AÇÕES DE PREVENÇÃO CONTROLE COMBATE AO AEDES AEGYPTI,SP,SAO PAULO,355030,12396372,2021,13851748000140,FUNDO ESTADUAL DE SAUDE - FUNDES,001,01897X,000000087645,ESTADUAL,S,S,N,3/08/2016,100000000,100000000,"15444087,84",31/12/2016
2016,https://portalfns.saude.gov.br/wp-content/uploads/2021/12/REPASSE-FAF-COM-POPULACAO-2016.csv,https://portalfns.saude.gov.br/wp-content/uploads/2021/12/REPASSE-FAF-COM-POPULACAO-2016.csv,/home/sallumc/Documents/Omega/02-repos/00-anatomia-do-gasto/data/raw/_shared/fns/repasses_faf_com_populacao/2016/REPASSE-FAF-COM-POPULACAO-2016.csv,VIGILÂNCIA EM SAÚDE,VIGILANCIA EM SAUDE,INC. ADIC. ASSISTÊNCIA FINANCEIRA COMPLEMENTAR - ACE - 95 POR CENTO,SP,SAO PAULO,355030,12396372,2021,13864377000130,FUNDO MUNICIPAL DE SAUDE - FMS,001,01897X,000000087386,MUNICIPAL,N,S,N,29/12/2016,"1942976,1","1942976,1","74403700,39",31/12/2016
2016,https://portalfns.saude.gov.br/wp-content/uploads/2021/12/REPASSE-FAF-COM-POPULACAO-2016.csv,https://portalfns.saude.gov.br/wp-content/uploads/2021/12/REPASSE-FAF-COM-POPULACAO-2016.csv,/home/sallumc/Documents/Omega/02-repos/00-anatomia-do-gasto/data/raw/_shared/fns/repasses_faf_com_populacao/2016/REPASSE-FAF-COM-POPULACAO-2016.csv,VIGILÂNCIA EM SAÚDE,VIGILANCIA EM SAUDE,INC. ADIC. FORT. POL. AFETAS À ATUAÇÃO DA ESTRAT DE ACE - 5 POR CENTO,SP,SAO PAULO,355030,12396372,2021,13864377000130,FUNDO MUNICIPAL DE SAUDE - FMS,001,01897X,000000087386,MUNICIPAL,N,S,N,29/12/2016,"102261,9","102261,9","74403700,39",31/12/2016
2016,https://portalfns.saude.gov.br/wp-content/uploads/2021/12/REPASSE-FAF-COM-POPULACAO-2016.csv,https://portalfns.saude.gov.br/wp-content/uploads/2021/12/REPASSE-FAF-COM-POPULACAO-2016.csv,/home/sallumc/Documents/Omega/02-repos/00-anatomia-do-gasto/data/raw/_shared/fns/repasses_faf_com_populacao/2016/REPASSE-FAF-COM-POPULACAO-2016.csv,VIGILÂNCIA EM SAÚDE,VIGILANCIA EM SAUDE,INC.AS AÇÕES DE VIG.PREV  E CONT DAS DST/AIDS E HEPATITE VIRAIS (PVVS),SP,SAO PAULO,355030,12396372,2021,13864377000130,FUNDO MUNICIPAL DE SAUDE - FMS,001,01897X,000000087386,MUNICIPAL,N,S,N,27/12/2016,"9363585,41","9363585,41","74403700,39",31/12/2016
2016,https://portalfns.saude.gov.br/wp-content/uploads/2021/12/REPASSE-FAF-COM-POPULACAO-2016.csv,https://portalfns.saude.gov.br/wp-content/uploads/2021/12/REPASSE-FAF-COM-POPULACAO-2016.csv,/home/sallumc/Documents/Omega/02-repos/00-anatomia-do-gasto/data/raw/_shared/fns/repasses_faf_com_populacao/2016/REPASSE-FAF-COM-POPULACAO-2016.csv,VIGILÂNCIA EM SAÚDE,VIGILANCIA EM SAUDE,INC.AS AÇÕES DE VIG.PREV  E CONT DAS DST/AIDS E HEPATITE VIRAIS (PVVS),SP,SAO PAULO,355030,12396372,2021,13851748000140,FUNDO ESTADUAL DE SAUDE - FUNDES,001,01897X,000000087645,ESTADUAL,S,S,N,27/12/2016,"7600837,35","7600837,35","15444087,84",31/12/2016
2016,https://portalfns.saude.gov.br/wp-content/uploads/2021/12/REPASSE-FAF-COM-POPULACAO-2016.csv,https://portalfns.saude.gov.br/wp-content/uploads/2021/12/REPASSE-FAF-COM-POPULACAO-2016.csv,/home/sallumc/Documents/Omega/02-repos/00-anatomia-do-gasto/data/raw/_shared/fns/repasses_faf_com_populacao/2016/REPASSE-FAF-COM-POPULACAO-2016.csv,VIGILÂNCIA EM SAÚDE,VIGILANCIA EM SAUDE,INCENTIVOS PONTUAIS PARA AÇÕES DE SERVIÇOS DE VIGILÃNCIA EM SAÚDE IPVS,SP,SAO PAULO,355030,12396372,2021,13851748000140,FUNDO ESTADUAL DE SAUDE - FUNDES,001,01897X,000000087645,ESTADUAL,S,S,N,22/12/2016,500000,500000,"15444087,84",31/12/2016
2016,https://portalfns.saude.gov.br/wp-content/uploads/2021/12/REPASSE-FAF-COM-POPULACAO-2016.csv,https://portalfns.saude.gov.br/wp-content/uploads/2021/12/REPASSE-FAF-COM-POPULACAO-2016.csv,/home/sallumc/Documents/Omega/02-repos/00-anatomia-do-gasto/data/raw/_shared/fns/repasses_faf_com_populacao/2016/REPASSE-FAF-COM-POPULACAO-2016.csv,VIGILÂNCIA EM SAÚDE,VIGILANCIA EM SAUDE,INCENTIVOS PONTUAIS PARA AÇÕES DE SERVIÇOS DE VIGILÃNCIA EM SAÚDE IPVS,SP,SAO PAULO,355030,12396372,2021,13864377000130,FUNDO MUNICIPAL DE SAUDE - FMS,001,01897X,000000087386,MUNICIPAL,N,S,N,12/01/2016,"4989375,44","4989375,44","74403700,39",31/12/2016
2016,https://portalfns.saude.gov.br/wp-content/uploads/2021/12/REPASSE-FAF-COM-POPULACAO-2016.csv,https://portalfns.saude.gov.br/wp-content/uploads/2021/12/REPASSE-FAF-COM-POPULACAO-2016.csv,/home/sallumc/Documents/Omega/02-repos/00-anatomia-do-gasto/data/raw/_shared/fns/repasses_faf_com_populacao/2016/REPASSE-FAF-COM-POPULACAO-2016.csv,VIGILÂNCIA EM SAÚDE,VIGILANCIA EM SAUDE,INC.PARA IMPLANT.E MANUT.AÇÕES SERV.PUBLIC.ESTRAT.DE VIG.(PVVS),SP,SAO PAULO,355030,12396372,2021,13864377000130,FUNDO MUNICIPAL DE SAUDE - FMS,001,01897X,000000087386,MUNICIPAL,N,S,N,27/12/2016,1707000,1707000,"74403700,39",31/12/2016
2016,https://portalfns.saude.gov.br/wp-content/uploads/2021/12/REPASSE-FAF-COM-POPULACAO-2016.csv,https://portalfns.saude.gov.br/wp-content/uploads/2021/12/REPASSE-FAF-COM-POPULACAO-2016.csv,/home/sallumc/Documents/Omega/02-repos/00-anatomia-do-gasto/data/raw/_shared/fns/repasses_faf_com_populacao/2016/REPASSE-FAF-COM-POPULACAO-2016.csv,VIGILÂNCIA EM SAÚDE,VIGILANCIA EM SAUDE,INC.PARA IMPLANT.E MANUT.AÇÕES SERV.PUBLIC.ESTRAT.DE VIG.(PVVS),SP,SAO PAULO,355030,12396372,2021,13851748000140,FUNDO ESTADUAL DE SAUDE - FUNDES,001,01897X,000000087645,ESTADUAL,S,S,N,29/12/2016,13335000,13335000,"15444087,84",31/12/2016
2016,https://portalfns.saude.gov.br/wp-content/uploads/2021/12/REPASSE-FAF-COM-POPULACAO-2016.csv,https://portalfns.saude.gov.br/wp-content/uploads/2021/12/REPASSE-FAF-COM-POPULACAO-2016.csv,/home/sallumc/Documents/Omega/02-repos/00-anatomia-do-gasto/data/raw/_shared/fns/repasses_faf_com_populacao/2016/REPASSE-FAF-COM-POPULACAO-2016.csv,VIGILÂNCIA EM SAÚDE,VIGILANCIA EM SAUDE,PISO FIXO DE VIGILANCIA EM SAUDE (PFVS) PARCELA,SP,SAO PAULO,355030,12396372,2021,13851748000140,FUNDO ESTADUAL DE SAUDE - FUNDES,001,01897X,000000087645,ESTADUAL,S,S,N,29/12/2016,"37712516,12","37712516,12","15444087,84",31/12/2016
2016,https://portalfns.saude.gov.br/wp-content/uploads/2021/12/REPASSE-FAF-COM-POPULACAO-2016.csv,https://portalfns.saude.gov.br/wp-content/uploads/2021/12/REPASSE-FAF-COM-POPULACAO-2016.csv,/home/sallumc/Documents/Omega/02-repos/00-anatomia-do-gasto/data/raw/_shared/fns/repasses_faf_com_populacao/2016/REPASSE-FAF-COM-POPULACAO-2016.csv,VIGILÂNCIA EM SAÚDE,VIGILANCIA EM SAUDE,PISO FIXO DE VIGILANCIA EM SAUDE (PFVS) PARCELA,SP,SAO PAULO,355030,12396372,2021,13864377000130,FUNDO MUNICIPAL DE SAUDE - FMS,001,01897X,000000087386,MUNICIPAL,N,S,N,29/12/2016,"37535669,88","37535669,88","74403700,39",31/12/2016
2016,https://portalfns.saude.gov.br/wp-content/uploads/2021/12/REPASSE-FAF-COM-POPULACAO-2016.csv,https://portalfns.saude.gov.br/wp-content/uploads/2021/12/REPASSE-FAF-COM-POPULACAO-2016.csv,/home/sallumc/Documents/Omega/02-repos/00-anatomia-do-gasto/data/raw/_shared/fns/repasses_faf_com_populacao/2016/REPASSE-FAF-COM-POPULACAO-2016.csv,VIGILÂNCIA EM SAÚDE,VIGILANCIA EM SAUDE,PROGRAMA DE QUALIFICAÇÃO DAS AÇÕES DE VIGILANCIA EM SAUDE (PVVS),SP,SAO PAULO,355030,12396372,2021,13864377000130,FUNDO MUNICIPAL DE SAUDE - FMS,001,01897X,000000087386,MUNICIPAL,N,S,N,22/09/2016,"4468097,41","4468097,41","74403700,39",31/12/2016
2016,https://portalfns.saude.gov.br/wp-content/uploads/2021/12/REPASSE-FAF-COM-POPULACAO-2016.csv,https://portalfns.saude.gov.br/wp-content/uploads/2021/12/REPASSE-FAF-COM-POPULACAO-2016.csv,/home/sallumc/Documents/Omega/02-repos/00-anatomia-do-gasto/data/raw/_shared/fns/repasses_faf_com_populacao/2016/REPASSE-FAF-COM-POPULACAO-2016.csv,VIGILÂNCIA EM SAÚDE,VIGILANCIA EM SAUDE,PROGRAMA DE QUALIFICAÇÃO DAS AÇÕES DE VIGILANCIA EM SAUDE (PVVS),SP,SAO PAULO,355030,12396372,2021,13851748000140,FUNDO ESTADUAL DE SAUDE - FUNDES,001,01897X,000000087645,ESTADUAL,S,S,N,1/09/2016,"3230059,15","3230059,15","15444087,84",31/12/2016
