ano_coleta,fonte_url_pagina,fonte_url_arquivo,arquivo_origem,BLOCO,GRUPO,ESTRATÉGIA,UF,MUNICIPIO,CO_MUNICIPIO_IBGE,QT_POPULACAO,NU_ANO_REFERENCIA_IBGE,CNPJ,ENTIDADE,BANCO,AGENCIA,CONTA,TP_REPASSE,TP_REPASSE_ESTADO,ST_FAF,ST_HU,DT_ULTIMA_LIBERACAO,VL_BRUTO,VL_LIQUIDO,VL_SALDO_CONTA,DT_SALDO_CONTA
2017,https://portalfns.saude.gov.br/wp-content/uploads/2021/12/REPASSE-FAF-COM-POPULACAO-2017.csv,https://portalfns.saude.gov.br/wp-content/uploads/2021/12/REPASSE-FAF-COM-POPULACAO-2017.csv,/home/sallumc/Documents/Omega/02-repos/00-anatomia-do-gasto/data/raw/_shared/fns/repasses_faf_com_populacao/2017/REPASSE-FAF-COM-POPULACAO-2017.csv,ASSISTÊNCIA FARMACÊUTICA,BÁSICO DA ASSISTÊNCIA FARMACÊUTICA,PESSOAS PRIVADAS DE LIBERDADE PRISIONAL - (PNAISP),SP,SAO PAULO,355030,12396372,2021,13851748000140,FUNDO ESTADUAL DE SAUDE - FUNDES,001,01897X,000000087599,ESTADUAL,S,S,N,9/11/2017,"3405631,59","3405631,59","5612324,43",31/12/2017
2017,https://portalfns.saude.gov.br/wp-content/uploads/2021/12/REPASSE-FAF-COM-POPULACAO-2017.csv,https://portalfns.saude.gov.br/wp-content/uploads/2021/12/REPASSE-FAF-COM-POPULACAO-2017.csv,/home/sallumc/Documents/Omega/02-repos/00-anatomia-do-gasto/data/raw/_shared/fns/repasses_faf_com_populacao/2017/REPASSE-FAF-COM-POPULACAO-2017.csv,ASSISTÊNCIA FARMACÊUTICA,BÁSICO DA ASSISTÊNCIA FARMACÊUTICA,PROGRAMA DE ASSISTÊNCIA FARMACEUTICA BÁSICA (PARCELAS),SP,SAO PAULO,355030,12396372,2021,13851748000140,FUNDO ESTADUAL DE SAUDE - FUNDES,001,01897X,000000087599,ESTADUAL,S,S,N,13/12/2017,"32549962,6","32549962,6","5612324,43",31/12/2017
2017,https://portalfns.saude.gov.br/wp-content/uploads/2021/12/REPASSE-FAF-COM-POPULACAO-2017.csv,https://portalfns.saude.gov.br/wp-content/uploads/2021/12/REPASSE-FAF-COM-POPULACAO-2017.csv,/home/sallumc/Documents/Omega/02-repos/00-anatomia-do-gasto/data/raw/_shared/fns/repasses_faf_com_populacao/2017/REPASSE-FAF-COM-POPULACAO-2017.csv,ASSISTÊNCIA FARMACÊUTICA,BÁSICO DA ASSISTÊNCIA FARMACÊUTICA,PROGRAMA DE ASSISTÊNCIA FARMACEUTICA BÁSICA (PARCELAS),SP,SAO PAULO,355030,12396372,2021,13864377000130,FUNDO MUNICIPAL DE SAUDE - FMS,001,01897X,000000087343,MUNICIPAL,N,S,N,13/12/2017,"60865810,16","60865810,16","18812110,28",31/12/2017
2017,https://portalfns.saude.gov.br/wp-content/uploads/2021/12/REPASSE-FAF-COM-POPULACAO-2017.csv,https://portalfns.saude.gov.br/wp-content/uploads/2021/12/REPASSE-FAF-COM-POPULACAO-2017.csv,/home/sallumc/Documents/Omega/02-repos/00-anatomia-do-gasto/data/raw/_shared/fns/repasses_faf_com_populacao/2017/REPASSE-FAF-COM-POPULACAO-2017.csv,ASSISTÊNCIA FARMACÊUTICA,FARMÁCIA POPULAR,PROGRAMA FARMÁCIA POPULAR DO BRASIL ,SP,SAO PAULO,355030,12396372,2021,13864377000130,FUNDO MUNICIPAL DE SAUDE - FMS,001,01897X,000000087416,MUNICIPAL,N,S,N,28/07/2017,762500,762500,"13170711,49",31/12/2017
2017,https://portalfns.saude.gov.br/wp-content/uploads/2021/12/REPASSE-FAF-COM-POPULACAO-2017.csv,https://portalfns.saude.gov.br/wp-content/uploads/2021/12/REPASSE-FAF-COM-POPULACAO-2017.csv,/home/sallumc/Documents/Omega/02-repos/00-anatomia-do-gasto/data/raw/_shared/fns/repasses_faf_com_populacao/2017/REPASSE-FAF-COM-POPULACAO-2017.csv,ASSISTÊNCIA FARMACÊUTICA,MEDICAMENTOS DE DISPENSAÇÃO EXCEPCIONAL - CMDE,PROGRAMA DE AQUISIÇÃO DE MEDICAMENTOS EXCEPCIONAIS,SP,SAO PAULO,355030,12396372,2021,13851748000140,FUNDO ESTADUAL DE SAUDE - FUNDES,001,01897X,000000087637,ESTADUAL,S,S,N,13/09/2017,"248175792,81","248175792,81","26227731,24",31/12/2017
2017,https://portalfns.saude.gov.br/wp-content/uploads/2021/12/REPASSE-FAF-COM-POPULACAO-2017.csv,https://portalfns.saude.gov.br/wp-content/uploads/2021/12/REPASSE-FAF-COM-POPULACAO-2017.csv,/home/sallumc/Documents/Omega/02-repos/00-anatomia-do-gasto/data/raw/_shared/fns/repasses_faf_com_populacao/2017/REPASSE-FAF-COM-POPULACAO-2017.csv,ATENÇÃO BÁSICA,PISO DA ATENÇÃO BÁSICA FIXO - PAB FIXO,INCREMENTO TEMPORÁRIO DO COMPONENTE DE CUSTEIO DO PAB (2017),SP,SAO PAULO,355030,12396372,2021,13864377000130,FUNDO MUNICIPAL DE SAUDE - FMS,001,01897X,00000008736X,MUNICIPAL,N,S,N,22/12/2017,6650000,6650000,"13002535,84",31/12/2017
2017,https://portalfns.saude.gov.br/wp-content/uploads/2021/12/REPASSE-FAF-COM-POPULACAO-2017.csv,https://portalfns.saude.gov.br/wp-content/uploads/2021/12/REPASSE-FAF-COM-POPULACAO-2017.csv,/home/sallumc/Documents/Omega/02-repos/00-anatomia-do-gasto/data/raw/_shared/fns/repasses_faf_com_populacao/2017/REPASSE-FAF-COM-POPULACAO-2017.csv,ATENÇÃO BÁSICA,PISO DA ATENÇÃO BÁSICA FIXO - PAB FIXO,INCREMENTO TEMPORÁRIO DO PISO DE ATENÇÃO BÁSICA,SP,SAO PAULO,355030,12396372,2021,13864377000130,FUNDO MUNICIPAL DE SAUDE - FMS,001,01897X,00000008736X,MUNICIPAL,N,S,N,22/05/2017,"413333,36","413333,36","13002535,84",31/12/2017
2017,https://portalfns.saude.gov.br/wp-content/uploads/2021/12/REPASSE-FAF-COM-POPULACAO-2017.csv,https://portalfns.saude.gov.br/wp-content/uploads/2021/12/REPASSE-FAF-COM-POPULACAO-2017.csv,/home/sallumc/Documents/Omega/02-repos/00-anatomia-do-gasto/data/raw/_shared/fns/repasses_faf_com_populacao/2017/REPASSE-FAF-COM-POPULACAO-2017.csv,ATENÇÃO BÁSICA,PISO DA ATENÇÃO BÁSICA FIXO - PAB FIXO,PAB FIXO,SP,SAO PAULO,355030,12396372,2021,13864377000130,FUNDO MUNICIPAL DE SAUDE - FMS,001,01897X,00000008736X,MUNICIPAL,N,S,N,5/12/2017,"261663755,04","261663755,04","13002535,84",31/12/2017
2017,https://portalfns.saude.gov.br/wp-content/uploads/2021/12/REPASSE-FAF-COM-POPULACAO-2017.csv,https://portalfns.saude.gov.br/wp-content/uploads/2021/12/REPASSE-FAF-COM-POPULACAO-2017.csv,/home/sallumc/Documents/Omega/02-repos/00-anatomia-do-gasto/data/raw/_shared/fns/repasses_faf_com_populacao/2017/REPASSE-FAF-COM-POPULACAO-2017.csv,ATENÇÃO BÁSICA,PISO DA ATENÇÃO BÁSICA FIXO - PAB FIXO,PROGRAMA DE REQUALIFICAÇÃO DE UBS - REFORMAS,SP,SAO PAULO,355030,12396372,2021,13864377000130,FUNDO MUNICIPAL DE SAUDE - FMS,001,01897X,00000008736X,MUNICIPAL,N,S,N,25/04/2017,"1205885,7","1205885,7","13002535,84",31/12/2017
2017,https://portalfns.saude.gov.br/wp-content/uploads/2021/12/REPASSE-FAF-COM-POPULACAO-2017.csv,https://portalfns.saude.gov.br/wp-content/uploads/2021/12/REPASSE-FAF-COM-POPULACAO-2017.csv,/home/sallumc/Documents/Omega/02-repos/00-anatomia-do-gasto/data/raw/_shared/fns/repasses_faf_com_populacao/2017/REPASSE-FAF-COM-POPULACAO-2017.csv,ATENÇÃO BÁSICA,PISO DA ATENÇÃO BÁSICA VARIÁVEL,AGENTES COMUNITÁRIOS DE SAÚDE - ACS,SP,SAO PAULO,355030,12396372,2021,13864377000130,FUNDO MUNICIPAL DE SAUDE - FMS,001,01897X,00000008736X,MUNICIPAL,N,S,N,12/12/2017,88828428,88828428,"13002535,84",31/12/2017
2017,https://portalfns.saude.gov.br/wp-content/uploads/2021/12/REPASSE-FAF-COM-POPULACAO-2017.csv,https://portalfns.saude.gov.br/wp-content/uploads/2021/12/REPASSE-FAF-COM-POPULACAO-2017.csv,/home/sallumc/Documents/Omega/02-repos/00-anatomia-do-gasto/data/raw/_shared/fns/repasses_faf_com_populacao/2017/REPASSE-FAF-COM-POPULACAO-2017.csv,ATENÇÃO BÁSICA,PISO DA ATENÇÃO BÁSICA VARIÁVEL,ASSISTÊNCIA FINANCEIRA COMPLEMENTAR - ACS - 95 POR CENTO,SP,SAO PAULO,355030,12396372,2021,13864377000130,FUNDO MUNICIPAL DE SAUDE - FMS,001,01897X,00000008736X,MUNICIPAL,N,S,N,12/12/2017,"33715,5","33715,5","13002535,84",31/12/2017
2017,https://portalfns.saude.gov.br/wp-content/uploads/2021/12/REPASSE-FAF-COM-POPULACAO-2017.csv,https://portalfns.saude.gov.br/wp-content/uploads/2021/12/REPASSE-FAF-COM-POPULACAO-2017.csv,/home/sallumc/Documents/Omega/02-repos/00-anatomia-do-gasto/data/raw/_shared/fns/repasses_faf_com_populacao/2017/REPASSE-FAF-COM-POPULACAO-2017.csv,ATENÇÃO BÁSICA,PISO DA ATENÇÃO BÁSICA VARIÁVEL,EQUIPES DE CONSULTÓRIOS NA RUA (RSM-CRAC-SM),SP,SAO PAULO,355030,12396372,2021,13864377000130,FUNDO MUNICIPAL DE SAUDE - FMS,001,01897X,00000008736X,MUNICIPAL,N,S,N,14/12/2017,6683700,6683700,"13002535,84",31/12/2017
2017,https://portalfns.saude.gov.br/wp-content/uploads/2021/12/REPASSE-FAF-COM-POPULACAO-2017.csv,https://portalfns.saude.gov.br/wp-content/uploads/2021/12/REPASSE-FAF-COM-POPULACAO-2017.csv,/home/sallumc/Documents/Omega/02-repos/00-anatomia-do-gasto/data/raw/_shared/fns/repasses_faf_com_populacao/2017/REPASSE-FAF-COM-POPULACAO-2017.csv,ATENÇÃO BÁSICA,PISO DA ATENÇÃO BÁSICA VARIÁVEL,FORTALEC. DE POL. AFETAS À ATUAÇÃO DA ESTRATÉGIA DE ACS - 5 POR CENTO,SP,SAO PAULO,355030,12396372,2021,13864377000130,FUNDO MUNICIPAL DE SAUDE - FMS,001,01897X,00000008736X,MUNICIPAL,N,S,N,14/12/2017,"1774,5","1774,5","13002535,84",31/12/2017
2017,https://portalfns.saude.gov.br/wp-content/uploads/2021/12/REPASSE-FAF-COM-POPULACAO-2017.csv,https://portalfns.saude.gov.br/wp-content/uploads/2021/12/REPASSE-FAF-COM-POPULACAO-2017.csv,/home/sallumc/Documents/Omega/02-repos/00-anatomia-do-gasto/data/raw/_shared/fns/repasses_faf_com_populacao/2017/REPASSE-FAF-COM-POPULACAO-2017.csv,ATENÇÃO BÁSICA,PISO DA ATENÇÃO BÁSICA VARIÁVEL,INC ADIC ASSISTÊNCIA FINANCEIRA COMPLEMENTAR - ACS - 95 POR CENTO,SP,SAO PAULO,355030,12396372,2021,13864377000130,FUNDO MUNICIPAL DE SAUDE - FMS,001,01897X,00000008736X,MUNICIPAL,N,S,N,14/12/2017,"1926,6","1926,6","13002535,84",31/12/2017
2017,https://portalfns.saude.gov.br/wp-content/uploads/2021/12/REPASSE-FAF-COM-POPULACAO-2017.csv,https://portalfns.saude.gov.br/wp-content/uploads/2021/12/REPASSE-FAF-COM-POPULACAO-2017.csv,/home/sallumc/Documents/Omega/02-repos/00-anatomia-do-gasto/data/raw/_shared/fns/repasses_faf_com_populacao/2017/REPASSE-FAF-COM-POPULACAO-2017.csv,ATENÇÃO BÁSICA,PISO DA ATENÇÃO BÁSICA VARIÁVEL,INC ADIC FORT POL AFETAS À ATUAÇÃO DA ESTRAT DE ACS - 5 POR CENTO,SP,SAO PAULO,355030,12396372,2021,13864377000130,FUNDO MUNICIPAL DE SAUDE - FMS,001,01897X,00000008736X,MUNICIPAL,N,S,N,13/12/2017,"101,4","101,4","13002535,84",31/12/2017
2017,https://portalfns.saude.gov.br/wp-content/uploads/2021/12/REPASSE-FAF-COM-POPULACAO-2017.csv,https://portalfns.saude.gov.br/wp-content/uploads/2021/12/REPASSE-FAF-COM-POPULACAO-2017.csv,/home/sallumc/Documents/Omega/02-repos/00-anatomia-do-gasto/data/raw/_shared/fns/repasses_faf_com_populacao/2017/REPASSE-FAF-COM-POPULACAO-2017.csv,ATENÇÃO BÁSICA,PISO DA ATENÇÃO BÁSICA VARIÁVEL,INCENTIVO ADCIONAL AO PROGRAMA DE AGENTES COMUNITARIOS DE SAUDE,SP,SAO PAULO,355030,12396372,2021,13864377000130,FUNDO MUNICIPAL DE SAUDE - FMS,001,01897X,00000008736X,MUNICIPAL,N,S,N,27/12/2017,7414368,7414368,"13002535,84",31/12/2017
2017,https://portalfns.saude.gov.br/wp-content/uploads/2021/12/REPASSE-FAF-COM-POPULACAO-2017.csv,https://portalfns.saude.gov.br/wp-content/uploads/2021/12/REPASSE-FAF-COM-POPULACAO-2017.csv,/home/sallumc/Documents/Omega/02-repos/00-anatomia-do-gasto/data/raw/_shared/fns/repasses_faf_com_populacao/2017/REPASSE-FAF-COM-POPULACAO-2017.csv,ATENÇÃO BÁSICA,PISO DA ATENÇÃO BÁSICA VARIÁVEL,INCENTIVO ADICIONAL PSF,SP,SAO PAULO,355030,12396372,2021,13864377000130,FUNDO MUNICIPAL DE SAUDE - FMS,001,01897X,00000008736X,MUNICIPAL,N,S,N,3/02/2017,290000,290000,"13002535,84",31/12/2017
2017,https://portalfns.saude.gov.br/wp-content/uploads/2021/12/REPASSE-FAF-COM-POPULACAO-2017.csv,https://portalfns.saude.gov.br/wp-content/uploads/2021/12/REPASSE-FAF-COM-POPULACAO-2017.csv,/home/sallumc/Documents/Omega/02-repos/00-anatomia-do-gasto/data/raw/_shared/fns/repasses_faf_com_populacao/2017/REPASSE-FAF-COM-POPULACAO-2017.csv,ATENÇÃO BÁSICA,PISO DA ATENÇÃO BÁSICA VARIÁVEL,INCENTIVO ADICIONAL SAÚDE BUCAL,SP,SAO PAULO,355030,12396372,2021,13864377000130,FUNDO MUNICIPAL DE SAUDE - FMS,001,01897X,00000008736X,MUNICIPAL,N,S,N,15/08/2017,140000,140000,"13002535,84",31/12/2017
2017,https://portalfns.saude.gov.br/wp-content/uploads/2021/12/REPASSE-FAF-COM-POPULACAO-2017.csv,https://portalfns.saude.gov.br/wp-content/uploads/2021/12/REPASSE-FAF-COM-POPULACAO-2017.csv,/home/sallumc/Documents/Omega/02-repos/00-anatomia-do-gasto/data/raw/_shared/fns/repasses_faf_com_populacao/2017/REPASSE-FAF-COM-POPULACAO-2017.csv,ATENÇÃO BÁSICA,PISO DA ATENÇÃO BÁSICA VARIÁVEL,INCENTIVO AO PROGRAMA ACADEMIA DA SAÚDE - RAB-ACAD,SP,SAO PAULO,355030,12396372,2021,13864377000130,FUNDO MUNICIPAL DE SAUDE - FMS,001,01897X,00000008736X,MUNICIPAL,N,S,N,9/11/2017,330000,330000,"13002535,84",31/12/2017
2017,https://portalfns.saude.gov.br/wp-content/uploads/2021/12/REPASSE-FAF-COM-POPULACAO-2017.csv,https://portalfns.saude.gov.br/wp-content/uploads/2021/12/REPASSE-FAF-COM-POPULACAO-2017.csv,/home/sallumc/Documents/Omega/02-repos/00-anatomia-do-gasto/data/raw/_shared/fns/repasses_faf_com_populacao/2017/REPASSE-FAF-COM-POPULACAO-2017.csv,ATENÇÃO BÁSICA,PISO DA ATENÇÃO BÁSICA VARIÁVEL,INCENTIVO DE IMPLANTAÇÃO AOS NÚCLEOS DE APOIO À SAÚDE DA FAMÍLIA-NASF,SP,SAO PAULO,355030,12396372,2021,13864377000130,FUNDO MUNICIPAL DE SAUDE - FMS,001,01897X,00000008736X,MUNICIPAL,N,S,N,13/09/2017,400000,400000,"13002535,84",31/12/2017
2017,https://portalfns.saude.gov.br/wp-content/uploads/2021/12/REPASSE-FAF-COM-POPULACAO-2017.csv,https://portalfns.saude.gov.br/wp-content/uploads/2021/12/REPASSE-FAF-COM-POPULACAO-2017.csv,/home/sallumc/Documents/Omega/02-repos/00-anatomia-do-gasto/data/raw/_shared/fns/repasses_faf_com_populacao/2017/REPASSE-FAF-COM-POPULACAO-2017.csv,ATENÇÃO BÁSICA,PISO DA ATENÇÃO BÁSICA VARIÁVEL,INCENTIVO PARA ATENÇÃO À SAÚDE NO SISTEMA PENITENCIÁRIO,SP,SAO PAULO,355030,12396372,2021,13851748000140,FUNDO ESTADUAL DE SAUDE - FUNDES,001,01897X,000000087602,ESTADUAL,S,S,N,21/12/2017,"1701417,44","1701417,44","1530937,06",31/12/2017
2017,https://portalfns.saude.gov.br/wp-content/uploads/2021/12/REPASSE-FAF-COM-POPULACAO-2017.csv,https://portalfns.saude.gov.br/wp-content/uploads/2021/12/REPASSE-FAF-COM-POPULACAO-2017.csv,/home/sallumc/Documents/Omega/02-repos/00-anatomia-do-gasto/data/raw/_shared/fns/repasses_faf_com_populacao/2017/REPASSE-FAF-COM-POPULACAO-2017.csv,ATENÇÃO BÁSICA,PISO DA ATENÇÃO BÁSICA VARIÁVEL,NÚCLEOS DE APOIO À SAÚDE DA FAMÍLIA - NASF,SP,SAO PAULO,355030,12396372,2021,13864377000130,FUNDO MUNICIPAL DE SAUDE - FMS,001,01897X,00000008736X,MUNICIPAL,N,S,N,12/12/2017,24020000,24020000,"13002535,84",31/12/2017
2017,https://portalfns.saude.gov.br/wp-content/uploads/2021/12/REPASSE-FAF-COM-POPULACAO-2017.csv,https://portalfns.saude.gov.br/wp-content/uploads/2021/12/REPASSE-FAF-COM-POPULACAO-2017.csv,/home/sallumc/Documents/Omega/02-repos/00-anatomia-do-gasto/data/raw/_shared/fns/repasses_faf_com_populacao/2017/REPASSE-FAF-COM-POPULACAO-2017.csv,ATENÇÃO BÁSICA,PISO DA ATENÇÃO BÁSICA VARIÁVEL,PROGRAMA DE MELHORIA DO ACESSO E DA QUALIDADE - PMAQ (RAB-PMAQ-SM),SP,SAO PAULO,355030,12396372,2021,13864377000130,FUNDO MUNICIPAL DE SAUDE - FMS,001,01897X,00000008736X,MUNICIPAL,N,S,N,14/12/2017,59718300,59718300,"13002535,84",31/12/2017
2017,https://portalfns.saude.gov.br/wp-content/uploads/2021/12/REPASSE-FAF-COM-POPULACAO-2017.csv,https://portalfns.saude.gov.br/wp-content/uploads/2021/12/REPASSE-FAF-COM-POPULACAO-2017.csv,/home/sallumc/Documents/Omega/02-repos/00-anatomia-do-gasto/data/raw/_shared/fns/repasses_faf_com_populacao/2017/REPASSE-FAF-COM-POPULACAO-2017.csv,ATENÇÃO BÁSICA,PISO DA ATENÇÃO BÁSICA VARIÁVEL,PROGRAMA SAÚDE NA ESCOLA (RAB-SESC-SM),SP,SAO PAULO,355030,12396372,2021,13864377000130,FUNDO MUNICIPAL DE SAUDE - FMS,001,01897X,00000008736X,MUNICIPAL,N,S,N,30/10/2017,769676,769676,"13002535,84",31/12/2017
2017,https://portalfns.saude.gov.br/wp-content/uploads/2021/12/REPASSE-FAF-COM-POPULACAO-2017.csv,https://portalfns.saude.gov.br/wp-content/uploads/2021/12/REPASSE-FAF-COM-POPULACAO-2017.csv,/home/sallumc/Documents/Omega/02-repos/00-anatomia-do-gasto/data/raw/_shared/fns/repasses_faf_com_populacao/2017/REPASSE-FAF-COM-POPULACAO-2017.csv,ATENÇÃO BÁSICA,PISO DA ATENÇÃO BÁSICA VARIÁVEL,SAÚDE BUCAL - SB,SP,SAO PAULO,355030,12396372,2021,13864377000130,FUNDO MUNICIPAL DE SAUDE - FMS,001,01897X,00000008736X,MUNICIPAL,N,S,N,12/12/2017,10817950,10817950,"13002535,84",31/12/2017
2017,https://portalfns.saude.gov.br/wp-content/uploads/2021/12/REPASSE-FAF-COM-POPULACAO-2017.csv,https://portalfns.saude.gov.br/wp-content/uploads/2021/12/REPASSE-FAF-COM-POPULACAO-2017.csv,/home/sallumc/Documents/Omega/02-repos/00-anatomia-do-gasto/data/raw/_shared/fns/repasses_faf_com_populacao/2017/REPASSE-FAF-COM-POPULACAO-2017.csv,ATENÇÃO BÁSICA,PISO DA ATENÇÃO BÁSICA VARIÁVEL,SAÚDE DA FAMÍLIA - SF,SP,SAO PAULO,355030,12396372,2021,13864377000130,FUNDO MUNICIPAL DE SAUDE - FMS,001,01897X,00000008736X,MUNICIPAL,N,S,N,12/12/2017,"93870426,5","93870426,5","13002535,84",31/12/2017
2017,https://portalfns.saude.gov.br/wp-content/uploads/2021/12/REPASSE-FAF-COM-POPULACAO-2017.csv,https://portalfns.saude.gov.br/wp-content/uploads/2021/12/REPASSE-FAF-COM-POPULACAO-2017.csv,/home/sallumc/Documents/Omega/02-repos/00-anatomia-do-gasto/data/raw/_shared/fns/repasses_faf_com_populacao/2017/REPASSE-FAF-COM-POPULACAO-2017.csv,ATENÇÃO BÁSICA,PISO DA ATENÇÃO BÁSICA VARIÁVEL,TESTE RÁPIDO DE GRAVIDEZ,SP,SAO PAULO,355030,12396372,2021,13864377000130,FUNDO MUNICIPAL DE SAUDE - FMS,001,01897X,00000008736X,MUNICIPAL,N,S,N,1/02/2017,"295518,72","295518,72","13002535,84",31/12/2017
2017,https://portalfns.saude.gov.br/wp-content/uploads/2021/12/REPASSE-FAF-COM-POPULACAO-2017.csv,https://portalfns.saude.gov.br/wp-content/uploads/2021/12/REPASSE-FAF-COM-POPULACAO-2017.csv,/home/sallumc/Documents/Omega/02-repos/00-anatomia-do-gasto/data/raw/_shared/fns/repasses_faf_com_populacao/2017/REPASSE-FAF-COM-POPULACAO-2017.csv,GESTÃO DO SUS,IMPLANTAÇÃO DE AÇÕES E SERVIÇOS DE SAÚDE,CENTRO DE PARTO NORMAL (REFORMA),SP,SAO PAULO,355030,12396372,2021,13851748000140,FUNDO ESTADUAL DE SAUDE - FUNDES,001,01897X,000000087610,ESTADUAL,S,S,N,29/12/2017,151176,151176,"3429637,75",31/12/2017
2017,https://portalfns.saude.gov.br/wp-content/uploads/2021/12/REPASSE-FAF-COM-POPULACAO-2017.csv,https://portalfns.saude.gov.br/wp-content/uploads/2021/12/REPASSE-FAF-COM-POPULACAO-2017.csv,/home/sallumc/Documents/Omega/02-repos/00-anatomia-do-gasto/data/raw/_shared/fns/repasses_faf_com_populacao/2017/REPASSE-FAF-COM-POPULACAO-2017.csv,GESTÃO DO SUS,IMPLANTAÇÃO DE AÇÕES E SERVIÇOS DE SAÚDE,PROGRAMA DE FINANCIAMENTO DAS AÇÕES DE ALIMENTAÇÃO E NUTRIÇÃO (FAN),SP,SAO PAULO,355030,12396372,2021,13851748000140,FUNDO ESTADUAL DE SAUDE - FUNDES,001,01897X,000000087610,ESTADUAL,S,S,N,1/11/2017,150000,150000,"3429637,75",31/12/2017
2017,https://portalfns.saude.gov.br/wp-content/uploads/2021/12/REPASSE-FAF-COM-POPULACAO-2017.csv,https://portalfns.saude.gov.br/wp-content/uploads/2021/12/REPASSE-FAF-COM-POPULACAO-2017.csv,/home/sallumc/Documents/Omega/02-repos/00-anatomia-do-gasto/data/raw/_shared/fns/repasses_faf_com_populacao/2017/REPASSE-FAF-COM-POPULACAO-2017.csv,GESTÃO DO SUS,IMPLANTAÇÃO DE AÇÕES E SERVIÇOS DE SAÚDE,PROGRAMA DE FINANCIAMENTO DAS AÇÕES DE ALIMENTAÇÃO E NUTRIÇÃO (FAN),SP,SAO PAULO,355030,12396372,2021,13864377000130,FUNDO MUNICIPAL DE SAUDE - FMS,001,01897X,000000087378,MUNICIPAL,N,S,N,1/11/2017,100000,100000,"16609502,37",31/12/2017
2017,https://portalfns.saude.gov.br/wp-content/uploads/2021/12/REPASSE-FAF-COM-POPULACAO-2017.csv,https://portalfns.saude.gov.br/wp-content/uploads/2021/12/REPASSE-FAF-COM-POPULACAO-2017.csv,/home/sallumc/Documents/Omega/02-repos/00-anatomia-do-gasto/data/raw/_shared/fns/repasses_faf_com_populacao/2017/REPASSE-FAF-COM-POPULACAO-2017.csv,GESTÃO DO SUS,QUALIFICAÇÃO DA GESTÃO DO SUS,INCENTIVO A IMPLANTAÇÃO OU IMPLEMENTAÇÃO DE COMPLEXOS REGULADORES,SP,SAO PAULO,355030,12396372,2021,13864377000130,FUNDO MUNICIPAL DE SAUDE - FMS,001,01897X,000000087378,MUNICIPAL,N,S,N,8/12/2017,1895400,1895400,"16609502,37",31/12/2017
2017,https://portalfns.saude.gov.br/wp-content/uploads/2021/12/REPASSE-FAF-COM-POPULACAO-2017.csv,https://portalfns.saude.gov.br/wp-content/uploads/2021/12/REPASSE-FAF-COM-POPULACAO-2017.csv,/home/sallumc/Documents/Omega/02-repos/00-anatomia-do-gasto/data/raw/_shared/fns/repasses_faf_com_populacao/2017/REPASSE-FAF-COM-POPULACAO-2017.csv,INVESTIMENTO,AQUISIÇÃO DE EQUIPAMENTOS E MATERIAL PERMANENTE,ESTRUTURAÇÃO DA REDE DE SERVIÇOS DE ATENÇÃO BÁSICA DE SAÚDE,SP,SAO PAULO,355030,12396372,2021,13864377000130,FUNDO MUNICIPAL DE SAUDE - FMS,001,01897X,000000187968,MUNICIPAL,N,S,N,13/07/2017,33450,33450,"34041,06",31/12/2017
2017,https://portalfns.saude.gov.br/wp-content/uploads/2021/12/REPASSE-FAF-COM-POPULACAO-2017.csv,https://portalfns.saude.gov.br/wp-content/uploads/2021/12/REPASSE-FAF-COM-POPULACAO-2017.csv,/home/sallumc/Documents/Omega/02-repos/00-anatomia-do-gasto/data/raw/_shared/fns/repasses_faf_com_populacao/2017/REPASSE-FAF-COM-POPULACAO-2017.csv,INVESTIMENTO,AQUISIÇÃO DE EQUIPAMENTOS E MATERIAL PERMANENTE,ESTRUTURAÇÃO DA REDE DE SERVIÇOS DE ATENÇÃO BÁSICA DE SAÚDE,SP,SAO PAULO,355030,12396372,2021,13864377000130,FUNDO MUNICIPAL DE SAUDE - FMS,001,01897X,000000187011,MUNICIPAL,N,S,N,16/03/2017,899940,899940,"962241,64",31/12/2017
2017,https://portalfns.saude.gov.br/wp-content/uploads/2021/12/REPASSE-FAF-COM-POPULACAO-2017.csv,https://portalfns.saude.gov.br/wp-content/uploads/2021/12/REPASSE-FAF-COM-POPULACAO-2017.csv,/home/sallumc/Documents/Omega/02-repos/00-anatomia-do-gasto/data/raw/_shared/fns/repasses_faf_com_populacao/2017/REPASSE-FAF-COM-POPULACAO-2017.csv,INVESTIMENTO,AQUISIÇÃO DE EQUIPAMENTOS E MATERIAL PERMANENTE,ESTRUTURAÇÃO DA REDE DE SERVIÇOS DE ATENÇÃO BÁSICA DE SAÚDE,SP,SAO PAULO,355030,12396372,2021,13864377000130,FUNDO MUNICIPAL DE SAUDE - FMS,001,01897X,00000018702X,MUNICIPAL,N,S,N,16/03/2017,1800000,1800000,"1924611,58",31/12/2017
2017,https://portalfns.saude.gov.br/wp-content/uploads/2021/12/REPASSE-FAF-COM-POPULACAO-2017.csv,https://portalfns.saude.gov.br/wp-content/uploads/2021/12/REPASSE-FAF-COM-POPULACAO-2017.csv,/home/sallumc/Documents/Omega/02-repos/00-anatomia-do-gasto/data/raw/_shared/fns/repasses_faf_com_populacao/2017/REPASSE-FAF-COM-POPULACAO-2017.csv,INVESTIMENTO,AQUISIÇÃO DE EQUIPAMENTOS E MATERIAL PERMANENTE,ESTRUTURAÇÃO DA REDE DE SERVIÇOS DE ATENÇÃO BÁSICA DE SAÚDE,SP,SAO PAULO,355030,12396372,2021,13864377000130,FUNDO MUNICIPAL DE SAUDE - FMS,001,01897X,000000187046,MUNICIPAL,N,S,N,16/03/2017,1370000,1370000,"1464843,26",31/12/2017
2017,https://portalfns.saude.gov.br/wp-content/uploads/2021/12/REPASSE-FAF-COM-POPULACAO-2017.csv,https://portalfns.saude.gov.br/wp-content/uploads/2021/12/REPASSE-FAF-COM-POPULACAO-2017.csv,/home/sallumc/Documents/Omega/02-repos/00-anatomia-do-gasto/data/raw/_shared/fns/repasses_faf_com_populacao/2017/REPASSE-FAF-COM-POPULACAO-2017.csv,INVESTIMENTO,AQUISIÇÃO DE EQUIPAMENTOS E MATERIAL PERMANENTE,ESTRUTURAÇÃO DA REDE DE SERVIÇOS DE ATENÇÃO BÁSICA DE SAÚDE,SP,SAO PAULO,355030,12396372,2021,13864377000130,FUNDO MUNICIPAL DE SAUDE - FMS,001,01897X,000000187038,MUNICIPAL,N,S,N,14/03/2017,550000,550000,"588075,76",31/12/2017
2017,https://portalfns.saude.gov.br/wp-content/uploads/2021/12/REPASSE-FAF-COM-POPULACAO-2017.csv,https://portalfns.saude.gov.br/wp-content/uploads/2021/12/REPASSE-FAF-COM-POPULACAO-2017.csv,/home/sallumc/Documents/Omega/02-repos/00-anatomia-do-gasto/data/raw/_shared/fns/repasses_faf_com_populacao/2017/REPASSE-FAF-COM-POPULACAO-2017.csv,INVESTIMENTO,AQUISIÇÃO DE EQUIPAMENTOS E MATERIAL PERMANENTE,ESTRUTURAÇÃO DA REDE DE SERVIÇOS DE ATENÇÃO BÁSICA DE SAÚDE,SP,SAO PAULO,355030,12396372,2021,13864377000130,FUNDO MUNICIPAL DE SAUDE - FMS,001,01897X,000000187976,MUNICIPAL,N,S,N,19/07/2017,3862090,3862090,"3926812,95",31/12/2017
2017,https://portalfns.saude.gov.br/wp-content/uploads/2021/12/REPASSE-FAF-COM-POPULACAO-2017.csv,https://portalfns.saude.gov.br/wp-content/uploads/2021/12/REPASSE-FAF-COM-POPULACAO-2017.csv,/home/sallumc/Documents/Omega/02-repos/00-anatomia-do-gasto/data/raw/_shared/fns/repasses_faf_com_populacao/2017/REPASSE-FAF-COM-POPULACAO-2017.csv,INVESTIMENTO,AQUISIÇÃO DE EQUIPAMENTOS E MATERIAL PERMANENTE,ESTRUTURAÇÃO DE UNIDADES DE ATENÇÃO ESPECIALIZADA EM SAÚDE,SP,SAO PAULO,355030,12396372,2021,13851748000140,FUNDO ESTADUAL DE SAUDE - FUNDES,001,01897X,000000187232,ESTADUAL,S,S,N,16/03/2017,1465185,1465185,"1534165,62",31/12/2017
2017,https://portalfns.saude.gov.br/wp-content/uploads/2021/12/REPASSE-FAF-COM-POPULACAO-2017.csv,https://portalfns.saude.gov.br/wp-content/uploads/2021/12/REPASSE-FAF-COM-POPULACAO-2017.csv,/home/sallumc/Documents/Omega/02-repos/00-anatomia-do-gasto/data/raw/_shared/fns/repasses_faf_com_populacao/2017/REPASSE-FAF-COM-POPULACAO-2017.csv,INVESTIMENTO,AQUISIÇÃO DE EQUIPAMENTOS E MATERIAL PERMANENTE,ESTRUTURAÇÃO DE UNIDADES DE ATENÇÃO ESPECIALIZADA EM SAÚDE,SP,SAO PAULO,355030,12396372,2021,13851748000140,FUNDO ESTADUAL DE SAUDE - FUNDES,001,01897X,000000187402,ESTADUAL,S,S,N,17/03/2017,200000,200000,"209415,97",31/12/2017
2017,https://portalfns.saude.gov.br/wp-content/uploads/2021/12/REPASSE-FAF-COM-POPULACAO-2017.csv,https://portalfns.saude.gov.br/wp-content/uploads/2021/12/REPASSE-FAF-COM-POPULACAO-2017.csv,/home/sallumc/Documents/Omega/02-repos/00-anatomia-do-gasto/data/raw/_shared/fns/repasses_faf_com_populacao/2017/REPASSE-FAF-COM-POPULACAO-2017.csv,INVESTIMENTO,AQUISIÇÃO DE EQUIPAMENTOS E MATERIAL PERMANENTE,ESTRUTURAÇÃO DE UNIDADES DE ATENÇÃO ESPECIALIZADA EM SAÚDE,SP,SAO PAULO,355030,12396372,2021,13864377000130,FUNDO MUNICIPAL DE SAUDE - FMS,001,01897X,000000187399,MUNICIPAL,N,S,N,17/03/2017,399530,399530,"414919,88",31/12/2017
2017,https://portalfns.saude.gov.br/wp-content/uploads/2021/12/REPASSE-FAF-COM-POPULACAO-2017.csv,https://portalfns.saude.gov.br/wp-content/uploads/2021/12/REPASSE-FAF-COM-POPULACAO-2017.csv,/home/sallumc/Documents/Omega/02-repos/00-anatomia-do-gasto/data/raw/_shared/fns/repasses_faf_com_populacao/2017/REPASSE-FAF-COM-POPULACAO-2017.csv,INVESTIMENTO,AQUISIÇÃO DE EQUIPAMENTOS E MATERIAL PERMANENTE,ESTRUTURAÇÃO DE UNIDADES DE ATENÇÃO ESPECIALIZADA EM SAÚDE,SP,SAO PAULO,355030,12396372,2021,13851748000140,FUNDO ESTADUAL DE SAUDE - FUNDES,001,01897X,000000186821,ESTADUAL,S,S,N,16/03/2017,475950,475950,"440769,32",31/12/2017
2017,https://portalfns.saude.gov.br/wp-content/uploads/2021/12/REPASSE-FAF-COM-POPULACAO-2017.csv,https://portalfns.saude.gov.br/wp-content/uploads/2021/12/REPASSE-FAF-COM-POPULACAO-2017.csv,/home/sallumc/Documents/Omega/02-repos/00-anatomia-do-gasto/data/raw/_shared/fns/repasses_faf_com_populacao/2017/REPASSE-FAF-COM-POPULACAO-2017.csv,INVESTIMENTO,IMPLANTAÇÃO DE AÇÕES E SERVIÇOS DE SAÚDE,IMPLANTAÇÃO DO CENTRO DE ESPECIALIDADE ODONTOLÓGICA - CEO,SP,SAO PAULO,355030,12396372,2021,13864377000130,FUNDO MUNICIPAL DE SAUDE - FMS,001,01897X,000000087424,MUNICIPAL,N,S,N,25/04/2017,120000,120000,"387462,48",31/12/2017
2017,https://portalfns.saude.gov.br/wp-content/uploads/2021/12/REPASSE-FAF-COM-POPULACAO-2017.csv,https://portalfns.saude.gov.br/wp-content/uploads/2021/12/REPASSE-FAF-COM-POPULACAO-2017.csv,/home/sallumc/Documents/Omega/02-repos/00-anatomia-do-gasto/data/raw/_shared/fns/repasses_faf_com_populacao/2017/REPASSE-FAF-COM-POPULACAO-2017.csv,MÉDIA E ALTA COMPLEXIDADE AMBULATORIAL E HOSPITALAR,FUNDO DE AÇÕES ESTRATÉGICAS E COMPENSAÇÃO - FAEC,FAEC AIH - ATENCAO ESPECIALIZADA EM SAUDE AUDITIVA,SP,SAO PAULO,355030,12396372,2021,13851748000140,FUNDO ESTADUAL DE SAUDE - FUNDES,001,01897X,000000087629,ESTADUAL,S,S,N,20/11/2017,"8037592,5","8037592,5","17184860,88",31/12/2017
2017,https://portalfns.saude.gov.br/wp-content/uploads/2021/12/REPASSE-FAF-COM-POPULACAO-2017.csv,https://portalfns.saude.gov.br/wp-content/uploads/2021/12/REPASSE-FAF-COM-POPULACAO-2017.csv,/home/sallumc/Documents/Omega/02-repos/00-anatomia-do-gasto/data/raw/_shared/fns/repasses_faf_com_populacao/2017/REPASSE-FAF-COM-POPULACAO-2017.csv,MÉDIA E ALTA COMPLEXIDADE AMBULATORIAL E HOSPITALAR,FUNDO DE AÇÕES ESTRATÉGICAS E COMPENSAÇÃO - FAEC,FAEC AIH - CENTRAL NACIONAL DE REGULAÇÃO DE ALTA COMPLEXIDADE - CNRAC,SP,SAO PAULO,355030,12396372,2021,13864377000130,FUNDO MUNICIPAL DE SAUDE - FMS,001,01897X,000000087394,MUNICIPAL,N,S,N,15/09/2017,"24606,86","24606,86","62489203,88",31/12/2017
2017,https://portalfns.saude.gov.br/wp-content/uploads/2021/12/REPASSE-FAF-COM-POPULACAO-2017.csv,https://portalfns.saude.gov.br/wp-content/uploads/2021/12/REPASSE-FAF-COM-POPULACAO-2017.csv,/home/sallumc/Documents/Omega/02-repos/00-anatomia-do-gasto/data/raw/_shared/fns/repasses_faf_com_populacao/2017/REPASSE-FAF-COM-POPULACAO-2017.csv,MÉDIA E ALTA COMPLEXIDADE AMBULATORIAL E HOSPITALAR,FUNDO DE AÇÕES ESTRATÉGICAS E COMPENSAÇÃO - FAEC,FAEC AIH - CENTRAL NACIONAL DE REGULAÇÃO DE ALTA COMPLEXIDADE - CNRAC,SP,SAO PAULO,355030,12396372,2021,13851748000140,FUNDO ESTADUAL DE SAUDE - FUNDES,001,01897X,000000087629,ESTADUAL,S,S,N,14/12/2017,"1104044,31","1104044,31","17184860,88",31/12/2017
2017,https://portalfns.saude.gov.br/wp-content/uploads/2021/12/REPASSE-FAF-COM-POPULACAO-2017.csv,https://portalfns.saude.gov.br/wp-content/uploads/2021/12/REPASSE-FAF-COM-POPULACAO-2017.csv,/home/sallumc/Documents/Omega/02-repos/00-anatomia-do-gasto/data/raw/_shared/fns/repasses_faf_com_populacao/2017/REPASSE-FAF-COM-POPULACAO-2017.csv,MÉDIA E ALTA COMPLEXIDADE AMBULATORIAL E HOSPITALAR,FUNDO DE AÇÕES ESTRATÉGICAS E COMPENSAÇÃO - FAEC,FAEC AIH - CIRURGIA DO APARELHO CIRCULATÓRIO,SP,SAO PAULO,355030,12396372,2021,13851748000140,FUNDO ESTADUAL DE SAUDE - FUNDES,001,01897X,000000087629,ESTADUAL,S,S,N,14/12/2017,"17951496,58","17951496,58","17184860,88",31/12/2017
2017,https://portalfns.saude.gov.br/wp-content/uploads/2021/12/REPASSE-FAF-COM-POPULACAO-2017.csv,https://portalfns.saude.gov.br/wp-content/uploads/2021/12/REPASSE-FAF-COM-POPULACAO-2017.csv,/home/sallumc/Documents/Omega/02-repos/00-anatomia-do-gasto/data/raw/_shared/fns/repasses_faf_com_populacao/2017/REPASSE-FAF-COM-POPULACAO-2017.csv,MÉDIA E ALTA COMPLEXIDADE AMBULATORIAL E HOSPITALAR,FUNDO DE AÇÕES ESTRATÉGICAS E COMPENSAÇÃO - FAEC,FAEC AIH - CIRURGIA DO APARELHO CIRCULATÓRIO,SP,SAO PAULO,355030,12396372,2021,13864377000130,FUNDO MUNICIPAL DE SAUDE - FMS,001,01897X,000000087394,MUNICIPAL,N,S,N,16/12/2017,"1373669,6","1373669,6","62489203,88",31/12/2017
2017,https://portalfns.saude.gov.br/wp-content/uploads/2021/12/REPASSE-FAF-COM-POPULACAO-2017.csv,https://portalfns.saude.gov.br/wp-content/uploads/2021/12/REPASSE-FAF-COM-POPULACAO-2017.csv,/home/sallumc/Documents/Omega/02-repos/00-anatomia-do-gasto/data/raw/_shared/fns/repasses_faf_com_populacao/2017/REPASSE-FAF-COM-POPULACAO-2017.csv,MÉDIA E ALTA COMPLEXIDADE AMBULATORIAL E HOSPITALAR,FUNDO DE AÇÕES ESTRATÉGICAS E COMPENSAÇÃO - FAEC,"FAEC AIH - CIRURGIA DO APARELHO DIGESTIVO, ORGÃOS ANEXOS E PAREDE ABDO",SP,SAO PAULO,355030,12396372,2021,13851748000140,FUNDO ESTADUAL DE SAUDE - FUNDES,001,01897X,000000087629,ESTADUAL,S,S,N,14/12/2017,"7537713,65","7537713,65","17184860,88",31/12/2017
2017,https://portalfns.saude.gov.br/wp-content/uploads/2021/12/REPASSE-FAF-COM-POPULACAO-2017.csv,https://portalfns.saude.gov.br/wp-content/uploads/2021/12/REPASSE-FAF-COM-POPULACAO-2017.csv,/home/sallumc/Documents/Omega/02-repos/00-anatomia-do-gasto/data/raw/_shared/fns/repasses_faf_com_populacao/2017/REPASSE-FAF-COM-POPULACAO-2017.csv,MÉDIA E ALTA COMPLEXIDADE AMBULATORIAL E HOSPITALAR,FUNDO DE AÇÕES ESTRATÉGICAS E COMPENSAÇÃO - FAEC,FAEC AIH - CIRURGIA OROFACIAL,SP,SAO PAULO,355030,12396372,2021,13864377000130,FUNDO MUNICIPAL DE SAUDE - FMS,001,01897X,000000087394,MUNICIPAL,N,S,N,16/12/2017,"105398,94","79318,88","62489203,88",31/12/2017
2017,https://portalfns.saude.gov.br/wp-content/uploads/2021/12/REPASSE-FAF-COM-POPULACAO-2017.csv,https://portalfns.saude.gov.br/wp-content/uploads/2021/12/REPASSE-FAF-COM-POPULACAO-2017.csv,/home/sallumc/Documents/Omega/02-repos/00-anatomia-do-gasto/data/raw/_shared/fns/repasses_faf_com_populacao/2017/REPASSE-FAF-COM-POPULACAO-2017.csv,MÉDIA E ALTA COMPLEXIDADE AMBULATORIAL E HOSPITALAR,FUNDO DE AÇÕES ESTRATÉGICAS E COMPENSAÇÃO - FAEC,FAEC AIH - CIRURGIA OROFACIAL,SP,SAO PAULO,355030,12396372,2021,13851748000140,FUNDO ESTADUAL DE SAUDE - FUNDES,001,01897X,000000087629,ESTADUAL,S,S,N,14/12/2017,"1001837,74","1001837,74","17184860,88",31/12/2017
2017,https://portalfns.saude.gov.br/wp-content/uploads/2021/12/REPASSE-FAF-COM-POPULACAO-2017.csv,https://portalfns.saude.gov.br/wp-content/uploads/2021/12/REPASSE-FAF-COM-POPULACAO-2017.csv,/home/sallumc/Documents/Omega/02-repos/00-anatomia-do-gasto/data/raw/_shared/fns/repasses_faf_com_populacao/2017/REPASSE-FAF-COM-POPULACAO-2017.csv,MÉDIA E ALTA COMPLEXIDADE AMBULATORIAL E HOSPITALAR,FUNDO DE AÇÕES ESTRATÉGICAS E COMPENSAÇÃO - FAEC,FAEC AIH - CIRURGIAS ELETIVAS - COMPONENTE ÚNICO,SP,SAO PAULO,355030,12396372,2021,13864377000130,FUNDO MUNICIPAL DE SAUDE - FMS,001,01897X,000000087394,MUNICIPAL,N,S,N,20/12/2017,"2687584,51","2687584,51","62489203,88",31/12/2017
2017,https://portalfns.saude.gov.br/wp-content/uploads/2021/12/REPASSE-FAF-COM-POPULACAO-2017.csv,https://portalfns.saude.gov.br/wp-content/uploads/2021/12/REPASSE-FAF-COM-POPULACAO-2017.csv,/home/sallumc/Documents/Omega/02-repos/00-anatomia-do-gasto/data/raw/_shared/fns/repasses_faf_com_populacao/2017/REPASSE-FAF-COM-POPULACAO-2017.csv,MÉDIA E ALTA COMPLEXIDADE AMBULATORIAL E HOSPITALAR,FUNDO DE AÇÕES ESTRATÉGICAS E COMPENSAÇÃO - FAEC,FAEC AIH - CIRURGIAS ELETIVAS - COMPONENTE ÚNICO,SP,SAO PAULO,355030,12396372,2021,13851748000140,FUNDO ESTADUAL DE SAUDE - FUNDES,001,01897X,000000087629,ESTADUAL,S,S,N,16/12/2017,"9358621,81","9358621,81","17184860,88",31/12/2017
2017,https://portalfns.saude.gov.br/wp-content/uploads/2021/12/REPASSE-FAF-COM-POPULACAO-2017.csv,https://portalfns.saude.gov.br/wp-content/uploads/2021/12/REPASSE-FAF-COM-POPULACAO-2017.csv,/home/sallumc/Documents/Omega/02-repos/00-anatomia-do-gasto/data/raw/_shared/fns/repasses_faf_com_populacao/2017/REPASSE-FAF-COM-POPULACAO-2017.csv,MÉDIA E ALTA COMPLEXIDADE AMBULATORIAL E HOSPITALAR,FUNDO DE AÇÕES ESTRATÉGICAS E COMPENSAÇÃO - FAEC,FAEC AIH - IMPLEMENTAR CIRURGIA CV PEDIÁTRICA,SP,SAO PAULO,355030,12396372,2021,13864377000130,FUNDO MUNICIPAL DE SAUDE - FMS,001,01897X,000000087394,MUNICIPAL,N,S,N,16/12/2017,"581816,95","581816,95","62489203,88",31/12/2017
2017,https://portalfns.saude.gov.br/wp-content/uploads/2021/12/REPASSE-FAF-COM-POPULACAO-2017.csv,https://portalfns.saude.gov.br/wp-content/uploads/2021/12/REPASSE-FAF-COM-POPULACAO-2017.csv,/home/sallumc/Documents/Omega/02-repos/00-anatomia-do-gasto/data/raw/_shared/fns/repasses_faf_com_populacao/2017/REPASSE-FAF-COM-POPULACAO-2017.csv,MÉDIA E ALTA COMPLEXIDADE AMBULATORIAL E HOSPITALAR,FUNDO DE AÇÕES ESTRATÉGICAS E COMPENSAÇÃO - FAEC,FAEC AIH - IMPLEMENTAR CIRURGIA CV PEDIÁTRICA,SP,SAO PAULO,355030,12396372,2021,13851748000140,FUNDO ESTADUAL DE SAUDE - FUNDES,001,01897X,000000087629,ESTADUAL,S,S,N,14/12/2017,"5952923,96","5952923,96","17184860,88",31/12/2017
2017,https://portalfns.saude.gov.br/wp-content/uploads/2021/12/REPASSE-FAF-COM-POPULACAO-2017.csv,https://portalfns.saude.gov.br/wp-content/uploads/2021/12/REPASSE-FAF-COM-POPULACAO-2017.csv,/home/sallumc/Documents/Omega/02-repos/00-anatomia-do-gasto/data/raw/_shared/fns/repasses_faf_com_populacao/2017/REPASSE-FAF-COM-POPULACAO-2017.csv,MÉDIA E ALTA COMPLEXIDADE AMBULATORIAL E HOSPITALAR,FUNDO DE AÇÕES ESTRATÉGICAS E COMPENSAÇÃO - FAEC,FAEC AIH - OUTRAS CIRURGIAS PLÁSTICAS/REPARADORAS,SP,SAO PAULO,355030,12396372,2021,13851748000140,FUNDO ESTADUAL DE SAUDE - FUNDES,001,01897X,000000087629,ESTADUAL,S,S,N,14/12/2017,"334762,7","334762,7","17184860,88",31/12/2017
2017,https://portalfns.saude.gov.br/wp-content/uploads/2021/12/REPASSE-FAF-COM-POPULACAO-2017.csv,https://portalfns.saude.gov.br/wp-content/uploads/2021/12/REPASSE-FAF-COM-POPULACAO-2017.csv,/home/sallumc/Documents/Omega/02-repos/00-anatomia-do-gasto/data/raw/_shared/fns/repasses_faf_com_populacao/2017/REPASSE-FAF-COM-POPULACAO-2017.csv,MÉDIA E ALTA COMPLEXIDADE AMBULATORIAL E HOSPITALAR,FUNDO DE AÇÕES ESTRATÉGICAS E COMPENSAÇÃO - FAEC,FAEC AIH - PRÓTESE MAMÁRIA - CIRURGIA,SP,SAO PAULO,355030,12396372,2021,13864377000130,FUNDO MUNICIPAL DE SAUDE - FMS,001,01897X,000000087394,MUNICIPAL,N,S,N,16/12/2017,"10744,79","10744,79","62489203,88",31/12/2017
2017,https://portalfns.saude.gov.br/wp-content/uploads/2021/12/REPASSE-FAF-COM-POPULACAO-2017.csv,https://portalfns.saude.gov.br/wp-content/uploads/2021/12/REPASSE-FAF-COM-POPULACAO-2017.csv,/home/sallumc/Documents/Omega/02-repos/00-anatomia-do-gasto/data/raw/_shared/fns/repasses_faf_com_populacao/2017/REPASSE-FAF-COM-POPULACAO-2017.csv,MÉDIA E ALTA COMPLEXIDADE AMBULATORIAL E HOSPITALAR,FUNDO DE AÇÕES ESTRATÉGICAS E COMPENSAÇÃO - FAEC,FAEC AIH - PRÓTESE MAMÁRIA - CIRURGIA,SP,SAO PAULO,355030,12396372,2021,13851748000140,FUNDO ESTADUAL DE SAUDE - FUNDES,001,01897X,000000087629,ESTADUAL,S,S,N,14/12/2017,"80552,95","80552,95","17184860,88",31/12/2017
2017,https://portalfns.saude.gov.br/wp-content/uploads/2021/12/REPASSE-FAF-COM-POPULACAO-2017.csv,https://portalfns.saude.gov.br/wp-content/uploads/2021/12/REPASSE-FAF-COM-POPULACAO-2017.csv,/home/sallumc/Documents/Omega/02-repos/00-anatomia-do-gasto/data/raw/_shared/fns/repasses_faf_com_populacao/2017/REPASSE-FAF-COM-POPULACAO-2017.csv,MÉDIA E ALTA COMPLEXIDADE AMBULATORIAL E HOSPITALAR,FUNDO DE AÇÕES ESTRATÉGICAS E COMPENSAÇÃO - FAEC,FAEC AIH - REDESIGNAÇÃO E ACOMPANHAMENTO,SP,SAO PAULO,355030,12396372,2021,13851748000140,FUNDO ESTADUAL DE SAUDE - FUNDES,001,01897X,000000087629,ESTADUAL,S,S,N,14/12/2017,"25262,69","25262,69","17184860,88",31/12/2017
2017,https://portalfns.saude.gov.br/wp-content/uploads/2021/12/REPASSE-FAF-COM-POPULACAO-2017.csv,https://portalfns.saude.gov.br/wp-content/uploads/2021/12/REPASSE-FAF-COM-POPULACAO-2017.csv,/home/sallumc/Documents/Omega/02-repos/00-anatomia-do-gasto/data/raw/_shared/fns/repasses_faf_com_populacao/2017/REPASSE-FAF-COM-POPULACAO-2017.csv,MÉDIA E ALTA COMPLEXIDADE AMBULATORIAL E HOSPITALAR,FUNDO DE AÇÕES ESTRATÉGICAS E COMPENSAÇÃO - FAEC,"FAEC AIH - TRANSPLANTES DE ORGÃOS, TECIDOS E CÉLULAS",SP,SAO PAULO,355030,12396372,2021,13851748000140,FUNDO ESTADUAL DE SAUDE - FUNDES,001,01897X,000000087629,ESTADUAL,S,S,N,14/12/2017,"150486355,78","150486355,78","17184860,88",31/12/2017
2017,https://portalfns.saude.gov.br/wp-content/uploads/2021/12/REPASSE-FAF-COM-POPULACAO-2017.csv,https://portalfns.saude.gov.br/wp-content/uploads/2021/12/REPASSE-FAF-COM-POPULACAO-2017.csv,/home/sallumc/Documents/Omega/02-repos/00-anatomia-do-gasto/data/raw/_shared/fns/repasses_faf_com_populacao/2017/REPASSE-FAF-COM-POPULACAO-2017.csv,MÉDIA E ALTA COMPLEXIDADE AMBULATORIAL E HOSPITALAR,FUNDO DE AÇÕES ESTRATÉGICAS E COMPENSAÇÃO - FAEC,"FAEC AIH - TRANSPLANTES DE ORGÃOS, TECIDOS E CÉLULAS",SP,SAO PAULO,355030,12396372,2021,13864377000130,FUNDO MUNICIPAL DE SAUDE - FMS,001,01897X,000000087394,MUNICIPAL,N,S,N,15/12/2017,"77764830,1","74607257,87","62489203,88",31/12/2017
2017,https://portalfns.saude.gov.br/wp-content/uploads/2021/12/REPASSE-FAF-COM-POPULACAO-2017.csv,https://portalfns.saude.gov.br/wp-content/uploads/2021/12/REPASSE-FAF-COM-POPULACAO-2017.csv,/home/sallumc/Documents/Omega/02-repos/00-anatomia-do-gasto/data/raw/_shared/fns/repasses_faf_com_populacao/2017/REPASSE-FAF-COM-POPULACAO-2017.csv,MÉDIA E ALTA COMPLEXIDADE AMBULATORIAL E HOSPITALAR,FUNDO DE AÇÕES ESTRATÉGICAS E COMPENSAÇÃO - FAEC,FAEC AIH - TRATAMENTO DE DOENÇAS DO SISTEMA NERVOSO CENTRAL E PERIFÉRI,SP,SAO PAULO,355030,12396372,2021,13851748000140,FUNDO ESTADUAL DE SAUDE - FUNDES,001,01897X,000000087629,ESTADUAL,S,S,N,14/12/2017,"469659,49","469659,49","17184860,88",31/12/2017
2017,https://portalfns.saude.gov.br/wp-content/uploads/2021/12/REPASSE-FAF-COM-POPULACAO-2017.csv,https://portalfns.saude.gov.br/wp-content/uploads/2021/12/REPASSE-FAF-COM-POPULACAO-2017.csv,/home/sallumc/Documents/Omega/02-repos/00-anatomia-do-gasto/data/raw/_shared/fns/repasses_faf_com_populacao/2017/REPASSE-FAF-COM-POPULACAO-2017.csv,MÉDIA E ALTA COMPLEXIDADE AMBULATORIAL E HOSPITALAR,FUNDO DE AÇÕES ESTRATÉGICAS E COMPENSAÇÃO - FAEC,FAEC AIH - TRATAMENTO EM ONCOLOGIA (RCA - RCAN - PO 0008),SP,SAO PAULO,355030,12396372,2021,13851748000140,FUNDO ESTADUAL DE SAUDE - FUNDES,001,01897X,000000087629,ESTADUAL,S,S,N,14/12/2017,"194598,03","194598,03","17184860,88",31/12/2017
2017,https://portalfns.saude.gov.br/wp-content/uploads/2021/12/REPASSE-FAF-COM-POPULACAO-2017.csv,https://portalfns.saude.gov.br/wp-content/uploads/2021/12/REPASSE-FAF-COM-POPULACAO-2017.csv,/home/sallumc/Documents/Omega/02-repos/00-anatomia-do-gasto/data/raw/_shared/fns/repasses_faf_com_populacao/2017/REPASSE-FAF-COM-POPULACAO-2017.csv,MÉDIA E ALTA COMPLEXIDADE AMBULATORIAL E HOSPITALAR,FUNDO DE AÇÕES ESTRATÉGICAS E COMPENSAÇÃO - FAEC,FAEC AIH - TRATAMENTO EM ONCOLOGIA (RCA - RCAN - PO 0008),SP,SAO PAULO,355030,12396372,2021,13864377000130,FUNDO MUNICIPAL DE SAUDE - FMS,001,01897X,000000087394,MUNICIPAL,N,S,N,21/07/2017,"3559,18","3559,18","62489203,88",31/12/2017
2017,https://portalfns.saude.gov.br/wp-content/uploads/2021/12/REPASSE-FAF-COM-POPULACAO-2017.csv,https://portalfns.saude.gov.br/wp-content/uploads/2021/12/REPASSE-FAF-COM-POPULACAO-2017.csv,/home/sallumc/Documents/Omega/02-repos/00-anatomia-do-gasto/data/raw/_shared/fns/repasses_faf_com_populacao/2017/REPASSE-FAF-COM-POPULACAO-2017.csv,MÉDIA E ALTA COMPLEXIDADE AMBULATORIAL E HOSPITALAR,FUNDO DE AÇÕES ESTRATÉGICAS E COMPENSAÇÃO - FAEC,FAEC AIH - TRATAMENTOS ODONTOLÓGICOS,SP,SAO PAULO,355030,12396372,2021,13864377000130,FUNDO MUNICIPAL DE SAUDE - FMS,001,01897X,000000087394,MUNICIPAL,N,S,N,16/12/2017,"33115,33","27811,34","62489203,88",31/12/2017
2017,https://portalfns.saude.gov.br/wp-content/uploads/2021/12/REPASSE-FAF-COM-POPULACAO-2017.csv,https://portalfns.saude.gov.br/wp-content/uploads/2021/12/REPASSE-FAF-COM-POPULACAO-2017.csv,/home/sallumc/Documents/Omega/02-repos/00-anatomia-do-gasto/data/raw/_shared/fns/repasses_faf_com_populacao/2017/REPASSE-FAF-COM-POPULACAO-2017.csv,MÉDIA E ALTA COMPLEXIDADE AMBULATORIAL E HOSPITALAR,FUNDO DE AÇÕES ESTRATÉGICAS E COMPENSAÇÃO - FAEC,FAEC AIH - TRATAMENTOS ODONTOLÓGICOS,SP,SAO PAULO,355030,12396372,2021,13851748000140,FUNDO ESTADUAL DE SAUDE - FUNDES,001,01897X,000000087629,ESTADUAL,S,S,N,14/12/2017,"374564,57","374564,57","17184860,88",31/12/2017
2017,https://portalfns.saude.gov.br/wp-content/uploads/2021/12/REPASSE-FAF-COM-POPULACAO-2017.csv,https://portalfns.saude.gov.br/wp-content/uploads/2021/12/REPASSE-FAF-COM-POPULACAO-2017.csv,/home/sallumc/Documents/Omega/02-repos/00-anatomia-do-gasto/data/raw/_shared/fns/repasses_faf_com_populacao/2017/REPASSE-FAF-COM-POPULACAO-2017.csv,MÉDIA E ALTA COMPLEXIDADE AMBULATORIAL E HOSPITALAR,FUNDO DE AÇÕES ESTRATÉGICAS E COMPENSAÇÃO - FAEC,FAEC SIA - ATENÇÃO ÀS PESSOAS EM SITUAÇÃO DE VIOLÊNCIA SEXUAL,SP,SAO PAULO,355030,12396372,2021,13851748000140,FUNDO ESTADUAL DE SAUDE - FUNDES,001,01897X,000000087629,ESTADUAL,S,S,N,14/12/2017,96500,96500,"17184860,88",31/12/2017
2017,https://portalfns.saude.gov.br/wp-content/uploads/2021/12/REPASSE-FAF-COM-POPULACAO-2017.csv,https://portalfns.saude.gov.br/wp-content/uploads/2021/12/REPASSE-FAF-COM-POPULACAO-2017.csv,/home/sallumc/Documents/Omega/02-repos/00-anatomia-do-gasto/data/raw/_shared/fns/repasses_faf_com_populacao/2017/REPASSE-FAF-COM-POPULACAO-2017.csv,MÉDIA E ALTA COMPLEXIDADE AMBULATORIAL E HOSPITALAR,FUNDO DE AÇÕES ESTRATÉGICAS E COMPENSAÇÃO - FAEC,FAEC SIA - ATENÇÃO ÀS PESSOAS EM SITUAÇÃO DE VIOLÊNCIA SEXUAL,SP,SAO PAULO,355030,12396372,2021,13864377000130,FUNDO MUNICIPAL DE SAUDE - FMS,001,01897X,000000087394,MUNICIPAL,N,S,N,16/12/2017,12600,7300,"62489203,88",31/12/2017
2017,https://portalfns.saude.gov.br/wp-content/uploads/2021/12/REPASSE-FAF-COM-POPULACAO-2017.csv,https://portalfns.saude.gov.br/wp-content/uploads/2021/12/REPASSE-FAF-COM-POPULACAO-2017.csv,/home/sallumc/Documents/Omega/02-repos/00-anatomia-do-gasto/data/raw/_shared/fns/repasses_faf_com_populacao/2017/REPASSE-FAF-COM-POPULACAO-2017.csv,MÉDIA E ALTA COMPLEXIDADE AMBULATORIAL E HOSPITALAR,FUNDO DE AÇÕES ESTRATÉGICAS E COMPENSAÇÃO - FAEC,FAEC SIA - ATENCAO ESPECIALIZADA EM SAUDE AUDITIVA,SP,SAO PAULO,355030,12396372,2021,13851748000140,FUNDO ESTADUAL DE SAUDE - FUNDES,001,01897X,000000087629,ESTADUAL,S,S,N,20/11/2017,"283650,83","283650,83","17184860,88",31/12/2017
2017,https://portalfns.saude.gov.br/wp-content/uploads/2021/12/REPASSE-FAF-COM-POPULACAO-2017.csv,https://portalfns.saude.gov.br/wp-content/uploads/2021/12/REPASSE-FAF-COM-POPULACAO-2017.csv,/home/sallumc/Documents/Omega/02-repos/00-anatomia-do-gasto/data/raw/_shared/fns/repasses_faf_com_populacao/2017/REPASSE-FAF-COM-POPULACAO-2017.csv,MÉDIA E ALTA COMPLEXIDADE AMBULATORIAL E HOSPITALAR,FUNDO DE AÇÕES ESTRATÉGICAS E COMPENSAÇÃO - FAEC,FAEC SIA - ATENDIMENTO/ACOMP DE DOENÇAS ENDOC/METABOL E NUTRICIONAIS,SP,SAO PAULO,355030,12396372,2021,13851748000140,FUNDO ESTADUAL DE SAUDE - FUNDES,001,01897X,000000087629,ESTADUAL,S,S,N,14/12/2017,286560,286560,"17184860,88",31/12/2017
2017,https://portalfns.saude.gov.br/wp-content/uploads/2021/12/REPASSE-FAF-COM-POPULACAO-2017.csv,https://portalfns.saude.gov.br/wp-content/uploads/2021/12/REPASSE-FAF-COM-POPULACAO-2017.csv,/home/sallumc/Documents/Omega/02-repos/00-anatomia-do-gasto/data/raw/_shared/fns/repasses_faf_com_populacao/2017/REPASSE-FAF-COM-POPULACAO-2017.csv,MÉDIA E ALTA COMPLEXIDADE AMBULATORIAL E HOSPITALAR,FUNDO DE AÇÕES ESTRATÉGICAS E COMPENSAÇÃO - FAEC,"FAEC SIA - ATENDIMENTO/ACOMP EM REABILITAÇÃO FÍSICA, MENTAL (PO 0006)",SP,SAO PAULO,355030,12396372,2021,13864377000130,FUNDO MUNICIPAL DE SAUDE - FMS,001,01897X,000000087394,MUNICIPAL,N,S,N,16/12/2017,"226796,7","223798,5","62489203,88",31/12/2017
2017,https://portalfns.saude.gov.br/wp-content/uploads/2021/12/REPASSE-FAF-COM-POPULACAO-2017.csv,https://portalfns.saude.gov.br/wp-content/uploads/2021/12/REPASSE-FAF-COM-POPULACAO-2017.csv,/home/sallumc/Documents/Omega/02-repos/00-anatomia-do-gasto/data/raw/_shared/fns/repasses_faf_com_populacao/2017/REPASSE-FAF-COM-POPULACAO-2017.csv,MÉDIA E ALTA COMPLEXIDADE AMBULATORIAL E HOSPITALAR,FUNDO DE AÇÕES ESTRATÉGICAS E COMPENSAÇÃO - FAEC,"FAEC SIA - ATENDIMENTO/ACOMP EM REABILITAÇÃO FÍSICA, MENTAL (PO 0006)",SP,SAO PAULO,355030,12396372,2021,13851748000140,FUNDO ESTADUAL DE SAUDE - FUNDES,001,01897X,000000087629,ESTADUAL,S,S,N,14/12/2017,"142191,64","142191,64","17184860,88",31/12/2017
2017,https://portalfns.saude.gov.br/wp-content/uploads/2021/12/REPASSE-FAF-COM-POPULACAO-2017.csv,https://portalfns.saude.gov.br/wp-content/uploads/2021/12/REPASSE-FAF-COM-POPULACAO-2017.csv,/home/sallumc/Documents/Omega/02-repos/00-anatomia-do-gasto/data/raw/_shared/fns/repasses_faf_com_populacao/2017/REPASSE-FAF-COM-POPULACAO-2017.csv,MÉDIA E ALTA COMPLEXIDADE AMBULATORIAL E HOSPITALAR,FUNDO DE AÇÕES ESTRATÉGICAS E COMPENSAÇÃO - FAEC,FAEC SIA - CADEIRAS DE RODAS,SP,SAO PAULO,355030,12396372,2021,13851748000140,FUNDO ESTADUAL DE SAUDE - FUNDES,001,01897X,000000087629,ESTADUAL,S,S,N,14/12/2017,"1559415,5","1559415,5","17184860,88",31/12/2017
2017,https://portalfns.saude.gov.br/wp-content/uploads/2021/12/REPASSE-FAF-COM-POPULACAO-2017.csv,https://portalfns.saude.gov.br/wp-content/uploads/2021/12/REPASSE-FAF-COM-POPULACAO-2017.csv,/home/sallumc/Documents/Omega/02-repos/00-anatomia-do-gasto/data/raw/_shared/fns/repasses_faf_com_populacao/2017/REPASSE-FAF-COM-POPULACAO-2017.csv,MÉDIA E ALTA COMPLEXIDADE AMBULATORIAL E HOSPITALAR,FUNDO DE AÇÕES ESTRATÉGICAS E COMPENSAÇÃO - FAEC,FAEC SIA - CADEIRAS DE RODAS,SP,SAO PAULO,355030,12396372,2021,13864377000130,FUNDO MUNICIPAL DE SAUDE - FMS,001,01897X,000000087394,MUNICIPAL,N,S,N,16/12/2017,"3409394,78","3190508,28","62489203,88",31/12/2017
2017,https://portalfns.saude.gov.br/wp-content/uploads/2021/12/REPASSE-FAF-COM-POPULACAO-2017.csv,https://portalfns.saude.gov.br/wp-content/uploads/2021/12/REPASSE-FAF-COM-POPULACAO-2017.csv,/home/sallumc/Documents/Omega/02-repos/00-anatomia-do-gasto/data/raw/_shared/fns/repasses_faf_com_populacao/2017/REPASSE-FAF-COM-POPULACAO-2017.csv,MÉDIA E ALTA COMPLEXIDADE AMBULATORIAL E HOSPITALAR,FUNDO DE AÇÕES ESTRATÉGICAS E COMPENSAÇÃO - FAEC,"FAEC SIA - CIRURGIA DO APARELHO DIGESTIVO, ORGÃOS ANEXOS E PAREDE ABDO",SP,SAO PAULO,355030,12396372,2021,13851748000140,FUNDO ESTADUAL DE SAUDE - FUNDES,001,01897X,000000087629,ESTADUAL,S,S,N,14/12/2017,"71420,9","71420,9","17184860,88",31/12/2017
2017,https://portalfns.saude.gov.br/wp-content/uploads/2021/12/REPASSE-FAF-COM-POPULACAO-2017.csv,https://portalfns.saude.gov.br/wp-content/uploads/2021/12/REPASSE-FAF-COM-POPULACAO-2017.csv,/home/sallumc/Documents/Omega/02-repos/00-anatomia-do-gasto/data/raw/_shared/fns/repasses_faf_com_populacao/2017/REPASSE-FAF-COM-POPULACAO-2017.csv,MÉDIA E ALTA COMPLEXIDADE AMBULATORIAL E HOSPITALAR,FUNDO DE AÇÕES ESTRATÉGICAS E COMPENSAÇÃO - FAEC,FAEC SIA - CIRURGIAS ELETIVAS - COMPONENTE ÚNICO,SP,SAO PAULO,355030,12396372,2021,13851748000140,FUNDO ESTADUAL DE SAUDE - FUNDES,001,01897X,000000087629,ESTADUAL,S,S,N,16/12/2017,"5284501,28","5284501,28","17184860,88",31/12/2017
2017,https://portalfns.saude.gov.br/wp-content/uploads/2021/12/REPASSE-FAF-COM-POPULACAO-2017.csv,https://portalfns.saude.gov.br/wp-content/uploads/2021/12/REPASSE-FAF-COM-POPULACAO-2017.csv,/home/sallumc/Documents/Omega/02-repos/00-anatomia-do-gasto/data/raw/_shared/fns/repasses_faf_com_populacao/2017/REPASSE-FAF-COM-POPULACAO-2017.csv,MÉDIA E ALTA COMPLEXIDADE AMBULATORIAL E HOSPITALAR,FUNDO DE AÇÕES ESTRATÉGICAS E COMPENSAÇÃO - FAEC,FAEC SIA - CIRURGIAS ELETIVAS - COMPONENTE ÚNICO,SP,SAO PAULO,355030,12396372,2021,13864377000130,FUNDO MUNICIPAL DE SAUDE - FMS,001,01897X,000000087394,MUNICIPAL,N,S,N,20/12/2017,8100,8100,"62489203,88",31/12/2017
2017,https://portalfns.saude.gov.br/wp-content/uploads/2021/12/REPASSE-FAF-COM-POPULACAO-2017.csv,https://portalfns.saude.gov.br/wp-content/uploads/2021/12/REPASSE-FAF-COM-POPULACAO-2017.csv,/home/sallumc/Documents/Omega/02-repos/00-anatomia-do-gasto/data/raw/_shared/fns/repasses_faf_com_populacao/2017/REPASSE-FAF-COM-POPULACAO-2017.csv,MÉDIA E ALTA COMPLEXIDADE AMBULATORIAL E HOSPITALAR,FUNDO DE AÇÕES ESTRATÉGICAS E COMPENSAÇÃO - FAEC,FAEC SIA - CONSULTAS MÉDICAS/OUTROS PROFISSIONAIS DE NÍVEL SUPERIOR,SP,SAO PAULO,355030,12396372,2021,13851748000140,FUNDO ESTADUAL DE SAUDE - FUNDES,001,01897X,000000087629,ESTADUAL,S,S,N,14/12/2017,"1679656,6","1679656,6","17184860,88",31/12/2017
2017,https://portalfns.saude.gov.br/wp-content/uploads/2021/12/REPASSE-FAF-COM-POPULACAO-2017.csv,https://portalfns.saude.gov.br/wp-content/uploads/2021/12/REPASSE-FAF-COM-POPULACAO-2017.csv,/home/sallumc/Documents/Omega/02-repos/00-anatomia-do-gasto/data/raw/_shared/fns/repasses_faf_com_populacao/2017/REPASSE-FAF-COM-POPULACAO-2017.csv,MÉDIA E ALTA COMPLEXIDADE AMBULATORIAL E HOSPITALAR,FUNDO DE AÇÕES ESTRATÉGICAS E COMPENSAÇÃO - FAEC,FAEC SIA - CONSULTAS MÉDICAS/OUTROS PROFISSIONAIS DE NÍVEL SUPERIOR,SP,SAO PAULO,355030,12396372,2021,13864377000130,FUNDO MUNICIPAL DE SAUDE - FMS,001,01897X,000000087394,MUNICIPAL,N,S,N,16/12/2017,"779720,96","779720,96","62489203,88",31/12/2017
2017,https://portalfns.saude.gov.br/wp-content/uploads/2021/12/REPASSE-FAF-COM-POPULACAO-2017.csv,https://portalfns.saude.gov.br/wp-content/uploads/2021/12/REPASSE-FAF-COM-POPULACAO-2017.csv,/home/sallumc/Documents/Omega/02-repos/00-anatomia-do-gasto/data/raw/_shared/fns/repasses_faf_com_populacao/2017/REPASSE-FAF-COM-POPULACAO-2017.csv,MÉDIA E ALTA COMPLEXIDADE AMBULATORIAL E HOSPITALAR,FUNDO DE AÇÕES ESTRATÉGICAS E COMPENSAÇÃO - FAEC,FAEC SIA - DIAGNÓSTICO EM LABORATÓRIO CLÍNICO,SP,SAO PAULO,355030,12396372,2021,13864377000130,FUNDO MUNICIPAL DE SAUDE - FMS,001,01897X,000000087394,MUNICIPAL,N,S,N,16/12/2017,5285118,5285118,"62489203,88",31/12/2017
2017,https://portalfns.saude.gov.br/wp-content/uploads/2021/12/REPASSE-FAF-COM-POPULACAO-2017.csv,https://portalfns.saude.gov.br/wp-content/uploads/2021/12/REPASSE-FAF-COM-POPULACAO-2017.csv,/home/sallumc/Documents/Omega/02-repos/00-anatomia-do-gasto/data/raw/_shared/fns/repasses_faf_com_populacao/2017/REPASSE-FAF-COM-POPULACAO-2017.csv,MÉDIA E ALTA COMPLEXIDADE AMBULATORIAL E HOSPITALAR,FUNDO DE AÇÕES ESTRATÉGICAS E COMPENSAÇÃO - FAEC,FAEC SIA - DIAGNÓSTICO EM LABORATÓRIO CLÍNICO,SP,SAO PAULO,355030,12396372,2021,13851748000140,FUNDO ESTADUAL DE SAUDE - FUNDES,001,01897X,000000087629,ESTADUAL,S,S,N,14/12/2017,"2154513,5","2154513,5","17184860,88",31/12/2017
2017,https://portalfns.saude.gov.br/wp-content/uploads/2021/12/REPASSE-FAF-COM-POPULACAO-2017.csv,https://portalfns.saude.gov.br/wp-content/uploads/2021/12/REPASSE-FAF-COM-POPULACAO-2017.csv,/home/sallumc/Documents/Omega/02-repos/00-anatomia-do-gasto/data/raw/_shared/fns/repasses_faf_com_populacao/2017/REPASSE-FAF-COM-POPULACAO-2017.csv,MÉDIA E ALTA COMPLEXIDADE AMBULATORIAL E HOSPITALAR,FUNDO DE AÇÕES ESTRATÉGICAS E COMPENSAÇÃO - FAEC,FAEC SIA - EXAME CITOPATOLÓGICO DO COLO DE ÚTERO,SP,SAO PAULO,355030,12396372,2021,13851748000140,FUNDO ESTADUAL DE SAUDE - FUNDES,001,01897X,000000087629,ESTADUAL,S,S,N,14/12/2017,"1685482,4","1685482,4","17184860,88",31/12/2017
2017,https://portalfns.saude.gov.br/wp-content/uploads/2021/12/REPASSE-FAF-COM-POPULACAO-2017.csv,https://portalfns.saude.gov.br/wp-content/uploads/2021/12/REPASSE-FAF-COM-POPULACAO-2017.csv,/home/sallumc/Documents/Omega/02-repos/00-anatomia-do-gasto/data/raw/_shared/fns/repasses_faf_com_populacao/2017/REPASSE-FAF-COM-POPULACAO-2017.csv,MÉDIA E ALTA COMPLEXIDADE AMBULATORIAL E HOSPITALAR,FUNDO DE AÇÕES ESTRATÉGICAS E COMPENSAÇÃO - FAEC,FAEC SIA - EXAMES DO LEITE MATERNO,SP,SAO PAULO,355030,12396372,2021,13864377000130,FUNDO MUNICIPAL DE SAUDE - FMS,001,01897X,000000087394,MUNICIPAL,N,S,N,16/12/2017,"113844,26","81758,89","62489203,88",31/12/2017
2017,https://portalfns.saude.gov.br/wp-content/uploads/2021/12/REPASSE-FAF-COM-POPULACAO-2017.csv,https://portalfns.saude.gov.br/wp-content/uploads/2021/12/REPASSE-FAF-COM-POPULACAO-2017.csv,/home/sallumc/Documents/Omega/02-repos/00-anatomia-do-gasto/data/raw/_shared/fns/repasses_faf_com_populacao/2017/REPASSE-FAF-COM-POPULACAO-2017.csv,MÉDIA E ALTA COMPLEXIDADE AMBULATORIAL E HOSPITALAR,FUNDO DE AÇÕES ESTRATÉGICAS E COMPENSAÇÃO - FAEC,FAEC SIA - EXAMES DO LEITE MATERNO,SP,SAO PAULO,355030,12396372,2021,13851748000140,FUNDO ESTADUAL DE SAUDE - FUNDES,001,01897X,000000087629,ESTADUAL,S,S,N,14/12/2017,"760718,82","760718,82","17184860,88",31/12/2017
2017,https://portalfns.saude.gov.br/wp-content/uploads/2021/12/REPASSE-FAF-COM-POPULACAO-2017.csv,https://portalfns.saude.gov.br/wp-content/uploads/2021/12/REPASSE-FAF-COM-POPULACAO-2017.csv,/home/sallumc/Documents/Omega/02-repos/00-anatomia-do-gasto/data/raw/_shared/fns/repasses_faf_com_populacao/2017/REPASSE-FAF-COM-POPULACAO-2017.csv,MÉDIA E ALTA COMPLEXIDADE AMBULATORIAL E HOSPITALAR,FUNDO DE AÇÕES ESTRATÉGICAS E COMPENSAÇÃO - FAEC,FAEC SIA - MAMOGRAFIA PARA RASTREAMENTO (RCA-RCAN PO 0008),SP,SAO PAULO,355030,12396372,2021,13864377000130,FUNDO MUNICIPAL DE SAUDE - FMS,001,01897X,000000087394,MUNICIPAL,N,S,N,16/12/2017,6620490,4681710,"62489203,88",31/12/2017
2017,https://portalfns.saude.gov.br/wp-content/uploads/2021/12/REPASSE-FAF-COM-POPULACAO-2017.csv,https://portalfns.saude.gov.br/wp-content/uploads/2021/12/REPASSE-FAF-COM-POPULACAO-2017.csv,/home/sallumc/Documents/Omega/02-repos/00-anatomia-do-gasto/data/raw/_shared/fns/repasses_faf_com_populacao/2017/REPASSE-FAF-COM-POPULACAO-2017.csv,MÉDIA E ALTA COMPLEXIDADE AMBULATORIAL E HOSPITALAR,FUNDO DE AÇÕES ESTRATÉGICAS E COMPENSAÇÃO - FAEC,FAEC SIA - MAMOGRAFIA PARA RASTREAMENTO (RCA-RCAN PO 0008),SP,SAO PAULO,355030,12396372,2021,13851748000140,FUNDO ESTADUAL DE SAUDE - FUNDES,001,01897X,000000087629,ESTADUAL,S,S,N,14/12/2017,12873150,12873150,"17184860,88",31/12/2017
2017,https://portalfns.saude.gov.br/wp-content/uploads/2021/12/REPASSE-FAF-COM-POPULACAO-2017.csv,https://portalfns.saude.gov.br/wp-content/uploads/2021/12/REPASSE-FAF-COM-POPULACAO-2017.csv,/home/sallumc/Documents/Omega/02-repos/00-anatomia-do-gasto/data/raw/_shared/fns/repasses_faf_com_populacao/2017/REPASSE-FAF-COM-POPULACAO-2017.csv,MÉDIA E ALTA COMPLEXIDADE AMBULATORIAL E HOSPITALAR,FUNDO DE AÇÕES ESTRATÉGICAS E COMPENSAÇÃO - FAEC,FAEC SIA - NEFROLOGIA,SP,SAO PAULO,355030,12396372,2021,13864377000130,FUNDO MUNICIPAL DE SAUDE - FMS,001,01897X,000000087394,MUNICIPAL,N,S,N,13/12/2017,"202471424,15","200543940,68","62489203,88",31/12/2017
2017,https://portalfns.saude.gov.br/wp-content/uploads/2021/12/REPASSE-FAF-COM-POPULACAO-2017.csv,https://portalfns.saude.gov.br/wp-content/uploads/2021/12/REPASSE-FAF-COM-POPULACAO-2017.csv,/home/sallumc/Documents/Omega/02-repos/00-anatomia-do-gasto/data/raw/_shared/fns/repasses_faf_com_populacao/2017/REPASSE-FAF-COM-POPULACAO-2017.csv,MÉDIA E ALTA COMPLEXIDADE AMBULATORIAL E HOSPITALAR,FUNDO DE AÇÕES ESTRATÉGICAS E COMPENSAÇÃO - FAEC,FAEC SIA - NEFROLOGIA,SP,SAO PAULO,355030,12396372,2021,13851748000140,FUNDO ESTADUAL DE SAUDE - FUNDES,001,01897X,000000087629,ESTADUAL,S,S,N,13/12/2017,"280824709,94","277317714,62","17184860,88",31/12/2017
2017,https://portalfns.saude.gov.br/wp-content/uploads/2021/12/REPASSE-FAF-COM-POPULACAO-2017.csv,https://portalfns.saude.gov.br/wp-content/uploads/2021/12/REPASSE-FAF-COM-POPULACAO-2017.csv,/home/sallumc/Documents/Omega/02-repos/00-anatomia-do-gasto/data/raw/_shared/fns/repasses_faf_com_populacao/2017/REPASSE-FAF-COM-POPULACAO-2017.csv,MÉDIA E ALTA COMPLEXIDADE AMBULATORIAL E HOSPITALAR,FUNDO DE AÇÕES ESTRATÉGICAS E COMPENSAÇÃO - FAEC,FAEC SIA - OPM EM ODONTOLOGIA,SP,SAO PAULO,355030,12396372,2021,13851748000140,FUNDO ESTADUAL DE SAUDE - FUNDES,001,01897X,000000087629,ESTADUAL,S,S,N,14/12/2017,125850,125850,"17184860,88",31/12/2017
2017,https://portalfns.saude.gov.br/wp-content/uploads/2021/12/REPASSE-FAF-COM-POPULACAO-2017.csv,https://portalfns.saude.gov.br/wp-content/uploads/2021/12/REPASSE-FAF-COM-POPULACAO-2017.csv,/home/sallumc/Documents/Omega/02-repos/00-anatomia-do-gasto/data/raw/_shared/fns/repasses_faf_com_populacao/2017/REPASSE-FAF-COM-POPULACAO-2017.csv,MÉDIA E ALTA COMPLEXIDADE AMBULATORIAL E HOSPITALAR,FUNDO DE AÇÕES ESTRATÉGICAS E COMPENSAÇÃO - FAEC,FAEC SIA - OPM PARA TRANSPLANTES,SP,SAO PAULO,355030,12396372,2021,13851748000140,FUNDO ESTADUAL DE SAUDE - FUNDES,001,01897X,000000087629,ESTADUAL,S,S,N,14/12/2017,1985864,1985864,"17184860,88",31/12/2017
2017,https://portalfns.saude.gov.br/wp-content/uploads/2021/12/REPASSE-FAF-COM-POPULACAO-2017.csv,https://portalfns.saude.gov.br/wp-content/uploads/2021/12/REPASSE-FAF-COM-POPULACAO-2017.csv,/home/sallumc/Documents/Omega/02-repos/00-anatomia-do-gasto/data/raw/_shared/fns/repasses_faf_com_populacao/2017/REPASSE-FAF-COM-POPULACAO-2017.csv,MÉDIA E ALTA COMPLEXIDADE AMBULATORIAL E HOSPITALAR,FUNDO DE AÇÕES ESTRATÉGICAS E COMPENSAÇÃO - FAEC,FAEC SIA - REDESIGNAÇÃO E ACOMPANHAMENTO,SP,SAO PAULO,355030,12396372,2021,13851748000140,FUNDO ESTADUAL DE SAUDE - FUNDES,001,01897X,000000087629,ESTADUAL,S,S,N,14/12/2017,"123015,2","123015,2","17184860,88",31/12/2017
2017,https://portalfns.saude.gov.br/wp-content/uploads/2021/12/REPASSE-FAF-COM-POPULACAO-2017.csv,https://portalfns.saude.gov.br/wp-content/uploads/2021/12/REPASSE-FAF-COM-POPULACAO-2017.csv,/home/sallumc/Documents/Omega/02-repos/00-anatomia-do-gasto/data/raw/_shared/fns/repasses_faf_com_populacao/2017/REPASSE-FAF-COM-POPULACAO-2017.csv,MÉDIA E ALTA COMPLEXIDADE AMBULATORIAL E HOSPITALAR,FUNDO DE AÇÕES ESTRATÉGICAS E COMPENSAÇÃO - FAEC,FAEC SIA - SANGUE E HEMODERIVADOS,SP,SAO PAULO,355030,12396372,2021,13851748000140,FUNDO ESTADUAL DE SAUDE - FUNDES,001,01897X,000000087629,ESTADUAL,S,S,N,14/12/2017,"6949520,4","6949520,4","17184860,88",31/12/2017
2017,https://portalfns.saude.gov.br/wp-content/uploads/2021/12/REPASSE-FAF-COM-POPULACAO-2017.csv,https://portalfns.saude.gov.br/wp-content/uploads/2021/12/REPASSE-FAF-COM-POPULACAO-2017.csv,/home/sallumc/Documents/Omega/02-repos/00-anatomia-do-gasto/data/raw/_shared/fns/repasses_faf_com_populacao/2017/REPASSE-FAF-COM-POPULACAO-2017.csv,MÉDIA E ALTA COMPLEXIDADE AMBULATORIAL E HOSPITALAR,FUNDO DE AÇÕES ESTRATÉGICAS E COMPENSAÇÃO - FAEC,FAEC SIA - SISTEMA DE FREQÜÊNCIA MODULADA PESSOAL - FM,SP,SAO PAULO,355030,12396372,2021,13851748000140,FUNDO ESTADUAL DE SAUDE - FUNDES,001,01897X,000000087629,ESTADUAL,S,S,N,14/12/2017,1030500,1030500,"17184860,88",31/12/2017
2017,https://portalfns.saude.gov.br/wp-content/uploads/2021/12/REPASSE-FAF-COM-POPULACAO-2017.csv,https://portalfns.saude.gov.br/wp-content/uploads/2021/12/REPASSE-FAF-COM-POPULACAO-2017.csv,/home/sallumc/Documents/Omega/02-repos/00-anatomia-do-gasto/data/raw/_shared/fns/repasses_faf_com_populacao/2017/REPASSE-FAF-COM-POPULACAO-2017.csv,MÉDIA E ALTA COMPLEXIDADE AMBULATORIAL E HOSPITALAR,FUNDO DE AÇÕES ESTRATÉGICAS E COMPENSAÇÃO - FAEC,FAEC SIA - SISTEMA DE FREQÜÊNCIA MODULADA PESSOAL - FM,SP,SAO PAULO,355030,12396372,2021,13864377000130,FUNDO MUNICIPAL DE SAUDE - FMS,001,01897X,000000087394,MUNICIPAL,N,S,N,16/12/2017,319500,279000,"62489203,88",31/12/2017
2017,https://portalfns.saude.gov.br/wp-content/uploads/2021/12/REPASSE-FAF-COM-POPULACAO-2017.csv,https://portalfns.saude.gov.br/wp-content/uploads/2021/12/REPASSE-FAF-COM-POPULACAO-2017.csv,/home/sallumc/Documents/Omega/02-repos/00-anatomia-do-gasto/data/raw/_shared/fns/repasses_faf_com_populacao/2017/REPASSE-FAF-COM-POPULACAO-2017.csv,MÉDIA E ALTA COMPLEXIDADE AMBULATORIAL E HOSPITALAR,FUNDO DE AÇÕES ESTRATÉGICAS E COMPENSAÇÃO - FAEC,FAEC SIA - TERAPIAS ESPECIALIZADAS EM ANGIOLOGIA,SP,SAO PAULO,355030,12396372,2021,13864377000130,FUNDO MUNICIPAL DE SAUDE - FMS,001,01897X,000000087394,MUNICIPAL,N,S,N,16/12/2017,"15906,88","15906,88","62489203,88",31/12/2017
2017,https://portalfns.saude.gov.br/wp-content/uploads/2021/12/REPASSE-FAF-COM-POPULACAO-2017.csv,https://portalfns.saude.gov.br/wp-content/uploads/2021/12/REPASSE-FAF-COM-POPULACAO-2017.csv,/home/sallumc/Documents/Omega/02-repos/00-anatomia-do-gasto/data/raw/_shared/fns/repasses_faf_com_populacao/2017/REPASSE-FAF-COM-POPULACAO-2017.csv,MÉDIA E ALTA COMPLEXIDADE AMBULATORIAL E HOSPITALAR,FUNDO DE AÇÕES ESTRATÉGICAS E COMPENSAÇÃO - FAEC,FAEC SIA - TERAPIAS ESPECIALIZADAS EM ANGIOLOGIA,SP,SAO PAULO,355030,12396372,2021,13851748000140,FUNDO ESTADUAL DE SAUDE - FUNDES,001,01897X,000000087629,ESTADUAL,S,S,N,14/12/2017,"444446,64","444446,64","17184860,88",31/12/2017
2017,https://portalfns.saude.gov.br/wp-content/uploads/2021/12/REPASSE-FAF-COM-POPULACAO-2017.csv,https://portalfns.saude.gov.br/wp-content/uploads/2021/12/REPASSE-FAF-COM-POPULACAO-2017.csv,/home/sallumc/Documents/Omega/02-repos/00-anatomia-do-gasto/data/raw/_shared/fns/repasses_faf_com_populacao/2017/REPASSE-FAF-COM-POPULACAO-2017.csv,MÉDIA E ALTA COMPLEXIDADE AMBULATORIAL E HOSPITALAR,FUNDO DE AÇÕES ESTRATÉGICAS E COMPENSAÇÃO - FAEC,FAEC SIA - TRANSPLANTE HISTOCOMPATIBILIDADE,SP,SAO PAULO,355030,12396372,2021,13851748000140,FUNDO ESTADUAL DE SAUDE - FUNDES,001,01897X,000000087629,ESTADUAL,S,S,N,14/12/2017,19504125,19504125,"17184860,88",31/12/2017
2017,https://portalfns.saude.gov.br/wp-content/uploads/2021/12/REPASSE-FAF-COM-POPULACAO-2017.csv,https://portalfns.saude.gov.br/wp-content/uploads/2021/12/REPASSE-FAF-COM-POPULACAO-2017.csv,/home/sallumc/Documents/Omega/02-repos/00-anatomia-do-gasto/data/raw/_shared/fns/repasses_faf_com_populacao/2017/REPASSE-FAF-COM-POPULACAO-2017.csv,MÉDIA E ALTA COMPLEXIDADE AMBULATORIAL E HOSPITALAR,FUNDO DE AÇÕES ESTRATÉGICAS E COMPENSAÇÃO - FAEC,"FAEC SIA - TRANSPLANTES DE ORGÃOS, TECIDOS E CÉLULAS",SP,SAO PAULO,355030,12396372,2021,13864377000130,FUNDO MUNICIPAL DE SAUDE - FMS,001,01897X,000000087394,MUNICIPAL,N,S,N,15/12/2017,"35982818,4","35652142,67","62489203,88",31/12/2017
2017,https://portalfns.saude.gov.br/wp-content/uploads/2021/12/REPASSE-FAF-COM-POPULACAO-2017.csv,https://portalfns.saude.gov.br/wp-content/uploads/2021/12/REPASSE-FAF-COM-POPULACAO-2017.csv,/home/sallumc/Documents/Omega/02-repos/00-anatomia-do-gasto/data/raw/_shared/fns/repasses_faf_com_populacao/2017/REPASSE-FAF-COM-POPULACAO-2017.csv,MÉDIA E ALTA COMPLEXIDADE AMBULATORIAL E HOSPITALAR,FUNDO DE AÇÕES ESTRATÉGICAS E COMPENSAÇÃO - FAEC,"FAEC SIA - TRANSPLANTES DE ORGÃOS, TECIDOS E CÉLULAS",SP,SAO PAULO,355030,12396372,2021,13851748000140,FUNDO ESTADUAL DE SAUDE - FUNDES,001,01897X,000000087629,ESTADUAL,S,S,N,14/12/2017,"50644792,61","50644792,61","17184860,88",31/12/2017
2017,https://portalfns.saude.gov.br/wp-content/uploads/2021/12/REPASSE-FAF-COM-POPULACAO-2017.csv,https://portalfns.saude.gov.br/wp-content/uploads/2021/12/REPASSE-FAF-COM-POPULACAO-2017.csv,/home/sallumc/Documents/Omega/02-repos/00-anatomia-do-gasto/data/raw/_shared/fns/repasses_faf_com_populacao/2017/REPASSE-FAF-COM-POPULACAO-2017.csv,MÉDIA E ALTA COMPLEXIDADE AMBULATORIAL E HOSPITALAR,FUNDO DE AÇÕES ESTRATÉGICAS E COMPENSAÇÃO - FAEC,FAEC SIA - TRATAMENTO DE DOENÇAS DO APARELHO DA VISÃO,SP,SAO PAULO,355030,12396372,2021,13851748000140,FUNDO ESTADUAL DE SAUDE - FUNDES,001,01897X,000000087629,ESTADUAL,S,S,N,14/12/2017,"8894027,21","8894027,21","17184860,88",31/12/2017
2017,https://portalfns.saude.gov.br/wp-content/uploads/2021/12/REPASSE-FAF-COM-POPULACAO-2017.csv,https://portalfns.saude.gov.br/wp-content/uploads/2021/12/REPASSE-FAF-COM-POPULACAO-2017.csv,/home/sallumc/Documents/Omega/02-repos/00-anatomia-do-gasto/data/raw/_shared/fns/repasses_faf_com_populacao/2017/REPASSE-FAF-COM-POPULACAO-2017.csv,MÉDIA E ALTA COMPLEXIDADE AMBULATORIAL E HOSPITALAR,FUNDO DE AÇÕES ESTRATÉGICAS E COMPENSAÇÃO - FAEC,FAEC SIA - TRATAMENTO DE DOENÇAS DO APARELHO DA VISÃO,SP,SAO PAULO,355030,12396372,2021,13864377000130,FUNDO MUNICIPAL DE SAUDE - FMS,001,01897X,000000087394,MUNICIPAL,N,S,N,16/12/2017,"4524040,55","4524040,55","62489203,88",31/12/2017
2017,https://portalfns.saude.gov.br/wp-content/uploads/2021/12/REPASSE-FAF-COM-POPULACAO-2017.csv,https://portalfns.saude.gov.br/wp-content/uploads/2021/12/REPASSE-FAF-COM-POPULACAO-2017.csv,/home/sallumc/Documents/Omega/02-repos/00-anatomia-do-gasto/data/raw/_shared/fns/repasses_faf_com_populacao/2017/REPASSE-FAF-COM-POPULACAO-2017.csv,MÉDIA E ALTA COMPLEXIDADE AMBULATORIAL E HOSPITALAR,FUNDO DE AÇÕES ESTRATÉGICAS E COMPENSAÇÃO - FAEC,FAEC SIA - TRATAMENTO EM ONCOLOGIA (RCA - RCAN - PO 0008),SP,SAO PAULO,355030,12396372,2021,13864377000130,FUNDO MUNICIPAL DE SAUDE - FMS,001,01897X,000000087394,MUNICIPAL,N,S,N,16/12/2017,"2769803,24","2769803,24","62489203,88",31/12/2017
2017,https://portalfns.saude.gov.br/wp-content/uploads/2021/12/REPASSE-FAF-COM-POPULACAO-2017.csv,https://portalfns.saude.gov.br/wp-content/uploads/2021/12/REPASSE-FAF-COM-POPULACAO-2017.csv,/home/sallumc/Documents/Omega/02-repos/00-anatomia-do-gasto/data/raw/_shared/fns/repasses_faf_com_populacao/2017/REPASSE-FAF-COM-POPULACAO-2017.csv,MÉDIA E ALTA COMPLEXIDADE AMBULATORIAL E HOSPITALAR,FUNDO DE AÇÕES ESTRATÉGICAS E COMPENSAÇÃO - FAEC,FAEC SIA - TRATAMENTO EM ONCOLOGIA (RCA - RCAN - PO 0008),SP,SAO PAULO,355030,12396372,2021,13851748000140,FUNDO ESTADUAL DE SAUDE - FUNDES,001,01897X,000000087629,ESTADUAL,S,S,N,14/12/2017,"15814519,28","15814519,28","17184860,88",31/12/2017
2017,https://portalfns.saude.gov.br/wp-content/uploads/2021/12/REPASSE-FAF-COM-POPULACAO-2017.csv,https://portalfns.saude.gov.br/wp-content/uploads/2021/12/REPASSE-FAF-COM-POPULACAO-2017.csv,/home/sallumc/Documents/Omega/02-repos/00-anatomia-do-gasto/data/raw/_shared/fns/repasses_faf_com_populacao/2017/REPASSE-FAF-COM-POPULACAO-2017.csv,MÉDIA E ALTA COMPLEXIDADE AMBULATORIAL E HOSPITALAR,FUNDO DE AÇÕES ESTRATÉGICAS E COMPENSAÇÃO - FAEC,FAEC SIA - TRATAMENTOS ODONTOLÓGICOS,SP,SAO PAULO,355030,12396372,2021,13851748000140,FUNDO ESTADUAL DE SAUDE - FUNDES,001,01897X,000000087629,ESTADUAL,S,S,N,14/12/2017,"999781,57","999781,57","17184860,88",31/12/2017
2017,https://portalfns.saude.gov.br/wp-content/uploads/2021/12/REPASSE-FAF-COM-POPULACAO-2017.csv,https://portalfns.saude.gov.br/wp-content/uploads/2021/12/REPASSE-FAF-COM-POPULACAO-2017.csv,/home/sallumc/Documents/Omega/02-repos/00-anatomia-do-gasto/data/raw/_shared/fns/repasses_faf_com_populacao/2017/REPASSE-FAF-COM-POPULACAO-2017.csv,MÉDIA E ALTA COMPLEXIDADE AMBULATORIAL E HOSPITALAR,FUNDO DE AÇÕES ESTRATÉGICAS E COMPENSAÇÃO - FAEC,FAEC SIA - TRIAGEM NEONATAL,SP,SAO PAULO,355030,12396372,2021,13864377000130,FUNDO MUNICIPAL DE SAUDE - FMS,001,01897X,000000087394,MUNICIPAL,N,S,N,16/12/2017,17380,17380,"62489203,88",31/12/2017
2017,https://portalfns.saude.gov.br/wp-content/uploads/2021/12/REPASSE-FAF-COM-POPULACAO-2017.csv,https://portalfns.saude.gov.br/wp-content/uploads/2021/12/REPASSE-FAF-COM-POPULACAO-2017.csv,/home/sallumc/Documents/Omega/02-repos/00-anatomia-do-gasto/data/raw/_shared/fns/repasses_faf_com_populacao/2017/REPASSE-FAF-COM-POPULACAO-2017.csv,MÉDIA E ALTA COMPLEXIDADE AMBULATORIAL E HOSPITALAR,FUNDO DE AÇÕES ESTRATÉGICAS E COMPENSAÇÃO - FAEC,FAEC SIA - TRIAGEM NEONATAL,SP,SAO PAULO,355030,12396372,2021,13851748000140,FUNDO ESTADUAL DE SAUDE - FUNDES,001,01897X,000000087629,ESTADUAL,S,S,N,14/12/2017,209815,209815,"17184860,88",31/12/2017
2017,https://portalfns.saude.gov.br/wp-content/uploads/2021/12/REPASSE-FAF-COM-POPULACAO-2017.csv,https://portalfns.saude.gov.br/wp-content/uploads/2021/12/REPASSE-FAF-COM-POPULACAO-2017.csv,/home/sallumc/Documents/Omega/02-repos/00-anatomia-do-gasto/data/raw/_shared/fns/repasses_faf_com_populacao/2017/REPASSE-FAF-COM-POPULACAO-2017.csv,MÉDIA E ALTA COMPLEXIDADE AMBULATORIAL E HOSPITALAR,FUNDO DE AÇÕES ESTRATÉGICAS E COMPENSAÇÃO - FAEC,PLANO NACIONAL DE APOIO AS CENTRAIS DE TRANSPLANTES,SP,SAO PAULO,355030,12396372,2021,13851748000140,FUNDO ESTADUAL DE SAUDE - FUNDES,001,01897X,000000087629,ESTADUAL,S,S,N,11/12/2017,600000,600000,"17184860,88",31/12/2017
2017,https://portalfns.saude.gov.br/wp-content/uploads/2021/12/REPASSE-FAF-COM-POPULACAO-2017.csv,https://portalfns.saude.gov.br/wp-content/uploads/2021/12/REPASSE-FAF-COM-POPULACAO-2017.csv,/home/sallumc/Documents/Omega/02-repos/00-anatomia-do-gasto/data/raw/_shared/fns/repasses_faf_com_populacao/2017/REPASSE-FAF-COM-POPULACAO-2017.csv,MÉDIA E ALTA COMPLEXIDADE AMBULATORIAL E HOSPITALAR,LIMITE FINANCEIRO DA MÉDIA E ALTA COMPLEXIDADE AMBUL. E HOSPITAR - MAC,CEO - CENTRO DE ESPECIALIDADES ODONTOLÓGICAS - MUNICIPAL,SP,SAO PAULO,355030,12396372,2021,13864377000130,FUNDO MUNICIPAL DE SAUDE - FMS,001,01897X,000000087394,MUNICIPAL,N,S,N,6/12/2017,5984550,5984550,"62489203,88",31/12/2017
2017,https://portalfns.saude.gov.br/wp-content/uploads/2021/12/REPASSE-FAF-COM-POPULACAO-2017.csv,https://portalfns.saude.gov.br/wp-content/uploads/2021/12/REPASSE-FAF-COM-POPULACAO-2017.csv,/home/sallumc/Documents/Omega/02-repos/00-anatomia-do-gasto/data/raw/_shared/fns/repasses_faf_com_populacao/2017/REPASSE-FAF-COM-POPULACAO-2017.csv,MÉDIA E ALTA COMPLEXIDADE AMBULATORIAL E HOSPITALAR,LIMITE FINANCEIRO DA MÉDIA E ALTA COMPLEXIDADE AMBUL. E HOSPITAR - MAC,INCREMENTO TEMPORÁRIO DO COMPONENTE DE CUSTEIO DO MAC (2017),SP,SAO PAULO,355030,12396372,2021,13864377000130,FUNDO MUNICIPAL DE SAUDE - FMS,001,01897X,000000087394,MUNICIPAL,N,S,N,20/12/2017,2950000,2950000,"62489203,88",31/12/2017
2017,https://portalfns.saude.gov.br/wp-content/uploads/2021/12/REPASSE-FAF-COM-POPULACAO-2017.csv,https://portalfns.saude.gov.br/wp-content/uploads/2021/12/REPASSE-FAF-COM-POPULACAO-2017.csv,/home/sallumc/Documents/Omega/02-repos/00-anatomia-do-gasto/data/raw/_shared/fns/repasses_faf_com_populacao/2017/REPASSE-FAF-COM-POPULACAO-2017.csv,MÉDIA E ALTA COMPLEXIDADE AMBULATORIAL E HOSPITALAR,LIMITE FINANCEIRO DA MÉDIA E ALTA COMPLEXIDADE AMBUL. E HOSPITAR - MAC,INCREMENTO TEMPORÁRIO DO COMPONENTE DE CUSTEIO DO MAC (2017),SP,SAO PAULO,355030,12396372,2021,13851748000140,FUNDO ESTADUAL DE SAUDE - FUNDES,001,01897X,000000087629,ESTADUAL,S,S,N,14/12/2017,34266427,34266427,"17184860,88",31/12/2017
2017,https://portalfns.saude.gov.br/wp-content/uploads/2021/12/REPASSE-FAF-COM-POPULACAO-2017.csv,https://portalfns.saude.gov.br/wp-content/uploads/2021/12/REPASSE-FAF-COM-POPULACAO-2017.csv,/home/sallumc/Documents/Omega/02-repos/00-anatomia-do-gasto/data/raw/_shared/fns/repasses_faf_com_populacao/2017/REPASSE-FAF-COM-POPULACAO-2017.csv,MÉDIA E ALTA COMPLEXIDADE AMBULATORIAL E HOSPITALAR,LIMITE FINANCEIRO DA MÉDIA E ALTA COMPLEXIDADE AMBUL. E HOSPITAR - MAC,INCREMENTO TEMPORÁRIO DO LIMITE FINANCEIRO DO MAC,SP,SAO PAULO,355030,12396372,2021,13851748000140,FUNDO ESTADUAL DE SAUDE - FUNDES,001,01897X,000000087629,ESTADUAL,S,S,N,22/06/2017,19794813,19794813,"17184860,88",31/12/2017
2017,https://portalfns.saude.gov.br/wp-content/uploads/2021/12/REPASSE-FAF-COM-POPULACAO-2017.csv,https://portalfns.saude.gov.br/wp-content/uploads/2021/12/REPASSE-FAF-COM-POPULACAO-2017.csv,/home/sallumc/Documents/Omega/02-repos/00-anatomia-do-gasto/data/raw/_shared/fns/repasses_faf_com_populacao/2017/REPASSE-FAF-COM-POPULACAO-2017.csv,MÉDIA E ALTA COMPLEXIDADE AMBULATORIAL E HOSPITALAR,LIMITE FINANCEIRO DA MÉDIA E ALTA COMPLEXIDADE AMBUL. E HOSPITAR - MAC,PAGAMENTOS ADMINISTRATIVOS (MAC),SP,SAO PAULO,355030,12396372,2021,13851748000140,FUNDO ESTADUAL DE SAUDE - FUNDES,001,01897X,000000087629,ESTADUAL,S,S,N,24/10/2017,"1846190,12","1846190,12","17184860,88",31/12/2017
2017,https://portalfns.saude.gov.br/wp-content/uploads/2021/12/REPASSE-FAF-COM-POPULACAO-2017.csv,https://portalfns.saude.gov.br/wp-content/uploads/2021/12/REPASSE-FAF-COM-POPULACAO-2017.csv,/home/sallumc/Documents/Omega/02-repos/00-anatomia-do-gasto/data/raw/_shared/fns/repasses_faf_com_populacao/2017/REPASSE-FAF-COM-POPULACAO-2017.csv,MÉDIA E ALTA COMPLEXIDADE AMBULATORIAL E HOSPITALAR,LIMITE FINANCEIRO DA MÉDIA E ALTA COMPLEXIDADE AMBUL. E HOSPITAR - MAC,PAGAMENTOS ADMINISTRATIVOS (MAC),SP,SAO PAULO,355030,12396372,2021,13864377000130,FUNDO MUNICIPAL DE SAUDE - FMS,001,01897X,000000087394,MUNICIPAL,N,S,N,4/05/2017,"814446,96","814446,96","62489203,88",31/12/2017
2017,https://portalfns.saude.gov.br/wp-content/uploads/2021/12/REPASSE-FAF-COM-POPULACAO-2017.csv,https://portalfns.saude.gov.br/wp-content/uploads/2021/12/REPASSE-FAF-COM-POPULACAO-2017.csv,/home/sallumc/Documents/Omega/02-repos/00-anatomia-do-gasto/data/raw/_shared/fns/repasses_faf_com_populacao/2017/REPASSE-FAF-COM-POPULACAO-2017.csv,MÉDIA E ALTA COMPLEXIDADE AMBULATORIAL E HOSPITALAR,LIMITE FINANCEIRO DA MÉDIA E ALTA COMPLEXIDADE AMBUL. E HOSPITAR - MAC,REDE VIVER SEM LIMITES - REDEF - CEO MUNICIPAL,SP,SAO PAULO,355030,12396372,2021,13864377000130,FUNDO MUNICIPAL DE SAUDE - FMS,001,01897X,000000087394,MUNICIPAL,N,S,N,6/12/2017,504900,504900,"62489203,88",31/12/2017
2017,https://portalfns.saude.gov.br/wp-content/uploads/2021/12/REPASSE-FAF-COM-POPULACAO-2017.csv,https://portalfns.saude.gov.br/wp-content/uploads/2021/12/REPASSE-FAF-COM-POPULACAO-2017.csv,/home/sallumc/Documents/Omega/02-repos/00-anatomia-do-gasto/data/raw/_shared/fns/repasses_faf_com_populacao/2017/REPASSE-FAF-COM-POPULACAO-2017.csv,MÉDIA E ALTA COMPLEXIDADE AMBULATORIAL E HOSPITALAR,LIMITE FINANCEIRO DA MÉDIA E ALTA COMPLEXIDADE AMBUL. E HOSPITAR - MAC,SERVIÇOS DE ATENDIMENTO MÓVEL ÀS URGÊNC SAMU 192 (RAU-SAMU)- MUNICIPAL,SP,SAO PAULO,355030,12396372,2021,13864377000130,FUNDO MUNICIPAL DE SAUDE - FMS,001,01897X,000000087394,MUNICIPAL,N,S,N,6/12/2017,22410024,22410024,"62489203,88",31/12/2017
2017,https://portalfns.saude.gov.br/wp-content/uploads/2021/12/REPASSE-FAF-COM-POPULACAO-2017.csv,https://portalfns.saude.gov.br/wp-content/uploads/2021/12/REPASSE-FAF-COM-POPULACAO-2017.csv,/home/sallumc/Documents/Omega/02-repos/00-anatomia-do-gasto/data/raw/_shared/fns/repasses_faf_com_populacao/2017/REPASSE-FAF-COM-POPULACAO-2017.csv,MÉDIA E ALTA COMPLEXIDADE AMBULATORIAL E HOSPITALAR,LIMITE FINANCEIRO DA MÉDIA E ALTA COMPLEXIDADE AMBUL. E HOSPITAR - MAC,SERVIÇOS DE ATENDIMENTO MÓVEL ÀS URGÊNCIAS - SAMU 192 (MAC)- MUNICIPAL,SP,SAO PAULO,355030,12396372,2021,13864377000130,FUNDO MUNICIPAL DE SAUDE - FMS,001,01897X,000000087394,MUNICIPAL,N,S,N,6/12/2017,22572000,22572000,"62489203,88",31/12/2017
2017,https://portalfns.saude.gov.br/wp-content/uploads/2021/12/REPASSE-FAF-COM-POPULACAO-2017.csv,https://portalfns.saude.gov.br/wp-content/uploads/2021/12/REPASSE-FAF-COM-POPULACAO-2017.csv,/home/sallumc/Documents/Omega/02-repos/00-anatomia-do-gasto/data/raw/_shared/fns/repasses_faf_com_populacao/2017/REPASSE-FAF-COM-POPULACAO-2017.csv,MÉDIA E ALTA COMPLEXIDADE AMBULATORIAL E HOSPITALAR,LIMITE FINANCEIRO DA MÉDIA E ALTA COMPLEXIDADE AMBUL. E HOSPITAR - MAC,TETO ESTADUAL DA MÉDIA E ALTA COMPLEXIDADE AMBULATORIAL E HOSPITALAR,SP,SAO PAULO,355030,12396372,2021,13851748000140,FUNDO ESTADUAL DE SAUDE - FUNDES,001,01897X,000000087629,ESTADUAL,S,S,N,28/12/2017,"3358226542,24","3166435267,14","17184860,88",31/12/2017
2017,https://portalfns.saude.gov.br/wp-content/uploads/2021/12/REPASSE-FAF-COM-POPULACAO-2017.csv,https://portalfns.saude.gov.br/wp-content/uploads/2021/12/REPASSE-FAF-COM-POPULACAO-2017.csv,/home/sallumc/Documents/Omega/02-repos/00-anatomia-do-gasto/data/raw/_shared/fns/repasses_faf_com_populacao/2017/REPASSE-FAF-COM-POPULACAO-2017.csv,MÉDIA E ALTA COMPLEXIDADE AMBULATORIAL E HOSPITALAR,LIMITE FINANCEIRO DA MÉDIA E ALTA COMPLEXIDADE AMBUL. E HOSPITAR - MAC,TETO ESTADUAL LIMITE CONTROLE DO CANCER - PO 00088585,SP,SAO PAULO,355030,12396372,2021,13851748000140,FUNDO ESTADUAL DE SAUDE - FUNDES,001,01897X,000000087629,ESTADUAL,S,S,N,15/12/2017,"28634602,47","28634602,47","17184860,88",31/12/2017
2017,https://portalfns.saude.gov.br/wp-content/uploads/2021/12/REPASSE-FAF-COM-POPULACAO-2017.csv,https://portalfns.saude.gov.br/wp-content/uploads/2021/12/REPASSE-FAF-COM-POPULACAO-2017.csv,/home/sallumc/Documents/Omega/02-repos/00-anatomia-do-gasto/data/raw/_shared/fns/repasses_faf_com_populacao/2017/REPASSE-FAF-COM-POPULACAO-2017.csv,MÉDIA E ALTA COMPLEXIDADE AMBULATORIAL E HOSPITALAR,LIMITE FINANCEIRO DA MÉDIA E ALTA COMPLEXIDADE AMBUL. E HOSPITAR - MAC,TETO ESTADUAL MELHOR EM CASA,SP,SAO PAULO,355030,12396372,2021,13851748000140,FUNDO ESTADUAL DE SAUDE - FUNDES,001,01897X,000000087629,ESTADUAL,S,S,N,8/12/2017,600000,600000,"17184860,88",31/12/2017
2017,https://portalfns.saude.gov.br/wp-content/uploads/2021/12/REPASSE-FAF-COM-POPULACAO-2017.csv,https://portalfns.saude.gov.br/wp-content/uploads/2021/12/REPASSE-FAF-COM-POPULACAO-2017.csv,/home/sallumc/Documents/Omega/02-repos/00-anatomia-do-gasto/data/raw/_shared/fns/repasses_faf_com_populacao/2017/REPASSE-FAF-COM-POPULACAO-2017.csv,MÉDIA E ALTA COMPLEXIDADE AMBULATORIAL E HOSPITALAR,LIMITE FINANCEIRO DA MÉDIA E ALTA COMPLEXIDADE AMBUL. E HOSPITAR - MAC,TETO ESTADUAL REDE BRASIL SEM MISERIA (BSOR-SM),SP,SAO PAULO,355030,12396372,2021,13851748000140,FUNDO ESTADUAL DE SAUDE - FUNDES,001,01897X,000000087629,ESTADUAL,S,S,N,8/12/2017,"228110,57","228110,57","17184860,88",31/12/2017
2017,https://portalfns.saude.gov.br/wp-content/uploads/2021/12/REPASSE-FAF-COM-POPULACAO-2017.csv,https://portalfns.saude.gov.br/wp-content/uploads/2021/12/REPASSE-FAF-COM-POPULACAO-2017.csv,/home/sallumc/Documents/Omega/02-repos/00-anatomia-do-gasto/data/raw/_shared/fns/repasses_faf_com_populacao/2017/REPASSE-FAF-COM-POPULACAO-2017.csv,MÉDIA E ALTA COMPLEXIDADE AMBULATORIAL E HOSPITALAR,LIMITE FINANCEIRO DA MÉDIA E ALTA COMPLEXIDADE AMBUL. E HOSPITAR - MAC,TETO ESTADUAL REDE CEGONHA (RCE-RCEG),SP,SAO PAULO,355030,12396372,2021,13851748000140,FUNDO ESTADUAL DE SAUDE - FUNDES,001,01897X,000000087629,ESTADUAL,S,S,N,8/12/2017,"104852002,52","104852002,52","17184860,88",31/12/2017
2017,https://portalfns.saude.gov.br/wp-content/uploads/2021/12/REPASSE-FAF-COM-POPULACAO-2017.csv,https://portalfns.saude.gov.br/wp-content/uploads/2021/12/REPASSE-FAF-COM-POPULACAO-2017.csv,/home/sallumc/Documents/Omega/02-repos/00-anatomia-do-gasto/data/raw/_shared/fns/repasses_faf_com_populacao/2017/REPASSE-FAF-COM-POPULACAO-2017.csv,MÉDIA E ALTA COMPLEXIDADE AMBULATORIAL E HOSPITALAR,LIMITE FINANCEIRO DA MÉDIA E ALTA COMPLEXIDADE AMBUL. E HOSPITAR - MAC,TETO ESTADUAL REDE DE URGÊNCIA (RAU-HOSP),SP,SAO PAULO,355030,12396372,2021,13851748000140,FUNDO ESTADUAL DE SAUDE - FUNDES,001,01897X,000000087629,ESTADUAL,S,S,N,8/12/2017,"279920058,52","279920058,52","17184860,88",31/12/2017
2017,https://portalfns.saude.gov.br/wp-content/uploads/2021/12/REPASSE-FAF-COM-POPULACAO-2017.csv,https://portalfns.saude.gov.br/wp-content/uploads/2021/12/REPASSE-FAF-COM-POPULACAO-2017.csv,/home/sallumc/Documents/Omega/02-repos/00-anatomia-do-gasto/data/raw/_shared/fns/repasses_faf_com_populacao/2017/REPASSE-FAF-COM-POPULACAO-2017.csv,MÉDIA E ALTA COMPLEXIDADE AMBULATORIAL E HOSPITALAR,LIMITE FINANCEIRO DA MÉDIA E ALTA COMPLEXIDADE AMBUL. E HOSPITAR - MAC,TETO ESTADUAL REDE DE URGÊNCIA (RAU-SOS),SP,SAO PAULO,355030,12396372,2021,13851748000140,FUNDO ESTADUAL DE SAUDE - FUNDES,001,01897X,000000087629,ESTADUAL,S,S,N,8/12/2017,"35677079,88","35677079,88","17184860,88",31/12/2017
2017,https://portalfns.saude.gov.br/wp-content/uploads/2021/12/REPASSE-FAF-COM-POPULACAO-2017.csv,https://portalfns.saude.gov.br/wp-content/uploads/2021/12/REPASSE-FAF-COM-POPULACAO-2017.csv,/home/sallumc/Documents/Omega/02-repos/00-anatomia-do-gasto/data/raw/_shared/fns/repasses_faf_com_populacao/2017/REPASSE-FAF-COM-POPULACAO-2017.csv,MÉDIA E ALTA COMPLEXIDADE AMBULATORIAL E HOSPITALAR,LIMITE FINANCEIRO DA MÉDIA E ALTA COMPLEXIDADE AMBUL. E HOSPITAR - MAC,TETO ESTADUAL REDE PREV DIAG TRAT CANCER COLO DE MAMA (RCA-RCAN),SP,SAO PAULO,355030,12396372,2021,13851748000140,FUNDO ESTADUAL DE SAUDE - FUNDES,001,01897X,000000087629,ESTADUAL,S,S,N,8/12/2017,"23333775,44","23333775,44","17184860,88",31/12/2017
2017,https://portalfns.saude.gov.br/wp-content/uploads/2021/12/REPASSE-FAF-COM-POPULACAO-2017.csv,https://portalfns.saude.gov.br/wp-content/uploads/2021/12/REPASSE-FAF-COM-POPULACAO-2017.csv,/home/sallumc/Documents/Omega/02-repos/00-anatomia-do-gasto/data/raw/_shared/fns/repasses_faf_com_populacao/2017/REPASSE-FAF-COM-POPULACAO-2017.csv,MÉDIA E ALTA COMPLEXIDADE AMBULATORIAL E HOSPITALAR,LIMITE FINANCEIRO DA MÉDIA E ALTA COMPLEXIDADE AMBUL. E HOSPITAR - MAC,TETO ESTADUAL REDE PSICOSSOCIAL (RSM-CRAC),SP,SAO PAULO,355030,12396372,2021,13851748000140,FUNDO ESTADUAL DE SAUDE - FUNDES,001,01897X,000000087629,ESTADUAL,S,S,N,8/12/2017,"364657,15","364657,15","17184860,88",31/12/2017
2017,https://portalfns.saude.gov.br/wp-content/uploads/2021/12/REPASSE-FAF-COM-POPULACAO-2017.csv,https://portalfns.saude.gov.br/wp-content/uploads/2021/12/REPASSE-FAF-COM-POPULACAO-2017.csv,/home/sallumc/Documents/Omega/02-repos/00-anatomia-do-gasto/data/raw/_shared/fns/repasses_faf_com_populacao/2017/REPASSE-FAF-COM-POPULACAO-2017.csv,MÉDIA E ALTA COMPLEXIDADE AMBULATORIAL E HOSPITALAR,LIMITE FINANCEIRO DA MÉDIA E ALTA COMPLEXIDADE AMBUL. E HOSPITAR - MAC,TETO ESTADUAL REDE VIVER SEM LIMITES (RDEF),SP,SAO PAULO,355030,12396372,2021,13851748000140,FUNDO ESTADUAL DE SAUDE - FUNDES,001,01897X,000000087629,ESTADUAL,S,S,N,8/12/2017,"11625862,32","11625862,32","17184860,88",31/12/2017
2017,https://portalfns.saude.gov.br/wp-content/uploads/2021/12/REPASSE-FAF-COM-POPULACAO-2017.csv,https://portalfns.saude.gov.br/wp-content/uploads/2021/12/REPASSE-FAF-COM-POPULACAO-2017.csv,/home/sallumc/Documents/Omega/02-repos/00-anatomia-do-gasto/data/raw/_shared/fns/repasses_faf_com_populacao/2017/REPASSE-FAF-COM-POPULACAO-2017.csv,MÉDIA E ALTA COMPLEXIDADE AMBULATORIAL E HOSPITALAR,LIMITE FINANCEIRO DA MÉDIA E ALTA COMPLEXIDADE AMBUL. E HOSPITAR - MAC,TETO MUNICIPAL DA MÉDIA E ALTA COMPLEXIDADE AMBULATORIAL E HOSPITALAR,SP,SAO PAULO,355030,12396372,2021,13864377000130,FUNDO MUNICIPAL DE SAUDE - FMS,001,01897X,000000087394,MUNICIPAL,N,S,N,27/12/2017,"696758506,98","653791375,25","62489203,88",31/12/2017
2017,https://portalfns.saude.gov.br/wp-content/uploads/2021/12/REPASSE-FAF-COM-POPULACAO-2017.csv,https://portalfns.saude.gov.br/wp-content/uploads/2021/12/REPASSE-FAF-COM-POPULACAO-2017.csv,/home/sallumc/Documents/Omega/02-repos/00-anatomia-do-gasto/data/raw/_shared/fns/repasses_faf_com_populacao/2017/REPASSE-FAF-COM-POPULACAO-2017.csv,MÉDIA E ALTA COMPLEXIDADE AMBULATORIAL E HOSPITALAR,LIMITE FINANCEIRO DA MÉDIA E ALTA COMPLEXIDADE AMBUL. E HOSPITAR - MAC,TETO MUNICIPAL LIMITE CONTROLE DO CANCER - PO 00088585,SP,SAO PAULO,355030,12396372,2021,13864377000130,FUNDO MUNICIPAL DE SAUDE - FMS,001,01897X,000000087394,MUNICIPAL,N,S,N,8/12/2017,"2155901,17","2155901,17","62489203,88",31/12/2017
2017,https://portalfns.saude.gov.br/wp-content/uploads/2021/12/REPASSE-FAF-COM-POPULACAO-2017.csv,https://portalfns.saude.gov.br/wp-content/uploads/2021/12/REPASSE-FAF-COM-POPULACAO-2017.csv,/home/sallumc/Documents/Omega/02-repos/00-anatomia-do-gasto/data/raw/_shared/fns/repasses_faf_com_populacao/2017/REPASSE-FAF-COM-POPULACAO-2017.csv,MÉDIA E ALTA COMPLEXIDADE AMBULATORIAL E HOSPITALAR,LIMITE FINANCEIRO DA MÉDIA E ALTA COMPLEXIDADE AMBUL. E HOSPITAR - MAC,TETO MUNICIPAL LIMITE UPA - PO 00098585,SP,SAO PAULO,355030,12396372,2021,13864377000130,FUNDO MUNICIPAL DE SAUDE - FMS,001,01897X,000000087394,MUNICIPAL,N,S,N,8/12/2017,6000000,6000000,"62489203,88",31/12/2017
2017,https://portalfns.saude.gov.br/wp-content/uploads/2021/12/REPASSE-FAF-COM-POPULACAO-2017.csv,https://portalfns.saude.gov.br/wp-content/uploads/2021/12/REPASSE-FAF-COM-POPULACAO-2017.csv,/home/sallumc/Documents/Omega/02-repos/00-anatomia-do-gasto/data/raw/_shared/fns/repasses_faf_com_populacao/2017/REPASSE-FAF-COM-POPULACAO-2017.csv,MÉDIA E ALTA COMPLEXIDADE AMBULATORIAL E HOSPITALAR,LIMITE FINANCEIRO DA MÉDIA E ALTA COMPLEXIDADE AMBUL. E HOSPITAR - MAC,TETO MUNICIPAL MELHOR EM CASA,SP,SAO PAULO,355030,12396372,2021,13864377000130,FUNDO MUNICIPAL DE SAUDE - FMS,001,01897X,000000087394,MUNICIPAL,N,S,N,8/12/2017,20198000,20198000,"62489203,88",31/12/2017
2017,https://portalfns.saude.gov.br/wp-content/uploads/2021/12/REPASSE-FAF-COM-POPULACAO-2017.csv,https://portalfns.saude.gov.br/wp-content/uploads/2021/12/REPASSE-FAF-COM-POPULACAO-2017.csv,/home/sallumc/Documents/Omega/02-repos/00-anatomia-do-gasto/data/raw/_shared/fns/repasses_faf_com_populacao/2017/REPASSE-FAF-COM-POPULACAO-2017.csv,MÉDIA E ALTA COMPLEXIDADE AMBULATORIAL E HOSPITALAR,LIMITE FINANCEIRO DA MÉDIA E ALTA COMPLEXIDADE AMBUL. E HOSPITAR - MAC,TETO MUNICIPAL REDE BRASIL SEM MISERIA (BSOR-SM),SP,SAO PAULO,355030,12396372,2021,13864377000130,FUNDO MUNICIPAL DE SAUDE - FMS,001,01897X,000000087394,MUNICIPAL,N,S,N,8/12/2017,"2189199,96","2189199,96","62489203,88",31/12/2017
2017,https://portalfns.saude.gov.br/wp-content/uploads/2021/12/REPASSE-FAF-COM-POPULACAO-2017.csv,https://portalfns.saude.gov.br/wp-content/uploads/2021/12/REPASSE-FAF-COM-POPULACAO-2017.csv,/home/sallumc/Documents/Omega/02-repos/00-anatomia-do-gasto/data/raw/_shared/fns/repasses_faf_com_populacao/2017/REPASSE-FAF-COM-POPULACAO-2017.csv,MÉDIA E ALTA COMPLEXIDADE AMBULATORIAL E HOSPITALAR,LIMITE FINANCEIRO DA MÉDIA E ALTA COMPLEXIDADE AMBUL. E HOSPITAR - MAC,TETO MUNICIPAL REDE CEGONHA (RCE-RCEG),SP,SAO PAULO,355030,12396372,2021,13864377000130,FUNDO MUNICIPAL DE SAUDE - FMS,001,01897X,000000087394,MUNICIPAL,N,S,N,8/12/2017,"16221142,5",16142850,"62489203,88",31/12/2017
2017,https://portalfns.saude.gov.br/wp-content/uploads/2021/12/REPASSE-FAF-COM-POPULACAO-2017.csv,https://portalfns.saude.gov.br/wp-content/uploads/2021/12/REPASSE-FAF-COM-POPULACAO-2017.csv,/home/sallumc/Documents/Omega/02-repos/00-anatomia-do-gasto/data/raw/_shared/fns/repasses_faf_com_populacao/2017/REPASSE-FAF-COM-POPULACAO-2017.csv,MÉDIA E ALTA COMPLEXIDADE AMBULATORIAL E HOSPITALAR,LIMITE FINANCEIRO DA MÉDIA E ALTA COMPLEXIDADE AMBUL. E HOSPITAR - MAC,TETO MUNICIPAL REDE DE URGÊNCIA (RAU-HOSP),SP,SAO PAULO,355030,12396372,2021,13864377000130,FUNDO MUNICIPAL DE SAUDE - FMS,001,01897X,000000087394,MUNICIPAL,N,S,N,8/12/2017,"127565857,92","127565857,92","62489203,88",31/12/2017
2017,https://portalfns.saude.gov.br/wp-content/uploads/2021/12/REPASSE-FAF-COM-POPULACAO-2017.csv,https://portalfns.saude.gov.br/wp-content/uploads/2021/12/REPASSE-FAF-COM-POPULACAO-2017.csv,/home/sallumc/Documents/Omega/02-repos/00-anatomia-do-gasto/data/raw/_shared/fns/repasses_faf_com_populacao/2017/REPASSE-FAF-COM-POPULACAO-2017.csv,MÉDIA E ALTA COMPLEXIDADE AMBULATORIAL E HOSPITALAR,LIMITE FINANCEIRO DA MÉDIA E ALTA COMPLEXIDADE AMBUL. E HOSPITAR - MAC,TETO MUNICIPAL REDE PREV DIAG TRAT CANCER COLO DE MAMA (RCA-RCAN),SP,SAO PAULO,355030,12396372,2021,13864377000130,FUNDO MUNICIPAL DE SAUDE - FMS,001,01897X,000000087394,MUNICIPAL,N,S,N,8/12/2017,"1059050,83","1059050,83","62489203,88",31/12/2017
2017,https://portalfns.saude.gov.br/wp-content/uploads/2021/12/REPASSE-FAF-COM-POPULACAO-2017.csv,https://portalfns.saude.gov.br/wp-content/uploads/2021/12/REPASSE-FAF-COM-POPULACAO-2017.csv,/home/sallumc/Documents/Omega/02-repos/00-anatomia-do-gasto/data/raw/_shared/fns/repasses_faf_com_populacao/2017/REPASSE-FAF-COM-POPULACAO-2017.csv,MÉDIA E ALTA COMPLEXIDADE AMBULATORIAL E HOSPITALAR,LIMITE FINANCEIRO DA MÉDIA E ALTA COMPLEXIDADE AMBUL. E HOSPITAR - MAC,TETO MUNICIPAL REDE PSICOSSOCIAL (RSM-CRAC),SP,SAO PAULO,355030,12396372,2021,13864377000130,FUNDO MUNICIPAL DE SAUDE - FMS,001,01897X,000000087394,MUNICIPAL,N,S,N,8/12/2017,8721160,8721160,"62489203,88",31/12/2017
2017,https://portalfns.saude.gov.br/wp-content/uploads/2021/12/REPASSE-FAF-COM-POPULACAO-2017.csv,https://portalfns.saude.gov.br/wp-content/uploads/2021/12/REPASSE-FAF-COM-POPULACAO-2017.csv,/home/sallumc/Documents/Omega/02-repos/00-anatomia-do-gasto/data/raw/_shared/fns/repasses_faf_com_populacao/2017/REPASSE-FAF-COM-POPULACAO-2017.csv,MÉDIA E ALTA COMPLEXIDADE AMBULATORIAL E HOSPITALAR,LIMITE FINANCEIRO DA MÉDIA E ALTA COMPLEXIDADE AMBUL. E HOSPITAR - MAC,TETO MUNICIPAL REDE SAUDE MENTAL (RSME),SP,SAO PAULO,355030,12396372,2021,13864377000130,FUNDO MUNICIPAL DE SAUDE - FMS,001,01897X,000000087394,MUNICIPAL,N,S,N,8/12/2017,"35257020,19","35190847,69","62489203,88",31/12/2017
2017,https://portalfns.saude.gov.br/wp-content/uploads/2021/12/REPASSE-FAF-COM-POPULACAO-2017.csv,https://portalfns.saude.gov.br/wp-content/uploads/2021/12/REPASSE-FAF-COM-POPULACAO-2017.csv,/home/sallumc/Documents/Omega/02-repos/00-anatomia-do-gasto/data/raw/_shared/fns/repasses_faf_com_populacao/2017/REPASSE-FAF-COM-POPULACAO-2017.csv,MÉDIA E ALTA COMPLEXIDADE AMBULATORIAL E HOSPITALAR,LIMITE FINANCEIRO DA MÉDIA E ALTA COMPLEXIDADE AMBUL. E HOSPITAR - MAC,TETO MUNICIPAL REDE VIVER SEM LIMITES (RDEF),SP,SAO PAULO,355030,12396372,2021,13864377000130,FUNDO MUNICIPAL DE SAUDE - FMS,001,01897X,000000087394,MUNICIPAL,N,S,N,8/12/2017,"38211384,6","38211384,6","62489203,88",31/12/2017
2017,https://portalfns.saude.gov.br/wp-content/uploads/2021/12/REPASSE-FAF-COM-POPULACAO-2017.csv,https://portalfns.saude.gov.br/wp-content/uploads/2021/12/REPASSE-FAF-COM-POPULACAO-2017.csv,/home/sallumc/Documents/Omega/02-repos/00-anatomia-do-gasto/data/raw/_shared/fns/repasses_faf_com_populacao/2017/REPASSE-FAF-COM-POPULACAO-2017.csv,VIGILÂNCIA EM SAÚDE,PISO FIXO DE VIGILÂNCIA SANITÁRIA - PFVISA,PISO FIXO DE VIGILÂNCIA SANITÁRIA - PARTE ANVISA (PARCELA),SP,SAO PAULO,355030,12396372,2021,13851748000140,FUNDO ESTADUAL DE SAUDE - FUNDES,001,01897X,000000087645,ESTADUAL,S,S,N,21/12/2017,"5702329,9","5702329,9","31567211,64",31/12/2017
2017,https://portalfns.saude.gov.br/wp-content/uploads/2021/12/REPASSE-FAF-COM-POPULACAO-2017.csv,https://portalfns.saude.gov.br/wp-content/uploads/2021/12/REPASSE-FAF-COM-POPULACAO-2017.csv,/home/sallumc/Documents/Omega/02-repos/00-anatomia-do-gasto/data/raw/_shared/fns/repasses_faf_com_populacao/2017/REPASSE-FAF-COM-POPULACAO-2017.csv,VIGILÂNCIA EM SAÚDE,PISO FIXO DE VIGILÂNCIA SANITÁRIA - PFVISA,PISO FIXO DE VIGILÂNCIA SANITÁRIA - PARTE ANVISA (PARCELA),SP,SAO PAULO,355030,12396372,2021,13864377000130,FUNDO MUNICIPAL DE SAUDE - FMS,001,01897X,000000087386,MUNICIPAL,N,S,N,27/12/2017,"1069814,55","1069814,55","63532892,96",31/12/2017
2017,https://portalfns.saude.gov.br/wp-content/uploads/2021/12/REPASSE-FAF-COM-POPULACAO-2017.csv,https://portalfns.saude.gov.br/wp-content/uploads/2021/12/REPASSE-FAF-COM-POPULACAO-2017.csv,/home/sallumc/Documents/Omega/02-repos/00-anatomia-do-gasto/data/raw/_shared/fns/repasses_faf_com_populacao/2017/REPASSE-FAF-COM-POPULACAO-2017.csv,VIGILÂNCIA EM SAÚDE,PISO FIXO DE VIGILÂNCIA SANITÁRIA - PFVISA,PISO FIXO DE VIGILÂNCIA SANITÁRIA PARTE - FNS (PARCELA),SP,SAO PAULO,355030,12396372,2021,13851748000140,FUNDO ESTADUAL DE SAUDE - FUNDES,001,01897X,000000087645,ESTADUAL,S,S,N,22/12/2017,"12306167,28","12306167,28","31567211,64",31/12/2017
2017,https://portalfns.saude.gov.br/wp-content/uploads/2021/12/REPASSE-FAF-COM-POPULACAO-2017.csv,https://portalfns.saude.gov.br/wp-content/uploads/2021/12/REPASSE-FAF-COM-POPULACAO-2017.csv,/home/sallumc/Documents/Omega/02-repos/00-anatomia-do-gasto/data/raw/_shared/fns/repasses_faf_com_populacao/2017/REPASSE-FAF-COM-POPULACAO-2017.csv,VIGILÂNCIA EM SAÚDE,PISO FIXO DE VIGILÂNCIA SANITÁRIA - PFVISA,PISO FIXO DE VIGILÂNCIA SANITÁRIA PARTE - FNS (PARCELA),SP,SAO PAULO,355030,12396372,2021,13864377000130,FUNDO MUNICIPAL DE SAUDE - FMS,001,01897X,000000087386,MUNICIPAL,N,S,N,22/12/2017,"5639855,1","5639855,1","63532892,96",31/12/2017
2017,https://portalfns.saude.gov.br/wp-content/uploads/2021/12/REPASSE-FAF-COM-POPULACAO-2017.csv,https://portalfns.saude.gov.br/wp-content/uploads/2021/12/REPASSE-FAF-COM-POPULACAO-2017.csv,/home/sallumc/Documents/Omega/02-repos/00-anatomia-do-gasto/data/raw/_shared/fns/repasses_faf_com_populacao/2017/REPASSE-FAF-COM-POPULACAO-2017.csv,VIGILÂNCIA EM SAÚDE,PISO FIXO DE VIGILÂNCIA SANITÁRIA - PFVISA,REDE NACIONAL DE LABORATÓRIOS DE VIGILÃNCIA SANITÁRIA - FINLACEN (P),SP,SAO PAULO,355030,12396372,2021,13851748000140,FUNDO ESTADUAL DE SAUDE - FUNDES,001,01897X,000000087645,ESTADUAL,S,S,N,21/12/2017,"1554444,5","1554444,5","31567211,64",31/12/2017
2017,https://portalfns.saude.gov.br/wp-content/uploads/2021/12/REPASSE-FAF-COM-POPULACAO-2017.csv,https://portalfns.saude.gov.br/wp-content/uploads/2021/12/REPASSE-FAF-COM-POPULACAO-2017.csv,/home/sallumc/Documents/Omega/02-repos/00-anatomia-do-gasto/data/raw/_shared/fns/repasses_faf_com_populacao/2017/REPASSE-FAF-COM-POPULACAO-2017.csv,VIGILÂNCIA EM SAÚDE,PISO VARIÁVEL DE VIGILÂNCIA SANITÁRIA - PVVISA,APERFEIÇOAMENTO DO SISTEMA ÚNICO DE SAÚDE (SUS),SP,SAO PAULO,355030,12396372,2021,13851748000140,FUNDO ESTADUAL DE SAUDE - FUNDES,001,01897X,000000087645,ESTADUAL,S,S,N,3/03/2017,350000,350000,"31567211,64",31/12/2017
2017,https://portalfns.saude.gov.br/wp-content/uploads/2021/12/REPASSE-FAF-COM-POPULACAO-2017.csv,https://portalfns.saude.gov.br/wp-content/uploads/2021/12/REPASSE-FAF-COM-POPULACAO-2017.csv,/home/sallumc/Documents/Omega/02-repos/00-anatomia-do-gasto/data/raw/_shared/fns/repasses_faf_com_populacao/2017/REPASSE-FAF-COM-POPULACAO-2017.csv,VIGILÂNCIA EM SAÚDE,VIGILANCIA EM SAUDE,ASSISTÊNCIA FINANCEIRA COMPLEMENTAR - ACE - 95 POR CENTO,SP,SAO PAULO,355030,12396372,2021,13864377000130,FUNDO MUNICIPAL DE SAUDE - FMS,001,01897X,000000087386,MUNICIPAL,N,S,N,15/12/2017,"20725399,5","20725399,5","63532892,96",31/12/2017
2017,https://portalfns.saude.gov.br/wp-content/uploads/2021/12/REPASSE-FAF-COM-POPULACAO-2017.csv,https://portalfns.saude.gov.br/wp-content/uploads/2021/12/REPASSE-FAF-COM-POPULACAO-2017.csv,/home/sallumc/Documents/Omega/02-repos/00-anatomia-do-gasto/data/raw/_shared/fns/repasses_faf_com_populacao/2017/REPASSE-FAF-COM-POPULACAO-2017.csv,VIGILÂNCIA EM SAÚDE,VIGILANCIA EM SAUDE,FORTALEC. DE POL. AFETAS À ATUAÇÃO DA ESTRATÉGIA DE ACE - 5 POR CENTO,SP,SAO PAULO,355030,12396372,2021,13864377000130,FUNDO MUNICIPAL DE SAUDE - FMS,001,01897X,000000087386,MUNICIPAL,N,S,N,19/12/2017,"1090810,5","1090810,5","63532892,96",31/12/2017
2017,https://portalfns.saude.gov.br/wp-content/uploads/2021/12/REPASSE-FAF-COM-POPULACAO-2017.csv,https://portalfns.saude.gov.br/wp-content/uploads/2021/12/REPASSE-FAF-COM-POPULACAO-2017.csv,/home/sallumc/Documents/Omega/02-repos/00-anatomia-do-gasto/data/raw/_shared/fns/repasses_faf_com_populacao/2017/REPASSE-FAF-COM-POPULACAO-2017.csv,VIGILÂNCIA EM SAÚDE,VIGILANCIA EM SAUDE,INC. ADIC. ASSISTÊNCIA FINANCEIRA COMPLEMENTAR - ACE - 95 POR CENTO,SP,SAO PAULO,355030,12396372,2021,13864377000130,FUNDO MUNICIPAL DE SAUDE - FMS,001,01897X,000000087386,MUNICIPAL,N,S,N,21/12/2017,"1928526,6","1928526,6","63532892,96",31/12/2017
2017,https://portalfns.saude.gov.br/wp-content/uploads/2021/12/REPASSE-FAF-COM-POPULACAO-2017.csv,https://portalfns.saude.gov.br/wp-content/uploads/2021/12/REPASSE-FAF-COM-POPULACAO-2017.csv,/home/sallumc/Documents/Omega/02-repos/00-anatomia-do-gasto/data/raw/_shared/fns/repasses_faf_com_populacao/2017/REPASSE-FAF-COM-POPULACAO-2017.csv,VIGILÂNCIA EM SAÚDE,VIGILANCIA EM SAUDE,INC. ADIC. FORT. POL. AFETAS À ATUAÇÃO DA ESTRAT DE ACE - 5 POR CENTO,SP,SAO PAULO,355030,12396372,2021,13864377000130,FUNDO MUNICIPAL DE SAUDE - FMS,001,01897X,000000087386,MUNICIPAL,N,S,N,21/12/2017,"101501,4","101501,4","63532892,96",31/12/2017
2017,https://portalfns.saude.gov.br/wp-content/uploads/2021/12/REPASSE-FAF-COM-POPULACAO-2017.csv,https://portalfns.saude.gov.br/wp-content/uploads/2021/12/REPASSE-FAF-COM-POPULACAO-2017.csv,/home/sallumc/Documents/Omega/02-repos/00-anatomia-do-gasto/data/raw/_shared/fns/repasses_faf_com_populacao/2017/REPASSE-FAF-COM-POPULACAO-2017.csv,VIGILÂNCIA EM SAÚDE,VIGILANCIA EM SAUDE,INC.AS AÇÕES DE VIG.PREV  E CONT DAS DST/AIDS E HEPATITE VIRAIS (PVVS),SP,SAO PAULO,355030,12396372,2021,13851748000140,FUNDO ESTADUAL DE SAUDE - FUNDES,001,01897X,000000087645,ESTADUAL,S,S,N,6/12/2017,"6204900,95","6204900,95","31567211,64",31/12/2017
2017,https://portalfns.saude.gov.br/wp-content/uploads/2021/12/REPASSE-FAF-COM-POPULACAO-2017.csv,https://portalfns.saude.gov.br/wp-content/uploads/2021/12/REPASSE-FAF-COM-POPULACAO-2017.csv,/home/sallumc/Documents/Omega/02-repos/00-anatomia-do-gasto/data/raw/_shared/fns/repasses_faf_com_populacao/2017/REPASSE-FAF-COM-POPULACAO-2017.csv,VIGILÂNCIA EM SAÚDE,VIGILANCIA EM SAUDE,INC.AS AÇÕES DE VIG.PREV  E CONT DAS DST/AIDS E HEPATITE VIRAIS (PVVS),SP,SAO PAULO,355030,12396372,2021,13864377000130,FUNDO MUNICIPAL DE SAUDE - FMS,001,01897X,000000087386,MUNICIPAL,N,S,N,7/12/2017,"8022072,27","8022072,27","63532892,96",31/12/2017
2017,https://portalfns.saude.gov.br/wp-content/uploads/2021/12/REPASSE-FAF-COM-POPULACAO-2017.csv,https://portalfns.saude.gov.br/wp-content/uploads/2021/12/REPASSE-FAF-COM-POPULACAO-2017.csv,/home/sallumc/Documents/Omega/02-repos/00-anatomia-do-gasto/data/raw/_shared/fns/repasses_faf_com_populacao/2017/REPASSE-FAF-COM-POPULACAO-2017.csv,VIGILÂNCIA EM SAÚDE,VIGILANCIA EM SAUDE,INCENTIVOS PONTUAIS PARA AÇÕES DE SERVIÇOS DE VIGILÃNCIA EM SAÚDE IPVS,SP,SAO PAULO,355030,12396372,2021,13864377000130,FUNDO MUNICIPAL DE SAUDE - FMS,001,01897X,000000087386,MUNICIPAL,N,S,N,5/10/2017,"5491597,36","5491597,36","63532892,96",31/12/2017
2017,https://portalfns.saude.gov.br/wp-content/uploads/2021/12/REPASSE-FAF-COM-POPULACAO-2017.csv,https://portalfns.saude.gov.br/wp-content/uploads/2021/12/REPASSE-FAF-COM-POPULACAO-2017.csv,/home/sallumc/Documents/Omega/02-repos/00-anatomia-do-gasto/data/raw/_shared/fns/repasses_faf_com_populacao/2017/REPASSE-FAF-COM-POPULACAO-2017.csv,VIGILÂNCIA EM SAÚDE,VIGILANCIA EM SAUDE,INCENTIVOS PONTUAIS PARA AÇÕES DE SERVIÇOS DE VIGILÃNCIA EM SAÚDE IPVS,SP,SAO PAULO,355030,12396372,2021,13851748000140,FUNDO ESTADUAL DE SAUDE - FUNDES,001,01897X,000000087645,ESTADUAL,S,S,N,5/10/2017,"360347,52","360347,52","31567211,64",31/12/2017
2017,https://portalfns.saude.gov.br/wp-content/uploads/2021/12/REPASSE-FAF-COM-POPULACAO-2017.csv,https://portalfns.saude.gov.br/wp-content/uploads/2021/12/REPASSE-FAF-COM-POPULACAO-2017.csv,/home/sallumc/Documents/Omega/02-repos/00-anatomia-do-gasto/data/raw/_shared/fns/repasses_faf_com_populacao/2017/REPASSE-FAF-COM-POPULACAO-2017.csv,VIGILÂNCIA EM SAÚDE,VIGILANCIA EM SAUDE,INC.PARA IMPLANT.E MANUT.AÇÕES SERV.PUBLIC.ESTRAT.DE VIG.(PVVS),SP,SAO PAULO,355030,12396372,2021,13851748000140,FUNDO ESTADUAL DE SAUDE - FUNDES,001,01897X,000000087645,ESTADUAL,S,S,N,19/12/2017,13195000,13195000,"31567211,64",31/12/2017
2017,https://portalfns.saude.gov.br/wp-content/uploads/2021/12/REPASSE-FAF-COM-POPULACAO-2017.csv,https://portalfns.saude.gov.br/wp-content/uploads/2021/12/REPASSE-FAF-COM-POPULACAO-2017.csv,/home/sallumc/Documents/Omega/02-repos/00-anatomia-do-gasto/data/raw/_shared/fns/repasses_faf_com_populacao/2017/REPASSE-FAF-COM-POPULACAO-2017.csv,VIGILÂNCIA EM SAÚDE,VIGILANCIA EM SAUDE,INC.PARA IMPLANT.E MANUT.AÇÕES SERV.PUBLIC.ESTRAT.DE VIG.(PVVS),SP,SAO PAULO,355030,12396372,2021,13864377000130,FUNDO MUNICIPAL DE SAUDE - FMS,001,01897X,000000087386,MUNICIPAL,N,S,N,19/12/2017,1572000,1572000,"63532892,96",31/12/2017
2017,https://portalfns.saude.gov.br/wp-content/uploads/2021/12/REPASSE-FAF-COM-POPULACAO-2017.csv,https://portalfns.saude.gov.br/wp-content/uploads/2021/12/REPASSE-FAF-COM-POPULACAO-2017.csv,/home/sallumc/Documents/Omega/02-repos/00-anatomia-do-gasto/data/raw/_shared/fns/repasses_faf_com_populacao/2017/REPASSE-FAF-COM-POPULACAO-2017.csv,VIGILÂNCIA EM SAÚDE,VIGILANCIA EM SAUDE,INQUERITO DE VIGILANCIA DE VIOLENCIA E ACIDENTES (VIVA INQUERITO 2017),SP,SAO PAULO,355030,12396372,2021,13864377000130,FUNDO MUNICIPAL DE SAUDE - FMS,001,01897X,000000087386,MUNICIPAL,N,S,N,4/05/2017,59000,59000,"63532892,96",31/12/2017
2017,https://portalfns.saude.gov.br/wp-content/uploads/2021/12/REPASSE-FAF-COM-POPULACAO-2017.csv,https://portalfns.saude.gov.br/wp-content/uploads/2021/12/REPASSE-FAF-COM-POPULACAO-2017.csv,/home/sallumc/Documents/Omega/02-repos/00-anatomia-do-gasto/data/raw/_shared/fns/repasses_faf_com_populacao/2017/REPASSE-FAF-COM-POPULACAO-2017.csv,VIGILÂNCIA EM SAÚDE,VIGILANCIA EM SAUDE,PISO FIXO DE VIGILANCIA EM SAUDE (PFVS) PARCELA,SP,SAO PAULO,355030,12396372,2021,13864377000130,FUNDO MUNICIPAL DE SAUDE - FMS,001,01897X,000000087386,MUNICIPAL,N,S,N,18/12/2017,"17223263,17","17223263,17","63532892,96",31/12/2017
2017,https://portalfns.saude.gov.br/wp-content/uploads/2021/12/REPASSE-FAF-COM-POPULACAO-2017.csv,https://portalfns.saude.gov.br/wp-content/uploads/2021/12/REPASSE-FAF-COM-POPULACAO-2017.csv,/home/sallumc/Documents/Omega/02-repos/00-anatomia-do-gasto/data/raw/_shared/fns/repasses_faf_com_populacao/2017/REPASSE-FAF-COM-POPULACAO-2017.csv,VIGILÂNCIA EM SAÚDE,VIGILANCIA EM SAUDE,PISO FIXO DE VIGILANCIA EM SAUDE (PFVS) PARCELA,SP,SAO PAULO,355030,12396372,2021,13851748000140,FUNDO ESTADUAL DE SAUDE - FUNDES,001,01897X,000000087645,ESTADUAL,S,S,N,18/12/2017,"29768442,7","29768442,7","31567211,64",31/12/2017
2017,https://portalfns.saude.gov.br/wp-content/uploads/2021/12/REPASSE-FAF-COM-POPULACAO-2017.csv,https://portalfns.saude.gov.br/wp-content/uploads/2021/12/REPASSE-FAF-COM-POPULACAO-2017.csv,/home/sallumc/Documents/Omega/02-repos/00-anatomia-do-gasto/data/raw/_shared/fns/repasses_faf_com_populacao/2017/REPASSE-FAF-COM-POPULACAO-2017.csv,VIGILÂNCIA EM SAÚDE,VIGILANCIA EM SAUDE,PROGRAMA DE QUALIFICAÇÃO DAS AÇÕES DE VIGILANCIA EM SAUDE (PVVS),SP,SAO PAULO,355030,12396372,2021,13851748000140,FUNDO ESTADUAL DE SAUDE - FUNDES,001,01897X,000000087645,ESTADUAL,S,S,N,25/08/2017,"3241456,23","3241456,23","31567211,64",31/12/2017
2017,https://portalfns.saude.gov.br/wp-content/uploads/2021/12/REPASSE-FAF-COM-POPULACAO-2017.csv,https://portalfns.saude.gov.br/wp-content/uploads/2021/12/REPASSE-FAF-COM-POPULACAO-2017.csv,/home/sallumc/Documents/Omega/02-repos/00-anatomia-do-gasto/data/raw/_shared/fns/repasses_faf_com_populacao/2017/REPASSE-FAF-COM-POPULACAO-2017.csv,VIGILÂNCIA EM SAÚDE,VIGILANCIA EM SAUDE,PROGRAMA DE QUALIFICAÇÃO DAS AÇÕES DE VIGILANCIA EM SAUDE (PVVS),SP,SAO PAULO,355030,12396372,2021,13864377000130,FUNDO MUNICIPAL DE SAUDE - FMS,001,01897X,000000087386,MUNICIPAL,N,S,N,28/08/2017,"5244300,92","5244300,92","63532892,96",31/12/2017
