ano_coleta,fonte_url_pagina,fonte_url_arquivo,arquivo_origem,BLOCO,GRUPO,ESTRATEGIA,UF,MUNICIPIO,CO_MUNICIPIO_IBGE,QT_POPULACAO,NU_ANO_REFERENCIA_IBGE,CNPJ,ENTIDADE,BANCO,AGENCIA,CONTA,TP_REPASSE,TP_REPASSE_ESTADO,ST_FAF,ST_HU,DT_ULTIMA_LIBERACAO,VL_BRUTO,VL_LIQUIDO,VL_SALDO_CONTA,DT_SALDO_CONTA
2025,https://portalfns.saude.gov.br/wp-content/uploads/2026/01/REPASSE-FAF-COM-POPULACAO-2025.xlsx,https://portalfns.saude.gov.br/wp-content/uploads/2026/01/REPASSE-FAF-COM-POPULACAO-2025.xlsx,data/raw/sao_paulo/fns/repasses_faf_com_populacao/2025/REPASSE-FAF-COM-POPULACAO-2025.xlsx,Manutenção Das Ações E Serviços Públicos De Saúde,ATENÇÃO DE MÉDIA E ALTA COMPLEXIDADE AMBULATORIAL E HOSPITALAR,EMENDA - INCREMENTO TEMPORÁRIO AO CUSTEIO DOS SERVIÇOS DE ASSISTÊNCIA HOSPITALAR E AMBULATORIAL,SP,SAO PAULO,355030,11904961,2025,13851748000140,FUNDO ESTADUAL DE SAUDE - FUNDES,001,01897X,00231894,ESTADUAL,S,S,N,46022,100000,100000,-,-
2025,https://portalfns.saude.gov.br/wp-content/uploads/2026/01/REPASSE-FAF-COM-POPULACAO-2025.xlsx,https://portalfns.saude.gov.br/wp-content/uploads/2026/01/REPASSE-FAF-COM-POPULACAO-2025.xlsx,data/raw/sao_paulo/fns/repasses_faf_com_populacao/2025/REPASSE-FAF-COM-POPULACAO-2025.xlsx,Manutenção Das Ações E Serviços Públicos De Saúde,ATENÇÃO DE MÉDIA E ALTA COMPLEXIDADE AMBULATORIAL E HOSPITALAR,EMENDA - INCREMENTO TEMPORÁRIO AO CUSTEIO DOS SERVIÇOS DE ASSISTÊNCIA HOSPITALAR E AMBULATORIAL,SP,SAO PAULO,355030,11904961,2025,13851748000140,FUNDO ESTADUAL DE SAUDE - FUNDES,001,01897X,00232734,ESTADUAL,S,S,N,46022,910000,910000,-,-
2025,https://portalfns.saude.gov.br/wp-content/uploads/2026/01/REPASSE-FAF-COM-POPULACAO-2025.xlsx,https://portalfns.saude.gov.br/wp-content/uploads/2026/01/REPASSE-FAF-COM-POPULACAO-2025.xlsx,data/raw/sao_paulo/fns/repasses_faf_com_populacao/2025/REPASSE-FAF-COM-POPULACAO-2025.xlsx,Manutenção Das Ações E Serviços Públicos De Saúde,ATENÇÃO DE MÉDIA E ALTA COMPLEXIDADE AMBULATORIAL E HOSPITALAR,EMENDA - INCREMENTO TEMPORÁRIO AO CUSTEIO DOS SERVIÇOS DE ASSISTÊNCIA HOSPITALAR E AMBULATORIAL,SP,SAO PAULO,355030,11904961,2025,13864377000130,FUNDO MUNICIPAL DE SAUDE - FMS,001,01897X,0022958X,MUNICIPAL,N,S,N,46022,100000,100000,-,-
2025,https://portalfns.saude.gov.br/wp-content/uploads/2026/01/REPASSE-FAF-COM-POPULACAO-2025.xlsx,https://portalfns.saude.gov.br/wp-content/uploads/2026/01/REPASSE-FAF-COM-POPULACAO-2025.xlsx,data/raw/sao_paulo/fns/repasses_faf_com_populacao/2025/REPASSE-FAF-COM-POPULACAO-2025.xlsx,Manutenção Das Ações E Serviços Públicos De Saúde,ATENÇÃO DE MÉDIA E ALTA COMPLEXIDADE AMBULATORIAL E HOSPITALAR,EMENDA - INCREMENTO TEMPORÁRIO AO CUSTEIO DOS SERVIÇOS DE ASSISTÊNCIA HOSPITALAR E AMBULATORIAL,SP,SAO PAULO,355030,11904961,2025,13864377000130,FUNDO MUNICIPAL DE SAUDE - FMS,001,01897X,0023169X,MUNICIPAL,N,S,N,46022,616666,616666,-,-
2025,https://portalfns.saude.gov.br/wp-content/uploads/2026/01/REPASSE-FAF-COM-POPULACAO-2025.xlsx,https://portalfns.saude.gov.br/wp-content/uploads/2026/01/REPASSE-FAF-COM-POPULACAO-2025.xlsx,data/raw/sao_paulo/fns/repasses_faf_com_populacao/2025/REPASSE-FAF-COM-POPULACAO-2025.xlsx,Manutenção Das Ações E Serviços Públicos De Saúde,ATENÇÃO DE MÉDIA E ALTA COMPLEXIDADE AMBULATORIAL E HOSPITALAR,EMENDA - INCREMENTO TEMPORÁRIO AO CUSTEIO DOS SERVIÇOS DE ASSISTÊNCIA HOSPITALAR E AMBULATORIAL,SP,SAO PAULO,355030,11904961,2025,13864377000130,FUNDO MUNICIPAL DE SAUDE - FMS,001,01897X,00229555,MUNICIPAL,N,S,N,46022,400000,400000,-,-
2025,https://portalfns.saude.gov.br/wp-content/uploads/2026/01/REPASSE-FAF-COM-POPULACAO-2025.xlsx,https://portalfns.saude.gov.br/wp-content/uploads/2026/01/REPASSE-FAF-COM-POPULACAO-2025.xlsx,data/raw/sao_paulo/fns/repasses_faf_com_populacao/2025/REPASSE-FAF-COM-POPULACAO-2025.xlsx,Manutenção Das Ações E Serviços Públicos De Saúde,ATENÇÃO DE MÉDIA E ALTA COMPLEXIDADE AMBULATORIAL E HOSPITALAR,EMENDA - INCREMENTO TEMPORÁRIO AO CUSTEIO DOS SERVIÇOS DE ASSISTÊNCIA HOSPITALAR E AMBULATORIAL,SP,SAO PAULO,355030,11904961,2025,13864377000130,FUNDO MUNICIPAL DE SAUDE - FMS,001,01897X,00229601,MUNICIPAL,N,S,N,46022,5000000,5000000,-,-
2025,https://portalfns.saude.gov.br/wp-content/uploads/2026/01/REPASSE-FAF-COM-POPULACAO-2025.xlsx,https://portalfns.saude.gov.br/wp-content/uploads/2026/01/REPASSE-FAF-COM-POPULACAO-2025.xlsx,data/raw/sao_paulo/fns/repasses_faf_com_populacao/2025/REPASSE-FAF-COM-POPULACAO-2025.xlsx,Manutenção Das Ações E Serviços Públicos De Saúde,ATENÇÃO DE MÉDIA E ALTA COMPLEXIDADE AMBULATORIAL E HOSPITALAR,EMENDA - INCREMENTO TEMPORÁRIO AO CUSTEIO DOS SERVIÇOS DE ASSISTÊNCIA HOSPITALAR E AMBULATORIAL,SP,SAO PAULO,355030,11904961,2025,13864377000130,FUNDO MUNICIPAL DE SAUDE - FMS,001,01897X,00229628,MUNICIPAL,N,S,N,46022,100000,100000,-,-
2025,https://portalfns.saude.gov.br/wp-content/uploads/2026/01/REPASSE-FAF-COM-POPULACAO-2025.xlsx,https://portalfns.saude.gov.br/wp-content/uploads/2026/01/REPASSE-FAF-COM-POPULACAO-2025.xlsx,data/raw/sao_paulo/fns/repasses_faf_com_populacao/2025/REPASSE-FAF-COM-POPULACAO-2025.xlsx,Manutenção Das Ações E Serviços Públicos De Saúde,ATENÇÃO DE MÉDIA E ALTA COMPLEXIDADE AMBULATORIAL E HOSPITALAR,EMENDA - INCREMENTO TEMPORÁRIO AO CUSTEIO DOS SERVIÇOS DE ASSISTÊNCIA HOSPITALAR E AMBULATORIAL,SP,SAO PAULO,355030,11904961,2025,13864377000130,FUNDO MUNICIPAL DE SAUDE - FMS,001,01897X,00229709,MUNICIPAL,N,S,N,46022,100000,100000,-,-
2025,https://portalfns.saude.gov.br/wp-content/uploads/2026/01/REPASSE-FAF-COM-POPULACAO-2025.xlsx,https://portalfns.saude.gov.br/wp-content/uploads/2026/01/REPASSE-FAF-COM-POPULACAO-2025.xlsx,data/raw/sao_paulo/fns/repasses_faf_com_populacao/2025/REPASSE-FAF-COM-POPULACAO-2025.xlsx,Manutenção Das Ações E Serviços Públicos De Saúde,ATENÇÃO DE MÉDIA E ALTA COMPLEXIDADE AMBULATORIAL E HOSPITALAR,EMENDA - INCREMENTO TEMPORÁRIO AO CUSTEIO DOS SERVIÇOS DE ASSISTÊNCIA HOSPITALAR E AMBULATORIAL,SP,SAO PAULO,355030,11904961,2025,13864377000130,FUNDO MUNICIPAL DE SAUDE - FMS,001,01897X,00230685,MUNICIPAL,N,S,N,46022,250000,250000,-,-
2025,https://portalfns.saude.gov.br/wp-content/uploads/2026/01/REPASSE-FAF-COM-POPULACAO-2025.xlsx,https://portalfns.saude.gov.br/wp-content/uploads/2026/01/REPASSE-FAF-COM-POPULACAO-2025.xlsx,data/raw/sao_paulo/fns/repasses_faf_com_populacao/2025/REPASSE-FAF-COM-POPULACAO-2025.xlsx,Manutenção Das Ações E Serviços Públicos De Saúde,ATENÇÃO DE MÉDIA E ALTA COMPLEXIDADE AMBULATORIAL E HOSPITALAR,EMENDA - INCREMENTO TEMPORÁRIO AO CUSTEIO DOS SERVIÇOS DE ASSISTÊNCIA HOSPITALAR E AMBULATORIAL,SP,SAO PAULO,355030,11904961,2025,13864377000130,FUNDO MUNICIPAL DE SAUDE - FMS,001,01897X,00231614,MUNICIPAL,N,S,N,46022,500000,500000,-,-
2025,https://portalfns.saude.gov.br/wp-content/uploads/2026/01/REPASSE-FAF-COM-POPULACAO-2025.xlsx,https://portalfns.saude.gov.br/wp-content/uploads/2026/01/REPASSE-FAF-COM-POPULACAO-2025.xlsx,data/raw/sao_paulo/fns/repasses_faf_com_populacao/2025/REPASSE-FAF-COM-POPULACAO-2025.xlsx,Manutenção Das Ações E Serviços Públicos De Saúde,ATENÇÃO DE MÉDIA E ALTA COMPLEXIDADE AMBULATORIAL E HOSPITALAR,EMENDA - INCREMENTO TEMPORÁRIO AO CUSTEIO DOS SERVIÇOS DE ASSISTÊNCIA HOSPITALAR E AMBULATORIAL,SP,SAO PAULO,355030,11904961,2025,13864377000130,FUNDO MUNICIPAL DE SAUDE - FMS,001,01897X,00231770,MUNICIPAL,N,S,N,46022,2800000,2800000,-,-
2025,https://portalfns.saude.gov.br/wp-content/uploads/2026/01/REPASSE-FAF-COM-POPULACAO-2025.xlsx,https://portalfns.saude.gov.br/wp-content/uploads/2026/01/REPASSE-FAF-COM-POPULACAO-2025.xlsx,data/raw/sao_paulo/fns/repasses_faf_com_populacao/2025/REPASSE-FAF-COM-POPULACAO-2025.xlsx,Manutenção Das Ações E Serviços Públicos De Saúde,ATENÇÃO DE MÉDIA E ALTA COMPLEXIDADE AMBULATORIAL E HOSPITALAR,EMENDA - INCREMENTO TEMPORÁRIO AO CUSTEIO DOS SERVIÇOS DE ASSISTÊNCIA HOSPITALAR E AMBULATORIAL,SP,SAO PAULO,355030,11904961,2025,13864377000130,FUNDO MUNICIPAL DE SAUDE - FMS,001,01897X,00231789,MUNICIPAL,N,S,N,46022,616666,616666,-,-
2025,https://portalfns.saude.gov.br/wp-content/uploads/2026/01/REPASSE-FAF-COM-POPULACAO-2025.xlsx,https://portalfns.saude.gov.br/wp-content/uploads/2026/01/REPASSE-FAF-COM-POPULACAO-2025.xlsx,data/raw/sao_paulo/fns/repasses_faf_com_populacao/2025/REPASSE-FAF-COM-POPULACAO-2025.xlsx,Manutenção Das Ações E Serviços Públicos De Saúde,ATENÇÃO DE MÉDIA E ALTA COMPLEXIDADE AMBULATORIAL E HOSPITALAR,EMENDA - INCREMENTO TEMPORÁRIO AO CUSTEIO DOS SERVIÇOS DE ASSISTÊNCIA HOSPITALAR E AMBULATORIAL,SP,SAO PAULO,355030,11904961,2025,13864377000130,FUNDO MUNICIPAL DE SAUDE - FMS,001,01897X,00231932,MUNICIPAL,N,S,N,46022,300000,300000,-,-
2025,https://portalfns.saude.gov.br/wp-content/uploads/2026/01/REPASSE-FAF-COM-POPULACAO-2025.xlsx,https://portalfns.saude.gov.br/wp-content/uploads/2026/01/REPASSE-FAF-COM-POPULACAO-2025.xlsx,data/raw/sao_paulo/fns/repasses_faf_com_populacao/2025/REPASSE-FAF-COM-POPULACAO-2025.xlsx,Manutenção Das Ações E Serviços Públicos De Saúde,ATENÇÃO DE MÉDIA E ALTA COMPLEXIDADE AMBULATORIAL E HOSPITALAR,EMENDA - INCREMENTO TEMPORÁRIO AO CUSTEIO DOS SERVIÇOS DE ASSISTÊNCIA HOSPITALAR E AMBULATORIAL,SP,SAO PAULO,355030,11904961,2025,13864377000130,FUNDO MUNICIPAL DE SAUDE - FMS,001,01897X,00231940,MUNICIPAL,N,S,N,46022,403000,403000,-,-
2025,https://portalfns.saude.gov.br/wp-content/uploads/2026/01/REPASSE-FAF-COM-POPULACAO-2025.xlsx,https://portalfns.saude.gov.br/wp-content/uploads/2026/01/REPASSE-FAF-COM-POPULACAO-2025.xlsx,data/raw/sao_paulo/fns/repasses_faf_com_populacao/2025/REPASSE-FAF-COM-POPULACAO-2025.xlsx,Manutenção Das Ações E Serviços Públicos De Saúde,ATENÇÃO DE MÉDIA E ALTA COMPLEXIDADE AMBULATORIAL E HOSPITALAR,EMENDA - INCREMENTO TEMPORÁRIO AO CUSTEIO DOS SERVIÇOS DE ASSISTÊNCIA HOSPITALAR E AMBULATORIAL,SP,SAO PAULO,355030,11904961,2025,13864377000130,FUNDO MUNICIPAL DE SAUDE - FMS,001,01897X,00231959,MUNICIPAL,N,S,N,46022,100000,100000,-,-
2025,https://portalfns.saude.gov.br/wp-content/uploads/2026/01/REPASSE-FAF-COM-POPULACAO-2025.xlsx,https://portalfns.saude.gov.br/wp-content/uploads/2026/01/REPASSE-FAF-COM-POPULACAO-2025.xlsx,data/raw/sao_paulo/fns/repasses_faf_com_populacao/2025/REPASSE-FAF-COM-POPULACAO-2025.xlsx,Manutenção Das Ações E Serviços Públicos De Saúde,ATENÇÃO DE MÉDIA E ALTA COMPLEXIDADE AMBULATORIAL E HOSPITALAR,EMENDA - INCREMENTO TEMPORÁRIO AO CUSTEIO DOS SERVIÇOS DE ASSISTÊNCIA HOSPITALAR E AMBULATORIAL,SP,SAO PAULO,355030,11904961,2025,13864377000130,FUNDO MUNICIPAL DE SAUDE - FMS,001,01897X,00232025,MUNICIPAL,N,S,N,46022,500000,500000,-,-
2025,https://portalfns.saude.gov.br/wp-content/uploads/2026/01/REPASSE-FAF-COM-POPULACAO-2025.xlsx,https://portalfns.saude.gov.br/wp-content/uploads/2026/01/REPASSE-FAF-COM-POPULACAO-2025.xlsx,data/raw/sao_paulo/fns/repasses_faf_com_populacao/2025/REPASSE-FAF-COM-POPULACAO-2025.xlsx,Manutenção Das Ações E Serviços Públicos De Saúde,ATENÇÃO DE MÉDIA E ALTA COMPLEXIDADE AMBULATORIAL E HOSPITALAR,EMENDA - INCREMENTO TEMPORÁRIO AO CUSTEIO DOS SERVIÇOS DE ASSISTÊNCIA HOSPITALAR E AMBULATORIAL,SP,SAO PAULO,355030,11904961,2025,13864377000130,FUNDO MUNICIPAL DE SAUDE - FMS,001,01897X,00232033,MUNICIPAL,N,S,N,46022,1000933,1000933,-,-
2025,https://portalfns.saude.gov.br/wp-content/uploads/2026/01/REPASSE-FAF-COM-POPULACAO-2025.xlsx,https://portalfns.saude.gov.br/wp-content/uploads/2026/01/REPASSE-FAF-COM-POPULACAO-2025.xlsx,data/raw/sao_paulo/fns/repasses_faf_com_populacao/2025/REPASSE-FAF-COM-POPULACAO-2025.xlsx,Manutenção Das Ações E Serviços Públicos De Saúde,ATENÇÃO DE MÉDIA E ALTA COMPLEXIDADE AMBULATORIAL E HOSPITALAR,EMENDA - INCREMENTO TEMPORÁRIO AO CUSTEIO DOS SERVIÇOS DE ASSISTÊNCIA HOSPITALAR E AMBULATORIAL,SP,SAO PAULO,355030,11904961,2025,13864377000130,FUNDO MUNICIPAL DE SAUDE - FMS,001,01897X,00232041,MUNICIPAL,N,S,N,46022,1000000,1000000,-,-
2025,https://portalfns.saude.gov.br/wp-content/uploads/2026/01/REPASSE-FAF-COM-POPULACAO-2025.xlsx,https://portalfns.saude.gov.br/wp-content/uploads/2026/01/REPASSE-FAF-COM-POPULACAO-2025.xlsx,data/raw/sao_paulo/fns/repasses_faf_com_populacao/2025/REPASSE-FAF-COM-POPULACAO-2025.xlsx,Manutenção Das Ações E Serviços Públicos De Saúde,ATENÇÃO DE MÉDIA E ALTA COMPLEXIDADE AMBULATORIAL E HOSPITALAR,EMENDA - INCREMENTO TEMPORÁRIO AO CUSTEIO DOS SERVIÇOS DE ASSISTÊNCIA HOSPITALAR E AMBULATORIAL,SP,SAO PAULO,355030,11904961,2025,13864377000130,FUNDO MUNICIPAL DE SAUDE - FMS,001,01897X,00232645,MUNICIPAL,N,S,N,46022,366668,366668,-,-
2025,https://portalfns.saude.gov.br/wp-content/uploads/2026/01/REPASSE-FAF-COM-POPULACAO-2025.xlsx,https://portalfns.saude.gov.br/wp-content/uploads/2026/01/REPASSE-FAF-COM-POPULACAO-2025.xlsx,data/raw/sao_paulo/fns/repasses_faf_com_populacao/2025/REPASSE-FAF-COM-POPULACAO-2025.xlsx,Estruturação Da Rede De Serviços Públicos De Saúde,ATENÇÃO ESPECIALIZADA,EMENDA - ESTRUTURAÇÃO DE UNIDADES DE ATENÇÃO ESPECIALIZADA EM SAÚDE,SP,SAO PAULO,355030,11904961,2025,13864377000130,FUNDO MUNICIPAL DE SAUDE - FMS,001,01897X,00232610,MUNICIPAL,N,S,N,46022,128837,128837,-,-
2025,https://portalfns.saude.gov.br/wp-content/uploads/2026/01/REPASSE-FAF-COM-POPULACAO-2025.xlsx,https://portalfns.saude.gov.br/wp-content/uploads/2026/01/REPASSE-FAF-COM-POPULACAO-2025.xlsx,data/raw/sao_paulo/fns/repasses_faf_com_populacao/2025/REPASSE-FAF-COM-POPULACAO-2025.xlsx,Estruturação Da Rede De Serviços Públicos De Saúde,ATENÇÃO PRIMÁRIA,EMENDA - ESTRUTURAÇÃO DA REDE DE SERVIÇOS DE ATENÇÃO PRIMÁRIA DE SAÚDE,SP,SAO PAULO,355030,11904961,2025,13864377000130,FUNDO MUNICIPAL DE SAUDE - FMS,001,01897X,00232815,MUNICIPAL,N,S,N,46022,101392,101392,-,-
2025,https://portalfns.saude.gov.br/wp-content/uploads/2026/01/REPASSE-FAF-COM-POPULACAO-2025.xlsx,https://portalfns.saude.gov.br/wp-content/uploads/2026/01/REPASSE-FAF-COM-POPULACAO-2025.xlsx,data/raw/sao_paulo/fns/repasses_faf_com_populacao/2025/REPASSE-FAF-COM-POPULACAO-2025.xlsx,Estruturação Da Rede De Serviços Públicos De Saúde,ATENÇÃO PRIMÁRIA,EMENDA - ESTRUTURAÇÃO DA REDE DE SERVIÇOS DE ATENÇÃO PRIMÁRIA DE SAÚDE,SP,SAO PAULO,355030,11904961,2025,13864377000130,FUNDO MUNICIPAL DE SAUDE - FMS,001,01897X,00232823,MUNICIPAL,N,S,N,46022,612749,612749,-,-
2025,https://portalfns.saude.gov.br/wp-content/uploads/2026/01/REPASSE-FAF-COM-POPULACAO-2025.xlsx,https://portalfns.saude.gov.br/wp-content/uploads/2026/01/REPASSE-FAF-COM-POPULACAO-2025.xlsx,data/raw/sao_paulo/fns/repasses_faf_com_populacao/2025/REPASSE-FAF-COM-POPULACAO-2025.xlsx,Manutenção Das Ações E Serviços Públicos De Saúde,VIGILÂNCIA EM SAÚDE,"INCENTIVO FINANCEIRO AOS ESTADOS, DISTRITO FEDERAL E MUNICÍPIOS EXECUÇÃO AÇÕES VIGILÂNCIA SANITÁRIA",SP,SAO PAULO,355030,11904961,2025,13864377000130,FUNDO MUNICIPAL DE SAUDE - FMS,001,01897X,000000190470,MUNICIPAL,N,S,N,46022,6873902,6873902,536005569.63999999,45991
2025,https://portalfns.saude.gov.br/wp-content/uploads/2026/01/REPASSE-FAF-COM-POPULACAO-2025.xlsx,https://portalfns.saude.gov.br/wp-content/uploads/2026/01/REPASSE-FAF-COM-POPULACAO-2025.xlsx,data/raw/sao_paulo/fns/repasses_faf_com_populacao/2025/REPASSE-FAF-COM-POPULACAO-2025.xlsx,Manutenção Das Ações E Serviços Públicos De Saúde,VIGILÂNCIA EM SAÚDE,"INCENTIVO FINANCEIRO AOS ESTADOS, DISTRITO FEDERAL E MUNICÍPIOS PARA A VIGILÂNCIA EM SAÚDE - DESPESAS DIVERSAS",SP,SAO PAULO,355030,11904961,2025,13851748000140,FUNDO ESTADUAL DE SAUDE - FUNDES,001,01897X,000000190462,ESTADUAL,S,S,N,46022,52915615.390000008,52915615.390000008,4232584388.9099998,45991
2025,https://portalfns.saude.gov.br/wp-content/uploads/2026/01/REPASSE-FAF-COM-POPULACAO-2025.xlsx,https://portalfns.saude.gov.br/wp-content/uploads/2026/01/REPASSE-FAF-COM-POPULACAO-2025.xlsx,data/raw/sao_paulo/fns/repasses_faf_com_populacao/2025/REPASSE-FAF-COM-POPULACAO-2025.xlsx,Manutenção Das Ações E Serviços Públicos De Saúde,VIGILÂNCIA EM SAÚDE,"INCENTIVO FINANCEIRO AOS ESTADOS, DISTRITO FEDERAL E MUNICÍPIOS PARA A VIGILÂNCIA EM SAÚDE - DESPESAS DIVERSAS",SP,SAO PAULO,355030,11904961,2025,13864377000130,FUNDO MUNICIPAL DE SAUDE - FMS,001,01897X,000000190470,MUNICIPAL,N,S,N,46022,43644981.5,43644981.5,536005569.63999999,45991
2025,https://portalfns.saude.gov.br/wp-content/uploads/2026/01/REPASSE-FAF-COM-POPULACAO-2025.xlsx,https://portalfns.saude.gov.br/wp-content/uploads/2026/01/REPASSE-FAF-COM-POPULACAO-2025.xlsx,data/raw/sao_paulo/fns/repasses_faf_com_populacao/2025/REPASSE-FAF-COM-POPULACAO-2025.xlsx,Manutenção Das Ações E Serviços Públicos De Saúde,ATENÇÃO DE MÉDIA E ALTA COMPLEXIDADE AMBULATORIAL E HOSPITALAR,ATENÇÃO À SAÚDE DA POPULAÇÃO PARA PROCEDIMENTOS NO MAC,SP,SAO PAULO,355030,11904961,2025,13851748000140,FUNDO ESTADUAL DE SAUDE - FUNDES,001,01897X,000000190462,ESTADUAL,S,S,N,46021,5045489136.6100006,4877420797.1499996,4232584388.9099998,45991
2025,https://portalfns.saude.gov.br/wp-content/uploads/2026/01/REPASSE-FAF-COM-POPULACAO-2025.xlsx,https://portalfns.saude.gov.br/wp-content/uploads/2026/01/REPASSE-FAF-COM-POPULACAO-2025.xlsx,data/raw/sao_paulo/fns/repasses_faf_com_populacao/2025/REPASSE-FAF-COM-POPULACAO-2025.xlsx,Manutenção Das Ações E Serviços Públicos De Saúde,ATENÇÃO DE MÉDIA E ALTA COMPLEXIDADE AMBULATORIAL E HOSPITALAR,FAEC - ALTA COMPLEXIDADE EM CARDIOLOGIA,SP,SAO PAULO,355030,11904961,2025,13851748000140,FUNDO ESTADUAL DE SAUDE - FUNDES,001,01897X,000000190462,ESTADUAL,S,S,N,46021,210935490.38,210935490.38,4232584388.9099998,45991
2025,https://portalfns.saude.gov.br/wp-content/uploads/2026/01/REPASSE-FAF-COM-POPULACAO-2025.xlsx,https://portalfns.saude.gov.br/wp-content/uploads/2026/01/REPASSE-FAF-COM-POPULACAO-2025.xlsx,data/raw/sao_paulo/fns/repasses_faf_com_populacao/2025/REPASSE-FAF-COM-POPULACAO-2025.xlsx,Manutenção Das Ações E Serviços Públicos De Saúde,ATENÇÃO DE MÉDIA E ALTA COMPLEXIDADE AMBULATORIAL E HOSPITALAR,FAEC - ALTA COMPLEXIDADE EM CARDIOLOGIA,SP,SAO PAULO,355030,11904961,2025,13864377000130,FUNDO MUNICIPAL DE SAUDE - FMS,001,01897X,000000190470,MUNICIPAL,N,S,N,46021,14018602.16,14018602.16,536005569.63999999,45991
2025,https://portalfns.saude.gov.br/wp-content/uploads/2026/01/REPASSE-FAF-COM-POPULACAO-2025.xlsx,https://portalfns.saude.gov.br/wp-content/uploads/2026/01/REPASSE-FAF-COM-POPULACAO-2025.xlsx,data/raw/sao_paulo/fns/repasses_faf_com_populacao/2025/REPASSE-FAF-COM-POPULACAO-2025.xlsx,Manutenção Das Ações E Serviços Públicos De Saúde,ATENÇÃO DE MÉDIA E ALTA COMPLEXIDADE AMBULATORIAL E HOSPITALAR,FAEC - ATENÇÃO ESPECIALIZADA EM SAÚDE AUDITIVA,SP,SAO PAULO,355030,11904961,2025,13851748000140,FUNDO ESTADUAL DE SAUDE - FUNDES,001,01897X,000000190462,ESTADUAL,S,S,N,46021,30092200.910000011,30092200.910000011,4232584388.9099998,45991
2025,https://portalfns.saude.gov.br/wp-content/uploads/2026/01/REPASSE-FAF-COM-POPULACAO-2025.xlsx,https://portalfns.saude.gov.br/wp-content/uploads/2026/01/REPASSE-FAF-COM-POPULACAO-2025.xlsx,data/raw/sao_paulo/fns/repasses_faf_com_populacao/2025/REPASSE-FAF-COM-POPULACAO-2025.xlsx,Manutenção Das Ações E Serviços Públicos De Saúde,ATENÇÃO DE MÉDIA E ALTA COMPLEXIDADE AMBULATORIAL E HOSPITALAR,FAEC - CADEIRAS DE RODAS,SP,SAO PAULO,355030,11904961,2025,13851748000140,FUNDO ESTADUAL DE SAUDE - FUNDES,001,01897X,000000190462,ESTADUAL,S,S,N,46021,5119184.29,5119184.29,4232584388.9099998,45991
2025,https://portalfns.saude.gov.br/wp-content/uploads/2026/01/REPASSE-FAF-COM-POPULACAO-2025.xlsx,https://portalfns.saude.gov.br/wp-content/uploads/2026/01/REPASSE-FAF-COM-POPULACAO-2025.xlsx,data/raw/sao_paulo/fns/repasses_faf_com_populacao/2025/REPASSE-FAF-COM-POPULACAO-2025.xlsx,Manutenção Das Ações E Serviços Públicos De Saúde,ATENÇÃO DE MÉDIA E ALTA COMPLEXIDADE AMBULATORIAL E HOSPITALAR,FAEC - CADEIRAS DE RODAS,SP,SAO PAULO,355030,11904961,2025,13864377000130,FUNDO MUNICIPAL DE SAUDE - FMS,001,01897X,000000190470,MUNICIPAL,N,S,N,46021,4772462.6900000004,4772462.6900000004,536005569.63999999,45991
2025,https://portalfns.saude.gov.br/wp-content/uploads/2026/01/REPASSE-FAF-COM-POPULACAO-2025.xlsx,https://portalfns.saude.gov.br/wp-content/uploads/2026/01/REPASSE-FAF-COM-POPULACAO-2025.xlsx,data/raw/sao_paulo/fns/repasses_faf_com_populacao/2025/REPASSE-FAF-COM-POPULACAO-2025.xlsx,Manutenção Das Ações E Serviços Públicos De Saúde,ATENÇÃO DE MÉDIA E ALTA COMPLEXIDADE AMBULATORIAL E HOSPITALAR,FAEC - CENTRAL NACIONAL DE REGULAÇÃO DE ALTA COMPLEXIDADE,SP,SAO PAULO,355030,11904961,2025,13851748000140,FUNDO ESTADUAL DE SAUDE - FUNDES,001,01897X,000000190462,ESTADUAL,S,S,N,46021,3777046.09,3777046.09,4232584388.9099998,45991
2025,https://portalfns.saude.gov.br/wp-content/uploads/2026/01/REPASSE-FAF-COM-POPULACAO-2025.xlsx,https://portalfns.saude.gov.br/wp-content/uploads/2026/01/REPASSE-FAF-COM-POPULACAO-2025.xlsx,data/raw/sao_paulo/fns/repasses_faf_com_populacao/2025/REPASSE-FAF-COM-POPULACAO-2025.xlsx,Manutenção Das Ações E Serviços Públicos De Saúde,ATENÇÃO DE MÉDIA E ALTA COMPLEXIDADE AMBULATORIAL E HOSPITALAR,FAEC - CIRURGIA BARIATRICA,SP,SAO PAULO,355030,11904961,2025,13851748000140,FUNDO ESTADUAL DE SAUDE - FUNDES,001,01897X,000000190462,ESTADUAL,S,S,N,46021,26378527.890000001,26378527.890000001,4232584388.9099998,45991
2025,https://portalfns.saude.gov.br/wp-content/uploads/2026/01/REPASSE-FAF-COM-POPULACAO-2025.xlsx,https://portalfns.saude.gov.br/wp-content/uploads/2026/01/REPASSE-FAF-COM-POPULACAO-2025.xlsx,data/raw/sao_paulo/fns/repasses_faf_com_populacao/2025/REPASSE-FAF-COM-POPULACAO-2025.xlsx,Manutenção Das Ações E Serviços Públicos De Saúde,ATENÇÃO DE MÉDIA E ALTA COMPLEXIDADE AMBULATORIAL E HOSPITALAR,FAEC - CIRURGIA BARIATRICA,SP,SAO PAULO,355030,11904961,2025,13864377000130,FUNDO MUNICIPAL DE SAUDE - FMS,001,01897X,000000190470,MUNICIPAL,N,S,N,46021,913357.42,913357.42,536005569.63999999,45991
2025,https://portalfns.saude.gov.br/wp-content/uploads/2026/01/REPASSE-FAF-COM-POPULACAO-2025.xlsx,https://portalfns.saude.gov.br/wp-content/uploads/2026/01/REPASSE-FAF-COM-POPULACAO-2025.xlsx,data/raw/sao_paulo/fns/repasses_faf_com_populacao/2025/REPASSE-FAF-COM-POPULACAO-2025.xlsx,Manutenção Das Ações E Serviços Públicos De Saúde,ATENÇÃO DE MÉDIA E ALTA COMPLEXIDADE AMBULATORIAL E HOSPITALAR,FAEC - CIRURGIA CARDÍACA PEDIÁTRICA,SP,SAO PAULO,355030,11904961,2025,13851748000140,FUNDO ESTADUAL DE SAUDE - FUNDES,001,01897X,000000190462,ESTADUAL,S,S,N,46021,44003660.429999992,44003660.429999992,4232584388.9099998,45991
2025,https://portalfns.saude.gov.br/wp-content/uploads/2026/01/REPASSE-FAF-COM-POPULACAO-2025.xlsx,https://portalfns.saude.gov.br/wp-content/uploads/2026/01/REPASSE-FAF-COM-POPULACAO-2025.xlsx,data/raw/sao_paulo/fns/repasses_faf_com_populacao/2025/REPASSE-FAF-COM-POPULACAO-2025.xlsx,Manutenção Das Ações E Serviços Públicos De Saúde,ATENÇÃO DE MÉDIA E ALTA COMPLEXIDADE AMBULATORIAL E HOSPITALAR,FAEC - DIAGNÓSTICO DE TROMBOFILIA EM GESTANTE,SP,SAO PAULO,355030,11904961,2025,13851748000140,FUNDO ESTADUAL DE SAUDE - FUNDES,001,01897X,000000190462,ESTADUAL,S,S,N,46021,592122.5,592122.5,4232584388.9099998,45991
2025,https://portalfns.saude.gov.br/wp-content/uploads/2026/01/REPASSE-FAF-COM-POPULACAO-2025.xlsx,https://portalfns.saude.gov.br/wp-content/uploads/2026/01/REPASSE-FAF-COM-POPULACAO-2025.xlsx,data/raw/sao_paulo/fns/repasses_faf_com_populacao/2025/REPASSE-FAF-COM-POPULACAO-2025.xlsx,Manutenção Das Ações E Serviços Públicos De Saúde,ATENÇÃO DE MÉDIA E ALTA COMPLEXIDADE AMBULATORIAL E HOSPITALAR,FAEC - DIAGNÓSTICO DE TROMBOFILIA EM GESTANTE,SP,SAO PAULO,355030,11904961,2025,13864377000130,FUNDO MUNICIPAL DE SAUDE - FMS,001,01897X,000000190470,MUNICIPAL,N,S,N,46021,81635,81635,536005569.63999999,45991
2025,https://portalfns.saude.gov.br/wp-content/uploads/2026/01/REPASSE-FAF-COM-POPULACAO-2025.xlsx,https://portalfns.saude.gov.br/wp-content/uploads/2026/01/REPASSE-FAF-COM-POPULACAO-2025.xlsx,data/raw/sao_paulo/fns/repasses_faf_com_populacao/2025/REPASSE-FAF-COM-POPULACAO-2025.xlsx,Manutenção Das Ações E Serviços Públicos De Saúde,ATENÇÃO DE MÉDIA E ALTA COMPLEXIDADE AMBULATORIAL E HOSPITALAR,FAEC - DIAGNÓSTICO/TRATAMENTO EM ONCOLOGIA,SP,SAO PAULO,355030,11904961,2025,13851748000140,FUNDO ESTADUAL DE SAUDE - FUNDES,001,01897X,000000190462,ESTADUAL,S,S,N,46021,70262745.430000007,70262745.430000007,4232584388.9099998,45991
2025,https://portalfns.saude.gov.br/wp-content/uploads/2026/01/REPASSE-FAF-COM-POPULACAO-2025.xlsx,https://portalfns.saude.gov.br/wp-content/uploads/2026/01/REPASSE-FAF-COM-POPULACAO-2025.xlsx,data/raw/sao_paulo/fns/repasses_faf_com_populacao/2025/REPASSE-FAF-COM-POPULACAO-2025.xlsx,Manutenção Das Ações E Serviços Públicos De Saúde,ATENÇÃO DE MÉDIA E ALTA COMPLEXIDADE AMBULATORIAL E HOSPITALAR,FAEC - DIAGNÓSTICO/TRATAMENTO EM ONCOLOGIA,SP,SAO PAULO,355030,11904961,2025,13864377000130,FUNDO MUNICIPAL DE SAUDE - FMS,001,01897X,000000190470,MUNICIPAL,N,S,N,46021,856729.31,856729.31,536005569.63999999,45991
2025,https://portalfns.saude.gov.br/wp-content/uploads/2026/01/REPASSE-FAF-COM-POPULACAO-2025.xlsx,https://portalfns.saude.gov.br/wp-content/uploads/2026/01/REPASSE-FAF-COM-POPULACAO-2025.xlsx,data/raw/sao_paulo/fns/repasses_faf_com_populacao/2025/REPASSE-FAF-COM-POPULACAO-2025.xlsx,Manutenção Das Ações E Serviços Públicos De Saúde,ATENÇÃO DE MÉDIA E ALTA COMPLEXIDADE AMBULATORIAL E HOSPITALAR,FAEC - DOENÇAS RARAS,SP,SAO PAULO,355030,11904961,2025,13851748000140,FUNDO ESTADUAL DE SAUDE - FUNDES,001,01897X,000000190462,ESTADUAL,S,S,N,46021,7059220,7059220,4232584388.9099998,45991
2025,https://portalfns.saude.gov.br/wp-content/uploads/2026/01/REPASSE-FAF-COM-POPULACAO-2025.xlsx,https://portalfns.saude.gov.br/wp-content/uploads/2026/01/REPASSE-FAF-COM-POPULACAO-2025.xlsx,data/raw/sao_paulo/fns/repasses_faf_com_populacao/2025/REPASSE-FAF-COM-POPULACAO-2025.xlsx,Manutenção Das Ações E Serviços Públicos De Saúde,ATENÇÃO DE MÉDIA E ALTA COMPLEXIDADE AMBULATORIAL E HOSPITALAR,FAEC - EXAMES SOROLÓGICOS E IMUNOLÓGICOS,SP,SAO PAULO,355030,11904961,2025,13851748000140,FUNDO ESTADUAL DE SAUDE - FUNDES,001,01897X,000000190462,ESTADUAL,S,S,N,46021,12190.4,12190.4,4232584388.9099998,45991
2025,https://portalfns.saude.gov.br/wp-content/uploads/2026/01/REPASSE-FAF-COM-POPULACAO-2025.xlsx,https://portalfns.saude.gov.br/wp-content/uploads/2026/01/REPASSE-FAF-COM-POPULACAO-2025.xlsx,data/raw/sao_paulo/fns/repasses_faf_com_populacao/2025/REPASSE-FAF-COM-POPULACAO-2025.xlsx,Manutenção Das Ações E Serviços Públicos De Saúde,ATENÇÃO DE MÉDIA E ALTA COMPLEXIDADE AMBULATORIAL E HOSPITALAR,FAEC - EXAMES SOROLÓGICOS E IMUNOLÓGICOS,SP,SAO PAULO,355030,11904961,2025,13864377000130,FUNDO MUNICIPAL DE SAUDE - FMS,001,01897X,000000190470,MUNICIPAL,N,S,N,46021,344.8,344.8,536005569.63999999,45991
2025,https://portalfns.saude.gov.br/wp-content/uploads/2026/01/REPASSE-FAF-COM-POPULACAO-2025.xlsx,https://portalfns.saude.gov.br/wp-content/uploads/2026/01/REPASSE-FAF-COM-POPULACAO-2025.xlsx,data/raw/sao_paulo/fns/repasses_faf_com_populacao/2025/REPASSE-FAF-COM-POPULACAO-2025.xlsx,Manutenção Das Ações E Serviços Públicos De Saúde,ATENÇÃO DE MÉDIA E ALTA COMPLEXIDADE AMBULATORIAL E HOSPITALAR,FAEC - FISIOTERAPIA CARDIOVASCULAR,SP,SAO PAULO,355030,11904961,2025,13851748000140,FUNDO ESTADUAL DE SAUDE - FUNDES,001,01897X,000000190462,ESTADUAL,S,S,N,46021,14535.15,14535.15,4232584388.9099998,45991
2025,https://portalfns.saude.gov.br/wp-content/uploads/2026/01/REPASSE-FAF-COM-POPULACAO-2025.xlsx,https://portalfns.saude.gov.br/wp-content/uploads/2026/01/REPASSE-FAF-COM-POPULACAO-2025.xlsx,data/raw/sao_paulo/fns/repasses_faf_com_populacao/2025/REPASSE-FAF-COM-POPULACAO-2025.xlsx,Manutenção Das Ações E Serviços Públicos De Saúde,ATENÇÃO DE MÉDIA E ALTA COMPLEXIDADE AMBULATORIAL E HOSPITALAR,FAEC - HEMODINÂMICA EM ATENDIMENTO DE URGÊNCIA,SP,SAO PAULO,355030,11904961,2025,13851748000140,FUNDO ESTADUAL DE SAUDE - FUNDES,001,01897X,000000190462,ESTADUAL,S,S,N,46021,29989340.870000001,29989340.870000001,4232584388.9099998,45991
2025,https://portalfns.saude.gov.br/wp-content/uploads/2026/01/REPASSE-FAF-COM-POPULACAO-2025.xlsx,https://portalfns.saude.gov.br/wp-content/uploads/2026/01/REPASSE-FAF-COM-POPULACAO-2025.xlsx,data/raw/sao_paulo/fns/repasses_faf_com_populacao/2025/REPASSE-FAF-COM-POPULACAO-2025.xlsx,Manutenção Das Ações E Serviços Públicos De Saúde,ATENÇÃO DE MÉDIA E ALTA COMPLEXIDADE AMBULATORIAL E HOSPITALAR,FAEC - NEFROLOGIA,SP,SAO PAULO,355030,11904961,2025,13851748000140,FUNDO ESTADUAL DE SAUDE - FUNDES,001,01897X,000000190462,ESTADUAL,S,S,N,46021,419445759.22000003,419445759.22000003,4232584388.9099998,45991
2025,https://portalfns.saude.gov.br/wp-content/uploads/2026/01/REPASSE-FAF-COM-POPULACAO-2025.xlsx,https://portalfns.saude.gov.br/wp-content/uploads/2026/01/REPASSE-FAF-COM-POPULACAO-2025.xlsx,data/raw/sao_paulo/fns/repasses_faf_com_populacao/2025/REPASSE-FAF-COM-POPULACAO-2025.xlsx,Manutenção Das Ações E Serviços Públicos De Saúde,ATENÇÃO DE MÉDIA E ALTA COMPLEXIDADE AMBULATORIAL E HOSPITALAR,FAEC - NEFROLOGIA,SP,SAO PAULO,355030,11904961,2025,13864377000130,FUNDO MUNICIPAL DE SAUDE - FMS,001,01897X,000000190470,MUNICIPAL,N,S,N,46021,285788644.82000011,285788644.82000011,536005569.63999999,45991
2025,https://portalfns.saude.gov.br/wp-content/uploads/2026/01/REPASSE-FAF-COM-POPULACAO-2025.xlsx,https://portalfns.saude.gov.br/wp-content/uploads/2026/01/REPASSE-FAF-COM-POPULACAO-2025.xlsx,data/raw/sao_paulo/fns/repasses_faf_com_populacao/2025/REPASSE-FAF-COM-POPULACAO-2025.xlsx,Manutenção Das Ações E Serviços Públicos De Saúde,ATENÇÃO DE MÉDIA E ALTA COMPLEXIDADE AMBULATORIAL E HOSPITALAR,FAEC - NEUROCIRURGIAS,SP,SAO PAULO,355030,11904961,2025,13851748000140,FUNDO ESTADUAL DE SAUDE - FUNDES,001,01897X,000000190462,ESTADUAL,S,S,N,46021,12395263.880000001,12395263.880000001,4232584388.9099998,45991
2025,https://portalfns.saude.gov.br/wp-content/uploads/2026/01/REPASSE-FAF-COM-POPULACAO-2025.xlsx,https://portalfns.saude.gov.br/wp-content/uploads/2026/01/REPASSE-FAF-COM-POPULACAO-2025.xlsx,data/raw/sao_paulo/fns/repasses_faf_com_populacao/2025/REPASSE-FAF-COM-POPULACAO-2025.xlsx,Manutenção Das Ações E Serviços Públicos De Saúde,ATENÇÃO DE MÉDIA E ALTA COMPLEXIDADE AMBULATORIAL E HOSPITALAR,FAEC - OPME NÃO RELACIONADOS AO ATO CIRÚRGICO,SP,SAO PAULO,355030,11904961,2025,13851748000140,FUNDO ESTADUAL DE SAUDE - FUNDES,001,01897X,000000190462,ESTADUAL,S,S,N,46021,158128.35999999999,158128.35999999999,4232584388.9099998,45991
2025,https://portalfns.saude.gov.br/wp-content/uploads/2026/01/REPASSE-FAF-COM-POPULACAO-2025.xlsx,https://portalfns.saude.gov.br/wp-content/uploads/2026/01/REPASSE-FAF-COM-POPULACAO-2025.xlsx,data/raw/sao_paulo/fns/repasses_faf_com_populacao/2025/REPASSE-FAF-COM-POPULACAO-2025.xlsx,Manutenção Das Ações E Serviços Públicos De Saúde,ATENÇÃO DE MÉDIA E ALTA COMPLEXIDADE AMBULATORIAL E HOSPITALAR,FAEC - PRÉ-CIRÚRGICO EM CIRURGIAS PRIORITÁRIAS,SP,SAO PAULO,355030,11904961,2025,13851748000140,FUNDO ESTADUAL DE SAUDE - FUNDES,001,01897X,000000190462,ESTADUAL,S,S,N,46021,1695501.93,1695501.93,4232584388.9099998,45991
2025,https://portalfns.saude.gov.br/wp-content/uploads/2026/01/REPASSE-FAF-COM-POPULACAO-2025.xlsx,https://portalfns.saude.gov.br/wp-content/uploads/2026/01/REPASSE-FAF-COM-POPULACAO-2025.xlsx,data/raw/sao_paulo/fns/repasses_faf_com_populacao/2025/REPASSE-FAF-COM-POPULACAO-2025.xlsx,Manutenção Das Ações E Serviços Públicos De Saúde,ATENÇÃO DE MÉDIA E ALTA COMPLEXIDADE AMBULATORIAL E HOSPITALAR,FAEC - PRÉ-CIRÚRGICO EM CIRURGIAS PRIORITÁRIAS,SP,SAO PAULO,355030,11904961,2025,13864377000130,FUNDO MUNICIPAL DE SAUDE - FMS,001,01897X,000000190470,MUNICIPAL,N,S,N,46021,274994.71999999997,274994.71999999997,536005569.63999999,45991
2025,https://portalfns.saude.gov.br/wp-content/uploads/2026/01/REPASSE-FAF-COM-POPULACAO-2025.xlsx,https://portalfns.saude.gov.br/wp-content/uploads/2026/01/REPASSE-FAF-COM-POPULACAO-2025.xlsx,data/raw/sao_paulo/fns/repasses_faf_com_populacao/2025/REPASSE-FAF-COM-POPULACAO-2025.xlsx,Manutenção Das Ações E Serviços Públicos De Saúde,ATENÇÃO DE MÉDIA E ALTA COMPLEXIDADE AMBULATORIAL E HOSPITALAR,FAEC - REABILITAÇÃO PÓS-COVID-19,SP,SAO PAULO,355030,11904961,2025,13851748000140,FUNDO ESTADUAL DE SAUDE - FUNDES,001,01897X,000000190462,ESTADUAL,S,S,N,46021,27784.89,27784.89,4232584388.9099998,45991
2025,https://portalfns.saude.gov.br/wp-content/uploads/2026/01/REPASSE-FAF-COM-POPULACAO-2025.xlsx,https://portalfns.saude.gov.br/wp-content/uploads/2026/01/REPASSE-FAF-COM-POPULACAO-2025.xlsx,data/raw/sao_paulo/fns/repasses_faf_com_populacao/2025/REPASSE-FAF-COM-POPULACAO-2025.xlsx,Manutenção Das Ações E Serviços Públicos De Saúde,ATENÇÃO DE MÉDIA E ALTA COMPLEXIDADE AMBULATORIAL E HOSPITALAR,FAEC - REDESIGNAÇÃO E ACOMPANHAMENTO,SP,SAO PAULO,355030,11904961,2025,13851748000140,FUNDO ESTADUAL DE SAUDE - FUNDES,001,01897X,000000190462,ESTADUAL,S,S,N,46021,101207.77,101207.77,4232584388.9099998,45991
2025,https://portalfns.saude.gov.br/wp-content/uploads/2026/01/REPASSE-FAF-COM-POPULACAO-2025.xlsx,https://portalfns.saude.gov.br/wp-content/uploads/2026/01/REPASSE-FAF-COM-POPULACAO-2025.xlsx,data/raw/sao_paulo/fns/repasses_faf_com_populacao/2025/REPASSE-FAF-COM-POPULACAO-2025.xlsx,Manutenção Das Ações E Serviços Públicos De Saúde,ATENÇÃO DE MÉDIA E ALTA COMPLEXIDADE AMBULATORIAL E HOSPITALAR,FAEC - TERAPIAS ESPECIALIZADAS EM ANGIOLOGIA,SP,SAO PAULO,355030,11904961,2025,13851748000140,FUNDO ESTADUAL DE SAUDE - FUNDES,001,01897X,000000190462,ESTADUAL,S,S,N,46021,4585607.7399999993,4585607.7399999993,4232584388.9099998,45991
2025,https://portalfns.saude.gov.br/wp-content/uploads/2026/01/REPASSE-FAF-COM-POPULACAO-2025.xlsx,https://portalfns.saude.gov.br/wp-content/uploads/2026/01/REPASSE-FAF-COM-POPULACAO-2025.xlsx,data/raw/sao_paulo/fns/repasses_faf_com_populacao/2025/REPASSE-FAF-COM-POPULACAO-2025.xlsx,Manutenção Das Ações E Serviços Públicos De Saúde,ATENÇÃO DE MÉDIA E ALTA COMPLEXIDADE AMBULATORIAL E HOSPITALAR,FAEC - TERAPIAS ESPECIALIZADAS EM ANGIOLOGIA,SP,SAO PAULO,355030,11904961,2025,13864377000130,FUNDO MUNICIPAL DE SAUDE - FMS,001,01897X,000000190470,MUNICIPAL,N,S,N,46021,3482796.9,3482796.9,536005569.63999999,45991
2025,https://portalfns.saude.gov.br/wp-content/uploads/2026/01/REPASSE-FAF-COM-POPULACAO-2025.xlsx,https://portalfns.saude.gov.br/wp-content/uploads/2026/01/REPASSE-FAF-COM-POPULACAO-2025.xlsx,data/raw/sao_paulo/fns/repasses_faf_com_populacao/2025/REPASSE-FAF-COM-POPULACAO-2025.xlsx,Manutenção Das Ações E Serviços Públicos De Saúde,ATENÇÃO DE MÉDIA E ALTA COMPLEXIDADE AMBULATORIAL E HOSPITALAR,"FAEC - TRANSPLANTES DE ORGÃOS, TECIDOS E CELULAS",SP,SAO PAULO,355030,11904961,2025,13851748000140,FUNDO ESTADUAL DE SAUDE - FUNDES,001,01897X,000000190462,ESTADUAL,S,S,N,46021,322249926.74000001,322249926.74000001,4232584388.9099998,45991
2025,https://portalfns.saude.gov.br/wp-content/uploads/2026/01/REPASSE-FAF-COM-POPULACAO-2025.xlsx,https://portalfns.saude.gov.br/wp-content/uploads/2026/01/REPASSE-FAF-COM-POPULACAO-2025.xlsx,data/raw/sao_paulo/fns/repasses_faf_com_populacao/2025/REPASSE-FAF-COM-POPULACAO-2025.xlsx,Manutenção Das Ações E Serviços Públicos De Saúde,ATENÇÃO DE MÉDIA E ALTA COMPLEXIDADE AMBULATORIAL E HOSPITALAR,"FAEC - TRANSPLANTES DE ORGÃOS, TECIDOS E CELULAS",SP,SAO PAULO,355030,11904961,2025,13864377000130,FUNDO MUNICIPAL DE SAUDE - FMS,001,01897X,000000190470,MUNICIPAL,N,S,N,46021,211605183.34999999,211605183.34999999,536005569.63999999,45991
2025,https://portalfns.saude.gov.br/wp-content/uploads/2026/01/REPASSE-FAF-COM-POPULACAO-2025.xlsx,https://portalfns.saude.gov.br/wp-content/uploads/2026/01/REPASSE-FAF-COM-POPULACAO-2025.xlsx,data/raw/sao_paulo/fns/repasses_faf_com_populacao/2025/REPASSE-FAF-COM-POPULACAO-2025.xlsx,Manutenção Das Ações E Serviços Públicos De Saúde,ATENÇÃO DE MÉDIA E ALTA COMPLEXIDADE AMBULATORIAL E HOSPITALAR,FAEC - TRATAMENTO DE DOENÇA MACULAR,SP,SAO PAULO,355030,11904961,2025,13851748000140,FUNDO ESTADUAL DE SAUDE - FUNDES,001,01897X,000000190462,ESTADUAL,S,S,N,46021,25546083.280000001,25546083.280000001,4232584388.9099998,45991
2025,https://portalfns.saude.gov.br/wp-content/uploads/2026/01/REPASSE-FAF-COM-POPULACAO-2025.xlsx,https://portalfns.saude.gov.br/wp-content/uploads/2026/01/REPASSE-FAF-COM-POPULACAO-2025.xlsx,data/raw/sao_paulo/fns/repasses_faf_com_populacao/2025/REPASSE-FAF-COM-POPULACAO-2025.xlsx,Manutenção Das Ações E Serviços Públicos De Saúde,ATENÇÃO DE MÉDIA E ALTA COMPLEXIDADE AMBULATORIAL E HOSPITALAR,FAEC - TRATAMENTO DE DOENÇA MACULAR,SP,SAO PAULO,355030,11904961,2025,13864377000130,FUNDO MUNICIPAL DE SAUDE - FMS,001,01897X,000000190470,MUNICIPAL,N,S,N,46021,10843248.880000001,10843248.880000001,536005569.63999999,45991
2025,https://portalfns.saude.gov.br/wp-content/uploads/2026/01/REPASSE-FAF-COM-POPULACAO-2025.xlsx,https://portalfns.saude.gov.br/wp-content/uploads/2026/01/REPASSE-FAF-COM-POPULACAO-2025.xlsx,data/raw/sao_paulo/fns/repasses_faf_com_populacao/2025/REPASSE-FAF-COM-POPULACAO-2025.xlsx,Estruturação Da Rede De Serviços Públicos De Saúde,ATENÇÃO ESPECIALIZADA,EMENDA - ESTRUTURAÇÃO DE UNIDADES DE ATENÇÃO ESPECIALIZADA EM SAÚDE,SP,SAO PAULO,355030,11904961,2025,13851748000140,FUNDO ESTADUAL DE SAUDE - FUNDES,001,01897X,00232858,ESTADUAL,S,S,N,46021,399938,399938,-,-
2025,https://portalfns.saude.gov.br/wp-content/uploads/2026/01/REPASSE-FAF-COM-POPULACAO-2025.xlsx,https://portalfns.saude.gov.br/wp-content/uploads/2026/01/REPASSE-FAF-COM-POPULACAO-2025.xlsx,data/raw/sao_paulo/fns/repasses_faf_com_populacao/2025/REPASSE-FAF-COM-POPULACAO-2025.xlsx,Estruturação Da Rede De Serviços Públicos De Saúde,ATENÇÃO ESPECIALIZADA,EMENDA - ESTRUTURAÇÃO DE UNIDADES DE ATENÇÃO ESPECIALIZADA EM SAÚDE,SP,SAO PAULO,355030,11904961,2025,13851748000140,FUNDO ESTADUAL DE SAUDE - FUNDES,001,01897X,00232955,ESTADUAL,S,S,N,46021,599444,599444,-,-
2025,https://portalfns.saude.gov.br/wp-content/uploads/2026/01/REPASSE-FAF-COM-POPULACAO-2025.xlsx,https://portalfns.saude.gov.br/wp-content/uploads/2026/01/REPASSE-FAF-COM-POPULACAO-2025.xlsx,data/raw/sao_paulo/fns/repasses_faf_com_populacao/2025/REPASSE-FAF-COM-POPULACAO-2025.xlsx,Estruturação Da Rede De Serviços Públicos De Saúde,ATENÇÃO ESPECIALIZADA,EMENDA - ESTRUTURAÇÃO DE UNIDADES DE ATENÇÃO ESPECIALIZADA EM SAÚDE,SP,SAO PAULO,355030,11904961,2025,13851748000140,FUNDO ESTADUAL DE SAUDE - FUNDES,001,01897X,00232963,ESTADUAL,S,S,N,46021,436056,436056,-,-
2025,https://portalfns.saude.gov.br/wp-content/uploads/2026/01/REPASSE-FAF-COM-POPULACAO-2025.xlsx,https://portalfns.saude.gov.br/wp-content/uploads/2026/01/REPASSE-FAF-COM-POPULACAO-2025.xlsx,data/raw/sao_paulo/fns/repasses_faf_com_populacao/2025/REPASSE-FAF-COM-POPULACAO-2025.xlsx,Estruturação Da Rede De Serviços Públicos De Saúde,ATENÇÃO ESPECIALIZADA,EMENDA - ESTRUTURAÇÃO DE UNIDADES DE ATENÇÃO ESPECIALIZADA EM SAÚDE,SP,SAO PAULO,355030,11904961,2025,13851748000140,FUNDO ESTADUAL DE SAUDE - FUNDES,001,01897X,00232971,ESTADUAL,S,S,N,46021,996036,996036,-,-
2025,https://portalfns.saude.gov.br/wp-content/uploads/2026/01/REPASSE-FAF-COM-POPULACAO-2025.xlsx,https://portalfns.saude.gov.br/wp-content/uploads/2026/01/REPASSE-FAF-COM-POPULACAO-2025.xlsx,data/raw/sao_paulo/fns/repasses_faf_com_populacao/2025/REPASSE-FAF-COM-POPULACAO-2025.xlsx,Manutenção Das Ações E Serviços Públicos De Saúde,GESTÃO DO SUS,"ASSISTÊNCIA FINANCEIRA COMPLEMENTAR AOS ESTADOS, DF E MUNICÍPIOS P/ O PAG DO PISO SALARIAL DOS PROFISSIONAIS DA ENFERMAGEM",SP,SAO PAULO,355030,11904961,2025,13851748000140,FUNDO ESTADUAL DE SAUDE - FUNDES,001,01897X,000000209465,ESTADUAL,S,S,N,46021,170986826.68000001,170986826.68000001,33421671.219999999,45991
2025,https://portalfns.saude.gov.br/wp-content/uploads/2026/01/REPASSE-FAF-COM-POPULACAO-2025.xlsx,https://portalfns.saude.gov.br/wp-content/uploads/2026/01/REPASSE-FAF-COM-POPULACAO-2025.xlsx,data/raw/sao_paulo/fns/repasses_faf_com_populacao/2025/REPASSE-FAF-COM-POPULACAO-2025.xlsx,Manutenção Das Ações E Serviços Públicos De Saúde,ATENÇÃO DE MÉDIA E ALTA COMPLEXIDADE AMBULATORIAL E HOSPITALAR,ATENÇÃO À SAÚDE DA POPULAÇÃO PARA PROCEDIMENTOS NO MAC,SP,SAO PAULO,355030,11904961,2025,13864377000130,FUNDO MUNICIPAL DE SAUDE - FMS,001,01897X,000000190470,MUNICIPAL,N,S,N,46020,1417707948.6600001,1404366488.72,536005569.63999999,45991
2025,https://portalfns.saude.gov.br/wp-content/uploads/2026/01/REPASSE-FAF-COM-POPULACAO-2025.xlsx,https://portalfns.saude.gov.br/wp-content/uploads/2026/01/REPASSE-FAF-COM-POPULACAO-2025.xlsx,data/raw/sao_paulo/fns/repasses_faf_com_populacao/2025/REPASSE-FAF-COM-POPULACAO-2025.xlsx,Manutenção Das Ações E Serviços Públicos De Saúde,ATENÇÃO DE MÉDIA E ALTA COMPLEXIDADE AMBULATORIAL E HOSPITALAR,EMENDA - INCREMENTO TEMPORÁRIO AO CUSTEIO DOS SERVIÇOS DE ASSISTÊNCIA HOSPITALAR E AMBULATORIAL,SP,SAO PAULO,355030,11904961,2025,13851748000140,FUNDO ESTADUAL DE SAUDE - FUNDES,001,01897X,0023236X,ESTADUAL,S,S,N,46020,2426747,2426747,-,-
2025,https://portalfns.saude.gov.br/wp-content/uploads/2026/01/REPASSE-FAF-COM-POPULACAO-2025.xlsx,https://portalfns.saude.gov.br/wp-content/uploads/2026/01/REPASSE-FAF-COM-POPULACAO-2025.xlsx,data/raw/sao_paulo/fns/repasses_faf_com_populacao/2025/REPASSE-FAF-COM-POPULACAO-2025.xlsx,Manutenção Das Ações E Serviços Públicos De Saúde,ATENÇÃO DE MÉDIA E ALTA COMPLEXIDADE AMBULATORIAL E HOSPITALAR,EMENDA - INCREMENTO TEMPORÁRIO AO CUSTEIO DOS SERVIÇOS DE ASSISTÊNCIA HOSPITALAR E AMBULATORIAL,SP,SAO PAULO,355030,11904961,2025,13851748000140,FUNDO ESTADUAL DE SAUDE - FUNDES,001,01897X,0023267X,ESTADUAL,S,S,N,46020,4500000,4500000,-,-
2025,https://portalfns.saude.gov.br/wp-content/uploads/2026/01/REPASSE-FAF-COM-POPULACAO-2025.xlsx,https://portalfns.saude.gov.br/wp-content/uploads/2026/01/REPASSE-FAF-COM-POPULACAO-2025.xlsx,data/raw/sao_paulo/fns/repasses_faf_com_populacao/2025/REPASSE-FAF-COM-POPULACAO-2025.xlsx,Manutenção Das Ações E Serviços Públicos De Saúde,ATENÇÃO DE MÉDIA E ALTA COMPLEXIDADE AMBULATORIAL E HOSPITALAR,EMENDA - INCREMENTO TEMPORÁRIO AO CUSTEIO DOS SERVIÇOS DE ASSISTÊNCIA HOSPITALAR E AMBULATORIAL,SP,SAO PAULO,355030,11904961,2025,13851748000140,FUNDO ESTADUAL DE SAUDE - FUNDES,001,01897X,0023270X,ESTADUAL,S,S,N,46020,170400,170400,-,-
2025,https://portalfns.saude.gov.br/wp-content/uploads/2026/01/REPASSE-FAF-COM-POPULACAO-2025.xlsx,https://portalfns.saude.gov.br/wp-content/uploads/2026/01/REPASSE-FAF-COM-POPULACAO-2025.xlsx,data/raw/sao_paulo/fns/repasses_faf_com_populacao/2025/REPASSE-FAF-COM-POPULACAO-2025.xlsx,Manutenção Das Ações E Serviços Públicos De Saúde,ATENÇÃO DE MÉDIA E ALTA COMPLEXIDADE AMBULATORIAL E HOSPITALAR,EMENDA - INCREMENTO TEMPORÁRIO AO CUSTEIO DOS SERVIÇOS DE ASSISTÊNCIA HOSPITALAR E AMBULATORIAL,SP,SAO PAULO,355030,11904961,2025,13851748000140,FUNDO ESTADUAL DE SAUDE - FUNDES,001,01897X,00229644,ESTADUAL,S,S,N,46020,900000,900000,-,-
2025,https://portalfns.saude.gov.br/wp-content/uploads/2026/01/REPASSE-FAF-COM-POPULACAO-2025.xlsx,https://portalfns.saude.gov.br/wp-content/uploads/2026/01/REPASSE-FAF-COM-POPULACAO-2025.xlsx,data/raw/sao_paulo/fns/repasses_faf_com_populacao/2025/REPASSE-FAF-COM-POPULACAO-2025.xlsx,Manutenção Das Ações E Serviços Públicos De Saúde,ATENÇÃO DE MÉDIA E ALTA COMPLEXIDADE AMBULATORIAL E HOSPITALAR,EMENDA - INCREMENTO TEMPORÁRIO AO CUSTEIO DOS SERVIÇOS DE ASSISTÊNCIA HOSPITALAR E AMBULATORIAL,SP,SAO PAULO,355030,11904961,2025,13851748000140,FUNDO ESTADUAL DE SAUDE - FUNDES,001,01897X,00229652,ESTADUAL,S,S,N,46020,500000,500000,-,-
2025,https://portalfns.saude.gov.br/wp-content/uploads/2026/01/REPASSE-FAF-COM-POPULACAO-2025.xlsx,https://portalfns.saude.gov.br/wp-content/uploads/2026/01/REPASSE-FAF-COM-POPULACAO-2025.xlsx,data/raw/sao_paulo/fns/repasses_faf_com_populacao/2025/REPASSE-FAF-COM-POPULACAO-2025.xlsx,Manutenção Das Ações E Serviços Públicos De Saúde,ATENÇÃO DE MÉDIA E ALTA COMPLEXIDADE AMBULATORIAL E HOSPITALAR,EMENDA - INCREMENTO TEMPORÁRIO AO CUSTEIO DOS SERVIÇOS DE ASSISTÊNCIA HOSPITALAR E AMBULATORIAL,SP,SAO PAULO,355030,11904961,2025,13851748000140,FUNDO ESTADUAL DE SAUDE - FUNDES,001,01897X,00231754,ESTADUAL,S,S,N,46020,5788158,5788158,-,-
2025,https://portalfns.saude.gov.br/wp-content/uploads/2026/01/REPASSE-FAF-COM-POPULACAO-2025.xlsx,https://portalfns.saude.gov.br/wp-content/uploads/2026/01/REPASSE-FAF-COM-POPULACAO-2025.xlsx,data/raw/sao_paulo/fns/repasses_faf_com_populacao/2025/REPASSE-FAF-COM-POPULACAO-2025.xlsx,Manutenção Das Ações E Serviços Públicos De Saúde,ATENÇÃO DE MÉDIA E ALTA COMPLEXIDADE AMBULATORIAL E HOSPITALAR,EMENDA - INCREMENTO TEMPORÁRIO AO CUSTEIO DOS SERVIÇOS DE ASSISTÊNCIA HOSPITALAR E AMBULATORIAL,SP,SAO PAULO,355030,11904961,2025,13851748000140,FUNDO ESTADUAL DE SAUDE - FUNDES,001,01897X,00231762,ESTADUAL,S,S,N,46020,173592,173592,-,-
2025,https://portalfns.saude.gov.br/wp-content/uploads/2026/01/REPASSE-FAF-COM-POPULACAO-2025.xlsx,https://portalfns.saude.gov.br/wp-content/uploads/2026/01/REPASSE-FAF-COM-POPULACAO-2025.xlsx,data/raw/sao_paulo/fns/repasses_faf_com_populacao/2025/REPASSE-FAF-COM-POPULACAO-2025.xlsx,Manutenção Das Ações E Serviços Públicos De Saúde,ATENÇÃO DE MÉDIA E ALTA COMPLEXIDADE AMBULATORIAL E HOSPITALAR,EMENDA - INCREMENTO TEMPORÁRIO AO CUSTEIO DOS SERVIÇOS DE ASSISTÊNCIA HOSPITALAR E AMBULATORIAL,SP,SAO PAULO,355030,11904961,2025,13851748000140,FUNDO ESTADUAL DE SAUDE - FUNDES,001,01897X,00231975,ESTADUAL,S,S,N,46020,1134710,1134710,-,-
2025,https://portalfns.saude.gov.br/wp-content/uploads/2026/01/REPASSE-FAF-COM-POPULACAO-2025.xlsx,https://portalfns.saude.gov.br/wp-content/uploads/2026/01/REPASSE-FAF-COM-POPULACAO-2025.xlsx,data/raw/sao_paulo/fns/repasses_faf_com_populacao/2025/REPASSE-FAF-COM-POPULACAO-2025.xlsx,Manutenção Das Ações E Serviços Públicos De Saúde,ATENÇÃO DE MÉDIA E ALTA COMPLEXIDADE AMBULATORIAL E HOSPITALAR,EMENDA - INCREMENTO TEMPORÁRIO AO CUSTEIO DOS SERVIÇOS DE ASSISTÊNCIA HOSPITALAR E AMBULATORIAL,SP,SAO PAULO,355030,11904961,2025,13851748000140,FUNDO ESTADUAL DE SAUDE - FUNDES,001,01897X,00231983,ESTADUAL,S,S,N,46020,100000,100000,-,-
2025,https://portalfns.saude.gov.br/wp-content/uploads/2026/01/REPASSE-FAF-COM-POPULACAO-2025.xlsx,https://portalfns.saude.gov.br/wp-content/uploads/2026/01/REPASSE-FAF-COM-POPULACAO-2025.xlsx,data/raw/sao_paulo/fns/repasses_faf_com_populacao/2025/REPASSE-FAF-COM-POPULACAO-2025.xlsx,Manutenção Das Ações E Serviços Públicos De Saúde,ATENÇÃO DE MÉDIA E ALTA COMPLEXIDADE AMBULATORIAL E HOSPITALAR,EMENDA - INCREMENTO TEMPORÁRIO AO CUSTEIO DOS SERVIÇOS DE ASSISTÊNCIA HOSPITALAR E AMBULATORIAL,SP,SAO PAULO,355030,11904961,2025,13851748000140,FUNDO ESTADUAL DE SAUDE - FUNDES,001,01897X,00231991,ESTADUAL,S,S,N,46020,100000,100000,-,-
2025,https://portalfns.saude.gov.br/wp-content/uploads/2026/01/REPASSE-FAF-COM-POPULACAO-2025.xlsx,https://portalfns.saude.gov.br/wp-content/uploads/2026/01/REPASSE-FAF-COM-POPULACAO-2025.xlsx,data/raw/sao_paulo/fns/repasses_faf_com_populacao/2025/REPASSE-FAF-COM-POPULACAO-2025.xlsx,Manutenção Das Ações E Serviços Públicos De Saúde,ATENÇÃO DE MÉDIA E ALTA COMPLEXIDADE AMBULATORIAL E HOSPITALAR,EMENDA - INCREMENTO TEMPORÁRIO AO CUSTEIO DOS SERVIÇOS DE ASSISTÊNCIA HOSPITALAR E AMBULATORIAL,SP,SAO PAULO,355030,11904961,2025,13851748000140,FUNDO ESTADUAL DE SAUDE - FUNDES,001,01897X,00232009,ESTADUAL,S,S,N,46020,740736,740736,-,-
2025,https://portalfns.saude.gov.br/wp-content/uploads/2026/01/REPASSE-FAF-COM-POPULACAO-2025.xlsx,https://portalfns.saude.gov.br/wp-content/uploads/2026/01/REPASSE-FAF-COM-POPULACAO-2025.xlsx,data/raw/sao_paulo/fns/repasses_faf_com_populacao/2025/REPASSE-FAF-COM-POPULACAO-2025.xlsx,Manutenção Das Ações E Serviços Públicos De Saúde,ATENÇÃO DE MÉDIA E ALTA COMPLEXIDADE AMBULATORIAL E HOSPITALAR,EMENDA - INCREMENTO TEMPORÁRIO AO CUSTEIO DOS SERVIÇOS DE ASSISTÊNCIA HOSPITALAR E AMBULATORIAL,SP,SAO PAULO,355030,11904961,2025,13851748000140,FUNDO ESTADUAL DE SAUDE - FUNDES,001,01897X,00232238,ESTADUAL,S,S,N,46020,255168,255168,-,-
2025,https://portalfns.saude.gov.br/wp-content/uploads/2026/01/REPASSE-FAF-COM-POPULACAO-2025.xlsx,https://portalfns.saude.gov.br/wp-content/uploads/2026/01/REPASSE-FAF-COM-POPULACAO-2025.xlsx,data/raw/sao_paulo/fns/repasses_faf_com_populacao/2025/REPASSE-FAF-COM-POPULACAO-2025.xlsx,Manutenção Das Ações E Serviços Públicos De Saúde,ATENÇÃO DE MÉDIA E ALTA COMPLEXIDADE AMBULATORIAL E HOSPITALAR,EMENDA - INCREMENTO TEMPORÁRIO AO CUSTEIO DOS SERVIÇOS DE ASSISTÊNCIA HOSPITALAR E AMBULATORIAL,SP,SAO PAULO,355030,11904961,2025,13851748000140,FUNDO ESTADUAL DE SAUDE - FUNDES,001,01897X,00232297,ESTADUAL,S,S,N,46020,1972000,1972000,-,-
2025,https://portalfns.saude.gov.br/wp-content/uploads/2026/01/REPASSE-FAF-COM-POPULACAO-2025.xlsx,https://portalfns.saude.gov.br/wp-content/uploads/2026/01/REPASSE-FAF-COM-POPULACAO-2025.xlsx,data/raw/sao_paulo/fns/repasses_faf_com_populacao/2025/REPASSE-FAF-COM-POPULACAO-2025.xlsx,Manutenção Das Ações E Serviços Públicos De Saúde,ATENÇÃO DE MÉDIA E ALTA COMPLEXIDADE AMBULATORIAL E HOSPITALAR,EMENDA - INCREMENTO TEMPORÁRIO AO CUSTEIO DOS SERVIÇOS DE ASSISTÊNCIA HOSPITALAR E AMBULATORIAL,SP,SAO PAULO,355030,11904961,2025,13851748000140,FUNDO ESTADUAL DE SAUDE - FUNDES,001,01897X,00232300,ESTADUAL,S,S,N,46020,371079,371079,-,-
2025,https://portalfns.saude.gov.br/wp-content/uploads/2026/01/REPASSE-FAF-COM-POPULACAO-2025.xlsx,https://portalfns.saude.gov.br/wp-content/uploads/2026/01/REPASSE-FAF-COM-POPULACAO-2025.xlsx,data/raw/sao_paulo/fns/repasses_faf_com_populacao/2025/REPASSE-FAF-COM-POPULACAO-2025.xlsx,Manutenção Das Ações E Serviços Públicos De Saúde,ATENÇÃO DE MÉDIA E ALTA COMPLEXIDADE AMBULATORIAL E HOSPITALAR,EMENDA - INCREMENTO TEMPORÁRIO AO CUSTEIO DOS SERVIÇOS DE ASSISTÊNCIA HOSPITALAR E AMBULATORIAL,SP,SAO PAULO,355030,11904961,2025,13851748000140,FUNDO ESTADUAL DE SAUDE - FUNDES,001,01897X,00232319,ESTADUAL,S,S,N,46020,200000,200000,-,-
2025,https://portalfns.saude.gov.br/wp-content/uploads/2026/01/REPASSE-FAF-COM-POPULACAO-2025.xlsx,https://portalfns.saude.gov.br/wp-content/uploads/2026/01/REPASSE-FAF-COM-POPULACAO-2025.xlsx,data/raw/sao_paulo/fns/repasses_faf_com_populacao/2025/REPASSE-FAF-COM-POPULACAO-2025.xlsx,Manutenção Das Ações E Serviços Públicos De Saúde,ATENÇÃO DE MÉDIA E ALTA COMPLEXIDADE AMBULATORIAL E HOSPITALAR,EMENDA - INCREMENTO TEMPORÁRIO AO CUSTEIO DOS SERVIÇOS DE ASSISTÊNCIA HOSPITALAR E AMBULATORIAL,SP,SAO PAULO,355030,11904961,2025,13851748000140,FUNDO ESTADUAL DE SAUDE - FUNDES,001,01897X,00232327,ESTADUAL,S,S,N,46020,200000,200000,-,-
2025,https://portalfns.saude.gov.br/wp-content/uploads/2026/01/REPASSE-FAF-COM-POPULACAO-2025.xlsx,https://portalfns.saude.gov.br/wp-content/uploads/2026/01/REPASSE-FAF-COM-POPULACAO-2025.xlsx,data/raw/sao_paulo/fns/repasses_faf_com_populacao/2025/REPASSE-FAF-COM-POPULACAO-2025.xlsx,Manutenção Das Ações E Serviços Públicos De Saúde,ATENÇÃO DE MÉDIA E ALTA COMPLEXIDADE AMBULATORIAL E HOSPITALAR,EMENDA - INCREMENTO TEMPORÁRIO AO CUSTEIO DOS SERVIÇOS DE ASSISTÊNCIA HOSPITALAR E AMBULATORIAL,SP,SAO PAULO,355030,11904961,2025,13851748000140,FUNDO ESTADUAL DE SAUDE - FUNDES,001,01897X,00232335,ESTADUAL,S,S,N,46020,300000,300000,-,-
2025,https://portalfns.saude.gov.br/wp-content/uploads/2026/01/REPASSE-FAF-COM-POPULACAO-2025.xlsx,https://portalfns.saude.gov.br/wp-content/uploads/2026/01/REPASSE-FAF-COM-POPULACAO-2025.xlsx,data/raw/sao_paulo/fns/repasses_faf_com_populacao/2025/REPASSE-FAF-COM-POPULACAO-2025.xlsx,Manutenção Das Ações E Serviços Públicos De Saúde,ATENÇÃO DE MÉDIA E ALTA COMPLEXIDADE AMBULATORIAL E HOSPITALAR,EMENDA - INCREMENTO TEMPORÁRIO AO CUSTEIO DOS SERVIÇOS DE ASSISTÊNCIA HOSPITALAR E AMBULATORIAL,SP,SAO PAULO,355030,11904961,2025,13851748000140,FUNDO ESTADUAL DE SAUDE - FUNDES,001,01897X,00232343,ESTADUAL,S,S,N,46020,200000,200000,-,-
2025,https://portalfns.saude.gov.br/wp-content/uploads/2026/01/REPASSE-FAF-COM-POPULACAO-2025.xlsx,https://portalfns.saude.gov.br/wp-content/uploads/2026/01/REPASSE-FAF-COM-POPULACAO-2025.xlsx,data/raw/sao_paulo/fns/repasses_faf_com_populacao/2025/REPASSE-FAF-COM-POPULACAO-2025.xlsx,Manutenção Das Ações E Serviços Públicos De Saúde,ATENÇÃO DE MÉDIA E ALTA COMPLEXIDADE AMBULATORIAL E HOSPITALAR,EMENDA - INCREMENTO TEMPORÁRIO AO CUSTEIO DOS SERVIÇOS DE ASSISTÊNCIA HOSPITALAR E AMBULATORIAL,SP,SAO PAULO,355030,11904961,2025,13851748000140,FUNDO ESTADUAL DE SAUDE - FUNDES,001,01897X,00232351,ESTADUAL,S,S,N,46020,17126,17126,-,-
2025,https://portalfns.saude.gov.br/wp-content/uploads/2026/01/REPASSE-FAF-COM-POPULACAO-2025.xlsx,https://portalfns.saude.gov.br/wp-content/uploads/2026/01/REPASSE-FAF-COM-POPULACAO-2025.xlsx,data/raw/sao_paulo/fns/repasses_faf_com_populacao/2025/REPASSE-FAF-COM-POPULACAO-2025.xlsx,Manutenção Das Ações E Serviços Públicos De Saúde,ATENÇÃO DE MÉDIA E ALTA COMPLEXIDADE AMBULATORIAL E HOSPITALAR,EMENDA - INCREMENTO TEMPORÁRIO AO CUSTEIO DOS SERVIÇOS DE ASSISTÊNCIA HOSPITALAR E AMBULATORIAL,SP,SAO PAULO,355030,11904961,2025,13851748000140,FUNDO ESTADUAL DE SAUDE - FUNDES,001,01897X,00232378,ESTADUAL,S,S,N,46020,400000,400000,-,-
2025,https://portalfns.saude.gov.br/wp-content/uploads/2026/01/REPASSE-FAF-COM-POPULACAO-2025.xlsx,https://portalfns.saude.gov.br/wp-content/uploads/2026/01/REPASSE-FAF-COM-POPULACAO-2025.xlsx,data/raw/sao_paulo/fns/repasses_faf_com_populacao/2025/REPASSE-FAF-COM-POPULACAO-2025.xlsx,Manutenção Das Ações E Serviços Públicos De Saúde,ATENÇÃO DE MÉDIA E ALTA COMPLEXIDADE AMBULATORIAL E HOSPITALAR,EMENDA - INCREMENTO TEMPORÁRIO AO CUSTEIO DOS SERVIÇOS DE ASSISTÊNCIA HOSPITALAR E AMBULATORIAL,SP,SAO PAULO,355030,11904961,2025,13851748000140,FUNDO ESTADUAL DE SAUDE - FUNDES,001,01897X,00232386,ESTADUAL,S,S,N,46020,1000000,1000000,-,-
2025,https://portalfns.saude.gov.br/wp-content/uploads/2026/01/REPASSE-FAF-COM-POPULACAO-2025.xlsx,https://portalfns.saude.gov.br/wp-content/uploads/2026/01/REPASSE-FAF-COM-POPULACAO-2025.xlsx,data/raw/sao_paulo/fns/repasses_faf_com_populacao/2025/REPASSE-FAF-COM-POPULACAO-2025.xlsx,Manutenção Das Ações E Serviços Públicos De Saúde,ATENÇÃO DE MÉDIA E ALTA COMPLEXIDADE AMBULATORIAL E HOSPITALAR,EMENDA - INCREMENTO TEMPORÁRIO AO CUSTEIO DOS SERVIÇOS DE ASSISTÊNCIA HOSPITALAR E AMBULATORIAL,SP,SAO PAULO,355030,11904961,2025,13851748000140,FUNDO ESTADUAL DE SAUDE - FUNDES,001,01897X,00232637,ESTADUAL,S,S,N,46020,862522,862522,-,-
2025,https://portalfns.saude.gov.br/wp-content/uploads/2026/01/REPASSE-FAF-COM-POPULACAO-2025.xlsx,https://portalfns.saude.gov.br/wp-content/uploads/2026/01/REPASSE-FAF-COM-POPULACAO-2025.xlsx,data/raw/sao_paulo/fns/repasses_faf_com_populacao/2025/REPASSE-FAF-COM-POPULACAO-2025.xlsx,Manutenção Das Ações E Serviços Públicos De Saúde,ATENÇÃO DE MÉDIA E ALTA COMPLEXIDADE AMBULATORIAL E HOSPITALAR,EMENDA - INCREMENTO TEMPORÁRIO AO CUSTEIO DOS SERVIÇOS DE ASSISTÊNCIA HOSPITALAR E AMBULATORIAL,SP,SAO PAULO,355030,11904961,2025,13851748000140,FUNDO ESTADUAL DE SAUDE - FUNDES,001,01897X,00232688,ESTADUAL,S,S,N,46020,100000,100000,-,-
2025,https://portalfns.saude.gov.br/wp-content/uploads/2026/01/REPASSE-FAF-COM-POPULACAO-2025.xlsx,https://portalfns.saude.gov.br/wp-content/uploads/2026/01/REPASSE-FAF-COM-POPULACAO-2025.xlsx,data/raw/sao_paulo/fns/repasses_faf_com_populacao/2025/REPASSE-FAF-COM-POPULACAO-2025.xlsx,Manutenção Das Ações E Serviços Públicos De Saúde,ATENÇÃO DE MÉDIA E ALTA COMPLEXIDADE AMBULATORIAL E HOSPITALAR,EMENDA - INCREMENTO TEMPORÁRIO AO CUSTEIO DOS SERVIÇOS DE ASSISTÊNCIA HOSPITALAR E AMBULATORIAL,SP,SAO PAULO,355030,11904961,2025,13851748000140,FUNDO ESTADUAL DE SAUDE - FUNDES,001,01897X,00232696,ESTADUAL,S,S,N,46020,500000,500000,-,-
2025,https://portalfns.saude.gov.br/wp-content/uploads/2026/01/REPASSE-FAF-COM-POPULACAO-2025.xlsx,https://portalfns.saude.gov.br/wp-content/uploads/2026/01/REPASSE-FAF-COM-POPULACAO-2025.xlsx,data/raw/sao_paulo/fns/repasses_faf_com_populacao/2025/REPASSE-FAF-COM-POPULACAO-2025.xlsx,Manutenção Das Ações E Serviços Públicos De Saúde,ATENÇÃO DE MÉDIA E ALTA COMPLEXIDADE AMBULATORIAL E HOSPITALAR,EMENDA - INCREMENTO TEMPORÁRIO AO CUSTEIO DOS SERVIÇOS DE ASSISTÊNCIA HOSPITALAR E AMBULATORIAL,SP,SAO PAULO,355030,11904961,2025,13851748000140,FUNDO ESTADUAL DE SAUDE - FUNDES,001,01897X,00232718,ESTADUAL,S,S,N,46020,566284,566284,-,-
2025,https://portalfns.saude.gov.br/wp-content/uploads/2026/01/REPASSE-FAF-COM-POPULACAO-2025.xlsx,https://portalfns.saude.gov.br/wp-content/uploads/2026/01/REPASSE-FAF-COM-POPULACAO-2025.xlsx,data/raw/sao_paulo/fns/repasses_faf_com_populacao/2025/REPASSE-FAF-COM-POPULACAO-2025.xlsx,Manutenção Das Ações E Serviços Públicos De Saúde,ATENÇÃO DE MÉDIA E ALTA COMPLEXIDADE AMBULATORIAL E HOSPITALAR,EMENDA - INCREMENTO TEMPORÁRIO AO CUSTEIO DOS SERVIÇOS DE ASSISTÊNCIA HOSPITALAR E AMBULATORIAL,SP,SAO PAULO,355030,11904961,2025,13851748000140,FUNDO ESTADUAL DE SAUDE - FUNDES,001,01897X,00232742,ESTADUAL,S,S,N,46020,500000,500000,-,-
2025,https://portalfns.saude.gov.br/wp-content/uploads/2026/01/REPASSE-FAF-COM-POPULACAO-2025.xlsx,https://portalfns.saude.gov.br/wp-content/uploads/2026/01/REPASSE-FAF-COM-POPULACAO-2025.xlsx,data/raw/sao_paulo/fns/repasses_faf_com_populacao/2025/REPASSE-FAF-COM-POPULACAO-2025.xlsx,Manutenção Das Ações E Serviços Públicos De Saúde,ATENÇÃO DE MÉDIA E ALTA COMPLEXIDADE AMBULATORIAL E HOSPITALAR,EMENDA - INCREMENTO TEMPORÁRIO AO CUSTEIO DOS SERVIÇOS DE ASSISTÊNCIA HOSPITALAR E AMBULATORIAL,SP,SAO PAULO,355030,11904961,2025,13851748000140,FUNDO ESTADUAL DE SAUDE - FUNDES,001,01897X,00232769,ESTADUAL,S,S,N,46020,200000,200000,-,-
2025,https://portalfns.saude.gov.br/wp-content/uploads/2026/01/REPASSE-FAF-COM-POPULACAO-2025.xlsx,https://portalfns.saude.gov.br/wp-content/uploads/2026/01/REPASSE-FAF-COM-POPULACAO-2025.xlsx,data/raw/sao_paulo/fns/repasses_faf_com_populacao/2025/REPASSE-FAF-COM-POPULACAO-2025.xlsx,Manutenção Das Ações E Serviços Públicos De Saúde,ATENÇÃO DE MÉDIA E ALTA COMPLEXIDADE AMBULATORIAL E HOSPITALAR,EMENDA - INCREMENTO TEMPORÁRIO AO CUSTEIO DOS SERVIÇOS DE ASSISTÊNCIA HOSPITALAR E AMBULATORIAL,SP,SAO PAULO,355030,11904961,2025,13851748000140,FUNDO ESTADUAL DE SAUDE - FUNDES,001,01897X,00232777,ESTADUAL,S,S,N,46020,500000,500000,-,-
2025,https://portalfns.saude.gov.br/wp-content/uploads/2026/01/REPASSE-FAF-COM-POPULACAO-2025.xlsx,https://portalfns.saude.gov.br/wp-content/uploads/2026/01/REPASSE-FAF-COM-POPULACAO-2025.xlsx,data/raw/sao_paulo/fns/repasses_faf_com_populacao/2025/REPASSE-FAF-COM-POPULACAO-2025.xlsx,Manutenção Das Ações E Serviços Públicos De Saúde,ATENÇÃO DE MÉDIA E ALTA COMPLEXIDADE AMBULATORIAL E HOSPITALAR,EMENDA - INCREMENTO TEMPORÁRIO AO CUSTEIO DOS SERVIÇOS DE ASSISTÊNCIA HOSPITALAR E AMBULATORIAL,SP,SAO PAULO,355030,11904961,2025,13851748000140,FUNDO ESTADUAL DE SAUDE - FUNDES,001,01897X,00232785,ESTADUAL,S,S,N,46020,305744,305744,-,-
2025,https://portalfns.saude.gov.br/wp-content/uploads/2026/01/REPASSE-FAF-COM-POPULACAO-2025.xlsx,https://portalfns.saude.gov.br/wp-content/uploads/2026/01/REPASSE-FAF-COM-POPULACAO-2025.xlsx,data/raw/sao_paulo/fns/repasses_faf_com_populacao/2025/REPASSE-FAF-COM-POPULACAO-2025.xlsx,Manutenção Das Ações E Serviços Públicos De Saúde,ATENÇÃO DE MÉDIA E ALTA COMPLEXIDADE AMBULATORIAL E HOSPITALAR,EMENDA - INCREMENTO TEMPORÁRIO AO CUSTEIO DOS SERVIÇOS DE ASSISTÊNCIA HOSPITALAR E AMBULATORIAL,SP,SAO PAULO,355030,11904961,2025,13851748000140,FUNDO ESTADUAL DE SAUDE - FUNDES,001,01897X,00232793,ESTADUAL,S,S,N,46020,500000,500000,-,-
2025,https://portalfns.saude.gov.br/wp-content/uploads/2026/01/REPASSE-FAF-COM-POPULACAO-2025.xlsx,https://portalfns.saude.gov.br/wp-content/uploads/2026/01/REPASSE-FAF-COM-POPULACAO-2025.xlsx,data/raw/sao_paulo/fns/repasses_faf_com_populacao/2025/REPASSE-FAF-COM-POPULACAO-2025.xlsx,Manutenção Das Ações E Serviços Públicos De Saúde,ATENÇÃO DE MÉDIA E ALTA COMPLEXIDADE AMBULATORIAL E HOSPITALAR,EMENDA - INCREMENTO TEMPORÁRIO AO CUSTEIO DOS SERVIÇOS DE ASSISTÊNCIA HOSPITALAR E AMBULATORIAL,SP,SAO PAULO,355030,11904961,2025,13851748000140,FUNDO ESTADUAL DE SAUDE - FUNDES,001,01897X,00232807,ESTADUAL,S,S,N,46020,250000,250000,-,-
2025,https://portalfns.saude.gov.br/wp-content/uploads/2026/01/REPASSE-FAF-COM-POPULACAO-2025.xlsx,https://portalfns.saude.gov.br/wp-content/uploads/2026/01/REPASSE-FAF-COM-POPULACAO-2025.xlsx,data/raw/sao_paulo/fns/repasses_faf_com_populacao/2025/REPASSE-FAF-COM-POPULACAO-2025.xlsx,Manutenção Das Ações E Serviços Públicos De Saúde,ATENÇÃO DE MÉDIA E ALTA COMPLEXIDADE AMBULATORIAL E HOSPITALAR,EMENDA - INCREMENTO TEMPORÁRIO AO CUSTEIO DOS SERVIÇOS DE ASSISTÊNCIA HOSPITALAR E AMBULATORIAL,SP,SAO PAULO,355030,11904961,2025,13864377000130,FUNDO MUNICIPAL DE SAUDE - FMS,001,01897X,0022944X,MUNICIPAL,N,S,N,46020,200000,200000,-,-
2025,https://portalfns.saude.gov.br/wp-content/uploads/2026/01/REPASSE-FAF-COM-POPULACAO-2025.xlsx,https://portalfns.saude.gov.br/wp-content/uploads/2026/01/REPASSE-FAF-COM-POPULACAO-2025.xlsx,data/raw/sao_paulo/fns/repasses_faf_com_populacao/2025/REPASSE-FAF-COM-POPULACAO-2025.xlsx,Manutenção Das Ações E Serviços Públicos De Saúde,ATENÇÃO DE MÉDIA E ALTA COMPLEXIDADE AMBULATORIAL E HOSPITALAR,EMENDA - INCREMENTO TEMPORÁRIO AO CUSTEIO DOS SERVIÇOS DE ASSISTÊNCIA HOSPITALAR E AMBULATORIAL,SP,SAO PAULO,355030,11904961,2025,13864377000130,FUNDO MUNICIPAL DE SAUDE - FMS,001,01897X,0022961X,MUNICIPAL,N,S,N,46020,150000,150000,-,-
2025,https://portalfns.saude.gov.br/wp-content/uploads/2026/01/REPASSE-FAF-COM-POPULACAO-2025.xlsx,https://portalfns.saude.gov.br/wp-content/uploads/2026/01/REPASSE-FAF-COM-POPULACAO-2025.xlsx,data/raw/sao_paulo/fns/repasses_faf_com_populacao/2025/REPASSE-FAF-COM-POPULACAO-2025.xlsx,Manutenção Das Ações E Serviços Públicos De Saúde,ATENÇÃO DE MÉDIA E ALTA COMPLEXIDADE AMBULATORIAL E HOSPITALAR,EMENDA - INCREMENTO TEMPORÁRIO AO CUSTEIO DOS SERVIÇOS DE ASSISTÊNCIA HOSPITALAR E AMBULATORIAL,SP,SAO PAULO,355030,11904961,2025,13864377000130,FUNDO MUNICIPAL DE SAUDE - FMS,001,01897X,00229385,MUNICIPAL,N,S,N,46020,300000,300000,-,-
2025,https://portalfns.saude.gov.br/wp-content/uploads/2026/01/REPASSE-FAF-COM-POPULACAO-2025.xlsx,https://portalfns.saude.gov.br/wp-content/uploads/2026/01/REPASSE-FAF-COM-POPULACAO-2025.xlsx,data/raw/sao_paulo/fns/repasses_faf_com_populacao/2025/REPASSE-FAF-COM-POPULACAO-2025.xlsx,Manutenção Das Ações E Serviços Públicos De Saúde,ATENÇÃO DE MÉDIA E ALTA COMPLEXIDADE AMBULATORIAL E HOSPITALAR,EMENDA - INCREMENTO TEMPORÁRIO AO CUSTEIO DOS SERVIÇOS DE ASSISTÊNCIA HOSPITALAR E AMBULATORIAL,SP,SAO PAULO,355030,11904961,2025,13864377000130,FUNDO MUNICIPAL DE SAUDE - FMS,001,01897X,00229547,MUNICIPAL,N,S,N,46020,1972000,1972000,-,-
2025,https://portalfns.saude.gov.br/wp-content/uploads/2026/01/REPASSE-FAF-COM-POPULACAO-2025.xlsx,https://portalfns.saude.gov.br/wp-content/uploads/2026/01/REPASSE-FAF-COM-POPULACAO-2025.xlsx,data/raw/sao_paulo/fns/repasses_faf_com_populacao/2025/REPASSE-FAF-COM-POPULACAO-2025.xlsx,Manutenção Das Ações E Serviços Públicos De Saúde,ATENÇÃO DE MÉDIA E ALTA COMPLEXIDADE AMBULATORIAL E HOSPITALAR,EMENDA - INCREMENTO TEMPORÁRIO AO CUSTEIO DOS SERVIÇOS DE ASSISTÊNCIA HOSPITALAR E AMBULATORIAL,SP,SAO PAULO,355030,11904961,2025,13864377000130,FUNDO MUNICIPAL DE SAUDE - FMS,001,01897X,00229725,MUNICIPAL,N,S,N,46020,400000,400000,-,-
2025,https://portalfns.saude.gov.br/wp-content/uploads/2026/01/REPASSE-FAF-COM-POPULACAO-2025.xlsx,https://portalfns.saude.gov.br/wp-content/uploads/2026/01/REPASSE-FAF-COM-POPULACAO-2025.xlsx,data/raw/sao_paulo/fns/repasses_faf_com_populacao/2025/REPASSE-FAF-COM-POPULACAO-2025.xlsx,Manutenção Das Ações E Serviços Públicos De Saúde,ATENÇÃO DE MÉDIA E ALTA COMPLEXIDADE AMBULATORIAL E HOSPITALAR,EMENDA - INCREMENTO TEMPORÁRIO AO CUSTEIO DOS SERVIÇOS DE ASSISTÊNCIA HOSPITALAR E AMBULATORIAL,SP,SAO PAULO,355030,11904961,2025,13864377000130,FUNDO MUNICIPAL DE SAUDE - FMS,001,01897X,00229741,MUNICIPAL,N,S,N,46020,200000,200000,-,-
2025,https://portalfns.saude.gov.br/wp-content/uploads/2026/01/REPASSE-FAF-COM-POPULACAO-2025.xlsx,https://portalfns.saude.gov.br/wp-content/uploads/2026/01/REPASSE-FAF-COM-POPULACAO-2025.xlsx,data/raw/sao_paulo/fns/repasses_faf_com_populacao/2025/REPASSE-FAF-COM-POPULACAO-2025.xlsx,Manutenção Das Ações E Serviços Públicos De Saúde,ATENÇÃO DE MÉDIA E ALTA COMPLEXIDADE AMBULATORIAL E HOSPITALAR,EMENDA - INCREMENTO TEMPORÁRIO AO CUSTEIO DOS SERVIÇOS DE ASSISTÊNCIA HOSPITALAR E AMBULATORIAL,SP,SAO PAULO,355030,11904961,2025,13864377000130,FUNDO MUNICIPAL DE SAUDE - FMS,001,01897X,00230650,MUNICIPAL,N,S,N,46020,100000,100000,-,-
2025,https://portalfns.saude.gov.br/wp-content/uploads/2026/01/REPASSE-FAF-COM-POPULACAO-2025.xlsx,https://portalfns.saude.gov.br/wp-content/uploads/2026/01/REPASSE-FAF-COM-POPULACAO-2025.xlsx,data/raw/sao_paulo/fns/repasses_faf_com_populacao/2025/REPASSE-FAF-COM-POPULACAO-2025.xlsx,Manutenção Das Ações E Serviços Públicos De Saúde,ATENÇÃO DE MÉDIA E ALTA COMPLEXIDADE AMBULATORIAL E HOSPITALAR,EMENDA - INCREMENTO TEMPORÁRIO AO CUSTEIO DOS SERVIÇOS DE ASSISTÊNCIA HOSPITALAR E AMBULATORIAL,SP,SAO PAULO,355030,11904961,2025,13864377000130,FUNDO MUNICIPAL DE SAUDE - FMS,001,01897X,00232394,MUNICIPAL,N,S,N,46020,200000,200000,-,-
2025,https://portalfns.saude.gov.br/wp-content/uploads/2026/01/REPASSE-FAF-COM-POPULACAO-2025.xlsx,https://portalfns.saude.gov.br/wp-content/uploads/2026/01/REPASSE-FAF-COM-POPULACAO-2025.xlsx,data/raw/sao_paulo/fns/repasses_faf_com_populacao/2025/REPASSE-FAF-COM-POPULACAO-2025.xlsx,Manutenção Das Ações E Serviços Públicos De Saúde,ATENÇÃO DE MÉDIA E ALTA COMPLEXIDADE AMBULATORIAL E HOSPITALAR,EMENDA - INCREMENTO TEMPORÁRIO AO CUSTEIO DOS SERVIÇOS DE ASSISTÊNCIA HOSPITALAR E AMBULATORIAL,SP,SAO PAULO,355030,11904961,2025,13864377000130,FUNDO MUNICIPAL DE SAUDE - FMS,001,01897X,00232408,MUNICIPAL,N,S,N,46020,200000,200000,-,-
2025,https://portalfns.saude.gov.br/wp-content/uploads/2026/01/REPASSE-FAF-COM-POPULACAO-2025.xlsx,https://portalfns.saude.gov.br/wp-content/uploads/2026/01/REPASSE-FAF-COM-POPULACAO-2025.xlsx,data/raw/sao_paulo/fns/repasses_faf_com_populacao/2025/REPASSE-FAF-COM-POPULACAO-2025.xlsx,Manutenção Das Ações E Serviços Públicos De Saúde,ATENÇÃO DE MÉDIA E ALTA COMPLEXIDADE AMBULATORIAL E HOSPITALAR,FAEC - REDUÇÃO DAS FILAS DE CIRURGIAS (ELETIVAS),SP,SAO PAULO,355030,11904961,2025,13864377000130,FUNDO MUNICIPAL DE SAUDE - FMS,001,01897X,000000190470,MUNICIPAL,N,S,N,46020,83061522,83061522,536005569.63999999,45991
2025,https://portalfns.saude.gov.br/wp-content/uploads/2026/01/REPASSE-FAF-COM-POPULACAO-2025.xlsx,https://portalfns.saude.gov.br/wp-content/uploads/2026/01/REPASSE-FAF-COM-POPULACAO-2025.xlsx,data/raw/sao_paulo/fns/repasses_faf_com_populacao/2025/REPASSE-FAF-COM-POPULACAO-2025.xlsx,Estruturação Da Rede De Serviços Públicos De Saúde,ATENÇÃO PRIMÁRIA,EMENDA - ESTRUTURAÇÃO DA REDE DE SERVIÇOS DE ATENÇÃO PRIMÁRIA DE SAÚDE,SP,SAO PAULO,355030,11904961,2025,13864377000130,FUNDO MUNICIPAL DE SAUDE - FMS,001,01897X,00229466,MUNICIPAL,N,S,N,46020,501641,501641,-,-
2025,https://portalfns.saude.gov.br/wp-content/uploads/2026/01/REPASSE-FAF-COM-POPULACAO-2025.xlsx,https://portalfns.saude.gov.br/wp-content/uploads/2026/01/REPASSE-FAF-COM-POPULACAO-2025.xlsx,data/raw/sao_paulo/fns/repasses_faf_com_populacao/2025/REPASSE-FAF-COM-POPULACAO-2025.xlsx,Estruturação Da Rede De Serviços Públicos De Saúde,ATENÇÃO PRIMÁRIA,EMENDA - ESTRUTURAÇÃO DA REDE DE SERVIÇOS DE ATENÇÃO PRIMÁRIA DE SAÚDE,SP,SAO PAULO,355030,11904961,2025,13864377000130,FUNDO MUNICIPAL DE SAUDE - FMS,001,01897X,00230790,MUNICIPAL,N,S,N,46020,250480,250480,-,-
2025,https://portalfns.saude.gov.br/wp-content/uploads/2026/01/REPASSE-FAF-COM-POPULACAO-2025.xlsx,https://portalfns.saude.gov.br/wp-content/uploads/2026/01/REPASSE-FAF-COM-POPULACAO-2025.xlsx,data/raw/sao_paulo/fns/repasses_faf_com_populacao/2025/REPASSE-FAF-COM-POPULACAO-2025.xlsx,Manutenção Das Ações E Serviços Públicos De Saúde,ATENÇÃO PRIMÁRIA,EMENDA - INCREMENTO TEMPORÁRIO AO CUSTEIO DOS SERVIÇOS DE ATENÇÃO PRIMÁRIA EM SAÚDE,SP,SAO PAULO,355030,11904961,2025,13864377000130,FUNDO MUNICIPAL DE SAUDE - FMS,001,01897X,00229458,MUNICIPAL,N,S,N,46020,2050000,2050000,-,-
2025,https://portalfns.saude.gov.br/wp-content/uploads/2026/01/REPASSE-FAF-COM-POPULACAO-2025.xlsx,https://portalfns.saude.gov.br/wp-content/uploads/2026/01/REPASSE-FAF-COM-POPULACAO-2025.xlsx,data/raw/sao_paulo/fns/repasses_faf_com_populacao/2025/REPASSE-FAF-COM-POPULACAO-2025.xlsx,Manutenção Das Ações E Serviços Públicos De Saúde,ATENÇÃO PRIMÁRIA,EMENDA - INCREMENTO TEMPORÁRIO AO CUSTEIO DOS SERVIÇOS DE ATENÇÃO PRIMÁRIA EM SAÚDE,SP,SAO PAULO,355030,11904961,2025,13864377000130,FUNDO MUNICIPAL DE SAUDE - FMS,001,01897X,00230731,MUNICIPAL,N,S,N,46020,1300000,1300000,-,-
2025,https://portalfns.saude.gov.br/wp-content/uploads/2026/01/REPASSE-FAF-COM-POPULACAO-2025.xlsx,https://portalfns.saude.gov.br/wp-content/uploads/2026/01/REPASSE-FAF-COM-POPULACAO-2025.xlsx,data/raw/sao_paulo/fns/repasses_faf_com_populacao/2025/REPASSE-FAF-COM-POPULACAO-2025.xlsx,Manutenção Das Ações E Serviços Públicos De Saúde,VIGILÂNCIA EM SAÚDE,TRANSFERÊNCIA AOS ENTES FEDERATIVOS PARA O PAGAMENTO DOS VENCIMENTOS DOS AGENTES DE COMBATE ÀS ENDEMIAS,SP,SAO PAULO,355030,11904961,2025,13864377000130,FUNDO MUNICIPAL DE SAUDE - FMS,001,01897X,000000190470,MUNICIPAL,N,S,N,46017,79251744,79251744,536005569.63999999,45991
2025,https://portalfns.saude.gov.br/wp-content/uploads/2026/01/REPASSE-FAF-COM-POPULACAO-2025.xlsx,https://portalfns.saude.gov.br/wp-content/uploads/2026/01/REPASSE-FAF-COM-POPULACAO-2025.xlsx,data/raw/sao_paulo/fns/repasses_faf_com_populacao/2025/REPASSE-FAF-COM-POPULACAO-2025.xlsx,Manutenção Das Ações E Serviços Públicos De Saúde,ATENÇÃO DE MÉDIA E ALTA COMPLEXIDADE AMBULATORIAL E HOSPITALAR,EMENDA - INCREMENTO TEMPORÁRIO AO CUSTEIO DOS SERVIÇOS DE ASSISTÊNCIA HOSPITALAR E AMBULATORIAL,SP,SAO PAULO,355030,11904961,2025,13851748000140,FUNDO ESTADUAL DE SAUDE - FUNDES,001,01897X,0023088X,ESTADUAL,S,S,N,46014,34253,34253,-,-
2025,https://portalfns.saude.gov.br/wp-content/uploads/2026/01/REPASSE-FAF-COM-POPULACAO-2025.xlsx,https://portalfns.saude.gov.br/wp-content/uploads/2026/01/REPASSE-FAF-COM-POPULACAO-2025.xlsx,data/raw/sao_paulo/fns/repasses_faf_com_populacao/2025/REPASSE-FAF-COM-POPULACAO-2025.xlsx,Manutenção Das Ações E Serviços Públicos De Saúde,ATENÇÃO DE MÉDIA E ALTA COMPLEXIDADE AMBULATORIAL E HOSPITALAR,EMENDA - INCREMENTO TEMPORÁRIO AO CUSTEIO DOS SERVIÇOS DE ASSISTÊNCIA HOSPITALAR E AMBULATORIAL,SP,SAO PAULO,355030,11904961,2025,13851748000140,FUNDO ESTADUAL DE SAUDE - FUNDES,001,01897X,0023110X,ESTADUAL,S,S,N,46014,555552,555552,-,-
2025,https://portalfns.saude.gov.br/wp-content/uploads/2026/01/REPASSE-FAF-COM-POPULACAO-2025.xlsx,https://portalfns.saude.gov.br/wp-content/uploads/2026/01/REPASSE-FAF-COM-POPULACAO-2025.xlsx,data/raw/sao_paulo/fns/repasses_faf_com_populacao/2025/REPASSE-FAF-COM-POPULACAO-2025.xlsx,Manutenção Das Ações E Serviços Públicos De Saúde,ATENÇÃO DE MÉDIA E ALTA COMPLEXIDADE AMBULATORIAL E HOSPITALAR,EMENDA - INCREMENTO TEMPORÁRIO AO CUSTEIO DOS SERVIÇOS DE ASSISTÊNCIA HOSPITALAR E AMBULATORIAL,SP,SAO PAULO,355030,11904961,2025,13851748000140,FUNDO ESTADUAL DE SAUDE - FUNDES,001,01897X,0023141X,ESTADUAL,S,S,N,46014,925920,925920,-,-
2025,https://portalfns.saude.gov.br/wp-content/uploads/2026/01/REPASSE-FAF-COM-POPULACAO-2025.xlsx,https://portalfns.saude.gov.br/wp-content/uploads/2026/01/REPASSE-FAF-COM-POPULACAO-2025.xlsx,data/raw/sao_paulo/fns/repasses_faf_com_populacao/2025/REPASSE-FAF-COM-POPULACAO-2025.xlsx,Manutenção Das Ações E Serviços Públicos De Saúde,ATENÇÃO DE MÉDIA E ALTA COMPLEXIDADE AMBULATORIAL E HOSPITALAR,EMENDA - INCREMENTO TEMPORÁRIO AO CUSTEIO DOS SERVIÇOS DE ASSISTÊNCIA HOSPITALAR E AMBULATORIAL,SP,SAO PAULO,355030,11904961,2025,13851748000140,FUNDO ESTADUAL DE SAUDE - FUNDES,001,01897X,0023186X,ESTADUAL,S,S,N,46014,293382,293382,-,-
2025,https://portalfns.saude.gov.br/wp-content/uploads/2026/01/REPASSE-FAF-COM-POPULACAO-2025.xlsx,https://portalfns.saude.gov.br/wp-content/uploads/2026/01/REPASSE-FAF-COM-POPULACAO-2025.xlsx,data/raw/sao_paulo/fns/repasses_faf_com_populacao/2025/REPASSE-FAF-COM-POPULACAO-2025.xlsx,Manutenção Das Ações E Serviços Públicos De Saúde,ATENÇÃO DE MÉDIA E ALTA COMPLEXIDADE AMBULATORIAL E HOSPITALAR,EMENDA - INCREMENTO TEMPORÁRIO AO CUSTEIO DOS SERVIÇOS DE ASSISTÊNCIA HOSPITALAR E AMBULATORIAL,SP,SAO PAULO,355030,11904961,2025,13851748000140,FUNDO ESTADUAL DE SAUDE - FUNDES,001,01897X,00230901,ESTADUAL,S,S,N,46014,452711,452711,-,-
2025,https://portalfns.saude.gov.br/wp-content/uploads/2026/01/REPASSE-FAF-COM-POPULACAO-2025.xlsx,https://portalfns.saude.gov.br/wp-content/uploads/2026/01/REPASSE-FAF-COM-POPULACAO-2025.xlsx,data/raw/sao_paulo/fns/repasses_faf_com_populacao/2025/REPASSE-FAF-COM-POPULACAO-2025.xlsx,Manutenção Das Ações E Serviços Públicos De Saúde,ATENÇÃO DE MÉDIA E ALTA COMPLEXIDADE AMBULATORIAL E HOSPITALAR,EMENDA - INCREMENTO TEMPORÁRIO AO CUSTEIO DOS SERVIÇOS DE ASSISTÊNCIA HOSPITALAR E AMBULATORIAL,SP,SAO PAULO,355030,11904961,2025,13851748000140,FUNDO ESTADUAL DE SAUDE - FUNDES,001,01897X,00230936,ESTADUAL,S,S,N,46014,1615421,1615421,-,-
2025,https://portalfns.saude.gov.br/wp-content/uploads/2026/01/REPASSE-FAF-COM-POPULACAO-2025.xlsx,https://portalfns.saude.gov.br/wp-content/uploads/2026/01/REPASSE-FAF-COM-POPULACAO-2025.xlsx,data/raw/sao_paulo/fns/repasses_faf_com_populacao/2025/REPASSE-FAF-COM-POPULACAO-2025.xlsx,Manutenção Das Ações E Serviços Públicos De Saúde,ATENÇÃO DE MÉDIA E ALTA COMPLEXIDADE AMBULATORIAL E HOSPITALAR,EMENDA - INCREMENTO TEMPORÁRIO AO CUSTEIO DOS SERVIÇOS DE ASSISTÊNCIA HOSPITALAR E AMBULATORIAL,SP,SAO PAULO,355030,11904961,2025,13851748000140,FUNDO ESTADUAL DE SAUDE - FUNDES,001,01897X,00230952,ESTADUAL,S,S,N,46014,57218,57218,-,-
2025,https://portalfns.saude.gov.br/wp-content/uploads/2026/01/REPASSE-FAF-COM-POPULACAO-2025.xlsx,https://portalfns.saude.gov.br/wp-content/uploads/2026/01/REPASSE-FAF-COM-POPULACAO-2025.xlsx,data/raw/sao_paulo/fns/repasses_faf_com_populacao/2025/REPASSE-FAF-COM-POPULACAO-2025.xlsx,Manutenção Das Ações E Serviços Públicos De Saúde,ATENÇÃO DE MÉDIA E ALTA COMPLEXIDADE AMBULATORIAL E HOSPITALAR,EMENDA - INCREMENTO TEMPORÁRIO AO CUSTEIO DOS SERVIÇOS DE ASSISTÊNCIA HOSPITALAR E AMBULATORIAL,SP,SAO PAULO,355030,11904961,2025,13851748000140,FUNDO ESTADUAL DE SAUDE - FUNDES,001,01897X,00230979,ESTADUAL,S,S,N,46014,726369,726369,-,-
2025,https://portalfns.saude.gov.br/wp-content/uploads/2026/01/REPASSE-FAF-COM-POPULACAO-2025.xlsx,https://portalfns.saude.gov.br/wp-content/uploads/2026/01/REPASSE-FAF-COM-POPULACAO-2025.xlsx,data/raw/sao_paulo/fns/repasses_faf_com_populacao/2025/REPASSE-FAF-COM-POPULACAO-2025.xlsx,Manutenção Das Ações E Serviços Públicos De Saúde,ATENÇÃO DE MÉDIA E ALTA COMPLEXIDADE AMBULATORIAL E HOSPITALAR,EMENDA - INCREMENTO TEMPORÁRIO AO CUSTEIO DOS SERVIÇOS DE ASSISTÊNCIA HOSPITALAR E AMBULATORIAL,SP,SAO PAULO,355030,11904961,2025,13851748000140,FUNDO ESTADUAL DE SAUDE - FUNDES,001,01897X,00230987,ESTADUAL,S,S,N,46014,2706643,2706643,-,-
2025,https://portalfns.saude.gov.br/wp-content/uploads/2026/01/REPASSE-FAF-COM-POPULACAO-2025.xlsx,https://portalfns.saude.gov.br/wp-content/uploads/2026/01/REPASSE-FAF-COM-POPULACAO-2025.xlsx,data/raw/sao_paulo/fns/repasses_faf_com_populacao/2025/REPASSE-FAF-COM-POPULACAO-2025.xlsx,Manutenção Das Ações E Serviços Públicos De Saúde,ATENÇÃO DE MÉDIA E ALTA COMPLEXIDADE AMBULATORIAL E HOSPITALAR,EMENDA - INCREMENTO TEMPORÁRIO AO CUSTEIO DOS SERVIÇOS DE ASSISTÊNCIA HOSPITALAR E AMBULATORIAL,SP,SAO PAULO,355030,11904961,2025,13851748000140,FUNDO ESTADUAL DE SAUDE - FUNDES,001,01897X,00230995,ESTADUAL,S,S,N,46014,973283,973283,-,-
2025,https://portalfns.saude.gov.br/wp-content/uploads/2026/01/REPASSE-FAF-COM-POPULACAO-2025.xlsx,https://portalfns.saude.gov.br/wp-content/uploads/2026/01/REPASSE-FAF-COM-POPULACAO-2025.xlsx,data/raw/sao_paulo/fns/repasses_faf_com_populacao/2025/REPASSE-FAF-COM-POPULACAO-2025.xlsx,Manutenção Das Ações E Serviços Públicos De Saúde,ATENÇÃO DE MÉDIA E ALTA COMPLEXIDADE AMBULATORIAL E HOSPITALAR,EMENDA - INCREMENTO TEMPORÁRIO AO CUSTEIO DOS SERVIÇOS DE ASSISTÊNCIA HOSPITALAR E AMBULATORIAL,SP,SAO PAULO,355030,11904961,2025,13851748000140,FUNDO ESTADUAL DE SAUDE - FUNDES,001,01897X,00231002,ESTADUAL,S,S,N,46014,346002,346002,-,-
2025,https://portalfns.saude.gov.br/wp-content/uploads/2026/01/REPASSE-FAF-COM-POPULACAO-2025.xlsx,https://portalfns.saude.gov.br/wp-content/uploads/2026/01/REPASSE-FAF-COM-POPULACAO-2025.xlsx,data/raw/sao_paulo/fns/repasses_faf_com_populacao/2025/REPASSE-FAF-COM-POPULACAO-2025.xlsx,Manutenção Das Ações E Serviços Públicos De Saúde,ATENÇÃO DE MÉDIA E ALTA COMPLEXIDADE AMBULATORIAL E HOSPITALAR,EMENDA - INCREMENTO TEMPORÁRIO AO CUSTEIO DOS SERVIÇOS DE ASSISTÊNCIA HOSPITALAR E AMBULATORIAL,SP,SAO PAULO,355030,11904961,2025,13851748000140,FUNDO ESTADUAL DE SAUDE - FUNDES,001,01897X,00231010,ESTADUAL,S,S,N,46014,2460183,2460183,-,-
2025,https://portalfns.saude.gov.br/wp-content/uploads/2026/01/REPASSE-FAF-COM-POPULACAO-2025.xlsx,https://portalfns.saude.gov.br/wp-content/uploads/2026/01/REPASSE-FAF-COM-POPULACAO-2025.xlsx,data/raw/sao_paulo/fns/repasses_faf_com_populacao/2025/REPASSE-FAF-COM-POPULACAO-2025.xlsx,Manutenção Das Ações E Serviços Públicos De Saúde,ATENÇÃO DE MÉDIA E ALTA COMPLEXIDADE AMBULATORIAL E HOSPITALAR,EMENDA - INCREMENTO TEMPORÁRIO AO CUSTEIO DOS SERVIÇOS DE ASSISTÊNCIA HOSPITALAR E AMBULATORIAL,SP,SAO PAULO,355030,11904961,2025,13851748000140,FUNDO ESTADUAL DE SAUDE - FUNDES,001,01897X,00231037,ESTADUAL,S,S,N,46014,80577,80577,-,-
2025,https://portalfns.saude.gov.br/wp-content/uploads/2026/01/REPASSE-FAF-COM-POPULACAO-2025.xlsx,https://portalfns.saude.gov.br/wp-content/uploads/2026/01/REPASSE-FAF-COM-POPULACAO-2025.xlsx,data/raw/sao_paulo/fns/repasses_faf_com_populacao/2025/REPASSE-FAF-COM-POPULACAO-2025.xlsx,Manutenção Das Ações E Serviços Públicos De Saúde,ATENÇÃO DE MÉDIA E ALTA COMPLEXIDADE AMBULATORIAL E HOSPITALAR,EMENDA - INCREMENTO TEMPORÁRIO AO CUSTEIO DOS SERVIÇOS DE ASSISTÊNCIA HOSPITALAR E AMBULATORIAL,SP,SAO PAULO,355030,11904961,2025,13851748000140,FUNDO ESTADUAL DE SAUDE - FUNDES,001,01897X,00231053,ESTADUAL,S,S,N,46014,10573121,10573121,-,-
2025,https://portalfns.saude.gov.br/wp-content/uploads/2026/01/REPASSE-FAF-COM-POPULACAO-2025.xlsx,https://portalfns.saude.gov.br/wp-content/uploads/2026/01/REPASSE-FAF-COM-POPULACAO-2025.xlsx,data/raw/sao_paulo/fns/repasses_faf_com_populacao/2025/REPASSE-FAF-COM-POPULACAO-2025.xlsx,Manutenção Das Ações E Serviços Públicos De Saúde,ATENÇÃO DE MÉDIA E ALTA COMPLEXIDADE AMBULATORIAL E HOSPITALAR,EMENDA - INCREMENTO TEMPORÁRIO AO CUSTEIO DOS SERVIÇOS DE ASSISTÊNCIA HOSPITALAR E AMBULATORIAL,SP,SAO PAULO,355030,11904961,2025,13851748000140,FUNDO ESTADUAL DE SAUDE - FUNDES,001,01897X,00231118,ESTADUAL,S,S,N,46014,569084,569084,-,-
2025,https://portalfns.saude.gov.br/wp-content/uploads/2026/01/REPASSE-FAF-COM-POPULACAO-2025.xlsx,https://portalfns.saude.gov.br/wp-content/uploads/2026/01/REPASSE-FAF-COM-POPULACAO-2025.xlsx,data/raw/sao_paulo/fns/repasses_faf_com_populacao/2025/REPASSE-FAF-COM-POPULACAO-2025.xlsx,Manutenção Das Ações E Serviços Públicos De Saúde,ATENÇÃO DE MÉDIA E ALTA COMPLEXIDADE AMBULATORIAL E HOSPITALAR,EMENDA - INCREMENTO TEMPORÁRIO AO CUSTEIO DOS SERVIÇOS DE ASSISTÊNCIA HOSPITALAR E AMBULATORIAL,SP,SAO PAULO,355030,11904961,2025,13851748000140,FUNDO ESTADUAL DE SAUDE - FUNDES,001,01897X,00231398,ESTADUAL,S,S,N,46014,36857,36857,-,-
2025,https://portalfns.saude.gov.br/wp-content/uploads/2026/01/REPASSE-FAF-COM-POPULACAO-2025.xlsx,https://portalfns.saude.gov.br/wp-content/uploads/2026/01/REPASSE-FAF-COM-POPULACAO-2025.xlsx,data/raw/sao_paulo/fns/repasses_faf_com_populacao/2025/REPASSE-FAF-COM-POPULACAO-2025.xlsx,Manutenção Das Ações E Serviços Públicos De Saúde,ATENÇÃO DE MÉDIA E ALTA COMPLEXIDADE AMBULATORIAL E HOSPITALAR,EMENDA - INCREMENTO TEMPORÁRIO AO CUSTEIO DOS SERVIÇOS DE ASSISTÊNCIA HOSPITALAR E AMBULATORIAL,SP,SAO PAULO,355030,11904961,2025,13851748000140,FUNDO ESTADUAL DE SAUDE - FUNDES,001,01897X,00231444,ESTADUAL,S,S,N,46014,773470,773470,-,-
2025,https://portalfns.saude.gov.br/wp-content/uploads/2026/01/REPASSE-FAF-COM-POPULACAO-2025.xlsx,https://portalfns.saude.gov.br/wp-content/uploads/2026/01/REPASSE-FAF-COM-POPULACAO-2025.xlsx,data/raw/sao_paulo/fns/repasses_faf_com_populacao/2025/REPASSE-FAF-COM-POPULACAO-2025.xlsx,Manutenção Das Ações E Serviços Públicos De Saúde,ATENÇÃO DE MÉDIA E ALTA COMPLEXIDADE AMBULATORIAL E HOSPITALAR,EMENDA - INCREMENTO TEMPORÁRIO AO CUSTEIO DOS SERVIÇOS DE ASSISTÊNCIA HOSPITALAR E AMBULATORIAL,SP,SAO PAULO,355030,11904961,2025,13851748000140,FUNDO ESTADUAL DE SAUDE - FUNDES,001,01897X,00231479,ESTADUAL,S,S,N,46014,6726669,6726669,-,-
2025,https://portalfns.saude.gov.br/wp-content/uploads/2026/01/REPASSE-FAF-COM-POPULACAO-2025.xlsx,https://portalfns.saude.gov.br/wp-content/uploads/2026/01/REPASSE-FAF-COM-POPULACAO-2025.xlsx,data/raw/sao_paulo/fns/repasses_faf_com_populacao/2025/REPASSE-FAF-COM-POPULACAO-2025.xlsx,Manutenção Das Ações E Serviços Públicos De Saúde,ATENÇÃO DE MÉDIA E ALTA COMPLEXIDADE AMBULATORIAL E HOSPITALAR,EMENDA - INCREMENTO TEMPORÁRIO AO CUSTEIO DOS SERVIÇOS DE ASSISTÊNCIA HOSPITALAR E AMBULATORIAL,SP,SAO PAULO,355030,11904961,2025,13851748000140,FUNDO ESTADUAL DE SAUDE - FUNDES,001,01897X,00231525,ESTADUAL,S,S,N,46014,131950,131950,-,-
2025,https://portalfns.saude.gov.br/wp-content/uploads/2026/01/REPASSE-FAF-COM-POPULACAO-2025.xlsx,https://portalfns.saude.gov.br/wp-content/uploads/2026/01/REPASSE-FAF-COM-POPULACAO-2025.xlsx,data/raw/sao_paulo/fns/repasses_faf_com_populacao/2025/REPASSE-FAF-COM-POPULACAO-2025.xlsx,Manutenção Das Ações E Serviços Públicos De Saúde,ATENÇÃO DE MÉDIA E ALTA COMPLEXIDADE AMBULATORIAL E HOSPITALAR,EMENDA - INCREMENTO TEMPORÁRIO AO CUSTEIO DOS SERVIÇOS DE ASSISTÊNCIA HOSPITALAR E AMBULATORIAL,SP,SAO PAULO,355030,11904961,2025,13851748000140,FUNDO ESTADUAL DE SAUDE - FUNDES,001,01897X,00231576,ESTADUAL,S,S,N,46014,17362068,17362068,-,-
2025,https://portalfns.saude.gov.br/wp-content/uploads/2026/01/REPASSE-FAF-COM-POPULACAO-2025.xlsx,https://portalfns.saude.gov.br/wp-content/uploads/2026/01/REPASSE-FAF-COM-POPULACAO-2025.xlsx,data/raw/sao_paulo/fns/repasses_faf_com_populacao/2025/REPASSE-FAF-COM-POPULACAO-2025.xlsx,Manutenção Das Ações E Serviços Públicos De Saúde,ATENÇÃO DE MÉDIA E ALTA COMPLEXIDADE AMBULATORIAL E HOSPITALAR,EMENDA - INCREMENTO TEMPORÁRIO AO CUSTEIO DOS SERVIÇOS DE ASSISTÊNCIA HOSPITALAR E AMBULATORIAL,SP,SAO PAULO,355030,11904961,2025,13851748000140,FUNDO ESTADUAL DE SAUDE - FUNDES,001,01897X,00231630,ESTADUAL,S,S,N,46014,2140329,2140329,-,-
2025,https://portalfns.saude.gov.br/wp-content/uploads/2026/01/REPASSE-FAF-COM-POPULACAO-2025.xlsx,https://portalfns.saude.gov.br/wp-content/uploads/2026/01/REPASSE-FAF-COM-POPULACAO-2025.xlsx,data/raw/sao_paulo/fns/repasses_faf_com_populacao/2025/REPASSE-FAF-COM-POPULACAO-2025.xlsx,Manutenção Das Ações E Serviços Públicos De Saúde,ATENÇÃO DE MÉDIA E ALTA COMPLEXIDADE AMBULATORIAL E HOSPITALAR,EMENDA - INCREMENTO TEMPORÁRIO AO CUSTEIO DOS SERVIÇOS DE ASSISTÊNCIA HOSPITALAR E AMBULATORIAL,SP,SAO PAULO,355030,11904961,2025,13851748000140,FUNDO ESTADUAL DE SAUDE - FUNDES,001,01897X,00231649,ESTADUAL,S,S,N,46014,1680064,1680064,-,-
2025,https://portalfns.saude.gov.br/wp-content/uploads/2026/01/REPASSE-FAF-COM-POPULACAO-2025.xlsx,https://portalfns.saude.gov.br/wp-content/uploads/2026/01/REPASSE-FAF-COM-POPULACAO-2025.xlsx,data/raw/sao_paulo/fns/repasses_faf_com_populacao/2025/REPASSE-FAF-COM-POPULACAO-2025.xlsx,Manutenção Das Ações E Serviços Públicos De Saúde,ATENÇÃO DE MÉDIA E ALTA COMPLEXIDADE AMBULATORIAL E HOSPITALAR,EMENDA - INCREMENTO TEMPORÁRIO AO CUSTEIO DOS SERVIÇOS DE ASSISTÊNCIA HOSPITALAR E AMBULATORIAL,SP,SAO PAULO,355030,11904961,2025,13851748000140,FUNDO ESTADUAL DE SAUDE - FUNDES,001,01897X,00231657,ESTADUAL,S,S,N,46014,185184,185184,-,-
2025,https://portalfns.saude.gov.br/wp-content/uploads/2026/01/REPASSE-FAF-COM-POPULACAO-2025.xlsx,https://portalfns.saude.gov.br/wp-content/uploads/2026/01/REPASSE-FAF-COM-POPULACAO-2025.xlsx,data/raw/sao_paulo/fns/repasses_faf_com_populacao/2025/REPASSE-FAF-COM-POPULACAO-2025.xlsx,Manutenção Das Ações E Serviços Públicos De Saúde,ATENÇÃO DE MÉDIA E ALTA COMPLEXIDADE AMBULATORIAL E HOSPITALAR,EMENDA - INCREMENTO TEMPORÁRIO AO CUSTEIO DOS SERVIÇOS DE ASSISTÊNCIA HOSPITALAR E AMBULATORIAL,SP,SAO PAULO,355030,11904961,2025,13851748000140,FUNDO ESTADUAL DE SAUDE - FUNDES,001,01897X,00231665,ESTADUAL,S,S,N,46014,485704,485704,-,-
2025,https://portalfns.saude.gov.br/wp-content/uploads/2026/01/REPASSE-FAF-COM-POPULACAO-2025.xlsx,https://portalfns.saude.gov.br/wp-content/uploads/2026/01/REPASSE-FAF-COM-POPULACAO-2025.xlsx,data/raw/sao_paulo/fns/repasses_faf_com_populacao/2025/REPASSE-FAF-COM-POPULACAO-2025.xlsx,Manutenção Das Ações E Serviços Públicos De Saúde,ATENÇÃO DE MÉDIA E ALTA COMPLEXIDADE AMBULATORIAL E HOSPITALAR,EMENDA - INCREMENTO TEMPORÁRIO AO CUSTEIO DOS SERVIÇOS DE ASSISTÊNCIA HOSPITALAR E AMBULATORIAL,SP,SAO PAULO,355030,11904961,2025,13851748000140,FUNDO ESTADUAL DE SAUDE - FUNDES,001,01897X,00231673,ESTADUAL,S,S,N,46014,3195150,3195150,-,-
2025,https://portalfns.saude.gov.br/wp-content/uploads/2026/01/REPASSE-FAF-COM-POPULACAO-2025.xlsx,https://portalfns.saude.gov.br/wp-content/uploads/2026/01/REPASSE-FAF-COM-POPULACAO-2025.xlsx,data/raw/sao_paulo/fns/repasses_faf_com_populacao/2025/REPASSE-FAF-COM-POPULACAO-2025.xlsx,Manutenção Das Ações E Serviços Públicos De Saúde,ATENÇÃO DE MÉDIA E ALTA COMPLEXIDADE AMBULATORIAL E HOSPITALAR,EMENDA - INCREMENTO TEMPORÁRIO AO CUSTEIO DOS SERVIÇOS DE ASSISTÊNCIA HOSPITALAR E AMBULATORIAL,SP,SAO PAULO,355030,11904961,2025,13851748000140,FUNDO ESTADUAL DE SAUDE - FUNDES,001,01897X,00231851,ESTADUAL,S,S,N,46014,50812965,50812965,-,-
2025,https://portalfns.saude.gov.br/wp-content/uploads/2026/01/REPASSE-FAF-COM-POPULACAO-2025.xlsx,https://portalfns.saude.gov.br/wp-content/uploads/2026/01/REPASSE-FAF-COM-POPULACAO-2025.xlsx,data/raw/sao_paulo/fns/repasses_faf_com_populacao/2025/REPASSE-FAF-COM-POPULACAO-2025.xlsx,Manutenção Das Ações E Serviços Públicos De Saúde,ATENÇÃO DE MÉDIA E ALTA COMPLEXIDADE AMBULATORIAL E HOSPITALAR,EMENDA - INCREMENTO TEMPORÁRIO AO CUSTEIO DOS SERVIÇOS DE ASSISTÊNCIA HOSPITALAR E AMBULATORIAL,SP,SAO PAULO,355030,11904961,2025,13851748000140,FUNDO ESTADUAL DE SAUDE - FUNDES,001,01897X,00231878,ESTADUAL,S,S,N,46014,6400651,6400651,-,-
2025,https://portalfns.saude.gov.br/wp-content/uploads/2026/01/REPASSE-FAF-COM-POPULACAO-2025.xlsx,https://portalfns.saude.gov.br/wp-content/uploads/2026/01/REPASSE-FAF-COM-POPULACAO-2025.xlsx,data/raw/sao_paulo/fns/repasses_faf_com_populacao/2025/REPASSE-FAF-COM-POPULACAO-2025.xlsx,Manutenção Das Ações E Serviços Públicos De Saúde,ATENÇÃO DE MÉDIA E ALTA COMPLEXIDADE AMBULATORIAL E HOSPITALAR,EMENDA - INCREMENTO TEMPORÁRIO AO CUSTEIO DOS SERVIÇOS DE ASSISTÊNCIA HOSPITALAR E AMBULATORIAL,SP,SAO PAULO,355030,11904961,2025,13851748000140,FUNDO ESTADUAL DE SAUDE - FUNDES,001,01897X,00231916,ESTADUAL,S,S,N,46014,3703680,3703680,-,-
2025,https://portalfns.saude.gov.br/wp-content/uploads/2026/01/REPASSE-FAF-COM-POPULACAO-2025.xlsx,https://portalfns.saude.gov.br/wp-content/uploads/2026/01/REPASSE-FAF-COM-POPULACAO-2025.xlsx,data/raw/sao_paulo/fns/repasses_faf_com_populacao/2025/REPASSE-FAF-COM-POPULACAO-2025.xlsx,Manutenção Das Ações E Serviços Públicos De Saúde,ATENÇÃO DE MÉDIA E ALTA COMPLEXIDADE AMBULATORIAL E HOSPITALAR,EMENDA - INCREMENTO TEMPORÁRIO AO CUSTEIO DOS SERVIÇOS DE ASSISTÊNCIA HOSPITALAR E AMBULATORIAL,SP,SAO PAULO,355030,11904961,2025,13851748000140,FUNDO ESTADUAL DE SAUDE - FUNDES,001,01897X,00231924,ESTADUAL,S,S,N,46014,8207116,8207116,-,-
2025,https://portalfns.saude.gov.br/wp-content/uploads/2026/01/REPASSE-FAF-COM-POPULACAO-2025.xlsx,https://portalfns.saude.gov.br/wp-content/uploads/2026/01/REPASSE-FAF-COM-POPULACAO-2025.xlsx,data/raw/sao_paulo/fns/repasses_faf_com_populacao/2025/REPASSE-FAF-COM-POPULACAO-2025.xlsx,Manutenção Das Ações E Serviços Públicos De Saúde,ATENÇÃO DE MÉDIA E ALTA COMPLEXIDADE AMBULATORIAL E HOSPITALAR,EMENDA - INCREMENTO TEMPORÁRIO AO CUSTEIO DOS SERVIÇOS DE ASSISTÊNCIA HOSPITALAR E AMBULATORIAL,SP,SAO PAULO,355030,11904961,2025,13851748000140,FUNDO ESTADUAL DE SAUDE - FUNDES,001,01897X,0023124X,ESTADUAL,S,S,N,46009,276739,276739,-,-
2025,https://portalfns.saude.gov.br/wp-content/uploads/2026/01/REPASSE-FAF-COM-POPULACAO-2025.xlsx,https://portalfns.saude.gov.br/wp-content/uploads/2026/01/REPASSE-FAF-COM-POPULACAO-2025.xlsx,data/raw/sao_paulo/fns/repasses_faf_com_populacao/2025/REPASSE-FAF-COM-POPULACAO-2025.xlsx,Manutenção Das Ações E Serviços Públicos De Saúde,ATENÇÃO DE MÉDIA E ALTA COMPLEXIDADE AMBULATORIAL E HOSPITALAR,EMENDA - INCREMENTO TEMPORÁRIO AO CUSTEIO DOS SERVIÇOS DE ASSISTÊNCIA HOSPITALAR E AMBULATORIAL,SP,SAO PAULO,355030,11904961,2025,13851748000140,FUNDO ESTADUAL DE SAUDE - FUNDES,001,01897X,0023138X,ESTADUAL,S,S,N,46009,1117505,1117505,-,-
2025,https://portalfns.saude.gov.br/wp-content/uploads/2026/01/REPASSE-FAF-COM-POPULACAO-2025.xlsx,https://portalfns.saude.gov.br/wp-content/uploads/2026/01/REPASSE-FAF-COM-POPULACAO-2025.xlsx,data/raw/sao_paulo/fns/repasses_faf_com_populacao/2025/REPASSE-FAF-COM-POPULACAO-2025.xlsx,Manutenção Das Ações E Serviços Públicos De Saúde,ATENÇÃO DE MÉDIA E ALTA COMPLEXIDADE AMBULATORIAL E HOSPITALAR,EMENDA - INCREMENTO TEMPORÁRIO AO CUSTEIO DOS SERVIÇOS DE ASSISTÊNCIA HOSPITALAR E AMBULATORIAL,SP,SAO PAULO,355030,11904961,2025,13851748000140,FUNDO ESTADUAL DE SAUDE - FUNDES,001,01897X,0023155X,ESTADUAL,S,S,N,46009,455630,455630,-,-
2025,https://portalfns.saude.gov.br/wp-content/uploads/2026/01/REPASSE-FAF-COM-POPULACAO-2025.xlsx,https://portalfns.saude.gov.br/wp-content/uploads/2026/01/REPASSE-FAF-COM-POPULACAO-2025.xlsx,data/raw/sao_paulo/fns/repasses_faf_com_populacao/2025/REPASSE-FAF-COM-POPULACAO-2025.xlsx,Manutenção Das Ações E Serviços Públicos De Saúde,ATENÇÃO DE MÉDIA E ALTA COMPLEXIDADE AMBULATORIAL E HOSPITALAR,EMENDA - INCREMENTO TEMPORÁRIO AO CUSTEIO DOS SERVIÇOS DE ASSISTÊNCIA HOSPITALAR E AMBULATORIAL,SP,SAO PAULO,355030,11904961,2025,13851748000140,FUNDO ESTADUAL DE SAUDE - FUNDES,001,01897X,0023253X,ESTADUAL,S,S,N,46009,100000,100000,-,-
2025,https://portalfns.saude.gov.br/wp-content/uploads/2026/01/REPASSE-FAF-COM-POPULACAO-2025.xlsx,https://portalfns.saude.gov.br/wp-content/uploads/2026/01/REPASSE-FAF-COM-POPULACAO-2025.xlsx,data/raw/sao_paulo/fns/repasses_faf_com_populacao/2025/REPASSE-FAF-COM-POPULACAO-2025.xlsx,Manutenção Das Ações E Serviços Públicos De Saúde,ATENÇÃO DE MÉDIA E ALTA COMPLEXIDADE AMBULATORIAL E HOSPITALAR,EMENDA - INCREMENTO TEMPORÁRIO AO CUSTEIO DOS SERVIÇOS DE ASSISTÊNCIA HOSPITALAR E AMBULATORIAL,SP,SAO PAULO,355030,11904961,2025,13851748000140,FUNDO ESTADUAL DE SAUDE - FUNDES,001,01897X,00231215,ESTADUAL,S,S,N,46009,10172630,10172630,-,-
2025,https://portalfns.saude.gov.br/wp-content/uploads/2026/01/REPASSE-FAF-COM-POPULACAO-2025.xlsx,https://portalfns.saude.gov.br/wp-content/uploads/2026/01/REPASSE-FAF-COM-POPULACAO-2025.xlsx,data/raw/sao_paulo/fns/repasses_faf_com_populacao/2025/REPASSE-FAF-COM-POPULACAO-2025.xlsx,Manutenção Das Ações E Serviços Públicos De Saúde,ATENÇÃO DE MÉDIA E ALTA COMPLEXIDADE AMBULATORIAL E HOSPITALAR,EMENDA - INCREMENTO TEMPORÁRIO AO CUSTEIO DOS SERVIÇOS DE ASSISTÊNCIA HOSPITALAR E AMBULATORIAL,SP,SAO PAULO,355030,11904961,2025,13851748000140,FUNDO ESTADUAL DE SAUDE - FUNDES,001,01897X,00231223,ESTADUAL,S,S,N,46009,1792310,1792310,-,-
2025,https://portalfns.saude.gov.br/wp-content/uploads/2026/01/REPASSE-FAF-COM-POPULACAO-2025.xlsx,https://portalfns.saude.gov.br/wp-content/uploads/2026/01/REPASSE-FAF-COM-POPULACAO-2025.xlsx,data/raw/sao_paulo/fns/repasses_faf_com_populacao/2025/REPASSE-FAF-COM-POPULACAO-2025.xlsx,Manutenção Das Ações E Serviços Públicos De Saúde,ATENÇÃO DE MÉDIA E ALTA COMPLEXIDADE AMBULATORIAL E HOSPITALAR,EMENDA - INCREMENTO TEMPORÁRIO AO CUSTEIO DOS SERVIÇOS DE ASSISTÊNCIA HOSPITALAR E AMBULATORIAL,SP,SAO PAULO,355030,11904961,2025,13851748000140,FUNDO ESTADUAL DE SAUDE - FUNDES,001,01897X,00231231,ESTADUAL,S,S,N,46009,198866,198866,-,-
2025,https://portalfns.saude.gov.br/wp-content/uploads/2026/01/REPASSE-FAF-COM-POPULACAO-2025.xlsx,https://portalfns.saude.gov.br/wp-content/uploads/2026/01/REPASSE-FAF-COM-POPULACAO-2025.xlsx,data/raw/sao_paulo/fns/repasses_faf_com_populacao/2025/REPASSE-FAF-COM-POPULACAO-2025.xlsx,Manutenção Das Ações E Serviços Públicos De Saúde,ATENÇÃO DE MÉDIA E ALTA COMPLEXIDADE AMBULATORIAL E HOSPITALAR,EMENDA - INCREMENTO TEMPORÁRIO AO CUSTEIO DOS SERVIÇOS DE ASSISTÊNCIA HOSPITALAR E AMBULATORIAL,SP,SAO PAULO,355030,11904961,2025,13851748000140,FUNDO ESTADUAL DE SAUDE - FUNDES,001,01897X,00231258,ESTADUAL,S,S,N,46009,277776,277776,-,-
2025,https://portalfns.saude.gov.br/wp-content/uploads/2026/01/REPASSE-FAF-COM-POPULACAO-2025.xlsx,https://portalfns.saude.gov.br/wp-content/uploads/2026/01/REPASSE-FAF-COM-POPULACAO-2025.xlsx,data/raw/sao_paulo/fns/repasses_faf_com_populacao/2025/REPASSE-FAF-COM-POPULACAO-2025.xlsx,Manutenção Das Ações E Serviços Públicos De Saúde,ATENÇÃO DE MÉDIA E ALTA COMPLEXIDADE AMBULATORIAL E HOSPITALAR,EMENDA - INCREMENTO TEMPORÁRIO AO CUSTEIO DOS SERVIÇOS DE ASSISTÊNCIA HOSPITALAR E AMBULATORIAL,SP,SAO PAULO,355030,11904961,2025,13851748000140,FUNDO ESTADUAL DE SAUDE - FUNDES,001,01897X,00231266,ESTADUAL,S,S,N,46009,531664,531664,-,-
2025,https://portalfns.saude.gov.br/wp-content/uploads/2026/01/REPASSE-FAF-COM-POPULACAO-2025.xlsx,https://portalfns.saude.gov.br/wp-content/uploads/2026/01/REPASSE-FAF-COM-POPULACAO-2025.xlsx,data/raw/sao_paulo/fns/repasses_faf_com_populacao/2025/REPASSE-FAF-COM-POPULACAO-2025.xlsx,Manutenção Das Ações E Serviços Públicos De Saúde,ATENÇÃO DE MÉDIA E ALTA COMPLEXIDADE AMBULATORIAL E HOSPITALAR,EMENDA - INCREMENTO TEMPORÁRIO AO CUSTEIO DOS SERVIÇOS DE ASSISTÊNCIA HOSPITALAR E AMBULATORIAL,SP,SAO PAULO,355030,11904961,2025,13851748000140,FUNDO ESTADUAL DE SAUDE - FUNDES,001,01897X,00231274,ESTADUAL,S,S,N,46009,9827356,9827356,-,-
2025,https://portalfns.saude.gov.br/wp-content/uploads/2026/01/REPASSE-FAF-COM-POPULACAO-2025.xlsx,https://portalfns.saude.gov.br/wp-content/uploads/2026/01/REPASSE-FAF-COM-POPULACAO-2025.xlsx,data/raw/sao_paulo/fns/repasses_faf_com_populacao/2025/REPASSE-FAF-COM-POPULACAO-2025.xlsx,Manutenção Das Ações E Serviços Públicos De Saúde,ATENÇÃO DE MÉDIA E ALTA COMPLEXIDADE AMBULATORIAL E HOSPITALAR,EMENDA - INCREMENTO TEMPORÁRIO AO CUSTEIO DOS SERVIÇOS DE ASSISTÊNCIA HOSPITALAR E AMBULATORIAL,SP,SAO PAULO,355030,11904961,2025,13851748000140,FUNDO ESTADUAL DE SAUDE - FUNDES,001,01897X,00231282,ESTADUAL,S,S,N,46009,1142812,1142812,-,-
2025,https://portalfns.saude.gov.br/wp-content/uploads/2026/01/REPASSE-FAF-COM-POPULACAO-2025.xlsx,https://portalfns.saude.gov.br/wp-content/uploads/2026/01/REPASSE-FAF-COM-POPULACAO-2025.xlsx,data/raw/sao_paulo/fns/repasses_faf_com_populacao/2025/REPASSE-FAF-COM-POPULACAO-2025.xlsx,Manutenção Das Ações E Serviços Públicos De Saúde,ATENÇÃO DE MÉDIA E ALTA COMPLEXIDADE AMBULATORIAL E HOSPITALAR,EMENDA - INCREMENTO TEMPORÁRIO AO CUSTEIO DOS SERVIÇOS DE ASSISTÊNCIA HOSPITALAR E AMBULATORIAL,SP,SAO PAULO,355030,11904961,2025,13851748000140,FUNDO ESTADUAL DE SAUDE - FUNDES,001,01897X,00231304,ESTADUAL,S,S,N,46009,163491,163491,-,-
2025,https://portalfns.saude.gov.br/wp-content/uploads/2026/01/REPASSE-FAF-COM-POPULACAO-2025.xlsx,https://portalfns.saude.gov.br/wp-content/uploads/2026/01/REPASSE-FAF-COM-POPULACAO-2025.xlsx,data/raw/sao_paulo/fns/repasses_faf_com_populacao/2025/REPASSE-FAF-COM-POPULACAO-2025.xlsx,Manutenção Das Ações E Serviços Públicos De Saúde,ATENÇÃO DE MÉDIA E ALTA COMPLEXIDADE AMBULATORIAL E HOSPITALAR,EMENDA - INCREMENTO TEMPORÁRIO AO CUSTEIO DOS SERVIÇOS DE ASSISTÊNCIA HOSPITALAR E AMBULATORIAL,SP,SAO PAULO,355030,11904961,2025,13851748000140,FUNDO ESTADUAL DE SAUDE - FUNDES,001,01897X,00231312,ESTADUAL,S,S,N,46009,27697237,27697237,-,-
2025,https://portalfns.saude.gov.br/wp-content/uploads/2026/01/REPASSE-FAF-COM-POPULACAO-2025.xlsx,https://portalfns.saude.gov.br/wp-content/uploads/2026/01/REPASSE-FAF-COM-POPULACAO-2025.xlsx,data/raw/sao_paulo/fns/repasses_faf_com_populacao/2025/REPASSE-FAF-COM-POPULACAO-2025.xlsx,Manutenção Das Ações E Serviços Públicos De Saúde,ATENÇÃO DE MÉDIA E ALTA COMPLEXIDADE AMBULATORIAL E HOSPITALAR,EMENDA - INCREMENTO TEMPORÁRIO AO CUSTEIO DOS SERVIÇOS DE ASSISTÊNCIA HOSPITALAR E AMBULATORIAL,SP,SAO PAULO,355030,11904961,2025,13851748000140,FUNDO ESTADUAL DE SAUDE - FUNDES,001,01897X,00231320,ESTADUAL,S,S,N,46009,8733510,8733510,-,-
2025,https://portalfns.saude.gov.br/wp-content/uploads/2026/01/REPASSE-FAF-COM-POPULACAO-2025.xlsx,https://portalfns.saude.gov.br/wp-content/uploads/2026/01/REPASSE-FAF-COM-POPULACAO-2025.xlsx,data/raw/sao_paulo/fns/repasses_faf_com_populacao/2025/REPASSE-FAF-COM-POPULACAO-2025.xlsx,Manutenção Das Ações E Serviços Públicos De Saúde,ATENÇÃO DE MÉDIA E ALTA COMPLEXIDADE AMBULATORIAL E HOSPITALAR,EMENDA - INCREMENTO TEMPORÁRIO AO CUSTEIO DOS SERVIÇOS DE ASSISTÊNCIA HOSPITALAR E AMBULATORIAL,SP,SAO PAULO,355030,11904961,2025,13851748000140,FUNDO ESTADUAL DE SAUDE - FUNDES,001,01897X,00231355,ESTADUAL,S,S,N,46009,1003080,1003080,-,-
2025,https://portalfns.saude.gov.br/wp-content/uploads/2026/01/REPASSE-FAF-COM-POPULACAO-2025.xlsx,https://portalfns.saude.gov.br/wp-content/uploads/2026/01/REPASSE-FAF-COM-POPULACAO-2025.xlsx,data/raw/sao_paulo/fns/repasses_faf_com_populacao/2025/REPASSE-FAF-COM-POPULACAO-2025.xlsx,Manutenção Das Ações E Serviços Públicos De Saúde,ATENÇÃO DE MÉDIA E ALTA COMPLEXIDADE AMBULATORIAL E HOSPITALAR,EMENDA - INCREMENTO TEMPORÁRIO AO CUSTEIO DOS SERVIÇOS DE ASSISTÊNCIA HOSPITALAR E AMBULATORIAL,SP,SAO PAULO,355030,11904961,2025,13851748000140,FUNDO ESTADUAL DE SAUDE - FUNDES,001,01897X,00231363,ESTADUAL,S,S,N,46009,1761157,1761157,-,-
2025,https://portalfns.saude.gov.br/wp-content/uploads/2026/01/REPASSE-FAF-COM-POPULACAO-2025.xlsx,https://portalfns.saude.gov.br/wp-content/uploads/2026/01/REPASSE-FAF-COM-POPULACAO-2025.xlsx,data/raw/sao_paulo/fns/repasses_faf_com_populacao/2025/REPASSE-FAF-COM-POPULACAO-2025.xlsx,Manutenção Das Ações E Serviços Públicos De Saúde,ATENÇÃO DE MÉDIA E ALTA COMPLEXIDADE AMBULATORIAL E HOSPITALAR,EMENDA - INCREMENTO TEMPORÁRIO AO CUSTEIO DOS SERVIÇOS DE ASSISTÊNCIA HOSPITALAR E AMBULATORIAL,SP,SAO PAULO,355030,11904961,2025,13851748000140,FUNDO ESTADUAL DE SAUDE - FUNDES,001,01897X,00231401,ESTADUAL,S,S,N,46009,364741,364741,-,-
2025,https://portalfns.saude.gov.br/wp-content/uploads/2026/01/REPASSE-FAF-COM-POPULACAO-2025.xlsx,https://portalfns.saude.gov.br/wp-content/uploads/2026/01/REPASSE-FAF-COM-POPULACAO-2025.xlsx,data/raw/sao_paulo/fns/repasses_faf_com_populacao/2025/REPASSE-FAF-COM-POPULACAO-2025.xlsx,Manutenção Das Ações E Serviços Públicos De Saúde,ATENÇÃO DE MÉDIA E ALTA COMPLEXIDADE AMBULATORIAL E HOSPITALAR,EMENDA - INCREMENTO TEMPORÁRIO AO CUSTEIO DOS SERVIÇOS DE ASSISTÊNCIA HOSPITALAR E AMBULATORIAL,SP,SAO PAULO,355030,11904961,2025,13851748000140,FUNDO ESTADUAL DE SAUDE - FUNDES,001,01897X,00231428,ESTADUAL,S,S,N,46009,37036,37036,-,-
2025,https://portalfns.saude.gov.br/wp-content/uploads/2026/01/REPASSE-FAF-COM-POPULACAO-2025.xlsx,https://portalfns.saude.gov.br/wp-content/uploads/2026/01/REPASSE-FAF-COM-POPULACAO-2025.xlsx,data/raw/sao_paulo/fns/repasses_faf_com_populacao/2025/REPASSE-FAF-COM-POPULACAO-2025.xlsx,Manutenção Das Ações E Serviços Públicos De Saúde,ATENÇÃO DE MÉDIA E ALTA COMPLEXIDADE AMBULATORIAL E HOSPITALAR,EMENDA - INCREMENTO TEMPORÁRIO AO CUSTEIO DOS SERVIÇOS DE ASSISTÊNCIA HOSPITALAR E AMBULATORIAL,SP,SAO PAULO,355030,11904961,2025,13851748000140,FUNDO ESTADUAL DE SAUDE - FUNDES,001,01897X,00231436,ESTADUAL,S,S,N,46009,981475,981475,-,-
2025,https://portalfns.saude.gov.br/wp-content/uploads/2026/01/REPASSE-FAF-COM-POPULACAO-2025.xlsx,https://portalfns.saude.gov.br/wp-content/uploads/2026/01/REPASSE-FAF-COM-POPULACAO-2025.xlsx,data/raw/sao_paulo/fns/repasses_faf_com_populacao/2025/REPASSE-FAF-COM-POPULACAO-2025.xlsx,Manutenção Das Ações E Serviços Públicos De Saúde,ATENÇÃO DE MÉDIA E ALTA COMPLEXIDADE AMBULATORIAL E HOSPITALAR,EMENDA - INCREMENTO TEMPORÁRIO AO CUSTEIO DOS SERVIÇOS DE ASSISTÊNCIA HOSPITALAR E AMBULATORIAL,SP,SAO PAULO,355030,11904961,2025,13851748000140,FUNDO ESTADUAL DE SAUDE - FUNDES,001,01897X,00231452,ESTADUAL,S,S,N,46009,907569,907569,-,-
2025,https://portalfns.saude.gov.br/wp-content/uploads/2026/01/REPASSE-FAF-COM-POPULACAO-2025.xlsx,https://portalfns.saude.gov.br/wp-content/uploads/2026/01/REPASSE-FAF-COM-POPULACAO-2025.xlsx,data/raw/sao_paulo/fns/repasses_faf_com_populacao/2025/REPASSE-FAF-COM-POPULACAO-2025.xlsx,Manutenção Das Ações E Serviços Públicos De Saúde,ATENÇÃO DE MÉDIA E ALTA COMPLEXIDADE AMBULATORIAL E HOSPITALAR,EMENDA - INCREMENTO TEMPORÁRIO AO CUSTEIO DOS SERVIÇOS DE ASSISTÊNCIA HOSPITALAR E AMBULATORIAL,SP,SAO PAULO,355030,11904961,2025,13851748000140,FUNDO ESTADUAL DE SAUDE - FUNDES,001,01897X,00231487,ESTADUAL,S,S,N,46009,982819,982819,-,-
2025,https://portalfns.saude.gov.br/wp-content/uploads/2026/01/REPASSE-FAF-COM-POPULACAO-2025.xlsx,https://portalfns.saude.gov.br/wp-content/uploads/2026/01/REPASSE-FAF-COM-POPULACAO-2025.xlsx,data/raw/sao_paulo/fns/repasses_faf_com_populacao/2025/REPASSE-FAF-COM-POPULACAO-2025.xlsx,Manutenção Das Ações E Serviços Públicos De Saúde,ATENÇÃO DE MÉDIA E ALTA COMPLEXIDADE AMBULATORIAL E HOSPITALAR,EMENDA - INCREMENTO TEMPORÁRIO AO CUSTEIO DOS SERVIÇOS DE ASSISTÊNCIA HOSPITALAR E AMBULATORIAL,SP,SAO PAULO,355030,11904961,2025,13851748000140,FUNDO ESTADUAL DE SAUDE - FUNDES,001,01897X,00231495,ESTADUAL,S,S,N,46009,1967386,1967386,-,-
2025,https://portalfns.saude.gov.br/wp-content/uploads/2026/01/REPASSE-FAF-COM-POPULACAO-2025.xlsx,https://portalfns.saude.gov.br/wp-content/uploads/2026/01/REPASSE-FAF-COM-POPULACAO-2025.xlsx,data/raw/sao_paulo/fns/repasses_faf_com_populacao/2025/REPASSE-FAF-COM-POPULACAO-2025.xlsx,Manutenção Das Ações E Serviços Públicos De Saúde,ATENÇÃO DE MÉDIA E ALTA COMPLEXIDADE AMBULATORIAL E HOSPITALAR,EMENDA - INCREMENTO TEMPORÁRIO AO CUSTEIO DOS SERVIÇOS DE ASSISTÊNCIA HOSPITALAR E AMBULATORIAL,SP,SAO PAULO,355030,11904961,2025,13851748000140,FUNDO ESTADUAL DE SAUDE - FUNDES,001,01897X,00231509,ESTADUAL,S,S,N,46009,847297,847297,-,-
2025,https://portalfns.saude.gov.br/wp-content/uploads/2026/01/REPASSE-FAF-COM-POPULACAO-2025.xlsx,https://portalfns.saude.gov.br/wp-content/uploads/2026/01/REPASSE-FAF-COM-POPULACAO-2025.xlsx,data/raw/sao_paulo/fns/repasses_faf_com_populacao/2025/REPASSE-FAF-COM-POPULACAO-2025.xlsx,Manutenção Das Ações E Serviços Públicos De Saúde,ATENÇÃO DE MÉDIA E ALTA COMPLEXIDADE AMBULATORIAL E HOSPITALAR,EMENDA - INCREMENTO TEMPORÁRIO AO CUSTEIO DOS SERVIÇOS DE ASSISTÊNCIA HOSPITALAR E AMBULATORIAL,SP,SAO PAULO,355030,11904961,2025,13851748000140,FUNDO ESTADUAL DE SAUDE - FUNDES,001,01897X,00231584,ESTADUAL,S,S,N,46009,2034610,2034610,-,-
2025,https://portalfns.saude.gov.br/wp-content/uploads/2026/01/REPASSE-FAF-COM-POPULACAO-2025.xlsx,https://portalfns.saude.gov.br/wp-content/uploads/2026/01/REPASSE-FAF-COM-POPULACAO-2025.xlsx,data/raw/sao_paulo/fns/repasses_faf_com_populacao/2025/REPASSE-FAF-COM-POPULACAO-2025.xlsx,Manutenção Das Ações E Serviços Públicos De Saúde,ATENÇÃO DE MÉDIA E ALTA COMPLEXIDADE AMBULATORIAL E HOSPITALAR,EMENDA - INCREMENTO TEMPORÁRIO AO CUSTEIO DOS SERVIÇOS DE ASSISTÊNCIA HOSPITALAR E AMBULATORIAL,SP,SAO PAULO,355030,11904961,2025,13851748000140,FUNDO ESTADUAL DE SAUDE - FUNDES,001,01897X,00231592,ESTADUAL,S,S,N,46009,2784691,2784691,-,-
2025,https://portalfns.saude.gov.br/wp-content/uploads/2026/01/REPASSE-FAF-COM-POPULACAO-2025.xlsx,https://portalfns.saude.gov.br/wp-content/uploads/2026/01/REPASSE-FAF-COM-POPULACAO-2025.xlsx,data/raw/sao_paulo/fns/repasses_faf_com_populacao/2025/REPASSE-FAF-COM-POPULACAO-2025.xlsx,Manutenção Das Ações E Serviços Públicos De Saúde,ATENÇÃO DE MÉDIA E ALTA COMPLEXIDADE AMBULATORIAL E HOSPITALAR,EMENDA - INCREMENTO TEMPORÁRIO AO CUSTEIO DOS SERVIÇOS DE ASSISTÊNCIA HOSPITALAR E AMBULATORIAL,SP,SAO PAULO,355030,11904961,2025,13851748000140,FUNDO ESTADUAL DE SAUDE - FUNDES,001,01897X,00231606,ESTADUAL,S,S,N,46009,193404,193404,-,-
2025,https://portalfns.saude.gov.br/wp-content/uploads/2026/01/REPASSE-FAF-COM-POPULACAO-2025.xlsx,https://portalfns.saude.gov.br/wp-content/uploads/2026/01/REPASSE-FAF-COM-POPULACAO-2025.xlsx,data/raw/sao_paulo/fns/repasses_faf_com_populacao/2025/REPASSE-FAF-COM-POPULACAO-2025.xlsx,Manutenção Das Ações E Serviços Públicos De Saúde,ATENÇÃO DE MÉDIA E ALTA COMPLEXIDADE AMBULATORIAL E HOSPITALAR,EMENDA - INCREMENTO TEMPORÁRIO AO CUSTEIO DOS SERVIÇOS DE ASSISTÊNCIA HOSPITALAR E AMBULATORIAL,SP,SAO PAULO,355030,11904961,2025,13851748000140,FUNDO ESTADUAL DE SAUDE - FUNDES,001,01897X,00232459,ESTADUAL,S,S,N,46009,7993,7993,-,-
2025,https://portalfns.saude.gov.br/wp-content/uploads/2026/01/REPASSE-FAF-COM-POPULACAO-2025.xlsx,https://portalfns.saude.gov.br/wp-content/uploads/2026/01/REPASSE-FAF-COM-POPULACAO-2025.xlsx,data/raw/sao_paulo/fns/repasses_faf_com_populacao/2025/REPASSE-FAF-COM-POPULACAO-2025.xlsx,Manutenção Das Ações E Serviços Públicos De Saúde,ATENÇÃO DE MÉDIA E ALTA COMPLEXIDADE AMBULATORIAL E HOSPITALAR,EMENDA - INCREMENTO TEMPORÁRIO AO CUSTEIO DOS SERVIÇOS DE ASSISTÊNCIA HOSPITALAR E AMBULATORIAL,SP,SAO PAULO,355030,11904961,2025,13851748000140,FUNDO ESTADUAL DE SAUDE - FUNDES,001,01897X,00232467,ESTADUAL,S,S,N,46009,100000,100000,-,-
2025,https://portalfns.saude.gov.br/wp-content/uploads/2026/01/REPASSE-FAF-COM-POPULACAO-2025.xlsx,https://portalfns.saude.gov.br/wp-content/uploads/2026/01/REPASSE-FAF-COM-POPULACAO-2025.xlsx,data/raw/sao_paulo/fns/repasses_faf_com_populacao/2025/REPASSE-FAF-COM-POPULACAO-2025.xlsx,Manutenção Das Ações E Serviços Públicos De Saúde,ATENÇÃO DE MÉDIA E ALTA COMPLEXIDADE AMBULATORIAL E HOSPITALAR,EMENDA - INCREMENTO TEMPORÁRIO AO CUSTEIO DOS SERVIÇOS DE ASSISTÊNCIA HOSPITALAR E AMBULATORIAL,SP,SAO PAULO,355030,11904961,2025,13851748000140,FUNDO ESTADUAL DE SAUDE - FUNDES,001,01897X,00232475,ESTADUAL,S,S,N,46009,390000,390000,-,-
2025,https://portalfns.saude.gov.br/wp-content/uploads/2026/01/REPASSE-FAF-COM-POPULACAO-2025.xlsx,https://portalfns.saude.gov.br/wp-content/uploads/2026/01/REPASSE-FAF-COM-POPULACAO-2025.xlsx,data/raw/sao_paulo/fns/repasses_faf_com_populacao/2025/REPASSE-FAF-COM-POPULACAO-2025.xlsx,Manutenção Das Ações E Serviços Públicos De Saúde,ATENÇÃO DE MÉDIA E ALTA COMPLEXIDADE AMBULATORIAL E HOSPITALAR,EMENDA - INCREMENTO TEMPORÁRIO AO CUSTEIO DOS SERVIÇOS DE ASSISTÊNCIA HOSPITALAR E AMBULATORIAL,SP,SAO PAULO,355030,11904961,2025,13851748000140,FUNDO ESTADUAL DE SAUDE - FUNDES,001,01897X,00232483,ESTADUAL,S,S,N,46009,100000,100000,-,-
2025,https://portalfns.saude.gov.br/wp-content/uploads/2026/01/REPASSE-FAF-COM-POPULACAO-2025.xlsx,https://portalfns.saude.gov.br/wp-content/uploads/2026/01/REPASSE-FAF-COM-POPULACAO-2025.xlsx,data/raw/sao_paulo/fns/repasses_faf_com_populacao/2025/REPASSE-FAF-COM-POPULACAO-2025.xlsx,Manutenção Das Ações E Serviços Públicos De Saúde,ATENÇÃO DE MÉDIA E ALTA COMPLEXIDADE AMBULATORIAL E HOSPITALAR,EMENDA - INCREMENTO TEMPORÁRIO AO CUSTEIO DOS SERVIÇOS DE ASSISTÊNCIA HOSPITALAR E AMBULATORIAL,SP,SAO PAULO,355030,11904961,2025,13851748000140,FUNDO ESTADUAL DE SAUDE - FUNDES,001,01897X,00232491,ESTADUAL,S,S,N,46009,150000,150000,-,-
2025,https://portalfns.saude.gov.br/wp-content/uploads/2026/01/REPASSE-FAF-COM-POPULACAO-2025.xlsx,https://portalfns.saude.gov.br/wp-content/uploads/2026/01/REPASSE-FAF-COM-POPULACAO-2025.xlsx,data/raw/sao_paulo/fns/repasses_faf_com_populacao/2025/REPASSE-FAF-COM-POPULACAO-2025.xlsx,Manutenção Das Ações E Serviços Públicos De Saúde,ATENÇÃO DE MÉDIA E ALTA COMPLEXIDADE AMBULATORIAL E HOSPITALAR,EMENDA - INCREMENTO TEMPORÁRIO AO CUSTEIO DOS SERVIÇOS DE ASSISTÊNCIA HOSPITALAR E AMBULATORIAL,SP,SAO PAULO,355030,11904961,2025,13851748000140,FUNDO ESTADUAL DE SAUDE - FUNDES,001,01897X,00232505,ESTADUAL,S,S,N,46009,300000,300000,-,-
2025,https://portalfns.saude.gov.br/wp-content/uploads/2026/01/REPASSE-FAF-COM-POPULACAO-2025.xlsx,https://portalfns.saude.gov.br/wp-content/uploads/2026/01/REPASSE-FAF-COM-POPULACAO-2025.xlsx,data/raw/sao_paulo/fns/repasses_faf_com_populacao/2025/REPASSE-FAF-COM-POPULACAO-2025.xlsx,Manutenção Das Ações E Serviços Públicos De Saúde,ATENÇÃO DE MÉDIA E ALTA COMPLEXIDADE AMBULATORIAL E HOSPITALAR,EMENDA - INCREMENTO TEMPORÁRIO AO CUSTEIO DOS SERVIÇOS DE ASSISTÊNCIA HOSPITALAR E AMBULATORIAL,SP,SAO PAULO,355030,11904961,2025,13851748000140,FUNDO ESTADUAL DE SAUDE - FUNDES,001,01897X,00232513,ESTADUAL,S,S,N,46009,187993,187993,-,-
2025,https://portalfns.saude.gov.br/wp-content/uploads/2026/01/REPASSE-FAF-COM-POPULACAO-2025.xlsx,https://portalfns.saude.gov.br/wp-content/uploads/2026/01/REPASSE-FAF-COM-POPULACAO-2025.xlsx,data/raw/sao_paulo/fns/repasses_faf_com_populacao/2025/REPASSE-FAF-COM-POPULACAO-2025.xlsx,Manutenção Das Ações E Serviços Públicos De Saúde,ATENÇÃO DE MÉDIA E ALTA COMPLEXIDADE AMBULATORIAL E HOSPITALAR,EMENDA - INCREMENTO TEMPORÁRIO AO CUSTEIO DOS SERVIÇOS DE ASSISTÊNCIA HOSPITALAR E AMBULATORIAL,SP,SAO PAULO,355030,11904961,2025,13851748000140,FUNDO ESTADUAL DE SAUDE - FUNDES,001,01897X,00232521,ESTADUAL,S,S,N,46009,100000,100000,-,-
2025,https://portalfns.saude.gov.br/wp-content/uploads/2026/01/REPASSE-FAF-COM-POPULACAO-2025.xlsx,https://portalfns.saude.gov.br/wp-content/uploads/2026/01/REPASSE-FAF-COM-POPULACAO-2025.xlsx,data/raw/sao_paulo/fns/repasses_faf_com_populacao/2025/REPASSE-FAF-COM-POPULACAO-2025.xlsx,Manutenção Das Ações E Serviços Públicos De Saúde,ATENÇÃO DE MÉDIA E ALTA COMPLEXIDADE AMBULATORIAL E HOSPITALAR,EMENDA - INCREMENTO TEMPORÁRIO AO CUSTEIO DOS SERVIÇOS DE ASSISTÊNCIA HOSPITALAR E AMBULATORIAL,SP,SAO PAULO,355030,11904961,2025,13851748000140,FUNDO ESTADUAL DE SAUDE - FUNDES,001,01897X,00232548,ESTADUAL,S,S,N,46009,700000,700000,-,-
2025,https://portalfns.saude.gov.br/wp-content/uploads/2026/01/REPASSE-FAF-COM-POPULACAO-2025.xlsx,https://portalfns.saude.gov.br/wp-content/uploads/2026/01/REPASSE-FAF-COM-POPULACAO-2025.xlsx,data/raw/sao_paulo/fns/repasses_faf_com_populacao/2025/REPASSE-FAF-COM-POPULACAO-2025.xlsx,Manutenção Das Ações E Serviços Públicos De Saúde,ATENÇÃO DE MÉDIA E ALTA COMPLEXIDADE AMBULATORIAL E HOSPITALAR,EMENDA - INCREMENTO TEMPORÁRIO AO CUSTEIO DOS SERVIÇOS DE ASSISTÊNCIA HOSPITALAR E AMBULATORIAL,SP,SAO PAULO,355030,11904961,2025,13851748000140,FUNDO ESTADUAL DE SAUDE - FUNDES,001,01897X,00232556,ESTADUAL,S,S,N,46009,300000,300000,-,-
2025,https://portalfns.saude.gov.br/wp-content/uploads/2026/01/REPASSE-FAF-COM-POPULACAO-2025.xlsx,https://portalfns.saude.gov.br/wp-content/uploads/2026/01/REPASSE-FAF-COM-POPULACAO-2025.xlsx,data/raw/sao_paulo/fns/repasses_faf_com_populacao/2025/REPASSE-FAF-COM-POPULACAO-2025.xlsx,Manutenção Das Ações E Serviços Públicos De Saúde,ATENÇÃO DE MÉDIA E ALTA COMPLEXIDADE AMBULATORIAL E HOSPITALAR,EMENDA - INCREMENTO TEMPORÁRIO AO CUSTEIO DOS SERVIÇOS DE ASSISTÊNCIA HOSPITALAR E AMBULATORIAL,SP,SAO PAULO,355030,11904961,2025,13851748000140,FUNDO ESTADUAL DE SAUDE - FUNDES,001,01897X,00232564,ESTADUAL,S,S,N,46009,200000,200000,-,-
2025,https://portalfns.saude.gov.br/wp-content/uploads/2026/01/REPASSE-FAF-COM-POPULACAO-2025.xlsx,https://portalfns.saude.gov.br/wp-content/uploads/2026/01/REPASSE-FAF-COM-POPULACAO-2025.xlsx,data/raw/sao_paulo/fns/repasses_faf_com_populacao/2025/REPASSE-FAF-COM-POPULACAO-2025.xlsx,Manutenção Das Ações E Serviços Públicos De Saúde,ATENÇÃO DE MÉDIA E ALTA COMPLEXIDADE AMBULATORIAL E HOSPITALAR,EMENDA - INCREMENTO TEMPORÁRIO AO CUSTEIO DOS SERVIÇOS DE ASSISTÊNCIA HOSPITALAR E AMBULATORIAL,SP,SAO PAULO,355030,11904961,2025,13851748000140,FUNDO ESTADUAL DE SAUDE - FUNDES,001,01897X,00232580,ESTADUAL,S,S,N,46009,2000000,2000000,-,-
2025,https://portalfns.saude.gov.br/wp-content/uploads/2026/01/REPASSE-FAF-COM-POPULACAO-2025.xlsx,https://portalfns.saude.gov.br/wp-content/uploads/2026/01/REPASSE-FAF-COM-POPULACAO-2025.xlsx,data/raw/sao_paulo/fns/repasses_faf_com_populacao/2025/REPASSE-FAF-COM-POPULACAO-2025.xlsx,Manutenção Das Ações E Serviços Públicos De Saúde,ATENÇÃO DE MÉDIA E ALTA COMPLEXIDADE AMBULATORIAL E HOSPITALAR,EMENDA - INCREMENTO TEMPORÁRIO AO CUSTEIO DOS SERVIÇOS DE ASSISTÊNCIA HOSPITALAR E AMBULATORIAL,SP,SAO PAULO,355030,11904961,2025,13851748000140,FUNDO ESTADUAL DE SAUDE - FUNDES,001,01897X,00232602,ESTADUAL,S,S,N,46009,1300000,1300000,-,-
2025,https://portalfns.saude.gov.br/wp-content/uploads/2026/01/REPASSE-FAF-COM-POPULACAO-2025.xlsx,https://portalfns.saude.gov.br/wp-content/uploads/2026/01/REPASSE-FAF-COM-POPULACAO-2025.xlsx,data/raw/sao_paulo/fns/repasses_faf_com_populacao/2025/REPASSE-FAF-COM-POPULACAO-2025.xlsx,Manutenção Das Ações E Serviços Públicos De Saúde,ATENÇÃO DE MÉDIA E ALTA COMPLEXIDADE AMBULATORIAL E HOSPITALAR,OPERACIONALIZAÇÃO DO SISTEMA NACIONAL DE TRANSPLANTES,SP,SAO PAULO,355030,11904961,2025,13851748000140,FUNDO ESTADUAL DE SAUDE - FUNDES,001,01897X,000000190462,ESTADUAL,S,S,N,46008,600000,600000,4232584388.9099998,45991
2025,https://portalfns.saude.gov.br/wp-content/uploads/2026/01/REPASSE-FAF-COM-POPULACAO-2025.xlsx,https://portalfns.saude.gov.br/wp-content/uploads/2026/01/REPASSE-FAF-COM-POPULACAO-2025.xlsx,data/raw/sao_paulo/fns/repasses_faf_com_populacao/2025/REPASSE-FAF-COM-POPULACAO-2025.xlsx,Manutenção Das Ações E Serviços Públicos De Saúde,VIGILÂNCIA EM SAÚDE,INCENTIVO FINANCEIRO ÀS AÇÕES DE VIGILÂNCIA E PREVENÇÃO E CONTROLE DAS DST/AIDS E HEPATITES VIRAIS,SP,SAO PAULO,355030,11904961,2025,13851748000140,FUNDO ESTADUAL DE SAUDE - FUNDES,001,01897X,000000190462,ESTADUAL,S,S,N,46008,9408888.1199999992,9408888.1199999992,4232584388.9099998,45991
2025,https://portalfns.saude.gov.br/wp-content/uploads/2026/01/REPASSE-FAF-COM-POPULACAO-2025.xlsx,https://portalfns.saude.gov.br/wp-content/uploads/2026/01/REPASSE-FAF-COM-POPULACAO-2025.xlsx,data/raw/sao_paulo/fns/repasses_faf_com_populacao/2025/REPASSE-FAF-COM-POPULACAO-2025.xlsx,Manutenção Das Ações E Serviços Públicos De Saúde,VIGILÂNCIA EM SAÚDE,INCENTIVO FINANCEIRO ÀS AÇÕES DE VIGILÂNCIA E PREVENÇÃO E CONTROLE DAS DST/AIDS E HEPATITES VIRAIS,SP,SAO PAULO,355030,11904961,2025,13864377000130,FUNDO MUNICIPAL DE SAUDE - FMS,001,01897X,000000190470,MUNICIPAL,N,S,N,46008,16006652.16,16006652.16,536005569.63999999,45991
2025,https://portalfns.saude.gov.br/wp-content/uploads/2026/01/REPASSE-FAF-COM-POPULACAO-2025.xlsx,https://portalfns.saude.gov.br/wp-content/uploads/2026/01/REPASSE-FAF-COM-POPULACAO-2025.xlsx,data/raw/sao_paulo/fns/repasses_faf_com_populacao/2025/REPASSE-FAF-COM-POPULACAO-2025.xlsx,Manutenção Das Ações E Serviços Públicos De Saúde,ATENÇÃO DE MÉDIA E ALTA COMPLEXIDADE AMBULATORIAL E HOSPITALAR,EMENDA - INCREMENTO TEMPORÁRIO AO CUSTEIO DOS SERVIÇOS DE ASSISTÊNCIA HOSPITALAR E AMBULATORIAL,SP,SAO PAULO,355030,11904961,2025,13851748000140,FUNDO ESTADUAL DE SAUDE - FUNDES,001,01897X,00231460,ESTADUAL,S,S,N,46007,1000000,1000000,-,-
2025,https://portalfns.saude.gov.br/wp-content/uploads/2026/01/REPASSE-FAF-COM-POPULACAO-2025.xlsx,https://portalfns.saude.gov.br/wp-content/uploads/2026/01/REPASSE-FAF-COM-POPULACAO-2025.xlsx,data/raw/sao_paulo/fns/repasses_faf_com_populacao/2025/REPASSE-FAF-COM-POPULACAO-2025.xlsx,Manutenção Das Ações E Serviços Públicos De Saúde,ATENÇÃO DE MÉDIA E ALTA COMPLEXIDADE AMBULATORIAL E HOSPITALAR,EMENDA - INCREMENTO TEMPORÁRIO AO CUSTEIO DOS SERVIÇOS DE ASSISTÊNCIA HOSPITALAR E AMBULATORIAL,SP,SAO PAULO,355030,11904961,2025,13851748000140,FUNDO ESTADUAL DE SAUDE - FUNDES,001,01897X,00231517,ESTADUAL,S,S,N,46007,50000,50000,-,-
2025,https://portalfns.saude.gov.br/wp-content/uploads/2026/01/REPASSE-FAF-COM-POPULACAO-2025.xlsx,https://portalfns.saude.gov.br/wp-content/uploads/2026/01/REPASSE-FAF-COM-POPULACAO-2025.xlsx,data/raw/sao_paulo/fns/repasses_faf_com_populacao/2025/REPASSE-FAF-COM-POPULACAO-2025.xlsx,Manutenção Das Ações E Serviços Públicos De Saúde,ATENÇÃO DE MÉDIA E ALTA COMPLEXIDADE AMBULATORIAL E HOSPITALAR,EMENDA - INCREMENTO TEMPORÁRIO AO CUSTEIO DOS SERVIÇOS DE ASSISTÊNCIA HOSPITALAR E AMBULATORIAL,SP,SAO PAULO,355030,11904961,2025,13851748000140,FUNDO ESTADUAL DE SAUDE - FUNDES,001,01897X,00231533,ESTADUAL,S,S,N,46007,200000,200000,-,-
2025,https://portalfns.saude.gov.br/wp-content/uploads/2026/01/REPASSE-FAF-COM-POPULACAO-2025.xlsx,https://portalfns.saude.gov.br/wp-content/uploads/2026/01/REPASSE-FAF-COM-POPULACAO-2025.xlsx,data/raw/sao_paulo/fns/repasses_faf_com_populacao/2025/REPASSE-FAF-COM-POPULACAO-2025.xlsx,Manutenção Das Ações E Serviços Públicos De Saúde,ATENÇÃO DE MÉDIA E ALTA COMPLEXIDADE AMBULATORIAL E HOSPITALAR,EMENDA - INCREMENTO TEMPORÁRIO AO CUSTEIO DOS SERVIÇOS DE ASSISTÊNCIA HOSPITALAR E AMBULATORIAL,SP,SAO PAULO,355030,11904961,2025,13851748000140,FUNDO ESTADUAL DE SAUDE - FUNDES,001,01897X,00231541,ESTADUAL,S,S,N,46007,200000,200000,-,-
2025,https://portalfns.saude.gov.br/wp-content/uploads/2026/01/REPASSE-FAF-COM-POPULACAO-2025.xlsx,https://portalfns.saude.gov.br/wp-content/uploads/2026/01/REPASSE-FAF-COM-POPULACAO-2025.xlsx,data/raw/sao_paulo/fns/repasses_faf_com_populacao/2025/REPASSE-FAF-COM-POPULACAO-2025.xlsx,Manutenção Das Ações E Serviços Públicos De Saúde,ATENÇÃO DE MÉDIA E ALTA COMPLEXIDADE AMBULATORIAL E HOSPITALAR,EMENDA - INCREMENTO TEMPORÁRIO AO CUSTEIO DOS SERVIÇOS DE ASSISTÊNCIA HOSPITALAR E AMBULATORIAL,SP,SAO PAULO,355030,11904961,2025,13851748000140,FUNDO ESTADUAL DE SAUDE - FUNDES,001,01897X,00231568,ESTADUAL,S,S,N,46007,1300000,1300000,-,-
2025,https://portalfns.saude.gov.br/wp-content/uploads/2026/01/REPASSE-FAF-COM-POPULACAO-2025.xlsx,https://portalfns.saude.gov.br/wp-content/uploads/2026/01/REPASSE-FAF-COM-POPULACAO-2025.xlsx,data/raw/sao_paulo/fns/repasses_faf_com_populacao/2025/REPASSE-FAF-COM-POPULACAO-2025.xlsx,Manutenção Das Ações E Serviços Públicos De Saúde,ATENÇÃO DE MÉDIA E ALTA COMPLEXIDADE AMBULATORIAL E HOSPITALAR,EMENDA - INCREMENTO TEMPORÁRIO AO CUSTEIO DOS SERVIÇOS DE ASSISTÊNCIA HOSPITALAR E AMBULATORIAL,SP,SAO PAULO,355030,11904961,2025,13851748000140,FUNDO ESTADUAL DE SAUDE - FUNDES,001,01897X,00231681,ESTADUAL,S,S,N,46007,300000,300000,-,-
2025,https://portalfns.saude.gov.br/wp-content/uploads/2026/01/REPASSE-FAF-COM-POPULACAO-2025.xlsx,https://portalfns.saude.gov.br/wp-content/uploads/2026/01/REPASSE-FAF-COM-POPULACAO-2025.xlsx,data/raw/sao_paulo/fns/repasses_faf_com_populacao/2025/REPASSE-FAF-COM-POPULACAO-2025.xlsx,Manutenção Das Ações E Serviços Públicos De Saúde,ATENÇÃO DE MÉDIA E ALTA COMPLEXIDADE AMBULATORIAL E HOSPITALAR,EMENDA - INCREMENTO TEMPORÁRIO AO CUSTEIO DOS SERVIÇOS DE ASSISTÊNCIA HOSPITALAR E AMBULATORIAL,SP,SAO PAULO,355030,11904961,2025,13851748000140,FUNDO ESTADUAL DE SAUDE - FUNDES,001,01897X,00231886,ESTADUAL,S,S,N,46007,50000,50000,-,-
2025,https://portalfns.saude.gov.br/wp-content/uploads/2026/01/REPASSE-FAF-COM-POPULACAO-2025.xlsx,https://portalfns.saude.gov.br/wp-content/uploads/2026/01/REPASSE-FAF-COM-POPULACAO-2025.xlsx,data/raw/sao_paulo/fns/repasses_faf_com_populacao/2025/REPASSE-FAF-COM-POPULACAO-2025.xlsx,Manutenção Das Ações E Serviços Públicos De Saúde,ATENÇÃO DE MÉDIA E ALTA COMPLEXIDADE AMBULATORIAL E HOSPITALAR,EMENDA - INCREMENTO TEMPORÁRIO AO CUSTEIO DOS SERVIÇOS DE ASSISTÊNCIA HOSPITALAR E AMBULATORIAL,SP,SAO PAULO,355030,11904961,2025,13851748000140,FUNDO ESTADUAL DE SAUDE - FUNDES,001,01897X,00231908,ESTADUAL,S,S,N,46007,116385,116385,-,-
2025,https://portalfns.saude.gov.br/wp-content/uploads/2026/01/REPASSE-FAF-COM-POPULACAO-2025.xlsx,https://portalfns.saude.gov.br/wp-content/uploads/2026/01/REPASSE-FAF-COM-POPULACAO-2025.xlsx,data/raw/sao_paulo/fns/repasses_faf_com_populacao/2025/REPASSE-FAF-COM-POPULACAO-2025.xlsx,Estruturação Da Rede De Serviços Públicos De Saúde,ATENÇÃO ESPECIALIZADA,EMENDA - ESTRUTURAÇÃO DE UNIDADES DE ATENÇÃO ESPECIALIZADA EM SAÚDE,SP,SAO PAULO,355030,11904961,2025,13851748000140,FUNDO ESTADUAL DE SAUDE - FUNDES,001,01897X,00231746,ESTADUAL,S,S,N,46007,988264,988264,-,-
2025,https://portalfns.saude.gov.br/wp-content/uploads/2026/01/REPASSE-FAF-COM-POPULACAO-2025.xlsx,https://portalfns.saude.gov.br/wp-content/uploads/2026/01/REPASSE-FAF-COM-POPULACAO-2025.xlsx,data/raw/sao_paulo/fns/repasses_faf_com_populacao/2025/REPASSE-FAF-COM-POPULACAO-2025.xlsx,Estruturação Da Rede De Serviços Públicos De Saúde,ATENÇÃO ESPECIALIZADA,EMENDA - ESTRUTURAÇÃO DE UNIDADES DE ATENÇÃO ESPECIALIZADA EM SAÚDE,SP,SAO PAULO,355030,11904961,2025,13851748000140,FUNDO ESTADUAL DE SAUDE - FUNDES,001,01897X,00232017,ESTADUAL,S,S,N,46007,4200000,4200000,-,-
2025,https://portalfns.saude.gov.br/wp-content/uploads/2026/01/REPASSE-FAF-COM-POPULACAO-2025.xlsx,https://portalfns.saude.gov.br/wp-content/uploads/2026/01/REPASSE-FAF-COM-POPULACAO-2025.xlsx,data/raw/sao_paulo/fns/repasses_faf_com_populacao/2025/REPASSE-FAF-COM-POPULACAO-2025.xlsx,Manutenção Das Ações E Serviços Públicos De Saúde,ASSISTÊNCIA FARMACÊUTICA,"RECURSOS FINANCEIROS A TRANSFERIR PARA AQUISICAO PELAS SECRETARIAS DE SAUDE DOS ESTADOS, MUNICIPIOS E DO DISTRITO FEDERAL",SP,SAO PAULO,355030,11904961,2025,13851748000140,FUNDO ESTADUAL DE SAUDE - FUNDES,001,01897X,000000190462,ESTADUAL,S,S,N,46006,43720718.399999991,43720718.399999991,4232584388.9099998,45991
2025,https://portalfns.saude.gov.br/wp-content/uploads/2026/01/REPASSE-FAF-COM-POPULACAO-2025.xlsx,https://portalfns.saude.gov.br/wp-content/uploads/2026/01/REPASSE-FAF-COM-POPULACAO-2025.xlsx,data/raw/sao_paulo/fns/repasses_faf_com_populacao/2025/REPASSE-FAF-COM-POPULACAO-2025.xlsx,Manutenção Das Ações E Serviços Públicos De Saúde,ASSISTÊNCIA FARMACÊUTICA,"RECURSOS FINANCEIROS A TRANSFERIR PARA AQUISICAO PELAS SECRETARIAS DE SAUDE DOS ESTADOS, MUNICIPIOS E DO DISTRITO FEDERAL",SP,SAO PAULO,355030,11904961,2025,13864377000130,FUNDO MUNICIPAL DE SAUDE - FMS,001,01897X,000000190470,MUNICIPAL,N,S,N,46006,93906392.400000006,93906392.400000006,536005569.63999999,45991
2025,https://portalfns.saude.gov.br/wp-content/uploads/2026/01/REPASSE-FAF-COM-POPULACAO-2025.xlsx,https://portalfns.saude.gov.br/wp-content/uploads/2026/01/REPASSE-FAF-COM-POPULACAO-2025.xlsx,data/raw/sao_paulo/fns/repasses_faf_com_populacao/2025/REPASSE-FAF-COM-POPULACAO-2025.xlsx,Manutenção Das Ações E Serviços Públicos De Saúde,ATENÇÃO DE MÉDIA E ALTA COMPLEXIDADE AMBULATORIAL E HOSPITALAR,EMENDA - INCREMENTO TEMPORÁRIO AO CUSTEIO DOS SERVIÇOS DE ASSISTÊNCIA HOSPITALAR E AMBULATORIAL,SP,SAO PAULO,355030,11904961,2025,13851748000140,FUNDO ESTADUAL DE SAUDE - FUNDES,001,01897X,0023091X,ESTADUAL,S,S,N,46006,958461,958461,-,-
2025,https://portalfns.saude.gov.br/wp-content/uploads/2026/01/REPASSE-FAF-COM-POPULACAO-2025.xlsx,https://portalfns.saude.gov.br/wp-content/uploads/2026/01/REPASSE-FAF-COM-POPULACAO-2025.xlsx,data/raw/sao_paulo/fns/repasses_faf_com_populacao/2025/REPASSE-FAF-COM-POPULACAO-2025.xlsx,Manutenção Das Ações E Serviços Públicos De Saúde,ATENÇÃO DE MÉDIA E ALTA COMPLEXIDADE AMBULATORIAL E HOSPITALAR,EMENDA - INCREMENTO TEMPORÁRIO AO CUSTEIO DOS SERVIÇOS DE ASSISTÊNCIA HOSPITALAR E AMBULATORIAL,SP,SAO PAULO,355030,11904961,2025,13851748000140,FUNDO ESTADUAL DE SAUDE - FUNDES,001,01897X,00230960,ESTADUAL,S,S,N,46006,1550000,1550000,-,-
2025,https://portalfns.saude.gov.br/wp-content/uploads/2026/01/REPASSE-FAF-COM-POPULACAO-2025.xlsx,https://portalfns.saude.gov.br/wp-content/uploads/2026/01/REPASSE-FAF-COM-POPULACAO-2025.xlsx,data/raw/sao_paulo/fns/repasses_faf_com_populacao/2025/REPASSE-FAF-COM-POPULACAO-2025.xlsx,Manutenção Das Ações E Serviços Públicos De Saúde,ATENÇÃO DE MÉDIA E ALTA COMPLEXIDADE AMBULATORIAL E HOSPITALAR,EMENDA - INCREMENTO TEMPORÁRIO AO CUSTEIO DOS SERVIÇOS DE ASSISTÊNCIA HOSPITALAR E AMBULATORIAL,SP,SAO PAULO,355030,11904961,2025,13851748000140,FUNDO ESTADUAL DE SAUDE - FUNDES,001,01897X,00231029,ESTADUAL,S,S,N,46006,800000,800000,-,-
2025,https://portalfns.saude.gov.br/wp-content/uploads/2026/01/REPASSE-FAF-COM-POPULACAO-2025.xlsx,https://portalfns.saude.gov.br/wp-content/uploads/2026/01/REPASSE-FAF-COM-POPULACAO-2025.xlsx,data/raw/sao_paulo/fns/repasses_faf_com_populacao/2025/REPASSE-FAF-COM-POPULACAO-2025.xlsx,Manutenção Das Ações E Serviços Públicos De Saúde,ATENÇÃO DE MÉDIA E ALTA COMPLEXIDADE AMBULATORIAL E HOSPITALAR,EMENDA - INCREMENTO TEMPORÁRIO AO CUSTEIO DOS SERVIÇOS DE ASSISTÊNCIA HOSPITALAR E AMBULATORIAL,SP,SAO PAULO,355030,11904961,2025,13851748000140,FUNDO ESTADUAL DE SAUDE - FUNDES,001,01897X,00231045,ESTADUAL,S,S,N,46006,41539,41539,-,-
2025,https://portalfns.saude.gov.br/wp-content/uploads/2026/01/REPASSE-FAF-COM-POPULACAO-2025.xlsx,https://portalfns.saude.gov.br/wp-content/uploads/2026/01/REPASSE-FAF-COM-POPULACAO-2025.xlsx,data/raw/sao_paulo/fns/repasses_faf_com_populacao/2025/REPASSE-FAF-COM-POPULACAO-2025.xlsx,Manutenção Das Ações E Serviços Públicos De Saúde,ATENÇÃO DE MÉDIA E ALTA COMPLEXIDADE AMBULATORIAL E HOSPITALAR,EMENDA - INCREMENTO TEMPORÁRIO AO CUSTEIO DOS SERVIÇOS DE ASSISTÊNCIA HOSPITALAR E AMBULATORIAL,SP,SAO PAULO,355030,11904961,2025,13851748000140,FUNDO ESTADUAL DE SAUDE - FUNDES,001,01897X,00231061,ESTADUAL,S,S,N,46006,1000000,1000000,-,-
2025,https://portalfns.saude.gov.br/wp-content/uploads/2026/01/REPASSE-FAF-COM-POPULACAO-2025.xlsx,https://portalfns.saude.gov.br/wp-content/uploads/2026/01/REPASSE-FAF-COM-POPULACAO-2025.xlsx,data/raw/sao_paulo/fns/repasses_faf_com_populacao/2025/REPASSE-FAF-COM-POPULACAO-2025.xlsx,Manutenção Das Ações E Serviços Públicos De Saúde,ATENÇÃO DE MÉDIA E ALTA COMPLEXIDADE AMBULATORIAL E HOSPITALAR,EMENDA - INCREMENTO TEMPORÁRIO AO CUSTEIO DOS SERVIÇOS DE ASSISTÊNCIA HOSPITALAR E AMBULATORIAL,SP,SAO PAULO,355030,11904961,2025,13851748000140,FUNDO ESTADUAL DE SAUDE - FUNDES,001,01897X,00231096,ESTADUAL,S,S,N,46006,250000,250000,-,-
2025,https://portalfns.saude.gov.br/wp-content/uploads/2026/01/REPASSE-FAF-COM-POPULACAO-2025.xlsx,https://portalfns.saude.gov.br/wp-content/uploads/2026/01/REPASSE-FAF-COM-POPULACAO-2025.xlsx,data/raw/sao_paulo/fns/repasses_faf_com_populacao/2025/REPASSE-FAF-COM-POPULACAO-2025.xlsx,Manutenção Das Ações E Serviços Públicos De Saúde,ATENÇÃO DE MÉDIA E ALTA COMPLEXIDADE AMBULATORIAL E HOSPITALAR,EMENDA - INCREMENTO TEMPORÁRIO AO CUSTEIO DOS SERVIÇOS DE ASSISTÊNCIA HOSPITALAR E AMBULATORIAL,SP,SAO PAULO,355030,11904961,2025,13851748000140,FUNDO ESTADUAL DE SAUDE - FUNDES,001,01897X,00231339,ESTADUAL,S,S,N,46006,597000,597000,-,-
2025,https://portalfns.saude.gov.br/wp-content/uploads/2026/01/REPASSE-FAF-COM-POPULACAO-2025.xlsx,https://portalfns.saude.gov.br/wp-content/uploads/2026/01/REPASSE-FAF-COM-POPULACAO-2025.xlsx,data/raw/sao_paulo/fns/repasses_faf_com_populacao/2025/REPASSE-FAF-COM-POPULACAO-2025.xlsx,Manutenção Das Ações E Serviços Públicos De Saúde,ATENÇÃO DE MÉDIA E ALTA COMPLEXIDADE AMBULATORIAL E HOSPITALAR,EMENDA - INCREMENTO TEMPORÁRIO AO CUSTEIO DOS SERVIÇOS DE ASSISTÊNCIA HOSPITALAR E AMBULATORIAL,SP,SAO PAULO,355030,11904961,2025,13851748000140,FUNDO ESTADUAL DE SAUDE - FUNDES,001,01897X,00231347,ESTADUAL,S,S,N,46006,1000000,1000000,-,-
2025,https://portalfns.saude.gov.br/wp-content/uploads/2026/01/REPASSE-FAF-COM-POPULACAO-2025.xlsx,https://portalfns.saude.gov.br/wp-content/uploads/2026/01/REPASSE-FAF-COM-POPULACAO-2025.xlsx,data/raw/sao_paulo/fns/repasses_faf_com_populacao/2025/REPASSE-FAF-COM-POPULACAO-2025.xlsx,Manutenção Das Ações E Serviços Públicos De Saúde,ATENÇÃO DE MÉDIA E ALTA COMPLEXIDADE AMBULATORIAL E HOSPITALAR,EMENDA - INCREMENTO TEMPORÁRIO AO CUSTEIO DOS SERVIÇOS DE ASSISTÊNCIA HOSPITALAR E AMBULATORIAL,SP,SAO PAULO,355030,11904961,2025,13851748000140,FUNDO ESTADUAL DE SAUDE - FUNDES,001,01897X,00231371,ESTADUAL,S,S,N,46006,200000,200000,-,-
2025,https://portalfns.saude.gov.br/wp-content/uploads/2026/01/REPASSE-FAF-COM-POPULACAO-2025.xlsx,https://portalfns.saude.gov.br/wp-content/uploads/2026/01/REPASSE-FAF-COM-POPULACAO-2025.xlsx,data/raw/sao_paulo/fns/repasses_faf_com_populacao/2025/REPASSE-FAF-COM-POPULACAO-2025.xlsx,Manutenção Das Ações E Serviços Públicos De Saúde,ATENÇÃO PRIMÁRIA,APOIO À MANUTENÇÃO DOS POLOS DE ACADEMIA DA SAÚDE,SP,SAO PAULO,355030,11904961,2025,13864377000130,FUNDO MUNICIPAL DE SAUDE - FMS,001,01897X,000000190470,MUNICIPAL,N,S,N,46006,522000,522000,536005569.63999999,45991
2025,https://portalfns.saude.gov.br/wp-content/uploads/2026/01/REPASSE-FAF-COM-POPULACAO-2025.xlsx,https://portalfns.saude.gov.br/wp-content/uploads/2026/01/REPASSE-FAF-COM-POPULACAO-2025.xlsx,data/raw/sao_paulo/fns/repasses_faf_com_populacao/2025/REPASSE-FAF-COM-POPULACAO-2025.xlsx,Manutenção Das Ações E Serviços Públicos De Saúde,ATENÇÃO PRIMÁRIA,INCENTIVO FINANCEIRO DA APS - ATENCAO A SAUDE BUCAL,SP,SAO PAULO,355030,11904961,2025,13851748000140,FUNDO ESTADUAL DE SAUDE - FUNDES,001,01897X,000000190462,ESTADUAL,S,S,N,46006,537750,537750,4232584388.9099998,45991
2025,https://portalfns.saude.gov.br/wp-content/uploads/2026/01/REPASSE-FAF-COM-POPULACAO-2025.xlsx,https://portalfns.saude.gov.br/wp-content/uploads/2026/01/REPASSE-FAF-COM-POPULACAO-2025.xlsx,data/raw/sao_paulo/fns/repasses_faf_com_populacao/2025/REPASSE-FAF-COM-POPULACAO-2025.xlsx,Manutenção Das Ações E Serviços Públicos De Saúde,ATENÇÃO PRIMÁRIA,INCENTIVO FINANCEIRO DA APS - ATENCAO A SAUDE BUCAL,SP,SAO PAULO,355030,11904961,2025,13864377000130,FUNDO MUNICIPAL DE SAUDE - FMS,001,01897X,000000190470,MUNICIPAL,N,S,N,46006,63131862.54999999,63131862.54999999,536005569.63999999,45991
2025,https://portalfns.saude.gov.br/wp-content/uploads/2026/01/REPASSE-FAF-COM-POPULACAO-2025.xlsx,https://portalfns.saude.gov.br/wp-content/uploads/2026/01/REPASSE-FAF-COM-POPULACAO-2025.xlsx,data/raw/sao_paulo/fns/repasses_faf_com_populacao/2025/REPASSE-FAF-COM-POPULACAO-2025.xlsx,Manutenção Das Ações E Serviços Públicos De Saúde,ATENÇÃO PRIMÁRIA,INCENTIVO FINANCEIRO DA APS - ATENCAO A SAUDE DE PESSOAS EM CONFLITO COM A LEI - ADPF 347,SP,SAO PAULO,355030,11904961,2025,13851748000140,FUNDO ESTADUAL DE SAUDE - FUNDES,001,01897X,000000190462,ESTADUAL,S,S,N,46006,1518000,1518000,4232584388.9099998,45991
2025,https://portalfns.saude.gov.br/wp-content/uploads/2026/01/REPASSE-FAF-COM-POPULACAO-2025.xlsx,https://portalfns.saude.gov.br/wp-content/uploads/2026/01/REPASSE-FAF-COM-POPULACAO-2025.xlsx,data/raw/sao_paulo/fns/repasses_faf_com_populacao/2025/REPASSE-FAF-COM-POPULACAO-2025.xlsx,Manutenção Das Ações E Serviços Públicos De Saúde,ATENÇÃO PRIMÁRIA,INCENTIVO FINANCEIRO DA APS - COMPONENTE PER CAPITA DE BASE POPULACIONAL,SP,SAO PAULO,355030,11904961,2025,13864377000130,FUNDO MUNICIPAL DE SAUDE - FMS,001,01897X,000000190470,MUNICIPAL,N,S,N,46006,70778689.079999998,70778689.079999998,536005569.63999999,45991
2025,https://portalfns.saude.gov.br/wp-content/uploads/2026/01/REPASSE-FAF-COM-POPULACAO-2025.xlsx,https://portalfns.saude.gov.br/wp-content/uploads/2026/01/REPASSE-FAF-COM-POPULACAO-2025.xlsx,data/raw/sao_paulo/fns/repasses_faf_com_populacao/2025/REPASSE-FAF-COM-POPULACAO-2025.xlsx,Manutenção Das Ações E Serviços Públicos De Saúde,ATENÇÃO PRIMÁRIA,"INCENTIVO FINANCEIRO DA APS - DEMAIS PROGRAMAS, SERVIÇOS E EQUIPES DA ATENÇÃO PRIMÁRIA À SAÚDE",SP,SAO PAULO,355030,11904961,2025,13864377000130,FUNDO MUNICIPAL DE SAUDE - FMS,001,01897X,000000190470,MUNICIPAL,N,S,N,46006,19422726,19422726,536005569.63999999,45991
2025,https://portalfns.saude.gov.br/wp-content/uploads/2026/01/REPASSE-FAF-COM-POPULACAO-2025.xlsx,https://portalfns.saude.gov.br/wp-content/uploads/2026/01/REPASSE-FAF-COM-POPULACAO-2025.xlsx,data/raw/sao_paulo/fns/repasses_faf_com_populacao/2025/REPASSE-FAF-COM-POPULACAO-2025.xlsx,Manutenção Das Ações E Serviços Públicos De Saúde,ATENÇÃO PRIMÁRIA,INCENTIVO FINANCEIRO DA APS - EQUIPES DE SAÚDE DA FAMÍLIA/ESF E EQUIPES DE ATENÇÃO PRIMÁRIA/EAP,SP,SAO PAULO,355030,11904961,2025,13864377000130,FUNDO MUNICIPAL DE SAUDE - FMS,001,01897X,000000190470,MUNICIPAL,N,S,N,46006,520938687.5,520938687.5,536005569.63999999,45991
2025,https://portalfns.saude.gov.br/wp-content/uploads/2026/01/REPASSE-FAF-COM-POPULACAO-2025.xlsx,https://portalfns.saude.gov.br/wp-content/uploads/2026/01/REPASSE-FAF-COM-POPULACAO-2025.xlsx,data/raw/sao_paulo/fns/repasses_faf_com_populacao/2025/REPASSE-FAF-COM-POPULACAO-2025.xlsx,Manutenção Das Ações E Serviços Públicos De Saúde,ATENÇÃO PRIMÁRIA,INCENTIVO FINANCEIRO DA APS - EQUIPES MULTIPROFISSIONAIS - EMULTI,SP,SAO PAULO,355030,11904961,2025,13864377000130,FUNDO MUNICIPAL DE SAUDE - FMS,001,01897X,000000190470,MUNICIPAL,N,S,N,46006,65223950,65223950,536005569.63999999,45991
2025,https://portalfns.saude.gov.br/wp-content/uploads/2026/01/REPASSE-FAF-COM-POPULACAO-2025.xlsx,https://portalfns.saude.gov.br/wp-content/uploads/2026/01/REPASSE-FAF-COM-POPULACAO-2025.xlsx,data/raw/sao_paulo/fns/repasses_faf_com_populacao/2025/REPASSE-FAF-COM-POPULACAO-2025.xlsx,Manutenção Das Ações E Serviços Públicos De Saúde,ATENÇÃO DE MÉDIA E ALTA COMPLEXIDADE AMBULATORIAL E HOSPITALAR,EMENDA - INCREMENTO TEMPORÁRIO AO CUSTEIO DOS SERVIÇOS DE ASSISTÊNCIA HOSPITALAR E AMBULATORIAL,SP,SAO PAULO,355030,11904961,2025,13851748000140,FUNDO ESTADUAL DE SAUDE - FUNDES,001,01897X,0023107X,ESTADUAL,S,S,N,46002,100000,100000,-,-
2025,https://portalfns.saude.gov.br/wp-content/uploads/2026/01/REPASSE-FAF-COM-POPULACAO-2025.xlsx,https://portalfns.saude.gov.br/wp-content/uploads/2026/01/REPASSE-FAF-COM-POPULACAO-2025.xlsx,data/raw/sao_paulo/fns/repasses_faf_com_populacao/2025/REPASSE-FAF-COM-POPULACAO-2025.xlsx,Manutenção Das Ações E Serviços Públicos De Saúde,ATENÇÃO DE MÉDIA E ALTA COMPLEXIDADE AMBULATORIAL E HOSPITALAR,EMENDA - INCREMENTO TEMPORÁRIO AO CUSTEIO DOS SERVIÇOS DE ASSISTÊNCIA HOSPITALAR E AMBULATORIAL,SP,SAO PAULO,355030,11904961,2025,13851748000140,FUNDO ESTADUAL DE SAUDE - FUNDES,001,01897X,00229695,ESTADUAL,S,S,N,46002,230000,230000,-,-
2025,https://portalfns.saude.gov.br/wp-content/uploads/2026/01/REPASSE-FAF-COM-POPULACAO-2025.xlsx,https://portalfns.saude.gov.br/wp-content/uploads/2026/01/REPASSE-FAF-COM-POPULACAO-2025.xlsx,data/raw/sao_paulo/fns/repasses_faf_com_populacao/2025/REPASSE-FAF-COM-POPULACAO-2025.xlsx,Manutenção Das Ações E Serviços Públicos De Saúde,ATENÇÃO DE MÉDIA E ALTA COMPLEXIDADE AMBULATORIAL E HOSPITALAR,EMENDA - INCREMENTO TEMPORÁRIO AO CUSTEIO DOS SERVIÇOS DE ASSISTÊNCIA HOSPITALAR E AMBULATORIAL,SP,SAO PAULO,355030,11904961,2025,13851748000140,FUNDO ESTADUAL DE SAUDE - FUNDES,001,01897X,00230928,ESTADUAL,S,S,N,46002,50000,50000,-,-
2025,https://portalfns.saude.gov.br/wp-content/uploads/2026/01/REPASSE-FAF-COM-POPULACAO-2025.xlsx,https://portalfns.saude.gov.br/wp-content/uploads/2026/01/REPASSE-FAF-COM-POPULACAO-2025.xlsx,data/raw/sao_paulo/fns/repasses_faf_com_populacao/2025/REPASSE-FAF-COM-POPULACAO-2025.xlsx,Manutenção Das Ações E Serviços Públicos De Saúde,ATENÇÃO DE MÉDIA E ALTA COMPLEXIDADE AMBULATORIAL E HOSPITALAR,EMENDA - INCREMENTO TEMPORÁRIO AO CUSTEIO DOS SERVIÇOS DE ASSISTÊNCIA HOSPITALAR E AMBULATORIAL,SP,SAO PAULO,355030,11904961,2025,13851748000140,FUNDO ESTADUAL DE SAUDE - FUNDES,001,01897X,00230944,ESTADUAL,S,S,N,46002,300000,300000,-,-
2025,https://portalfns.saude.gov.br/wp-content/uploads/2026/01/REPASSE-FAF-COM-POPULACAO-2025.xlsx,https://portalfns.saude.gov.br/wp-content/uploads/2026/01/REPASSE-FAF-COM-POPULACAO-2025.xlsx,data/raw/sao_paulo/fns/repasses_faf_com_populacao/2025/REPASSE-FAF-COM-POPULACAO-2025.xlsx,Manutenção Das Ações E Serviços Públicos De Saúde,ATENÇÃO DE MÉDIA E ALTA COMPLEXIDADE AMBULATORIAL E HOSPITALAR,EMENDA - INCREMENTO TEMPORÁRIO AO CUSTEIO DOS SERVIÇOS DE ASSISTÊNCIA HOSPITALAR E AMBULATORIAL,SP,SAO PAULO,355030,11904961,2025,13851748000140,FUNDO ESTADUAL DE SAUDE - FUNDES,001,01897X,00231088,ESTADUAL,S,S,N,46002,400000,400000,-,-
2025,https://portalfns.saude.gov.br/wp-content/uploads/2026/01/REPASSE-FAF-COM-POPULACAO-2025.xlsx,https://portalfns.saude.gov.br/wp-content/uploads/2026/01/REPASSE-FAF-COM-POPULACAO-2025.xlsx,data/raw/sao_paulo/fns/repasses_faf_com_populacao/2025/REPASSE-FAF-COM-POPULACAO-2025.xlsx,Manutenção Das Ações E Serviços Públicos De Saúde,ATENÇÃO DE MÉDIA E ALTA COMPLEXIDADE AMBULATORIAL E HOSPITALAR,EMENDA - INCREMENTO TEMPORÁRIO AO CUSTEIO DOS SERVIÇOS DE ASSISTÊNCIA HOSPITALAR E AMBULATORIAL,SP,SAO PAULO,355030,11904961,2025,13851748000140,FUNDO ESTADUAL DE SAUDE - FUNDES,001,01897X,00231207,ESTADUAL,S,S,N,46002,250000,250000,-,-
2025,https://portalfns.saude.gov.br/wp-content/uploads/2026/01/REPASSE-FAF-COM-POPULACAO-2025.xlsx,https://portalfns.saude.gov.br/wp-content/uploads/2026/01/REPASSE-FAF-COM-POPULACAO-2025.xlsx,data/raw/sao_paulo/fns/repasses_faf_com_populacao/2025/REPASSE-FAF-COM-POPULACAO-2025.xlsx,Manutenção Das Ações E Serviços Públicos De Saúde,ATENÇÃO DE MÉDIA E ALTA COMPLEXIDADE AMBULATORIAL E HOSPITALAR,EMENDA - INCREMENTO TEMPORÁRIO AO CUSTEIO DOS SERVIÇOS DE ASSISTÊNCIA HOSPITALAR E AMBULATORIAL,SP,SAO PAULO,355030,11904961,2025,13851748000140,FUNDO ESTADUAL DE SAUDE - FUNDES,001,01897X,00231290,ESTADUAL,S,S,N,46002,50000,50000,-,-
2025,https://portalfns.saude.gov.br/wp-content/uploads/2026/01/REPASSE-FAF-COM-POPULACAO-2025.xlsx,https://portalfns.saude.gov.br/wp-content/uploads/2026/01/REPASSE-FAF-COM-POPULACAO-2025.xlsx,data/raw/sao_paulo/fns/repasses_faf_com_populacao/2025/REPASSE-FAF-COM-POPULACAO-2025.xlsx,Manutenção Das Ações E Serviços Públicos De Saúde,ATENÇÃO PRIMÁRIA,AGENTES COMUNITÁRIOS DE SAÚDE,SP,SAO PAULO,355030,11904961,2025,13864377000130,FUNDO MUNICIPAL DE SAUDE - FMS,001,01897X,000000190470,MUNICIPAL,N,S,N,46002,374827596,374827596,536005569.63999999,45991
2025,https://portalfns.saude.gov.br/wp-content/uploads/2026/01/REPASSE-FAF-COM-POPULACAO-2025.xlsx,https://portalfns.saude.gov.br/wp-content/uploads/2026/01/REPASSE-FAF-COM-POPULACAO-2025.xlsx,data/raw/sao_paulo/fns/repasses_faf_com_populacao/2025/REPASSE-FAF-COM-POPULACAO-2025.xlsx,Manutenção Das Ações E Serviços Públicos De Saúde,ATENÇÃO PRIMÁRIA,IMPLEMENTAÇÃO DA SEGURANÇA ALIMENTAR E NUTRICIONAL NA SAÚDE,SP,SAO PAULO,355030,11904961,2025,13851748000140,FUNDO ESTADUAL DE SAUDE - FUNDES,001,01897X,000000190462,ESTADUAL,S,S,N,46002,345000,345000,4232584388.9099998,45991
2025,https://portalfns.saude.gov.br/wp-content/uploads/2026/01/REPASSE-FAF-COM-POPULACAO-2025.xlsx,https://portalfns.saude.gov.br/wp-content/uploads/2026/01/REPASSE-FAF-COM-POPULACAO-2025.xlsx,data/raw/sao_paulo/fns/repasses_faf_com_populacao/2025/REPASSE-FAF-COM-POPULACAO-2025.xlsx,Manutenção Das Ações E Serviços Públicos De Saúde,ATENÇÃO PRIMÁRIA,IMPLEMENTAÇÃO DA SEGURANÇA ALIMENTAR E NUTRICIONAL NA SAÚDE,SP,SAO PAULO,355030,11904961,2025,13864377000130,FUNDO MUNICIPAL DE SAUDE - FMS,001,01897X,000000190470,MUNICIPAL,N,S,N,46002,184176.69,184176.69,536005569.63999999,45991
2025,https://portalfns.saude.gov.br/wp-content/uploads/2026/01/REPASSE-FAF-COM-POPULACAO-2025.xlsx,https://portalfns.saude.gov.br/wp-content/uploads/2026/01/REPASSE-FAF-COM-POPULACAO-2025.xlsx,data/raw/sao_paulo/fns/repasses_faf_com_populacao/2025/REPASSE-FAF-COM-POPULACAO-2025.xlsx,Manutenção Das Ações E Serviços Públicos De Saúde,ATENÇÃO DE MÉDIA E ALTA COMPLEXIDADE AMBULATORIAL E HOSPITALAR,EMENDA - INCREMENTO TEMPORÁRIO AO CUSTEIO DOS SERVIÇOS DE ASSISTÊNCIA HOSPITALAR E AMBULATORIAL,SP,SAO PAULO,355030,11904961,2025,13851748000140,FUNDO ESTADUAL DE SAUDE - FUNDES,001,01897X,00230634,ESTADUAL,S,S,N,46001,200000,200000,-,-
2025,https://portalfns.saude.gov.br/wp-content/uploads/2026/01/REPASSE-FAF-COM-POPULACAO-2025.xlsx,https://portalfns.saude.gov.br/wp-content/uploads/2026/01/REPASSE-FAF-COM-POPULACAO-2025.xlsx,data/raw/sao_paulo/fns/repasses_faf_com_populacao/2025/REPASSE-FAF-COM-POPULACAO-2025.xlsx,Manutenção Das Ações E Serviços Públicos De Saúde,ASSISTÊNCIA FARMACÊUTICA,COMPONENTE ESPECIALIZADO DA ASSISTÊNCIA FARMACÊUTICA,SP,SAO PAULO,355030,11904961,2025,13851748000140,FUNDO ESTADUAL DE SAUDE - FUNDES,001,01897X,000000190462,ESTADUAL,S,S,N,46000,734732371.25999999,734732371.25999999,4232584388.9099998,45991
2025,https://portalfns.saude.gov.br/wp-content/uploads/2026/01/REPASSE-FAF-COM-POPULACAO-2025.xlsx,https://portalfns.saude.gov.br/wp-content/uploads/2026/01/REPASSE-FAF-COM-POPULACAO-2025.xlsx,data/raw/sao_paulo/fns/repasses_faf_com_populacao/2025/REPASSE-FAF-COM-POPULACAO-2025.xlsx,Manutenção Das Ações E Serviços Públicos De Saúde,VIGILÂNCIA EM SAÚDE,"INCENTIVO FINANCEIRO AOS ESTADOS, DISTRITO FEDERAL E MUNICÍPIOS EXECUÇÃO AÇÕES VIGILÂNCIA SANITÁRIA",SP,SAO PAULO,355030,11904961,2025,13851748000140,FUNDO ESTADUAL DE SAUDE - FUNDES,001,01897X,000000190462,ESTADUAL,S,S,N,46000,15794748,15794748,4232584388.9099998,45991
2025,https://portalfns.saude.gov.br/wp-content/uploads/2026/01/REPASSE-FAF-COM-POPULACAO-2025.xlsx,https://portalfns.saude.gov.br/wp-content/uploads/2026/01/REPASSE-FAF-COM-POPULACAO-2025.xlsx,data/raw/sao_paulo/fns/repasses_faf_com_populacao/2025/REPASSE-FAF-COM-POPULACAO-2025.xlsx,Manutenção Das Ações E Serviços Públicos De Saúde,ATENÇÃO DE MÉDIA E ALTA COMPLEXIDADE AMBULATORIAL E HOSPITALAR,EMENDA - INCREMENTO TEMPORÁRIO AO CUSTEIO DOS SERVIÇOS DE ASSISTÊNCIA HOSPITALAR E AMBULATORIAL,SP,SAO PAULO,355030,11904961,2025,13851748000140,FUNDO ESTADUAL DE SAUDE - FUNDES,001,01897X,000000231193,ESTADUAL,S,S,N,45996,5650004,5650004,0,45991
2025,https://portalfns.saude.gov.br/wp-content/uploads/2026/01/REPASSE-FAF-COM-POPULACAO-2025.xlsx,https://portalfns.saude.gov.br/wp-content/uploads/2026/01/REPASSE-FAF-COM-POPULACAO-2025.xlsx,data/raw/sao_paulo/fns/repasses_faf_com_populacao/2025/REPASSE-FAF-COM-POPULACAO-2025.xlsx,Estruturação Da Rede De Serviços Públicos De Saúde,ATENÇÃO ESPECIALIZADA,EMENDA - ESTRUTURAÇÃO DE UNIDADES DE ATENÇÃO ESPECIALIZADA EM SAÚDE,SP,SAO PAULO,355030,11904961,2025,13851748000140,FUNDO ESTADUAL DE SAUDE - FUNDES,001,01897X,00230642,ESTADUAL,S,S,N,45996,489165,489165,-,-
2025,https://portalfns.saude.gov.br/wp-content/uploads/2026/01/REPASSE-FAF-COM-POPULACAO-2025.xlsx,https://portalfns.saude.gov.br/wp-content/uploads/2026/01/REPASSE-FAF-COM-POPULACAO-2025.xlsx,data/raw/sao_paulo/fns/repasses_faf_com_populacao/2025/REPASSE-FAF-COM-POPULACAO-2025.xlsx,Manutenção Das Ações E Serviços Públicos De Saúde,ATENÇÃO DE MÉDIA E ALTA COMPLEXIDADE AMBULATORIAL E HOSPITALAR,SAMU 192,SP,SAO PAULO,355030,11904961,2025,13864377000130,FUNDO MUNICIPAL DE SAUDE - FMS,001,01897X,000000190470,MUNICIPAL,N,S,N,45995,58476631.200000003,58476631.200000003,536005569.63999999,45991
2025,https://portalfns.saude.gov.br/wp-content/uploads/2026/01/REPASSE-FAF-COM-POPULACAO-2025.xlsx,https://portalfns.saude.gov.br/wp-content/uploads/2026/01/REPASSE-FAF-COM-POPULACAO-2025.xlsx,data/raw/sao_paulo/fns/repasses_faf_com_populacao/2025/REPASSE-FAF-COM-POPULACAO-2025.xlsx,Manutenção Das Ações E Serviços Públicos De Saúde,ATENÇÃO DE MÉDIA E ALTA COMPLEXIDADE AMBULATORIAL E HOSPITALAR,EMENDA - INCREMENTO TEMPORÁRIO AO CUSTEIO DOS SERVIÇOS DE ASSISTÊNCIA HOSPITALAR E AMBULATORIAL,SP,SAO PAULO,355030,11904961,2025,13851748000140,FUNDO ESTADUAL DE SAUDE - FUNDES,001,01897X,0022927X,ESTADUAL,S,S,N,45994,200000,200000,-,-
2025,https://portalfns.saude.gov.br/wp-content/uploads/2026/01/REPASSE-FAF-COM-POPULACAO-2025.xlsx,https://portalfns.saude.gov.br/wp-content/uploads/2026/01/REPASSE-FAF-COM-POPULACAO-2025.xlsx,data/raw/sao_paulo/fns/repasses_faf_com_populacao/2025/REPASSE-FAF-COM-POPULACAO-2025.xlsx,Manutenção Das Ações E Serviços Públicos De Saúde,ATENÇÃO DE MÉDIA E ALTA COMPLEXIDADE AMBULATORIAL E HOSPITALAR,EMENDA - INCREMENTO TEMPORÁRIO AO CUSTEIO DOS SERVIÇOS DE ASSISTÊNCIA HOSPITALAR E AMBULATORIAL,SP,SAO PAULO,355030,11904961,2025,13851748000140,FUNDO ESTADUAL DE SAUDE - FUNDES,001,01897X,0022930X,ESTADUAL,S,S,N,45994,230000,230000,-,-
2025,https://portalfns.saude.gov.br/wp-content/uploads/2026/01/REPASSE-FAF-COM-POPULACAO-2025.xlsx,https://portalfns.saude.gov.br/wp-content/uploads/2026/01/REPASSE-FAF-COM-POPULACAO-2025.xlsx,data/raw/sao_paulo/fns/repasses_faf_com_populacao/2025/REPASSE-FAF-COM-POPULACAO-2025.xlsx,Manutenção Das Ações E Serviços Públicos De Saúde,ATENÇÃO DE MÉDIA E ALTA COMPLEXIDADE AMBULATORIAL E HOSPITALAR,EMENDA - INCREMENTO TEMPORÁRIO AO CUSTEIO DOS SERVIÇOS DE ASSISTÊNCIA HOSPITALAR E AMBULATORIAL,SP,SAO PAULO,355030,11904961,2025,13851748000140,FUNDO ESTADUAL DE SAUDE - FUNDES,001,01897X,000000223794,ESTADUAL,S,S,N,45994,400000,400000,0,45991
2025,https://portalfns.saude.gov.br/wp-content/uploads/2026/01/REPASSE-FAF-COM-POPULACAO-2025.xlsx,https://portalfns.saude.gov.br/wp-content/uploads/2026/01/REPASSE-FAF-COM-POPULACAO-2025.xlsx,data/raw/sao_paulo/fns/repasses_faf_com_populacao/2025/REPASSE-FAF-COM-POPULACAO-2025.xlsx,Manutenção Das Ações E Serviços Públicos De Saúde,ATENÇÃO DE MÉDIA E ALTA COMPLEXIDADE AMBULATORIAL E HOSPITALAR,EMENDA - INCREMENTO TEMPORÁRIO AO CUSTEIO DOS SERVIÇOS DE ASSISTÊNCIA HOSPITALAR E AMBULATORIAL,SP,SAO PAULO,355030,11904961,2025,13851748000140,FUNDO ESTADUAL DE SAUDE - FUNDES,001,01897X,00229245,ESTADUAL,S,S,N,45994,200000,200000,-,-
2025,https://portalfns.saude.gov.br/wp-content/uploads/2026/01/REPASSE-FAF-COM-POPULACAO-2025.xlsx,https://portalfns.saude.gov.br/wp-content/uploads/2026/01/REPASSE-FAF-COM-POPULACAO-2025.xlsx,data/raw/sao_paulo/fns/repasses_faf_com_populacao/2025/REPASSE-FAF-COM-POPULACAO-2025.xlsx,Manutenção Das Ações E Serviços Públicos De Saúde,ATENÇÃO DE MÉDIA E ALTA COMPLEXIDADE AMBULATORIAL E HOSPITALAR,EMENDA - INCREMENTO TEMPORÁRIO AO CUSTEIO DOS SERVIÇOS DE ASSISTÊNCIA HOSPITALAR E AMBULATORIAL,SP,SAO PAULO,355030,11904961,2025,13851748000140,FUNDO ESTADUAL DE SAUDE - FUNDES,001,01897X,00229288,ESTADUAL,S,S,N,45994,200000,200000,-,-
2025,https://portalfns.saude.gov.br/wp-content/uploads/2026/01/REPASSE-FAF-COM-POPULACAO-2025.xlsx,https://portalfns.saude.gov.br/wp-content/uploads/2026/01/REPASSE-FAF-COM-POPULACAO-2025.xlsx,data/raw/sao_paulo/fns/repasses_faf_com_populacao/2025/REPASSE-FAF-COM-POPULACAO-2025.xlsx,Manutenção Das Ações E Serviços Públicos De Saúde,ATENÇÃO DE MÉDIA E ALTA COMPLEXIDADE AMBULATORIAL E HOSPITALAR,EMENDA - INCREMENTO TEMPORÁRIO AO CUSTEIO DOS SERVIÇOS DE ASSISTÊNCIA HOSPITALAR E AMBULATORIAL,SP,SAO PAULO,355030,11904961,2025,13851748000140,FUNDO ESTADUAL DE SAUDE - FUNDES,001,01897X,00229296,ESTADUAL,S,S,N,45994,230000,230000,-,-
2025,https://portalfns.saude.gov.br/wp-content/uploads/2026/01/REPASSE-FAF-COM-POPULACAO-2025.xlsx,https://portalfns.saude.gov.br/wp-content/uploads/2026/01/REPASSE-FAF-COM-POPULACAO-2025.xlsx,data/raw/sao_paulo/fns/repasses_faf_com_populacao/2025/REPASSE-FAF-COM-POPULACAO-2025.xlsx,Manutenção Das Ações E Serviços Públicos De Saúde,ATENÇÃO DE MÉDIA E ALTA COMPLEXIDADE AMBULATORIAL E HOSPITALAR,EMENDA - INCREMENTO TEMPORÁRIO AO CUSTEIO DOS SERVIÇOS DE ASSISTÊNCIA HOSPITALAR E AMBULATORIAL,SP,SAO PAULO,355030,11904961,2025,13851748000140,FUNDO ESTADUAL DE SAUDE - FUNDES,001,01897X,00229350,ESTADUAL,S,S,N,45994,200000,200000,-,-
2025,https://portalfns.saude.gov.br/wp-content/uploads/2026/01/REPASSE-FAF-COM-POPULACAO-2025.xlsx,https://portalfns.saude.gov.br/wp-content/uploads/2026/01/REPASSE-FAF-COM-POPULACAO-2025.xlsx,data/raw/sao_paulo/fns/repasses_faf_com_populacao/2025/REPASSE-FAF-COM-POPULACAO-2025.xlsx,Manutenção Das Ações E Serviços Públicos De Saúde,ATENÇÃO DE MÉDIA E ALTA COMPLEXIDADE AMBULATORIAL E HOSPITALAR,EMENDA - INCREMENTO TEMPORÁRIO AO CUSTEIO DOS SERVIÇOS DE ASSISTÊNCIA HOSPITALAR E AMBULATORIAL,SP,SAO PAULO,355030,11904961,2025,13851748000140,FUNDO ESTADUAL DE SAUDE - FUNDES,001,01897X,00229369,ESTADUAL,S,S,N,45994,252000,252000,-,-
2025,https://portalfns.saude.gov.br/wp-content/uploads/2026/01/REPASSE-FAF-COM-POPULACAO-2025.xlsx,https://portalfns.saude.gov.br/wp-content/uploads/2026/01/REPASSE-FAF-COM-POPULACAO-2025.xlsx,data/raw/sao_paulo/fns/repasses_faf_com_populacao/2025/REPASSE-FAF-COM-POPULACAO-2025.xlsx,Manutenção Das Ações E Serviços Públicos De Saúde,ATENÇÃO DE MÉDIA E ALTA COMPLEXIDADE AMBULATORIAL E HOSPITALAR,EMENDA - INCREMENTO TEMPORÁRIO AO CUSTEIO DOS SERVIÇOS DE ASSISTÊNCIA HOSPITALAR E AMBULATORIAL,SP,SAO PAULO,355030,11904961,2025,13851748000140,FUNDO ESTADUAL DE SAUDE - FUNDES,001,01897X,00229377,ESTADUAL,S,S,N,45994,200000,200000,-,-
2025,https://portalfns.saude.gov.br/wp-content/uploads/2026/01/REPASSE-FAF-COM-POPULACAO-2025.xlsx,https://portalfns.saude.gov.br/wp-content/uploads/2026/01/REPASSE-FAF-COM-POPULACAO-2025.xlsx,data/raw/sao_paulo/fns/repasses_faf_com_populacao/2025/REPASSE-FAF-COM-POPULACAO-2025.xlsx,Manutenção Das Ações E Serviços Públicos De Saúde,ATENÇÃO DE MÉDIA E ALTA COMPLEXIDADE AMBULATORIAL E HOSPITALAR,EMENDA - INCREMENTO TEMPORÁRIO AO CUSTEIO DOS SERVIÇOS DE ASSISTÊNCIA HOSPITALAR E AMBULATORIAL,SP,SAO PAULO,355030,11904961,2025,13851748000140,FUNDO ESTADUAL DE SAUDE - FUNDES,001,01897X,00229407,ESTADUAL,S,S,N,45994,200000,200000,-,-
2025,https://portalfns.saude.gov.br/wp-content/uploads/2026/01/REPASSE-FAF-COM-POPULACAO-2025.xlsx,https://portalfns.saude.gov.br/wp-content/uploads/2026/01/REPASSE-FAF-COM-POPULACAO-2025.xlsx,data/raw/sao_paulo/fns/repasses_faf_com_populacao/2025/REPASSE-FAF-COM-POPULACAO-2025.xlsx,Manutenção Das Ações E Serviços Públicos De Saúde,ATENÇÃO DE MÉDIA E ALTA COMPLEXIDADE AMBULATORIAL E HOSPITALAR,EMENDA - INCREMENTO TEMPORÁRIO AO CUSTEIO DOS SERVIÇOS DE ASSISTÊNCIA HOSPITALAR E AMBULATORIAL,SP,SAO PAULO,355030,11904961,2025,13851748000140,FUNDO ESTADUAL DE SAUDE - FUNDES,001,01897X,00229415,ESTADUAL,S,S,N,45994,200000,200000,-,-
2025,https://portalfns.saude.gov.br/wp-content/uploads/2026/01/REPASSE-FAF-COM-POPULACAO-2025.xlsx,https://portalfns.saude.gov.br/wp-content/uploads/2026/01/REPASSE-FAF-COM-POPULACAO-2025.xlsx,data/raw/sao_paulo/fns/repasses_faf_com_populacao/2025/REPASSE-FAF-COM-POPULACAO-2025.xlsx,Manutenção Das Ações E Serviços Públicos De Saúde,ATENÇÃO DE MÉDIA E ALTA COMPLEXIDADE AMBULATORIAL E HOSPITALAR,EMENDA - INCREMENTO TEMPORÁRIO AO CUSTEIO DOS SERVIÇOS DE ASSISTÊNCIA HOSPITALAR E AMBULATORIAL,SP,SAO PAULO,355030,11904961,2025,13851748000140,FUNDO ESTADUAL DE SAUDE - FUNDES,001,01897X,00229431,ESTADUAL,S,S,N,45994,200000,200000,-,-
2025,https://portalfns.saude.gov.br/wp-content/uploads/2026/01/REPASSE-FAF-COM-POPULACAO-2025.xlsx,https://portalfns.saude.gov.br/wp-content/uploads/2026/01/REPASSE-FAF-COM-POPULACAO-2025.xlsx,data/raw/sao_paulo/fns/repasses_faf_com_populacao/2025/REPASSE-FAF-COM-POPULACAO-2025.xlsx,Manutenção Das Ações E Serviços Públicos De Saúde,ATENÇÃO DE MÉDIA E ALTA COMPLEXIDADE AMBULATORIAL E HOSPITALAR,EMENDA - INCREMENTO TEMPORÁRIO AO CUSTEIO DOS SERVIÇOS DE ASSISTÊNCIA HOSPITALAR E AMBULATORIAL,SP,SAO PAULO,355030,11904961,2025,13851748000140,FUNDO ESTADUAL DE SAUDE - FUNDES,001,01897X,00229660,ESTADUAL,S,S,N,45994,500000,500000,-,-
2025,https://portalfns.saude.gov.br/wp-content/uploads/2026/01/REPASSE-FAF-COM-POPULACAO-2025.xlsx,https://portalfns.saude.gov.br/wp-content/uploads/2026/01/REPASSE-FAF-COM-POPULACAO-2025.xlsx,data/raw/sao_paulo/fns/repasses_faf_com_populacao/2025/REPASSE-FAF-COM-POPULACAO-2025.xlsx,Manutenção Das Ações E Serviços Públicos De Saúde,ATENÇÃO DE MÉDIA E ALTA COMPLEXIDADE AMBULATORIAL E HOSPITALAR,EMENDA - INCREMENTO TEMPORÁRIO AO CUSTEIO DOS SERVIÇOS DE ASSISTÊNCIA HOSPITALAR E AMBULATORIAL,SP,SAO PAULO,355030,11904961,2025,13851748000140,FUNDO ESTADUAL DE SAUDE - FUNDES,001,01897X,00229679,ESTADUAL,S,S,N,45994,177236,177236,-,-
2025,https://portalfns.saude.gov.br/wp-content/uploads/2026/01/REPASSE-FAF-COM-POPULACAO-2025.xlsx,https://portalfns.saude.gov.br/wp-content/uploads/2026/01/REPASSE-FAF-COM-POPULACAO-2025.xlsx,data/raw/sao_paulo/fns/repasses_faf_com_populacao/2025/REPASSE-FAF-COM-POPULACAO-2025.xlsx,Manutenção Das Ações E Serviços Públicos De Saúde,ATENÇÃO DE MÉDIA E ALTA COMPLEXIDADE AMBULATORIAL E HOSPITALAR,EMENDA - INCREMENTO TEMPORÁRIO AO CUSTEIO DOS SERVIÇOS DE ASSISTÊNCIA HOSPITALAR E AMBULATORIAL,SP,SAO PAULO,355030,11904961,2025,13851748000140,FUNDO ESTADUAL DE SAUDE - FUNDES,001,01897X,00229687,ESTADUAL,S,S,N,45994,1203313,1203313,-,-
2025,https://portalfns.saude.gov.br/wp-content/uploads/2026/01/REPASSE-FAF-COM-POPULACAO-2025.xlsx,https://portalfns.saude.gov.br/wp-content/uploads/2026/01/REPASSE-FAF-COM-POPULACAO-2025.xlsx,data/raw/sao_paulo/fns/repasses_faf_com_populacao/2025/REPASSE-FAF-COM-POPULACAO-2025.xlsx,Manutenção Das Ações E Serviços Públicos De Saúde,GESTÃO DO SUS,"ASSISTÊNCIA FINANCEIRA COMPLEMENTAR AOS ESTADOS, DF E MUNICÍPIOS P/ O PAG DO PISO SALARIAL DOS PROFISSIONAIS DA ENFERMAGEM",SP,SAO PAULO,355030,11904961,2025,13864377000130,FUNDO MUNICIPAL DE SAUDE - FMS,001,01897X,000000209473,MUNICIPAL,N,S,N,45994,914598.85000000009,914598.85000000009,3068959.71,45991
2025,https://portalfns.saude.gov.br/wp-content/uploads/2026/01/REPASSE-FAF-COM-POPULACAO-2025.xlsx,https://portalfns.saude.gov.br/wp-content/uploads/2026/01/REPASSE-FAF-COM-POPULACAO-2025.xlsx,data/raw/sao_paulo/fns/repasses_faf_com_populacao/2025/REPASSE-FAF-COM-POPULACAO-2025.xlsx,Manutenção Das Ações E Serviços Públicos De Saúde,ATENÇÃO DE MÉDIA E ALTA COMPLEXIDADE AMBULATORIAL E HOSPITALAR,EMENDA - INCREMENTO TEMPORÁRIO AO CUSTEIO DOS SERVIÇOS DE ASSISTÊNCIA HOSPITALAR E AMBULATORIAL,SP,SAO PAULO,355030,11904961,2025,13851748000140,FUNDO ESTADUAL DE SAUDE - FUNDES,001,01897X,000000224162,ESTADUAL,S,S,N,45993,600000,600000,0,45991
2025,https://portalfns.saude.gov.br/wp-content/uploads/2026/01/REPASSE-FAF-COM-POPULACAO-2025.xlsx,https://portalfns.saude.gov.br/wp-content/uploads/2026/01/REPASSE-FAF-COM-POPULACAO-2025.xlsx,data/raw/sao_paulo/fns/repasses_faf_com_populacao/2025/REPASSE-FAF-COM-POPULACAO-2025.xlsx,Manutenção Das Ações E Serviços Públicos De Saúde,ATENÇÃO DE MÉDIA E ALTA COMPLEXIDADE AMBULATORIAL E HOSPITALAR,EMENDA - INCREMENTO TEMPORÁRIO AO CUSTEIO DOS SERVIÇOS DE ASSISTÊNCIA HOSPITALAR E AMBULATORIAL,SP,SAO PAULO,355030,11904961,2025,13851748000140,FUNDO ESTADUAL DE SAUDE - FUNDES,001,01897X,00226882,ESTADUAL,S,S,N,45993,600000,600000,-,-
2025,https://portalfns.saude.gov.br/wp-content/uploads/2026/01/REPASSE-FAF-COM-POPULACAO-2025.xlsx,https://portalfns.saude.gov.br/wp-content/uploads/2026/01/REPASSE-FAF-COM-POPULACAO-2025.xlsx,data/raw/sao_paulo/fns/repasses_faf_com_populacao/2025/REPASSE-FAF-COM-POPULACAO-2025.xlsx,Manutenção Das Ações E Serviços Públicos De Saúde,ATENÇÃO DE MÉDIA E ALTA COMPLEXIDADE AMBULATORIAL E HOSPITALAR,EMENDA - INCREMENTO TEMPORÁRIO AO CUSTEIO DOS SERVIÇOS DE ASSISTÊNCIA HOSPITALAR E AMBULATORIAL,SP,SAO PAULO,355030,11904961,2025,13851748000140,FUNDO ESTADUAL DE SAUDE - FUNDES,001,01897X,00227315,ESTADUAL,S,S,N,45993,600000,600000,-,-
2025,https://portalfns.saude.gov.br/wp-content/uploads/2026/01/REPASSE-FAF-COM-POPULACAO-2025.xlsx,https://portalfns.saude.gov.br/wp-content/uploads/2026/01/REPASSE-FAF-COM-POPULACAO-2025.xlsx,data/raw/sao_paulo/fns/repasses_faf_com_populacao/2025/REPASSE-FAF-COM-POPULACAO-2025.xlsx,Manutenção Das Ações E Serviços Públicos De Saúde,ATENÇÃO DE MÉDIA E ALTA COMPLEXIDADE AMBULATORIAL E HOSPITALAR,EMENDA - INCREMENTO TEMPORÁRIO AO CUSTEIO DOS SERVIÇOS DE ASSISTÊNCIA HOSPITALAR E AMBULATORIAL,SP,SAO PAULO,355030,11904961,2025,13851748000140,FUNDO ESTADUAL DE SAUDE - FUNDES,001,01897X,00227714,ESTADUAL,S,S,N,45993,300000,300000,-,-
2025,https://portalfns.saude.gov.br/wp-content/uploads/2026/01/REPASSE-FAF-COM-POPULACAO-2025.xlsx,https://portalfns.saude.gov.br/wp-content/uploads/2026/01/REPASSE-FAF-COM-POPULACAO-2025.xlsx,data/raw/sao_paulo/fns/repasses_faf_com_populacao/2025/REPASSE-FAF-COM-POPULACAO-2025.xlsx,Estruturação Da Rede De Serviços Públicos De Saúde,ATENÇÃO ESPECIALIZADA,EMENDA - ESTRUTURAÇÃO DE UNIDADES DE ATENÇÃO ESPECIALIZADA EM SAÚDE,SP,SAO PAULO,355030,11904961,2025,13851748000140,FUNDO ESTADUAL DE SAUDE - FUNDES,001,01897X,0022863X,ESTADUAL,S,S,N,45993,196915,196915,-,-
2025,https://portalfns.saude.gov.br/wp-content/uploads/2026/01/REPASSE-FAF-COM-POPULACAO-2025.xlsx,https://portalfns.saude.gov.br/wp-content/uploads/2026/01/REPASSE-FAF-COM-POPULACAO-2025.xlsx,data/raw/sao_paulo/fns/repasses_faf_com_populacao/2025/REPASSE-FAF-COM-POPULACAO-2025.xlsx,Estruturação Da Rede De Serviços Públicos De Saúde,ATENÇÃO ESPECIALIZADA,EMENDA - ESTRUTURAÇÃO DE UNIDADES DE ATENÇÃO ESPECIALIZADA EM SAÚDE,SP,SAO PAULO,355030,11904961,2025,13851748000140,FUNDO ESTADUAL DE SAUDE - FUNDES,001,01897X,00228621,ESTADUAL,S,S,N,45993,235769,235769,-,-
2025,https://portalfns.saude.gov.br/wp-content/uploads/2026/01/REPASSE-FAF-COM-POPULACAO-2025.xlsx,https://portalfns.saude.gov.br/wp-content/uploads/2026/01/REPASSE-FAF-COM-POPULACAO-2025.xlsx,data/raw/sao_paulo/fns/repasses_faf_com_populacao/2025/REPASSE-FAF-COM-POPULACAO-2025.xlsx,Manutenção Das Ações E Serviços Públicos De Saúde,ATENÇÃO DE MÉDIA E ALTA COMPLEXIDADE AMBULATORIAL E HOSPITALAR,EMENDA - INCREMENTO TEMPORÁRIO AO CUSTEIO DOS SERVIÇOS DE ASSISTÊNCIA HOSPITALAR E AMBULATORIAL,SP,SAO PAULO,355030,11904961,2025,13851748000140,FUNDO ESTADUAL DE SAUDE - FUNDES,001,01897X,00000022586X,ESTADUAL,S,S,N,45992,500000,500000,0,45991
2025,https://portalfns.saude.gov.br/wp-content/uploads/2026/01/REPASSE-FAF-COM-POPULACAO-2025.xlsx,https://portalfns.saude.gov.br/wp-content/uploads/2026/01/REPASSE-FAF-COM-POPULACAO-2025.xlsx,data/raw/sao_paulo/fns/repasses_faf_com_populacao/2025/REPASSE-FAF-COM-POPULACAO-2025.xlsx,Manutenção Das Ações E Serviços Públicos De Saúde,ATENÇÃO DE MÉDIA E ALTA COMPLEXIDADE AMBULATORIAL E HOSPITALAR,EMENDA - INCREMENTO TEMPORÁRIO AO CUSTEIO DOS SERVIÇOS DE ASSISTÊNCIA HOSPITALAR E AMBULATORIAL,SP,SAO PAULO,355030,11904961,2025,13851748000140,FUNDO ESTADUAL DE SAUDE - FUNDES,001,01897X,000000226084,ESTADUAL,S,S,N,45992,300000,300000,0,45991
2025,https://portalfns.saude.gov.br/wp-content/uploads/2026/01/REPASSE-FAF-COM-POPULACAO-2025.xlsx,https://portalfns.saude.gov.br/wp-content/uploads/2026/01/REPASSE-FAF-COM-POPULACAO-2025.xlsx,data/raw/sao_paulo/fns/repasses_faf_com_populacao/2025/REPASSE-FAF-COM-POPULACAO-2025.xlsx,Manutenção Das Ações E Serviços Públicos De Saúde,ATENÇÃO DE MÉDIA E ALTA COMPLEXIDADE AMBULATORIAL E HOSPITALAR,EMENDA - INCREMENTO TEMPORÁRIO AO CUSTEIO DOS SERVIÇOS DE ASSISTÊNCIA HOSPITALAR E AMBULATORIAL,SP,SAO PAULO,355030,11904961,2025,13864377000130,FUNDO MUNICIPAL DE SAUDE - FMS,001,01897X,000000223263,MUNICIPAL,N,S,N,45992,500000,500000,0,45991
2025,https://portalfns.saude.gov.br/wp-content/uploads/2026/01/REPASSE-FAF-COM-POPULACAO-2025.xlsx,https://portalfns.saude.gov.br/wp-content/uploads/2026/01/REPASSE-FAF-COM-POPULACAO-2025.xlsx,data/raw/sao_paulo/fns/repasses_faf_com_populacao/2025/REPASSE-FAF-COM-POPULACAO-2025.xlsx,Manutenção Das Ações E Serviços Públicos De Saúde,ATENÇÃO DE MÉDIA E ALTA COMPLEXIDADE AMBULATORIAL E HOSPITALAR,EMENDA - INCREMENTO TEMPORÁRIO AO CUSTEIO DOS SERVIÇOS DE ASSISTÊNCIA HOSPITALAR E AMBULATORIAL,SP,SAO PAULO,355030,11904961,2025,13851748000140,FUNDO ESTADUAL DE SAUDE - FUNDES,001,01897X,00229253,ESTADUAL,S,S,N,45988,500000,500000,-,-
2025,https://portalfns.saude.gov.br/wp-content/uploads/2026/01/REPASSE-FAF-COM-POPULACAO-2025.xlsx,https://portalfns.saude.gov.br/wp-content/uploads/2026/01/REPASSE-FAF-COM-POPULACAO-2025.xlsx,data/raw/sao_paulo/fns/repasses_faf_com_populacao/2025/REPASSE-FAF-COM-POPULACAO-2025.xlsx,Manutenção Das Ações E Serviços Públicos De Saúde,ATENÇÃO DE MÉDIA E ALTA COMPLEXIDADE AMBULATORIAL E HOSPITALAR,EMENDA - INCREMENTO TEMPORÁRIO AO CUSTEIO DOS SERVIÇOS DE ASSISTÊNCIA HOSPITALAR E AMBULATORIAL,SP,SAO PAULO,355030,11904961,2025,13851748000140,FUNDO ESTADUAL DE SAUDE - FUNDES,001,01897X,00229261,ESTADUAL,S,S,N,45988,3000000,3000000,-,-
2025,https://portalfns.saude.gov.br/wp-content/uploads/2026/01/REPASSE-FAF-COM-POPULACAO-2025.xlsx,https://portalfns.saude.gov.br/wp-content/uploads/2026/01/REPASSE-FAF-COM-POPULACAO-2025.xlsx,data/raw/sao_paulo/fns/repasses_faf_com_populacao/2025/REPASSE-FAF-COM-POPULACAO-2025.xlsx,Manutenção Das Ações E Serviços Públicos De Saúde,ATENÇÃO DE MÉDIA E ALTA COMPLEXIDADE AMBULATORIAL E HOSPITALAR,EMENDA - INCREMENTO TEMPORÁRIO AO CUSTEIO DOS SERVIÇOS DE ASSISTÊNCIA HOSPITALAR E AMBULATORIAL,SP,SAO PAULO,355030,11904961,2025,13851748000140,FUNDO ESTADUAL DE SAUDE - FUNDES,001,01897X,00229423,ESTADUAL,S,S,N,45988,900000,900000,-,-
2025,https://portalfns.saude.gov.br/wp-content/uploads/2026/01/REPASSE-FAF-COM-POPULACAO-2025.xlsx,https://portalfns.saude.gov.br/wp-content/uploads/2026/01/REPASSE-FAF-COM-POPULACAO-2025.xlsx,data/raw/sao_paulo/fns/repasses_faf_com_populacao/2025/REPASSE-FAF-COM-POPULACAO-2025.xlsx,Manutenção Das Ações E Serviços Públicos De Saúde,ATENÇÃO DE MÉDIA E ALTA COMPLEXIDADE AMBULATORIAL E HOSPITALAR,EMENDA - INCREMENTO TEMPORÁRIO AO CUSTEIO DOS SERVIÇOS DE ASSISTÊNCIA HOSPITALAR E AMBULATORIAL,SP,SAO PAULO,355030,11904961,2025,13851748000140,FUNDO ESTADUAL DE SAUDE - FUNDES,001,01897X,00229539,ESTADUAL,S,S,N,45988,500000,500000,-,-
2025,https://portalfns.saude.gov.br/wp-content/uploads/2026/01/REPASSE-FAF-COM-POPULACAO-2025.xlsx,https://portalfns.saude.gov.br/wp-content/uploads/2026/01/REPASSE-FAF-COM-POPULACAO-2025.xlsx,data/raw/sao_paulo/fns/repasses_faf_com_populacao/2025/REPASSE-FAF-COM-POPULACAO-2025.xlsx,Manutenção Das Ações E Serviços Públicos De Saúde,ATENÇÃO DE MÉDIA E ALTA COMPLEXIDADE AMBULATORIAL E HOSPITALAR,FAEC - CIRURGIA DA FACE E DO SISTEMA ESTOMATOGNÁTICO,SP,SAO PAULO,355030,11904961,2025,13851748000140,FUNDO ESTADUAL DE SAUDE - FUNDES,001,01897X,000000190462,ESTADUAL,S,S,N,45986,35241.399999999987,35241.399999999987,4232584388.9099998,45991
2025,https://portalfns.saude.gov.br/wp-content/uploads/2026/01/REPASSE-FAF-COM-POPULACAO-2025.xlsx,https://portalfns.saude.gov.br/wp-content/uploads/2026/01/REPASSE-FAF-COM-POPULACAO-2025.xlsx,data/raw/sao_paulo/fns/repasses_faf_com_populacao/2025/REPASSE-FAF-COM-POPULACAO-2025.xlsx,Manutenção Das Ações E Serviços Públicos De Saúde,ATENÇÃO DE MÉDIA E ALTA COMPLEXIDADE AMBULATORIAL E HOSPITALAR,EMENDA - INCREMENTO TEMPORÁRIO AO CUSTEIO DOS SERVIÇOS DE ASSISTÊNCIA HOSPITALAR E AMBULATORIAL,SP,SAO PAULO,355030,11904961,2025,13851748000140,FUNDO ESTADUAL DE SAUDE - FUNDES,001,01897X,00229032,ESTADUAL,S,S,N,45982,27742996,27742996,-,-
2025,https://portalfns.saude.gov.br/wp-content/uploads/2026/01/REPASSE-FAF-COM-POPULACAO-2025.xlsx,https://portalfns.saude.gov.br/wp-content/uploads/2026/01/REPASSE-FAF-COM-POPULACAO-2025.xlsx,data/raw/sao_paulo/fns/repasses_faf_com_populacao/2025/REPASSE-FAF-COM-POPULACAO-2025.xlsx,Manutenção Das Ações E Serviços Públicos De Saúde,ATENÇÃO DE MÉDIA E ALTA COMPLEXIDADE AMBULATORIAL E HOSPITALAR,EMENDA - INCREMENTO TEMPORÁRIO AO CUSTEIO DOS SERVIÇOS DE ASSISTÊNCIA HOSPITALAR E AMBULATORIAL,SP,SAO PAULO,355030,11904961,2025,13851748000140,FUNDO ESTADUAL DE SAUDE - FUNDES,001,01897X,00000022457X,ESTADUAL,S,S,N,45980,500000,500000,501072.23,45991
2025,https://portalfns.saude.gov.br/wp-content/uploads/2026/01/REPASSE-FAF-COM-POPULACAO-2025.xlsx,https://portalfns.saude.gov.br/wp-content/uploads/2026/01/REPASSE-FAF-COM-POPULACAO-2025.xlsx,data/raw/sao_paulo/fns/repasses_faf_com_populacao/2025/REPASSE-FAF-COM-POPULACAO-2025.xlsx,Manutenção Das Ações E Serviços Públicos De Saúde,ATENÇÃO DE MÉDIA E ALTA COMPLEXIDADE AMBULATORIAL E HOSPITALAR,EMENDA - INCREMENTO TEMPORÁRIO AO CUSTEIO DOS SERVIÇOS DE ASSISTÊNCIA HOSPITALAR E AMBULATORIAL,SP,SAO PAULO,355030,11904961,2025,13851748000140,FUNDO ESTADUAL DE SAUDE - FUNDES,001,01897X,000000225983,ESTADUAL,S,S,N,45979,258000,258000,258664.53,45991
2025,https://portalfns.saude.gov.br/wp-content/uploads/2026/01/REPASSE-FAF-COM-POPULACAO-2025.xlsx,https://portalfns.saude.gov.br/wp-content/uploads/2026/01/REPASSE-FAF-COM-POPULACAO-2025.xlsx,data/raw/sao_paulo/fns/repasses_faf_com_populacao/2025/REPASSE-FAF-COM-POPULACAO-2025.xlsx,Manutenção Das Ações E Serviços Públicos De Saúde,ATENÇÃO DE MÉDIA E ALTA COMPLEXIDADE AMBULATORIAL E HOSPITALAR,EMENDA - INCREMENTO TEMPORÁRIO AO CUSTEIO DOS SERVIÇOS DE ASSISTÊNCIA HOSPITALAR E AMBULATORIAL,SP,SAO PAULO,355030,11904961,2025,13851748000140,FUNDO ESTADUAL DE SAUDE - FUNDES,001,01897X,000000226599,ESTADUAL,S,S,N,45979,1100000,1100000,1102833.29,45991
2025,https://portalfns.saude.gov.br/wp-content/uploads/2026/01/REPASSE-FAF-COM-POPULACAO-2025.xlsx,https://portalfns.saude.gov.br/wp-content/uploads/2026/01/REPASSE-FAF-COM-POPULACAO-2025.xlsx,data/raw/sao_paulo/fns/repasses_faf_com_populacao/2025/REPASSE-FAF-COM-POPULACAO-2025.xlsx,Manutenção Das Ações E Serviços Públicos De Saúde,ATENÇÃO DE MÉDIA E ALTA COMPLEXIDADE AMBULATORIAL E HOSPITALAR,EMENDA - INCREMENTO TEMPORÁRIO AO CUSTEIO DOS SERVIÇOS DE ASSISTÊNCIA HOSPITALAR E AMBULATORIAL,SP,SAO PAULO,355030,11904961,2025,13851748000140,FUNDO ESTADUAL DE SAUDE - FUNDES,001,01897X,00226998,ESTADUAL,S,S,N,45979,1000000,1000000,-,-
2025,https://portalfns.saude.gov.br/wp-content/uploads/2026/01/REPASSE-FAF-COM-POPULACAO-2025.xlsx,https://portalfns.saude.gov.br/wp-content/uploads/2026/01/REPASSE-FAF-COM-POPULACAO-2025.xlsx,data/raw/sao_paulo/fns/repasses_faf_com_populacao/2025/REPASSE-FAF-COM-POPULACAO-2025.xlsx,Manutenção Das Ações E Serviços Públicos De Saúde,ATENÇÃO DE MÉDIA E ALTA COMPLEXIDADE AMBULATORIAL E HOSPITALAR,EMENDA - INCREMENTO TEMPORÁRIO AO CUSTEIO DOS SERVIÇOS DE ASSISTÊNCIA HOSPITALAR E AMBULATORIAL,SP,SAO PAULO,355030,11904961,2025,13851748000140,FUNDO ESTADUAL DE SAUDE - FUNDES,001,01897X,00227056,ESTADUAL,S,S,N,45979,2322000,2322000,-,-
2025,https://portalfns.saude.gov.br/wp-content/uploads/2026/01/REPASSE-FAF-COM-POPULACAO-2025.xlsx,https://portalfns.saude.gov.br/wp-content/uploads/2026/01/REPASSE-FAF-COM-POPULACAO-2025.xlsx,data/raw/sao_paulo/fns/repasses_faf_com_populacao/2025/REPASSE-FAF-COM-POPULACAO-2025.xlsx,Manutenção Das Ações E Serviços Públicos De Saúde,ATENÇÃO DE MÉDIA E ALTA COMPLEXIDADE AMBULATORIAL E HOSPITALAR,EMENDA - INCREMENTO TEMPORÁRIO AO CUSTEIO DOS SERVIÇOS DE ASSISTÊNCIA HOSPITALAR E AMBULATORIAL,SP,SAO PAULO,355030,11904961,2025,13851748000140,FUNDO ESTADUAL DE SAUDE - FUNDES,001,01897X,00227358,ESTADUAL,S,S,N,45979,300000,300000,-,-
2025,https://portalfns.saude.gov.br/wp-content/uploads/2026/01/REPASSE-FAF-COM-POPULACAO-2025.xlsx,https://portalfns.saude.gov.br/wp-content/uploads/2026/01/REPASSE-FAF-COM-POPULACAO-2025.xlsx,data/raw/sao_paulo/fns/repasses_faf_com_populacao/2025/REPASSE-FAF-COM-POPULACAO-2025.xlsx,Manutenção Das Ações E Serviços Públicos De Saúde,ATENÇÃO DE MÉDIA E ALTA COMPLEXIDADE AMBULATORIAL E HOSPITALAR,EMENDA - INCREMENTO TEMPORÁRIO AO CUSTEIO DOS SERVIÇOS DE ASSISTÊNCIA HOSPITALAR E AMBULATORIAL,SP,SAO PAULO,355030,11904961,2025,13851748000140,FUNDO ESTADUAL DE SAUDE - FUNDES,001,01897X,00227749,ESTADUAL,S,S,N,45979,300000,300000,-,-
2025,https://portalfns.saude.gov.br/wp-content/uploads/2026/01/REPASSE-FAF-COM-POPULACAO-2025.xlsx,https://portalfns.saude.gov.br/wp-content/uploads/2026/01/REPASSE-FAF-COM-POPULACAO-2025.xlsx,data/raw/sao_paulo/fns/repasses_faf_com_populacao/2025/REPASSE-FAF-COM-POPULACAO-2025.xlsx,Manutenção Das Ações E Serviços Públicos De Saúde,ATENÇÃO DE MÉDIA E ALTA COMPLEXIDADE AMBULATORIAL E HOSPITALAR,EMENDA - INCREMENTO TEMPORÁRIO AO CUSTEIO DOS SERVIÇOS DE ASSISTÊNCIA HOSPITALAR E AMBULATORIAL,SP,SAO PAULO,355030,11904961,2025,13864377000130,FUNDO MUNICIPAL DE SAUDE - FMS,001,01897X,000000224790,MUNICIPAL,N,S,N,45979,900000,900000,902318.15,45991
2025,https://portalfns.saude.gov.br/wp-content/uploads/2026/01/REPASSE-FAF-COM-POPULACAO-2025.xlsx,https://portalfns.saude.gov.br/wp-content/uploads/2026/01/REPASSE-FAF-COM-POPULACAO-2025.xlsx,data/raw/sao_paulo/fns/repasses_faf_com_populacao/2025/REPASSE-FAF-COM-POPULACAO-2025.xlsx,Manutenção Das Ações E Serviços Públicos De Saúde,ATENÇÃO DE MÉDIA E ALTA COMPLEXIDADE AMBULATORIAL E HOSPITALAR,EMENDA - INCREMENTO TEMPORÁRIO AO CUSTEIO DOS SERVIÇOS DE ASSISTÊNCIA HOSPITALAR E AMBULATORIAL,SP,SAO PAULO,355030,11904961,2025,13864377000130,FUNDO MUNICIPAL DE SAUDE - FMS,001,01897X,000000224820,MUNICIPAL,N,S,N,45979,1000000,1000000,1002575.72,45991
2025,https://portalfns.saude.gov.br/wp-content/uploads/2026/01/REPASSE-FAF-COM-POPULACAO-2025.xlsx,https://portalfns.saude.gov.br/wp-content/uploads/2026/01/REPASSE-FAF-COM-POPULACAO-2025.xlsx,data/raw/sao_paulo/fns/repasses_faf_com_populacao/2025/REPASSE-FAF-COM-POPULACAO-2025.xlsx,Manutenção Das Ações E Serviços Públicos De Saúde,ATENÇÃO DE MÉDIA E ALTA COMPLEXIDADE AMBULATORIAL E HOSPITALAR,EMENDA - INCREMENTO TEMPORÁRIO AO CUSTEIO DOS SERVIÇOS DE ASSISTÊNCIA HOSPITALAR E AMBULATORIAL,SP,SAO PAULO,355030,11904961,2025,13864377000130,FUNDO MUNICIPAL DE SAUDE - FMS,001,01897X,000000225894,MUNICIPAL,N,S,N,45979,1135586,1135586,1138510.95,45991
2025,https://portalfns.saude.gov.br/wp-content/uploads/2026/01/REPASSE-FAF-COM-POPULACAO-2025.xlsx,https://portalfns.saude.gov.br/wp-content/uploads/2026/01/REPASSE-FAF-COM-POPULACAO-2025.xlsx,data/raw/sao_paulo/fns/repasses_faf_com_populacao/2025/REPASSE-FAF-COM-POPULACAO-2025.xlsx,Manutenção Das Ações E Serviços Públicos De Saúde,ATENÇÃO DE MÉDIA E ALTA COMPLEXIDADE AMBULATORIAL E HOSPITALAR,EMENDA - INCREMENTO TEMPORÁRIO AO CUSTEIO DOS SERVIÇOS DE ASSISTÊNCIA HOSPITALAR E AMBULATORIAL,SP,SAO PAULO,355030,11904961,2025,13851748000140,FUNDO ESTADUAL DE SAUDE - FUNDES,001,01897X,00229083,ESTADUAL,S,S,N,45971,800000,800000,-,-
2025,https://portalfns.saude.gov.br/wp-content/uploads/2026/01/REPASSE-FAF-COM-POPULACAO-2025.xlsx,https://portalfns.saude.gov.br/wp-content/uploads/2026/01/REPASSE-FAF-COM-POPULACAO-2025.xlsx,data/raw/sao_paulo/fns/repasses_faf_com_populacao/2025/REPASSE-FAF-COM-POPULACAO-2025.xlsx,Manutenção Das Ações E Serviços Públicos De Saúde,ATENÇÃO DE MÉDIA E ALTA COMPLEXIDADE AMBULATORIAL E HOSPITALAR,EMENDA - INCREMENTO TEMPORÁRIO AO CUSTEIO DOS SERVIÇOS DE ASSISTÊNCIA HOSPITALAR E AMBULATORIAL,SP,SAO PAULO,355030,11904961,2025,13851748000140,FUNDO ESTADUAL DE SAUDE - FUNDES,001,01897X,00229091,ESTADUAL,S,S,N,45971,321739,321739,-,-
2025,https://portalfns.saude.gov.br/wp-content/uploads/2026/01/REPASSE-FAF-COM-POPULACAO-2025.xlsx,https://portalfns.saude.gov.br/wp-content/uploads/2026/01/REPASSE-FAF-COM-POPULACAO-2025.xlsx,data/raw/sao_paulo/fns/repasses_faf_com_populacao/2025/REPASSE-FAF-COM-POPULACAO-2025.xlsx,Manutenção Das Ações E Serviços Públicos De Saúde,ATENÇÃO DE MÉDIA E ALTA COMPLEXIDADE AMBULATORIAL E HOSPITALAR,EMENDA - INCREMENTO TEMPORÁRIO AO CUSTEIO DOS SERVIÇOS DE ASSISTÊNCIA HOSPITALAR E AMBULATORIAL,SP,SAO PAULO,355030,11904961,2025,13851748000140,FUNDO ESTADUAL DE SAUDE - FUNDES,001,01897X,00229105,ESTADUAL,S,S,N,45971,500000,500000,-,-
2025,https://portalfns.saude.gov.br/wp-content/uploads/2026/01/REPASSE-FAF-COM-POPULACAO-2025.xlsx,https://portalfns.saude.gov.br/wp-content/uploads/2026/01/REPASSE-FAF-COM-POPULACAO-2025.xlsx,data/raw/sao_paulo/fns/repasses_faf_com_populacao/2025/REPASSE-FAF-COM-POPULACAO-2025.xlsx,Manutenção Das Ações E Serviços Públicos De Saúde,ATENÇÃO DE MÉDIA E ALTA COMPLEXIDADE AMBULATORIAL E HOSPITALAR,EMENDA - INCREMENTO TEMPORÁRIO AO CUSTEIO DOS SERVIÇOS DE ASSISTÊNCIA HOSPITALAR E AMBULATORIAL,SP,SAO PAULO,355030,11904961,2025,13864377000130,FUNDO MUNICIPAL DE SAUDE - FMS,001,01897X,00228907,MUNICIPAL,N,S,N,45971,200000,200000,-,-
2025,https://portalfns.saude.gov.br/wp-content/uploads/2026/01/REPASSE-FAF-COM-POPULACAO-2025.xlsx,https://portalfns.saude.gov.br/wp-content/uploads/2026/01/REPASSE-FAF-COM-POPULACAO-2025.xlsx,data/raw/sao_paulo/fns/repasses_faf_com_populacao/2025/REPASSE-FAF-COM-POPULACAO-2025.xlsx,Manutenção Das Ações E Serviços Públicos De Saúde,ATENÇÃO DE MÉDIA E ALTA COMPLEXIDADE AMBULATORIAL E HOSPITALAR,EMENDA - INCREMENTO TEMPORÁRIO AO CUSTEIO DOS SERVIÇOS DE ASSISTÊNCIA HOSPITALAR E AMBULATORIAL,SP,SAO PAULO,355030,11904961,2025,13864377000130,FUNDO MUNICIPAL DE SAUDE - FMS,001,01897X,00228974,MUNICIPAL,N,S,N,45971,1700000,1700000,-,-
2025,https://portalfns.saude.gov.br/wp-content/uploads/2026/01/REPASSE-FAF-COM-POPULACAO-2025.xlsx,https://portalfns.saude.gov.br/wp-content/uploads/2026/01/REPASSE-FAF-COM-POPULACAO-2025.xlsx,data/raw/sao_paulo/fns/repasses_faf_com_populacao/2025/REPASSE-FAF-COM-POPULACAO-2025.xlsx,Manutenção Das Ações E Serviços Públicos De Saúde,ATENÇÃO DE MÉDIA E ALTA COMPLEXIDADE AMBULATORIAL E HOSPITALAR,EMENDA - INCREMENTO TEMPORÁRIO AO CUSTEIO DOS SERVIÇOS DE ASSISTÊNCIA HOSPITALAR E AMBULATORIAL,SP,SAO PAULO,355030,11904961,2025,13851748000140,FUNDO ESTADUAL DE SAUDE - FUNDES,001,01897X,00229210,ESTADUAL,S,S,N,45967,500000,500000,-,-
2025,https://portalfns.saude.gov.br/wp-content/uploads/2026/01/REPASSE-FAF-COM-POPULACAO-2025.xlsx,https://portalfns.saude.gov.br/wp-content/uploads/2026/01/REPASSE-FAF-COM-POPULACAO-2025.xlsx,data/raw/sao_paulo/fns/repasses_faf_com_populacao/2025/REPASSE-FAF-COM-POPULACAO-2025.xlsx,Estruturação Da Rede De Serviços Públicos De Saúde,ATENÇÃO PRIMÁRIA,EMENDA - ESTRUTURAÇÃO DA REDE DE SERVIÇOS DE ATENÇÃO PRIMÁRIA DE SAÚDE,SP,SAO PAULO,355030,11904961,2025,13864377000130,FUNDO MUNICIPAL DE SAUDE - FMS,001,01897X,0022815X,MUNICIPAL,N,S,N,45964,167673,167673,-,-
2025,https://portalfns.saude.gov.br/wp-content/uploads/2026/01/REPASSE-FAF-COM-POPULACAO-2025.xlsx,https://portalfns.saude.gov.br/wp-content/uploads/2026/01/REPASSE-FAF-COM-POPULACAO-2025.xlsx,data/raw/sao_paulo/fns/repasses_faf_com_populacao/2025/REPASSE-FAF-COM-POPULACAO-2025.xlsx,Estruturação Da Rede De Serviços Públicos De Saúde,ATENÇÃO PRIMÁRIA,EMENDA - ESTRUTURAÇÃO DA REDE DE SERVIÇOS DE ATENÇÃO PRIMÁRIA DE SAÚDE,SP,SAO PAULO,355030,11904961,2025,13864377000130,FUNDO MUNICIPAL DE SAUDE - FMS,001,01897X,00228168,MUNICIPAL,N,S,N,45964,132653,132653,-,-
2025,https://portalfns.saude.gov.br/wp-content/uploads/2026/01/REPASSE-FAF-COM-POPULACAO-2025.xlsx,https://portalfns.saude.gov.br/wp-content/uploads/2026/01/REPASSE-FAF-COM-POPULACAO-2025.xlsx,data/raw/sao_paulo/fns/repasses_faf_com_populacao/2025/REPASSE-FAF-COM-POPULACAO-2025.xlsx,Manutenção Das Ações E Serviços Públicos De Saúde,ATENÇÃO DE MÉDIA E ALTA COMPLEXIDADE AMBULATORIAL E HOSPITALAR,EMENDA - INCREMENTO TEMPORÁRIO AO CUSTEIO DOS SERVIÇOS DE ASSISTÊNCIA HOSPITALAR E AMBULATORIAL,SP,SAO PAULO,355030,11904961,2025,13851748000140,FUNDO ESTADUAL DE SAUDE - FUNDES,001,01897X,00000022538X,ESTADUAL,S,S,N,45960,500000,500000,4096.1400000000003,45991
2025,https://portalfns.saude.gov.br/wp-content/uploads/2026/01/REPASSE-FAF-COM-POPULACAO-2025.xlsx,https://portalfns.saude.gov.br/wp-content/uploads/2026/01/REPASSE-FAF-COM-POPULACAO-2025.xlsx,data/raw/sao_paulo/fns/repasses_faf_com_populacao/2025/REPASSE-FAF-COM-POPULACAO-2025.xlsx,Manutenção Das Ações E Serviços Públicos De Saúde,ATENÇÃO DE MÉDIA E ALTA COMPLEXIDADE AMBULATORIAL E HOSPITALAR,EMENDA - INCREMENTO TEMPORÁRIO AO CUSTEIO DOS SERVIÇOS DE ASSISTÊNCIA HOSPITALAR E AMBULATORIAL,SP,SAO PAULO,355030,11904961,2025,13851748000140,FUNDO ESTADUAL DE SAUDE - FUNDES,001,01897X,000000224596,ESTADUAL,S,S,N,45960,400000,400000,3276.91,45991
2025,https://portalfns.saude.gov.br/wp-content/uploads/2026/01/REPASSE-FAF-COM-POPULACAO-2025.xlsx,https://portalfns.saude.gov.br/wp-content/uploads/2026/01/REPASSE-FAF-COM-POPULACAO-2025.xlsx,data/raw/sao_paulo/fns/repasses_faf_com_populacao/2025/REPASSE-FAF-COM-POPULACAO-2025.xlsx,Manutenção Das Ações E Serviços Públicos De Saúde,ATENÇÃO DE MÉDIA E ALTA COMPLEXIDADE AMBULATORIAL E HOSPITALAR,EMENDA - INCREMENTO TEMPORÁRIO AO CUSTEIO DOS SERVIÇOS DE ASSISTÊNCIA HOSPITALAR E AMBULATORIAL,SP,SAO PAULO,355030,11904961,2025,13851748000140,FUNDO ESTADUAL DE SAUDE - FUNDES,001,01897X,000000224898,ESTADUAL,S,S,N,45960,300000,300000,2457.6799999999998,45991
2025,https://portalfns.saude.gov.br/wp-content/uploads/2026/01/REPASSE-FAF-COM-POPULACAO-2025.xlsx,https://portalfns.saude.gov.br/wp-content/uploads/2026/01/REPASSE-FAF-COM-POPULACAO-2025.xlsx,data/raw/sao_paulo/fns/repasses_faf_com_populacao/2025/REPASSE-FAF-COM-POPULACAO-2025.xlsx,Manutenção Das Ações E Serviços Públicos De Saúde,ATENÇÃO DE MÉDIA E ALTA COMPLEXIDADE AMBULATORIAL E HOSPITALAR,EMENDA - INCREMENTO TEMPORÁRIO AO CUSTEIO DOS SERVIÇOS DE ASSISTÊNCIA HOSPITALAR E AMBULATORIAL,SP,SAO PAULO,355030,11904961,2025,13851748000140,FUNDO ESTADUAL DE SAUDE - FUNDES,001,01897X,000000225320,ESTADUAL,S,S,N,45960,200000,200000,1638.45,45991
2025,https://portalfns.saude.gov.br/wp-content/uploads/2026/01/REPASSE-FAF-COM-POPULACAO-2025.xlsx,https://portalfns.saude.gov.br/wp-content/uploads/2026/01/REPASSE-FAF-COM-POPULACAO-2025.xlsx,data/raw/sao_paulo/fns/repasses_faf_com_populacao/2025/REPASSE-FAF-COM-POPULACAO-2025.xlsx,Manutenção Das Ações E Serviços Públicos De Saúde,ATENÇÃO DE MÉDIA E ALTA COMPLEXIDADE AMBULATORIAL E HOSPITALAR,EMENDA - INCREMENTO TEMPORÁRIO AO CUSTEIO DOS SERVIÇOS DE ASSISTÊNCIA HOSPITALAR E AMBULATORIAL,SP,SAO PAULO,355030,11904961,2025,13851748000140,FUNDO ESTADUAL DE SAUDE - FUNDES,001,01897X,000000226092,ESTADUAL,S,S,N,45960,500000,500000,4096.1400000000003,45991
2025,https://portalfns.saude.gov.br/wp-content/uploads/2026/01/REPASSE-FAF-COM-POPULACAO-2025.xlsx,https://portalfns.saude.gov.br/wp-content/uploads/2026/01/REPASSE-FAF-COM-POPULACAO-2025.xlsx,data/raw/sao_paulo/fns/repasses_faf_com_populacao/2025/REPASSE-FAF-COM-POPULACAO-2025.xlsx,Manutenção Das Ações E Serviços Públicos De Saúde,ATENÇÃO DE MÉDIA E ALTA COMPLEXIDADE AMBULATORIAL E HOSPITALAR,EMENDA - INCREMENTO TEMPORÁRIO AO CUSTEIO DOS SERVIÇOS DE ASSISTÊNCIA HOSPITALAR E AMBULATORIAL,SP,SAO PAULO,355030,11904961,2025,13851748000140,FUNDO ESTADUAL DE SAUDE - FUNDES,001,01897X,000000226238,ESTADUAL,S,S,N,45960,1000000,1000000,8192.2900000000009,45991
2025,https://portalfns.saude.gov.br/wp-content/uploads/2026/01/REPASSE-FAF-COM-POPULACAO-2025.xlsx,https://portalfns.saude.gov.br/wp-content/uploads/2026/01/REPASSE-FAF-COM-POPULACAO-2025.xlsx,data/raw/sao_paulo/fns/repasses_faf_com_populacao/2025/REPASSE-FAF-COM-POPULACAO-2025.xlsx,Manutenção Das Ações E Serviços Públicos De Saúde,ATENÇÃO DE MÉDIA E ALTA COMPLEXIDADE AMBULATORIAL E HOSPITALAR,EMENDA - INCREMENTO TEMPORÁRIO AO CUSTEIO DOS SERVIÇOS DE ASSISTÊNCIA HOSPITALAR E AMBULATORIAL,SP,SAO PAULO,355030,11904961,2025,13851748000140,FUNDO ESTADUAL DE SAUDE - FUNDES,001,01897X,000000226505,ESTADUAL,S,S,N,45960,160000,160000,1310.76,45991
2025,https://portalfns.saude.gov.br/wp-content/uploads/2026/01/REPASSE-FAF-COM-POPULACAO-2025.xlsx,https://portalfns.saude.gov.br/wp-content/uploads/2026/01/REPASSE-FAF-COM-POPULACAO-2025.xlsx,data/raw/sao_paulo/fns/repasses_faf_com_populacao/2025/REPASSE-FAF-COM-POPULACAO-2025.xlsx,Manutenção Das Ações E Serviços Públicos De Saúde,ATENÇÃO DE MÉDIA E ALTA COMPLEXIDADE AMBULATORIAL E HOSPITALAR,EMENDA - INCREMENTO TEMPORÁRIO AO CUSTEIO DOS SERVIÇOS DE ASSISTÊNCIA HOSPITALAR E AMBULATORIAL,SP,SAO PAULO,355030,11904961,2025,13851748000140,FUNDO ESTADUAL DE SAUDE - FUNDES,001,01897X,000000226637,ESTADUAL,S,S,N,45960,200000,200000,1638.45,45991
2025,https://portalfns.saude.gov.br/wp-content/uploads/2026/01/REPASSE-FAF-COM-POPULACAO-2025.xlsx,https://portalfns.saude.gov.br/wp-content/uploads/2026/01/REPASSE-FAF-COM-POPULACAO-2025.xlsx,data/raw/sao_paulo/fns/repasses_faf_com_populacao/2025/REPASSE-FAF-COM-POPULACAO-2025.xlsx,Manutenção Das Ações E Serviços Públicos De Saúde,ATENÇÃO DE MÉDIA E ALTA COMPLEXIDADE AMBULATORIAL E HOSPITALAR,EMENDA - INCREMENTO TEMPORÁRIO AO CUSTEIO DOS SERVIÇOS DE ASSISTÊNCIA HOSPITALAR E AMBULATORIAL,SP,SAO PAULO,355030,11904961,2025,13851748000140,FUNDO ESTADUAL DE SAUDE - FUNDES,001,01897X,00227080,ESTADUAL,S,S,N,45960,200000,200000,-,-
2025,https://portalfns.saude.gov.br/wp-content/uploads/2026/01/REPASSE-FAF-COM-POPULACAO-2025.xlsx,https://portalfns.saude.gov.br/wp-content/uploads/2026/01/REPASSE-FAF-COM-POPULACAO-2025.xlsx,data/raw/sao_paulo/fns/repasses_faf_com_populacao/2025/REPASSE-FAF-COM-POPULACAO-2025.xlsx,Manutenção Das Ações E Serviços Públicos De Saúde,ATENÇÃO DE MÉDIA E ALTA COMPLEXIDADE AMBULATORIAL E HOSPITALAR,EMENDA - INCREMENTO TEMPORÁRIO AO CUSTEIO DOS SERVIÇOS DE ASSISTÊNCIA HOSPITALAR E AMBULATORIAL,SP,SAO PAULO,355030,11904961,2025,13851748000140,FUNDO ESTADUAL DE SAUDE - FUNDES,001,01897X,00227552,ESTADUAL,S,S,N,45960,400000,400000,-,-
2025,https://portalfns.saude.gov.br/wp-content/uploads/2026/01/REPASSE-FAF-COM-POPULACAO-2025.xlsx,https://portalfns.saude.gov.br/wp-content/uploads/2026/01/REPASSE-FAF-COM-POPULACAO-2025.xlsx,data/raw/sao_paulo/fns/repasses_faf_com_populacao/2025/REPASSE-FAF-COM-POPULACAO-2025.xlsx,Manutenção Das Ações E Serviços Públicos De Saúde,ATENÇÃO DE MÉDIA E ALTA COMPLEXIDADE AMBULATORIAL E HOSPITALAR,EMENDA - INCREMENTO TEMPORÁRIO AO CUSTEIO DOS SERVIÇOS DE ASSISTÊNCIA HOSPITALAR E AMBULATORIAL,SP,SAO PAULO,355030,11904961,2025,13851748000140,FUNDO ESTADUAL DE SAUDE - FUNDES,001,01897X,00227560,ESTADUAL,S,S,N,45960,500000,500000,-,-
2025,https://portalfns.saude.gov.br/wp-content/uploads/2026/01/REPASSE-FAF-COM-POPULACAO-2025.xlsx,https://portalfns.saude.gov.br/wp-content/uploads/2026/01/REPASSE-FAF-COM-POPULACAO-2025.xlsx,data/raw/sao_paulo/fns/repasses_faf_com_populacao/2025/REPASSE-FAF-COM-POPULACAO-2025.xlsx,Manutenção Das Ações E Serviços Públicos De Saúde,ATENÇÃO DE MÉDIA E ALTA COMPLEXIDADE AMBULATORIAL E HOSPITALAR,EMENDA - INCREMENTO TEMPORÁRIO AO CUSTEIO DOS SERVIÇOS DE ASSISTÊNCIA HOSPITALAR E AMBULATORIAL,SP,SAO PAULO,355030,11904961,2025,13851748000140,FUNDO ESTADUAL DE SAUDE - FUNDES,001,01897X,00000022619X,ESTADUAL,S,S,N,45959,400000,400000,3449.89,45991
2025,https://portalfns.saude.gov.br/wp-content/uploads/2026/01/REPASSE-FAF-COM-POPULACAO-2025.xlsx,https://portalfns.saude.gov.br/wp-content/uploads/2026/01/REPASSE-FAF-COM-POPULACAO-2025.xlsx,data/raw/sao_paulo/fns/repasses_faf_com_populacao/2025/REPASSE-FAF-COM-POPULACAO-2025.xlsx,Manutenção Das Ações E Serviços Públicos De Saúde,ATENÇÃO DE MÉDIA E ALTA COMPLEXIDADE AMBULATORIAL E HOSPITALAR,EMENDA - INCREMENTO TEMPORÁRIO AO CUSTEIO DOS SERVIÇOS DE ASSISTÊNCIA HOSPITALAR E AMBULATORIAL,SP,SAO PAULO,355030,11904961,2025,13851748000140,FUNDO ESTADUAL DE SAUDE - FUNDES,001,01897X,000000226009,ESTADUAL,S,S,N,45959,400000,400000,3449.89,45991
2025,https://portalfns.saude.gov.br/wp-content/uploads/2026/01/REPASSE-FAF-COM-POPULACAO-2025.xlsx,https://portalfns.saude.gov.br/wp-content/uploads/2026/01/REPASSE-FAF-COM-POPULACAO-2025.xlsx,data/raw/sao_paulo/fns/repasses_faf_com_populacao/2025/REPASSE-FAF-COM-POPULACAO-2025.xlsx,Manutenção Das Ações E Serviços Públicos De Saúde,ATENÇÃO DE MÉDIA E ALTA COMPLEXIDADE AMBULATORIAL E HOSPITALAR,EMENDA - INCREMENTO TEMPORÁRIO AO CUSTEIO DOS SERVIÇOS DE ASSISTÊNCIA HOSPITALAR E AMBULATORIAL,SP,SAO PAULO,355030,11904961,2025,13851748000140,FUNDO ESTADUAL DE SAUDE - FUNDES,001,01897X,000000226033,ESTADUAL,S,S,N,45959,50000,50000,431.23,45991
2025,https://portalfns.saude.gov.br/wp-content/uploads/2026/01/REPASSE-FAF-COM-POPULACAO-2025.xlsx,https://portalfns.saude.gov.br/wp-content/uploads/2026/01/REPASSE-FAF-COM-POPULACAO-2025.xlsx,data/raw/sao_paulo/fns/repasses_faf_com_populacao/2025/REPASSE-FAF-COM-POPULACAO-2025.xlsx,Manutenção Das Ações E Serviços Públicos De Saúde,ATENÇÃO DE MÉDIA E ALTA COMPLEXIDADE AMBULATORIAL E HOSPITALAR,EMENDA - INCREMENTO TEMPORÁRIO AO CUSTEIO DOS SERVIÇOS DE ASSISTÊNCIA HOSPITALAR E AMBULATORIAL,SP,SAO PAULO,355030,11904961,2025,13864377000130,FUNDO MUNICIPAL DE SAUDE - FMS,001,01897X,000000226343,MUNICIPAL,N,S,N,45959,200000,200000,201724.94,45991
2025,https://portalfns.saude.gov.br/wp-content/uploads/2026/01/REPASSE-FAF-COM-POPULACAO-2025.xlsx,https://portalfns.saude.gov.br/wp-content/uploads/2026/01/REPASSE-FAF-COM-POPULACAO-2025.xlsx,data/raw/sao_paulo/fns/repasses_faf_com_populacao/2025/REPASSE-FAF-COM-POPULACAO-2025.xlsx,Manutenção Das Ações E Serviços Públicos De Saúde,ATENÇÃO DE MÉDIA E ALTA COMPLEXIDADE AMBULATORIAL E HOSPITALAR,FAEC - REABILITAÇÃO PÓS-COVID-19,SP,SAO PAULO,355030,11904961,2025,13864377000130,FUNDO MUNICIPAL DE SAUDE - FMS,001,01897X,000000190470,MUNICIPAL,N,S,N,45959,802.53,802.53,536005569.63999999,45991
2025,https://portalfns.saude.gov.br/wp-content/uploads/2026/01/REPASSE-FAF-COM-POPULACAO-2025.xlsx,https://portalfns.saude.gov.br/wp-content/uploads/2026/01/REPASSE-FAF-COM-POPULACAO-2025.xlsx,data/raw/sao_paulo/fns/repasses_faf_com_populacao/2025/REPASSE-FAF-COM-POPULACAO-2025.xlsx,Manutenção Das Ações E Serviços Públicos De Saúde,ATENÇÃO DE MÉDIA E ALTA COMPLEXIDADE AMBULATORIAL E HOSPITALAR,EMENDA - INCREMENTO TEMPORÁRIO AO CUSTEIO DOS SERVIÇOS DE ASSISTÊNCIA HOSPITALAR E AMBULATORIAL,SP,SAO PAULO,355030,11904961,2025,13851748000140,FUNDO ESTADUAL DE SAUDE - FUNDES,001,01897X,00000022491X,ESTADUAL,S,S,N,45957,100000,100000,949.05,45991
2025,https://portalfns.saude.gov.br/wp-content/uploads/2026/01/REPASSE-FAF-COM-POPULACAO-2025.xlsx,https://portalfns.saude.gov.br/wp-content/uploads/2026/01/REPASSE-FAF-COM-POPULACAO-2025.xlsx,data/raw/sao_paulo/fns/repasses_faf_com_populacao/2025/REPASSE-FAF-COM-POPULACAO-2025.xlsx,Manutenção Das Ações E Serviços Públicos De Saúde,ATENÇÃO DE MÉDIA E ALTA COMPLEXIDADE AMBULATORIAL E HOSPITALAR,EMENDA - INCREMENTO TEMPORÁRIO AO CUSTEIO DOS SERVIÇOS DE ASSISTÊNCIA HOSPITALAR E AMBULATORIAL,SP,SAO PAULO,355030,11904961,2025,13851748000140,FUNDO ESTADUAL DE SAUDE - FUNDES,001,01897X,00000022507X,ESTADUAL,S,S,N,45957,200000,200000,1898.1,45991
2025,https://portalfns.saude.gov.br/wp-content/uploads/2026/01/REPASSE-FAF-COM-POPULACAO-2025.xlsx,https://portalfns.saude.gov.br/wp-content/uploads/2026/01/REPASSE-FAF-COM-POPULACAO-2025.xlsx,data/raw/sao_paulo/fns/repasses_faf_com_populacao/2025/REPASSE-FAF-COM-POPULACAO-2025.xlsx,Manutenção Das Ações E Serviços Públicos De Saúde,ATENÇÃO DE MÉDIA E ALTA COMPLEXIDADE AMBULATORIAL E HOSPITALAR,EMENDA - INCREMENTO TEMPORÁRIO AO CUSTEIO DOS SERVIÇOS DE ASSISTÊNCIA HOSPITALAR E AMBULATORIAL,SP,SAO PAULO,355030,11904961,2025,13851748000140,FUNDO ESTADUAL DE SAUDE - FUNDES,001,01897X,00000022653X,ESTADUAL,S,S,N,45957,700000,700000,6643.36,45991
2025,https://portalfns.saude.gov.br/wp-content/uploads/2026/01/REPASSE-FAF-COM-POPULACAO-2025.xlsx,https://portalfns.saude.gov.br/wp-content/uploads/2026/01/REPASSE-FAF-COM-POPULACAO-2025.xlsx,data/raw/sao_paulo/fns/repasses_faf_com_populacao/2025/REPASSE-FAF-COM-POPULACAO-2025.xlsx,Manutenção Das Ações E Serviços Públicos De Saúde,ATENÇÃO DE MÉDIA E ALTA COMPLEXIDADE AMBULATORIAL E HOSPITALAR,EMENDA - INCREMENTO TEMPORÁRIO AO CUSTEIO DOS SERVIÇOS DE ASSISTÊNCIA HOSPITALAR E AMBULATORIAL,SP,SAO PAULO,355030,11904961,2025,13851748000140,FUNDO ESTADUAL DE SAUDE - FUNDES,001,01897X,00000022670X,ESTADUAL,S,S,N,45957,300000,300000,2847.15,45991
2025,https://portalfns.saude.gov.br/wp-content/uploads/2026/01/REPASSE-FAF-COM-POPULACAO-2025.xlsx,https://portalfns.saude.gov.br/wp-content/uploads/2026/01/REPASSE-FAF-COM-POPULACAO-2025.xlsx,data/raw/sao_paulo/fns/repasses_faf_com_populacao/2025/REPASSE-FAF-COM-POPULACAO-2025.xlsx,Manutenção Das Ações E Serviços Públicos De Saúde,ATENÇÃO DE MÉDIA E ALTA COMPLEXIDADE AMBULATORIAL E HOSPITALAR,EMENDA - INCREMENTO TEMPORÁRIO AO CUSTEIO DOS SERVIÇOS DE ASSISTÊNCIA HOSPITALAR E AMBULATORIAL,SP,SAO PAULO,355030,11904961,2025,13851748000140,FUNDO ESTADUAL DE SAUDE - FUNDES,001,01897X,0022748X,ESTADUAL,S,S,N,45957,200000,200000,-,-
2025,https://portalfns.saude.gov.br/wp-content/uploads/2026/01/REPASSE-FAF-COM-POPULACAO-2025.xlsx,https://portalfns.saude.gov.br/wp-content/uploads/2026/01/REPASSE-FAF-COM-POPULACAO-2025.xlsx,data/raw/sao_paulo/fns/repasses_faf_com_populacao/2025/REPASSE-FAF-COM-POPULACAO-2025.xlsx,Manutenção Das Ações E Serviços Públicos De Saúde,ATENÇÃO DE MÉDIA E ALTA COMPLEXIDADE AMBULATORIAL E HOSPITALAR,EMENDA - INCREMENTO TEMPORÁRIO AO CUSTEIO DOS SERVIÇOS DE ASSISTÊNCIA HOSPITALAR E AMBULATORIAL,SP,SAO PAULO,355030,11904961,2025,13851748000140,FUNDO ESTADUAL DE SAUDE - FUNDES,001,01897X,0022782X,ESTADUAL,S,S,N,45957,300000,300000,-,-
2025,https://portalfns.saude.gov.br/wp-content/uploads/2026/01/REPASSE-FAF-COM-POPULACAO-2025.xlsx,https://portalfns.saude.gov.br/wp-content/uploads/2026/01/REPASSE-FAF-COM-POPULACAO-2025.xlsx,data/raw/sao_paulo/fns/repasses_faf_com_populacao/2025/REPASSE-FAF-COM-POPULACAO-2025.xlsx,Manutenção Das Ações E Serviços Públicos De Saúde,ATENÇÃO DE MÉDIA E ALTA COMPLEXIDADE AMBULATORIAL E HOSPITALAR,EMENDA - INCREMENTO TEMPORÁRIO AO CUSTEIO DOS SERVIÇOS DE ASSISTÊNCIA HOSPITALAR E AMBULATORIAL,SP,SAO PAULO,355030,11904961,2025,13851748000140,FUNDO ESTADUAL DE SAUDE - FUNDES,001,01897X,000000222704,ESTADUAL,S,S,N,45957,500000,500000,4745.26,45991
2025,https://portalfns.saude.gov.br/wp-content/uploads/2026/01/REPASSE-FAF-COM-POPULACAO-2025.xlsx,https://portalfns.saude.gov.br/wp-content/uploads/2026/01/REPASSE-FAF-COM-POPULACAO-2025.xlsx,data/raw/sao_paulo/fns/repasses_faf_com_populacao/2025/REPASSE-FAF-COM-POPULACAO-2025.xlsx,Manutenção Das Ações E Serviços Públicos De Saúde,ATENÇÃO DE MÉDIA E ALTA COMPLEXIDADE AMBULATORIAL E HOSPITALAR,EMENDA - INCREMENTO TEMPORÁRIO AO CUSTEIO DOS SERVIÇOS DE ASSISTÊNCIA HOSPITALAR E AMBULATORIAL,SP,SAO PAULO,355030,11904961,2025,13851748000140,FUNDO ESTADUAL DE SAUDE - FUNDES,001,01897X,000000222720,ESTADUAL,S,S,N,45957,350000,350000,3321.68,45991
2025,https://portalfns.saude.gov.br/wp-content/uploads/2026/01/REPASSE-FAF-COM-POPULACAO-2025.xlsx,https://portalfns.saude.gov.br/wp-content/uploads/2026/01/REPASSE-FAF-COM-POPULACAO-2025.xlsx,data/raw/sao_paulo/fns/repasses_faf_com_populacao/2025/REPASSE-FAF-COM-POPULACAO-2025.xlsx,Manutenção Das Ações E Serviços Públicos De Saúde,ATENÇÃO DE MÉDIA E ALTA COMPLEXIDADE AMBULATORIAL E HOSPITALAR,EMENDA - INCREMENTO TEMPORÁRIO AO CUSTEIO DOS SERVIÇOS DE ASSISTÊNCIA HOSPITALAR E AMBULATORIAL,SP,SAO PAULO,355030,11904961,2025,13851748000140,FUNDO ESTADUAL DE SAUDE - FUNDES,001,01897X,000000222755,ESTADUAL,S,S,N,45957,1000000,1000000,9490.52,45991
2025,https://portalfns.saude.gov.br/wp-content/uploads/2026/01/REPASSE-FAF-COM-POPULACAO-2025.xlsx,https://portalfns.saude.gov.br/wp-content/uploads/2026/01/REPASSE-FAF-COM-POPULACAO-2025.xlsx,data/raw/sao_paulo/fns/repasses_faf_com_populacao/2025/REPASSE-FAF-COM-POPULACAO-2025.xlsx,Manutenção Das Ações E Serviços Públicos De Saúde,ATENÇÃO DE MÉDIA E ALTA COMPLEXIDADE AMBULATORIAL E HOSPITALAR,EMENDA - INCREMENTO TEMPORÁRIO AO CUSTEIO DOS SERVIÇOS DE ASSISTÊNCIA HOSPITALAR E AMBULATORIAL,SP,SAO PAULO,355030,11904961,2025,13851748000140,FUNDO ESTADUAL DE SAUDE - FUNDES,001,01897X,000000222763,ESTADUAL,S,S,N,45957,500000,500000,4745.26,45991
2025,https://portalfns.saude.gov.br/wp-content/uploads/2026/01/REPASSE-FAF-COM-POPULACAO-2025.xlsx,https://portalfns.saude.gov.br/wp-content/uploads/2026/01/REPASSE-FAF-COM-POPULACAO-2025.xlsx,data/raw/sao_paulo/fns/repasses_faf_com_populacao/2025/REPASSE-FAF-COM-POPULACAO-2025.xlsx,Manutenção Das Ações E Serviços Públicos De Saúde,ATENÇÃO DE MÉDIA E ALTA COMPLEXIDADE AMBULATORIAL E HOSPITALAR,EMENDA - INCREMENTO TEMPORÁRIO AO CUSTEIO DOS SERVIÇOS DE ASSISTÊNCIA HOSPITALAR E AMBULATORIAL,SP,SAO PAULO,355030,11904961,2025,13851748000140,FUNDO ESTADUAL DE SAUDE - FUNDES,001,01897X,000000222771,ESTADUAL,S,S,N,45957,300000,300000,2847.15,45991
2025,https://portalfns.saude.gov.br/wp-content/uploads/2026/01/REPASSE-FAF-COM-POPULACAO-2025.xlsx,https://portalfns.saude.gov.br/wp-content/uploads/2026/01/REPASSE-FAF-COM-POPULACAO-2025.xlsx,data/raw/sao_paulo/fns/repasses_faf_com_populacao/2025/REPASSE-FAF-COM-POPULACAO-2025.xlsx,Manutenção Das Ações E Serviços Públicos De Saúde,ATENÇÃO DE MÉDIA E ALTA COMPLEXIDADE AMBULATORIAL E HOSPITALAR,EMENDA - INCREMENTO TEMPORÁRIO AO CUSTEIO DOS SERVIÇOS DE ASSISTÊNCIA HOSPITALAR E AMBULATORIAL,SP,SAO PAULO,355030,11904961,2025,13851748000140,FUNDO ESTADUAL DE SAUDE - FUNDES,001,01897X,000000222879,ESTADUAL,S,S,N,45957,300000,300000,2847.15,45991
2025,https://portalfns.saude.gov.br/wp-content/uploads/2026/01/REPASSE-FAF-COM-POPULACAO-2025.xlsx,https://portalfns.saude.gov.br/wp-content/uploads/2026/01/REPASSE-FAF-COM-POPULACAO-2025.xlsx,data/raw/sao_paulo/fns/repasses_faf_com_populacao/2025/REPASSE-FAF-COM-POPULACAO-2025.xlsx,Manutenção Das Ações E Serviços Públicos De Saúde,ATENÇÃO DE MÉDIA E ALTA COMPLEXIDADE AMBULATORIAL E HOSPITALAR,EMENDA - INCREMENTO TEMPORÁRIO AO CUSTEIO DOS SERVIÇOS DE ASSISTÊNCIA HOSPITALAR E AMBULATORIAL,SP,SAO PAULO,355030,11904961,2025,13851748000140,FUNDO ESTADUAL DE SAUDE - FUNDES,001,01897X,000000222887,ESTADUAL,S,S,N,45957,50000,50000,474.52,45991
2025,https://portalfns.saude.gov.br/wp-content/uploads/2026/01/REPASSE-FAF-COM-POPULACAO-2025.xlsx,https://portalfns.saude.gov.br/wp-content/uploads/2026/01/REPASSE-FAF-COM-POPULACAO-2025.xlsx,data/raw/sao_paulo/fns/repasses_faf_com_populacao/2025/REPASSE-FAF-COM-POPULACAO-2025.xlsx,Manutenção Das Ações E Serviços Públicos De Saúde,ATENÇÃO DE MÉDIA E ALTA COMPLEXIDADE AMBULATORIAL E HOSPITALAR,EMENDA - INCREMENTO TEMPORÁRIO AO CUSTEIO DOS SERVIÇOS DE ASSISTÊNCIA HOSPITALAR E AMBULATORIAL,SP,SAO PAULO,355030,11904961,2025,13851748000140,FUNDO ESTADUAL DE SAUDE - FUNDES,001,01897X,000000222909,ESTADUAL,S,S,N,45957,250000,250000,2372.63,45991
2025,https://portalfns.saude.gov.br/wp-content/uploads/2026/01/REPASSE-FAF-COM-POPULACAO-2025.xlsx,https://portalfns.saude.gov.br/wp-content/uploads/2026/01/REPASSE-FAF-COM-POPULACAO-2025.xlsx,data/raw/sao_paulo/fns/repasses_faf_com_populacao/2025/REPASSE-FAF-COM-POPULACAO-2025.xlsx,Manutenção Das Ações E Serviços Públicos De Saúde,ATENÇÃO DE MÉDIA E ALTA COMPLEXIDADE AMBULATORIAL E HOSPITALAR,EMENDA - INCREMENTO TEMPORÁRIO AO CUSTEIO DOS SERVIÇOS DE ASSISTÊNCIA HOSPITALAR E AMBULATORIAL,SP,SAO PAULO,355030,11904961,2025,13851748000140,FUNDO ESTADUAL DE SAUDE - FUNDES,001,01897X,000000223085,ESTADUAL,S,S,N,45957,500000,500000,4745.26,45991
2025,https://portalfns.saude.gov.br/wp-content/uploads/2026/01/REPASSE-FAF-COM-POPULACAO-2025.xlsx,https://portalfns.saude.gov.br/wp-content/uploads/2026/01/REPASSE-FAF-COM-POPULACAO-2025.xlsx,data/raw/sao_paulo/fns/repasses_faf_com_populacao/2025/REPASSE-FAF-COM-POPULACAO-2025.xlsx,Manutenção Das Ações E Serviços Públicos De Saúde,ATENÇÃO DE MÉDIA E ALTA COMPLEXIDADE AMBULATORIAL E HOSPITALAR,EMENDA - INCREMENTO TEMPORÁRIO AO CUSTEIO DOS SERVIÇOS DE ASSISTÊNCIA HOSPITALAR E AMBULATORIAL,SP,SAO PAULO,355030,11904961,2025,13851748000140,FUNDO ESTADUAL DE SAUDE - FUNDES,001,01897X,000000223190,ESTADUAL,S,S,N,45957,500000,500000,4745.26,45991
2025,https://portalfns.saude.gov.br/wp-content/uploads/2026/01/REPASSE-FAF-COM-POPULACAO-2025.xlsx,https://portalfns.saude.gov.br/wp-content/uploads/2026/01/REPASSE-FAF-COM-POPULACAO-2025.xlsx,data/raw/sao_paulo/fns/repasses_faf_com_populacao/2025/REPASSE-FAF-COM-POPULACAO-2025.xlsx,Manutenção Das Ações E Serviços Públicos De Saúde,ATENÇÃO DE MÉDIA E ALTA COMPLEXIDADE AMBULATORIAL E HOSPITALAR,EMENDA - INCREMENTO TEMPORÁRIO AO CUSTEIO DOS SERVIÇOS DE ASSISTÊNCIA HOSPITALAR E AMBULATORIAL,SP,SAO PAULO,355030,11904961,2025,13851748000140,FUNDO ESTADUAL DE SAUDE - FUNDES,001,01897X,000000223719,ESTADUAL,S,S,N,45957,200000,200000,1898.1,45991
2025,https://portalfns.saude.gov.br/wp-content/uploads/2026/01/REPASSE-FAF-COM-POPULACAO-2025.xlsx,https://portalfns.saude.gov.br/wp-content/uploads/2026/01/REPASSE-FAF-COM-POPULACAO-2025.xlsx,data/raw/sao_paulo/fns/repasses_faf_com_populacao/2025/REPASSE-FAF-COM-POPULACAO-2025.xlsx,Manutenção Das Ações E Serviços Públicos De Saúde,ATENÇÃO DE MÉDIA E ALTA COMPLEXIDADE AMBULATORIAL E HOSPITALAR,EMENDA - INCREMENTO TEMPORÁRIO AO CUSTEIO DOS SERVIÇOS DE ASSISTÊNCIA HOSPITALAR E AMBULATORIAL,SP,SAO PAULO,355030,11904961,2025,13851748000140,FUNDO ESTADUAL DE SAUDE - FUNDES,001,01897X,000000223727,ESTADUAL,S,S,N,45957,500000,500000,4745.26,45991
2025,https://portalfns.saude.gov.br/wp-content/uploads/2026/01/REPASSE-FAF-COM-POPULACAO-2025.xlsx,https://portalfns.saude.gov.br/wp-content/uploads/2026/01/REPASSE-FAF-COM-POPULACAO-2025.xlsx,data/raw/sao_paulo/fns/repasses_faf_com_populacao/2025/REPASSE-FAF-COM-POPULACAO-2025.xlsx,Manutenção Das Ações E Serviços Públicos De Saúde,ATENÇÃO DE MÉDIA E ALTA COMPLEXIDADE AMBULATORIAL E HOSPITALAR,EMENDA - INCREMENTO TEMPORÁRIO AO CUSTEIO DOS SERVIÇOS DE ASSISTÊNCIA HOSPITALAR E AMBULATORIAL,SP,SAO PAULO,355030,11904961,2025,13851748000140,FUNDO ESTADUAL DE SAUDE - FUNDES,001,01897X,000000223735,ESTADUAL,S,S,N,45957,1000000,1000000,9490.52,45991
2025,https://portalfns.saude.gov.br/wp-content/uploads/2026/01/REPASSE-FAF-COM-POPULACAO-2025.xlsx,https://portalfns.saude.gov.br/wp-content/uploads/2026/01/REPASSE-FAF-COM-POPULACAO-2025.xlsx,data/raw/sao_paulo/fns/repasses_faf_com_populacao/2025/REPASSE-FAF-COM-POPULACAO-2025.xlsx,Manutenção Das Ações E Serviços Públicos De Saúde,ATENÇÃO DE MÉDIA E ALTA COMPLEXIDADE AMBULATORIAL E HOSPITALAR,EMENDA - INCREMENTO TEMPORÁRIO AO CUSTEIO DOS SERVIÇOS DE ASSISTÊNCIA HOSPITALAR E AMBULATORIAL,SP,SAO PAULO,355030,11904961,2025,13851748000140,FUNDO ESTADUAL DE SAUDE - FUNDES,001,01897X,000000223786,ESTADUAL,S,S,N,45957,400000,400000,3796.2,45991
2025,https://portalfns.saude.gov.br/wp-content/uploads/2026/01/REPASSE-FAF-COM-POPULACAO-2025.xlsx,https://portalfns.saude.gov.br/wp-content/uploads/2026/01/REPASSE-FAF-COM-POPULACAO-2025.xlsx,data/raw/sao_paulo/fns/repasses_faf_com_populacao/2025/REPASSE-FAF-COM-POPULACAO-2025.xlsx,Manutenção Das Ações E Serviços Públicos De Saúde,ATENÇÃO DE MÉDIA E ALTA COMPLEXIDADE AMBULATORIAL E HOSPITALAR,EMENDA - INCREMENTO TEMPORÁRIO AO CUSTEIO DOS SERVIÇOS DE ASSISTÊNCIA HOSPITALAR E AMBULATORIAL,SP,SAO PAULO,355030,11904961,2025,13851748000140,FUNDO ESTADUAL DE SAUDE - FUNDES,001,01897X,000000223859,ESTADUAL,S,S,N,45957,100000,100000,100949.05,45991
2025,https://portalfns.saude.gov.br/wp-content/uploads/2026/01/REPASSE-FAF-COM-POPULACAO-2025.xlsx,https://portalfns.saude.gov.br/wp-content/uploads/2026/01/REPASSE-FAF-COM-POPULACAO-2025.xlsx,data/raw/sao_paulo/fns/repasses_faf_com_populacao/2025/REPASSE-FAF-COM-POPULACAO-2025.xlsx,Manutenção Das Ações E Serviços Públicos De Saúde,ATENÇÃO DE MÉDIA E ALTA COMPLEXIDADE AMBULATORIAL E HOSPITALAR,EMENDA - INCREMENTO TEMPORÁRIO AO CUSTEIO DOS SERVIÇOS DE ASSISTÊNCIA HOSPITALAR E AMBULATORIAL,SP,SAO PAULO,355030,11904961,2025,13851748000140,FUNDO ESTADUAL DE SAUDE - FUNDES,001,01897X,000000223956,ESTADUAL,S,S,N,45957,250000,250000,2372.63,45991
2025,https://portalfns.saude.gov.br/wp-content/uploads/2026/01/REPASSE-FAF-COM-POPULACAO-2025.xlsx,https://portalfns.saude.gov.br/wp-content/uploads/2026/01/REPASSE-FAF-COM-POPULACAO-2025.xlsx,data/raw/sao_paulo/fns/repasses_faf_com_populacao/2025/REPASSE-FAF-COM-POPULACAO-2025.xlsx,Manutenção Das Ações E Serviços Públicos De Saúde,ATENÇÃO DE MÉDIA E ALTA COMPLEXIDADE AMBULATORIAL E HOSPITALAR,EMENDA - INCREMENTO TEMPORÁRIO AO CUSTEIO DOS SERVIÇOS DE ASSISTÊNCIA HOSPITALAR E AMBULATORIAL,SP,SAO PAULO,355030,11904961,2025,13851748000140,FUNDO ESTADUAL DE SAUDE - FUNDES,001,01897X,000000223972,ESTADUAL,S,S,N,45957,101000,101000,101958.54,45991
2025,https://portalfns.saude.gov.br/wp-content/uploads/2026/01/REPASSE-FAF-COM-POPULACAO-2025.xlsx,https://portalfns.saude.gov.br/wp-content/uploads/2026/01/REPASSE-FAF-COM-POPULACAO-2025.xlsx,data/raw/sao_paulo/fns/repasses_faf_com_populacao/2025/REPASSE-FAF-COM-POPULACAO-2025.xlsx,Manutenção Das Ações E Serviços Públicos De Saúde,ATENÇÃO DE MÉDIA E ALTA COMPLEXIDADE AMBULATORIAL E HOSPITALAR,EMENDA - INCREMENTO TEMPORÁRIO AO CUSTEIO DOS SERVIÇOS DE ASSISTÊNCIA HOSPITALAR E AMBULATORIAL,SP,SAO PAULO,355030,11904961,2025,13851748000140,FUNDO ESTADUAL DE SAUDE - FUNDES,001,01897X,000000224065,ESTADUAL,S,S,N,45957,200000,200000,1898.1,45991
2025,https://portalfns.saude.gov.br/wp-content/uploads/2026/01/REPASSE-FAF-COM-POPULACAO-2025.xlsx,https://portalfns.saude.gov.br/wp-content/uploads/2026/01/REPASSE-FAF-COM-POPULACAO-2025.xlsx,data/raw/sao_paulo/fns/repasses_faf_com_populacao/2025/REPASSE-FAF-COM-POPULACAO-2025.xlsx,Manutenção Das Ações E Serviços Públicos De Saúde,ATENÇÃO DE MÉDIA E ALTA COMPLEXIDADE AMBULATORIAL E HOSPITALAR,EMENDA - INCREMENTO TEMPORÁRIO AO CUSTEIO DOS SERVIÇOS DE ASSISTÊNCIA HOSPITALAR E AMBULATORIAL,SP,SAO PAULO,355030,11904961,2025,13851748000140,FUNDO ESTADUAL DE SAUDE - FUNDES,001,01897X,000000224154,ESTADUAL,S,S,N,45957,45985,45985,436.42,45991
2025,https://portalfns.saude.gov.br/wp-content/uploads/2026/01/REPASSE-FAF-COM-POPULACAO-2025.xlsx,https://portalfns.saude.gov.br/wp-content/uploads/2026/01/REPASSE-FAF-COM-POPULACAO-2025.xlsx,data/raw/sao_paulo/fns/repasses_faf_com_populacao/2025/REPASSE-FAF-COM-POPULACAO-2025.xlsx,Manutenção Das Ações E Serviços Públicos De Saúde,ATENÇÃO DE MÉDIA E ALTA COMPLEXIDADE AMBULATORIAL E HOSPITALAR,EMENDA - INCREMENTO TEMPORÁRIO AO CUSTEIO DOS SERVIÇOS DE ASSISTÊNCIA HOSPITALAR E AMBULATORIAL,SP,SAO PAULO,355030,11904961,2025,13851748000140,FUNDO ESTADUAL DE SAUDE - FUNDES,001,01897X,000000224170,ESTADUAL,S,S,N,45957,300000,300000,2847.15,45991
2025,https://portalfns.saude.gov.br/wp-content/uploads/2026/01/REPASSE-FAF-COM-POPULACAO-2025.xlsx,https://portalfns.saude.gov.br/wp-content/uploads/2026/01/REPASSE-FAF-COM-POPULACAO-2025.xlsx,data/raw/sao_paulo/fns/repasses_faf_com_populacao/2025/REPASSE-FAF-COM-POPULACAO-2025.xlsx,Manutenção Das Ações E Serviços Públicos De Saúde,ATENÇÃO DE MÉDIA E ALTA COMPLEXIDADE AMBULATORIAL E HOSPITALAR,EMENDA - INCREMENTO TEMPORÁRIO AO CUSTEIO DOS SERVIÇOS DE ASSISTÊNCIA HOSPITALAR E AMBULATORIAL,SP,SAO PAULO,355030,11904961,2025,13851748000140,FUNDO ESTADUAL DE SAUDE - FUNDES,001,01897X,000000224189,ESTADUAL,S,S,N,45957,300000,300000,2847.15,45991
2025,https://portalfns.saude.gov.br/wp-content/uploads/2026/01/REPASSE-FAF-COM-POPULACAO-2025.xlsx,https://portalfns.saude.gov.br/wp-content/uploads/2026/01/REPASSE-FAF-COM-POPULACAO-2025.xlsx,data/raw/sao_paulo/fns/repasses_faf_com_populacao/2025/REPASSE-FAF-COM-POPULACAO-2025.xlsx,Manutenção Das Ações E Serviços Públicos De Saúde,ATENÇÃO DE MÉDIA E ALTA COMPLEXIDADE AMBULATORIAL E HOSPITALAR,EMENDA - INCREMENTO TEMPORÁRIO AO CUSTEIO DOS SERVIÇOS DE ASSISTÊNCIA HOSPITALAR E AMBULATORIAL,SP,SAO PAULO,355030,11904961,2025,13851748000140,FUNDO ESTADUAL DE SAUDE - FUNDES,001,01897X,000000224243,ESTADUAL,S,S,N,45957,150000,150000,1423.57,45991
2025,https://portalfns.saude.gov.br/wp-content/uploads/2026/01/REPASSE-FAF-COM-POPULACAO-2025.xlsx,https://portalfns.saude.gov.br/wp-content/uploads/2026/01/REPASSE-FAF-COM-POPULACAO-2025.xlsx,data/raw/sao_paulo/fns/repasses_faf_com_populacao/2025/REPASSE-FAF-COM-POPULACAO-2025.xlsx,Manutenção Das Ações E Serviços Públicos De Saúde,ATENÇÃO DE MÉDIA E ALTA COMPLEXIDADE AMBULATORIAL E HOSPITALAR,EMENDA - INCREMENTO TEMPORÁRIO AO CUSTEIO DOS SERVIÇOS DE ASSISTÊNCIA HOSPITALAR E AMBULATORIAL,SP,SAO PAULO,355030,11904961,2025,13851748000140,FUNDO ESTADUAL DE SAUDE - FUNDES,001,01897X,000000224324,ESTADUAL,S,S,N,45957,300000,300000,2847.15,45991
2025,https://portalfns.saude.gov.br/wp-content/uploads/2026/01/REPASSE-FAF-COM-POPULACAO-2025.xlsx,https://portalfns.saude.gov.br/wp-content/uploads/2026/01/REPASSE-FAF-COM-POPULACAO-2025.xlsx,data/raw/sao_paulo/fns/repasses_faf_com_populacao/2025/REPASSE-FAF-COM-POPULACAO-2025.xlsx,Manutenção Das Ações E Serviços Públicos De Saúde,ATENÇÃO DE MÉDIA E ALTA COMPLEXIDADE AMBULATORIAL E HOSPITALAR,EMENDA - INCREMENTO TEMPORÁRIO AO CUSTEIO DOS SERVIÇOS DE ASSISTÊNCIA HOSPITALAR E AMBULATORIAL,SP,SAO PAULO,355030,11904961,2025,13851748000140,FUNDO ESTADUAL DE SAUDE - FUNDES,001,01897X,000000224332,ESTADUAL,S,S,N,45957,300000,300000,2847.15,45991
2025,https://portalfns.saude.gov.br/wp-content/uploads/2026/01/REPASSE-FAF-COM-POPULACAO-2025.xlsx,https://portalfns.saude.gov.br/wp-content/uploads/2026/01/REPASSE-FAF-COM-POPULACAO-2025.xlsx,data/raw/sao_paulo/fns/repasses_faf_com_populacao/2025/REPASSE-FAF-COM-POPULACAO-2025.xlsx,Manutenção Das Ações E Serviços Públicos De Saúde,ATENÇÃO DE MÉDIA E ALTA COMPLEXIDADE AMBULATORIAL E HOSPITALAR,EMENDA - INCREMENTO TEMPORÁRIO AO CUSTEIO DOS SERVIÇOS DE ASSISTÊNCIA HOSPITALAR E AMBULATORIAL,SP,SAO PAULO,355030,11904961,2025,13851748000140,FUNDO ESTADUAL DE SAUDE - FUNDES,001,01897X,000000224340,ESTADUAL,S,S,N,45957,80000,80000,759.24,45991
2025,https://portalfns.saude.gov.br/wp-content/uploads/2026/01/REPASSE-FAF-COM-POPULACAO-2025.xlsx,https://portalfns.saude.gov.br/wp-content/uploads/2026/01/REPASSE-FAF-COM-POPULACAO-2025.xlsx,data/raw/sao_paulo/fns/repasses_faf_com_populacao/2025/REPASSE-FAF-COM-POPULACAO-2025.xlsx,Manutenção Das Ações E Serviços Públicos De Saúde,ATENÇÃO DE MÉDIA E ALTA COMPLEXIDADE AMBULATORIAL E HOSPITALAR,EMENDA - INCREMENTO TEMPORÁRIO AO CUSTEIO DOS SERVIÇOS DE ASSISTÊNCIA HOSPITALAR E AMBULATORIAL,SP,SAO PAULO,355030,11904961,2025,13851748000140,FUNDO ESTADUAL DE SAUDE - FUNDES,001,01897X,000000224499,ESTADUAL,S,S,N,45957,200000,200000,1898.1,45991
2025,https://portalfns.saude.gov.br/wp-content/uploads/2026/01/REPASSE-FAF-COM-POPULACAO-2025.xlsx,https://portalfns.saude.gov.br/wp-content/uploads/2026/01/REPASSE-FAF-COM-POPULACAO-2025.xlsx,data/raw/sao_paulo/fns/repasses_faf_com_populacao/2025/REPASSE-FAF-COM-POPULACAO-2025.xlsx,Manutenção Das Ações E Serviços Públicos De Saúde,ATENÇÃO DE MÉDIA E ALTA COMPLEXIDADE AMBULATORIAL E HOSPITALAR,EMENDA - INCREMENTO TEMPORÁRIO AO CUSTEIO DOS SERVIÇOS DE ASSISTÊNCIA HOSPITALAR E AMBULATORIAL,SP,SAO PAULO,355030,11904961,2025,13851748000140,FUNDO ESTADUAL DE SAUDE - FUNDES,001,01897X,000000224642,ESTADUAL,S,S,N,45957,100000,100000,949.05,45991
2025,https://portalfns.saude.gov.br/wp-content/uploads/2026/01/REPASSE-FAF-COM-POPULACAO-2025.xlsx,https://portalfns.saude.gov.br/wp-content/uploads/2026/01/REPASSE-FAF-COM-POPULACAO-2025.xlsx,data/raw/sao_paulo/fns/repasses_faf_com_populacao/2025/REPASSE-FAF-COM-POPULACAO-2025.xlsx,Manutenção Das Ações E Serviços Públicos De Saúde,ATENÇÃO DE MÉDIA E ALTA COMPLEXIDADE AMBULATORIAL E HOSPITALAR,EMENDA - INCREMENTO TEMPORÁRIO AO CUSTEIO DOS SERVIÇOS DE ASSISTÊNCIA HOSPITALAR E AMBULATORIAL,SP,SAO PAULO,355030,11904961,2025,13851748000140,FUNDO ESTADUAL DE SAUDE - FUNDES,001,01897X,000000224669,ESTADUAL,S,S,N,45957,100000,100000,949.05,45991
2025,https://portalfns.saude.gov.br/wp-content/uploads/2026/01/REPASSE-FAF-COM-POPULACAO-2025.xlsx,https://portalfns.saude.gov.br/wp-content/uploads/2026/01/REPASSE-FAF-COM-POPULACAO-2025.xlsx,data/raw/sao_paulo/fns/repasses_faf_com_populacao/2025/REPASSE-FAF-COM-POPULACAO-2025.xlsx,Manutenção Das Ações E Serviços Públicos De Saúde,ATENÇÃO DE MÉDIA E ALTA COMPLEXIDADE AMBULATORIAL E HOSPITALAR,EMENDA - INCREMENTO TEMPORÁRIO AO CUSTEIO DOS SERVIÇOS DE ASSISTÊNCIA HOSPITALAR E AMBULATORIAL,SP,SAO PAULO,355030,11904961,2025,13851748000140,FUNDO ESTADUAL DE SAUDE - FUNDES,001,01897X,000000224901,ESTADUAL,S,S,N,45957,150000,150000,1423.57,45991
2025,https://portalfns.saude.gov.br/wp-content/uploads/2026/01/REPASSE-FAF-COM-POPULACAO-2025.xlsx,https://portalfns.saude.gov.br/wp-content/uploads/2026/01/REPASSE-FAF-COM-POPULACAO-2025.xlsx,data/raw/sao_paulo/fns/repasses_faf_com_populacao/2025/REPASSE-FAF-COM-POPULACAO-2025.xlsx,Manutenção Das Ações E Serviços Públicos De Saúde,ATENÇÃO DE MÉDIA E ALTA COMPLEXIDADE AMBULATORIAL E HOSPITALAR,EMENDA - INCREMENTO TEMPORÁRIO AO CUSTEIO DOS SERVIÇOS DE ASSISTÊNCIA HOSPITALAR E AMBULATORIAL,SP,SAO PAULO,355030,11904961,2025,13851748000140,FUNDO ESTADUAL DE SAUDE - FUNDES,001,01897X,000000224928,ESTADUAL,S,S,N,45957,500000,500000,4745.26,45991
2025,https://portalfns.saude.gov.br/wp-content/uploads/2026/01/REPASSE-FAF-COM-POPULACAO-2025.xlsx,https://portalfns.saude.gov.br/wp-content/uploads/2026/01/REPASSE-FAF-COM-POPULACAO-2025.xlsx,data/raw/sao_paulo/fns/repasses_faf_com_populacao/2025/REPASSE-FAF-COM-POPULACAO-2025.xlsx,Manutenção Das Ações E Serviços Públicos De Saúde,ATENÇÃO DE MÉDIA E ALTA COMPLEXIDADE AMBULATORIAL E HOSPITALAR,EMENDA - INCREMENTO TEMPORÁRIO AO CUSTEIO DOS SERVIÇOS DE ASSISTÊNCIA HOSPITALAR E AMBULATORIAL,SP,SAO PAULO,355030,11904961,2025,13851748000140,FUNDO ESTADUAL DE SAUDE - FUNDES,001,01897X,000000224936,ESTADUAL,S,S,N,45957,250000,250000,2372.63,45991
2025,https://portalfns.saude.gov.br/wp-content/uploads/2026/01/REPASSE-FAF-COM-POPULACAO-2025.xlsx,https://portalfns.saude.gov.br/wp-content/uploads/2026/01/REPASSE-FAF-COM-POPULACAO-2025.xlsx,data/raw/sao_paulo/fns/repasses_faf_com_populacao/2025/REPASSE-FAF-COM-POPULACAO-2025.xlsx,Manutenção Das Ações E Serviços Públicos De Saúde,ATENÇÃO DE MÉDIA E ALTA COMPLEXIDADE AMBULATORIAL E HOSPITALAR,EMENDA - INCREMENTO TEMPORÁRIO AO CUSTEIO DOS SERVIÇOS DE ASSISTÊNCIA HOSPITALAR E AMBULATORIAL,SP,SAO PAULO,355030,11904961,2025,13851748000140,FUNDO ESTADUAL DE SAUDE - FUNDES,001,01897X,000000224960,ESTADUAL,S,S,N,45957,100000,100000,949.05,45991
2025,https://portalfns.saude.gov.br/wp-content/uploads/2026/01/REPASSE-FAF-COM-POPULACAO-2025.xlsx,https://portalfns.saude.gov.br/wp-content/uploads/2026/01/REPASSE-FAF-COM-POPULACAO-2025.xlsx,data/raw/sao_paulo/fns/repasses_faf_com_populacao/2025/REPASSE-FAF-COM-POPULACAO-2025.xlsx,Manutenção Das Ações E Serviços Públicos De Saúde,ATENÇÃO DE MÉDIA E ALTA COMPLEXIDADE AMBULATORIAL E HOSPITALAR,EMENDA - INCREMENTO TEMPORÁRIO AO CUSTEIO DOS SERVIÇOS DE ASSISTÊNCIA HOSPITALAR E AMBULATORIAL,SP,SAO PAULO,355030,11904961,2025,13851748000140,FUNDO ESTADUAL DE SAUDE - FUNDES,001,01897X,000000224995,ESTADUAL,S,S,N,45957,250000,250000,2372.63,45991
2025,https://portalfns.saude.gov.br/wp-content/uploads/2026/01/REPASSE-FAF-COM-POPULACAO-2025.xlsx,https://portalfns.saude.gov.br/wp-content/uploads/2026/01/REPASSE-FAF-COM-POPULACAO-2025.xlsx,data/raw/sao_paulo/fns/repasses_faf_com_populacao/2025/REPASSE-FAF-COM-POPULACAO-2025.xlsx,Manutenção Das Ações E Serviços Públicos De Saúde,ATENÇÃO DE MÉDIA E ALTA COMPLEXIDADE AMBULATORIAL E HOSPITALAR,EMENDA - INCREMENTO TEMPORÁRIO AO CUSTEIO DOS SERVIÇOS DE ASSISTÊNCIA HOSPITALAR E AMBULATORIAL,SP,SAO PAULO,355030,11904961,2025,13851748000140,FUNDO ESTADUAL DE SAUDE - FUNDES,001,01897X,000000225002,ESTADUAL,S,S,N,45957,150000,150000,1423.57,45991
2025,https://portalfns.saude.gov.br/wp-content/uploads/2026/01/REPASSE-FAF-COM-POPULACAO-2025.xlsx,https://portalfns.saude.gov.br/wp-content/uploads/2026/01/REPASSE-FAF-COM-POPULACAO-2025.xlsx,data/raw/sao_paulo/fns/repasses_faf_com_populacao/2025/REPASSE-FAF-COM-POPULACAO-2025.xlsx,Manutenção Das Ações E Serviços Públicos De Saúde,ATENÇÃO DE MÉDIA E ALTA COMPLEXIDADE AMBULATORIAL E HOSPITALAR,EMENDA - INCREMENTO TEMPORÁRIO AO CUSTEIO DOS SERVIÇOS DE ASSISTÊNCIA HOSPITALAR E AMBULATORIAL,SP,SAO PAULO,355030,11904961,2025,13851748000140,FUNDO ESTADUAL DE SAUDE - FUNDES,001,01897X,000000225010,ESTADUAL,S,S,N,45957,300000,300000,2847.15,45991
2025,https://portalfns.saude.gov.br/wp-content/uploads/2026/01/REPASSE-FAF-COM-POPULACAO-2025.xlsx,https://portalfns.saude.gov.br/wp-content/uploads/2026/01/REPASSE-FAF-COM-POPULACAO-2025.xlsx,data/raw/sao_paulo/fns/repasses_faf_com_populacao/2025/REPASSE-FAF-COM-POPULACAO-2025.xlsx,Manutenção Das Ações E Serviços Públicos De Saúde,ATENÇÃO DE MÉDIA E ALTA COMPLEXIDADE AMBULATORIAL E HOSPITALAR,EMENDA - INCREMENTO TEMPORÁRIO AO CUSTEIO DOS SERVIÇOS DE ASSISTÊNCIA HOSPITALAR E AMBULATORIAL,SP,SAO PAULO,355030,11904961,2025,13851748000140,FUNDO ESTADUAL DE SAUDE - FUNDES,001,01897X,000000225029,ESTADUAL,S,S,N,45957,100000,100000,949.05,45991
2025,https://portalfns.saude.gov.br/wp-content/uploads/2026/01/REPASSE-FAF-COM-POPULACAO-2025.xlsx,https://portalfns.saude.gov.br/wp-content/uploads/2026/01/REPASSE-FAF-COM-POPULACAO-2025.xlsx,data/raw/sao_paulo/fns/repasses_faf_com_populacao/2025/REPASSE-FAF-COM-POPULACAO-2025.xlsx,Manutenção Das Ações E Serviços Públicos De Saúde,ATENÇÃO DE MÉDIA E ALTA COMPLEXIDADE AMBULATORIAL E HOSPITALAR,EMENDA - INCREMENTO TEMPORÁRIO AO CUSTEIO DOS SERVIÇOS DE ASSISTÊNCIA HOSPITALAR E AMBULATORIAL,SP,SAO PAULO,355030,11904961,2025,13851748000140,FUNDO ESTADUAL DE SAUDE - FUNDES,001,01897X,000000225142,ESTADUAL,S,S,N,45957,100000,100000,949.05,45991
2025,https://portalfns.saude.gov.br/wp-content/uploads/2026/01/REPASSE-FAF-COM-POPULACAO-2025.xlsx,https://portalfns.saude.gov.br/wp-content/uploads/2026/01/REPASSE-FAF-COM-POPULACAO-2025.xlsx,data/raw/sao_paulo/fns/repasses_faf_com_populacao/2025/REPASSE-FAF-COM-POPULACAO-2025.xlsx,Manutenção Das Ações E Serviços Públicos De Saúde,ATENÇÃO DE MÉDIA E ALTA COMPLEXIDADE AMBULATORIAL E HOSPITALAR,EMENDA - INCREMENTO TEMPORÁRIO AO CUSTEIO DOS SERVIÇOS DE ASSISTÊNCIA HOSPITALAR E AMBULATORIAL,SP,SAO PAULO,355030,11904961,2025,13851748000140,FUNDO ESTADUAL DE SAUDE - FUNDES,001,01897X,000000225258,ESTADUAL,S,S,N,45957,200000,200000,201898.1,45991
2025,https://portalfns.saude.gov.br/wp-content/uploads/2026/01/REPASSE-FAF-COM-POPULACAO-2025.xlsx,https://portalfns.saude.gov.br/wp-content/uploads/2026/01/REPASSE-FAF-COM-POPULACAO-2025.xlsx,data/raw/sao_paulo/fns/repasses_faf_com_populacao/2025/REPASSE-FAF-COM-POPULACAO-2025.xlsx,Manutenção Das Ações E Serviços Públicos De Saúde,ATENÇÃO DE MÉDIA E ALTA COMPLEXIDADE AMBULATORIAL E HOSPITALAR,EMENDA - INCREMENTO TEMPORÁRIO AO CUSTEIO DOS SERVIÇOS DE ASSISTÊNCIA HOSPITALAR E AMBULATORIAL,SP,SAO PAULO,355030,11904961,2025,13851748000140,FUNDO ESTADUAL DE SAUDE - FUNDES,001,01897X,000000225355,ESTADUAL,S,S,N,45957,300000,300000,2847.15,45991
2025,https://portalfns.saude.gov.br/wp-content/uploads/2026/01/REPASSE-FAF-COM-POPULACAO-2025.xlsx,https://portalfns.saude.gov.br/wp-content/uploads/2026/01/REPASSE-FAF-COM-POPULACAO-2025.xlsx,data/raw/sao_paulo/fns/repasses_faf_com_populacao/2025/REPASSE-FAF-COM-POPULACAO-2025.xlsx,Manutenção Das Ações E Serviços Públicos De Saúde,ATENÇÃO DE MÉDIA E ALTA COMPLEXIDADE AMBULATORIAL E HOSPITALAR,EMENDA - INCREMENTO TEMPORÁRIO AO CUSTEIO DOS SERVIÇOS DE ASSISTÊNCIA HOSPITALAR E AMBULATORIAL,SP,SAO PAULO,355030,11904961,2025,13851748000140,FUNDO ESTADUAL DE SAUDE - FUNDES,001,01897X,000000225673,ESTADUAL,S,S,N,45957,300000,300000,2847.15,45991
2025,https://portalfns.saude.gov.br/wp-content/uploads/2026/01/REPASSE-FAF-COM-POPULACAO-2025.xlsx,https://portalfns.saude.gov.br/wp-content/uploads/2026/01/REPASSE-FAF-COM-POPULACAO-2025.xlsx,data/raw/sao_paulo/fns/repasses_faf_com_populacao/2025/REPASSE-FAF-COM-POPULACAO-2025.xlsx,Manutenção Das Ações E Serviços Públicos De Saúde,ATENÇÃO DE MÉDIA E ALTA COMPLEXIDADE AMBULATORIAL E HOSPITALAR,EMENDA - INCREMENTO TEMPORÁRIO AO CUSTEIO DOS SERVIÇOS DE ASSISTÊNCIA HOSPITALAR E AMBULATORIAL,SP,SAO PAULO,355030,11904961,2025,13851748000140,FUNDO ESTADUAL DE SAUDE - FUNDES,001,01897X,000000225703,ESTADUAL,S,S,N,45957,200000,200000,201898.1,45991
2025,https://portalfns.saude.gov.br/wp-content/uploads/2026/01/REPASSE-FAF-COM-POPULACAO-2025.xlsx,https://portalfns.saude.gov.br/wp-content/uploads/2026/01/REPASSE-FAF-COM-POPULACAO-2025.xlsx,data/raw/sao_paulo/fns/repasses_faf_com_populacao/2025/REPASSE-FAF-COM-POPULACAO-2025.xlsx,Manutenção Das Ações E Serviços Públicos De Saúde,ATENÇÃO DE MÉDIA E ALTA COMPLEXIDADE AMBULATORIAL E HOSPITALAR,EMENDA - INCREMENTO TEMPORÁRIO AO CUSTEIO DOS SERVIÇOS DE ASSISTÊNCIA HOSPITALAR E AMBULATORIAL,SP,SAO PAULO,355030,11904961,2025,13851748000140,FUNDO ESTADUAL DE SAUDE - FUNDES,001,01897X,000000225738,ESTADUAL,S,S,N,45957,300000,300000,2847.15,45991
2025,https://portalfns.saude.gov.br/wp-content/uploads/2026/01/REPASSE-FAF-COM-POPULACAO-2025.xlsx,https://portalfns.saude.gov.br/wp-content/uploads/2026/01/REPASSE-FAF-COM-POPULACAO-2025.xlsx,data/raw/sao_paulo/fns/repasses_faf_com_populacao/2025/REPASSE-FAF-COM-POPULACAO-2025.xlsx,Manutenção Das Ações E Serviços Públicos De Saúde,ATENÇÃO DE MÉDIA E ALTA COMPLEXIDADE AMBULATORIAL E HOSPITALAR,EMENDA - INCREMENTO TEMPORÁRIO AO CUSTEIO DOS SERVIÇOS DE ASSISTÊNCIA HOSPITALAR E AMBULATORIAL,SP,SAO PAULO,355030,11904961,2025,13851748000140,FUNDO ESTADUAL DE SAUDE - FUNDES,001,01897X,000000225746,ESTADUAL,S,S,N,45957,100000,100000,949.05,45991
2025,https://portalfns.saude.gov.br/wp-content/uploads/2026/01/REPASSE-FAF-COM-POPULACAO-2025.xlsx,https://portalfns.saude.gov.br/wp-content/uploads/2026/01/REPASSE-FAF-COM-POPULACAO-2025.xlsx,data/raw/sao_paulo/fns/repasses_faf_com_populacao/2025/REPASSE-FAF-COM-POPULACAO-2025.xlsx,Manutenção Das Ações E Serviços Públicos De Saúde,ATENÇÃO DE MÉDIA E ALTA COMPLEXIDADE AMBULATORIAL E HOSPITALAR,EMENDA - INCREMENTO TEMPORÁRIO AO CUSTEIO DOS SERVIÇOS DE ASSISTÊNCIA HOSPITALAR E AMBULATORIAL,SP,SAO PAULO,355030,11904961,2025,13851748000140,FUNDO ESTADUAL DE SAUDE - FUNDES,001,01897X,000000225762,ESTADUAL,S,S,N,45957,150000,150000,1423.57,45991
2025,https://portalfns.saude.gov.br/wp-content/uploads/2026/01/REPASSE-FAF-COM-POPULACAO-2025.xlsx,https://portalfns.saude.gov.br/wp-content/uploads/2026/01/REPASSE-FAF-COM-POPULACAO-2025.xlsx,data/raw/sao_paulo/fns/repasses_faf_com_populacao/2025/REPASSE-FAF-COM-POPULACAO-2025.xlsx,Manutenção Das Ações E Serviços Públicos De Saúde,ATENÇÃO DE MÉDIA E ALTA COMPLEXIDADE AMBULATORIAL E HOSPITALAR,EMENDA - INCREMENTO TEMPORÁRIO AO CUSTEIO DOS SERVIÇOS DE ASSISTÊNCIA HOSPITALAR E AMBULATORIAL,SP,SAO PAULO,355030,11904961,2025,13851748000140,FUNDO ESTADUAL DE SAUDE - FUNDES,001,01897X,000000225835,ESTADUAL,S,S,N,45957,400000,400000,3796.2,45991
2025,https://portalfns.saude.gov.br/wp-content/uploads/2026/01/REPASSE-FAF-COM-POPULACAO-2025.xlsx,https://portalfns.saude.gov.br/wp-content/uploads/2026/01/REPASSE-FAF-COM-POPULACAO-2025.xlsx,data/raw/sao_paulo/fns/repasses_faf_com_populacao/2025/REPASSE-FAF-COM-POPULACAO-2025.xlsx,Manutenção Das Ações E Serviços Públicos De Saúde,ATENÇÃO DE MÉDIA E ALTA COMPLEXIDADE AMBULATORIAL E HOSPITALAR,EMENDA - INCREMENTO TEMPORÁRIO AO CUSTEIO DOS SERVIÇOS DE ASSISTÊNCIA HOSPITALAR E AMBULATORIAL,SP,SAO PAULO,355030,11904961,2025,13851748000140,FUNDO ESTADUAL DE SAUDE - FUNDES,001,01897X,000000225843,ESTADUAL,S,S,N,45957,2000000,2000000,18981.04,45991
2025,https://portalfns.saude.gov.br/wp-content/uploads/2026/01/REPASSE-FAF-COM-POPULACAO-2025.xlsx,https://portalfns.saude.gov.br/wp-content/uploads/2026/01/REPASSE-FAF-COM-POPULACAO-2025.xlsx,data/raw/sao_paulo/fns/repasses_faf_com_populacao/2025/REPASSE-FAF-COM-POPULACAO-2025.xlsx,Manutenção Das Ações E Serviços Públicos De Saúde,ATENÇÃO DE MÉDIA E ALTA COMPLEXIDADE AMBULATORIAL E HOSPITALAR,EMENDA - INCREMENTO TEMPORÁRIO AO CUSTEIO DOS SERVIÇOS DE ASSISTÊNCIA HOSPITALAR E AMBULATORIAL,SP,SAO PAULO,355030,11904961,2025,13851748000140,FUNDO ESTADUAL DE SAUDE - FUNDES,001,01897X,000000226025,ESTADUAL,S,S,N,45957,300000,300000,2847.15,45991
2025,https://portalfns.saude.gov.br/wp-content/uploads/2026/01/REPASSE-FAF-COM-POPULACAO-2025.xlsx,https://portalfns.saude.gov.br/wp-content/uploads/2026/01/REPASSE-FAF-COM-POPULACAO-2025.xlsx,data/raw/sao_paulo/fns/repasses_faf_com_populacao/2025/REPASSE-FAF-COM-POPULACAO-2025.xlsx,Manutenção Das Ações E Serviços Públicos De Saúde,ATENÇÃO DE MÉDIA E ALTA COMPLEXIDADE AMBULATORIAL E HOSPITALAR,EMENDA - INCREMENTO TEMPORÁRIO AO CUSTEIO DOS SERVIÇOS DE ASSISTÊNCIA HOSPITALAR E AMBULATORIAL,SP,SAO PAULO,355030,11904961,2025,13851748000140,FUNDO ESTADUAL DE SAUDE - FUNDES,001,01897X,000000226149,ESTADUAL,S,S,N,45957,200000,200000,1898.1,45991
2025,https://portalfns.saude.gov.br/wp-content/uploads/2026/01/REPASSE-FAF-COM-POPULACAO-2025.xlsx,https://portalfns.saude.gov.br/wp-content/uploads/2026/01/REPASSE-FAF-COM-POPULACAO-2025.xlsx,data/raw/sao_paulo/fns/repasses_faf_com_populacao/2025/REPASSE-FAF-COM-POPULACAO-2025.xlsx,Manutenção Das Ações E Serviços Públicos De Saúde,ATENÇÃO DE MÉDIA E ALTA COMPLEXIDADE AMBULATORIAL E HOSPITALAR,EMENDA - INCREMENTO TEMPORÁRIO AO CUSTEIO DOS SERVIÇOS DE ASSISTÊNCIA HOSPITALAR E AMBULATORIAL,SP,SAO PAULO,355030,11904961,2025,13851748000140,FUNDO ESTADUAL DE SAUDE - FUNDES,001,01897X,000000226157,ESTADUAL,S,S,N,45957,5000000,5000000,47452.62,45991
2025,https://portalfns.saude.gov.br/wp-content/uploads/2026/01/REPASSE-FAF-COM-POPULACAO-2025.xlsx,https://portalfns.saude.gov.br/wp-content/uploads/2026/01/REPASSE-FAF-COM-POPULACAO-2025.xlsx,data/raw/sao_paulo/fns/repasses_faf_com_populacao/2025/REPASSE-FAF-COM-POPULACAO-2025.xlsx,Manutenção Das Ações E Serviços Públicos De Saúde,ATENÇÃO DE MÉDIA E ALTA COMPLEXIDADE AMBULATORIAL E HOSPITALAR,EMENDA - INCREMENTO TEMPORÁRIO AO CUSTEIO DOS SERVIÇOS DE ASSISTÊNCIA HOSPITALAR E AMBULATORIAL,SP,SAO PAULO,355030,11904961,2025,13851748000140,FUNDO ESTADUAL DE SAUDE - FUNDES,001,01897X,000000226165,ESTADUAL,S,S,N,45957,1000000,1000000,9490.52,45991
2025,https://portalfns.saude.gov.br/wp-content/uploads/2026/01/REPASSE-FAF-COM-POPULACAO-2025.xlsx,https://portalfns.saude.gov.br/wp-content/uploads/2026/01/REPASSE-FAF-COM-POPULACAO-2025.xlsx,data/raw/sao_paulo/fns/repasses_faf_com_populacao/2025/REPASSE-FAF-COM-POPULACAO-2025.xlsx,Manutenção Das Ações E Serviços Públicos De Saúde,ATENÇÃO DE MÉDIA E ALTA COMPLEXIDADE AMBULATORIAL E HOSPITALAR,EMENDA - INCREMENTO TEMPORÁRIO AO CUSTEIO DOS SERVIÇOS DE ASSISTÊNCIA HOSPITALAR E AMBULATORIAL,SP,SAO PAULO,355030,11904961,2025,13851748000140,FUNDO ESTADUAL DE SAUDE - FUNDES,001,01897X,000000226416,ESTADUAL,S,S,N,45957,112985,112985,1072.28,45991
2025,https://portalfns.saude.gov.br/wp-content/uploads/2026/01/REPASSE-FAF-COM-POPULACAO-2025.xlsx,https://portalfns.saude.gov.br/wp-content/uploads/2026/01/REPASSE-FAF-COM-POPULACAO-2025.xlsx,data/raw/sao_paulo/fns/repasses_faf_com_populacao/2025/REPASSE-FAF-COM-POPULACAO-2025.xlsx,Manutenção Das Ações E Serviços Públicos De Saúde,ATENÇÃO DE MÉDIA E ALTA COMPLEXIDADE AMBULATORIAL E HOSPITALAR,EMENDA - INCREMENTO TEMPORÁRIO AO CUSTEIO DOS SERVIÇOS DE ASSISTÊNCIA HOSPITALAR E AMBULATORIAL,SP,SAO PAULO,355030,11904961,2025,13851748000140,FUNDO ESTADUAL DE SAUDE - FUNDES,001,01897X,000000226483,ESTADUAL,S,S,N,45957,200000,200000,1898.1,45991
2025,https://portalfns.saude.gov.br/wp-content/uploads/2026/01/REPASSE-FAF-COM-POPULACAO-2025.xlsx,https://portalfns.saude.gov.br/wp-content/uploads/2026/01/REPASSE-FAF-COM-POPULACAO-2025.xlsx,data/raw/sao_paulo/fns/repasses_faf_com_populacao/2025/REPASSE-FAF-COM-POPULACAO-2025.xlsx,Manutenção Das Ações E Serviços Públicos De Saúde,ATENÇÃO DE MÉDIA E ALTA COMPLEXIDADE AMBULATORIAL E HOSPITALAR,EMENDA - INCREMENTO TEMPORÁRIO AO CUSTEIO DOS SERVIÇOS DE ASSISTÊNCIA HOSPITALAR E AMBULATORIAL,SP,SAO PAULO,355030,11904961,2025,13851748000140,FUNDO ESTADUAL DE SAUDE - FUNDES,001,01897X,000000226491,ESTADUAL,S,S,N,45957,300000,300000,2847.15,45991
2025,https://portalfns.saude.gov.br/wp-content/uploads/2026/01/REPASSE-FAF-COM-POPULACAO-2025.xlsx,https://portalfns.saude.gov.br/wp-content/uploads/2026/01/REPASSE-FAF-COM-POPULACAO-2025.xlsx,data/raw/sao_paulo/fns/repasses_faf_com_populacao/2025/REPASSE-FAF-COM-POPULACAO-2025.xlsx,Manutenção Das Ações E Serviços Públicos De Saúde,ATENÇÃO DE MÉDIA E ALTA COMPLEXIDADE AMBULATORIAL E HOSPITALAR,EMENDA - INCREMENTO TEMPORÁRIO AO CUSTEIO DOS SERVIÇOS DE ASSISTÊNCIA HOSPITALAR E AMBULATORIAL,SP,SAO PAULO,355030,11904961,2025,13851748000140,FUNDO ESTADUAL DE SAUDE - FUNDES,001,01897X,000000226556,ESTADUAL,S,S,N,45957,200000,200000,1898.1,45991
2025,https://portalfns.saude.gov.br/wp-content/uploads/2026/01/REPASSE-FAF-COM-POPULACAO-2025.xlsx,https://portalfns.saude.gov.br/wp-content/uploads/2026/01/REPASSE-FAF-COM-POPULACAO-2025.xlsx,data/raw/sao_paulo/fns/repasses_faf_com_populacao/2025/REPASSE-FAF-COM-POPULACAO-2025.xlsx,Manutenção Das Ações E Serviços Públicos De Saúde,ATENÇÃO DE MÉDIA E ALTA COMPLEXIDADE AMBULATORIAL E HOSPITALAR,EMENDA - INCREMENTO TEMPORÁRIO AO CUSTEIO DOS SERVIÇOS DE ASSISTÊNCIA HOSPITALAR E AMBULATORIAL,SP,SAO PAULO,355030,11904961,2025,13851748000140,FUNDO ESTADUAL DE SAUDE - FUNDES,001,01897X,000000226580,ESTADUAL,S,S,N,45957,300000,300000,2847.15,45991
2025,https://portalfns.saude.gov.br/wp-content/uploads/2026/01/REPASSE-FAF-COM-POPULACAO-2025.xlsx,https://portalfns.saude.gov.br/wp-content/uploads/2026/01/REPASSE-FAF-COM-POPULACAO-2025.xlsx,data/raw/sao_paulo/fns/repasses_faf_com_populacao/2025/REPASSE-FAF-COM-POPULACAO-2025.xlsx,Manutenção Das Ações E Serviços Públicos De Saúde,ATENÇÃO DE MÉDIA E ALTA COMPLEXIDADE AMBULATORIAL E HOSPITALAR,EMENDA - INCREMENTO TEMPORÁRIO AO CUSTEIO DOS SERVIÇOS DE ASSISTÊNCIA HOSPITALAR E AMBULATORIAL,SP,SAO PAULO,355030,11904961,2025,13851748000140,FUNDO ESTADUAL DE SAUDE - FUNDES,001,01897X,000000226602,ESTADUAL,S,S,N,45957,300000,300000,2847.15,45991
2025,https://portalfns.saude.gov.br/wp-content/uploads/2026/01/REPASSE-FAF-COM-POPULACAO-2025.xlsx,https://portalfns.saude.gov.br/wp-content/uploads/2026/01/REPASSE-FAF-COM-POPULACAO-2025.xlsx,data/raw/sao_paulo/fns/repasses_faf_com_populacao/2025/REPASSE-FAF-COM-POPULACAO-2025.xlsx,Manutenção Das Ações E Serviços Públicos De Saúde,ATENÇÃO DE MÉDIA E ALTA COMPLEXIDADE AMBULATORIAL E HOSPITALAR,EMENDA - INCREMENTO TEMPORÁRIO AO CUSTEIO DOS SERVIÇOS DE ASSISTÊNCIA HOSPITALAR E AMBULATORIAL,SP,SAO PAULO,355030,11904961,2025,13851748000140,FUNDO ESTADUAL DE SAUDE - FUNDES,001,01897X,000000226696,ESTADUAL,S,S,N,45957,150000,150000,1423.57,45991
2025,https://portalfns.saude.gov.br/wp-content/uploads/2026/01/REPASSE-FAF-COM-POPULACAO-2025.xlsx,https://portalfns.saude.gov.br/wp-content/uploads/2026/01/REPASSE-FAF-COM-POPULACAO-2025.xlsx,data/raw/sao_paulo/fns/repasses_faf_com_populacao/2025/REPASSE-FAF-COM-POPULACAO-2025.xlsx,Manutenção Das Ações E Serviços Públicos De Saúde,ATENÇÃO DE MÉDIA E ALTA COMPLEXIDADE AMBULATORIAL E HOSPITALAR,EMENDA - INCREMENTO TEMPORÁRIO AO CUSTEIO DOS SERVIÇOS DE ASSISTÊNCIA HOSPITALAR E AMBULATORIAL,SP,SAO PAULO,355030,11904961,2025,13851748000140,FUNDO ESTADUAL DE SAUDE - FUNDES,001,01897X,000000226718,ESTADUAL,S,S,N,45957,100000,100000,949.05,45991
2025,https://portalfns.saude.gov.br/wp-content/uploads/2026/01/REPASSE-FAF-COM-POPULACAO-2025.xlsx,https://portalfns.saude.gov.br/wp-content/uploads/2026/01/REPASSE-FAF-COM-POPULACAO-2025.xlsx,data/raw/sao_paulo/fns/repasses_faf_com_populacao/2025/REPASSE-FAF-COM-POPULACAO-2025.xlsx,Manutenção Das Ações E Serviços Públicos De Saúde,ATENÇÃO DE MÉDIA E ALTA COMPLEXIDADE AMBULATORIAL E HOSPITALAR,EMENDA - INCREMENTO TEMPORÁRIO AO CUSTEIO DOS SERVIÇOS DE ASSISTÊNCIA HOSPITALAR E AMBULATORIAL,SP,SAO PAULO,355030,11904961,2025,13851748000140,FUNDO ESTADUAL DE SAUDE - FUNDES,001,01897X,00226866,ESTADUAL,S,S,N,45957,150000,150000,-,-
2025,https://portalfns.saude.gov.br/wp-content/uploads/2026/01/REPASSE-FAF-COM-POPULACAO-2025.xlsx,https://portalfns.saude.gov.br/wp-content/uploads/2026/01/REPASSE-FAF-COM-POPULACAO-2025.xlsx,data/raw/sao_paulo/fns/repasses_faf_com_populacao/2025/REPASSE-FAF-COM-POPULACAO-2025.xlsx,Manutenção Das Ações E Serviços Públicos De Saúde,ATENÇÃO DE MÉDIA E ALTA COMPLEXIDADE AMBULATORIAL E HOSPITALAR,EMENDA - INCREMENTO TEMPORÁRIO AO CUSTEIO DOS SERVIÇOS DE ASSISTÊNCIA HOSPITALAR E AMBULATORIAL,SP,SAO PAULO,355030,11904961,2025,13851748000140,FUNDO ESTADUAL DE SAUDE - FUNDES,001,01897X,00226912,ESTADUAL,S,S,N,45957,400000,400000,-,-
2025,https://portalfns.saude.gov.br/wp-content/uploads/2026/01/REPASSE-FAF-COM-POPULACAO-2025.xlsx,https://portalfns.saude.gov.br/wp-content/uploads/2026/01/REPASSE-FAF-COM-POPULACAO-2025.xlsx,data/raw/sao_paulo/fns/repasses_faf_com_populacao/2025/REPASSE-FAF-COM-POPULACAO-2025.xlsx,Manutenção Das Ações E Serviços Públicos De Saúde,ATENÇÃO DE MÉDIA E ALTA COMPLEXIDADE AMBULATORIAL E HOSPITALAR,EMENDA - INCREMENTO TEMPORÁRIO AO CUSTEIO DOS SERVIÇOS DE ASSISTÊNCIA HOSPITALAR E AMBULATORIAL,SP,SAO PAULO,355030,11904961,2025,13851748000140,FUNDO ESTADUAL DE SAUDE - FUNDES,001,01897X,00227072,ESTADUAL,S,S,N,45957,300000,300000,-,-
2025,https://portalfns.saude.gov.br/wp-content/uploads/2026/01/REPASSE-FAF-COM-POPULACAO-2025.xlsx,https://portalfns.saude.gov.br/wp-content/uploads/2026/01/REPASSE-FAF-COM-POPULACAO-2025.xlsx,data/raw/sao_paulo/fns/repasses_faf_com_populacao/2025/REPASSE-FAF-COM-POPULACAO-2025.xlsx,Manutenção Das Ações E Serviços Públicos De Saúde,ATENÇÃO DE MÉDIA E ALTA COMPLEXIDADE AMBULATORIAL E HOSPITALAR,EMENDA - INCREMENTO TEMPORÁRIO AO CUSTEIO DOS SERVIÇOS DE ASSISTÊNCIA HOSPITALAR E AMBULATORIAL,SP,SAO PAULO,355030,11904961,2025,13851748000140,FUNDO ESTADUAL DE SAUDE - FUNDES,001,01897X,00227277,ESTADUAL,S,S,N,45957,450000,450000,-,-
2025,https://portalfns.saude.gov.br/wp-content/uploads/2026/01/REPASSE-FAF-COM-POPULACAO-2025.xlsx,https://portalfns.saude.gov.br/wp-content/uploads/2026/01/REPASSE-FAF-COM-POPULACAO-2025.xlsx,data/raw/sao_paulo/fns/repasses_faf_com_populacao/2025/REPASSE-FAF-COM-POPULACAO-2025.xlsx,Manutenção Das Ações E Serviços Públicos De Saúde,ATENÇÃO DE MÉDIA E ALTA COMPLEXIDADE AMBULATORIAL E HOSPITALAR,EMENDA - INCREMENTO TEMPORÁRIO AO CUSTEIO DOS SERVIÇOS DE ASSISTÊNCIA HOSPITALAR E AMBULATORIAL,SP,SAO PAULO,355030,11904961,2025,13851748000140,FUNDO ESTADUAL DE SAUDE - FUNDES,001,01897X,00227307,ESTADUAL,S,S,N,45957,250000,250000,-,-
2025,https://portalfns.saude.gov.br/wp-content/uploads/2026/01/REPASSE-FAF-COM-POPULACAO-2025.xlsx,https://portalfns.saude.gov.br/wp-content/uploads/2026/01/REPASSE-FAF-COM-POPULACAO-2025.xlsx,data/raw/sao_paulo/fns/repasses_faf_com_populacao/2025/REPASSE-FAF-COM-POPULACAO-2025.xlsx,Manutenção Das Ações E Serviços Públicos De Saúde,ATENÇÃO DE MÉDIA E ALTA COMPLEXIDADE AMBULATORIAL E HOSPITALAR,EMENDA - INCREMENTO TEMPORÁRIO AO CUSTEIO DOS SERVIÇOS DE ASSISTÊNCIA HOSPITALAR E AMBULATORIAL,SP,SAO PAULO,355030,11904961,2025,13851748000140,FUNDO ESTADUAL DE SAUDE - FUNDES,001,01897X,00227412,ESTADUAL,S,S,N,45957,350000,350000,-,-
2025,https://portalfns.saude.gov.br/wp-content/uploads/2026/01/REPASSE-FAF-COM-POPULACAO-2025.xlsx,https://portalfns.saude.gov.br/wp-content/uploads/2026/01/REPASSE-FAF-COM-POPULACAO-2025.xlsx,data/raw/sao_paulo/fns/repasses_faf_com_populacao/2025/REPASSE-FAF-COM-POPULACAO-2025.xlsx,Manutenção Das Ações E Serviços Públicos De Saúde,ATENÇÃO DE MÉDIA E ALTA COMPLEXIDADE AMBULATORIAL E HOSPITALAR,EMENDA - INCREMENTO TEMPORÁRIO AO CUSTEIO DOS SERVIÇOS DE ASSISTÊNCIA HOSPITALAR E AMBULATORIAL,SP,SAO PAULO,355030,11904961,2025,13851748000140,FUNDO ESTADUAL DE SAUDE - FUNDES,001,01897X,00227455,ESTADUAL,S,S,N,45957,250000,250000,-,-
2025,https://portalfns.saude.gov.br/wp-content/uploads/2026/01/REPASSE-FAF-COM-POPULACAO-2025.xlsx,https://portalfns.saude.gov.br/wp-content/uploads/2026/01/REPASSE-FAF-COM-POPULACAO-2025.xlsx,data/raw/sao_paulo/fns/repasses_faf_com_populacao/2025/REPASSE-FAF-COM-POPULACAO-2025.xlsx,Manutenção Das Ações E Serviços Públicos De Saúde,ATENÇÃO DE MÉDIA E ALTA COMPLEXIDADE AMBULATORIAL E HOSPITALAR,EMENDA - INCREMENTO TEMPORÁRIO AO CUSTEIO DOS SERVIÇOS DE ASSISTÊNCIA HOSPITALAR E AMBULATORIAL,SP,SAO PAULO,355030,11904961,2025,13851748000140,FUNDO ESTADUAL DE SAUDE - FUNDES,001,01897X,00227544,ESTADUAL,S,S,N,45957,200000,200000,-,-
2025,https://portalfns.saude.gov.br/wp-content/uploads/2026/01/REPASSE-FAF-COM-POPULACAO-2025.xlsx,https://portalfns.saude.gov.br/wp-content/uploads/2026/01/REPASSE-FAF-COM-POPULACAO-2025.xlsx,data/raw/sao_paulo/fns/repasses_faf_com_populacao/2025/REPASSE-FAF-COM-POPULACAO-2025.xlsx,Manutenção Das Ações E Serviços Públicos De Saúde,ATENÇÃO DE MÉDIA E ALTA COMPLEXIDADE AMBULATORIAL E HOSPITALAR,EMENDA - INCREMENTO TEMPORÁRIO AO CUSTEIO DOS SERVIÇOS DE ASSISTÊNCIA HOSPITALAR E AMBULATORIAL,SP,SAO PAULO,355030,11904961,2025,13851748000140,FUNDO ESTADUAL DE SAUDE - FUNDES,001,01897X,00227579,ESTADUAL,S,S,N,45957,150000,150000,-,-
2025,https://portalfns.saude.gov.br/wp-content/uploads/2026/01/REPASSE-FAF-COM-POPULACAO-2025.xlsx,https://portalfns.saude.gov.br/wp-content/uploads/2026/01/REPASSE-FAF-COM-POPULACAO-2025.xlsx,data/raw/sao_paulo/fns/repasses_faf_com_populacao/2025/REPASSE-FAF-COM-POPULACAO-2025.xlsx,Manutenção Das Ações E Serviços Públicos De Saúde,ATENÇÃO DE MÉDIA E ALTA COMPLEXIDADE AMBULATORIAL E HOSPITALAR,EMENDA - INCREMENTO TEMPORÁRIO AO CUSTEIO DOS SERVIÇOS DE ASSISTÊNCIA HOSPITALAR E AMBULATORIAL,SP,SAO PAULO,355030,11904961,2025,13851748000140,FUNDO ESTADUAL DE SAUDE - FUNDES,001,01897X,00227595,ESTADUAL,S,S,N,45957,200000,200000,-,-
2025,https://portalfns.saude.gov.br/wp-content/uploads/2026/01/REPASSE-FAF-COM-POPULACAO-2025.xlsx,https://portalfns.saude.gov.br/wp-content/uploads/2026/01/REPASSE-FAF-COM-POPULACAO-2025.xlsx,data/raw/sao_paulo/fns/repasses_faf_com_populacao/2025/REPASSE-FAF-COM-POPULACAO-2025.xlsx,Manutenção Das Ações E Serviços Públicos De Saúde,ATENÇÃO DE MÉDIA E ALTA COMPLEXIDADE AMBULATORIAL E HOSPITALAR,EMENDA - INCREMENTO TEMPORÁRIO AO CUSTEIO DOS SERVIÇOS DE ASSISTÊNCIA HOSPITALAR E AMBULATORIAL,SP,SAO PAULO,355030,11904961,2025,13851748000140,FUNDO ESTADUAL DE SAUDE - FUNDES,001,01897X,00227609,ESTADUAL,S,S,N,45957,200000,200000,-,-
2025,https://portalfns.saude.gov.br/wp-content/uploads/2026/01/REPASSE-FAF-COM-POPULACAO-2025.xlsx,https://portalfns.saude.gov.br/wp-content/uploads/2026/01/REPASSE-FAF-COM-POPULACAO-2025.xlsx,data/raw/sao_paulo/fns/repasses_faf_com_populacao/2025/REPASSE-FAF-COM-POPULACAO-2025.xlsx,Manutenção Das Ações E Serviços Públicos De Saúde,ATENÇÃO DE MÉDIA E ALTA COMPLEXIDADE AMBULATORIAL E HOSPITALAR,EMENDA - INCREMENTO TEMPORÁRIO AO CUSTEIO DOS SERVIÇOS DE ASSISTÊNCIA HOSPITALAR E AMBULATORIAL,SP,SAO PAULO,355030,11904961,2025,13851748000140,FUNDO ESTADUAL DE SAUDE - FUNDES,001,01897X,00227625,ESTADUAL,S,S,N,45957,200000,200000,-,-
2025,https://portalfns.saude.gov.br/wp-content/uploads/2026/01/REPASSE-FAF-COM-POPULACAO-2025.xlsx,https://portalfns.saude.gov.br/wp-content/uploads/2026/01/REPASSE-FAF-COM-POPULACAO-2025.xlsx,data/raw/sao_paulo/fns/repasses_faf_com_populacao/2025/REPASSE-FAF-COM-POPULACAO-2025.xlsx,Manutenção Das Ações E Serviços Públicos De Saúde,ATENÇÃO DE MÉDIA E ALTA COMPLEXIDADE AMBULATORIAL E HOSPITALAR,EMENDA - INCREMENTO TEMPORÁRIO AO CUSTEIO DOS SERVIÇOS DE ASSISTÊNCIA HOSPITALAR E AMBULATORIAL,SP,SAO PAULO,355030,11904961,2025,13851748000140,FUNDO ESTADUAL DE SAUDE - FUNDES,001,01897X,00227676,ESTADUAL,S,S,N,45957,500000,500000,-,-
2025,https://portalfns.saude.gov.br/wp-content/uploads/2026/01/REPASSE-FAF-COM-POPULACAO-2025.xlsx,https://portalfns.saude.gov.br/wp-content/uploads/2026/01/REPASSE-FAF-COM-POPULACAO-2025.xlsx,data/raw/sao_paulo/fns/repasses_faf_com_populacao/2025/REPASSE-FAF-COM-POPULACAO-2025.xlsx,Manutenção Das Ações E Serviços Públicos De Saúde,ATENÇÃO DE MÉDIA E ALTA COMPLEXIDADE AMBULATORIAL E HOSPITALAR,EMENDA - INCREMENTO TEMPORÁRIO AO CUSTEIO DOS SERVIÇOS DE ASSISTÊNCIA HOSPITALAR E AMBULATORIAL,SP,SAO PAULO,355030,11904961,2025,13851748000140,FUNDO ESTADUAL DE SAUDE - FUNDES,001,01897X,00227684,ESTADUAL,S,S,N,45957,300000,300000,-,-
2025,https://portalfns.saude.gov.br/wp-content/uploads/2026/01/REPASSE-FAF-COM-POPULACAO-2025.xlsx,https://portalfns.saude.gov.br/wp-content/uploads/2026/01/REPASSE-FAF-COM-POPULACAO-2025.xlsx,data/raw/sao_paulo/fns/repasses_faf_com_populacao/2025/REPASSE-FAF-COM-POPULACAO-2025.xlsx,Manutenção Das Ações E Serviços Públicos De Saúde,ATENÇÃO DE MÉDIA E ALTA COMPLEXIDADE AMBULATORIAL E HOSPITALAR,EMENDA - INCREMENTO TEMPORÁRIO AO CUSTEIO DOS SERVIÇOS DE ASSISTÊNCIA HOSPITALAR E AMBULATORIAL,SP,SAO PAULO,355030,11904961,2025,13851748000140,FUNDO ESTADUAL DE SAUDE - FUNDES,001,01897X,00227757,ESTADUAL,S,S,N,45957,200000,200000,-,-
2025,https://portalfns.saude.gov.br/wp-content/uploads/2026/01/REPASSE-FAF-COM-POPULACAO-2025.xlsx,https://portalfns.saude.gov.br/wp-content/uploads/2026/01/REPASSE-FAF-COM-POPULACAO-2025.xlsx,data/raw/sao_paulo/fns/repasses_faf_com_populacao/2025/REPASSE-FAF-COM-POPULACAO-2025.xlsx,Manutenção Das Ações E Serviços Públicos De Saúde,ATENÇÃO DE MÉDIA E ALTA COMPLEXIDADE AMBULATORIAL E HOSPITALAR,EMENDA - INCREMENTO TEMPORÁRIO AO CUSTEIO DOS SERVIÇOS DE ASSISTÊNCIA HOSPITALAR E AMBULATORIAL,SP,SAO PAULO,355030,11904961,2025,13851748000140,FUNDO ESTADUAL DE SAUDE - FUNDES,001,01897X,00228966,ESTADUAL,S,S,N,45957,19022268,19022268,-,-
2025,https://portalfns.saude.gov.br/wp-content/uploads/2026/01/REPASSE-FAF-COM-POPULACAO-2025.xlsx,https://portalfns.saude.gov.br/wp-content/uploads/2026/01/REPASSE-FAF-COM-POPULACAO-2025.xlsx,data/raw/sao_paulo/fns/repasses_faf_com_populacao/2025/REPASSE-FAF-COM-POPULACAO-2025.xlsx,Manutenção Das Ações E Serviços Públicos De Saúde,ATENÇÃO DE MÉDIA E ALTA COMPLEXIDADE AMBULATORIAL E HOSPITALAR,EMENDA - INCREMENTO TEMPORÁRIO AO CUSTEIO DOS SERVIÇOS DE ASSISTÊNCIA HOSPITALAR E AMBULATORIAL,SP,SAO PAULO,355030,11904961,2025,13864377000130,FUNDO MUNICIPAL DE SAUDE - FMS,001,01897X,00000022359X,MUNICIPAL,N,S,N,45957,2000000,2000000,2018981.04,45991
2025,https://portalfns.saude.gov.br/wp-content/uploads/2026/01/REPASSE-FAF-COM-POPULACAO-2025.xlsx,https://portalfns.saude.gov.br/wp-content/uploads/2026/01/REPASSE-FAF-COM-POPULACAO-2025.xlsx,data/raw/sao_paulo/fns/repasses_faf_com_populacao/2025/REPASSE-FAF-COM-POPULACAO-2025.xlsx,Manutenção Das Ações E Serviços Públicos De Saúde,ATENÇÃO DE MÉDIA E ALTA COMPLEXIDADE AMBULATORIAL E HOSPITALAR,EMENDA - INCREMENTO TEMPORÁRIO AO CUSTEIO DOS SERVIÇOS DE ASSISTÊNCIA HOSPITALAR E AMBULATORIAL,SP,SAO PAULO,355030,11904961,2025,13864377000130,FUNDO MUNICIPAL DE SAUDE - FMS,001,01897X,000000223220,MUNICIPAL,N,S,N,45957,300000,300000,302847.15000000002,45991
2025,https://portalfns.saude.gov.br/wp-content/uploads/2026/01/REPASSE-FAF-COM-POPULACAO-2025.xlsx,https://portalfns.saude.gov.br/wp-content/uploads/2026/01/REPASSE-FAF-COM-POPULACAO-2025.xlsx,data/raw/sao_paulo/fns/repasses_faf_com_populacao/2025/REPASSE-FAF-COM-POPULACAO-2025.xlsx,Manutenção Das Ações E Serviços Públicos De Saúde,ATENÇÃO DE MÉDIA E ALTA COMPLEXIDADE AMBULATORIAL E HOSPITALAR,EMENDA - INCREMENTO TEMPORÁRIO AO CUSTEIO DOS SERVIÇOS DE ASSISTÊNCIA HOSPITALAR E AMBULATORIAL,SP,SAO PAULO,355030,11904961,2025,13864377000130,FUNDO MUNICIPAL DE SAUDE - FMS,001,01897X,000000223239,MUNICIPAL,N,S,N,45957,200000,200000,201898.1,45991
2025,https://portalfns.saude.gov.br/wp-content/uploads/2026/01/REPASSE-FAF-COM-POPULACAO-2025.xlsx,https://portalfns.saude.gov.br/wp-content/uploads/2026/01/REPASSE-FAF-COM-POPULACAO-2025.xlsx,data/raw/sao_paulo/fns/repasses_faf_com_populacao/2025/REPASSE-FAF-COM-POPULACAO-2025.xlsx,Manutenção Das Ações E Serviços Públicos De Saúde,ATENÇÃO DE MÉDIA E ALTA COMPLEXIDADE AMBULATORIAL E HOSPITALAR,EMENDA - INCREMENTO TEMPORÁRIO AO CUSTEIO DOS SERVIÇOS DE ASSISTÊNCIA HOSPITALAR E AMBULATORIAL,SP,SAO PAULO,355030,11904961,2025,13864377000130,FUNDO MUNICIPAL DE SAUDE - FMS,001,01897X,000000223247,MUNICIPAL,N,S,N,45957,300000,300000,302847.15000000002,45991
2025,https://portalfns.saude.gov.br/wp-content/uploads/2026/01/REPASSE-FAF-COM-POPULACAO-2025.xlsx,https://portalfns.saude.gov.br/wp-content/uploads/2026/01/REPASSE-FAF-COM-POPULACAO-2025.xlsx,data/raw/sao_paulo/fns/repasses_faf_com_populacao/2025/REPASSE-FAF-COM-POPULACAO-2025.xlsx,Manutenção Das Ações E Serviços Públicos De Saúde,ATENÇÃO DE MÉDIA E ALTA COMPLEXIDADE AMBULATORIAL E HOSPITALAR,EMENDA - INCREMENTO TEMPORÁRIO AO CUSTEIO DOS SERVIÇOS DE ASSISTÊNCIA HOSPITALAR E AMBULATORIAL,SP,SAO PAULO,355030,11904961,2025,13864377000130,FUNDO MUNICIPAL DE SAUDE - FMS,001,01897X,000000223425,MUNICIPAL,N,S,N,45957,500000,500000,504745.26,45991
2025,https://portalfns.saude.gov.br/wp-content/uploads/2026/01/REPASSE-FAF-COM-POPULACAO-2025.xlsx,https://portalfns.saude.gov.br/wp-content/uploads/2026/01/REPASSE-FAF-COM-POPULACAO-2025.xlsx,data/raw/sao_paulo/fns/repasses_faf_com_populacao/2025/REPASSE-FAF-COM-POPULACAO-2025.xlsx,Manutenção Das Ações E Serviços Públicos De Saúde,ATENÇÃO DE MÉDIA E ALTA COMPLEXIDADE AMBULATORIAL E HOSPITALAR,EMENDA - INCREMENTO TEMPORÁRIO AO CUSTEIO DOS SERVIÇOS DE ASSISTÊNCIA HOSPITALAR E AMBULATORIAL,SP,SAO PAULO,355030,11904961,2025,13864377000130,FUNDO MUNICIPAL DE SAUDE - FMS,001,01897X,000000223433,MUNICIPAL,N,S,N,45957,2000000,2000000,2018981.04,45991
2025,https://portalfns.saude.gov.br/wp-content/uploads/2026/01/REPASSE-FAF-COM-POPULACAO-2025.xlsx,https://portalfns.saude.gov.br/wp-content/uploads/2026/01/REPASSE-FAF-COM-POPULACAO-2025.xlsx,data/raw/sao_paulo/fns/repasses_faf_com_populacao/2025/REPASSE-FAF-COM-POPULACAO-2025.xlsx,Manutenção Das Ações E Serviços Públicos De Saúde,ATENÇÃO DE MÉDIA E ALTA COMPLEXIDADE AMBULATORIAL E HOSPITALAR,EMENDA - INCREMENTO TEMPORÁRIO AO CUSTEIO DOS SERVIÇOS DE ASSISTÊNCIA HOSPITALAR E AMBULATORIAL,SP,SAO PAULO,355030,11904961,2025,13864377000130,FUNDO MUNICIPAL DE SAUDE - FMS,001,01897X,000000223468,MUNICIPAL,N,S,N,45957,200000,200000,201898.1,45991
2025,https://portalfns.saude.gov.br/wp-content/uploads/2026/01/REPASSE-FAF-COM-POPULACAO-2025.xlsx,https://portalfns.saude.gov.br/wp-content/uploads/2026/01/REPASSE-FAF-COM-POPULACAO-2025.xlsx,data/raw/sao_paulo/fns/repasses_faf_com_populacao/2025/REPASSE-FAF-COM-POPULACAO-2025.xlsx,Manutenção Das Ações E Serviços Públicos De Saúde,ATENÇÃO DE MÉDIA E ALTA COMPLEXIDADE AMBULATORIAL E HOSPITALAR,EMENDA - INCREMENTO TEMPORÁRIO AO CUSTEIO DOS SERVIÇOS DE ASSISTÊNCIA HOSPITALAR E AMBULATORIAL,SP,SAO PAULO,355030,11904961,2025,13864377000130,FUNDO MUNICIPAL DE SAUDE - FMS,001,01897X,000000223476,MUNICIPAL,N,S,N,45957,200000,200000,201898.1,45991
2025,https://portalfns.saude.gov.br/wp-content/uploads/2026/01/REPASSE-FAF-COM-POPULACAO-2025.xlsx,https://portalfns.saude.gov.br/wp-content/uploads/2026/01/REPASSE-FAF-COM-POPULACAO-2025.xlsx,data/raw/sao_paulo/fns/repasses_faf_com_populacao/2025/REPASSE-FAF-COM-POPULACAO-2025.xlsx,Manutenção Das Ações E Serviços Públicos De Saúde,ATENÇÃO DE MÉDIA E ALTA COMPLEXIDADE AMBULATORIAL E HOSPITALAR,EMENDA - INCREMENTO TEMPORÁRIO AO CUSTEIO DOS SERVIÇOS DE ASSISTÊNCIA HOSPITALAR E AMBULATORIAL,SP,SAO PAULO,355030,11904961,2025,13864377000130,FUNDO MUNICIPAL DE SAUDE - FMS,001,01897X,000000223557,MUNICIPAL,N,S,N,45957,200000,200000,201898.1,45991
2025,https://portalfns.saude.gov.br/wp-content/uploads/2026/01/REPASSE-FAF-COM-POPULACAO-2025.xlsx,https://portalfns.saude.gov.br/wp-content/uploads/2026/01/REPASSE-FAF-COM-POPULACAO-2025.xlsx,data/raw/sao_paulo/fns/repasses_faf_com_populacao/2025/REPASSE-FAF-COM-POPULACAO-2025.xlsx,Manutenção Das Ações E Serviços Públicos De Saúde,ATENÇÃO DE MÉDIA E ALTA COMPLEXIDADE AMBULATORIAL E HOSPITALAR,EMENDA - INCREMENTO TEMPORÁRIO AO CUSTEIO DOS SERVIÇOS DE ASSISTÊNCIA HOSPITALAR E AMBULATORIAL,SP,SAO PAULO,355030,11904961,2025,13864377000130,FUNDO MUNICIPAL DE SAUDE - FMS,001,01897X,000000223603,MUNICIPAL,N,S,N,45957,500000,500000,504745.26,45991
2025,https://portalfns.saude.gov.br/wp-content/uploads/2026/01/REPASSE-FAF-COM-POPULACAO-2025.xlsx,https://portalfns.saude.gov.br/wp-content/uploads/2026/01/REPASSE-FAF-COM-POPULACAO-2025.xlsx,data/raw/sao_paulo/fns/repasses_faf_com_populacao/2025/REPASSE-FAF-COM-POPULACAO-2025.xlsx,Manutenção Das Ações E Serviços Públicos De Saúde,ATENÇÃO DE MÉDIA E ALTA COMPLEXIDADE AMBULATORIAL E HOSPITALAR,EMENDA - INCREMENTO TEMPORÁRIO AO CUSTEIO DOS SERVIÇOS DE ASSISTÊNCIA HOSPITALAR E AMBULATORIAL,SP,SAO PAULO,355030,11904961,2025,13864377000130,FUNDO MUNICIPAL DE SAUDE - FMS,001,01897X,000000224715,MUNICIPAL,N,S,N,45957,100000,100000,100949.05,45991
2025,https://portalfns.saude.gov.br/wp-content/uploads/2026/01/REPASSE-FAF-COM-POPULACAO-2025.xlsx,https://portalfns.saude.gov.br/wp-content/uploads/2026/01/REPASSE-FAF-COM-POPULACAO-2025.xlsx,data/raw/sao_paulo/fns/repasses_faf_com_populacao/2025/REPASSE-FAF-COM-POPULACAO-2025.xlsx,Manutenção Das Ações E Serviços Públicos De Saúde,ATENÇÃO DE MÉDIA E ALTA COMPLEXIDADE AMBULATORIAL E HOSPITALAR,EMENDA - INCREMENTO TEMPORÁRIO AO CUSTEIO DOS SERVIÇOS DE ASSISTÊNCIA HOSPITALAR E AMBULATORIAL,SP,SAO PAULO,355030,11904961,2025,13864377000130,FUNDO MUNICIPAL DE SAUDE - FMS,001,01897X,000000224723,MUNICIPAL,N,S,N,45957,100000,100000,100949.05,45991
2025,https://portalfns.saude.gov.br/wp-content/uploads/2026/01/REPASSE-FAF-COM-POPULACAO-2025.xlsx,https://portalfns.saude.gov.br/wp-content/uploads/2026/01/REPASSE-FAF-COM-POPULACAO-2025.xlsx,data/raw/sao_paulo/fns/repasses_faf_com_populacao/2025/REPASSE-FAF-COM-POPULACAO-2025.xlsx,Manutenção Das Ações E Serviços Públicos De Saúde,ATENÇÃO DE MÉDIA E ALTA COMPLEXIDADE AMBULATORIAL E HOSPITALAR,EMENDA - INCREMENTO TEMPORÁRIO AO CUSTEIO DOS SERVIÇOS DE ASSISTÊNCIA HOSPITALAR E AMBULATORIAL,SP,SAO PAULO,355030,11904961,2025,13864377000130,FUNDO MUNICIPAL DE SAUDE - FMS,001,01897X,000000224774,MUNICIPAL,N,S,N,45957,300000,300000,302847.15000000002,45991
2025,https://portalfns.saude.gov.br/wp-content/uploads/2026/01/REPASSE-FAF-COM-POPULACAO-2025.xlsx,https://portalfns.saude.gov.br/wp-content/uploads/2026/01/REPASSE-FAF-COM-POPULACAO-2025.xlsx,data/raw/sao_paulo/fns/repasses_faf_com_populacao/2025/REPASSE-FAF-COM-POPULACAO-2025.xlsx,Manutenção Das Ações E Serviços Públicos De Saúde,ATENÇÃO DE MÉDIA E ALTA COMPLEXIDADE AMBULATORIAL E HOSPITALAR,EMENDA - INCREMENTO TEMPORÁRIO AO CUSTEIO DOS SERVIÇOS DE ASSISTÊNCIA HOSPITALAR E AMBULATORIAL,SP,SAO PAULO,355030,11904961,2025,13864377000130,FUNDO MUNICIPAL DE SAUDE - FMS,001,01897X,000000225185,MUNICIPAL,N,S,N,45957,200000,200000,201898.1,45991
2025,https://portalfns.saude.gov.br/wp-content/uploads/2026/01/REPASSE-FAF-COM-POPULACAO-2025.xlsx,https://portalfns.saude.gov.br/wp-content/uploads/2026/01/REPASSE-FAF-COM-POPULACAO-2025.xlsx,data/raw/sao_paulo/fns/repasses_faf_com_populacao/2025/REPASSE-FAF-COM-POPULACAO-2025.xlsx,Manutenção Das Ações E Serviços Públicos De Saúde,ATENÇÃO DE MÉDIA E ALTA COMPLEXIDADE AMBULATORIAL E HOSPITALAR,EMENDA - INCREMENTO TEMPORÁRIO AO CUSTEIO DOS SERVIÇOS DE ASSISTÊNCIA HOSPITALAR E AMBULATORIAL,SP,SAO PAULO,355030,11904961,2025,13864377000130,FUNDO MUNICIPAL DE SAUDE - FMS,001,01897X,000000225908,MUNICIPAL,N,S,N,45957,155000,155000,156471.03,45991
2025,https://portalfns.saude.gov.br/wp-content/uploads/2026/01/REPASSE-FAF-COM-POPULACAO-2025.xlsx,https://portalfns.saude.gov.br/wp-content/uploads/2026/01/REPASSE-FAF-COM-POPULACAO-2025.xlsx,data/raw/sao_paulo/fns/repasses_faf_com_populacao/2025/REPASSE-FAF-COM-POPULACAO-2025.xlsx,Manutenção Das Ações E Serviços Públicos De Saúde,ATENÇÃO DE MÉDIA E ALTA COMPLEXIDADE AMBULATORIAL E HOSPITALAR,EMENDA - INCREMENTO TEMPORÁRIO AO CUSTEIO DOS SERVIÇOS DE ASSISTÊNCIA HOSPITALAR E AMBULATORIAL,SP,SAO PAULO,355030,11904961,2025,13864377000130,FUNDO MUNICIPAL DE SAUDE - FMS,001,01897X,000000225916,MUNICIPAL,N,S,N,45957,45000,45000,45427.07,45991
2025,https://portalfns.saude.gov.br/wp-content/uploads/2026/01/REPASSE-FAF-COM-POPULACAO-2025.xlsx,https://portalfns.saude.gov.br/wp-content/uploads/2026/01/REPASSE-FAF-COM-POPULACAO-2025.xlsx,data/raw/sao_paulo/fns/repasses_faf_com_populacao/2025/REPASSE-FAF-COM-POPULACAO-2025.xlsx,Manutenção Das Ações E Serviços Públicos De Saúde,ATENÇÃO DE MÉDIA E ALTA COMPLEXIDADE AMBULATORIAL E HOSPITALAR,EMENDA - INCREMENTO TEMPORÁRIO AO CUSTEIO DOS SERVIÇOS DE ASSISTÊNCIA HOSPITALAR E AMBULATORIAL,SP,SAO PAULO,355030,11904961,2025,13864377000130,FUNDO MUNICIPAL DE SAUDE - FMS,001,01897X,000000226335,MUNICIPAL,N,S,N,45957,100000,100000,100949.05,45991
2025,https://portalfns.saude.gov.br/wp-content/uploads/2026/01/REPASSE-FAF-COM-POPULACAO-2025.xlsx,https://portalfns.saude.gov.br/wp-content/uploads/2026/01/REPASSE-FAF-COM-POPULACAO-2025.xlsx,data/raw/sao_paulo/fns/repasses_faf_com_populacao/2025/REPASSE-FAF-COM-POPULACAO-2025.xlsx,Estruturação Da Rede De Serviços Públicos De Saúde,ATENÇÃO ESPECIALIZADA,EMENDA - ESTRUTURAÇÃO DE UNIDADES DE ATENÇÃO ESPECIALIZADA EM SAÚDE,SP,SAO PAULO,355030,11904961,2025,13864377000130,FUNDO MUNICIPAL DE SAUDE - FMS,001,01897X,00228648,MUNICIPAL,N,S,N,45957,229952,229952,-,-
2025,https://portalfns.saude.gov.br/wp-content/uploads/2026/01/REPASSE-FAF-COM-POPULACAO-2025.xlsx,https://portalfns.saude.gov.br/wp-content/uploads/2026/01/REPASSE-FAF-COM-POPULACAO-2025.xlsx,data/raw/sao_paulo/fns/repasses_faf_com_populacao/2025/REPASSE-FAF-COM-POPULACAO-2025.xlsx,Estruturação Da Rede De Serviços Públicos De Saúde,ATENÇÃO ESPECIALIZADA,EMENDA - ESTRUTURAÇÃO DE UNIDADES DE ATENÇÃO ESPECIALIZADA EM SAÚDE,SP,SAO PAULO,355030,11904961,2025,13864377000130,FUNDO MUNICIPAL DE SAUDE - FMS,001,01897X,00228656,MUNICIPAL,N,S,N,45957,199573,199573,-,-
2025,https://portalfns.saude.gov.br/wp-content/uploads/2026/01/REPASSE-FAF-COM-POPULACAO-2025.xlsx,https://portalfns.saude.gov.br/wp-content/uploads/2026/01/REPASSE-FAF-COM-POPULACAO-2025.xlsx,data/raw/sao_paulo/fns/repasses_faf_com_populacao/2025/REPASSE-FAF-COM-POPULACAO-2025.xlsx,Manutenção Das Ações E Serviços Públicos De Saúde,ATENÇÃO PRIMÁRIA,EMENDA - INCREMENTO TEMPORÁRIO AO CUSTEIO DOS SERVIÇOS DE ATENÇÃO PRIMÁRIA EM SAÚDE,SP,SAO PAULO,355030,11904961,2025,13864377000130,FUNDO MUNICIPAL DE SAUDE - FMS,001,01897X,000000222615,MUNICIPAL,N,S,N,45957,300000,300000,302847.15000000002,45991
2025,https://portalfns.saude.gov.br/wp-content/uploads/2026/01/REPASSE-FAF-COM-POPULACAO-2025.xlsx,https://portalfns.saude.gov.br/wp-content/uploads/2026/01/REPASSE-FAF-COM-POPULACAO-2025.xlsx,data/raw/sao_paulo/fns/repasses_faf_com_populacao/2025/REPASSE-FAF-COM-POPULACAO-2025.xlsx,Manutenção Das Ações E Serviços Públicos De Saúde,ATENÇÃO PRIMÁRIA,EMENDA - INCREMENTO TEMPORÁRIO AO CUSTEIO DOS SERVIÇOS DE ATENÇÃO PRIMÁRIA EM SAÚDE,SP,SAO PAULO,355030,11904961,2025,13864377000130,FUNDO MUNICIPAL DE SAUDE - FMS,001,01897X,000000222658,MUNICIPAL,N,S,N,45957,1300000,1300000,1312337.68,45991
2025,https://portalfns.saude.gov.br/wp-content/uploads/2026/01/REPASSE-FAF-COM-POPULACAO-2025.xlsx,https://portalfns.saude.gov.br/wp-content/uploads/2026/01/REPASSE-FAF-COM-POPULACAO-2025.xlsx,data/raw/sao_paulo/fns/repasses_faf_com_populacao/2025/REPASSE-FAF-COM-POPULACAO-2025.xlsx,Manutenção Das Ações E Serviços Públicos De Saúde,ATENÇÃO PRIMÁRIA,INCENTIVO FINANCEIRO DA APS - ATENCAO A SAUDE DE PESSOAS EM CONFLITO COM A LEI - ADPF 347,SP,SAO PAULO,355030,11904961,2025,13864377000130,FUNDO MUNICIPAL DE SAUDE - FMS,001,01897X,000000190470,MUNICIPAL,N,S,N,45946,529000,529000,536005569.63999999,45991
2025,https://portalfns.saude.gov.br/wp-content/uploads/2026/01/REPASSE-FAF-COM-POPULACAO-2025.xlsx,https://portalfns.saude.gov.br/wp-content/uploads/2026/01/REPASSE-FAF-COM-POPULACAO-2025.xlsx,data/raw/sao_paulo/fns/repasses_faf_com_populacao/2025/REPASSE-FAF-COM-POPULACAO-2025.xlsx,Manutenção Das Ações E Serviços Públicos De Saúde,ATENÇÃO DE MÉDIA E ALTA COMPLEXIDADE AMBULATORIAL E HOSPITALAR,EMENDA - INCREMENTO TEMPORÁRIO AO CUSTEIO DOS SERVIÇOS DE ASSISTÊNCIA HOSPITALAR E AMBULATORIAL,SP,SAO PAULO,355030,11904961,2025,13851748000140,FUNDO ESTADUAL DE SAUDE - FUNDES,001,01897X,00226904,ESTADUAL,S,S,N,45939,100000,100000,-,-
2025,https://portalfns.saude.gov.br/wp-content/uploads/2026/01/REPASSE-FAF-COM-POPULACAO-2025.xlsx,https://portalfns.saude.gov.br/wp-content/uploads/2026/01/REPASSE-FAF-COM-POPULACAO-2025.xlsx,data/raw/sao_paulo/fns/repasses_faf_com_populacao/2025/REPASSE-FAF-COM-POPULACAO-2025.xlsx,Manutenção Das Ações E Serviços Públicos De Saúde,ATENÇÃO DE MÉDIA E ALTA COMPLEXIDADE AMBULATORIAL E HOSPITALAR,FAEC - REDUÇÃO DAS FILAS DE CIRURGIAS (ELETIVAS),SP,SAO PAULO,355030,11904961,2025,13851748000140,FUNDO ESTADUAL DE SAUDE - FUNDES,001,01897X,000000190462,ESTADUAL,S,S,N,45939,63618291.25,63618291.25,4232584388.9099998,45991
2025,https://portalfns.saude.gov.br/wp-content/uploads/2026/01/REPASSE-FAF-COM-POPULACAO-2025.xlsx,https://portalfns.saude.gov.br/wp-content/uploads/2026/01/REPASSE-FAF-COM-POPULACAO-2025.xlsx,data/raw/sao_paulo/fns/repasses_faf_com_populacao/2025/REPASSE-FAF-COM-POPULACAO-2025.xlsx,Manutenção Das Ações E Serviços Públicos De Saúde,ATENÇÃO DE MÉDIA E ALTA COMPLEXIDADE AMBULATORIAL E HOSPITALAR,EMENDA - INCREMENTO TEMPORÁRIO AO CUSTEIO DOS SERVIÇOS DE ASSISTÊNCIA HOSPITALAR E AMBULATORIAL,SP,SAO PAULO,355030,11904961,2025,13851748000140,FUNDO ESTADUAL DE SAUDE - FUNDES,001,01897X,000000226386,ESTADUAL,S,S,N,45938,300000,300000,4542.3900000000003,45991
2025,https://portalfns.saude.gov.br/wp-content/uploads/2026/01/REPASSE-FAF-COM-POPULACAO-2025.xlsx,https://portalfns.saude.gov.br/wp-content/uploads/2026/01/REPASSE-FAF-COM-POPULACAO-2025.xlsx,data/raw/sao_paulo/fns/repasses_faf_com_populacao/2025/REPASSE-FAF-COM-POPULACAO-2025.xlsx,Manutenção Das Ações E Serviços Públicos De Saúde,ATENÇÃO DE MÉDIA E ALTA COMPLEXIDADE AMBULATORIAL E HOSPITALAR,EMENDA - INCREMENTO TEMPORÁRIO AO CUSTEIO DOS SERVIÇOS DE ASSISTÊNCIA HOSPITALAR E AMBULATORIAL,SP,SAO PAULO,355030,11904961,2025,13851748000140,FUNDO ESTADUAL DE SAUDE - FUNDES,001,01897X,000000226467,ESTADUAL,S,S,N,45938,800000,800000,12113.05,45991
2025,https://portalfns.saude.gov.br/wp-content/uploads/2026/01/REPASSE-FAF-COM-POPULACAO-2025.xlsx,https://portalfns.saude.gov.br/wp-content/uploads/2026/01/REPASSE-FAF-COM-POPULACAO-2025.xlsx,data/raw/sao_paulo/fns/repasses_faf_com_populacao/2025/REPASSE-FAF-COM-POPULACAO-2025.xlsx,Manutenção Das Ações E Serviços Públicos De Saúde,ATENÇÃO DE MÉDIA E ALTA COMPLEXIDADE AMBULATORIAL E HOSPITALAR,EMENDA - INCREMENTO TEMPORÁRIO AO CUSTEIO DOS SERVIÇOS DE ASSISTÊNCIA HOSPITALAR E AMBULATORIAL,SP,SAO PAULO,355030,11904961,2025,13851748000140,FUNDO ESTADUAL DE SAUDE - FUNDES,001,01897X,000000226475,ESTADUAL,S,S,N,45938,200000,200000,3028.26,45991
2025,https://portalfns.saude.gov.br/wp-content/uploads/2026/01/REPASSE-FAF-COM-POPULACAO-2025.xlsx,https://portalfns.saude.gov.br/wp-content/uploads/2026/01/REPASSE-FAF-COM-POPULACAO-2025.xlsx,data/raw/sao_paulo/fns/repasses_faf_com_populacao/2025/REPASSE-FAF-COM-POPULACAO-2025.xlsx,Manutenção Das Ações E Serviços Públicos De Saúde,ATENÇÃO DE MÉDIA E ALTA COMPLEXIDADE AMBULATORIAL E HOSPITALAR,EMENDA - INCREMENTO TEMPORÁRIO AO CUSTEIO DOS SERVIÇOS DE ASSISTÊNCIA HOSPITALAR E AMBULATORIAL,SP,SAO PAULO,355030,11904961,2025,13851748000140,FUNDO ESTADUAL DE SAUDE - FUNDES,001,01897X,000000226548,ESTADUAL,S,S,N,45938,800000,800000,12113.05,45991
2025,https://portalfns.saude.gov.br/wp-content/uploads/2026/01/REPASSE-FAF-COM-POPULACAO-2025.xlsx,https://portalfns.saude.gov.br/wp-content/uploads/2026/01/REPASSE-FAF-COM-POPULACAO-2025.xlsx,data/raw/sao_paulo/fns/repasses_faf_com_populacao/2025/REPASSE-FAF-COM-POPULACAO-2025.xlsx,Manutenção Das Ações E Serviços Públicos De Saúde,ATENÇÃO ESPECIALIZADA,IMPLEMENTACAO DE POLITICAS PARA A REDE DE ATENCAO PSICOSSOCIAL (RAPS/CRACK),SP,SAO PAULO,355030,11904961,2025,13851748000140,FUNDO ESTADUAL DE SAUDE - FUNDES,001,01897X,000000190462,ESTADUAL,S,S,N,45938,164000,164000,4232584388.9099998,45991
2025,https://portalfns.saude.gov.br/wp-content/uploads/2026/01/REPASSE-FAF-COM-POPULACAO-2025.xlsx,https://portalfns.saude.gov.br/wp-content/uploads/2026/01/REPASSE-FAF-COM-POPULACAO-2025.xlsx,data/raw/sao_paulo/fns/repasses_faf_com_populacao/2025/REPASSE-FAF-COM-POPULACAO-2025.xlsx,Manutenção Das Ações E Serviços Públicos De Saúde,ATENÇÃO DE MÉDIA E ALTA COMPLEXIDADE AMBULATORIAL E HOSPITALAR,EMENDA - INCREMENTO TEMPORÁRIO AO CUSTEIO DOS SERVIÇOS DE ASSISTÊNCIA HOSPITALAR E AMBULATORIAL,SP,SAO PAULO,355030,11904961,2025,13851748000140,FUNDO ESTADUAL DE SAUDE - FUNDES,001,01897X,000000224227,ESTADUAL,S,S,N,45937,100000,100000,1080.54,45991
2025,https://portalfns.saude.gov.br/wp-content/uploads/2026/01/REPASSE-FAF-COM-POPULACAO-2025.xlsx,https://portalfns.saude.gov.br/wp-content/uploads/2026/01/REPASSE-FAF-COM-POPULACAO-2025.xlsx,data/raw/sao_paulo/fns/repasses_faf_com_populacao/2025/REPASSE-FAF-COM-POPULACAO-2025.xlsx,Manutenção Das Ações E Serviços Públicos De Saúde,ATENÇÃO DE MÉDIA E ALTA COMPLEXIDADE AMBULATORIAL E HOSPITALAR,EMENDA - INCREMENTO TEMPORÁRIO AO CUSTEIO DOS SERVIÇOS DE ASSISTÊNCIA HOSPITALAR E AMBULATORIAL,SP,SAO PAULO,355030,11904961,2025,13851748000140,FUNDO ESTADUAL DE SAUDE - FUNDES,001,01897X,000000224383,ESTADUAL,S,S,N,45937,200000,200000,203115.46,45991
2025,https://portalfns.saude.gov.br/wp-content/uploads/2026/01/REPASSE-FAF-COM-POPULACAO-2025.xlsx,https://portalfns.saude.gov.br/wp-content/uploads/2026/01/REPASSE-FAF-COM-POPULACAO-2025.xlsx,data/raw/sao_paulo/fns/repasses_faf_com_populacao/2025/REPASSE-FAF-COM-POPULACAO-2025.xlsx,Manutenção Das Ações E Serviços Públicos De Saúde,ATENÇÃO DE MÉDIA E ALTA COMPLEXIDADE AMBULATORIAL E HOSPITALAR,EMENDA - INCREMENTO TEMPORÁRIO AO CUSTEIO DOS SERVIÇOS DE ASSISTÊNCIA HOSPITALAR E AMBULATORIAL,SP,SAO PAULO,355030,11904961,2025,13851748000140,FUNDO ESTADUAL DE SAUDE - FUNDES,001,01897X,000000224561,ESTADUAL,S,S,N,45937,200000,200000,203115.46,45991
2025,https://portalfns.saude.gov.br/wp-content/uploads/2026/01/REPASSE-FAF-COM-POPULACAO-2025.xlsx,https://portalfns.saude.gov.br/wp-content/uploads/2026/01/REPASSE-FAF-COM-POPULACAO-2025.xlsx,data/raw/sao_paulo/fns/repasses_faf_com_populacao/2025/REPASSE-FAF-COM-POPULACAO-2025.xlsx,Manutenção Das Ações E Serviços Públicos De Saúde,ATENÇÃO DE MÉDIA E ALTA COMPLEXIDADE AMBULATORIAL E HOSPITALAR,EMENDA - INCREMENTO TEMPORÁRIO AO CUSTEIO DOS SERVIÇOS DE ASSISTÊNCIA HOSPITALAR E AMBULATORIAL,SP,SAO PAULO,355030,11904961,2025,13851748000140,FUNDO ESTADUAL DE SAUDE - FUNDES,001,01897X,000000225193,ESTADUAL,S,S,N,45937,300000,300000,304673.19,45991
2025,https://portalfns.saude.gov.br/wp-content/uploads/2026/01/REPASSE-FAF-COM-POPULACAO-2025.xlsx,https://portalfns.saude.gov.br/wp-content/uploads/2026/01/REPASSE-FAF-COM-POPULACAO-2025.xlsx,data/raw/sao_paulo/fns/repasses_faf_com_populacao/2025/REPASSE-FAF-COM-POPULACAO-2025.xlsx,Manutenção Das Ações E Serviços Públicos De Saúde,ATENÇÃO DE MÉDIA E ALTA COMPLEXIDADE AMBULATORIAL E HOSPITALAR,EMENDA - INCREMENTO TEMPORÁRIO AO CUSTEIO DOS SERVIÇOS DE ASSISTÊNCIA HOSPITALAR E AMBULATORIAL,SP,SAO PAULO,355030,11904961,2025,13851748000140,FUNDO ESTADUAL DE SAUDE - FUNDES,001,01897X,0022765X,ESTADUAL,S,S,N,45930,350000,350000,-,-
2025,https://portalfns.saude.gov.br/wp-content/uploads/2026/01/REPASSE-FAF-COM-POPULACAO-2025.xlsx,https://portalfns.saude.gov.br/wp-content/uploads/2026/01/REPASSE-FAF-COM-POPULACAO-2025.xlsx,data/raw/sao_paulo/fns/repasses_faf_com_populacao/2025/REPASSE-FAF-COM-POPULACAO-2025.xlsx,Manutenção Das Ações E Serviços Públicos De Saúde,ATENÇÃO DE MÉDIA E ALTA COMPLEXIDADE AMBULATORIAL E HOSPITALAR,EMENDA - INCREMENTO TEMPORÁRIO AO CUSTEIO DOS SERVIÇOS DE ASSISTÊNCIA HOSPITALAR E AMBULATORIAL,SP,SAO PAULO,355030,11904961,2025,13851748000140,FUNDO ESTADUAL DE SAUDE - FUNDES,001,01897X,00226920,ESTADUAL,S,S,N,45930,700000,700000,-,-
2025,https://portalfns.saude.gov.br/wp-content/uploads/2026/01/REPASSE-FAF-COM-POPULACAO-2025.xlsx,https://portalfns.saude.gov.br/wp-content/uploads/2026/01/REPASSE-FAF-COM-POPULACAO-2025.xlsx,data/raw/sao_paulo/fns/repasses_faf_com_populacao/2025/REPASSE-FAF-COM-POPULACAO-2025.xlsx,Manutenção Das Ações E Serviços Públicos De Saúde,ATENÇÃO DE MÉDIA E ALTA COMPLEXIDADE AMBULATORIAL E HOSPITALAR,EMENDA - INCREMENTO TEMPORÁRIO AO CUSTEIO DOS SERVIÇOS DE ASSISTÊNCIA HOSPITALAR E AMBULATORIAL,SP,SAO PAULO,355030,11904961,2025,13851748000140,FUNDO ESTADUAL DE SAUDE - FUNDES,001,01897X,00227374,ESTADUAL,S,S,N,45930,300000,300000,-,-
2025,https://portalfns.saude.gov.br/wp-content/uploads/2026/01/REPASSE-FAF-COM-POPULACAO-2025.xlsx,https://portalfns.saude.gov.br/wp-content/uploads/2026/01/REPASSE-FAF-COM-POPULACAO-2025.xlsx,data/raw/sao_paulo/fns/repasses_faf_com_populacao/2025/REPASSE-FAF-COM-POPULACAO-2025.xlsx,Manutenção Das Ações E Serviços Públicos De Saúde,ATENÇÃO DE MÉDIA E ALTA COMPLEXIDADE AMBULATORIAL E HOSPITALAR,EMENDA - INCREMENTO TEMPORÁRIO AO CUSTEIO DOS SERVIÇOS DE ASSISTÊNCIA HOSPITALAR E AMBULATORIAL,SP,SAO PAULO,355030,11904961,2025,13851748000140,FUNDO ESTADUAL DE SAUDE - FUNDES,001,01897X,00227439,ESTADUAL,S,S,N,45930,500000,500000,-,-
2025,https://portalfns.saude.gov.br/wp-content/uploads/2026/01/REPASSE-FAF-COM-POPULACAO-2025.xlsx,https://portalfns.saude.gov.br/wp-content/uploads/2026/01/REPASSE-FAF-COM-POPULACAO-2025.xlsx,data/raw/sao_paulo/fns/repasses_faf_com_populacao/2025/REPASSE-FAF-COM-POPULACAO-2025.xlsx,Manutenção Das Ações E Serviços Públicos De Saúde,ATENÇÃO DE MÉDIA E ALTA COMPLEXIDADE AMBULATORIAL E HOSPITALAR,EMENDA - INCREMENTO TEMPORÁRIO AO CUSTEIO DOS SERVIÇOS DE ASSISTÊNCIA HOSPITALAR E AMBULATORIAL,SP,SAO PAULO,355030,11904961,2025,13851748000140,FUNDO ESTADUAL DE SAUDE - FUNDES,001,01897X,00227447,ESTADUAL,S,S,N,45930,375000,375000,-,-
2025,https://portalfns.saude.gov.br/wp-content/uploads/2026/01/REPASSE-FAF-COM-POPULACAO-2025.xlsx,https://portalfns.saude.gov.br/wp-content/uploads/2026/01/REPASSE-FAF-COM-POPULACAO-2025.xlsx,data/raw/sao_paulo/fns/repasses_faf_com_populacao/2025/REPASSE-FAF-COM-POPULACAO-2025.xlsx,Manutenção Das Ações E Serviços Públicos De Saúde,ATENÇÃO DE MÉDIA E ALTA COMPLEXIDADE AMBULATORIAL E HOSPITALAR,EMENDA - INCREMENTO TEMPORÁRIO AO CUSTEIO DOS SERVIÇOS DE ASSISTÊNCIA HOSPITALAR E AMBULATORIAL,SP,SAO PAULO,355030,11904961,2025,13851748000140,FUNDO ESTADUAL DE SAUDE - FUNDES,001,01897X,00227536,ESTADUAL,S,S,N,45930,500000,500000,-,-
2025,https://portalfns.saude.gov.br/wp-content/uploads/2026/01/REPASSE-FAF-COM-POPULACAO-2025.xlsx,https://portalfns.saude.gov.br/wp-content/uploads/2026/01/REPASSE-FAF-COM-POPULACAO-2025.xlsx,data/raw/sao_paulo/fns/repasses_faf_com_populacao/2025/REPASSE-FAF-COM-POPULACAO-2025.xlsx,Manutenção Das Ações E Serviços Públicos De Saúde,ATENÇÃO DE MÉDIA E ALTA COMPLEXIDADE AMBULATORIAL E HOSPITALAR,EMENDA - INCREMENTO TEMPORÁRIO AO CUSTEIO DOS SERVIÇOS DE ASSISTÊNCIA HOSPITALAR E AMBULATORIAL,SP,SAO PAULO,355030,11904961,2025,13851748000140,FUNDO ESTADUAL DE SAUDE - FUNDES,001,01897X,000000225967,ESTADUAL,S,S,N,45929,300000,300000,1817.69,45991
2025,https://portalfns.saude.gov.br/wp-content/uploads/2026/01/REPASSE-FAF-COM-POPULACAO-2025.xlsx,https://portalfns.saude.gov.br/wp-content/uploads/2026/01/REPASSE-FAF-COM-POPULACAO-2025.xlsx,data/raw/sao_paulo/fns/repasses_faf_com_populacao/2025/REPASSE-FAF-COM-POPULACAO-2025.xlsx,Manutenção Das Ações E Serviços Públicos De Saúde,ATENÇÃO DE MÉDIA E ALTA COMPLEXIDADE AMBULATORIAL E HOSPITALAR,EMENDA - INCREMENTO TEMPORÁRIO AO CUSTEIO DOS SERVIÇOS DE ASSISTÊNCIA HOSPITALAR E AMBULATORIAL,SP,SAO PAULO,355030,11904961,2025,13851748000140,FUNDO ESTADUAL DE SAUDE - FUNDES,001,01897X,00000022281X,ESTADUAL,S,S,N,45926,350000,350000,2272.87,45991
2025,https://portalfns.saude.gov.br/wp-content/uploads/2026/01/REPASSE-FAF-COM-POPULACAO-2025.xlsx,https://portalfns.saude.gov.br/wp-content/uploads/2026/01/REPASSE-FAF-COM-POPULACAO-2025.xlsx,data/raw/sao_paulo/fns/repasses_faf_com_populacao/2025/REPASSE-FAF-COM-POPULACAO-2025.xlsx,Manutenção Das Ações E Serviços Públicos De Saúde,ATENÇÃO DE MÉDIA E ALTA COMPLEXIDADE AMBULATORIAL E HOSPITALAR,EMENDA - INCREMENTO TEMPORÁRIO AO CUSTEIO DOS SERVIÇOS DE ASSISTÊNCIA HOSPITALAR E AMBULATORIAL,SP,SAO PAULO,355030,11904961,2025,13851748000140,FUNDO ESTADUAL DE SAUDE - FUNDES,001,01897X,00000022605X,ESTADUAL,S,S,N,45926,607433,607433,3944.62,45991
2025,https://portalfns.saude.gov.br/wp-content/uploads/2026/01/REPASSE-FAF-COM-POPULACAO-2025.xlsx,https://portalfns.saude.gov.br/wp-content/uploads/2026/01/REPASSE-FAF-COM-POPULACAO-2025.xlsx,data/raw/sao_paulo/fns/repasses_faf_com_populacao/2025/REPASSE-FAF-COM-POPULACAO-2025.xlsx,Manutenção Das Ações E Serviços Públicos De Saúde,ATENÇÃO DE MÉDIA E ALTA COMPLEXIDADE AMBULATORIAL E HOSPITALAR,EMENDA - INCREMENTO TEMPORÁRIO AO CUSTEIO DOS SERVIÇOS DE ASSISTÊNCIA HOSPITALAR E AMBULATORIAL,SP,SAO PAULO,355030,11904961,2025,13851748000140,FUNDO ESTADUAL DE SAUDE - FUNDES,001,01897X,000000222801,ESTADUAL,S,S,N,45926,500000,500000,3244.17,45991
2025,https://portalfns.saude.gov.br/wp-content/uploads/2026/01/REPASSE-FAF-COM-POPULACAO-2025.xlsx,https://portalfns.saude.gov.br/wp-content/uploads/2026/01/REPASSE-FAF-COM-POPULACAO-2025.xlsx,data/raw/sao_paulo/fns/repasses_faf_com_populacao/2025/REPASSE-FAF-COM-POPULACAO-2025.xlsx,Manutenção Das Ações E Serviços Públicos De Saúde,ATENÇÃO DE MÉDIA E ALTA COMPLEXIDADE AMBULATORIAL E HOSPITALAR,EMENDA - INCREMENTO TEMPORÁRIO AO CUSTEIO DOS SERVIÇOS DE ASSISTÊNCIA HOSPITALAR E AMBULATORIAL,SP,SAO PAULO,355030,11904961,2025,13851748000140,FUNDO ESTADUAL DE SAUDE - FUNDES,001,01897X,000000222933,ESTADUAL,S,S,N,45926,300000,300000,1946.5,45991
2025,https://portalfns.saude.gov.br/wp-content/uploads/2026/01/REPASSE-FAF-COM-POPULACAO-2025.xlsx,https://portalfns.saude.gov.br/wp-content/uploads/2026/01/REPASSE-FAF-COM-POPULACAO-2025.xlsx,data/raw/sao_paulo/fns/repasses_faf_com_populacao/2025/REPASSE-FAF-COM-POPULACAO-2025.xlsx,Manutenção Das Ações E Serviços Públicos De Saúde,ATENÇÃO DE MÉDIA E ALTA COMPLEXIDADE AMBULATORIAL E HOSPITALAR,EMENDA - INCREMENTO TEMPORÁRIO AO CUSTEIO DOS SERVIÇOS DE ASSISTÊNCIA HOSPITALAR E AMBULATORIAL,SP,SAO PAULO,355030,11904961,2025,13851748000140,FUNDO ESTADUAL DE SAUDE - FUNDES,001,01897X,000000222984,ESTADUAL,S,S,N,45926,300000,300000,305587.71000000002,45991
2025,https://portalfns.saude.gov.br/wp-content/uploads/2026/01/REPASSE-FAF-COM-POPULACAO-2025.xlsx,https://portalfns.saude.gov.br/wp-content/uploads/2026/01/REPASSE-FAF-COM-POPULACAO-2025.xlsx,data/raw/sao_paulo/fns/repasses_faf_com_populacao/2025/REPASSE-FAF-COM-POPULACAO-2025.xlsx,Manutenção Das Ações E Serviços Públicos De Saúde,ATENÇÃO DE MÉDIA E ALTA COMPLEXIDADE AMBULATORIAL E HOSPITALAR,EMENDA - INCREMENTO TEMPORÁRIO AO CUSTEIO DOS SERVIÇOS DE ASSISTÊNCIA HOSPITALAR E AMBULATORIAL,SP,SAO PAULO,355030,11904961,2025,13851748000140,FUNDO ESTADUAL DE SAUDE - FUNDES,001,01897X,000000223646,ESTADUAL,S,S,N,45926,380000,380000,2465.5700000000002,45991
2025,https://portalfns.saude.gov.br/wp-content/uploads/2026/01/REPASSE-FAF-COM-POPULACAO-2025.xlsx,https://portalfns.saude.gov.br/wp-content/uploads/2026/01/REPASSE-FAF-COM-POPULACAO-2025.xlsx,data/raw/sao_paulo/fns/repasses_faf_com_populacao/2025/REPASSE-FAF-COM-POPULACAO-2025.xlsx,Manutenção Das Ações E Serviços Públicos De Saúde,ATENÇÃO DE MÉDIA E ALTA COMPLEXIDADE AMBULATORIAL E HOSPITALAR,EMENDA - INCREMENTO TEMPORÁRIO AO CUSTEIO DOS SERVIÇOS DE ASSISTÊNCIA HOSPITALAR E AMBULATORIAL,SP,SAO PAULO,355030,11904961,2025,13851748000140,FUNDO ESTADUAL DE SAUDE - FUNDES,001,01897X,000000223751,ESTADUAL,S,S,N,45926,700000,700000,4541.84,45991
2025,https://portalfns.saude.gov.br/wp-content/uploads/2026/01/REPASSE-FAF-COM-POPULACAO-2025.xlsx,https://portalfns.saude.gov.br/wp-content/uploads/2026/01/REPASSE-FAF-COM-POPULACAO-2025.xlsx,data/raw/sao_paulo/fns/repasses_faf_com_populacao/2025/REPASSE-FAF-COM-POPULACAO-2025.xlsx,Manutenção Das Ações E Serviços Públicos De Saúde,ATENÇÃO DE MÉDIA E ALTA COMPLEXIDADE AMBULATORIAL E HOSPITALAR,EMENDA - INCREMENTO TEMPORÁRIO AO CUSTEIO DOS SERVIÇOS DE ASSISTÊNCIA HOSPITALAR E AMBULATORIAL,SP,SAO PAULO,355030,11904961,2025,13851748000140,FUNDO ESTADUAL DE SAUDE - FUNDES,001,01897X,000000223875,ESTADUAL,S,S,N,45926,200000,200000,1297.67,45991
2025,https://portalfns.saude.gov.br/wp-content/uploads/2026/01/REPASSE-FAF-COM-POPULACAO-2025.xlsx,https://portalfns.saude.gov.br/wp-content/uploads/2026/01/REPASSE-FAF-COM-POPULACAO-2025.xlsx,data/raw/sao_paulo/fns/repasses_faf_com_populacao/2025/REPASSE-FAF-COM-POPULACAO-2025.xlsx,Manutenção Das Ações E Serviços Públicos De Saúde,ATENÇÃO DE MÉDIA E ALTA COMPLEXIDADE AMBULATORIAL E HOSPITALAR,EMENDA - INCREMENTO TEMPORÁRIO AO CUSTEIO DOS SERVIÇOS DE ASSISTÊNCIA HOSPITALAR E AMBULATORIAL,SP,SAO PAULO,355030,11904961,2025,13851748000140,FUNDO ESTADUAL DE SAUDE - FUNDES,001,01897X,000000224448,ESTADUAL,S,S,N,45926,200000,200000,1298.22,45991
2025,https://portalfns.saude.gov.br/wp-content/uploads/2026/01/REPASSE-FAF-COM-POPULACAO-2025.xlsx,https://portalfns.saude.gov.br/wp-content/uploads/2026/01/REPASSE-FAF-COM-POPULACAO-2025.xlsx,data/raw/sao_paulo/fns/repasses_faf_com_populacao/2025/REPASSE-FAF-COM-POPULACAO-2025.xlsx,Manutenção Das Ações E Serviços Públicos De Saúde,ATENÇÃO DE MÉDIA E ALTA COMPLEXIDADE AMBULATORIAL E HOSPITALAR,EMENDA - INCREMENTO TEMPORÁRIO AO CUSTEIO DOS SERVIÇOS DE ASSISTÊNCIA HOSPITALAR E AMBULATORIAL,SP,SAO PAULO,355030,11904961,2025,13851748000140,FUNDO ESTADUAL DE SAUDE - FUNDES,001,01897X,000000224456,ESTADUAL,S,S,N,45926,350000,350000,2271.89,45991
2025,https://portalfns.saude.gov.br/wp-content/uploads/2026/01/REPASSE-FAF-COM-POPULACAO-2025.xlsx,https://portalfns.saude.gov.br/wp-content/uploads/2026/01/REPASSE-FAF-COM-POPULACAO-2025.xlsx,data/raw/sao_paulo/fns/repasses_faf_com_populacao/2025/REPASSE-FAF-COM-POPULACAO-2025.xlsx,Manutenção Das Ações E Serviços Públicos De Saúde,ATENÇÃO DE MÉDIA E ALTA COMPLEXIDADE AMBULATORIAL E HOSPITALAR,EMENDA - INCREMENTO TEMPORÁRIO AO CUSTEIO DOS SERVIÇOS DE ASSISTÊNCIA HOSPITALAR E AMBULATORIAL,SP,SAO PAULO,355030,11904961,2025,13851748000140,FUNDO ESTADUAL DE SAUDE - FUNDES,001,01897X,000000224685,ESTADUAL,S,S,N,45926,300000,300000,1947.34,45991
2025,https://portalfns.saude.gov.br/wp-content/uploads/2026/01/REPASSE-FAF-COM-POPULACAO-2025.xlsx,https://portalfns.saude.gov.br/wp-content/uploads/2026/01/REPASSE-FAF-COM-POPULACAO-2025.xlsx,data/raw/sao_paulo/fns/repasses_faf_com_populacao/2025/REPASSE-FAF-COM-POPULACAO-2025.xlsx,Manutenção Das Ações E Serviços Públicos De Saúde,ATENÇÃO DE MÉDIA E ALTA COMPLEXIDADE AMBULATORIAL E HOSPITALAR,EMENDA - INCREMENTO TEMPORÁRIO AO CUSTEIO DOS SERVIÇOS DE ASSISTÊNCIA HOSPITALAR E AMBULATORIAL,SP,SAO PAULO,355030,11904961,2025,13851748000140,FUNDO ESTADUAL DE SAUDE - FUNDES,001,01897X,000000225177,ESTADUAL,S,S,N,45926,500000,500000,509312.85,45991
2025,https://portalfns.saude.gov.br/wp-content/uploads/2026/01/REPASSE-FAF-COM-POPULACAO-2025.xlsx,https://portalfns.saude.gov.br/wp-content/uploads/2026/01/REPASSE-FAF-COM-POPULACAO-2025.xlsx,data/raw/sao_paulo/fns/repasses_faf_com_populacao/2025/REPASSE-FAF-COM-POPULACAO-2025.xlsx,Manutenção Das Ações E Serviços Públicos De Saúde,ATENÇÃO DE MÉDIA E ALTA COMPLEXIDADE AMBULATORIAL E HOSPITALAR,EMENDA - INCREMENTO TEMPORÁRIO AO CUSTEIO DOS SERVIÇOS DE ASSISTÊNCIA HOSPITALAR E AMBULATORIAL,SP,SAO PAULO,355030,11904961,2025,13851748000140,FUNDO ESTADUAL DE SAUDE - FUNDES,001,01897X,000000225207,ESTADUAL,S,S,N,45926,500000,500000,3246.96,45991
2025,https://portalfns.saude.gov.br/wp-content/uploads/2026/01/REPASSE-FAF-COM-POPULACAO-2025.xlsx,https://portalfns.saude.gov.br/wp-content/uploads/2026/01/REPASSE-FAF-COM-POPULACAO-2025.xlsx,data/raw/sao_paulo/fns/repasses_faf_com_populacao/2025/REPASSE-FAF-COM-POPULACAO-2025.xlsx,Manutenção Das Ações E Serviços Públicos De Saúde,ATENÇÃO DE MÉDIA E ALTA COMPLEXIDADE AMBULATORIAL E HOSPITALAR,EMENDA - INCREMENTO TEMPORÁRIO AO CUSTEIO DOS SERVIÇOS DE ASSISTÊNCIA HOSPITALAR E AMBULATORIAL,SP,SAO PAULO,355030,11904961,2025,13851748000140,FUNDO ESTADUAL DE SAUDE - FUNDES,001,01897X,000000225312,ESTADUAL,S,S,N,45926,1000000,1000000,6493.91,45991
2025,https://portalfns.saude.gov.br/wp-content/uploads/2026/01/REPASSE-FAF-COM-POPULACAO-2025.xlsx,https://portalfns.saude.gov.br/wp-content/uploads/2026/01/REPASSE-FAF-COM-POPULACAO-2025.xlsx,data/raw/sao_paulo/fns/repasses_faf_com_populacao/2025/REPASSE-FAF-COM-POPULACAO-2025.xlsx,Manutenção Das Ações E Serviços Públicos De Saúde,ATENÇÃO DE MÉDIA E ALTA COMPLEXIDADE AMBULATORIAL E HOSPITALAR,EMENDA - INCREMENTO TEMPORÁRIO AO CUSTEIO DOS SERVIÇOS DE ASSISTÊNCIA HOSPITALAR E AMBULATORIAL,SP,SAO PAULO,355030,11904961,2025,13851748000140,FUNDO ESTADUAL DE SAUDE - FUNDES,001,01897X,000000225398,ESTADUAL,S,S,N,45926,500000,500000,3246.96,45991
2025,https://portalfns.saude.gov.br/wp-content/uploads/2026/01/REPASSE-FAF-COM-POPULACAO-2025.xlsx,https://portalfns.saude.gov.br/wp-content/uploads/2026/01/REPASSE-FAF-COM-POPULACAO-2025.xlsx,data/raw/sao_paulo/fns/repasses_faf_com_populacao/2025/REPASSE-FAF-COM-POPULACAO-2025.xlsx,Manutenção Das Ações E Serviços Públicos De Saúde,ATENÇÃO DE MÉDIA E ALTA COMPLEXIDADE AMBULATORIAL E HOSPITALAR,EMENDA - INCREMENTO TEMPORÁRIO AO CUSTEIO DOS SERVIÇOS DE ASSISTÊNCIA HOSPITALAR E AMBULATORIAL,SP,SAO PAULO,355030,11904961,2025,13851748000140,FUNDO ESTADUAL DE SAUDE - FUNDES,001,01897X,000000225770,ESTADUAL,S,S,N,45926,495000,495000,3214.49,45991
2025,https://portalfns.saude.gov.br/wp-content/uploads/2026/01/REPASSE-FAF-COM-POPULACAO-2025.xlsx,https://portalfns.saude.gov.br/wp-content/uploads/2026/01/REPASSE-FAF-COM-POPULACAO-2025.xlsx,data/raw/sao_paulo/fns/repasses_faf_com_populacao/2025/REPASSE-FAF-COM-POPULACAO-2025.xlsx,Manutenção Das Ações E Serviços Públicos De Saúde,ATENÇÃO DE MÉDIA E ALTA COMPLEXIDADE AMBULATORIAL E HOSPITALAR,EMENDA - INCREMENTO TEMPORÁRIO AO CUSTEIO DOS SERVIÇOS DE ASSISTÊNCIA HOSPITALAR E AMBULATORIAL,SP,SAO PAULO,355030,11904961,2025,13864377000130,FUNDO MUNICIPAL DE SAUDE - FMS,001,01897X,000000223204,MUNICIPAL,N,S,N,45926,300000,300000,307154.09999999998,45991
2025,https://portalfns.saude.gov.br/wp-content/uploads/2026/01/REPASSE-FAF-COM-POPULACAO-2025.xlsx,https://portalfns.saude.gov.br/wp-content/uploads/2026/01/REPASSE-FAF-COM-POPULACAO-2025.xlsx,data/raw/sao_paulo/fns/repasses_faf_com_populacao/2025/REPASSE-FAF-COM-POPULACAO-2025.xlsx,Manutenção Das Ações E Serviços Públicos De Saúde,ATENÇÃO DE MÉDIA E ALTA COMPLEXIDADE AMBULATORIAL E HOSPITALAR,EMENDA - INCREMENTO TEMPORÁRIO AO CUSTEIO DOS SERVIÇOS DE ASSISTÊNCIA HOSPITALAR E AMBULATORIAL,SP,SAO PAULO,355030,11904961,2025,13864377000130,FUNDO MUNICIPAL DE SAUDE - FMS,001,01897X,000000223395,MUNICIPAL,N,S,N,45926,400000,400000,409538.81,45991
2025,https://portalfns.saude.gov.br/wp-content/uploads/2026/01/REPASSE-FAF-COM-POPULACAO-2025.xlsx,https://portalfns.saude.gov.br/wp-content/uploads/2026/01/REPASSE-FAF-COM-POPULACAO-2025.xlsx,data/raw/sao_paulo/fns/repasses_faf_com_populacao/2025/REPASSE-FAF-COM-POPULACAO-2025.xlsx,Manutenção Das Ações E Serviços Públicos De Saúde,ATENÇÃO DE MÉDIA E ALTA COMPLEXIDADE AMBULATORIAL E HOSPITALAR,EMENDA - INCREMENTO TEMPORÁRIO AO CUSTEIO DOS SERVIÇOS DE ASSISTÊNCIA HOSPITALAR E AMBULATORIAL,SP,SAO PAULO,355030,11904961,2025,13864377000130,FUNDO MUNICIPAL DE SAUDE - FMS,001,01897X,000000223506,MUNICIPAL,N,S,N,45926,300000,300000,307154.09999999998,45991
2025,https://portalfns.saude.gov.br/wp-content/uploads/2026/01/REPASSE-FAF-COM-POPULACAO-2025.xlsx,https://portalfns.saude.gov.br/wp-content/uploads/2026/01/REPASSE-FAF-COM-POPULACAO-2025.xlsx,data/raw/sao_paulo/fns/repasses_faf_com_populacao/2025/REPASSE-FAF-COM-POPULACAO-2025.xlsx,Manutenção Das Ações E Serviços Públicos De Saúde,ATENÇÃO DE MÉDIA E ALTA COMPLEXIDADE AMBULATORIAL E HOSPITALAR,EMENDA - INCREMENTO TEMPORÁRIO AO CUSTEIO DOS SERVIÇOS DE ASSISTÊNCIA HOSPITALAR E AMBULATORIAL,SP,SAO PAULO,355030,11904961,2025,13864377000130,FUNDO MUNICIPAL DE SAUDE - FMS,001,01897X,000000223514,MUNICIPAL,N,S,N,45926,300000,300000,307154.09999999998,45991
2025,https://portalfns.saude.gov.br/wp-content/uploads/2026/01/REPASSE-FAF-COM-POPULACAO-2025.xlsx,https://portalfns.saude.gov.br/wp-content/uploads/2026/01/REPASSE-FAF-COM-POPULACAO-2025.xlsx,data/raw/sao_paulo/fns/repasses_faf_com_populacao/2025/REPASSE-FAF-COM-POPULACAO-2025.xlsx,Manutenção Das Ações E Serviços Públicos De Saúde,ATENÇÃO DE MÉDIA E ALTA COMPLEXIDADE AMBULATORIAL E HOSPITALAR,EMENDA - INCREMENTO TEMPORÁRIO AO CUSTEIO DOS SERVIÇOS DE ASSISTÊNCIA HOSPITALAR E AMBULATORIAL,SP,SAO PAULO,355030,11904961,2025,13864377000130,FUNDO MUNICIPAL DE SAUDE - FMS,001,01897X,000000223573,MUNICIPAL,N,S,N,45926,350000,350000,358346.45,45991
2025,https://portalfns.saude.gov.br/wp-content/uploads/2026/01/REPASSE-FAF-COM-POPULACAO-2025.xlsx,https://portalfns.saude.gov.br/wp-content/uploads/2026/01/REPASSE-FAF-COM-POPULACAO-2025.xlsx,data/raw/sao_paulo/fns/repasses_faf_com_populacao/2025/REPASSE-FAF-COM-POPULACAO-2025.xlsx,Manutenção Das Ações E Serviços Públicos De Saúde,ATENÇÃO DE MÉDIA E ALTA COMPLEXIDADE AMBULATORIAL E HOSPITALAR,EMENDA - INCREMENTO TEMPORÁRIO AO CUSTEIO DOS SERVIÇOS DE ASSISTÊNCIA HOSPITALAR E AMBULATORIAL,SP,SAO PAULO,355030,11904961,2025,13864377000130,FUNDO MUNICIPAL DE SAUDE - FMS,001,01897X,000000223581,MUNICIPAL,N,S,N,45926,300000,300000,307154.09999999998,45991
2025,https://portalfns.saude.gov.br/wp-content/uploads/2026/01/REPASSE-FAF-COM-POPULACAO-2025.xlsx,https://portalfns.saude.gov.br/wp-content/uploads/2026/01/REPASSE-FAF-COM-POPULACAO-2025.xlsx,data/raw/sao_paulo/fns/repasses_faf_com_populacao/2025/REPASSE-FAF-COM-POPULACAO-2025.xlsx,Manutenção Das Ações E Serviços Públicos De Saúde,ATENÇÃO DE MÉDIA E ALTA COMPLEXIDADE AMBULATORIAL E HOSPITALAR,EMENDA - INCREMENTO TEMPORÁRIO AO CUSTEIO DOS SERVIÇOS DE ASSISTÊNCIA HOSPITALAR E AMBULATORIAL,SP,SAO PAULO,355030,11904961,2025,13864377000130,FUNDO MUNICIPAL DE SAUDE - FMS,001,01897X,000000223611,MUNICIPAL,N,S,N,45926,300000,300000,307154.09999999998,45991
2025,https://portalfns.saude.gov.br/wp-content/uploads/2026/01/REPASSE-FAF-COM-POPULACAO-2025.xlsx,https://portalfns.saude.gov.br/wp-content/uploads/2026/01/REPASSE-FAF-COM-POPULACAO-2025.xlsx,data/raw/sao_paulo/fns/repasses_faf_com_populacao/2025/REPASSE-FAF-COM-POPULACAO-2025.xlsx,Manutenção Das Ações E Serviços Públicos De Saúde,ATENÇÃO DE MÉDIA E ALTA COMPLEXIDADE AMBULATORIAL E HOSPITALAR,EMENDA - INCREMENTO TEMPORÁRIO AO CUSTEIO DOS SERVIÇOS DE ASSISTÊNCIA HOSPITALAR E AMBULATORIAL,SP,SAO PAULO,355030,11904961,2025,13851748000140,FUNDO ESTADUAL DE SAUDE - FUNDES,001,01897X,000000224952,ESTADUAL,S,S,N,45925,500000,500000,3463.04,45991
2025,https://portalfns.saude.gov.br/wp-content/uploads/2026/01/REPASSE-FAF-COM-POPULACAO-2025.xlsx,https://portalfns.saude.gov.br/wp-content/uploads/2026/01/REPASSE-FAF-COM-POPULACAO-2025.xlsx,data/raw/sao_paulo/fns/repasses_faf_com_populacao/2025/REPASSE-FAF-COM-POPULACAO-2025.xlsx,Manutenção Das Ações E Serviços Públicos De Saúde,ATENÇÃO PRIMÁRIA,IMPLEMENTACÃO DE POLÍTICAS PARA A REDE ALYNE,SP,SAO PAULO,355030,11904961,2025,13851748000140,FUNDO ESTADUAL DE SAUDE - FUNDES,001,01897X,000000190462,ESTADUAL,S,S,N,45925,3960000,3960000,4232584388.9099998,45991
2025,https://portalfns.saude.gov.br/wp-content/uploads/2026/01/REPASSE-FAF-COM-POPULACAO-2025.xlsx,https://portalfns.saude.gov.br/wp-content/uploads/2026/01/REPASSE-FAF-COM-POPULACAO-2025.xlsx,data/raw/sao_paulo/fns/repasses_faf_com_populacao/2025/REPASSE-FAF-COM-POPULACAO-2025.xlsx,Manutenção Das Ações E Serviços Públicos De Saúde,ATENÇÃO PRIMÁRIA,IMPLEMENTACÃO DE POLÍTICAS PARA A REDE ALYNE,SP,SAO PAULO,355030,11904961,2025,13864377000130,FUNDO MUNICIPAL DE SAUDE - FMS,001,01897X,000000190470,MUNICIPAL,N,S,N,45925,1802349,1802349,536005569.63999999,45991
2025,https://portalfns.saude.gov.br/wp-content/uploads/2026/01/REPASSE-FAF-COM-POPULACAO-2025.xlsx,https://portalfns.saude.gov.br/wp-content/uploads/2026/01/REPASSE-FAF-COM-POPULACAO-2025.xlsx,data/raw/sao_paulo/fns/repasses_faf_com_populacao/2025/REPASSE-FAF-COM-POPULACAO-2025.xlsx,Manutenção Das Ações E Serviços Públicos De Saúde,ATENÇÃO PRIMÁRIA,"INCENTIVO FINANCEIRO DA APS - DEMAIS PROGRAMAS, SERVIÇOS E EQUIPES DA ATENÇÃO PRIMÁRIA À SAÚDE",SP,SAO PAULO,355030,11904961,2025,13851748000140,FUNDO ESTADUAL DE SAUDE - FUNDES,001,01897X,000000190462,ESTADUAL,S,S,N,45923,4204500,4204500,4232584388.9099998,45991
2025,https://portalfns.saude.gov.br/wp-content/uploads/2026/01/REPASSE-FAF-COM-POPULACAO-2025.xlsx,https://portalfns.saude.gov.br/wp-content/uploads/2026/01/REPASSE-FAF-COM-POPULACAO-2025.xlsx,data/raw/sao_paulo/fns/repasses_faf_com_populacao/2025/REPASSE-FAF-COM-POPULACAO-2025.xlsx,Manutenção Das Ações E Serviços Públicos De Saúde,ATENÇÃO DE MÉDIA E ALTA COMPLEXIDADE AMBULATORIAL E HOSPITALAR,EMENDA - INCREMENTO TEMPORÁRIO AO CUSTEIO DOS SERVIÇOS DE ASSISTÊNCIA HOSPITALAR E AMBULATORIAL,SP,SAO PAULO,355030,11904961,2025,13851748000140,FUNDO ESTADUAL DE SAUDE - FUNDES,001,01897X,000000226424,ESTADUAL,S,S,N,45919,1000000,1000000,8668.7199999999993,45991
2025,https://portalfns.saude.gov.br/wp-content/uploads/2026/01/REPASSE-FAF-COM-POPULACAO-2025.xlsx,https://portalfns.saude.gov.br/wp-content/uploads/2026/01/REPASSE-FAF-COM-POPULACAO-2025.xlsx,data/raw/sao_paulo/fns/repasses_faf_com_populacao/2025/REPASSE-FAF-COM-POPULACAO-2025.xlsx,Manutenção Das Ações E Serviços Públicos De Saúde,ATENÇÃO DE MÉDIA E ALTA COMPLEXIDADE AMBULATORIAL E HOSPITALAR,EMENDA - INCREMENTO TEMPORÁRIO AO CUSTEIO DOS SERVIÇOS DE ASSISTÊNCIA HOSPITALAR E AMBULATORIAL,SP,SAO PAULO,355030,11904961,2025,13851748000140,FUNDO ESTADUAL DE SAUDE - FUNDES,001,01897X,000000226432,ESTADUAL,S,S,N,45916,300000,300000,2993.04,45991
2025,https://portalfns.saude.gov.br/wp-content/uploads/2026/01/REPASSE-FAF-COM-POPULACAO-2025.xlsx,https://portalfns.saude.gov.br/wp-content/uploads/2026/01/REPASSE-FAF-COM-POPULACAO-2025.xlsx,data/raw/sao_paulo/fns/repasses_faf_com_populacao/2025/REPASSE-FAF-COM-POPULACAO-2025.xlsx,Manutenção Das Ações E Serviços Públicos De Saúde,ATENÇÃO DE MÉDIA E ALTA COMPLEXIDADE AMBULATORIAL E HOSPITALAR,EMENDA - INCREMENTO TEMPORÁRIO AO CUSTEIO DOS SERVIÇOS DE ASSISTÊNCIA HOSPITALAR E AMBULATORIAL,SP,SAO PAULO,355030,11904961,2025,13851748000140,FUNDO ESTADUAL DE SAUDE - FUNDES,001,01897X,00226955,ESTADUAL,S,S,N,45916,100000,100000,-,-
2025,https://portalfns.saude.gov.br/wp-content/uploads/2026/01/REPASSE-FAF-COM-POPULACAO-2025.xlsx,https://portalfns.saude.gov.br/wp-content/uploads/2026/01/REPASSE-FAF-COM-POPULACAO-2025.xlsx,data/raw/sao_paulo/fns/repasses_faf_com_populacao/2025/REPASSE-FAF-COM-POPULACAO-2025.xlsx,Manutenção Das Ações E Serviços Públicos De Saúde,ATENÇÃO DE MÉDIA E ALTA COMPLEXIDADE AMBULATORIAL E HOSPITALAR,EMENDA - INCREMENTO TEMPORÁRIO AO CUSTEIO DOS SERVIÇOS DE ASSISTÊNCIA HOSPITALAR E AMBULATORIAL,SP,SAO PAULO,355030,11904961,2025,13851748000140,FUNDO ESTADUAL DE SAUDE - FUNDES,001,01897X,000000226408,ESTADUAL,S,S,N,45912,300000,300000,3254.99,45991
2025,https://portalfns.saude.gov.br/wp-content/uploads/2026/01/REPASSE-FAF-COM-POPULACAO-2025.xlsx,https://portalfns.saude.gov.br/wp-content/uploads/2026/01/REPASSE-FAF-COM-POPULACAO-2025.xlsx,data/raw/sao_paulo/fns/repasses_faf_com_populacao/2025/REPASSE-FAF-COM-POPULACAO-2025.xlsx,Manutenção Das Ações E Serviços Públicos De Saúde,ATENÇÃO DE MÉDIA E ALTA COMPLEXIDADE AMBULATORIAL E HOSPITALAR,EMENDA - INCREMENTO TEMPORÁRIO AO CUSTEIO DOS SERVIÇOS DE ASSISTÊNCIA HOSPITALAR E AMBULATORIAL,SP,SAO PAULO,355030,11904961,2025,13851748000140,FUNDO ESTADUAL DE SAUDE - FUNDES,001,01897X,000000226459,ESTADUAL,S,S,N,45912,50000,50000,542.5,45991
2025,https://portalfns.saude.gov.br/wp-content/uploads/2026/01/REPASSE-FAF-COM-POPULACAO-2025.xlsx,https://portalfns.saude.gov.br/wp-content/uploads/2026/01/REPASSE-FAF-COM-POPULACAO-2025.xlsx,data/raw/sao_paulo/fns/repasses_faf_com_populacao/2025/REPASSE-FAF-COM-POPULACAO-2025.xlsx,Manutenção Das Ações E Serviços Públicos De Saúde,ATENÇÃO DE MÉDIA E ALTA COMPLEXIDADE AMBULATORIAL E HOSPITALAR,EMENDA - INCREMENTO TEMPORÁRIO AO CUSTEIO DOS SERVIÇOS DE ASSISTÊNCIA HOSPITALAR E AMBULATORIAL,SP,SAO PAULO,355030,11904961,2025,13851748000140,FUNDO ESTADUAL DE SAUDE - FUNDES,001,01897X,000000226521,ESTADUAL,S,S,N,45912,200000,200000,2170,45991
2025,https://portalfns.saude.gov.br/wp-content/uploads/2026/01/REPASSE-FAF-COM-POPULACAO-2025.xlsx,https://portalfns.saude.gov.br/wp-content/uploads/2026/01/REPASSE-FAF-COM-POPULACAO-2025.xlsx,data/raw/sao_paulo/fns/repasses_faf_com_populacao/2025/REPASSE-FAF-COM-POPULACAO-2025.xlsx,Manutenção Das Ações E Serviços Públicos De Saúde,ATENÇÃO DE MÉDIA E ALTA COMPLEXIDADE AMBULATORIAL E HOSPITALAR,EMENDA - INCREMENTO TEMPORÁRIO AO CUSTEIO DOS SERVIÇOS DE ASSISTÊNCIA HOSPITALAR E AMBULATORIAL,SP,SAO PAULO,355030,11904961,2025,13851748000140,FUNDO ESTADUAL DE SAUDE - FUNDES,001,01897X,0022698X,ESTADUAL,S,S,N,45909,540000,540000,-,-
2025,https://portalfns.saude.gov.br/wp-content/uploads/2026/01/REPASSE-FAF-COM-POPULACAO-2025.xlsx,https://portalfns.saude.gov.br/wp-content/uploads/2026/01/REPASSE-FAF-COM-POPULACAO-2025.xlsx,data/raw/sao_paulo/fns/repasses_faf_com_populacao/2025/REPASSE-FAF-COM-POPULACAO-2025.xlsx,Manutenção Das Ações E Serviços Públicos De Saúde,ATENÇÃO DE MÉDIA E ALTA COMPLEXIDADE AMBULATORIAL E HOSPITALAR,EMENDA - INCREMENTO TEMPORÁRIO AO CUSTEIO DOS SERVIÇOS DE ASSISTÊNCIA HOSPITALAR E AMBULATORIAL,SP,SAO PAULO,355030,11904961,2025,13851748000140,FUNDO ESTADUAL DE SAUDE - FUNDES,001,01897X,0022703X,ESTADUAL,S,S,N,45909,700000,700000,-,-
2025,https://portalfns.saude.gov.br/wp-content/uploads/2026/01/REPASSE-FAF-COM-POPULACAO-2025.xlsx,https://portalfns.saude.gov.br/wp-content/uploads/2026/01/REPASSE-FAF-COM-POPULACAO-2025.xlsx,data/raw/sao_paulo/fns/repasses_faf_com_populacao/2025/REPASSE-FAF-COM-POPULACAO-2025.xlsx,Manutenção Das Ações E Serviços Públicos De Saúde,ATENÇÃO DE MÉDIA E ALTA COMPLEXIDADE AMBULATORIAL E HOSPITALAR,EMENDA - INCREMENTO TEMPORÁRIO AO CUSTEIO DOS SERVIÇOS DE ASSISTÊNCIA HOSPITALAR E AMBULATORIAL,SP,SAO PAULO,355030,11904961,2025,13851748000140,FUNDO ESTADUAL DE SAUDE - FUNDES,001,01897X,00226890,ESTADUAL,S,S,N,45909,400000,400000,-,-
2025,https://portalfns.saude.gov.br/wp-content/uploads/2026/01/REPASSE-FAF-COM-POPULACAO-2025.xlsx,https://portalfns.saude.gov.br/wp-content/uploads/2026/01/REPASSE-FAF-COM-POPULACAO-2025.xlsx,data/raw/sao_paulo/fns/repasses_faf_com_populacao/2025/REPASSE-FAF-COM-POPULACAO-2025.xlsx,Manutenção Das Ações E Serviços Públicos De Saúde,ATENÇÃO DE MÉDIA E ALTA COMPLEXIDADE AMBULATORIAL E HOSPITALAR,EMENDA - INCREMENTO TEMPORÁRIO AO CUSTEIO DOS SERVIÇOS DE ASSISTÊNCIA HOSPITALAR E AMBULATORIAL,SP,SAO PAULO,355030,11904961,2025,13851748000140,FUNDO ESTADUAL DE SAUDE - FUNDES,001,01897X,00227013,ESTADUAL,S,S,N,45909,1500000,1500000,-,-
2025,https://portalfns.saude.gov.br/wp-content/uploads/2026/01/REPASSE-FAF-COM-POPULACAO-2025.xlsx,https://portalfns.saude.gov.br/wp-content/uploads/2026/01/REPASSE-FAF-COM-POPULACAO-2025.xlsx,data/raw/sao_paulo/fns/repasses_faf_com_populacao/2025/REPASSE-FAF-COM-POPULACAO-2025.xlsx,Manutenção Das Ações E Serviços Públicos De Saúde,ATENÇÃO DE MÉDIA E ALTA COMPLEXIDADE AMBULATORIAL E HOSPITALAR,EMENDA - INCREMENTO TEMPORÁRIO AO CUSTEIO DOS SERVIÇOS DE ASSISTÊNCIA HOSPITALAR E AMBULATORIAL,SP,SAO PAULO,355030,11904961,2025,13851748000140,FUNDO ESTADUAL DE SAUDE - FUNDES,001,01897X,00227293,ESTADUAL,S,S,N,45909,300000,300000,-,-
2025,https://portalfns.saude.gov.br/wp-content/uploads/2026/01/REPASSE-FAF-COM-POPULACAO-2025.xlsx,https://portalfns.saude.gov.br/wp-content/uploads/2026/01/REPASSE-FAF-COM-POPULACAO-2025.xlsx,data/raw/sao_paulo/fns/repasses_faf_com_populacao/2025/REPASSE-FAF-COM-POPULACAO-2025.xlsx,Manutenção Das Ações E Serviços Públicos De Saúde,ATENÇÃO DE MÉDIA E ALTA COMPLEXIDADE AMBULATORIAL E HOSPITALAR,EMENDA - INCREMENTO TEMPORÁRIO AO CUSTEIO DOS SERVIÇOS DE ASSISTÊNCIA HOSPITALAR E AMBULATORIAL,SP,SAO PAULO,355030,11904961,2025,13851748000140,FUNDO ESTADUAL DE SAUDE - FUNDES,001,01897X,00227463,ESTADUAL,S,S,N,45909,500000,500000,-,-
2025,https://portalfns.saude.gov.br/wp-content/uploads/2026/01/REPASSE-FAF-COM-POPULACAO-2025.xlsx,https://portalfns.saude.gov.br/wp-content/uploads/2026/01/REPASSE-FAF-COM-POPULACAO-2025.xlsx,data/raw/sao_paulo/fns/repasses_faf_com_populacao/2025/REPASSE-FAF-COM-POPULACAO-2025.xlsx,Manutenção Das Ações E Serviços Públicos De Saúde,ATENÇÃO DE MÉDIA E ALTA COMPLEXIDADE AMBULATORIAL E HOSPITALAR,EMENDA - INCREMENTO TEMPORÁRIO AO CUSTEIO DOS SERVIÇOS DE ASSISTÊNCIA HOSPITALAR E AMBULATORIAL,SP,SAO PAULO,355030,11904961,2025,13851748000140,FUNDO ESTADUAL DE SAUDE - FUNDES,001,01897X,00227471,ESTADUAL,S,S,N,45909,500000,500000,-,-
2025,https://portalfns.saude.gov.br/wp-content/uploads/2026/01/REPASSE-FAF-COM-POPULACAO-2025.xlsx,https://portalfns.saude.gov.br/wp-content/uploads/2026/01/REPASSE-FAF-COM-POPULACAO-2025.xlsx,data/raw/sao_paulo/fns/repasses_faf_com_populacao/2025/REPASSE-FAF-COM-POPULACAO-2025.xlsx,Manutenção Das Ações E Serviços Públicos De Saúde,ATENÇÃO DE MÉDIA E ALTA COMPLEXIDADE AMBULATORIAL E HOSPITALAR,EMENDA - INCREMENTO TEMPORÁRIO AO CUSTEIO DOS SERVIÇOS DE ASSISTÊNCIA HOSPITALAR E AMBULATORIAL,SP,SAO PAULO,355030,11904961,2025,13851748000140,FUNDO ESTADUAL DE SAUDE - FUNDES,001,01897X,00227617,ESTADUAL,S,S,N,45909,300000,300000,-,-
2025,https://portalfns.saude.gov.br/wp-content/uploads/2026/01/REPASSE-FAF-COM-POPULACAO-2025.xlsx,https://portalfns.saude.gov.br/wp-content/uploads/2026/01/REPASSE-FAF-COM-POPULACAO-2025.xlsx,data/raw/sao_paulo/fns/repasses_faf_com_populacao/2025/REPASSE-FAF-COM-POPULACAO-2025.xlsx,Manutenção Das Ações E Serviços Públicos De Saúde,ATENÇÃO DE MÉDIA E ALTA COMPLEXIDADE AMBULATORIAL E HOSPITALAR,EMENDA - INCREMENTO TEMPORÁRIO AO CUSTEIO DOS SERVIÇOS DE ASSISTÊNCIA HOSPITALAR E AMBULATORIAL,SP,SAO PAULO,355030,11904961,2025,13851748000140,FUNDO ESTADUAL DE SAUDE - FUNDES,001,01897X,00227722,ESTADUAL,S,S,N,45909,500000,500000,-,-
2025,https://portalfns.saude.gov.br/wp-content/uploads/2026/01/REPASSE-FAF-COM-POPULACAO-2025.xlsx,https://portalfns.saude.gov.br/wp-content/uploads/2026/01/REPASSE-FAF-COM-POPULACAO-2025.xlsx,data/raw/sao_paulo/fns/repasses_faf_com_populacao/2025/REPASSE-FAF-COM-POPULACAO-2025.xlsx,Manutenção Das Ações E Serviços Públicos De Saúde,ATENÇÃO DE MÉDIA E ALTA COMPLEXIDADE AMBULATORIAL E HOSPITALAR,EMENDA - INCREMENTO TEMPORÁRIO AO CUSTEIO DOS SERVIÇOS DE ASSISTÊNCIA HOSPITALAR E AMBULATORIAL,SP,SAO PAULO,355030,11904961,2025,13851748000140,FUNDO ESTADUAL DE SAUDE - FUNDES,001,01897X,00227730,ESTADUAL,S,S,N,45909,100000,100000,-,-
2025,https://portalfns.saude.gov.br/wp-content/uploads/2026/01/REPASSE-FAF-COM-POPULACAO-2025.xlsx,https://portalfns.saude.gov.br/wp-content/uploads/2026/01/REPASSE-FAF-COM-POPULACAO-2025.xlsx,data/raw/sao_paulo/fns/repasses_faf_com_populacao/2025/REPASSE-FAF-COM-POPULACAO-2025.xlsx,Manutenção Das Ações E Serviços Públicos De Saúde,ATENÇÃO DE MÉDIA E ALTA COMPLEXIDADE AMBULATORIAL E HOSPITALAR,EMENDA - INCREMENTO TEMPORÁRIO AO CUSTEIO DOS SERVIÇOS DE ASSISTÊNCIA HOSPITALAR E AMBULATORIAL,SP,SAO PAULO,355030,11904961,2025,13851748000140,FUNDO ESTADUAL DE SAUDE - FUNDES,001,01897X,00227765,ESTADUAL,S,S,N,45909,300000,300000,-,-
2025,https://portalfns.saude.gov.br/wp-content/uploads/2026/01/REPASSE-FAF-COM-POPULACAO-2025.xlsx,https://portalfns.saude.gov.br/wp-content/uploads/2026/01/REPASSE-FAF-COM-POPULACAO-2025.xlsx,data/raw/sao_paulo/fns/repasses_faf_com_populacao/2025/REPASSE-FAF-COM-POPULACAO-2025.xlsx,Manutenção Das Ações E Serviços Públicos De Saúde,ATENÇÃO DE MÉDIA E ALTA COMPLEXIDADE AMBULATORIAL E HOSPITALAR,EMENDA - INCREMENTO TEMPORÁRIO AO CUSTEIO DOS SERVIÇOS DE ASSISTÊNCIA HOSPITALAR E AMBULATORIAL,SP,SAO PAULO,355030,11904961,2025,13851748000140,FUNDO ESTADUAL DE SAUDE - FUNDES,001,01897X,000000224057,ESTADUAL,S,S,N,45905,200000,200000,2607.46,45991
2025,https://portalfns.saude.gov.br/wp-content/uploads/2026/01/REPASSE-FAF-COM-POPULACAO-2025.xlsx,https://portalfns.saude.gov.br/wp-content/uploads/2026/01/REPASSE-FAF-COM-POPULACAO-2025.xlsx,data/raw/sao_paulo/fns/repasses_faf_com_populacao/2025/REPASSE-FAF-COM-POPULACAO-2025.xlsx,Manutenção Das Ações E Serviços Públicos De Saúde,ATENÇÃO DE MÉDIA E ALTA COMPLEXIDADE AMBULATORIAL E HOSPITALAR,EMENDA - INCREMENTO TEMPORÁRIO AO CUSTEIO DOS SERVIÇOS DE ASSISTÊNCIA HOSPITALAR E AMBULATORIAL,SP,SAO PAULO,355030,11904961,2025,13851748000140,FUNDO ESTADUAL DE SAUDE - FUNDES,001,01897X,000000225800,ESTADUAL,S,S,N,45905,100000,100000,1304.29,45991
2025,https://portalfns.saude.gov.br/wp-content/uploads/2026/01/REPASSE-FAF-COM-POPULACAO-2025.xlsx,https://portalfns.saude.gov.br/wp-content/uploads/2026/01/REPASSE-FAF-COM-POPULACAO-2025.xlsx,data/raw/sao_paulo/fns/repasses_faf_com_populacao/2025/REPASSE-FAF-COM-POPULACAO-2025.xlsx,Manutenção Das Ações E Serviços Públicos De Saúde,ATENÇÃO DE MÉDIA E ALTA COMPLEXIDADE AMBULATORIAL E HOSPITALAR,EMENDA - INCREMENTO TEMPORÁRIO AO CUSTEIO DOS SERVIÇOS DE ASSISTÊNCIA HOSPITALAR E AMBULATORIAL,SP,SAO PAULO,355030,11904961,2025,13851748000140,FUNDO ESTADUAL DE SAUDE - FUNDES,001,01897X,00226971,ESTADUAL,S,S,N,45905,500000,500000,-,-
2025,https://portalfns.saude.gov.br/wp-content/uploads/2026/01/REPASSE-FAF-COM-POPULACAO-2025.xlsx,https://portalfns.saude.gov.br/wp-content/uploads/2026/01/REPASSE-FAF-COM-POPULACAO-2025.xlsx,data/raw/sao_paulo/fns/repasses_faf_com_populacao/2025/REPASSE-FAF-COM-POPULACAO-2025.xlsx,Manutenção Das Ações E Serviços Públicos De Saúde,ATENÇÃO DE MÉDIA E ALTA COMPLEXIDADE AMBULATORIAL E HOSPITALAR,EMENDA - INCREMENTO TEMPORÁRIO AO CUSTEIO DOS SERVIÇOS DE ASSISTÊNCIA HOSPITALAR E AMBULATORIAL,SP,SAO PAULO,355030,11904961,2025,13851748000140,FUNDO ESTADUAL DE SAUDE - FUNDES,001,01897X,00227021,ESTADUAL,S,S,N,45905,200000,200000,-,-
2025,https://portalfns.saude.gov.br/wp-content/uploads/2026/01/REPASSE-FAF-COM-POPULACAO-2025.xlsx,https://portalfns.saude.gov.br/wp-content/uploads/2026/01/REPASSE-FAF-COM-POPULACAO-2025.xlsx,data/raw/sao_paulo/fns/repasses_faf_com_populacao/2025/REPASSE-FAF-COM-POPULACAO-2025.xlsx,Manutenção Das Ações E Serviços Públicos De Saúde,ATENÇÃO DE MÉDIA E ALTA COMPLEXIDADE AMBULATORIAL E HOSPITALAR,EMENDA - INCREMENTO TEMPORÁRIO AO CUSTEIO DOS SERVIÇOS DE ASSISTÊNCIA HOSPITALAR E AMBULATORIAL,SP,SAO PAULO,355030,11904961,2025,13851748000140,FUNDO ESTADUAL DE SAUDE - FUNDES,001,01897X,00227773,ESTADUAL,S,S,N,45905,750000,750000,-,-
2025,https://portalfns.saude.gov.br/wp-content/uploads/2026/01/REPASSE-FAF-COM-POPULACAO-2025.xlsx,https://portalfns.saude.gov.br/wp-content/uploads/2026/01/REPASSE-FAF-COM-POPULACAO-2025.xlsx,data/raw/sao_paulo/fns/repasses_faf_com_populacao/2025/REPASSE-FAF-COM-POPULACAO-2025.xlsx,Manutenção Das Ações E Serviços Públicos De Saúde,ATENÇÃO DE MÉDIA E ALTA COMPLEXIDADE AMBULATORIAL E HOSPITALAR,EMENDA - INCREMENTO TEMPORÁRIO AO CUSTEIO DOS SERVIÇOS DE ASSISTÊNCIA HOSPITALAR E AMBULATORIAL,SP,SAO PAULO,355030,11904961,2025,13851748000140,FUNDO ESTADUAL DE SAUDE - FUNDES,001,01897X,00227781,ESTADUAL,S,S,N,45905,200000,200000,-,-
2025,https://portalfns.saude.gov.br/wp-content/uploads/2026/01/REPASSE-FAF-COM-POPULACAO-2025.xlsx,https://portalfns.saude.gov.br/wp-content/uploads/2026/01/REPASSE-FAF-COM-POPULACAO-2025.xlsx,data/raw/sao_paulo/fns/repasses_faf_com_populacao/2025/REPASSE-FAF-COM-POPULACAO-2025.xlsx,Manutenção Das Ações E Serviços Públicos De Saúde,ATENÇÃO DE MÉDIA E ALTA COMPLEXIDADE AMBULATORIAL E HOSPITALAR,EMENDA - INCREMENTO TEMPORÁRIO AO CUSTEIO DOS SERVIÇOS DE ASSISTÊNCIA HOSPITALAR E AMBULATORIAL,SP,SAO PAULO,355030,11904961,2025,13851748000140,FUNDO ESTADUAL DE SAUDE - FUNDES,001,01897X,00227803,ESTADUAL,S,S,N,45905,250000,250000,-,-
2025,https://portalfns.saude.gov.br/wp-content/uploads/2026/01/REPASSE-FAF-COM-POPULACAO-2025.xlsx,https://portalfns.saude.gov.br/wp-content/uploads/2026/01/REPASSE-FAF-COM-POPULACAO-2025.xlsx,data/raw/sao_paulo/fns/repasses_faf_com_populacao/2025/REPASSE-FAF-COM-POPULACAO-2025.xlsx,Manutenção Das Ações E Serviços Públicos De Saúde,ATENÇÃO DE MÉDIA E ALTA COMPLEXIDADE AMBULATORIAL E HOSPITALAR,EMENDA - INCREMENTO TEMPORÁRIO AO CUSTEIO DOS SERVIÇOS DE ASSISTÊNCIA HOSPITALAR E AMBULATORIAL,SP,SAO PAULO,355030,11904961,2025,13851748000140,FUNDO ESTADUAL DE SAUDE - FUNDES,001,01897X,00227811,ESTADUAL,S,S,N,45905,175985,175985,-,-
2025,https://portalfns.saude.gov.br/wp-content/uploads/2026/01/REPASSE-FAF-COM-POPULACAO-2025.xlsx,https://portalfns.saude.gov.br/wp-content/uploads/2026/01/REPASSE-FAF-COM-POPULACAO-2025.xlsx,data/raw/sao_paulo/fns/repasses_faf_com_populacao/2025/REPASSE-FAF-COM-POPULACAO-2025.xlsx,Manutenção Das Ações E Serviços Públicos De Saúde,ATENÇÃO DE MÉDIA E ALTA COMPLEXIDADE AMBULATORIAL E HOSPITALAR,EMENDA - INCREMENTO TEMPORÁRIO AO CUSTEIO DOS SERVIÇOS DE ASSISTÊNCIA HOSPITALAR E AMBULATORIAL,SP,SAO PAULO,355030,11904961,2025,13864377000130,FUNDO MUNICIPAL DE SAUDE - FMS,001,01897X,00000022474X,MUNICIPAL,N,S,N,45905,300000,300000,307564.26,45991
2025,https://portalfns.saude.gov.br/wp-content/uploads/2026/01/REPASSE-FAF-COM-POPULACAO-2025.xlsx,https://portalfns.saude.gov.br/wp-content/uploads/2026/01/REPASSE-FAF-COM-POPULACAO-2025.xlsx,data/raw/sao_paulo/fns/repasses_faf_com_populacao/2025/REPASSE-FAF-COM-POPULACAO-2025.xlsx,Manutenção Das Ações E Serviços Públicos De Saúde,ATENÇÃO DE MÉDIA E ALTA COMPLEXIDADE AMBULATORIAL E HOSPITALAR,EMENDA - INCREMENTO TEMPORÁRIO AO CUSTEIO DOS SERVIÇOS DE ASSISTÊNCIA HOSPITALAR E AMBULATORIAL,SP,SAO PAULO,355030,11904961,2025,13864377000130,FUNDO MUNICIPAL DE SAUDE - FMS,001,01897X,000000223441,MUNICIPAL,N,S,N,45905,250000,250000,256303.55,45991
2025,https://portalfns.saude.gov.br/wp-content/uploads/2026/01/REPASSE-FAF-COM-POPULACAO-2025.xlsx,https://portalfns.saude.gov.br/wp-content/uploads/2026/01/REPASSE-FAF-COM-POPULACAO-2025.xlsx,data/raw/sao_paulo/fns/repasses_faf_com_populacao/2025/REPASSE-FAF-COM-POPULACAO-2025.xlsx,Manutenção Das Ações E Serviços Públicos De Saúde,ATENÇÃO DE MÉDIA E ALTA COMPLEXIDADE AMBULATORIAL E HOSPITALAR,EMENDA - INCREMENTO TEMPORÁRIO AO CUSTEIO DOS SERVIÇOS DE ASSISTÊNCIA HOSPITALAR E AMBULATORIAL,SP,SAO PAULO,355030,11904961,2025,13864377000130,FUNDO MUNICIPAL DE SAUDE - FMS,001,01897X,000000223522,MUNICIPAL,N,S,N,45905,250000,250000,256303.55,45991
2025,https://portalfns.saude.gov.br/wp-content/uploads/2026/01/REPASSE-FAF-COM-POPULACAO-2025.xlsx,https://portalfns.saude.gov.br/wp-content/uploads/2026/01/REPASSE-FAF-COM-POPULACAO-2025.xlsx,data/raw/sao_paulo/fns/repasses_faf_com_populacao/2025/REPASSE-FAF-COM-POPULACAO-2025.xlsx,Manutenção Das Ações E Serviços Públicos De Saúde,ATENÇÃO DE MÉDIA E ALTA COMPLEXIDADE AMBULATORIAL E HOSPITALAR,EMENDA - INCREMENTO TEMPORÁRIO AO CUSTEIO DOS SERVIÇOS DE ASSISTÊNCIA HOSPITALAR E AMBULATORIAL,SP,SAO PAULO,355030,11904961,2025,13864377000130,FUNDO MUNICIPAL DE SAUDE - FMS,001,01897X,000000223549,MUNICIPAL,N,S,N,45905,250000,250000,256303.55,45991
2025,https://portalfns.saude.gov.br/wp-content/uploads/2026/01/REPASSE-FAF-COM-POPULACAO-2025.xlsx,https://portalfns.saude.gov.br/wp-content/uploads/2026/01/REPASSE-FAF-COM-POPULACAO-2025.xlsx,data/raw/sao_paulo/fns/repasses_faf_com_populacao/2025/REPASSE-FAF-COM-POPULACAO-2025.xlsx,Manutenção Das Ações E Serviços Públicos De Saúde,ATENÇÃO DE MÉDIA E ALTA COMPLEXIDADE AMBULATORIAL E HOSPITALAR,EMENDA - INCREMENTO TEMPORÁRIO AO CUSTEIO DOS SERVIÇOS DE ASSISTÊNCIA HOSPITALAR E AMBULATORIAL,SP,SAO PAULO,355030,11904961,2025,13864377000130,FUNDO MUNICIPAL DE SAUDE - FMS,001,01897X,000000224766,MUNICIPAL,N,S,N,45905,200000,200000,205042.84,45991
2025,https://portalfns.saude.gov.br/wp-content/uploads/2026/01/REPASSE-FAF-COM-POPULACAO-2025.xlsx,https://portalfns.saude.gov.br/wp-content/uploads/2026/01/REPASSE-FAF-COM-POPULACAO-2025.xlsx,data/raw/sao_paulo/fns/repasses_faf_com_populacao/2025/REPASSE-FAF-COM-POPULACAO-2025.xlsx,Manutenção Das Ações E Serviços Públicos De Saúde,ATENÇÃO DE MÉDIA E ALTA COMPLEXIDADE AMBULATORIAL E HOSPITALAR,EMENDA - INCREMENTO TEMPORÁRIO AO CUSTEIO DOS SERVIÇOS DE ASSISTÊNCIA HOSPITALAR E AMBULATORIAL,SP,SAO PAULO,355030,11904961,2025,13864377000130,FUNDO MUNICIPAL DE SAUDE - FMS,001,01897X,000000226726,MUNICIPAL,N,S,N,45905,150000,150000,153782.13,45991
2025,https://portalfns.saude.gov.br/wp-content/uploads/2026/01/REPASSE-FAF-COM-POPULACAO-2025.xlsx,https://portalfns.saude.gov.br/wp-content/uploads/2026/01/REPASSE-FAF-COM-POPULACAO-2025.xlsx,data/raw/sao_paulo/fns/repasses_faf_com_populacao/2025/REPASSE-FAF-COM-POPULACAO-2025.xlsx,Manutenção Das Ações E Serviços Públicos De Saúde,ATENÇÃO DE MÉDIA E ALTA COMPLEXIDADE AMBULATORIAL E HOSPITALAR,EMENDA - INCREMENTO TEMPORÁRIO AO CUSTEIO DOS SERVIÇOS DE ASSISTÊNCIA HOSPITALAR E AMBULATORIAL,SP,SAO PAULO,355030,11904961,2025,13864377000130,FUNDO MUNICIPAL DE SAUDE - FMS,001,01897X,00227838,MUNICIPAL,N,S,N,45905,50000,50000,-,-
2025,https://portalfns.saude.gov.br/wp-content/uploads/2026/01/REPASSE-FAF-COM-POPULACAO-2025.xlsx,https://portalfns.saude.gov.br/wp-content/uploads/2026/01/REPASSE-FAF-COM-POPULACAO-2025.xlsx,data/raw/sao_paulo/fns/repasses_faf_com_populacao/2025/REPASSE-FAF-COM-POPULACAO-2025.xlsx,Manutenção Das Ações E Serviços Públicos De Saúde,ATENÇÃO DE MÉDIA E ALTA COMPLEXIDADE AMBULATORIAL E HOSPITALAR,EMENDA - INCREMENTO TEMPORÁRIO AO CUSTEIO DOS SERVIÇOS DE ASSISTÊNCIA HOSPITALAR E AMBULATORIAL,SP,SAO PAULO,355030,11904961,2025,13851748000140,FUNDO ESTADUAL DE SAUDE - FUNDES,001,01897X,00227382,ESTADUAL,S,S,N,45904,100000,100000,-,-
2025,https://portalfns.saude.gov.br/wp-content/uploads/2026/01/REPASSE-FAF-COM-POPULACAO-2025.xlsx,https://portalfns.saude.gov.br/wp-content/uploads/2026/01/REPASSE-FAF-COM-POPULACAO-2025.xlsx,data/raw/sao_paulo/fns/repasses_faf_com_populacao/2025/REPASSE-FAF-COM-POPULACAO-2025.xlsx,Manutenção Das Ações E Serviços Públicos De Saúde,ATENÇÃO DE MÉDIA E ALTA COMPLEXIDADE AMBULATORIAL E HOSPITALAR,EMENDA - INCREMENTO TEMPORÁRIO AO CUSTEIO DOS SERVIÇOS DE ASSISTÊNCIA HOSPITALAR E AMBULATORIAL,SP,SAO PAULO,355030,11904961,2025,13851748000140,FUNDO ESTADUAL DE SAUDE - FUNDES,001,01897X,00227498,ESTADUAL,S,S,N,45904,200000,200000,-,-
2025,https://portalfns.saude.gov.br/wp-content/uploads/2026/01/REPASSE-FAF-COM-POPULACAO-2025.xlsx,https://portalfns.saude.gov.br/wp-content/uploads/2026/01/REPASSE-FAF-COM-POPULACAO-2025.xlsx,data/raw/sao_paulo/fns/repasses_faf_com_populacao/2025/REPASSE-FAF-COM-POPULACAO-2025.xlsx,Manutenção Das Ações E Serviços Públicos De Saúde,ATENÇÃO DE MÉDIA E ALTA COMPLEXIDADE AMBULATORIAL E HOSPITALAR,EMENDA - INCREMENTO TEMPORÁRIO AO CUSTEIO DOS SERVIÇOS DE ASSISTÊNCIA HOSPITALAR E AMBULATORIAL,SP,SAO PAULO,355030,11904961,2025,13851748000140,FUNDO ESTADUAL DE SAUDE - FUNDES,001,01897X,00227692,ESTADUAL,S,S,N,45904,100000,100000,-,-
2025,https://portalfns.saude.gov.br/wp-content/uploads/2026/01/REPASSE-FAF-COM-POPULACAO-2025.xlsx,https://portalfns.saude.gov.br/wp-content/uploads/2026/01/REPASSE-FAF-COM-POPULACAO-2025.xlsx,data/raw/sao_paulo/fns/repasses_faf_com_populacao/2025/REPASSE-FAF-COM-POPULACAO-2025.xlsx,Manutenção Das Ações E Serviços Públicos De Saúde,ATENÇÃO DE MÉDIA E ALTA COMPLEXIDADE AMBULATORIAL E HOSPITALAR,EMENDA - INCREMENTO TEMPORÁRIO AO CUSTEIO DOS SERVIÇOS DE ASSISTÊNCIA HOSPITALAR E AMBULATORIAL,SP,SAO PAULO,355030,11904961,2025,13851748000140,FUNDO ESTADUAL DE SAUDE - FUNDES,001,01897X,0022751X,ESTADUAL,S,S,N,45902,1000000,1000000,-,-
2025,https://portalfns.saude.gov.br/wp-content/uploads/2026/01/REPASSE-FAF-COM-POPULACAO-2025.xlsx,https://portalfns.saude.gov.br/wp-content/uploads/2026/01/REPASSE-FAF-COM-POPULACAO-2025.xlsx,data/raw/sao_paulo/fns/repasses_faf_com_populacao/2025/REPASSE-FAF-COM-POPULACAO-2025.xlsx,Manutenção Das Ações E Serviços Públicos De Saúde,ATENÇÃO DE MÉDIA E ALTA COMPLEXIDADE AMBULATORIAL E HOSPITALAR,EMENDA - INCREMENTO TEMPORÁRIO AO CUSTEIO DOS SERVIÇOS DE ASSISTÊNCIA HOSPITALAR E AMBULATORIAL,SP,SAO PAULO,355030,11904961,2025,13851748000140,FUNDO ESTADUAL DE SAUDE - FUNDES,001,01897X,0022779X,ESTADUAL,S,S,N,45902,200000,200000,-,-
2025,https://portalfns.saude.gov.br/wp-content/uploads/2026/01/REPASSE-FAF-COM-POPULACAO-2025.xlsx,https://portalfns.saude.gov.br/wp-content/uploads/2026/01/REPASSE-FAF-COM-POPULACAO-2025.xlsx,data/raw/sao_paulo/fns/repasses_faf_com_populacao/2025/REPASSE-FAF-COM-POPULACAO-2025.xlsx,Manutenção Das Ações E Serviços Públicos De Saúde,ATENÇÃO DE MÉDIA E ALTA COMPLEXIDADE AMBULATORIAL E HOSPITALAR,EMENDA - INCREMENTO TEMPORÁRIO AO CUSTEIO DOS SERVIÇOS DE ASSISTÊNCIA HOSPITALAR E AMBULATORIAL,SP,SAO PAULO,355030,11904961,2025,13851748000140,FUNDO ESTADUAL DE SAUDE - FUNDES,001,01897X,00226874,ESTADUAL,S,S,N,45902,200000,200000,-,-
2025,https://portalfns.saude.gov.br/wp-content/uploads/2026/01/REPASSE-FAF-COM-POPULACAO-2025.xlsx,https://portalfns.saude.gov.br/wp-content/uploads/2026/01/REPASSE-FAF-COM-POPULACAO-2025.xlsx,data/raw/sao_paulo/fns/repasses_faf_com_populacao/2025/REPASSE-FAF-COM-POPULACAO-2025.xlsx,Manutenção Das Ações E Serviços Públicos De Saúde,ATENÇÃO DE MÉDIA E ALTA COMPLEXIDADE AMBULATORIAL E HOSPITALAR,EMENDA - INCREMENTO TEMPORÁRIO AO CUSTEIO DOS SERVIÇOS DE ASSISTÊNCIA HOSPITALAR E AMBULATORIAL,SP,SAO PAULO,355030,11904961,2025,13851748000140,FUNDO ESTADUAL DE SAUDE - FUNDES,001,01897X,00227390,ESTADUAL,S,S,N,45902,50000,50000,-,-
2025,https://portalfns.saude.gov.br/wp-content/uploads/2026/01/REPASSE-FAF-COM-POPULACAO-2025.xlsx,https://portalfns.saude.gov.br/wp-content/uploads/2026/01/REPASSE-FAF-COM-POPULACAO-2025.xlsx,data/raw/sao_paulo/fns/repasses_faf_com_populacao/2025/REPASSE-FAF-COM-POPULACAO-2025.xlsx,Manutenção Das Ações E Serviços Públicos De Saúde,ATENÇÃO DE MÉDIA E ALTA COMPLEXIDADE AMBULATORIAL E HOSPITALAR,EMENDA - INCREMENTO TEMPORÁRIO AO CUSTEIO DOS SERVIÇOS DE ASSISTÊNCIA HOSPITALAR E AMBULATORIAL,SP,SAO PAULO,355030,11904961,2025,13851748000140,FUNDO ESTADUAL DE SAUDE - FUNDES,001,01897X,00227420,ESTADUAL,S,S,N,45902,350985,350985,-,-
2025,https://portalfns.saude.gov.br/wp-content/uploads/2026/01/REPASSE-FAF-COM-POPULACAO-2025.xlsx,https://portalfns.saude.gov.br/wp-content/uploads/2026/01/REPASSE-FAF-COM-POPULACAO-2025.xlsx,data/raw/sao_paulo/fns/repasses_faf_com_populacao/2025/REPASSE-FAF-COM-POPULACAO-2025.xlsx,Manutenção Das Ações E Serviços Públicos De Saúde,ATENÇÃO DE MÉDIA E ALTA COMPLEXIDADE AMBULATORIAL E HOSPITALAR,EMENDA - INCREMENTO TEMPORÁRIO AO CUSTEIO DOS SERVIÇOS DE ASSISTÊNCIA HOSPITALAR E AMBULATORIAL,SP,SAO PAULO,355030,11904961,2025,13851748000140,FUNDO ESTADUAL DE SAUDE - FUNDES,001,01897X,00227528,ESTADUAL,S,S,N,45902,250000,250000,-,-
2025,https://portalfns.saude.gov.br/wp-content/uploads/2026/01/REPASSE-FAF-COM-POPULACAO-2025.xlsx,https://portalfns.saude.gov.br/wp-content/uploads/2026/01/REPASSE-FAF-COM-POPULACAO-2025.xlsx,data/raw/sao_paulo/fns/repasses_faf_com_populacao/2025/REPASSE-FAF-COM-POPULACAO-2025.xlsx,Manutenção Das Ações E Serviços Públicos De Saúde,ATENÇÃO DE MÉDIA E ALTA COMPLEXIDADE AMBULATORIAL E HOSPITALAR,EMENDA - INCREMENTO TEMPORÁRIO AO CUSTEIO DOS SERVIÇOS DE ASSISTÊNCIA HOSPITALAR E AMBULATORIAL,SP,SAO PAULO,355030,11904961,2025,13851748000140,FUNDO ESTADUAL DE SAUDE - FUNDES,001,01897X,00227587,ESTADUAL,S,S,N,45902,200000,200000,-,-
2025,https://portalfns.saude.gov.br/wp-content/uploads/2026/01/REPASSE-FAF-COM-POPULACAO-2025.xlsx,https://portalfns.saude.gov.br/wp-content/uploads/2026/01/REPASSE-FAF-COM-POPULACAO-2025.xlsx,data/raw/sao_paulo/fns/repasses_faf_com_populacao/2025/REPASSE-FAF-COM-POPULACAO-2025.xlsx,Manutenção Das Ações E Serviços Públicos De Saúde,ATENÇÃO DE MÉDIA E ALTA COMPLEXIDADE AMBULATORIAL E HOSPITALAR,EMENDA - INCREMENTO TEMPORÁRIO AO CUSTEIO DOS SERVIÇOS DE ASSISTÊNCIA HOSPITALAR E AMBULATORIAL,SP,SAO PAULO,355030,11904961,2025,13851748000140,FUNDO ESTADUAL DE SAUDE - FUNDES,001,01897X,00227633,ESTADUAL,S,S,N,45902,200000,200000,-,-
2025,https://portalfns.saude.gov.br/wp-content/uploads/2026/01/REPASSE-FAF-COM-POPULACAO-2025.xlsx,https://portalfns.saude.gov.br/wp-content/uploads/2026/01/REPASSE-FAF-COM-POPULACAO-2025.xlsx,data/raw/sao_paulo/fns/repasses_faf_com_populacao/2025/REPASSE-FAF-COM-POPULACAO-2025.xlsx,Manutenção Das Ações E Serviços Públicos De Saúde,ATENÇÃO DE MÉDIA E ALTA COMPLEXIDADE AMBULATORIAL E HOSPITALAR,EMENDA - INCREMENTO TEMPORÁRIO AO CUSTEIO DOS SERVIÇOS DE ASSISTÊNCIA HOSPITALAR E AMBULATORIAL,SP,SAO PAULO,355030,11904961,2025,13851748000140,FUNDO ESTADUAL DE SAUDE - FUNDES,001,01897X,00227641,ESTADUAL,S,S,N,45902,1500000,1500000,-,-
2025,https://portalfns.saude.gov.br/wp-content/uploads/2026/01/REPASSE-FAF-COM-POPULACAO-2025.xlsx,https://portalfns.saude.gov.br/wp-content/uploads/2026/01/REPASSE-FAF-COM-POPULACAO-2025.xlsx,data/raw/sao_paulo/fns/repasses_faf_com_populacao/2025/REPASSE-FAF-COM-POPULACAO-2025.xlsx,Manutenção Das Ações E Serviços Públicos De Saúde,ATENÇÃO DE MÉDIA E ALTA COMPLEXIDADE AMBULATORIAL E HOSPITALAR,EMENDA - INCREMENTO TEMPORÁRIO AO CUSTEIO DOS SERVIÇOS DE ASSISTÊNCIA HOSPITALAR E AMBULATORIAL,SP,SAO PAULO,355030,11904961,2025,13851748000140,FUNDO ESTADUAL DE SAUDE - FUNDES,001,01897X,00227706,ESTADUAL,S,S,N,45902,200000,200000,-,-
2025,https://portalfns.saude.gov.br/wp-content/uploads/2026/01/REPASSE-FAF-COM-POPULACAO-2025.xlsx,https://portalfns.saude.gov.br/wp-content/uploads/2026/01/REPASSE-FAF-COM-POPULACAO-2025.xlsx,data/raw/sao_paulo/fns/repasses_faf_com_populacao/2025/REPASSE-FAF-COM-POPULACAO-2025.xlsx,Manutenção Das Ações E Serviços Públicos De Saúde,ATENÇÃO DE MÉDIA E ALTA COMPLEXIDADE AMBULATORIAL E HOSPITALAR,EMENDA - INCREMENTO TEMPORÁRIO AO CUSTEIO DOS SERVIÇOS DE ASSISTÊNCIA HOSPITALAR E AMBULATORIAL,SP,SAO PAULO,355030,11904961,2025,13851748000140,FUNDO ESTADUAL DE SAUDE - FUNDES,001,01897X,00226947,ESTADUAL,S,S,N,45898,400000,400000,-,-
2025,https://portalfns.saude.gov.br/wp-content/uploads/2026/01/REPASSE-FAF-COM-POPULACAO-2025.xlsx,https://portalfns.saude.gov.br/wp-content/uploads/2026/01/REPASSE-FAF-COM-POPULACAO-2025.xlsx,data/raw/sao_paulo/fns/repasses_faf_com_populacao/2025/REPASSE-FAF-COM-POPULACAO-2025.xlsx,Manutenção Das Ações E Serviços Públicos De Saúde,ATENÇÃO DE MÉDIA E ALTA COMPLEXIDADE AMBULATORIAL E HOSPITALAR,EMENDA - INCREMENTO TEMPORÁRIO AO CUSTEIO DOS SERVIÇOS DE ASSISTÊNCIA HOSPITALAR E AMBULATORIAL,SP,SAO PAULO,355030,11904961,2025,13851748000140,FUNDO ESTADUAL DE SAUDE - FUNDES,001,01897X,00226963,ESTADUAL,S,S,N,45898,700000,700000,-,-
2025,https://portalfns.saude.gov.br/wp-content/uploads/2026/01/REPASSE-FAF-COM-POPULACAO-2025.xlsx,https://portalfns.saude.gov.br/wp-content/uploads/2026/01/REPASSE-FAF-COM-POPULACAO-2025.xlsx,data/raw/sao_paulo/fns/repasses_faf_com_populacao/2025/REPASSE-FAF-COM-POPULACAO-2025.xlsx,Manutenção Das Ações E Serviços Públicos De Saúde,ATENÇÃO DE MÉDIA E ALTA COMPLEXIDADE AMBULATORIAL E HOSPITALAR,EMENDA - INCREMENTO TEMPORÁRIO AO CUSTEIO DOS SERVIÇOS DE ASSISTÊNCIA HOSPITALAR E AMBULATORIAL,SP,SAO PAULO,355030,11904961,2025,13851748000140,FUNDO ESTADUAL DE SAUDE - FUNDES,001,01897X,00227048,ESTADUAL,S,S,N,45898,150000,150000,-,-
2025,https://portalfns.saude.gov.br/wp-content/uploads/2026/01/REPASSE-FAF-COM-POPULACAO-2025.xlsx,https://portalfns.saude.gov.br/wp-content/uploads/2026/01/REPASSE-FAF-COM-POPULACAO-2025.xlsx,data/raw/sao_paulo/fns/repasses_faf_com_populacao/2025/REPASSE-FAF-COM-POPULACAO-2025.xlsx,Estruturação Da Rede De Serviços Públicos De Saúde,ATENÇÃO ESPECIALIZADA,EMENDA - ESTRUTURAÇÃO DE UNIDADES DE ATENÇÃO ESPECIALIZADA EM SAÚDE,SP,SAO PAULO,355030,11904961,2025,13864377000130,FUNDO MUNICIPAL DE SAUDE - FMS,001,01897X,000000224707,MUNICIPAL,N,S,N,45898,276100,276100,283667.65999999997,45991
2025,https://portalfns.saude.gov.br/wp-content/uploads/2026/01/REPASSE-FAF-COM-POPULACAO-2025.xlsx,https://portalfns.saude.gov.br/wp-content/uploads/2026/01/REPASSE-FAF-COM-POPULACAO-2025.xlsx,data/raw/sao_paulo/fns/repasses_faf_com_populacao/2025/REPASSE-FAF-COM-POPULACAO-2025.xlsx,Manutenção Das Ações E Serviços Públicos De Saúde,ATENÇÃO PRIMÁRIA,EMENDA - INCREMENTO TEMPORÁRIO AO CUSTEIO DOS SERVIÇOS DE ATENÇÃO PRIMÁRIA EM SAÚDE,SP,SAO PAULO,355030,11904961,2025,13864377000130,FUNDO MUNICIPAL DE SAUDE - FMS,001,01897X,00227129,MUNICIPAL,N,S,N,45897,500000,500000,-,-
2025,https://portalfns.saude.gov.br/wp-content/uploads/2026/01/REPASSE-FAF-COM-POPULACAO-2025.xlsx,https://portalfns.saude.gov.br/wp-content/uploads/2026/01/REPASSE-FAF-COM-POPULACAO-2025.xlsx,data/raw/sao_paulo/fns/repasses_faf_com_populacao/2025/REPASSE-FAF-COM-POPULACAO-2025.xlsx,Manutenção Das Ações E Serviços Públicos De Saúde,ATENÇÃO DE MÉDIA E ALTA COMPLEXIDADE AMBULATORIAL E HOSPITALAR,EMENDA - INCREMENTO TEMPORÁRIO AO CUSTEIO DOS SERVIÇOS DE ASSISTÊNCIA HOSPITALAR E AMBULATORIAL,SP,SAO PAULO,355030,11904961,2025,13851748000140,FUNDO ESTADUAL DE SAUDE - FUNDES,001,01897X,00000022667X,ESTADUAL,S,S,N,45896,806000,806000,12975.37,45991
2025,https://portalfns.saude.gov.br/wp-content/uploads/2026/01/REPASSE-FAF-COM-POPULACAO-2025.xlsx,https://portalfns.saude.gov.br/wp-content/uploads/2026/01/REPASSE-FAF-COM-POPULACAO-2025.xlsx,data/raw/sao_paulo/fns/repasses_faf_com_populacao/2025/REPASSE-FAF-COM-POPULACAO-2025.xlsx,Manutenção Das Ações E Serviços Públicos De Saúde,ATENÇÃO DE MÉDIA E ALTA COMPLEXIDADE AMBULATORIAL E HOSPITALAR,EMENDA - INCREMENTO TEMPORÁRIO AO CUSTEIO DOS SERVIÇOS DE ASSISTÊNCIA HOSPITALAR E AMBULATORIAL,SP,SAO PAULO,355030,11904961,2025,13851748000140,FUNDO ESTADUAL DE SAUDE - FUNDES,001,01897X,000000226564,ESTADUAL,S,S,N,45896,300000,300000,4180.41,45991
2025,https://portalfns.saude.gov.br/wp-content/uploads/2026/01/REPASSE-FAF-COM-POPULACAO-2025.xlsx,https://portalfns.saude.gov.br/wp-content/uploads/2026/01/REPASSE-FAF-COM-POPULACAO-2025.xlsx,data/raw/sao_paulo/fns/repasses_faf_com_populacao/2025/REPASSE-FAF-COM-POPULACAO-2025.xlsx,Manutenção Das Ações E Serviços Públicos De Saúde,ATENÇÃO DE MÉDIA E ALTA COMPLEXIDADE AMBULATORIAL E HOSPITALAR,EMENDA - INCREMENTO TEMPORÁRIO AO CUSTEIO DOS SERVIÇOS DE ASSISTÊNCIA HOSPITALAR E AMBULATORIAL,SP,SAO PAULO,355030,11904961,2025,13851748000140,FUNDO ESTADUAL DE SAUDE - FUNDES,001,01897X,000000226572,ESTADUAL,S,S,N,45896,300000,300000,4180.41,45991
2025,https://portalfns.saude.gov.br/wp-content/uploads/2026/01/REPASSE-FAF-COM-POPULACAO-2025.xlsx,https://portalfns.saude.gov.br/wp-content/uploads/2026/01/REPASSE-FAF-COM-POPULACAO-2025.xlsx,data/raw/sao_paulo/fns/repasses_faf_com_populacao/2025/REPASSE-FAF-COM-POPULACAO-2025.xlsx,Manutenção Das Ações E Serviços Públicos De Saúde,ATENÇÃO DE MÉDIA E ALTA COMPLEXIDADE AMBULATORIAL E HOSPITALAR,EMENDA - INCREMENTO TEMPORÁRIO AO CUSTEIO DOS SERVIÇOS DE ASSISTÊNCIA HOSPITALAR E AMBULATORIAL,SP,SAO PAULO,355030,11904961,2025,13851748000140,FUNDO ESTADUAL DE SAUDE - FUNDES,001,01897X,000000226610,ESTADUAL,S,S,N,45896,100000,100000,1609.85,45991
2025,https://portalfns.saude.gov.br/wp-content/uploads/2026/01/REPASSE-FAF-COM-POPULACAO-2025.xlsx,https://portalfns.saude.gov.br/wp-content/uploads/2026/01/REPASSE-FAF-COM-POPULACAO-2025.xlsx,data/raw/sao_paulo/fns/repasses_faf_com_populacao/2025/REPASSE-FAF-COM-POPULACAO-2025.xlsx,Manutenção Das Ações E Serviços Públicos De Saúde,ATENÇÃO DE MÉDIA E ALTA COMPLEXIDADE AMBULATORIAL E HOSPITALAR,EMENDA - INCREMENTO TEMPORÁRIO AO CUSTEIO DOS SERVIÇOS DE ASSISTÊNCIA HOSPITALAR E AMBULATORIAL,SP,SAO PAULO,355030,11904961,2025,13851748000140,FUNDO ESTADUAL DE SAUDE - FUNDES,001,01897X,000000226629,ESTADUAL,S,S,N,45896,100000,100000,1609.85,45991
2025,https://portalfns.saude.gov.br/wp-content/uploads/2026/01/REPASSE-FAF-COM-POPULACAO-2025.xlsx,https://portalfns.saude.gov.br/wp-content/uploads/2026/01/REPASSE-FAF-COM-POPULACAO-2025.xlsx,data/raw/sao_paulo/fns/repasses_faf_com_populacao/2025/REPASSE-FAF-COM-POPULACAO-2025.xlsx,Manutenção Das Ações E Serviços Públicos De Saúde,ATENÇÃO DE MÉDIA E ALTA COMPLEXIDADE AMBULATORIAL E HOSPITALAR,EMENDA - INCREMENTO TEMPORÁRIO AO CUSTEIO DOS SERVIÇOS DE ASSISTÊNCIA HOSPITALAR E AMBULATORIAL,SP,SAO PAULO,355030,11904961,2025,13851748000140,FUNDO ESTADUAL DE SAUDE - FUNDES,001,01897X,000000226645,ESTADUAL,S,S,N,45896,400000,400000,6439.39,45991
2025,https://portalfns.saude.gov.br/wp-content/uploads/2026/01/REPASSE-FAF-COM-POPULACAO-2025.xlsx,https://portalfns.saude.gov.br/wp-content/uploads/2026/01/REPASSE-FAF-COM-POPULACAO-2025.xlsx,data/raw/sao_paulo/fns/repasses_faf_com_populacao/2025/REPASSE-FAF-COM-POPULACAO-2025.xlsx,Manutenção Das Ações E Serviços Públicos De Saúde,ATENÇÃO DE MÉDIA E ALTA COMPLEXIDADE AMBULATORIAL E HOSPITALAR,EMENDA - INCREMENTO TEMPORÁRIO AO CUSTEIO DOS SERVIÇOS DE ASSISTÊNCIA HOSPITALAR E AMBULATORIAL,SP,SAO PAULO,355030,11904961,2025,13851748000140,FUNDO ESTADUAL DE SAUDE - FUNDES,001,01897X,000000226688,ESTADUAL,S,S,N,45896,500000,500000,8049.24,45991
2025,https://portalfns.saude.gov.br/wp-content/uploads/2026/01/REPASSE-FAF-COM-POPULACAO-2025.xlsx,https://portalfns.saude.gov.br/wp-content/uploads/2026/01/REPASSE-FAF-COM-POPULACAO-2025.xlsx,data/raw/sao_paulo/fns/repasses_faf_com_populacao/2025/REPASSE-FAF-COM-POPULACAO-2025.xlsx,Manutenção Das Ações E Serviços Públicos De Saúde,ATENÇÃO DE MÉDIA E ALTA COMPLEXIDADE AMBULATORIAL E HOSPITALAR,EMENDA - INCREMENTO TEMPORÁRIO AO CUSTEIO DOS SERVIÇOS DE ASSISTÊNCIA HOSPITALAR E AMBULATORIAL,SP,SAO PAULO,355030,11904961,2025,13864377000130,FUNDO MUNICIPAL DE SAUDE - FMS,001,01897X,00000022362X,MUNICIPAL,N,S,N,45896,500000,500000,514144.09,45991
2025,https://portalfns.saude.gov.br/wp-content/uploads/2026/01/REPASSE-FAF-COM-POPULACAO-2025.xlsx,https://portalfns.saude.gov.br/wp-content/uploads/2026/01/REPASSE-FAF-COM-POPULACAO-2025.xlsx,data/raw/sao_paulo/fns/repasses_faf_com_populacao/2025/REPASSE-FAF-COM-POPULACAO-2025.xlsx,Manutenção Das Ações E Serviços Públicos De Saúde,ATENÇÃO DE MÉDIA E ALTA COMPLEXIDADE AMBULATORIAL E HOSPITALAR,EMENDA - INCREMENTO TEMPORÁRIO AO CUSTEIO DOS SERVIÇOS DE ASSISTÊNCIA HOSPITALAR E AMBULATORIAL,SP,SAO PAULO,355030,11904961,2025,13864377000130,FUNDO MUNICIPAL DE SAUDE - FMS,001,01897X,000000223336,MUNICIPAL,N,S,N,45896,350000,350000,362701.95,45991
2025,https://portalfns.saude.gov.br/wp-content/uploads/2026/01/REPASSE-FAF-COM-POPULACAO-2025.xlsx,https://portalfns.saude.gov.br/wp-content/uploads/2026/01/REPASSE-FAF-COM-POPULACAO-2025.xlsx,data/raw/sao_paulo/fns/repasses_faf_com_populacao/2025/REPASSE-FAF-COM-POPULACAO-2025.xlsx,Manutenção Das Ações E Serviços Públicos De Saúde,ATENÇÃO DE MÉDIA E ALTA COMPLEXIDADE AMBULATORIAL E HOSPITALAR,EMENDA - INCREMENTO TEMPORÁRIO AO CUSTEIO DOS SERVIÇOS DE ASSISTÊNCIA HOSPITALAR E AMBULATORIAL,SP,SAO PAULO,355030,11904961,2025,13864377000130,FUNDO MUNICIPAL DE SAUDE - FMS,001,01897X,000000223344,MUNICIPAL,N,S,N,45896,1000000,1000000,1036291.28,45991
2025,https://portalfns.saude.gov.br/wp-content/uploads/2026/01/REPASSE-FAF-COM-POPULACAO-2025.xlsx,https://portalfns.saude.gov.br/wp-content/uploads/2026/01/REPASSE-FAF-COM-POPULACAO-2025.xlsx,data/raw/sao_paulo/fns/repasses_faf_com_populacao/2025/REPASSE-FAF-COM-POPULACAO-2025.xlsx,Manutenção Das Ações E Serviços Públicos De Saúde,ATENÇÃO DE MÉDIA E ALTA COMPLEXIDADE AMBULATORIAL E HOSPITALAR,EMENDA - INCREMENTO TEMPORÁRIO AO CUSTEIO DOS SERVIÇOS DE ASSISTÊNCIA HOSPITALAR E AMBULATORIAL,SP,SAO PAULO,355030,11904961,2025,13864377000130,FUNDO MUNICIPAL DE SAUDE - FMS,001,01897X,000000223352,MUNICIPAL,N,S,N,45896,1000000,1000000,1028288.18,45991
2025,https://portalfns.saude.gov.br/wp-content/uploads/2026/01/REPASSE-FAF-COM-POPULACAO-2025.xlsx,https://portalfns.saude.gov.br/wp-content/uploads/2026/01/REPASSE-FAF-COM-POPULACAO-2025.xlsx,data/raw/sao_paulo/fns/repasses_faf_com_populacao/2025/REPASSE-FAF-COM-POPULACAO-2025.xlsx,Manutenção Das Ações E Serviços Públicos De Saúde,ATENÇÃO DE MÉDIA E ALTA COMPLEXIDADE AMBULATORIAL E HOSPITALAR,EMENDA - INCREMENTO TEMPORÁRIO AO CUSTEIO DOS SERVIÇOS DE ASSISTÊNCIA HOSPITALAR E AMBULATORIAL,SP,SAO PAULO,355030,11904961,2025,13864377000130,FUNDO MUNICIPAL DE SAUDE - FMS,001,01897X,000000223565,MUNICIPAL,N,S,N,45896,600000,600000,616972.91,45991
2025,https://portalfns.saude.gov.br/wp-content/uploads/2026/01/REPASSE-FAF-COM-POPULACAO-2025.xlsx,https://portalfns.saude.gov.br/wp-content/uploads/2026/01/REPASSE-FAF-COM-POPULACAO-2025.xlsx,data/raw/sao_paulo/fns/repasses_faf_com_populacao/2025/REPASSE-FAF-COM-POPULACAO-2025.xlsx,Manutenção Das Ações E Serviços Públicos De Saúde,ATENÇÃO DE MÉDIA E ALTA COMPLEXIDADE AMBULATORIAL E HOSPITALAR,EMENDA - INCREMENTO TEMPORÁRIO AO CUSTEIO DOS SERVIÇOS DE ASSISTÊNCIA HOSPITALAR E AMBULATORIAL,SP,SAO PAULO,355030,11904961,2025,13864377000130,FUNDO MUNICIPAL DE SAUDE - FMS,001,01897X,000000226327,MUNICIPAL,N,S,N,45894,177581,177581,182761.71,45991
2025,https://portalfns.saude.gov.br/wp-content/uploads/2026/01/REPASSE-FAF-COM-POPULACAO-2025.xlsx,https://portalfns.saude.gov.br/wp-content/uploads/2026/01/REPASSE-FAF-COM-POPULACAO-2025.xlsx,data/raw/sao_paulo/fns/repasses_faf_com_populacao/2025/REPASSE-FAF-COM-POPULACAO-2025.xlsx,Manutenção Das Ações E Serviços Públicos De Saúde,ATENÇÃO DE MÉDIA E ALTA COMPLEXIDADE AMBULATORIAL E HOSPITALAR,EMENDA - INCREMENTO TEMPORÁRIO AO CUSTEIO DOS SERVIÇOS DE ASSISTÊNCIA HOSPITALAR E AMBULATORIAL,SP,SAO PAULO,355030,11904961,2025,13851748000140,FUNDO ESTADUAL DE SAUDE - FUNDES,001,01897X,00000022622X,ESTADUAL,S,S,N,45891,100000,100000,1741.96,45991
2025,https://portalfns.saude.gov.br/wp-content/uploads/2026/01/REPASSE-FAF-COM-POPULACAO-2025.xlsx,https://portalfns.saude.gov.br/wp-content/uploads/2026/01/REPASSE-FAF-COM-POPULACAO-2025.xlsx,data/raw/sao_paulo/fns/repasses_faf_com_populacao/2025/REPASSE-FAF-COM-POPULACAO-2025.xlsx,Manutenção Das Ações E Serviços Públicos De Saúde,ATENÇÃO DE MÉDIA E ALTA COMPLEXIDADE AMBULATORIAL E HOSPITALAR,EMENDA - INCREMENTO TEMPORÁRIO AO CUSTEIO DOS SERVIÇOS DE ASSISTÊNCIA HOSPITALAR E AMBULATORIAL,SP,SAO PAULO,355030,11904961,2025,13851748000140,FUNDO ESTADUAL DE SAUDE - FUNDES,001,01897X,000000225975,ESTADUAL,S,S,N,45891,200000,200000,3570.1,45991
2025,https://portalfns.saude.gov.br/wp-content/uploads/2026/01/REPASSE-FAF-COM-POPULACAO-2025.xlsx,https://portalfns.saude.gov.br/wp-content/uploads/2026/01/REPASSE-FAF-COM-POPULACAO-2025.xlsx,data/raw/sao_paulo/fns/repasses_faf_com_populacao/2025/REPASSE-FAF-COM-POPULACAO-2025.xlsx,Manutenção Das Ações E Serviços Públicos De Saúde,ATENÇÃO DE MÉDIA E ALTA COMPLEXIDADE AMBULATORIAL E HOSPITALAR,EMENDA - INCREMENTO TEMPORÁRIO AO CUSTEIO DOS SERVIÇOS DE ASSISTÊNCIA HOSPITALAR E AMBULATORIAL,SP,SAO PAULO,355030,11904961,2025,13851748000140,FUNDO ESTADUAL DE SAUDE - FUNDES,001,01897X,000000225991,ESTADUAL,S,S,N,45891,300000,300000,5225.87,45991
2025,https://portalfns.saude.gov.br/wp-content/uploads/2026/01/REPASSE-FAF-COM-POPULACAO-2025.xlsx,https://portalfns.saude.gov.br/wp-content/uploads/2026/01/REPASSE-FAF-COM-POPULACAO-2025.xlsx,data/raw/sao_paulo/fns/repasses_faf_com_populacao/2025/REPASSE-FAF-COM-POPULACAO-2025.xlsx,Manutenção Das Ações E Serviços Públicos De Saúde,ATENÇÃO DE MÉDIA E ALTA COMPLEXIDADE AMBULATORIAL E HOSPITALAR,EMENDA - INCREMENTO TEMPORÁRIO AO CUSTEIO DOS SERVIÇOS DE ASSISTÊNCIA HOSPITALAR E AMBULATORIAL,SP,SAO PAULO,355030,11904961,2025,13851748000140,FUNDO ESTADUAL DE SAUDE - FUNDES,001,01897X,000000226211,ESTADUAL,S,S,N,45891,499849,499849,7625.6,45991
2025,https://portalfns.saude.gov.br/wp-content/uploads/2026/01/REPASSE-FAF-COM-POPULACAO-2025.xlsx,https://portalfns.saude.gov.br/wp-content/uploads/2026/01/REPASSE-FAF-COM-POPULACAO-2025.xlsx,data/raw/sao_paulo/fns/repasses_faf_com_populacao/2025/REPASSE-FAF-COM-POPULACAO-2025.xlsx,Manutenção Das Ações E Serviços Públicos De Saúde,ATENÇÃO DE MÉDIA E ALTA COMPLEXIDADE AMBULATORIAL E HOSPITALAR,EMENDA - INCREMENTO TEMPORÁRIO AO CUSTEIO DOS SERVIÇOS DE ASSISTÊNCIA HOSPITALAR E AMBULATORIAL,SP,SAO PAULO,355030,11904961,2025,13851748000140,FUNDO ESTADUAL DE SAUDE - FUNDES,001,01897X,000000226246,ESTADUAL,S,S,N,45891,100000,100000,1525.58,45991
2025,https://portalfns.saude.gov.br/wp-content/uploads/2026/01/REPASSE-FAF-COM-POPULACAO-2025.xlsx,https://portalfns.saude.gov.br/wp-content/uploads/2026/01/REPASSE-FAF-COM-POPULACAO-2025.xlsx,data/raw/sao_paulo/fns/repasses_faf_com_populacao/2025/REPASSE-FAF-COM-POPULACAO-2025.xlsx,Manutenção Das Ações E Serviços Públicos De Saúde,ATENÇÃO DE MÉDIA E ALTA COMPLEXIDADE AMBULATORIAL E HOSPITALAR,EMENDA - INCREMENTO TEMPORÁRIO AO CUSTEIO DOS SERVIÇOS DE ASSISTÊNCIA HOSPITALAR E AMBULATORIAL,SP,SAO PAULO,355030,11904961,2025,13864377000130,FUNDO MUNICIPAL DE SAUDE - FMS,001,01897X,00000022328X,MUNICIPAL,N,S,N,45891,200000,200000,205923.44,45991
2025,https://portalfns.saude.gov.br/wp-content/uploads/2026/01/REPASSE-FAF-COM-POPULACAO-2025.xlsx,https://portalfns.saude.gov.br/wp-content/uploads/2026/01/REPASSE-FAF-COM-POPULACAO-2025.xlsx,data/raw/sao_paulo/fns/repasses_faf_com_populacao/2025/REPASSE-FAF-COM-POPULACAO-2025.xlsx,Manutenção Das Ações E Serviços Públicos De Saúde,ATENÇÃO DE MÉDIA E ALTA COMPLEXIDADE AMBULATORIAL E HOSPITALAR,EMENDA - INCREMENTO TEMPORÁRIO AO CUSTEIO DOS SERVIÇOS DE ASSISTÊNCIA HOSPITALAR E AMBULATORIAL,SP,SAO PAULO,355030,11904961,2025,13864377000130,FUNDO MUNICIPAL DE SAUDE - FMS,001,01897X,00000022331X,MUNICIPAL,N,S,N,45891,200000,200000,205923.44,45991
2025,https://portalfns.saude.gov.br/wp-content/uploads/2026/01/REPASSE-FAF-COM-POPULACAO-2025.xlsx,https://portalfns.saude.gov.br/wp-content/uploads/2026/01/REPASSE-FAF-COM-POPULACAO-2025.xlsx,data/raw/sao_paulo/fns/repasses_faf_com_populacao/2025/REPASSE-FAF-COM-POPULACAO-2025.xlsx,Manutenção Das Ações E Serviços Públicos De Saúde,ATENÇÃO DE MÉDIA E ALTA COMPLEXIDADE AMBULATORIAL E HOSPITALAR,EMENDA - INCREMENTO TEMPORÁRIO AO CUSTEIO DOS SERVIÇOS DE ASSISTÊNCIA HOSPITALAR E AMBULATORIAL,SP,SAO PAULO,355030,11904961,2025,13864377000130,FUNDO MUNICIPAL DE SAUDE - FMS,001,01897X,00000022345X,MUNICIPAL,N,S,N,45891,200000,200000,205923.44,45991
2025,https://portalfns.saude.gov.br/wp-content/uploads/2026/01/REPASSE-FAF-COM-POPULACAO-2025.xlsx,https://portalfns.saude.gov.br/wp-content/uploads/2026/01/REPASSE-FAF-COM-POPULACAO-2025.xlsx,data/raw/sao_paulo/fns/repasses_faf_com_populacao/2025/REPASSE-FAF-COM-POPULACAO-2025.xlsx,Manutenção Das Ações E Serviços Públicos De Saúde,ATENÇÃO DE MÉDIA E ALTA COMPLEXIDADE AMBULATORIAL E HOSPITALAR,EMENDA - INCREMENTO TEMPORÁRIO AO CUSTEIO DOS SERVIÇOS DE ASSISTÊNCIA HOSPITALAR E AMBULATORIAL,SP,SAO PAULO,355030,11904961,2025,13864377000130,FUNDO MUNICIPAL DE SAUDE - FMS,001,01897X,000000223212,MUNICIPAL,N,S,N,45891,250000,250000,257404.31,45991
2025,https://portalfns.saude.gov.br/wp-content/uploads/2026/01/REPASSE-FAF-COM-POPULACAO-2025.xlsx,https://portalfns.saude.gov.br/wp-content/uploads/2026/01/REPASSE-FAF-COM-POPULACAO-2025.xlsx,data/raw/sao_paulo/fns/repasses_faf_com_populacao/2025/REPASSE-FAF-COM-POPULACAO-2025.xlsx,Manutenção Das Ações E Serviços Públicos De Saúde,ATENÇÃO DE MÉDIA E ALTA COMPLEXIDADE AMBULATORIAL E HOSPITALAR,EMENDA - INCREMENTO TEMPORÁRIO AO CUSTEIO DOS SERVIÇOS DE ASSISTÊNCIA HOSPITALAR E AMBULATORIAL,SP,SAO PAULO,355030,11904961,2025,13864377000130,FUNDO MUNICIPAL DE SAUDE - FMS,001,01897X,000000223255,MUNICIPAL,N,S,N,45891,100000,100000,102961.72,45991
2025,https://portalfns.saude.gov.br/wp-content/uploads/2026/01/REPASSE-FAF-COM-POPULACAO-2025.xlsx,https://portalfns.saude.gov.br/wp-content/uploads/2026/01/REPASSE-FAF-COM-POPULACAO-2025.xlsx,data/raw/sao_paulo/fns/repasses_faf_com_populacao/2025/REPASSE-FAF-COM-POPULACAO-2025.xlsx,Manutenção Das Ações E Serviços Públicos De Saúde,ATENÇÃO DE MÉDIA E ALTA COMPLEXIDADE AMBULATORIAL E HOSPITALAR,EMENDA - INCREMENTO TEMPORÁRIO AO CUSTEIO DOS SERVIÇOS DE ASSISTÊNCIA HOSPITALAR E AMBULATORIAL,SP,SAO PAULO,355030,11904961,2025,13864377000130,FUNDO MUNICIPAL DE SAUDE - FMS,001,01897X,000000223271,MUNICIPAL,N,S,N,45891,50000,50000,51480.86,45991
2025,https://portalfns.saude.gov.br/wp-content/uploads/2026/01/REPASSE-FAF-COM-POPULACAO-2025.xlsx,https://portalfns.saude.gov.br/wp-content/uploads/2026/01/REPASSE-FAF-COM-POPULACAO-2025.xlsx,data/raw/sao_paulo/fns/repasses_faf_com_populacao/2025/REPASSE-FAF-COM-POPULACAO-2025.xlsx,Manutenção Das Ações E Serviços Públicos De Saúde,ATENÇÃO DE MÉDIA E ALTA COMPLEXIDADE AMBULATORIAL E HOSPITALAR,EMENDA - INCREMENTO TEMPORÁRIO AO CUSTEIO DOS SERVIÇOS DE ASSISTÊNCIA HOSPITALAR E AMBULATORIAL,SP,SAO PAULO,355030,11904961,2025,13864377000130,FUNDO MUNICIPAL DE SAUDE - FMS,001,01897X,000000223298,MUNICIPAL,N,S,N,45891,200000,200000,205923.44,45991
2025,https://portalfns.saude.gov.br/wp-content/uploads/2026/01/REPASSE-FAF-COM-POPULACAO-2025.xlsx,https://portalfns.saude.gov.br/wp-content/uploads/2026/01/REPASSE-FAF-COM-POPULACAO-2025.xlsx,data/raw/sao_paulo/fns/repasses_faf_com_populacao/2025/REPASSE-FAF-COM-POPULACAO-2025.xlsx,Manutenção Das Ações E Serviços Públicos De Saúde,ATENÇÃO DE MÉDIA E ALTA COMPLEXIDADE AMBULATORIAL E HOSPITALAR,EMENDA - INCREMENTO TEMPORÁRIO AO CUSTEIO DOS SERVIÇOS DE ASSISTÊNCIA HOSPITALAR E AMBULATORIAL,SP,SAO PAULO,355030,11904961,2025,13864377000130,FUNDO MUNICIPAL DE SAUDE - FMS,001,01897X,000000223301,MUNICIPAL,N,S,N,45891,100000,100000,102961.72,45991
2025,https://portalfns.saude.gov.br/wp-content/uploads/2026/01/REPASSE-FAF-COM-POPULACAO-2025.xlsx,https://portalfns.saude.gov.br/wp-content/uploads/2026/01/REPASSE-FAF-COM-POPULACAO-2025.xlsx,data/raw/sao_paulo/fns/repasses_faf_com_populacao/2025/REPASSE-FAF-COM-POPULACAO-2025.xlsx,Manutenção Das Ações E Serviços Públicos De Saúde,ATENÇÃO DE MÉDIA E ALTA COMPLEXIDADE AMBULATORIAL E HOSPITALAR,EMENDA - INCREMENTO TEMPORÁRIO AO CUSTEIO DOS SERVIÇOS DE ASSISTÊNCIA HOSPITALAR E AMBULATORIAL,SP,SAO PAULO,355030,11904961,2025,13864377000130,FUNDO MUNICIPAL DE SAUDE - FMS,001,01897X,000000223328,MUNICIPAL,N,S,N,45891,50000,50000,51480.86,45991
2025,https://portalfns.saude.gov.br/wp-content/uploads/2026/01/REPASSE-FAF-COM-POPULACAO-2025.xlsx,https://portalfns.saude.gov.br/wp-content/uploads/2026/01/REPASSE-FAF-COM-POPULACAO-2025.xlsx,data/raw/sao_paulo/fns/repasses_faf_com_populacao/2025/REPASSE-FAF-COM-POPULACAO-2025.xlsx,Manutenção Das Ações E Serviços Públicos De Saúde,ATENÇÃO DE MÉDIA E ALTA COMPLEXIDADE AMBULATORIAL E HOSPITALAR,EMENDA - INCREMENTO TEMPORÁRIO AO CUSTEIO DOS SERVIÇOS DE ASSISTÊNCIA HOSPITALAR E AMBULATORIAL,SP,SAO PAULO,355030,11904961,2025,13864377000130,FUNDO MUNICIPAL DE SAUDE - FMS,001,01897X,000000223360,MUNICIPAL,N,S,N,45891,500000,500000,514808.62,45991
2025,https://portalfns.saude.gov.br/wp-content/uploads/2026/01/REPASSE-FAF-COM-POPULACAO-2025.xlsx,https://portalfns.saude.gov.br/wp-content/uploads/2026/01/REPASSE-FAF-COM-POPULACAO-2025.xlsx,data/raw/sao_paulo/fns/repasses_faf_com_populacao/2025/REPASSE-FAF-COM-POPULACAO-2025.xlsx,Manutenção Das Ações E Serviços Públicos De Saúde,ATENÇÃO DE MÉDIA E ALTA COMPLEXIDADE AMBULATORIAL E HOSPITALAR,EMENDA - INCREMENTO TEMPORÁRIO AO CUSTEIO DOS SERVIÇOS DE ASSISTÊNCIA HOSPITALAR E AMBULATORIAL,SP,SAO PAULO,355030,11904961,2025,13864377000130,FUNDO MUNICIPAL DE SAUDE - FMS,001,01897X,000000223379,MUNICIPAL,N,S,N,45891,100000,100000,102961.72,45991
2025,https://portalfns.saude.gov.br/wp-content/uploads/2026/01/REPASSE-FAF-COM-POPULACAO-2025.xlsx,https://portalfns.saude.gov.br/wp-content/uploads/2026/01/REPASSE-FAF-COM-POPULACAO-2025.xlsx,data/raw/sao_paulo/fns/repasses_faf_com_populacao/2025/REPASSE-FAF-COM-POPULACAO-2025.xlsx,Manutenção Das Ações E Serviços Públicos De Saúde,ATENÇÃO DE MÉDIA E ALTA COMPLEXIDADE AMBULATORIAL E HOSPITALAR,EMENDA - INCREMENTO TEMPORÁRIO AO CUSTEIO DOS SERVIÇOS DE ASSISTÊNCIA HOSPITALAR E AMBULATORIAL,SP,SAO PAULO,355030,11904961,2025,13864377000130,FUNDO MUNICIPAL DE SAUDE - FMS,001,01897X,000000223387,MUNICIPAL,N,S,N,45891,300000,300000,308885.17,45991
2025,https://portalfns.saude.gov.br/wp-content/uploads/2026/01/REPASSE-FAF-COM-POPULACAO-2025.xlsx,https://portalfns.saude.gov.br/wp-content/uploads/2026/01/REPASSE-FAF-COM-POPULACAO-2025.xlsx,data/raw/sao_paulo/fns/repasses_faf_com_populacao/2025/REPASSE-FAF-COM-POPULACAO-2025.xlsx,Manutenção Das Ações E Serviços Públicos De Saúde,ATENÇÃO DE MÉDIA E ALTA COMPLEXIDADE AMBULATORIAL E HOSPITALAR,EMENDA - INCREMENTO TEMPORÁRIO AO CUSTEIO DOS SERVIÇOS DE ASSISTÊNCIA HOSPITALAR E AMBULATORIAL,SP,SAO PAULO,355030,11904961,2025,13864377000130,FUNDO MUNICIPAL DE SAUDE - FMS,001,01897X,000000223409,MUNICIPAL,N,S,N,45891,300000,300000,308885.17,45991
2025,https://portalfns.saude.gov.br/wp-content/uploads/2026/01/REPASSE-FAF-COM-POPULACAO-2025.xlsx,https://portalfns.saude.gov.br/wp-content/uploads/2026/01/REPASSE-FAF-COM-POPULACAO-2025.xlsx,data/raw/sao_paulo/fns/repasses_faf_com_populacao/2025/REPASSE-FAF-COM-POPULACAO-2025.xlsx,Manutenção Das Ações E Serviços Públicos De Saúde,ATENÇÃO DE MÉDIA E ALTA COMPLEXIDADE AMBULATORIAL E HOSPITALAR,EMENDA - INCREMENTO TEMPORÁRIO AO CUSTEIO DOS SERVIÇOS DE ASSISTÊNCIA HOSPITALAR E AMBULATORIAL,SP,SAO PAULO,355030,11904961,2025,13864377000130,FUNDO MUNICIPAL DE SAUDE - FMS,001,01897X,000000223417,MUNICIPAL,N,S,N,45891,100000,100000,102961.72,45991
2025,https://portalfns.saude.gov.br/wp-content/uploads/2026/01/REPASSE-FAF-COM-POPULACAO-2025.xlsx,https://portalfns.saude.gov.br/wp-content/uploads/2026/01/REPASSE-FAF-COM-POPULACAO-2025.xlsx,data/raw/sao_paulo/fns/repasses_faf_com_populacao/2025/REPASSE-FAF-COM-POPULACAO-2025.xlsx,Manutenção Das Ações E Serviços Públicos De Saúde,ATENÇÃO DE MÉDIA E ALTA COMPLEXIDADE AMBULATORIAL E HOSPITALAR,EMENDA - INCREMENTO TEMPORÁRIO AO CUSTEIO DOS SERVIÇOS DE ASSISTÊNCIA HOSPITALAR E AMBULATORIAL,SP,SAO PAULO,355030,11904961,2025,13864377000130,FUNDO MUNICIPAL DE SAUDE - FMS,001,01897X,000000223484,MUNICIPAL,N,S,N,45891,200000,200000,205923.44,45991
2025,https://portalfns.saude.gov.br/wp-content/uploads/2026/01/REPASSE-FAF-COM-POPULACAO-2025.xlsx,https://portalfns.saude.gov.br/wp-content/uploads/2026/01/REPASSE-FAF-COM-POPULACAO-2025.xlsx,data/raw/sao_paulo/fns/repasses_faf_com_populacao/2025/REPASSE-FAF-COM-POPULACAO-2025.xlsx,Manutenção Das Ações E Serviços Públicos De Saúde,ATENÇÃO DE MÉDIA E ALTA COMPLEXIDADE AMBULATORIAL E HOSPITALAR,EMENDA - INCREMENTO TEMPORÁRIO AO CUSTEIO DOS SERVIÇOS DE ASSISTÊNCIA HOSPITALAR E AMBULATORIAL,SP,SAO PAULO,355030,11904961,2025,13864377000130,FUNDO MUNICIPAL DE SAUDE - FMS,001,01897X,000000223492,MUNICIPAL,N,S,N,45891,200000,200000,205923.44,45991
2025,https://portalfns.saude.gov.br/wp-content/uploads/2026/01/REPASSE-FAF-COM-POPULACAO-2025.xlsx,https://portalfns.saude.gov.br/wp-content/uploads/2026/01/REPASSE-FAF-COM-POPULACAO-2025.xlsx,data/raw/sao_paulo/fns/repasses_faf_com_populacao/2025/REPASSE-FAF-COM-POPULACAO-2025.xlsx,Manutenção Das Ações E Serviços Públicos De Saúde,ATENÇÃO DE MÉDIA E ALTA COMPLEXIDADE AMBULATORIAL E HOSPITALAR,EMENDA - INCREMENTO TEMPORÁRIO AO CUSTEIO DOS SERVIÇOS DE ASSISTÊNCIA HOSPITALAR E AMBULATORIAL,SP,SAO PAULO,355030,11904961,2025,13864377000130,FUNDO MUNICIPAL DE SAUDE - FMS,001,01897X,000000223530,MUNICIPAL,N,S,N,45891,300000,300000,4866.26,45991
2025,https://portalfns.saude.gov.br/wp-content/uploads/2026/01/REPASSE-FAF-COM-POPULACAO-2025.xlsx,https://portalfns.saude.gov.br/wp-content/uploads/2026/01/REPASSE-FAF-COM-POPULACAO-2025.xlsx,data/raw/sao_paulo/fns/repasses_faf_com_populacao/2025/REPASSE-FAF-COM-POPULACAO-2025.xlsx,Manutenção Das Ações E Serviços Públicos De Saúde,ATENÇÃO DE MÉDIA E ALTA COMPLEXIDADE AMBULATORIAL E HOSPITALAR,EMENDA - INCREMENTO TEMPORÁRIO AO CUSTEIO DOS SERVIÇOS DE ASSISTÊNCIA HOSPITALAR E AMBULATORIAL,SP,SAO PAULO,355030,11904961,2025,13864377000130,FUNDO MUNICIPAL DE SAUDE - FMS,001,01897X,000000223638,MUNICIPAL,N,S,N,45891,500000,500000,518991.33,45991
2025,https://portalfns.saude.gov.br/wp-content/uploads/2026/01/REPASSE-FAF-COM-POPULACAO-2025.xlsx,https://portalfns.saude.gov.br/wp-content/uploads/2026/01/REPASSE-FAF-COM-POPULACAO-2025.xlsx,data/raw/sao_paulo/fns/repasses_faf_com_populacao/2025/REPASSE-FAF-COM-POPULACAO-2025.xlsx,Manutenção Das Ações E Serviços Públicos De Saúde,ATENÇÃO DE MÉDIA E ALTA COMPLEXIDADE AMBULATORIAL E HOSPITALAR,EMENDA - INCREMENTO TEMPORÁRIO AO CUSTEIO DOS SERVIÇOS DE ASSISTÊNCIA HOSPITALAR E AMBULATORIAL,SP,SAO PAULO,355030,11904961,2025,13864377000130,FUNDO MUNICIPAL DE SAUDE - FMS,001,01897X,000000224731,MUNICIPAL,N,S,N,45891,200000,200000,205923.44,45991
2025,https://portalfns.saude.gov.br/wp-content/uploads/2026/01/REPASSE-FAF-COM-POPULACAO-2025.xlsx,https://portalfns.saude.gov.br/wp-content/uploads/2026/01/REPASSE-FAF-COM-POPULACAO-2025.xlsx,data/raw/sao_paulo/fns/repasses_faf_com_populacao/2025/REPASSE-FAF-COM-POPULACAO-2025.xlsx,Manutenção Das Ações E Serviços Públicos De Saúde,ATENÇÃO DE MÉDIA E ALTA COMPLEXIDADE AMBULATORIAL E HOSPITALAR,EMENDA - INCREMENTO TEMPORÁRIO AO CUSTEIO DOS SERVIÇOS DE ASSISTÊNCIA HOSPITALAR E AMBULATORIAL,SP,SAO PAULO,355030,11904961,2025,13864377000130,FUNDO MUNICIPAL DE SAUDE - FMS,001,01897X,000000224758,MUNICIPAL,N,S,N,45891,150000,150000,154442.57999999999,45991
2025,https://portalfns.saude.gov.br/wp-content/uploads/2026/01/REPASSE-FAF-COM-POPULACAO-2025.xlsx,https://portalfns.saude.gov.br/wp-content/uploads/2026/01/REPASSE-FAF-COM-POPULACAO-2025.xlsx,data/raw/sao_paulo/fns/repasses_faf_com_populacao/2025/REPASSE-FAF-COM-POPULACAO-2025.xlsx,Manutenção Das Ações E Serviços Públicos De Saúde,ATENÇÃO DE MÉDIA E ALTA COMPLEXIDADE AMBULATORIAL E HOSPITALAR,EMENDA - INCREMENTO TEMPORÁRIO AO CUSTEIO DOS SERVIÇOS DE ASSISTÊNCIA HOSPITALAR E AMBULATORIAL,SP,SAO PAULO,355030,11904961,2025,13864377000130,FUNDO MUNICIPAL DE SAUDE - FMS,001,01897X,000000224782,MUNICIPAL,N,S,N,45891,150000,150000,154442.57999999999,45991
2025,https://portalfns.saude.gov.br/wp-content/uploads/2026/01/REPASSE-FAF-COM-POPULACAO-2025.xlsx,https://portalfns.saude.gov.br/wp-content/uploads/2026/01/REPASSE-FAF-COM-POPULACAO-2025.xlsx,data/raw/sao_paulo/fns/repasses_faf_com_populacao/2025/REPASSE-FAF-COM-POPULACAO-2025.xlsx,Manutenção Das Ações E Serviços Públicos De Saúde,ATENÇÃO DE MÉDIA E ALTA COMPLEXIDADE AMBULATORIAL E HOSPITALAR,EMENDA - INCREMENTO TEMPORÁRIO AO CUSTEIO DOS SERVIÇOS DE ASSISTÊNCIA HOSPITALAR E AMBULATORIAL,SP,SAO PAULO,355030,11904961,2025,13864377000130,FUNDO MUNICIPAL DE SAUDE - FMS,001,01897X,000000224839,MUNICIPAL,N,S,N,45891,1000000,1000000,1029617.24,45991
2025,https://portalfns.saude.gov.br/wp-content/uploads/2026/01/REPASSE-FAF-COM-POPULACAO-2025.xlsx,https://portalfns.saude.gov.br/wp-content/uploads/2026/01/REPASSE-FAF-COM-POPULACAO-2025.xlsx,data/raw/sao_paulo/fns/repasses_faf_com_populacao/2025/REPASSE-FAF-COM-POPULACAO-2025.xlsx,Manutenção Das Ações E Serviços Públicos De Saúde,ATENÇÃO DE MÉDIA E ALTA COMPLEXIDADE AMBULATORIAL E HOSPITALAR,EMENDA - INCREMENTO TEMPORÁRIO AO CUSTEIO DOS SERVIÇOS DE ASSISTÊNCIA HOSPITALAR E AMBULATORIAL,SP,SAO PAULO,355030,11904961,2025,13864377000130,FUNDO MUNICIPAL DE SAUDE - FMS,001,01897X,000000224847,MUNICIPAL,N,S,N,45891,100000,100000,102961.72,45991
2025,https://portalfns.saude.gov.br/wp-content/uploads/2026/01/REPASSE-FAF-COM-POPULACAO-2025.xlsx,https://portalfns.saude.gov.br/wp-content/uploads/2026/01/REPASSE-FAF-COM-POPULACAO-2025.xlsx,data/raw/sao_paulo/fns/repasses_faf_com_populacao/2025/REPASSE-FAF-COM-POPULACAO-2025.xlsx,Manutenção Das Ações E Serviços Públicos De Saúde,ATENÇÃO DE MÉDIA E ALTA COMPLEXIDADE AMBULATORIAL E HOSPITALAR,EMENDA - INCREMENTO TEMPORÁRIO AO CUSTEIO DOS SERVIÇOS DE ASSISTÊNCIA HOSPITALAR E AMBULATORIAL,SP,SAO PAULO,355030,11904961,2025,13864377000130,FUNDO MUNICIPAL DE SAUDE - FMS,001,01897X,000000225037,MUNICIPAL,N,S,N,45891,500000,500000,514808.62,45991
2025,https://portalfns.saude.gov.br/wp-content/uploads/2026/01/REPASSE-FAF-COM-POPULACAO-2025.xlsx,https://portalfns.saude.gov.br/wp-content/uploads/2026/01/REPASSE-FAF-COM-POPULACAO-2025.xlsx,data/raw/sao_paulo/fns/repasses_faf_com_populacao/2025/REPASSE-FAF-COM-POPULACAO-2025.xlsx,Manutenção Das Ações E Serviços Públicos De Saúde,ATENÇÃO DE MÉDIA E ALTA COMPLEXIDADE AMBULATORIAL E HOSPITALAR,EMENDA - INCREMENTO TEMPORÁRIO AO CUSTEIO DOS SERVIÇOS DE ASSISTÊNCIA HOSPITALAR E AMBULATORIAL,SP,SAO PAULO,355030,11904961,2025,13864377000130,FUNDO MUNICIPAL DE SAUDE - FMS,001,01897X,000000226297,MUNICIPAL,N,S,N,45891,700000,700000,720732.06,45991
2025,https://portalfns.saude.gov.br/wp-content/uploads/2026/01/REPASSE-FAF-COM-POPULACAO-2025.xlsx,https://portalfns.saude.gov.br/wp-content/uploads/2026/01/REPASSE-FAF-COM-POPULACAO-2025.xlsx,data/raw/sao_paulo/fns/repasses_faf_com_populacao/2025/REPASSE-FAF-COM-POPULACAO-2025.xlsx,Manutenção Das Ações E Serviços Públicos De Saúde,ATENÇÃO DE MÉDIA E ALTA COMPLEXIDADE AMBULATORIAL E HOSPITALAR,EMENDA - INCREMENTO TEMPORÁRIO AO CUSTEIO DOS SERVIÇOS DE ASSISTÊNCIA HOSPITALAR E AMBULATORIAL,SP,SAO PAULO,355030,11904961,2025,13864377000130,FUNDO MUNICIPAL DE SAUDE - FMS,001,01897X,000000226300,MUNICIPAL,N,S,N,45891,100000,100000,102961.72,45991
2025,https://portalfns.saude.gov.br/wp-content/uploads/2026/01/REPASSE-FAF-COM-POPULACAO-2025.xlsx,https://portalfns.saude.gov.br/wp-content/uploads/2026/01/REPASSE-FAF-COM-POPULACAO-2025.xlsx,data/raw/sao_paulo/fns/repasses_faf_com_populacao/2025/REPASSE-FAF-COM-POPULACAO-2025.xlsx,Manutenção Das Ações E Serviços Públicos De Saúde,ATENÇÃO DE MÉDIA E ALTA COMPLEXIDADE AMBULATORIAL E HOSPITALAR,EMENDA - INCREMENTO TEMPORÁRIO AO CUSTEIO DOS SERVIÇOS DE ASSISTÊNCIA HOSPITALAR E AMBULATORIAL,SP,SAO PAULO,355030,11904961,2025,13864377000130,FUNDO MUNICIPAL DE SAUDE - FMS,001,01897X,000000226319,MUNICIPAL,N,S,N,45891,1000000,1000000,1029617.24,45991
2025,https://portalfns.saude.gov.br/wp-content/uploads/2026/01/REPASSE-FAF-COM-POPULACAO-2025.xlsx,https://portalfns.saude.gov.br/wp-content/uploads/2026/01/REPASSE-FAF-COM-POPULACAO-2025.xlsx,data/raw/sao_paulo/fns/repasses_faf_com_populacao/2025/REPASSE-FAF-COM-POPULACAO-2025.xlsx,Manutenção Das Ações E Serviços Públicos De Saúde,ATENÇÃO DE MÉDIA E ALTA COMPLEXIDADE AMBULATORIAL E HOSPITALAR,EMENDA - INCREMENTO TEMPORÁRIO AO CUSTEIO DOS SERVIÇOS DE ASSISTÊNCIA HOSPITALAR E AMBULATORIAL,SP,SAO PAULO,355030,11904961,2025,13864377000130,FUNDO MUNICIPAL DE SAUDE - FMS,001,01897X,000000226734,MUNICIPAL,N,S,N,45891,100000,100000,102961.72,45991
2025,https://portalfns.saude.gov.br/wp-content/uploads/2026/01/REPASSE-FAF-COM-POPULACAO-2025.xlsx,https://portalfns.saude.gov.br/wp-content/uploads/2026/01/REPASSE-FAF-COM-POPULACAO-2025.xlsx,data/raw/sao_paulo/fns/repasses_faf_com_populacao/2025/REPASSE-FAF-COM-POPULACAO-2025.xlsx,Manutenção Das Ações E Serviços Públicos De Saúde,ATENÇÃO DE MÉDIA E ALTA COMPLEXIDADE AMBULATORIAL E HOSPITALAR,EMENDA - INCREMENTO TEMPORÁRIO AO CUSTEIO DOS SERVIÇOS DE ASSISTÊNCIA HOSPITALAR E AMBULATORIAL,SP,SAO PAULO,355030,11904961,2025,13851748000140,FUNDO ESTADUAL DE SAUDE - FUNDES,001,01897X,00227005,ESTADUAL,S,S,N,45890,700000,700000,-,-
2025,https://portalfns.saude.gov.br/wp-content/uploads/2026/01/REPASSE-FAF-COM-POPULACAO-2025.xlsx,https://portalfns.saude.gov.br/wp-content/uploads/2026/01/REPASSE-FAF-COM-POPULACAO-2025.xlsx,data/raw/sao_paulo/fns/repasses_faf_com_populacao/2025/REPASSE-FAF-COM-POPULACAO-2025.xlsx,Manutenção Das Ações E Serviços Públicos De Saúde,ATENÇÃO DE MÉDIA E ALTA COMPLEXIDADE AMBULATORIAL E HOSPITALAR,EMENDA - INCREMENTO TEMPORÁRIO AO CUSTEIO DOS SERVIÇOS DE ASSISTÊNCIA HOSPITALAR E AMBULATORIAL,SP,SAO PAULO,355030,11904961,2025,13851748000140,FUNDO ESTADUAL DE SAUDE - FUNDES,001,01897X,00226939,ESTADUAL,S,S,N,45889,200000,200000,-,-
2025,https://portalfns.saude.gov.br/wp-content/uploads/2026/01/REPASSE-FAF-COM-POPULACAO-2025.xlsx,https://portalfns.saude.gov.br/wp-content/uploads/2026/01/REPASSE-FAF-COM-POPULACAO-2025.xlsx,data/raw/sao_paulo/fns/repasses_faf_com_populacao/2025/REPASSE-FAF-COM-POPULACAO-2025.xlsx,Manutenção Das Ações E Serviços Públicos De Saúde,ATENÇÃO DE MÉDIA E ALTA COMPLEXIDADE AMBULATORIAL E HOSPITALAR,EMENDA - INCREMENTO TEMPORÁRIO AO CUSTEIO DOS SERVIÇOS DE ASSISTÊNCIA HOSPITALAR E AMBULATORIAL,SP,SAO PAULO,355030,11904961,2025,13851748000140,FUNDO ESTADUAL DE SAUDE - FUNDES,001,01897X,00000022300X,ESTADUAL,S,S,N,45888,400000,400000,412377.33,45991
2025,https://portalfns.saude.gov.br/wp-content/uploads/2026/01/REPASSE-FAF-COM-POPULACAO-2025.xlsx,https://portalfns.saude.gov.br/wp-content/uploads/2026/01/REPASSE-FAF-COM-POPULACAO-2025.xlsx,data/raw/sao_paulo/fns/repasses_faf_com_populacao/2025/REPASSE-FAF-COM-POPULACAO-2025.xlsx,Manutenção Das Ações E Serviços Públicos De Saúde,ATENÇÃO DE MÉDIA E ALTA COMPLEXIDADE AMBULATORIAL E HOSPITALAR,EMENDA - INCREMENTO TEMPORÁRIO AO CUSTEIO DOS SERVIÇOS DE ASSISTÊNCIA HOSPITALAR E AMBULATORIAL,SP,SAO PAULO,355030,11904961,2025,13851748000140,FUNDO ESTADUAL DE SAUDE - FUNDES,001,01897X,00000022393X,ESTADUAL,S,S,N,45888,200000,200000,3747.54,45991
2025,https://portalfns.saude.gov.br/wp-content/uploads/2026/01/REPASSE-FAF-COM-POPULACAO-2025.xlsx,https://portalfns.saude.gov.br/wp-content/uploads/2026/01/REPASSE-FAF-COM-POPULACAO-2025.xlsx,data/raw/sao_paulo/fns/repasses_faf_com_populacao/2025/REPASSE-FAF-COM-POPULACAO-2025.xlsx,Manutenção Das Ações E Serviços Públicos De Saúde,ATENÇÃO DE MÉDIA E ALTA COMPLEXIDADE AMBULATORIAL E HOSPITALAR,EMENDA - INCREMENTO TEMPORÁRIO AO CUSTEIO DOS SERVIÇOS DE ASSISTÊNCIA HOSPITALAR E AMBULATORIAL,SP,SAO PAULO,355030,11904961,2025,13851748000140,FUNDO ESTADUAL DE SAUDE - FUNDES,001,01897X,00000022443X,ESTADUAL,S,S,N,45888,200000,200000,3747.54,45991
2025,https://portalfns.saude.gov.br/wp-content/uploads/2026/01/REPASSE-FAF-COM-POPULACAO-2025.xlsx,https://portalfns.saude.gov.br/wp-content/uploads/2026/01/REPASSE-FAF-COM-POPULACAO-2025.xlsx,data/raw/sao_paulo/fns/repasses_faf_com_populacao/2025/REPASSE-FAF-COM-POPULACAO-2025.xlsx,Manutenção Das Ações E Serviços Públicos De Saúde,ATENÇÃO DE MÉDIA E ALTA COMPLEXIDADE AMBULATORIAL E HOSPITALAR,EMENDA - INCREMENTO TEMPORÁRIO AO CUSTEIO DOS SERVIÇOS DE ASSISTÊNCIA HOSPITALAR E AMBULATORIAL,SP,SAO PAULO,355030,11904961,2025,13851748000140,FUNDO ESTADUAL DE SAUDE - FUNDES,001,01897X,00000022460X,ESTADUAL,S,S,N,45888,200000,200000,3747.54,45991
2025,https://portalfns.saude.gov.br/wp-content/uploads/2026/01/REPASSE-FAF-COM-POPULACAO-2025.xlsx,https://portalfns.saude.gov.br/wp-content/uploads/2026/01/REPASSE-FAF-COM-POPULACAO-2025.xlsx,data/raw/sao_paulo/fns/repasses_faf_com_populacao/2025/REPASSE-FAF-COM-POPULACAO-2025.xlsx,Manutenção Das Ações E Serviços Públicos De Saúde,ATENÇÃO DE MÉDIA E ALTA COMPLEXIDADE AMBULATORIAL E HOSPITALAR,EMENDA - INCREMENTO TEMPORÁRIO AO CUSTEIO DOS SERVIÇOS DE ASSISTÊNCIA HOSPITALAR E AMBULATORIAL,SP,SAO PAULO,355030,11904961,2025,13851748000140,FUNDO ESTADUAL DE SAUDE - FUNDES,001,01897X,000000222860,ESTADUAL,S,S,N,45888,300000,300000,4967.92,45991
2025,https://portalfns.saude.gov.br/wp-content/uploads/2026/01/REPASSE-FAF-COM-POPULACAO-2025.xlsx,https://portalfns.saude.gov.br/wp-content/uploads/2026/01/REPASSE-FAF-COM-POPULACAO-2025.xlsx,data/raw/sao_paulo/fns/repasses_faf_com_populacao/2025/REPASSE-FAF-COM-POPULACAO-2025.xlsx,Manutenção Das Ações E Serviços Públicos De Saúde,ATENÇÃO DE MÉDIA E ALTA COMPLEXIDADE AMBULATORIAL E HOSPITALAR,EMENDA - INCREMENTO TEMPORÁRIO AO CUSTEIO DOS SERVIÇOS DE ASSISTÊNCIA HOSPITALAR E AMBULATORIAL,SP,SAO PAULO,355030,11904961,2025,13851748000140,FUNDO ESTADUAL DE SAUDE - FUNDES,001,01897X,000000223018,ESTADUAL,S,S,N,45888,1600000,1600000,26495.58,45991
2025,https://portalfns.saude.gov.br/wp-content/uploads/2026/01/REPASSE-FAF-COM-POPULACAO-2025.xlsx,https://portalfns.saude.gov.br/wp-content/uploads/2026/01/REPASSE-FAF-COM-POPULACAO-2025.xlsx,data/raw/sao_paulo/fns/repasses_faf_com_populacao/2025/REPASSE-FAF-COM-POPULACAO-2025.xlsx,Manutenção Das Ações E Serviços Públicos De Saúde,ATENÇÃO DE MÉDIA E ALTA COMPLEXIDADE AMBULATORIAL E HOSPITALAR,EMENDA - INCREMENTO TEMPORÁRIO AO CUSTEIO DOS SERVIÇOS DE ASSISTÊNCIA HOSPITALAR E AMBULATORIAL,SP,SAO PAULO,355030,11904961,2025,13851748000140,FUNDO ESTADUAL DE SAUDE - FUNDES,001,01897X,000000223069,ESTADUAL,S,S,N,45888,6100000,6100000,101014.38,45991
2025,https://portalfns.saude.gov.br/wp-content/uploads/2026/01/REPASSE-FAF-COM-POPULACAO-2025.xlsx,https://portalfns.saude.gov.br/wp-content/uploads/2026/01/REPASSE-FAF-COM-POPULACAO-2025.xlsx,data/raw/sao_paulo/fns/repasses_faf_com_populacao/2025/REPASSE-FAF-COM-POPULACAO-2025.xlsx,Manutenção Das Ações E Serviços Públicos De Saúde,ATENÇÃO DE MÉDIA E ALTA COMPLEXIDADE AMBULATORIAL E HOSPITALAR,EMENDA - INCREMENTO TEMPORÁRIO AO CUSTEIO DOS SERVIÇOS DE ASSISTÊNCIA HOSPITALAR E AMBULATORIAL,SP,SAO PAULO,355030,11904961,2025,13851748000140,FUNDO ESTADUAL DE SAUDE - FUNDES,001,01897X,000000223093,ESTADUAL,S,S,N,45888,200000,200000,3311.95,45991
2025,https://portalfns.saude.gov.br/wp-content/uploads/2026/01/REPASSE-FAF-COM-POPULACAO-2025.xlsx,https://portalfns.saude.gov.br/wp-content/uploads/2026/01/REPASSE-FAF-COM-POPULACAO-2025.xlsx,data/raw/sao_paulo/fns/repasses_faf_com_populacao/2025/REPASSE-FAF-COM-POPULACAO-2025.xlsx,Manutenção Das Ações E Serviços Públicos De Saúde,ATENÇÃO DE MÉDIA E ALTA COMPLEXIDADE AMBULATORIAL E HOSPITALAR,EMENDA - INCREMENTO TEMPORÁRIO AO CUSTEIO DOS SERVIÇOS DE ASSISTÊNCIA HOSPITALAR E AMBULATORIAL,SP,SAO PAULO,355030,11904961,2025,13851748000140,FUNDO ESTADUAL DE SAUDE - FUNDES,001,01897X,000000223123,ESTADUAL,S,S,N,45888,500000,500000,8279.8700000000008,45991
2025,https://portalfns.saude.gov.br/wp-content/uploads/2026/01/REPASSE-FAF-COM-POPULACAO-2025.xlsx,https://portalfns.saude.gov.br/wp-content/uploads/2026/01/REPASSE-FAF-COM-POPULACAO-2025.xlsx,data/raw/sao_paulo/fns/repasses_faf_com_populacao/2025/REPASSE-FAF-COM-POPULACAO-2025.xlsx,Manutenção Das Ações E Serviços Públicos De Saúde,ATENÇÃO DE MÉDIA E ALTA COMPLEXIDADE AMBULATORIAL E HOSPITALAR,EMENDA - INCREMENTO TEMPORÁRIO AO CUSTEIO DOS SERVIÇOS DE ASSISTÊNCIA HOSPITALAR E AMBULATORIAL,SP,SAO PAULO,355030,11904961,2025,13851748000140,FUNDO ESTADUAL DE SAUDE - FUNDES,001,01897X,000000223174,ESTADUAL,S,S,N,45888,400000,400000,6623.89,45991
2025,https://portalfns.saude.gov.br/wp-content/uploads/2026/01/REPASSE-FAF-COM-POPULACAO-2025.xlsx,https://portalfns.saude.gov.br/wp-content/uploads/2026/01/REPASSE-FAF-COM-POPULACAO-2025.xlsx,data/raw/sao_paulo/fns/repasses_faf_com_populacao/2025/REPASSE-FAF-COM-POPULACAO-2025.xlsx,Manutenção Das Ações E Serviços Públicos De Saúde,ATENÇÃO DE MÉDIA E ALTA COMPLEXIDADE AMBULATORIAL E HOSPITALAR,EMENDA - INCREMENTO TEMPORÁRIO AO CUSTEIO DOS SERVIÇOS DE ASSISTÊNCIA HOSPITALAR E AMBULATORIAL,SP,SAO PAULO,355030,11904961,2025,13851748000140,FUNDO ESTADUAL DE SAUDE - FUNDES,001,01897X,000000223182,ESTADUAL,S,S,N,45888,1000000,1000000,16559.73,45991
2025,https://portalfns.saude.gov.br/wp-content/uploads/2026/01/REPASSE-FAF-COM-POPULACAO-2025.xlsx,https://portalfns.saude.gov.br/wp-content/uploads/2026/01/REPASSE-FAF-COM-POPULACAO-2025.xlsx,data/raw/sao_paulo/fns/repasses_faf_com_populacao/2025/REPASSE-FAF-COM-POPULACAO-2025.xlsx,Manutenção Das Ações E Serviços Públicos De Saúde,ATENÇÃO DE MÉDIA E ALTA COMPLEXIDADE AMBULATORIAL E HOSPITALAR,EMENDA - INCREMENTO TEMPORÁRIO AO CUSTEIO DOS SERVIÇOS DE ASSISTÊNCIA HOSPITALAR E AMBULATORIAL,SP,SAO PAULO,355030,11904961,2025,13851748000140,FUNDO ESTADUAL DE SAUDE - FUNDES,001,01897X,000000223689,ESTADUAL,S,S,N,45888,200000,200000,3311.95,45991
2025,https://portalfns.saude.gov.br/wp-content/uploads/2026/01/REPASSE-FAF-COM-POPULACAO-2025.xlsx,https://portalfns.saude.gov.br/wp-content/uploads/2026/01/REPASSE-FAF-COM-POPULACAO-2025.xlsx,data/raw/sao_paulo/fns/repasses_faf_com_populacao/2025/REPASSE-FAF-COM-POPULACAO-2025.xlsx,Manutenção Das Ações E Serviços Públicos De Saúde,ATENÇÃO DE MÉDIA E ALTA COMPLEXIDADE AMBULATORIAL E HOSPITALAR,EMENDA - INCREMENTO TEMPORÁRIO AO CUSTEIO DOS SERVIÇOS DE ASSISTÊNCIA HOSPITALAR E AMBULATORIAL,SP,SAO PAULO,355030,11904961,2025,13851748000140,FUNDO ESTADUAL DE SAUDE - FUNDES,001,01897X,000000223697,ESTADUAL,S,S,N,45888,400000,400000,6623.89,45991
2025,https://portalfns.saude.gov.br/wp-content/uploads/2026/01/REPASSE-FAF-COM-POPULACAO-2025.xlsx,https://portalfns.saude.gov.br/wp-content/uploads/2026/01/REPASSE-FAF-COM-POPULACAO-2025.xlsx,data/raw/sao_paulo/fns/repasses_faf_com_populacao/2025/REPASSE-FAF-COM-POPULACAO-2025.xlsx,Manutenção Das Ações E Serviços Públicos De Saúde,ATENÇÃO DE MÉDIA E ALTA COMPLEXIDADE AMBULATORIAL E HOSPITALAR,EMENDA - INCREMENTO TEMPORÁRIO AO CUSTEIO DOS SERVIÇOS DE ASSISTÊNCIA HOSPITALAR E AMBULATORIAL,SP,SAO PAULO,355030,11904961,2025,13851748000140,FUNDO ESTADUAL DE SAUDE - FUNDES,001,01897X,000000223905,ESTADUAL,S,S,N,45888,200000,200000,3311.95,45991
2025,https://portalfns.saude.gov.br/wp-content/uploads/2026/01/REPASSE-FAF-COM-POPULACAO-2025.xlsx,https://portalfns.saude.gov.br/wp-content/uploads/2026/01/REPASSE-FAF-COM-POPULACAO-2025.xlsx,data/raw/sao_paulo/fns/repasses_faf_com_populacao/2025/REPASSE-FAF-COM-POPULACAO-2025.xlsx,Manutenção Das Ações E Serviços Públicos De Saúde,ATENÇÃO DE MÉDIA E ALTA COMPLEXIDADE AMBULATORIAL E HOSPITALAR,EMENDA - INCREMENTO TEMPORÁRIO AO CUSTEIO DOS SERVIÇOS DE ASSISTÊNCIA HOSPITALAR E AMBULATORIAL,SP,SAO PAULO,355030,11904961,2025,13851748000140,FUNDO ESTADUAL DE SAUDE - FUNDES,001,01897X,000000223913,ESTADUAL,S,S,N,45888,200000,200000,3311.95,45991
2025,https://portalfns.saude.gov.br/wp-content/uploads/2026/01/REPASSE-FAF-COM-POPULACAO-2025.xlsx,https://portalfns.saude.gov.br/wp-content/uploads/2026/01/REPASSE-FAF-COM-POPULACAO-2025.xlsx,data/raw/sao_paulo/fns/repasses_faf_com_populacao/2025/REPASSE-FAF-COM-POPULACAO-2025.xlsx,Manutenção Das Ações E Serviços Públicos De Saúde,ATENÇÃO DE MÉDIA E ALTA COMPLEXIDADE AMBULATORIAL E HOSPITALAR,EMENDA - INCREMENTO TEMPORÁRIO AO CUSTEIO DOS SERVIÇOS DE ASSISTÊNCIA HOSPITALAR E AMBULATORIAL,SP,SAO PAULO,355030,11904961,2025,13851748000140,FUNDO ESTADUAL DE SAUDE - FUNDES,001,01897X,000000223964,ESTADUAL,S,S,N,45888,500000,500000,8279.8700000000008,45991
2025,https://portalfns.saude.gov.br/wp-content/uploads/2026/01/REPASSE-FAF-COM-POPULACAO-2025.xlsx,https://portalfns.saude.gov.br/wp-content/uploads/2026/01/REPASSE-FAF-COM-POPULACAO-2025.xlsx,data/raw/sao_paulo/fns/repasses_faf_com_populacao/2025/REPASSE-FAF-COM-POPULACAO-2025.xlsx,Manutenção Das Ações E Serviços Públicos De Saúde,ATENÇÃO DE MÉDIA E ALTA COMPLEXIDADE AMBULATORIAL E HOSPITALAR,EMENDA - INCREMENTO TEMPORÁRIO AO CUSTEIO DOS SERVIÇOS DE ASSISTÊNCIA HOSPITALAR E AMBULATORIAL,SP,SAO PAULO,355030,11904961,2025,13851748000140,FUNDO ESTADUAL DE SAUDE - FUNDES,001,01897X,000000224006,ESTADUAL,S,S,N,45888,200000,200000,3313.37,45991
2025,https://portalfns.saude.gov.br/wp-content/uploads/2026/01/REPASSE-FAF-COM-POPULACAO-2025.xlsx,https://portalfns.saude.gov.br/wp-content/uploads/2026/01/REPASSE-FAF-COM-POPULACAO-2025.xlsx,data/raw/sao_paulo/fns/repasses_faf_com_populacao/2025/REPASSE-FAF-COM-POPULACAO-2025.xlsx,Manutenção Das Ações E Serviços Públicos De Saúde,ATENÇÃO DE MÉDIA E ALTA COMPLEXIDADE AMBULATORIAL E HOSPITALAR,EMENDA - INCREMENTO TEMPORÁRIO AO CUSTEIO DOS SERVIÇOS DE ASSISTÊNCIA HOSPITALAR E AMBULATORIAL,SP,SAO PAULO,355030,11904961,2025,13851748000140,FUNDO ESTADUAL DE SAUDE - FUNDES,001,01897X,000000224014,ESTADUAL,S,S,N,45888,300000,300000,4970.05,45991
2025,https://portalfns.saude.gov.br/wp-content/uploads/2026/01/REPASSE-FAF-COM-POPULACAO-2025.xlsx,https://portalfns.saude.gov.br/wp-content/uploads/2026/01/REPASSE-FAF-COM-POPULACAO-2025.xlsx,data/raw/sao_paulo/fns/repasses_faf_com_populacao/2025/REPASSE-FAF-COM-POPULACAO-2025.xlsx,Manutenção Das Ações E Serviços Públicos De Saúde,ATENÇÃO DE MÉDIA E ALTA COMPLEXIDADE AMBULATORIAL E HOSPITALAR,EMENDA - INCREMENTO TEMPORÁRIO AO CUSTEIO DOS SERVIÇOS DE ASSISTÊNCIA HOSPITALAR E AMBULATORIAL,SP,SAO PAULO,355030,11904961,2025,13851748000140,FUNDO ESTADUAL DE SAUDE - FUNDES,001,01897X,000000224022,ESTADUAL,S,S,N,45888,300000,300000,4970.05,45991
2025,https://portalfns.saude.gov.br/wp-content/uploads/2026/01/REPASSE-FAF-COM-POPULACAO-2025.xlsx,https://portalfns.saude.gov.br/wp-content/uploads/2026/01/REPASSE-FAF-COM-POPULACAO-2025.xlsx,data/raw/sao_paulo/fns/repasses_faf_com_populacao/2025/REPASSE-FAF-COM-POPULACAO-2025.xlsx,Manutenção Das Ações E Serviços Públicos De Saúde,ATENÇÃO DE MÉDIA E ALTA COMPLEXIDADE AMBULATORIAL E HOSPITALAR,EMENDA - INCREMENTO TEMPORÁRIO AO CUSTEIO DOS SERVIÇOS DE ASSISTÊNCIA HOSPITALAR E AMBULATORIAL,SP,SAO PAULO,355030,11904961,2025,13851748000140,FUNDO ESTADUAL DE SAUDE - FUNDES,001,01897X,000000224030,ESTADUAL,S,S,N,45888,200000,200000,3313.37,45991
2025,https://portalfns.saude.gov.br/wp-content/uploads/2026/01/REPASSE-FAF-COM-POPULACAO-2025.xlsx,https://portalfns.saude.gov.br/wp-content/uploads/2026/01/REPASSE-FAF-COM-POPULACAO-2025.xlsx,data/raw/sao_paulo/fns/repasses_faf_com_populacao/2025/REPASSE-FAF-COM-POPULACAO-2025.xlsx,Manutenção Das Ações E Serviços Públicos De Saúde,ATENÇÃO DE MÉDIA E ALTA COMPLEXIDADE AMBULATORIAL E HOSPITALAR,EMENDA - INCREMENTO TEMPORÁRIO AO CUSTEIO DOS SERVIÇOS DE ASSISTÊNCIA HOSPITALAR E AMBULATORIAL,SP,SAO PAULO,355030,11904961,2025,13851748000140,FUNDO ESTADUAL DE SAUDE - FUNDES,001,01897X,000000224049,ESTADUAL,S,S,N,45888,150000,150000,2485.0300000000002,45991
2025,https://portalfns.saude.gov.br/wp-content/uploads/2026/01/REPASSE-FAF-COM-POPULACAO-2025.xlsx,https://portalfns.saude.gov.br/wp-content/uploads/2026/01/REPASSE-FAF-COM-POPULACAO-2025.xlsx,data/raw/sao_paulo/fns/repasses_faf_com_populacao/2025/REPASSE-FAF-COM-POPULACAO-2025.xlsx,Manutenção Das Ações E Serviços Públicos De Saúde,ATENÇÃO DE MÉDIA E ALTA COMPLEXIDADE AMBULATORIAL E HOSPITALAR,EMENDA - INCREMENTO TEMPORÁRIO AO CUSTEIO DOS SERVIÇOS DE ASSISTÊNCIA HOSPITALAR E AMBULATORIAL,SP,SAO PAULO,355030,11904961,2025,13851748000140,FUNDO ESTADUAL DE SAUDE - FUNDES,001,01897X,000000224111,ESTADUAL,S,S,N,45888,1000000,1000000,18729.669999999998,45991
2025,https://portalfns.saude.gov.br/wp-content/uploads/2026/01/REPASSE-FAF-COM-POPULACAO-2025.xlsx,https://portalfns.saude.gov.br/wp-content/uploads/2026/01/REPASSE-FAF-COM-POPULACAO-2025.xlsx,data/raw/sao_paulo/fns/repasses_faf_com_populacao/2025/REPASSE-FAF-COM-POPULACAO-2025.xlsx,Manutenção Das Ações E Serviços Públicos De Saúde,ATENÇÃO DE MÉDIA E ALTA COMPLEXIDADE AMBULATORIAL E HOSPITALAR,EMENDA - INCREMENTO TEMPORÁRIO AO CUSTEIO DOS SERVIÇOS DE ASSISTÊNCIA HOSPITALAR E AMBULATORIAL,SP,SAO PAULO,355030,11904961,2025,13851748000140,FUNDO ESTADUAL DE SAUDE - FUNDES,001,01897X,000000224200,ESTADUAL,S,S,N,45888,300000,300000,5618.9,45991
2025,https://portalfns.saude.gov.br/wp-content/uploads/2026/01/REPASSE-FAF-COM-POPULACAO-2025.xlsx,https://portalfns.saude.gov.br/wp-content/uploads/2026/01/REPASSE-FAF-COM-POPULACAO-2025.xlsx,data/raw/sao_paulo/fns/repasses_faf_com_populacao/2025/REPASSE-FAF-COM-POPULACAO-2025.xlsx,Manutenção Das Ações E Serviços Públicos De Saúde,ATENÇÃO DE MÉDIA E ALTA COMPLEXIDADE AMBULATORIAL E HOSPITALAR,EMENDA - INCREMENTO TEMPORÁRIO AO CUSTEIO DOS SERVIÇOS DE ASSISTÊNCIA HOSPITALAR E AMBULATORIAL,SP,SAO PAULO,355030,11904961,2025,13851748000140,FUNDO ESTADUAL DE SAUDE - FUNDES,001,01897X,000000224316,ESTADUAL,S,S,N,45888,200000,200000,3745.93,45991
2025,https://portalfns.saude.gov.br/wp-content/uploads/2026/01/REPASSE-FAF-COM-POPULACAO-2025.xlsx,https://portalfns.saude.gov.br/wp-content/uploads/2026/01/REPASSE-FAF-COM-POPULACAO-2025.xlsx,data/raw/sao_paulo/fns/repasses_faf_com_populacao/2025/REPASSE-FAF-COM-POPULACAO-2025.xlsx,Manutenção Das Ações E Serviços Públicos De Saúde,ATENÇÃO DE MÉDIA E ALTA COMPLEXIDADE AMBULATORIAL E HOSPITALAR,EMENDA - INCREMENTO TEMPORÁRIO AO CUSTEIO DOS SERVIÇOS DE ASSISTÊNCIA HOSPITALAR E AMBULATORIAL,SP,SAO PAULO,355030,11904961,2025,13851748000140,FUNDO ESTADUAL DE SAUDE - FUNDES,001,01897X,000000224413,ESTADUAL,S,S,N,45888,400000,400000,7491.87,45991
2025,https://portalfns.saude.gov.br/wp-content/uploads/2026/01/REPASSE-FAF-COM-POPULACAO-2025.xlsx,https://portalfns.saude.gov.br/wp-content/uploads/2026/01/REPASSE-FAF-COM-POPULACAO-2025.xlsx,data/raw/sao_paulo/fns/repasses_faf_com_populacao/2025/REPASSE-FAF-COM-POPULACAO-2025.xlsx,Manutenção Das Ações E Serviços Públicos De Saúde,ATENÇÃO DE MÉDIA E ALTA COMPLEXIDADE AMBULATORIAL E HOSPITALAR,EMENDA - INCREMENTO TEMPORÁRIO AO CUSTEIO DOS SERVIÇOS DE ASSISTÊNCIA HOSPITALAR E AMBULATORIAL,SP,SAO PAULO,355030,11904961,2025,13851748000140,FUNDO ESTADUAL DE SAUDE - FUNDES,001,01897X,000000224510,ESTADUAL,S,S,N,45888,200000,200000,3745.93,45991
2025,https://portalfns.saude.gov.br/wp-content/uploads/2026/01/REPASSE-FAF-COM-POPULACAO-2025.xlsx,https://portalfns.saude.gov.br/wp-content/uploads/2026/01/REPASSE-FAF-COM-POPULACAO-2025.xlsx,data/raw/sao_paulo/fns/repasses_faf_com_populacao/2025/REPASSE-FAF-COM-POPULACAO-2025.xlsx,Manutenção Das Ações E Serviços Públicos De Saúde,ATENÇÃO DE MÉDIA E ALTA COMPLEXIDADE AMBULATORIAL E HOSPITALAR,EMENDA - INCREMENTO TEMPORÁRIO AO CUSTEIO DOS SERVIÇOS DE ASSISTÊNCIA HOSPITALAR E AMBULATORIAL,SP,SAO PAULO,355030,11904961,2025,13851748000140,FUNDO ESTADUAL DE SAUDE - FUNDES,001,01897X,000000224618,ESTADUAL,S,S,N,45888,200000,200000,3745.93,45991
2025,https://portalfns.saude.gov.br/wp-content/uploads/2026/01/REPASSE-FAF-COM-POPULACAO-2025.xlsx,https://portalfns.saude.gov.br/wp-content/uploads/2026/01/REPASSE-FAF-COM-POPULACAO-2025.xlsx,data/raw/sao_paulo/fns/repasses_faf_com_populacao/2025/REPASSE-FAF-COM-POPULACAO-2025.xlsx,Manutenção Das Ações E Serviços Públicos De Saúde,ATENÇÃO DE MÉDIA E ALTA COMPLEXIDADE AMBULATORIAL E HOSPITALAR,EMENDA - INCREMENTO TEMPORÁRIO AO CUSTEIO DOS SERVIÇOS DE ASSISTÊNCIA HOSPITALAR E AMBULATORIAL,SP,SAO PAULO,355030,11904961,2025,13851748000140,FUNDO ESTADUAL DE SAUDE - FUNDES,001,01897X,000000224626,ESTADUAL,S,S,N,45888,200000,200000,3745.93,45991
2025,https://portalfns.saude.gov.br/wp-content/uploads/2026/01/REPASSE-FAF-COM-POPULACAO-2025.xlsx,https://portalfns.saude.gov.br/wp-content/uploads/2026/01/REPASSE-FAF-COM-POPULACAO-2025.xlsx,data/raw/sao_paulo/fns/repasses_faf_com_populacao/2025/REPASSE-FAF-COM-POPULACAO-2025.xlsx,Manutenção Das Ações E Serviços Públicos De Saúde,ATENÇÃO DE MÉDIA E ALTA COMPLEXIDADE AMBULATORIAL E HOSPITALAR,EMENDA - INCREMENTO TEMPORÁRIO AO CUSTEIO DOS SERVIÇOS DE ASSISTÊNCIA HOSPITALAR E AMBULATORIAL,SP,SAO PAULO,355030,11904961,2025,13851748000140,FUNDO ESTADUAL DE SAUDE - FUNDES,001,01897X,000000224944,ESTADUAL,S,S,N,45888,300000,300000,5618.9,45991
2025,https://portalfns.saude.gov.br/wp-content/uploads/2026/01/REPASSE-FAF-COM-POPULACAO-2025.xlsx,https://portalfns.saude.gov.br/wp-content/uploads/2026/01/REPASSE-FAF-COM-POPULACAO-2025.xlsx,data/raw/sao_paulo/fns/repasses_faf_com_populacao/2025/REPASSE-FAF-COM-POPULACAO-2025.xlsx,Manutenção Das Ações E Serviços Públicos De Saúde,ATENÇÃO DE MÉDIA E ALTA COMPLEXIDADE AMBULATORIAL E HOSPITALAR,EMENDA - INCREMENTO TEMPORÁRIO AO CUSTEIO DOS SERVIÇOS DE ASSISTÊNCIA HOSPITALAR E AMBULATORIAL,SP,SAO PAULO,355030,11904961,2025,13851748000140,FUNDO ESTADUAL DE SAUDE - FUNDES,001,01897X,000000225088,ESTADUAL,S,S,N,45888,200000,200000,3745.93,45991
2025,https://portalfns.saude.gov.br/wp-content/uploads/2026/01/REPASSE-FAF-COM-POPULACAO-2025.xlsx,https://portalfns.saude.gov.br/wp-content/uploads/2026/01/REPASSE-FAF-COM-POPULACAO-2025.xlsx,data/raw/sao_paulo/fns/repasses_faf_com_populacao/2025/REPASSE-FAF-COM-POPULACAO-2025.xlsx,Manutenção Das Ações E Serviços Públicos De Saúde,ATENÇÃO DE MÉDIA E ALTA COMPLEXIDADE AMBULATORIAL E HOSPITALAR,EMENDA - INCREMENTO TEMPORÁRIO AO CUSTEIO DOS SERVIÇOS DE ASSISTÊNCIA HOSPITALAR E AMBULATORIAL,SP,SAO PAULO,355030,11904961,2025,13851748000140,FUNDO ESTADUAL DE SAUDE - FUNDES,001,01897X,000000225118,ESTADUAL,S,S,N,45888,500000,500000,9364.83,45991
2025,https://portalfns.saude.gov.br/wp-content/uploads/2026/01/REPASSE-FAF-COM-POPULACAO-2025.xlsx,https://portalfns.saude.gov.br/wp-content/uploads/2026/01/REPASSE-FAF-COM-POPULACAO-2025.xlsx,data/raw/sao_paulo/fns/repasses_faf_com_populacao/2025/REPASSE-FAF-COM-POPULACAO-2025.xlsx,Manutenção Das Ações E Serviços Públicos De Saúde,ATENÇÃO DE MÉDIA E ALTA COMPLEXIDADE AMBULATORIAL E HOSPITALAR,EMENDA - INCREMENTO TEMPORÁRIO AO CUSTEIO DOS SERVIÇOS DE ASSISTÊNCIA HOSPITALAR E AMBULATORIAL,SP,SAO PAULO,355030,11904961,2025,13851748000140,FUNDO ESTADUAL DE SAUDE - FUNDES,001,01897X,000000225886,ESTADUAL,S,S,N,45888,1000000,1000000,18737.72,45991
2025,https://portalfns.saude.gov.br/wp-content/uploads/2026/01/REPASSE-FAF-COM-POPULACAO-2025.xlsx,https://portalfns.saude.gov.br/wp-content/uploads/2026/01/REPASSE-FAF-COM-POPULACAO-2025.xlsx,data/raw/sao_paulo/fns/repasses_faf_com_populacao/2025/REPASSE-FAF-COM-POPULACAO-2025.xlsx,Manutenção Das Ações E Serviços Públicos De Saúde,ATENÇÃO DE MÉDIA E ALTA COMPLEXIDADE AMBULATORIAL E HOSPITALAR,EMENDA - INCREMENTO TEMPORÁRIO AO CUSTEIO DOS SERVIÇOS DE ASSISTÊNCIA HOSPITALAR E AMBULATORIAL,SP,SAO PAULO,355030,11904961,2025,13851748000140,FUNDO ESTADUAL DE SAUDE - FUNDES,001,01897X,000000226017,ESTADUAL,S,S,N,45888,200000,200000,3747.54,45991
2025,https://portalfns.saude.gov.br/wp-content/uploads/2026/01/REPASSE-FAF-COM-POPULACAO-2025.xlsx,https://portalfns.saude.gov.br/wp-content/uploads/2026/01/REPASSE-FAF-COM-POPULACAO-2025.xlsx,data/raw/sao_paulo/fns/repasses_faf_com_populacao/2025/REPASSE-FAF-COM-POPULACAO-2025.xlsx,Manutenção Das Ações E Serviços Públicos De Saúde,ATENÇÃO DE MÉDIA E ALTA COMPLEXIDADE AMBULATORIAL E HOSPITALAR,EMENDA - INCREMENTO TEMPORÁRIO AO CUSTEIO DOS SERVIÇOS DE ASSISTÊNCIA HOSPITALAR E AMBULATORIAL,SP,SAO PAULO,355030,11904961,2025,13851748000140,FUNDO ESTADUAL DE SAUDE - FUNDES,001,01897X,000000226068,ESTADUAL,S,S,N,45888,100000,100000,1873.77,45991
2025,https://portalfns.saude.gov.br/wp-content/uploads/2026/01/REPASSE-FAF-COM-POPULACAO-2025.xlsx,https://portalfns.saude.gov.br/wp-content/uploads/2026/01/REPASSE-FAF-COM-POPULACAO-2025.xlsx,data/raw/sao_paulo/fns/repasses_faf_com_populacao/2025/REPASSE-FAF-COM-POPULACAO-2025.xlsx,Manutenção Das Ações E Serviços Públicos De Saúde,ATENÇÃO DE MÉDIA E ALTA COMPLEXIDADE AMBULATORIAL E HOSPITALAR,EMENDA - INCREMENTO TEMPORÁRIO AO CUSTEIO DOS SERVIÇOS DE ASSISTÊNCIA HOSPITALAR E AMBULATORIAL,SP,SAO PAULO,355030,11904961,2025,13851748000140,FUNDO ESTADUAL DE SAUDE - FUNDES,001,01897X,000000226254,ESTADUAL,S,S,N,45888,800000,800000,13259.17,45991
2025,https://portalfns.saude.gov.br/wp-content/uploads/2026/01/REPASSE-FAF-COM-POPULACAO-2025.xlsx,https://portalfns.saude.gov.br/wp-content/uploads/2026/01/REPASSE-FAF-COM-POPULACAO-2025.xlsx,data/raw/sao_paulo/fns/repasses_faf_com_populacao/2025/REPASSE-FAF-COM-POPULACAO-2025.xlsx,Manutenção Das Ações E Serviços Públicos De Saúde,ATENÇÃO DE MÉDIA E ALTA COMPLEXIDADE AMBULATORIAL E HOSPITALAR,EMENDA - INCREMENTO TEMPORÁRIO AO CUSTEIO DOS SERVIÇOS DE ASSISTÊNCIA HOSPITALAR E AMBULATORIAL,SP,SAO PAULO,355030,11904961,2025,13851748000140,FUNDO ESTADUAL DE SAUDE - FUNDES,001,01897X,000000226262,ESTADUAL,S,S,N,45888,50000,50000,828.7,45991
2025,https://portalfns.saude.gov.br/wp-content/uploads/2026/01/REPASSE-FAF-COM-POPULACAO-2025.xlsx,https://portalfns.saude.gov.br/wp-content/uploads/2026/01/REPASSE-FAF-COM-POPULACAO-2025.xlsx,data/raw/sao_paulo/fns/repasses_faf_com_populacao/2025/REPASSE-FAF-COM-POPULACAO-2025.xlsx,Manutenção Das Ações E Serviços Públicos De Saúde,ATENÇÃO DE MÉDIA E ALTA COMPLEXIDADE AMBULATORIAL E HOSPITALAR,EMENDA - INCREMENTO TEMPORÁRIO AO CUSTEIO DOS SERVIÇOS DE ASSISTÊNCIA HOSPITALAR E AMBULATORIAL,SP,SAO PAULO,355030,11904961,2025,13851748000140,FUNDO ESTADUAL DE SAUDE - FUNDES,001,01897X,000000226513,ESTADUAL,S,S,N,45888,300000,300000,4972.1899999999996,45991
2025,https://portalfns.saude.gov.br/wp-content/uploads/2026/01/REPASSE-FAF-COM-POPULACAO-2025.xlsx,https://portalfns.saude.gov.br/wp-content/uploads/2026/01/REPASSE-FAF-COM-POPULACAO-2025.xlsx,data/raw/sao_paulo/fns/repasses_faf_com_populacao/2025/REPASSE-FAF-COM-POPULACAO-2025.xlsx,Manutenção Das Ações E Serviços Públicos De Saúde,ATENÇÃO DE MÉDIA E ALTA COMPLEXIDADE AMBULATORIAL E HOSPITALAR,EMENDA - INCREMENTO TEMPORÁRIO AO CUSTEIO DOS SERVIÇOS DE ASSISTÊNCIA HOSPITALAR E AMBULATORIAL,SP,SAO PAULO,355030,11904961,2025,13851748000140,FUNDO ESTADUAL DE SAUDE - FUNDES,001,01897X,000000226653,ESTADUAL,S,S,N,45888,1500000,1500000,28106.58,45991
2025,https://portalfns.saude.gov.br/wp-content/uploads/2026/01/REPASSE-FAF-COM-POPULACAO-2025.xlsx,https://portalfns.saude.gov.br/wp-content/uploads/2026/01/REPASSE-FAF-COM-POPULACAO-2025.xlsx,data/raw/sao_paulo/fns/repasses_faf_com_populacao/2025/REPASSE-FAF-COM-POPULACAO-2025.xlsx,Manutenção Das Ações E Serviços Públicos De Saúde,ATENÇÃO PRIMÁRIA,EMENDA - INCREMENTO TEMPORÁRIO AO CUSTEIO DOS SERVIÇOS DE ATENÇÃO PRIMÁRIA EM SAÚDE,SP,SAO PAULO,355030,11904961,2025,13864377000130,FUNDO MUNICIPAL DE SAUDE - FMS,001,01897X,000000222666,MUNICIPAL,N,S,N,45888,800000,800000,824754.67,45991
2025,https://portalfns.saude.gov.br/wp-content/uploads/2026/01/REPASSE-FAF-COM-POPULACAO-2025.xlsx,https://portalfns.saude.gov.br/wp-content/uploads/2026/01/REPASSE-FAF-COM-POPULACAO-2025.xlsx,data/raw/sao_paulo/fns/repasses_faf_com_populacao/2025/REPASSE-FAF-COM-POPULACAO-2025.xlsx,Manutenção Das Ações E Serviços Públicos De Saúde,ATENÇÃO PRIMÁRIA,EMENDA - INCREMENTO TEMPORÁRIO AO CUSTEIO DOS SERVIÇOS DE ATENÇÃO PRIMÁRIA EM SAÚDE,SP,SAO PAULO,355030,11904961,2025,13864377000130,FUNDO MUNICIPAL DE SAUDE - FMS,001,01897X,000000222674,MUNICIPAL,N,S,N,45888,3000000,3000000,3092830.02,45991
2025,https://portalfns.saude.gov.br/wp-content/uploads/2026/01/REPASSE-FAF-COM-POPULACAO-2025.xlsx,https://portalfns.saude.gov.br/wp-content/uploads/2026/01/REPASSE-FAF-COM-POPULACAO-2025.xlsx,data/raw/sao_paulo/fns/repasses_faf_com_populacao/2025/REPASSE-FAF-COM-POPULACAO-2025.xlsx,Manutenção Das Ações E Serviços Públicos De Saúde,ATENÇÃO PRIMÁRIA,EMENDA - INCREMENTO TEMPORÁRIO AO CUSTEIO DOS SERVIÇOS DE ATENÇÃO PRIMÁRIA EM SAÚDE,SP,SAO PAULO,355030,11904961,2025,13864377000130,FUNDO MUNICIPAL DE SAUDE - FMS,001,01897X,000000224812,MUNICIPAL,N,S,N,45888,100000,100000,103094.33,45991
2025,https://portalfns.saude.gov.br/wp-content/uploads/2026/01/REPASSE-FAF-COM-POPULACAO-2025.xlsx,https://portalfns.saude.gov.br/wp-content/uploads/2026/01/REPASSE-FAF-COM-POPULACAO-2025.xlsx,data/raw/sao_paulo/fns/repasses_faf_com_populacao/2025/REPASSE-FAF-COM-POPULACAO-2025.xlsx,Manutenção Das Ações E Serviços Públicos De Saúde,ATENÇÃO DE MÉDIA E ALTA COMPLEXIDADE AMBULATORIAL E HOSPITALAR,EMENDA - INCREMENTO TEMPORÁRIO AO CUSTEIO DOS SERVIÇOS DE ASSISTÊNCIA HOSPITALAR E AMBULATORIAL,SP,SAO PAULO,355030,11904961,2025,13851748000140,FUNDO ESTADUAL DE SAUDE - FUNDES,001,01897X,00000022278X,ESTADUAL,S,S,N,45887,2000000,2000000,27960.04,45991
2025,https://portalfns.saude.gov.br/wp-content/uploads/2026/01/REPASSE-FAF-COM-POPULACAO-2025.xlsx,https://portalfns.saude.gov.br/wp-content/uploads/2026/01/REPASSE-FAF-COM-POPULACAO-2025.xlsx,data/raw/sao_paulo/fns/repasses_faf_com_populacao/2025/REPASSE-FAF-COM-POPULACAO-2025.xlsx,Manutenção Das Ações E Serviços Públicos De Saúde,ATENÇÃO DE MÉDIA E ALTA COMPLEXIDADE AMBULATORIAL E HOSPITALAR,EMENDA - INCREMENTO TEMPORÁRIO AO CUSTEIO DOS SERVIÇOS DE ASSISTÊNCIA HOSPITALAR E AMBULATORIAL,SP,SAO PAULO,355030,11904961,2025,13851748000140,FUNDO ESTADUAL DE SAUDE - FUNDES,001,01897X,00000022572X,ESTADUAL,S,S,N,45887,350000,350000,5043.83,45991
2025,https://portalfns.saude.gov.br/wp-content/uploads/2026/01/REPASSE-FAF-COM-POPULACAO-2025.xlsx,https://portalfns.saude.gov.br/wp-content/uploads/2026/01/REPASSE-FAF-COM-POPULACAO-2025.xlsx,data/raw/sao_paulo/fns/repasses_faf_com_populacao/2025/REPASSE-FAF-COM-POPULACAO-2025.xlsx,Manutenção Das Ações E Serviços Públicos De Saúde,ATENÇÃO DE MÉDIA E ALTA COMPLEXIDADE AMBULATORIAL E HOSPITALAR,EMENDA - INCREMENTO TEMPORÁRIO AO CUSTEIO DOS SERVIÇOS DE ASSISTÊNCIA HOSPITALAR E AMBULATORIAL,SP,SAO PAULO,355030,11904961,2025,13851748000140,FUNDO ESTADUAL DE SAUDE - FUNDES,001,01897X,000000222739,ESTADUAL,S,S,N,45887,1000000,1000000,13968.02,45991
2025,https://portalfns.saude.gov.br/wp-content/uploads/2026/01/REPASSE-FAF-COM-POPULACAO-2025.xlsx,https://portalfns.saude.gov.br/wp-content/uploads/2026/01/REPASSE-FAF-COM-POPULACAO-2025.xlsx,data/raw/sao_paulo/fns/repasses_faf_com_populacao/2025/REPASSE-FAF-COM-POPULACAO-2025.xlsx,Manutenção Das Ações E Serviços Públicos De Saúde,ATENÇÃO DE MÉDIA E ALTA COMPLEXIDADE AMBULATORIAL E HOSPITALAR,EMENDA - INCREMENTO TEMPORÁRIO AO CUSTEIO DOS SERVIÇOS DE ASSISTÊNCIA HOSPITALAR E AMBULATORIAL,SP,SAO PAULO,355030,11904961,2025,13851748000140,FUNDO ESTADUAL DE SAUDE - FUNDES,001,01897X,000000222798,ESTADUAL,S,S,N,45887,300000,300000,4190.41,45991
2025,https://portalfns.saude.gov.br/wp-content/uploads/2026/01/REPASSE-FAF-COM-POPULACAO-2025.xlsx,https://portalfns.saude.gov.br/wp-content/uploads/2026/01/REPASSE-FAF-COM-POPULACAO-2025.xlsx,data/raw/sao_paulo/fns/repasses_faf_com_populacao/2025/REPASSE-FAF-COM-POPULACAO-2025.xlsx,Manutenção Das Ações E Serviços Públicos De Saúde,ATENÇÃO DE MÉDIA E ALTA COMPLEXIDADE AMBULATORIAL E HOSPITALAR,EMENDA - INCREMENTO TEMPORÁRIO AO CUSTEIO DOS SERVIÇOS DE ASSISTÊNCIA HOSPITALAR E AMBULATORIAL,SP,SAO PAULO,355030,11904961,2025,13851748000140,FUNDO ESTADUAL DE SAUDE - FUNDES,001,01897X,000000222844,ESTADUAL,S,S,N,45887,400000,400000,6799.45,45991
2025,https://portalfns.saude.gov.br/wp-content/uploads/2026/01/REPASSE-FAF-COM-POPULACAO-2025.xlsx,https://portalfns.saude.gov.br/wp-content/uploads/2026/01/REPASSE-FAF-COM-POPULACAO-2025.xlsx,data/raw/sao_paulo/fns/repasses_faf_com_populacao/2025/REPASSE-FAF-COM-POPULACAO-2025.xlsx,Manutenção Das Ações E Serviços Públicos De Saúde,ATENÇÃO DE MÉDIA E ALTA COMPLEXIDADE AMBULATORIAL E HOSPITALAR,EMENDA - INCREMENTO TEMPORÁRIO AO CUSTEIO DOS SERVIÇOS DE ASSISTÊNCIA HOSPITALAR E AMBULATORIAL,SP,SAO PAULO,355030,11904961,2025,13851748000140,FUNDO ESTADUAL DE SAUDE - FUNDES,001,01897X,000000222976,ESTADUAL,S,S,N,45887,300000,300000,4190.41,45991
2025,https://portalfns.saude.gov.br/wp-content/uploads/2026/01/REPASSE-FAF-COM-POPULACAO-2025.xlsx,https://portalfns.saude.gov.br/wp-content/uploads/2026/01/REPASSE-FAF-COM-POPULACAO-2025.xlsx,data/raw/sao_paulo/fns/repasses_faf_com_populacao/2025/REPASSE-FAF-COM-POPULACAO-2025.xlsx,Manutenção Das Ações E Serviços Públicos De Saúde,ATENÇÃO DE MÉDIA E ALTA COMPLEXIDADE AMBULATORIAL E HOSPITALAR,EMENDA - INCREMENTO TEMPORÁRIO AO CUSTEIO DOS SERVIÇOS DE ASSISTÊNCIA HOSPITALAR E AMBULATORIAL,SP,SAO PAULO,355030,11904961,2025,13851748000140,FUNDO ESTADUAL DE SAUDE - FUNDES,001,01897X,000000223050,ESTADUAL,S,S,N,45887,5000000,5000000,69840.11,45991
2025,https://portalfns.saude.gov.br/wp-content/uploads/2026/01/REPASSE-FAF-COM-POPULACAO-2025.xlsx,https://portalfns.saude.gov.br/wp-content/uploads/2026/01/REPASSE-FAF-COM-POPULACAO-2025.xlsx,data/raw/sao_paulo/fns/repasses_faf_com_populacao/2025/REPASSE-FAF-COM-POPULACAO-2025.xlsx,Manutenção Das Ações E Serviços Públicos De Saúde,ATENÇÃO DE MÉDIA E ALTA COMPLEXIDADE AMBULATORIAL E HOSPITALAR,EMENDA - INCREMENTO TEMPORÁRIO AO CUSTEIO DOS SERVIÇOS DE ASSISTÊNCIA HOSPITALAR E AMBULATORIAL,SP,SAO PAULO,355030,11904961,2025,13851748000140,FUNDO ESTADUAL DE SAUDE - FUNDES,001,01897X,000000223077,ESTADUAL,S,S,N,45887,300000,300000,4190.41,45991
2025,https://portalfns.saude.gov.br/wp-content/uploads/2026/01/REPASSE-FAF-COM-POPULACAO-2025.xlsx,https://portalfns.saude.gov.br/wp-content/uploads/2026/01/REPASSE-FAF-COM-POPULACAO-2025.xlsx,data/raw/sao_paulo/fns/repasses_faf_com_populacao/2025/REPASSE-FAF-COM-POPULACAO-2025.xlsx,Manutenção Das Ações E Serviços Públicos De Saúde,ATENÇÃO DE MÉDIA E ALTA COMPLEXIDADE AMBULATORIAL E HOSPITALAR,EMENDA - INCREMENTO TEMPORÁRIO AO CUSTEIO DOS SERVIÇOS DE ASSISTÊNCIA HOSPITALAR E AMBULATORIAL,SP,SAO PAULO,355030,11904961,2025,13851748000140,FUNDO ESTADUAL DE SAUDE - FUNDES,001,01897X,000000223158,ESTADUAL,S,S,N,45887,400000,400000,6799.45,45991
2025,https://portalfns.saude.gov.br/wp-content/uploads/2026/01/REPASSE-FAF-COM-POPULACAO-2025.xlsx,https://portalfns.saude.gov.br/wp-content/uploads/2026/01/REPASSE-FAF-COM-POPULACAO-2025.xlsx,data/raw/sao_paulo/fns/repasses_faf_com_populacao/2025/REPASSE-FAF-COM-POPULACAO-2025.xlsx,Manutenção Das Ações E Serviços Públicos De Saúde,ATENÇÃO DE MÉDIA E ALTA COMPLEXIDADE AMBULATORIAL E HOSPITALAR,EMENDA - INCREMENTO TEMPORÁRIO AO CUSTEIO DOS SERVIÇOS DE ASSISTÊNCIA HOSPITALAR E AMBULATORIAL,SP,SAO PAULO,355030,11904961,2025,13851748000140,FUNDO ESTADUAL DE SAUDE - FUNDES,001,01897X,000000223166,ESTADUAL,S,S,N,45887,400000,400000,6799.45,45991
2025,https://portalfns.saude.gov.br/wp-content/uploads/2026/01/REPASSE-FAF-COM-POPULACAO-2025.xlsx,https://portalfns.saude.gov.br/wp-content/uploads/2026/01/REPASSE-FAF-COM-POPULACAO-2025.xlsx,data/raw/sao_paulo/fns/repasses_faf_com_populacao/2025/REPASSE-FAF-COM-POPULACAO-2025.xlsx,Manutenção Das Ações E Serviços Públicos De Saúde,ATENÇÃO DE MÉDIA E ALTA COMPLEXIDADE AMBULATORIAL E HOSPITALAR,EMENDA - INCREMENTO TEMPORÁRIO AO CUSTEIO DOS SERVIÇOS DE ASSISTÊNCIA HOSPITALAR E AMBULATORIAL,SP,SAO PAULO,355030,11904961,2025,13851748000140,FUNDO ESTADUAL DE SAUDE - FUNDES,001,01897X,000000223867,ESTADUAL,S,S,N,45887,450000,450000,6285.61,45991
2025,https://portalfns.saude.gov.br/wp-content/uploads/2026/01/REPASSE-FAF-COM-POPULACAO-2025.xlsx,https://portalfns.saude.gov.br/wp-content/uploads/2026/01/REPASSE-FAF-COM-POPULACAO-2025.xlsx,data/raw/sao_paulo/fns/repasses_faf_com_populacao/2025/REPASSE-FAF-COM-POPULACAO-2025.xlsx,Manutenção Das Ações E Serviços Públicos De Saúde,ATENÇÃO DE MÉDIA E ALTA COMPLEXIDADE AMBULATORIAL E HOSPITALAR,EMENDA - INCREMENTO TEMPORÁRIO AO CUSTEIO DOS SERVIÇOS DE ASSISTÊNCIA HOSPITALAR E AMBULATORIAL,SP,SAO PAULO,355030,11904961,2025,13851748000140,FUNDO ESTADUAL DE SAUDE - FUNDES,001,01897X,000000223883,ESTADUAL,S,S,N,45887,150000,150000,2095.1999999999998,45991
2025,https://portalfns.saude.gov.br/wp-content/uploads/2026/01/REPASSE-FAF-COM-POPULACAO-2025.xlsx,https://portalfns.saude.gov.br/wp-content/uploads/2026/01/REPASSE-FAF-COM-POPULACAO-2025.xlsx,data/raw/sao_paulo/fns/repasses_faf_com_populacao/2025/REPASSE-FAF-COM-POPULACAO-2025.xlsx,Manutenção Das Ações E Serviços Públicos De Saúde,ATENÇÃO DE MÉDIA E ALTA COMPLEXIDADE AMBULATORIAL E HOSPITALAR,EMENDA - INCREMENTO TEMPORÁRIO AO CUSTEIO DOS SERVIÇOS DE ASSISTÊNCIA HOSPITALAR E AMBULATORIAL,SP,SAO PAULO,355030,11904961,2025,13851748000140,FUNDO ESTADUAL DE SAUDE - FUNDES,001,01897X,000000223891,ESTADUAL,S,S,N,45887,350000,350000,4888.8100000000004,45991
2025,https://portalfns.saude.gov.br/wp-content/uploads/2026/01/REPASSE-FAF-COM-POPULACAO-2025.xlsx,https://portalfns.saude.gov.br/wp-content/uploads/2026/01/REPASSE-FAF-COM-POPULACAO-2025.xlsx,data/raw/sao_paulo/fns/repasses_faf_com_populacao/2025/REPASSE-FAF-COM-POPULACAO-2025.xlsx,Manutenção Das Ações E Serviços Públicos De Saúde,ATENÇÃO DE MÉDIA E ALTA COMPLEXIDADE AMBULATORIAL E HOSPITALAR,EMENDA - INCREMENTO TEMPORÁRIO AO CUSTEIO DOS SERVIÇOS DE ASSISTÊNCIA HOSPITALAR E AMBULATORIAL,SP,SAO PAULO,355030,11904961,2025,13851748000140,FUNDO ESTADUAL DE SAUDE - FUNDES,001,01897X,000000223999,ESTADUAL,S,S,N,45887,1000000,1000000,13974.01,45991
2025,https://portalfns.saude.gov.br/wp-content/uploads/2026/01/REPASSE-FAF-COM-POPULACAO-2025.xlsx,https://portalfns.saude.gov.br/wp-content/uploads/2026/01/REPASSE-FAF-COM-POPULACAO-2025.xlsx,data/raw/sao_paulo/fns/repasses_faf_com_populacao/2025/REPASSE-FAF-COM-POPULACAO-2025.xlsx,Manutenção Das Ações E Serviços Públicos De Saúde,ATENÇÃO DE MÉDIA E ALTA COMPLEXIDADE AMBULATORIAL E HOSPITALAR,EMENDA - INCREMENTO TEMPORÁRIO AO CUSTEIO DOS SERVIÇOS DE ASSISTÊNCIA HOSPITALAR E AMBULATORIAL,SP,SAO PAULO,355030,11904961,2025,13851748000140,FUNDO ESTADUAL DE SAUDE - FUNDES,001,01897X,000000224081,ESTADUAL,S,S,N,45887,700000,700000,9781.81,45991
2025,https://portalfns.saude.gov.br/wp-content/uploads/2026/01/REPASSE-FAF-COM-POPULACAO-2025.xlsx,https://portalfns.saude.gov.br/wp-content/uploads/2026/01/REPASSE-FAF-COM-POPULACAO-2025.xlsx,data/raw/sao_paulo/fns/repasses_faf_com_populacao/2025/REPASSE-FAF-COM-POPULACAO-2025.xlsx,Manutenção Das Ações E Serviços Públicos De Saúde,ATENÇÃO DE MÉDIA E ALTA COMPLEXIDADE AMBULATORIAL E HOSPITALAR,EMENDA - INCREMENTO TEMPORÁRIO AO CUSTEIO DOS SERVIÇOS DE ASSISTÊNCIA HOSPITALAR E AMBULATORIAL,SP,SAO PAULO,355030,11904961,2025,13851748000140,FUNDO ESTADUAL DE SAUDE - FUNDES,001,01897X,000000224472,ESTADUAL,S,S,N,45887,300000,300000,4321.43,45991
2025,https://portalfns.saude.gov.br/wp-content/uploads/2026/01/REPASSE-FAF-COM-POPULACAO-2025.xlsx,https://portalfns.saude.gov.br/wp-content/uploads/2026/01/REPASSE-FAF-COM-POPULACAO-2025.xlsx,data/raw/sao_paulo/fns/repasses_faf_com_populacao/2025/REPASSE-FAF-COM-POPULACAO-2025.xlsx,Manutenção Das Ações E Serviços Públicos De Saúde,ATENÇÃO DE MÉDIA E ALTA COMPLEXIDADE AMBULATORIAL E HOSPITALAR,EMENDA - INCREMENTO TEMPORÁRIO AO CUSTEIO DOS SERVIÇOS DE ASSISTÊNCIA HOSPITALAR E AMBULATORIAL,SP,SAO PAULO,355030,11904961,2025,13851748000140,FUNDO ESTADUAL DE SAUDE - FUNDES,001,01897X,000000224537,ESTADUAL,S,S,N,45887,250000,250000,3601.19,45991
2025,https://portalfns.saude.gov.br/wp-content/uploads/2026/01/REPASSE-FAF-COM-POPULACAO-2025.xlsx,https://portalfns.saude.gov.br/wp-content/uploads/2026/01/REPASSE-FAF-COM-POPULACAO-2025.xlsx,data/raw/sao_paulo/fns/repasses_faf_com_populacao/2025/REPASSE-FAF-COM-POPULACAO-2025.xlsx,Manutenção Das Ações E Serviços Públicos De Saúde,ATENÇÃO DE MÉDIA E ALTA COMPLEXIDADE AMBULATORIAL E HOSPITALAR,EMENDA - INCREMENTO TEMPORÁRIO AO CUSTEIO DOS SERVIÇOS DE ASSISTÊNCIA HOSPITALAR E AMBULATORIAL,SP,SAO PAULO,355030,11904961,2025,13851748000140,FUNDO ESTADUAL DE SAUDE - FUNDES,001,01897X,000000224588,ESTADUAL,S,S,N,45887,200000,200000,2880.95,45991
2025,https://portalfns.saude.gov.br/wp-content/uploads/2026/01/REPASSE-FAF-COM-POPULACAO-2025.xlsx,https://portalfns.saude.gov.br/wp-content/uploads/2026/01/REPASSE-FAF-COM-POPULACAO-2025.xlsx,data/raw/sao_paulo/fns/repasses_faf_com_populacao/2025/REPASSE-FAF-COM-POPULACAO-2025.xlsx,Manutenção Das Ações E Serviços Públicos De Saúde,ATENÇÃO DE MÉDIA E ALTA COMPLEXIDADE AMBULATORIAL E HOSPITALAR,EMENDA - INCREMENTO TEMPORÁRIO AO CUSTEIO DOS SERVIÇOS DE ASSISTÊNCIA HOSPITALAR E AMBULATORIAL,SP,SAO PAULO,355030,11904961,2025,13851748000140,FUNDO ESTADUAL DE SAUDE - FUNDES,001,01897X,000000224979,ESTADUAL,S,S,N,45887,1000000,1000000,14404.75,45991
2025,https://portalfns.saude.gov.br/wp-content/uploads/2026/01/REPASSE-FAF-COM-POPULACAO-2025.xlsx,https://portalfns.saude.gov.br/wp-content/uploads/2026/01/REPASSE-FAF-COM-POPULACAO-2025.xlsx,data/raw/sao_paulo/fns/repasses_faf_com_populacao/2025/REPASSE-FAF-COM-POPULACAO-2025.xlsx,Manutenção Das Ações E Serviços Públicos De Saúde,ATENÇÃO DE MÉDIA E ALTA COMPLEXIDADE AMBULATORIAL E HOSPITALAR,EMENDA - INCREMENTO TEMPORÁRIO AO CUSTEIO DOS SERVIÇOS DE ASSISTÊNCIA HOSPITALAR E AMBULATORIAL,SP,SAO PAULO,355030,11904961,2025,13851748000140,FUNDO ESTADUAL DE SAUDE - FUNDES,001,01897X,000000225045,ESTADUAL,S,S,N,45887,500000,500000,7202.38,45991
2025,https://portalfns.saude.gov.br/wp-content/uploads/2026/01/REPASSE-FAF-COM-POPULACAO-2025.xlsx,https://portalfns.saude.gov.br/wp-content/uploads/2026/01/REPASSE-FAF-COM-POPULACAO-2025.xlsx,data/raw/sao_paulo/fns/repasses_faf_com_populacao/2025/REPASSE-FAF-COM-POPULACAO-2025.xlsx,Manutenção Das Ações E Serviços Públicos De Saúde,ATENÇÃO DE MÉDIA E ALTA COMPLEXIDADE AMBULATORIAL E HOSPITALAR,EMENDA - INCREMENTO TEMPORÁRIO AO CUSTEIO DOS SERVIÇOS DE ASSISTÊNCIA HOSPITALAR E AMBULATORIAL,SP,SAO PAULO,355030,11904961,2025,13851748000140,FUNDO ESTADUAL DE SAUDE - FUNDES,001,01897X,000000225096,ESTADUAL,S,S,N,45887,500000,500000,7202.38,45991
2025,https://portalfns.saude.gov.br/wp-content/uploads/2026/01/REPASSE-FAF-COM-POPULACAO-2025.xlsx,https://portalfns.saude.gov.br/wp-content/uploads/2026/01/REPASSE-FAF-COM-POPULACAO-2025.xlsx,data/raw/sao_paulo/fns/repasses_faf_com_populacao/2025/REPASSE-FAF-COM-POPULACAO-2025.xlsx,Manutenção Das Ações E Serviços Públicos De Saúde,ATENÇÃO DE MÉDIA E ALTA COMPLEXIDADE AMBULATORIAL E HOSPITALAR,EMENDA - INCREMENTO TEMPORÁRIO AO CUSTEIO DOS SERVIÇOS DE ASSISTÊNCIA HOSPITALAR E AMBULATORIAL,SP,SAO PAULO,355030,11904961,2025,13851748000140,FUNDO ESTADUAL DE SAUDE - FUNDES,001,01897X,000000225134,ESTADUAL,S,S,N,45887,800000,800000,11528.75,45991
2025,https://portalfns.saude.gov.br/wp-content/uploads/2026/01/REPASSE-FAF-COM-POPULACAO-2025.xlsx,https://portalfns.saude.gov.br/wp-content/uploads/2026/01/REPASSE-FAF-COM-POPULACAO-2025.xlsx,data/raw/sao_paulo/fns/repasses_faf_com_populacao/2025/REPASSE-FAF-COM-POPULACAO-2025.xlsx,Manutenção Das Ações E Serviços Públicos De Saúde,ATENÇÃO DE MÉDIA E ALTA COMPLEXIDADE AMBULATORIAL E HOSPITALAR,EMENDA - INCREMENTO TEMPORÁRIO AO CUSTEIO DOS SERVIÇOS DE ASSISTÊNCIA HOSPITALAR E AMBULATORIAL,SP,SAO PAULO,355030,11904961,2025,13851748000140,FUNDO ESTADUAL DE SAUDE - FUNDES,001,01897X,000000225215,ESTADUAL,S,S,N,45887,1000000,1000000,14410.94,45991
2025,https://portalfns.saude.gov.br/wp-content/uploads/2026/01/REPASSE-FAF-COM-POPULACAO-2025.xlsx,https://portalfns.saude.gov.br/wp-content/uploads/2026/01/REPASSE-FAF-COM-POPULACAO-2025.xlsx,data/raw/sao_paulo/fns/repasses_faf_com_populacao/2025/REPASSE-FAF-COM-POPULACAO-2025.xlsx,Manutenção Das Ações E Serviços Públicos De Saúde,ATENÇÃO DE MÉDIA E ALTA COMPLEXIDADE AMBULATORIAL E HOSPITALAR,EMENDA - INCREMENTO TEMPORÁRIO AO CUSTEIO DOS SERVIÇOS DE ASSISTÊNCIA HOSPITALAR E AMBULATORIAL,SP,SAO PAULO,355030,11904961,2025,13851748000140,FUNDO ESTADUAL DE SAUDE - FUNDES,001,01897X,000000225223,ESTADUAL,S,S,N,45887,574857,574857,8284.23,45991
2025,https://portalfns.saude.gov.br/wp-content/uploads/2026/01/REPASSE-FAF-COM-POPULACAO-2025.xlsx,https://portalfns.saude.gov.br/wp-content/uploads/2026/01/REPASSE-FAF-COM-POPULACAO-2025.xlsx,data/raw/sao_paulo/fns/repasses_faf_com_populacao/2025/REPASSE-FAF-COM-POPULACAO-2025.xlsx,Manutenção Das Ações E Serviços Públicos De Saúde,ATENÇÃO DE MÉDIA E ALTA COMPLEXIDADE AMBULATORIAL E HOSPITALAR,EMENDA - INCREMENTO TEMPORÁRIO AO CUSTEIO DOS SERVIÇOS DE ASSISTÊNCIA HOSPITALAR E AMBULATORIAL,SP,SAO PAULO,355030,11904961,2025,13851748000140,FUNDO ESTADUAL DE SAUDE - FUNDES,001,01897X,000000225266,ESTADUAL,S,S,N,45887,500000,500000,7205.47,45991
2025,https://portalfns.saude.gov.br/wp-content/uploads/2026/01/REPASSE-FAF-COM-POPULACAO-2025.xlsx,https://portalfns.saude.gov.br/wp-content/uploads/2026/01/REPASSE-FAF-COM-POPULACAO-2025.xlsx,data/raw/sao_paulo/fns/repasses_faf_com_populacao/2025/REPASSE-FAF-COM-POPULACAO-2025.xlsx,Manutenção Das Ações E Serviços Públicos De Saúde,ATENÇÃO DE MÉDIA E ALTA COMPLEXIDADE AMBULATORIAL E HOSPITALAR,EMENDA - INCREMENTO TEMPORÁRIO AO CUSTEIO DOS SERVIÇOS DE ASSISTÊNCIA HOSPITALAR E AMBULATORIAL,SP,SAO PAULO,355030,11904961,2025,13851748000140,FUNDO ESTADUAL DE SAUDE - FUNDES,001,01897X,000000225274,ESTADUAL,S,S,N,45887,700000,700000,10087.66,45991
2025,https://portalfns.saude.gov.br/wp-content/uploads/2026/01/REPASSE-FAF-COM-POPULACAO-2025.xlsx,https://portalfns.saude.gov.br/wp-content/uploads/2026/01/REPASSE-FAF-COM-POPULACAO-2025.xlsx,data/raw/sao_paulo/fns/repasses_faf_com_populacao/2025/REPASSE-FAF-COM-POPULACAO-2025.xlsx,Manutenção Das Ações E Serviços Públicos De Saúde,ATENÇÃO DE MÉDIA E ALTA COMPLEXIDADE AMBULATORIAL E HOSPITALAR,EMENDA - INCREMENTO TEMPORÁRIO AO CUSTEIO DOS SERVIÇOS DE ASSISTÊNCIA HOSPITALAR E AMBULATORIAL,SP,SAO PAULO,355030,11904961,2025,13851748000140,FUNDO ESTADUAL DE SAUDE - FUNDES,001,01897X,000000225282,ESTADUAL,S,S,N,45887,1250000,1250000,18013.68,45991
2025,https://portalfns.saude.gov.br/wp-content/uploads/2026/01/REPASSE-FAF-COM-POPULACAO-2025.xlsx,https://portalfns.saude.gov.br/wp-content/uploads/2026/01/REPASSE-FAF-COM-POPULACAO-2025.xlsx,data/raw/sao_paulo/fns/repasses_faf_com_populacao/2025/REPASSE-FAF-COM-POPULACAO-2025.xlsx,Manutenção Das Ações E Serviços Públicos De Saúde,ATENÇÃO DE MÉDIA E ALTA COMPLEXIDADE AMBULATORIAL E HOSPITALAR,EMENDA - INCREMENTO TEMPORÁRIO AO CUSTEIO DOS SERVIÇOS DE ASSISTÊNCIA HOSPITALAR E AMBULATORIAL,SP,SAO PAULO,355030,11904961,2025,13851748000140,FUNDO ESTADUAL DE SAUDE - FUNDES,001,01897X,000000225711,ESTADUAL,S,S,N,45887,2000000,2000000,28821.89,45991
2025,https://portalfns.saude.gov.br/wp-content/uploads/2026/01/REPASSE-FAF-COM-POPULACAO-2025.xlsx,https://portalfns.saude.gov.br/wp-content/uploads/2026/01/REPASSE-FAF-COM-POPULACAO-2025.xlsx,data/raw/sao_paulo/fns/repasses_faf_com_populacao/2025/REPASSE-FAF-COM-POPULACAO-2025.xlsx,Manutenção Das Ações E Serviços Públicos De Saúde,ATENÇÃO DE MÉDIA E ALTA COMPLEXIDADE AMBULATORIAL E HOSPITALAR,EMENDA - INCREMENTO TEMPORÁRIO AO CUSTEIO DOS SERVIÇOS DE ASSISTÊNCIA HOSPITALAR E AMBULATORIAL,SP,SAO PAULO,355030,11904961,2025,13851748000140,FUNDO ESTADUAL DE SAUDE - FUNDES,001,01897X,000000226076,ESTADUAL,S,S,N,45887,300000,300000,4323.28,45991
2025,https://portalfns.saude.gov.br/wp-content/uploads/2026/01/REPASSE-FAF-COM-POPULACAO-2025.xlsx,https://portalfns.saude.gov.br/wp-content/uploads/2026/01/REPASSE-FAF-COM-POPULACAO-2025.xlsx,data/raw/sao_paulo/fns/repasses_faf_com_populacao/2025/REPASSE-FAF-COM-POPULACAO-2025.xlsx,Manutenção Das Ações E Serviços Públicos De Saúde,ATENÇÃO DE MÉDIA E ALTA COMPLEXIDADE AMBULATORIAL E HOSPITALAR,EMENDA - INCREMENTO TEMPORÁRIO AO CUSTEIO DOS SERVIÇOS DE ASSISTÊNCIA HOSPITALAR E AMBULATORIAL,SP,SAO PAULO,355030,11904961,2025,13851748000140,FUNDO ESTADUAL DE SAUDE - FUNDES,001,01897X,000000226114,ESTADUAL,S,S,N,45887,500000,500000,7205.47,45991
2025,https://portalfns.saude.gov.br/wp-content/uploads/2026/01/REPASSE-FAF-COM-POPULACAO-2025.xlsx,https://portalfns.saude.gov.br/wp-content/uploads/2026/01/REPASSE-FAF-COM-POPULACAO-2025.xlsx,data/raw/sao_paulo/fns/repasses_faf_com_populacao/2025/REPASSE-FAF-COM-POPULACAO-2025.xlsx,Manutenção Das Ações E Serviços Públicos De Saúde,ATENÇÃO DE MÉDIA E ALTA COMPLEXIDADE AMBULATORIAL E HOSPITALAR,EMENDA - INCREMENTO TEMPORÁRIO AO CUSTEIO DOS SERVIÇOS DE ASSISTÊNCIA HOSPITALAR E AMBULATORIAL,SP,SAO PAULO,355030,11904961,2025,13851748000140,FUNDO ESTADUAL DE SAUDE - FUNDES,001,01897X,00000022409X,ESTADUAL,S,S,N,45877,50000,50000,831.55,45991
2025,https://portalfns.saude.gov.br/wp-content/uploads/2026/01/REPASSE-FAF-COM-POPULACAO-2025.xlsx,https://portalfns.saude.gov.br/wp-content/uploads/2026/01/REPASSE-FAF-COM-POPULACAO-2025.xlsx,data/raw/sao_paulo/fns/repasses_faf_com_populacao/2025/REPASSE-FAF-COM-POPULACAO-2025.xlsx,Manutenção Das Ações E Serviços Públicos De Saúde,ATENÇÃO DE MÉDIA E ALTA COMPLEXIDADE AMBULATORIAL E HOSPITALAR,EMENDA - INCREMENTO TEMPORÁRIO AO CUSTEIO DOS SERVIÇOS DE ASSISTÊNCIA HOSPITALAR E AMBULATORIAL,SP,SAO PAULO,355030,11904961,2025,13851748000140,FUNDO ESTADUAL DE SAUDE - FUNDES,001,01897X,00000022412X,ESTADUAL,S,S,N,45877,500000,500000,8315.48,45991
2025,https://portalfns.saude.gov.br/wp-content/uploads/2026/01/REPASSE-FAF-COM-POPULACAO-2025.xlsx,https://portalfns.saude.gov.br/wp-content/uploads/2026/01/REPASSE-FAF-COM-POPULACAO-2025.xlsx,data/raw/sao_paulo/fns/repasses_faf_com_populacao/2025/REPASSE-FAF-COM-POPULACAO-2025.xlsx,Manutenção Das Ações E Serviços Públicos De Saúde,ATENÇÃO DE MÉDIA E ALTA COMPLEXIDADE AMBULATORIAL E HOSPITALAR,EMENDA - INCREMENTO TEMPORÁRIO AO CUSTEIO DOS SERVIÇOS DE ASSISTÊNCIA HOSPITALAR E AMBULATORIAL,SP,SAO PAULO,355030,11904961,2025,13851748000140,FUNDO ESTADUAL DE SAUDE - FUNDES,001,01897X,000000222828,ESTADUAL,S,S,N,45877,400000,400000,6646.68,45991
2025,https://portalfns.saude.gov.br/wp-content/uploads/2026/01/REPASSE-FAF-COM-POPULACAO-2025.xlsx,https://portalfns.saude.gov.br/wp-content/uploads/2026/01/REPASSE-FAF-COM-POPULACAO-2025.xlsx,data/raw/sao_paulo/fns/repasses_faf_com_populacao/2025/REPASSE-FAF-COM-POPULACAO-2025.xlsx,Manutenção Das Ações E Serviços Públicos De Saúde,ATENÇÃO DE MÉDIA E ALTA COMPLEXIDADE AMBULATORIAL E HOSPITALAR,EMENDA - INCREMENTO TEMPORÁRIO AO CUSTEIO DOS SERVIÇOS DE ASSISTÊNCIA HOSPITALAR E AMBULATORIAL,SP,SAO PAULO,355030,11904961,2025,13851748000140,FUNDO ESTADUAL DE SAUDE - FUNDES,001,01897X,000000222836,ESTADUAL,S,S,N,45877,500000,500000,8308.34,45991
2025,https://portalfns.saude.gov.br/wp-content/uploads/2026/01/REPASSE-FAF-COM-POPULACAO-2025.xlsx,https://portalfns.saude.gov.br/wp-content/uploads/2026/01/REPASSE-FAF-COM-POPULACAO-2025.xlsx,data/raw/sao_paulo/fns/repasses_faf_com_populacao/2025/REPASSE-FAF-COM-POPULACAO-2025.xlsx,Manutenção Das Ações E Serviços Públicos De Saúde,ATENÇÃO DE MÉDIA E ALTA COMPLEXIDADE AMBULATORIAL E HOSPITALAR,EMENDA - INCREMENTO TEMPORÁRIO AO CUSTEIO DOS SERVIÇOS DE ASSISTÊNCIA HOSPITALAR E AMBULATORIAL,SP,SAO PAULO,355030,11904961,2025,13851748000140,FUNDO ESTADUAL DE SAUDE - FUNDES,001,01897X,000000222852,ESTADUAL,S,S,N,45877,3000000,3000000,49850.07,45991
2025,https://portalfns.saude.gov.br/wp-content/uploads/2026/01/REPASSE-FAF-COM-POPULACAO-2025.xlsx,https://portalfns.saude.gov.br/wp-content/uploads/2026/01/REPASSE-FAF-COM-POPULACAO-2025.xlsx,data/raw/sao_paulo/fns/repasses_faf_com_populacao/2025/REPASSE-FAF-COM-POPULACAO-2025.xlsx,Manutenção Das Ações E Serviços Públicos De Saúde,ATENÇÃO DE MÉDIA E ALTA COMPLEXIDADE AMBULATORIAL E HOSPITALAR,EMENDA - INCREMENTO TEMPORÁRIO AO CUSTEIO DOS SERVIÇOS DE ASSISTÊNCIA HOSPITALAR E AMBULATORIAL,SP,SAO PAULO,355030,11904961,2025,13851748000140,FUNDO ESTADUAL DE SAUDE - FUNDES,001,01897X,000000222895,ESTADUAL,S,S,N,45877,650000,650000,10800.85,45991
2025,https://portalfns.saude.gov.br/wp-content/uploads/2026/01/REPASSE-FAF-COM-POPULACAO-2025.xlsx,https://portalfns.saude.gov.br/wp-content/uploads/2026/01/REPASSE-FAF-COM-POPULACAO-2025.xlsx,data/raw/sao_paulo/fns/repasses_faf_com_populacao/2025/REPASSE-FAF-COM-POPULACAO-2025.xlsx,Manutenção Das Ações E Serviços Públicos De Saúde,ATENÇÃO DE MÉDIA E ALTA COMPLEXIDADE AMBULATORIAL E HOSPITALAR,EMENDA - INCREMENTO TEMPORÁRIO AO CUSTEIO DOS SERVIÇOS DE ASSISTÊNCIA HOSPITALAR E AMBULATORIAL,SP,SAO PAULO,355030,11904961,2025,13851748000140,FUNDO ESTADUAL DE SAUDE - FUNDES,001,01897X,000000222968,ESTADUAL,S,S,N,45877,50000,50000,830.83,45991
2025,https://portalfns.saude.gov.br/wp-content/uploads/2026/01/REPASSE-FAF-COM-POPULACAO-2025.xlsx,https://portalfns.saude.gov.br/wp-content/uploads/2026/01/REPASSE-FAF-COM-POPULACAO-2025.xlsx,data/raw/sao_paulo/fns/repasses_faf_com_populacao/2025/REPASSE-FAF-COM-POPULACAO-2025.xlsx,Manutenção Das Ações E Serviços Públicos De Saúde,ATENÇÃO DE MÉDIA E ALTA COMPLEXIDADE AMBULATORIAL E HOSPITALAR,EMENDA - INCREMENTO TEMPORÁRIO AO CUSTEIO DOS SERVIÇOS DE ASSISTÊNCIA HOSPITALAR E AMBULATORIAL,SP,SAO PAULO,355030,11904961,2025,13851748000140,FUNDO ESTADUAL DE SAUDE - FUNDES,001,01897X,000000222992,ESTADUAL,S,S,N,45877,400000,400000,6646.68,45991
2025,https://portalfns.saude.gov.br/wp-content/uploads/2026/01/REPASSE-FAF-COM-POPULACAO-2025.xlsx,https://portalfns.saude.gov.br/wp-content/uploads/2026/01/REPASSE-FAF-COM-POPULACAO-2025.xlsx,data/raw/sao_paulo/fns/repasses_faf_com_populacao/2025/REPASSE-FAF-COM-POPULACAO-2025.xlsx,Manutenção Das Ações E Serviços Públicos De Saúde,ATENÇÃO DE MÉDIA E ALTA COMPLEXIDADE AMBULATORIAL E HOSPITALAR,EMENDA - INCREMENTO TEMPORÁRIO AO CUSTEIO DOS SERVIÇOS DE ASSISTÊNCIA HOSPITALAR E AMBULATORIAL,SP,SAO PAULO,355030,11904961,2025,13851748000140,FUNDO ESTADUAL DE SAUDE - FUNDES,001,01897X,000000223026,ESTADUAL,S,S,N,45877,1950000,1950000,32402.54,45991
2025,https://portalfns.saude.gov.br/wp-content/uploads/2026/01/REPASSE-FAF-COM-POPULACAO-2025.xlsx,https://portalfns.saude.gov.br/wp-content/uploads/2026/01/REPASSE-FAF-COM-POPULACAO-2025.xlsx,data/raw/sao_paulo/fns/repasses_faf_com_populacao/2025/REPASSE-FAF-COM-POPULACAO-2025.xlsx,Manutenção Das Ações E Serviços Públicos De Saúde,ATENÇÃO DE MÉDIA E ALTA COMPLEXIDADE AMBULATORIAL E HOSPITALAR,EMENDA - INCREMENTO TEMPORÁRIO AO CUSTEIO DOS SERVIÇOS DE ASSISTÊNCIA HOSPITALAR E AMBULATORIAL,SP,SAO PAULO,355030,11904961,2025,13851748000140,FUNDO ESTADUAL DE SAUDE - FUNDES,001,01897X,000000223034,ESTADUAL,S,S,N,45877,200000,200000,3323.34,45991
2025,https://portalfns.saude.gov.br/wp-content/uploads/2026/01/REPASSE-FAF-COM-POPULACAO-2025.xlsx,https://portalfns.saude.gov.br/wp-content/uploads/2026/01/REPASSE-FAF-COM-POPULACAO-2025.xlsx,data/raw/sao_paulo/fns/repasses_faf_com_populacao/2025/REPASSE-FAF-COM-POPULACAO-2025.xlsx,Manutenção Das Ações E Serviços Públicos De Saúde,ATENÇÃO DE MÉDIA E ALTA COMPLEXIDADE AMBULATORIAL E HOSPITALAR,EMENDA - INCREMENTO TEMPORÁRIO AO CUSTEIO DOS SERVIÇOS DE ASSISTÊNCIA HOSPITALAR E AMBULATORIAL,SP,SAO PAULO,355030,11904961,2025,13851748000140,FUNDO ESTADUAL DE SAUDE - FUNDES,001,01897X,000000223042,ESTADUAL,S,S,N,45877,1340000,1340000,26327.38,45991
2025,https://portalfns.saude.gov.br/wp-content/uploads/2026/01/REPASSE-FAF-COM-POPULACAO-2025.xlsx,https://portalfns.saude.gov.br/wp-content/uploads/2026/01/REPASSE-FAF-COM-POPULACAO-2025.xlsx,data/raw/sao_paulo/fns/repasses_faf_com_populacao/2025/REPASSE-FAF-COM-POPULACAO-2025.xlsx,Manutenção Das Ações E Serviços Públicos De Saúde,ATENÇÃO DE MÉDIA E ALTA COMPLEXIDADE AMBULATORIAL E HOSPITALAR,EMENDA - INCREMENTO TEMPORÁRIO AO CUSTEIO DOS SERVIÇOS DE ASSISTÊNCIA HOSPITALAR E AMBULATORIAL,SP,SAO PAULO,355030,11904961,2025,13851748000140,FUNDO ESTADUAL DE SAUDE - FUNDES,001,01897X,000000223107,ESTADUAL,S,S,N,45877,1000000,1000000,19647.29,45991
2025,https://portalfns.saude.gov.br/wp-content/uploads/2026/01/REPASSE-FAF-COM-POPULACAO-2025.xlsx,https://portalfns.saude.gov.br/wp-content/uploads/2026/01/REPASSE-FAF-COM-POPULACAO-2025.xlsx,data/raw/sao_paulo/fns/repasses_faf_com_populacao/2025/REPASSE-FAF-COM-POPULACAO-2025.xlsx,Manutenção Das Ações E Serviços Públicos De Saúde,ATENÇÃO DE MÉDIA E ALTA COMPLEXIDADE AMBULATORIAL E HOSPITALAR,EMENDA - INCREMENTO TEMPORÁRIO AO CUSTEIO DOS SERVIÇOS DE ASSISTÊNCIA HOSPITALAR E AMBULATORIAL,SP,SAO PAULO,355030,11904961,2025,13851748000140,FUNDO ESTADUAL DE SAUDE - FUNDES,001,01897X,000000223670,ESTADUAL,S,S,N,45877,1950000,1950000,2016401.76,45991
2025,https://portalfns.saude.gov.br/wp-content/uploads/2026/01/REPASSE-FAF-COM-POPULACAO-2025.xlsx,https://portalfns.saude.gov.br/wp-content/uploads/2026/01/REPASSE-FAF-COM-POPULACAO-2025.xlsx,data/raw/sao_paulo/fns/repasses_faf_com_populacao/2025/REPASSE-FAF-COM-POPULACAO-2025.xlsx,Manutenção Das Ações E Serviços Públicos De Saúde,ATENÇÃO DE MÉDIA E ALTA COMPLEXIDADE AMBULATORIAL E HOSPITALAR,EMENDA - INCREMENTO TEMPORÁRIO AO CUSTEIO DOS SERVIÇOS DE ASSISTÊNCIA HOSPITALAR E AMBULATORIAL,SP,SAO PAULO,355030,11904961,2025,13851748000140,FUNDO ESTADUAL DE SAUDE - FUNDES,001,01897X,000000223700,ESTADUAL,S,S,N,45877,200000,200000,3929.46,45991
2025,https://portalfns.saude.gov.br/wp-content/uploads/2026/01/REPASSE-FAF-COM-POPULACAO-2025.xlsx,https://portalfns.saude.gov.br/wp-content/uploads/2026/01/REPASSE-FAF-COM-POPULACAO-2025.xlsx,data/raw/sao_paulo/fns/repasses_faf_com_populacao/2025/REPASSE-FAF-COM-POPULACAO-2025.xlsx,Manutenção Das Ações E Serviços Públicos De Saúde,ATENÇÃO DE MÉDIA E ALTA COMPLEXIDADE AMBULATORIAL E HOSPITALAR,EMENDA - INCREMENTO TEMPORÁRIO AO CUSTEIO DOS SERVIÇOS DE ASSISTÊNCIA HOSPITALAR E AMBULATORIAL,SP,SAO PAULO,355030,11904961,2025,13851748000140,FUNDO ESTADUAL DE SAUDE - FUNDES,001,01897X,000000223743,ESTADUAL,S,S,N,45877,200000,200000,3323.34,45991
2025,https://portalfns.saude.gov.br/wp-content/uploads/2026/01/REPASSE-FAF-COM-POPULACAO-2025.xlsx,https://portalfns.saude.gov.br/wp-content/uploads/2026/01/REPASSE-FAF-COM-POPULACAO-2025.xlsx,data/raw/sao_paulo/fns/repasses_faf_com_populacao/2025/REPASSE-FAF-COM-POPULACAO-2025.xlsx,Manutenção Das Ações E Serviços Públicos De Saúde,ATENÇÃO DE MÉDIA E ALTA COMPLEXIDADE AMBULATORIAL E HOSPITALAR,EMENDA - INCREMENTO TEMPORÁRIO AO CUSTEIO DOS SERVIÇOS DE ASSISTÊNCIA HOSPITALAR E AMBULATORIAL,SP,SAO PAULO,355030,11904961,2025,13851748000140,FUNDO ESTADUAL DE SAUDE - FUNDES,001,01897X,000000223824,ESTADUAL,S,S,N,45877,100000,100000,1661.67,45991
2025,https://portalfns.saude.gov.br/wp-content/uploads/2026/01/REPASSE-FAF-COM-POPULACAO-2025.xlsx,https://portalfns.saude.gov.br/wp-content/uploads/2026/01/REPASSE-FAF-COM-POPULACAO-2025.xlsx,data/raw/sao_paulo/fns/repasses_faf_com_populacao/2025/REPASSE-FAF-COM-POPULACAO-2025.xlsx,Manutenção Das Ações E Serviços Públicos De Saúde,ATENÇÃO DE MÉDIA E ALTA COMPLEXIDADE AMBULATORIAL E HOSPITALAR,EMENDA - INCREMENTO TEMPORÁRIO AO CUSTEIO DOS SERVIÇOS DE ASSISTÊNCIA HOSPITALAR E AMBULATORIAL,SP,SAO PAULO,355030,11904961,2025,13851748000140,FUNDO ESTADUAL DE SAUDE - FUNDES,001,01897X,000000223840,ESTADUAL,S,S,N,45877,200000,200000,3323.34,45991
2025,https://portalfns.saude.gov.br/wp-content/uploads/2026/01/REPASSE-FAF-COM-POPULACAO-2025.xlsx,https://portalfns.saude.gov.br/wp-content/uploads/2026/01/REPASSE-FAF-COM-POPULACAO-2025.xlsx,data/raw/sao_paulo/fns/repasses_faf_com_populacao/2025/REPASSE-FAF-COM-POPULACAO-2025.xlsx,Manutenção Das Ações E Serviços Públicos De Saúde,ATENÇÃO DE MÉDIA E ALTA COMPLEXIDADE AMBULATORIAL E HOSPITALAR,EMENDA - INCREMENTO TEMPORÁRIO AO CUSTEIO DOS SERVIÇOS DE ASSISTÊNCIA HOSPITALAR E AMBULATORIAL,SP,SAO PAULO,355030,11904961,2025,13851748000140,FUNDO ESTADUAL DE SAUDE - FUNDES,001,01897X,000000223980,ESTADUAL,S,S,N,45877,100000,100000,1661.67,45991
2025,https://portalfns.saude.gov.br/wp-content/uploads/2026/01/REPASSE-FAF-COM-POPULACAO-2025.xlsx,https://portalfns.saude.gov.br/wp-content/uploads/2026/01/REPASSE-FAF-COM-POPULACAO-2025.xlsx,data/raw/sao_paulo/fns/repasses_faf_com_populacao/2025/REPASSE-FAF-COM-POPULACAO-2025.xlsx,Manutenção Das Ações E Serviços Públicos De Saúde,ATENÇÃO DE MÉDIA E ALTA COMPLEXIDADE AMBULATORIAL E HOSPITALAR,EMENDA - INCREMENTO TEMPORÁRIO AO CUSTEIO DOS SERVIÇOS DE ASSISTÊNCIA HOSPITALAR E AMBULATORIAL,SP,SAO PAULO,355030,11904961,2025,13851748000140,FUNDO ESTADUAL DE SAUDE - FUNDES,001,01897X,000000224251,ESTADUAL,S,S,N,45877,200000,200000,3324.76,45991
2025,https://portalfns.saude.gov.br/wp-content/uploads/2026/01/REPASSE-FAF-COM-POPULACAO-2025.xlsx,https://portalfns.saude.gov.br/wp-content/uploads/2026/01/REPASSE-FAF-COM-POPULACAO-2025.xlsx,data/raw/sao_paulo/fns/repasses_faf_com_populacao/2025/REPASSE-FAF-COM-POPULACAO-2025.xlsx,Manutenção Das Ações E Serviços Públicos De Saúde,ATENÇÃO DE MÉDIA E ALTA COMPLEXIDADE AMBULATORIAL E HOSPITALAR,EMENDA - INCREMENTO TEMPORÁRIO AO CUSTEIO DOS SERVIÇOS DE ASSISTÊNCIA HOSPITALAR E AMBULATORIAL,SP,SAO PAULO,355030,11904961,2025,13851748000140,FUNDO ESTADUAL DE SAUDE - FUNDES,001,01897X,000000224359,ESTADUAL,S,S,N,45877,50000,50000,831.19,45991
2025,https://portalfns.saude.gov.br/wp-content/uploads/2026/01/REPASSE-FAF-COM-POPULACAO-2025.xlsx,https://portalfns.saude.gov.br/wp-content/uploads/2026/01/REPASSE-FAF-COM-POPULACAO-2025.xlsx,data/raw/sao_paulo/fns/repasses_faf_com_populacao/2025/REPASSE-FAF-COM-POPULACAO-2025.xlsx,Manutenção Das Ações E Serviços Públicos De Saúde,ATENÇÃO DE MÉDIA E ALTA COMPLEXIDADE AMBULATORIAL E HOSPITALAR,EMENDA - INCREMENTO TEMPORÁRIO AO CUSTEIO DOS SERVIÇOS DE ASSISTÊNCIA HOSPITALAR E AMBULATORIAL,SP,SAO PAULO,355030,11904961,2025,13851748000140,FUNDO ESTADUAL DE SAUDE - FUNDES,001,01897X,000000224464,ESTADUAL,S,S,N,45877,200000,200000,3931.14,45991
2025,https://portalfns.saude.gov.br/wp-content/uploads/2026/01/REPASSE-FAF-COM-POPULACAO-2025.xlsx,https://portalfns.saude.gov.br/wp-content/uploads/2026/01/REPASSE-FAF-COM-POPULACAO-2025.xlsx,data/raw/sao_paulo/fns/repasses_faf_com_populacao/2025/REPASSE-FAF-COM-POPULACAO-2025.xlsx,Manutenção Das Ações E Serviços Públicos De Saúde,ATENÇÃO DE MÉDIA E ALTA COMPLEXIDADE AMBULATORIAL E HOSPITALAR,EMENDA - INCREMENTO TEMPORÁRIO AO CUSTEIO DOS SERVIÇOS DE ASSISTÊNCIA HOSPITALAR E AMBULATORIAL,SP,SAO PAULO,355030,11904961,2025,13851748000140,FUNDO ESTADUAL DE SAUDE - FUNDES,001,01897X,000000224480,ESTADUAL,S,S,N,45877,1950000,1950000,38328.660000000003,45991
2025,https://portalfns.saude.gov.br/wp-content/uploads/2026/01/REPASSE-FAF-COM-POPULACAO-2025.xlsx,https://portalfns.saude.gov.br/wp-content/uploads/2026/01/REPASSE-FAF-COM-POPULACAO-2025.xlsx,data/raw/sao_paulo/fns/repasses_faf_com_populacao/2025/REPASSE-FAF-COM-POPULACAO-2025.xlsx,Manutenção Das Ações E Serviços Públicos De Saúde,ATENÇÃO DE MÉDIA E ALTA COMPLEXIDADE AMBULATORIAL E HOSPITALAR,EMENDA - INCREMENTO TEMPORÁRIO AO CUSTEIO DOS SERVIÇOS DE ASSISTÊNCIA HOSPITALAR E AMBULATORIAL,SP,SAO PAULO,355030,11904961,2025,13851748000140,FUNDO ESTADUAL DE SAUDE - FUNDES,001,01897X,000000224502,ESTADUAL,S,S,N,45877,50000,50000,852.73,45991
2025,https://portalfns.saude.gov.br/wp-content/uploads/2026/01/REPASSE-FAF-COM-POPULACAO-2025.xlsx,https://portalfns.saude.gov.br/wp-content/uploads/2026/01/REPASSE-FAF-COM-POPULACAO-2025.xlsx,data/raw/sao_paulo/fns/repasses_faf_com_populacao/2025/REPASSE-FAF-COM-POPULACAO-2025.xlsx,Manutenção Das Ações E Serviços Públicos De Saúde,ATENÇÃO DE MÉDIA E ALTA COMPLEXIDADE AMBULATORIAL E HOSPITALAR,EMENDA - INCREMENTO TEMPORÁRIO AO CUSTEIO DOS SERVIÇOS DE ASSISTÊNCIA HOSPITALAR E AMBULATORIAL,SP,SAO PAULO,355030,11904961,2025,13851748000140,FUNDO ESTADUAL DE SAUDE - FUNDES,001,01897X,000000224545,ESTADUAL,S,S,N,45877,200000,200000,3410.91,45991
2025,https://portalfns.saude.gov.br/wp-content/uploads/2026/01/REPASSE-FAF-COM-POPULACAO-2025.xlsx,https://portalfns.saude.gov.br/wp-content/uploads/2026/01/REPASSE-FAF-COM-POPULACAO-2025.xlsx,data/raw/sao_paulo/fns/repasses_faf_com_populacao/2025/REPASSE-FAF-COM-POPULACAO-2025.xlsx,Manutenção Das Ações E Serviços Públicos De Saúde,ATENÇÃO DE MÉDIA E ALTA COMPLEXIDADE AMBULATORIAL E HOSPITALAR,EMENDA - INCREMENTO TEMPORÁRIO AO CUSTEIO DOS SERVIÇOS DE ASSISTÊNCIA HOSPITALAR E AMBULATORIAL,SP,SAO PAULO,355030,11904961,2025,13851748000140,FUNDO ESTADUAL DE SAUDE - FUNDES,001,01897X,000000224650,ESTADUAL,S,S,N,45877,300000,300000,5116.37,45991
2025,https://portalfns.saude.gov.br/wp-content/uploads/2026/01/REPASSE-FAF-COM-POPULACAO-2025.xlsx,https://portalfns.saude.gov.br/wp-content/uploads/2026/01/REPASSE-FAF-COM-POPULACAO-2025.xlsx,data/raw/sao_paulo/fns/repasses_faf_com_populacao/2025/REPASSE-FAF-COM-POPULACAO-2025.xlsx,Manutenção Das Ações E Serviços Públicos De Saúde,ATENÇÃO DE MÉDIA E ALTA COMPLEXIDADE AMBULATORIAL E HOSPITALAR,EMENDA - INCREMENTO TEMPORÁRIO AO CUSTEIO DOS SERVIÇOS DE ASSISTÊNCIA HOSPITALAR E AMBULATORIAL,SP,SAO PAULO,355030,11904961,2025,13851748000140,FUNDO ESTADUAL DE SAUDE - FUNDES,001,01897X,000000224677,ESTADUAL,S,S,N,45877,150000,150000,2558.1799999999998,45991
2025,https://portalfns.saude.gov.br/wp-content/uploads/2026/01/REPASSE-FAF-COM-POPULACAO-2025.xlsx,https://portalfns.saude.gov.br/wp-content/uploads/2026/01/REPASSE-FAF-COM-POPULACAO-2025.xlsx,data/raw/sao_paulo/fns/repasses_faf_com_populacao/2025/REPASSE-FAF-COM-POPULACAO-2025.xlsx,Manutenção Das Ações E Serviços Públicos De Saúde,ATENÇÃO DE MÉDIA E ALTA COMPLEXIDADE AMBULATORIAL E HOSPITALAR,EMENDA - INCREMENTO TEMPORÁRIO AO CUSTEIO DOS SERVIÇOS DE ASSISTÊNCIA HOSPITALAR E AMBULATORIAL,SP,SAO PAULO,355030,11904961,2025,13851748000140,FUNDO ESTADUAL DE SAUDE - FUNDES,001,01897X,000000224693,ESTADUAL,S,S,N,45877,150000,150000,2558.1799999999998,45991
2025,https://portalfns.saude.gov.br/wp-content/uploads/2026/01/REPASSE-FAF-COM-POPULACAO-2025.xlsx,https://portalfns.saude.gov.br/wp-content/uploads/2026/01/REPASSE-FAF-COM-POPULACAO-2025.xlsx,data/raw/sao_paulo/fns/repasses_faf_com_populacao/2025/REPASSE-FAF-COM-POPULACAO-2025.xlsx,Manutenção Das Ações E Serviços Públicos De Saúde,ATENÇÃO DE MÉDIA E ALTA COMPLEXIDADE AMBULATORIAL E HOSPITALAR,EMENDA - INCREMENTO TEMPORÁRIO AO CUSTEIO DOS SERVIÇOS DE ASSISTÊNCIA HOSPITALAR E AMBULATORIAL,SP,SAO PAULO,355030,11904961,2025,13851748000140,FUNDO ESTADUAL DE SAUDE - FUNDES,001,01897X,000000225231,ESTADUAL,S,S,N,45877,300000,300000,5118.57,45991
2025,https://portalfns.saude.gov.br/wp-content/uploads/2026/01/REPASSE-FAF-COM-POPULACAO-2025.xlsx,https://portalfns.saude.gov.br/wp-content/uploads/2026/01/REPASSE-FAF-COM-POPULACAO-2025.xlsx,data/raw/sao_paulo/fns/repasses_faf_com_populacao/2025/REPASSE-FAF-COM-POPULACAO-2025.xlsx,Manutenção Das Ações E Serviços Públicos De Saúde,ATENÇÃO DE MÉDIA E ALTA COMPLEXIDADE AMBULATORIAL E HOSPITALAR,EMENDA - INCREMENTO TEMPORÁRIO AO CUSTEIO DOS SERVIÇOS DE ASSISTÊNCIA HOSPITALAR E AMBULATORIAL,SP,SAO PAULO,355030,11904961,2025,13851748000140,FUNDO ESTADUAL DE SAUDE - FUNDES,001,01897X,000000225819,ESTADUAL,S,S,N,45877,50000,50000,853.09,45991
2025,https://portalfns.saude.gov.br/wp-content/uploads/2026/01/REPASSE-FAF-COM-POPULACAO-2025.xlsx,https://portalfns.saude.gov.br/wp-content/uploads/2026/01/REPASSE-FAF-COM-POPULACAO-2025.xlsx,data/raw/sao_paulo/fns/repasses_faf_com_populacao/2025/REPASSE-FAF-COM-POPULACAO-2025.xlsx,Manutenção Das Ações E Serviços Públicos De Saúde,ATENÇÃO DE MÉDIA E ALTA COMPLEXIDADE AMBULATORIAL E HOSPITALAR,EMENDA - INCREMENTO TEMPORÁRIO AO CUSTEIO DOS SERVIÇOS DE ASSISTÊNCIA HOSPITALAR E AMBULATORIAL,SP,SAO PAULO,355030,11904961,2025,13851748000140,FUNDO ESTADUAL DE SAUDE - FUNDES,001,01897X,000000225827,ESTADUAL,S,S,N,45877,300000,300000,6548.38,45991
2025,https://portalfns.saude.gov.br/wp-content/uploads/2026/01/REPASSE-FAF-COM-POPULACAO-2025.xlsx,https://portalfns.saude.gov.br/wp-content/uploads/2026/01/REPASSE-FAF-COM-POPULACAO-2025.xlsx,data/raw/sao_paulo/fns/repasses_faf_com_populacao/2025/REPASSE-FAF-COM-POPULACAO-2025.xlsx,Manutenção Das Ações E Serviços Públicos De Saúde,ATENÇÃO DE MÉDIA E ALTA COMPLEXIDADE AMBULATORIAL E HOSPITALAR,EMENDA - INCREMENTO TEMPORÁRIO AO CUSTEIO DOS SERVIÇOS DE ASSISTÊNCIA HOSPITALAR E AMBULATORIAL,SP,SAO PAULO,355030,11904961,2025,13851748000140,FUNDO ESTADUAL DE SAUDE - FUNDES,001,01897X,000000226122,ESTADUAL,S,S,N,45877,1500000,1500000,25592.83,45991
2025,https://portalfns.saude.gov.br/wp-content/uploads/2026/01/REPASSE-FAF-COM-POPULACAO-2025.xlsx,https://portalfns.saude.gov.br/wp-content/uploads/2026/01/REPASSE-FAF-COM-POPULACAO-2025.xlsx,data/raw/sao_paulo/fns/repasses_faf_com_populacao/2025/REPASSE-FAF-COM-POPULACAO-2025.xlsx,Manutenção Das Ações E Serviços Públicos De Saúde,ATENÇÃO DE MÉDIA E ALTA COMPLEXIDADE AMBULATORIAL E HOSPITALAR,EMENDA - INCREMENTO TEMPORÁRIO AO CUSTEIO DOS SERVIÇOS DE ASSISTÊNCIA HOSPITALAR E AMBULATORIAL,SP,SAO PAULO,355030,11904961,2025,13851748000140,FUNDO ESTADUAL DE SAUDE - FUNDES,001,01897X,000000226181,ESTADUAL,S,S,N,45877,200000,200000,3326.19,45991
2025,https://portalfns.saude.gov.br/wp-content/uploads/2026/01/REPASSE-FAF-COM-POPULACAO-2025.xlsx,https://portalfns.saude.gov.br/wp-content/uploads/2026/01/REPASSE-FAF-COM-POPULACAO-2025.xlsx,data/raw/sao_paulo/fns/repasses_faf_com_populacao/2025/REPASSE-FAF-COM-POPULACAO-2025.xlsx,Manutenção Das Ações E Serviços Públicos De Saúde,ATENÇÃO DE MÉDIA E ALTA COMPLEXIDADE AMBULATORIAL E HOSPITALAR,EMENDA - INCREMENTO TEMPORÁRIO AO CUSTEIO DOS SERVIÇOS DE ASSISTÊNCIA HOSPITALAR E AMBULATORIAL,SP,SAO PAULO,355030,11904961,2025,13851748000140,FUNDO ESTADUAL DE SAUDE - FUNDES,001,01897X,00000022295X,ESTADUAL,S,S,N,45873,1325985,1325985,24394.58,45991
2025,https://portalfns.saude.gov.br/wp-content/uploads/2026/01/REPASSE-FAF-COM-POPULACAO-2025.xlsx,https://portalfns.saude.gov.br/wp-content/uploads/2026/01/REPASSE-FAF-COM-POPULACAO-2025.xlsx,data/raw/sao_paulo/fns/repasses_faf_com_populacao/2025/REPASSE-FAF-COM-POPULACAO-2025.xlsx,Manutenção Das Ações E Serviços Públicos De Saúde,ATENÇÃO DE MÉDIA E ALTA COMPLEXIDADE AMBULATORIAL E HOSPITALAR,EMENDA - INCREMENTO TEMPORÁRIO AO CUSTEIO DOS SERVIÇOS DE ASSISTÊNCIA HOSPITALAR E AMBULATORIAL,SP,SAO PAULO,355030,11904961,2025,13851748000140,FUNDO ESTADUAL DE SAUDE - FUNDES,001,01897X,00000022314X,ESTADUAL,S,S,N,45873,1000000,1000000,18397.330000000002,45991
2025,https://portalfns.saude.gov.br/wp-content/uploads/2026/01/REPASSE-FAF-COM-POPULACAO-2025.xlsx,https://portalfns.saude.gov.br/wp-content/uploads/2026/01/REPASSE-FAF-COM-POPULACAO-2025.xlsx,data/raw/sao_paulo/fns/repasses_faf_com_populacao/2025/REPASSE-FAF-COM-POPULACAO-2025.xlsx,Manutenção Das Ações E Serviços Públicos De Saúde,ATENÇÃO DE MÉDIA E ALTA COMPLEXIDADE AMBULATORIAL E HOSPITALAR,EMENDA - INCREMENTO TEMPORÁRIO AO CUSTEIO DOS SERVIÇOS DE ASSISTÊNCIA HOSPITALAR E AMBULATORIAL,SP,SAO PAULO,355030,11904961,2025,13851748000140,FUNDO ESTADUAL DE SAUDE - FUNDES,001,01897X,00000022376X,ESTADUAL,S,S,N,45873,200000,200000,3679.47,45991
2025,https://portalfns.saude.gov.br/wp-content/uploads/2026/01/REPASSE-FAF-COM-POPULACAO-2025.xlsx,https://portalfns.saude.gov.br/wp-content/uploads/2026/01/REPASSE-FAF-COM-POPULACAO-2025.xlsx,data/raw/sao_paulo/fns/repasses_faf_com_populacao/2025/REPASSE-FAF-COM-POPULACAO-2025.xlsx,Manutenção Das Ações E Serviços Públicos De Saúde,ATENÇÃO DE MÉDIA E ALTA COMPLEXIDADE AMBULATORIAL E HOSPITALAR,EMENDA - INCREMENTO TEMPORÁRIO AO CUSTEIO DOS SERVIÇOS DE ASSISTÊNCIA HOSPITALAR E AMBULATORIAL,SP,SAO PAULO,355030,11904961,2025,13851748000140,FUNDO ESTADUAL DE SAUDE - FUNDES,001,01897X,00000022426X,ESTADUAL,S,S,N,45873,300000,300000,5519.2,45991
2025,https://portalfns.saude.gov.br/wp-content/uploads/2026/01/REPASSE-FAF-COM-POPULACAO-2025.xlsx,https://portalfns.saude.gov.br/wp-content/uploads/2026/01/REPASSE-FAF-COM-POPULACAO-2025.xlsx,data/raw/sao_paulo/fns/repasses_faf_com_populacao/2025/REPASSE-FAF-COM-POPULACAO-2025.xlsx,Manutenção Das Ações E Serviços Públicos De Saúde,ATENÇÃO DE MÉDIA E ALTA COMPLEXIDADE AMBULATORIAL E HOSPITALAR,EMENDA - INCREMENTO TEMPORÁRIO AO CUSTEIO DOS SERVIÇOS DE ASSISTÊNCIA HOSPITALAR E AMBULATORIAL,SP,SAO PAULO,355030,11904961,2025,13851748000140,FUNDO ESTADUAL DE SAUDE - FUNDES,001,01897X,00000022488X,ESTADUAL,S,S,N,45873,500000,500000,10715.27,45991
2025,https://portalfns.saude.gov.br/wp-content/uploads/2026/01/REPASSE-FAF-COM-POPULACAO-2025.xlsx,https://portalfns.saude.gov.br/wp-content/uploads/2026/01/REPASSE-FAF-COM-POPULACAO-2025.xlsx,data/raw/sao_paulo/fns/repasses_faf_com_populacao/2025/REPASSE-FAF-COM-POPULACAO-2025.xlsx,Manutenção Das Ações E Serviços Públicos De Saúde,ATENÇÃO DE MÉDIA E ALTA COMPLEXIDADE AMBULATORIAL E HOSPITALAR,EMENDA - INCREMENTO TEMPORÁRIO AO CUSTEIO DOS SERVIÇOS DE ASSISTÊNCIA HOSPITALAR E AMBULATORIAL,SP,SAO PAULO,355030,11904961,2025,13851748000140,FUNDO ESTADUAL DE SAUDE - FUNDES,001,01897X,00000022510X,ESTADUAL,S,S,N,45873,200000,200000,3765.65,45991
2025,https://portalfns.saude.gov.br/wp-content/uploads/2026/01/REPASSE-FAF-COM-POPULACAO-2025.xlsx,https://portalfns.saude.gov.br/wp-content/uploads/2026/01/REPASSE-FAF-COM-POPULACAO-2025.xlsx,data/raw/sao_paulo/fns/repasses_faf_com_populacao/2025/REPASSE-FAF-COM-POPULACAO-2025.xlsx,Manutenção Das Ações E Serviços Públicos De Saúde,ATENÇÃO DE MÉDIA E ALTA COMPLEXIDADE AMBULATORIAL E HOSPITALAR,EMENDA - INCREMENTO TEMPORÁRIO AO CUSTEIO DOS SERVIÇOS DE ASSISTÊNCIA HOSPITALAR E AMBULATORIAL,SP,SAO PAULO,355030,11904961,2025,13851748000140,FUNDO ESTADUAL DE SAUDE - FUNDES,001,01897X,00000022524X,ESTADUAL,S,S,N,45873,532000,532000,10016.629999999999,45991
2025,https://portalfns.saude.gov.br/wp-content/uploads/2026/01/REPASSE-FAF-COM-POPULACAO-2025.xlsx,https://portalfns.saude.gov.br/wp-content/uploads/2026/01/REPASSE-FAF-COM-POPULACAO-2025.xlsx,data/raw/sao_paulo/fns/repasses_faf_com_populacao/2025/REPASSE-FAF-COM-POPULACAO-2025.xlsx,Manutenção Das Ações E Serviços Públicos De Saúde,ATENÇÃO DE MÉDIA E ALTA COMPLEXIDADE AMBULATORIAL E HOSPITALAR,EMENDA - INCREMENTO TEMPORÁRIO AO CUSTEIO DOS SERVIÇOS DE ASSISTÊNCIA HOSPITALAR E AMBULATORIAL,SP,SAO PAULO,355030,11904961,2025,13851748000140,FUNDO ESTADUAL DE SAUDE - FUNDES,001,01897X,00000022569X,ESTADUAL,S,S,N,45873,480000,480000,9037.56,45991
2025,https://portalfns.saude.gov.br/wp-content/uploads/2026/01/REPASSE-FAF-COM-POPULACAO-2025.xlsx,https://portalfns.saude.gov.br/wp-content/uploads/2026/01/REPASSE-FAF-COM-POPULACAO-2025.xlsx,data/raw/sao_paulo/fns/repasses_faf_com_populacao/2025/REPASSE-FAF-COM-POPULACAO-2025.xlsx,Manutenção Das Ações E Serviços Públicos De Saúde,ATENÇÃO DE MÉDIA E ALTA COMPLEXIDADE AMBULATORIAL E HOSPITALAR,EMENDA - INCREMENTO TEMPORÁRIO AO CUSTEIO DOS SERVIÇOS DE ASSISTÊNCIA HOSPITALAR E AMBULATORIAL,SP,SAO PAULO,355030,11904961,2025,13851748000140,FUNDO ESTADUAL DE SAUDE - FUNDES,001,01897X,000000222712,ESTADUAL,S,S,N,45873,500000,500000,10706.07,45991
2025,https://portalfns.saude.gov.br/wp-content/uploads/2026/01/REPASSE-FAF-COM-POPULACAO-2025.xlsx,https://portalfns.saude.gov.br/wp-content/uploads/2026/01/REPASSE-FAF-COM-POPULACAO-2025.xlsx,data/raw/sao_paulo/fns/repasses_faf_com_populacao/2025/REPASSE-FAF-COM-POPULACAO-2025.xlsx,Manutenção Das Ações E Serviços Públicos De Saúde,ATENÇÃO DE MÉDIA E ALTA COMPLEXIDADE AMBULATORIAL E HOSPITALAR,EMENDA - INCREMENTO TEMPORÁRIO AO CUSTEIO DOS SERVIÇOS DE ASSISTÊNCIA HOSPITALAR E AMBULATORIAL,SP,SAO PAULO,355030,11904961,2025,13851748000140,FUNDO ESTADUAL DE SAUDE - FUNDES,001,01897X,000000222747,ESTADUAL,S,S,N,45873,500000,500000,10706.07,45991
2025,https://portalfns.saude.gov.br/wp-content/uploads/2026/01/REPASSE-FAF-COM-POPULACAO-2025.xlsx,https://portalfns.saude.gov.br/wp-content/uploads/2026/01/REPASSE-FAF-COM-POPULACAO-2025.xlsx,data/raw/sao_paulo/fns/repasses_faf_com_populacao/2025/REPASSE-FAF-COM-POPULACAO-2025.xlsx,Manutenção Das Ações E Serviços Públicos De Saúde,ATENÇÃO DE MÉDIA E ALTA COMPLEXIDADE AMBULATORIAL E HOSPITALAR,EMENDA - INCREMENTO TEMPORÁRIO AO CUSTEIO DOS SERVIÇOS DE ASSISTÊNCIA HOSPITALAR E AMBULATORIAL,SP,SAO PAULO,355030,11904961,2025,13851748000140,FUNDO ESTADUAL DE SAUDE - FUNDES,001,01897X,000000222917,ESTADUAL,S,S,N,45873,600000,600000,11028.92,45991
2025,https://portalfns.saude.gov.br/wp-content/uploads/2026/01/REPASSE-FAF-COM-POPULACAO-2025.xlsx,https://portalfns.saude.gov.br/wp-content/uploads/2026/01/REPASSE-FAF-COM-POPULACAO-2025.xlsx,data/raw/sao_paulo/fns/repasses_faf_com_populacao/2025/REPASSE-FAF-COM-POPULACAO-2025.xlsx,Manutenção Das Ações E Serviços Públicos De Saúde,ATENÇÃO DE MÉDIA E ALTA COMPLEXIDADE AMBULATORIAL E HOSPITALAR,EMENDA - INCREMENTO TEMPORÁRIO AO CUSTEIO DOS SERVIÇOS DE ASSISTÊNCIA HOSPITALAR E AMBULATORIAL,SP,SAO PAULO,355030,11904961,2025,13851748000140,FUNDO ESTADUAL DE SAUDE - FUNDES,001,01897X,000000222925,ESTADUAL,S,S,N,45873,400000,400000,7352.62,45991
2025,https://portalfns.saude.gov.br/wp-content/uploads/2026/01/REPASSE-FAF-COM-POPULACAO-2025.xlsx,https://portalfns.saude.gov.br/wp-content/uploads/2026/01/REPASSE-FAF-COM-POPULACAO-2025.xlsx,data/raw/sao_paulo/fns/repasses_faf_com_populacao/2025/REPASSE-FAF-COM-POPULACAO-2025.xlsx,Manutenção Das Ações E Serviços Públicos De Saúde,ATENÇÃO DE MÉDIA E ALTA COMPLEXIDADE AMBULATORIAL E HOSPITALAR,EMENDA - INCREMENTO TEMPORÁRIO AO CUSTEIO DOS SERVIÇOS DE ASSISTÊNCIA HOSPITALAR E AMBULATORIAL,SP,SAO PAULO,355030,11904961,2025,13851748000140,FUNDO ESTADUAL DE SAUDE - FUNDES,001,01897X,000000222941,ESTADUAL,S,S,N,45873,150000,150000,2757.23,45991
2025,https://portalfns.saude.gov.br/wp-content/uploads/2026/01/REPASSE-FAF-COM-POPULACAO-2025.xlsx,https://portalfns.saude.gov.br/wp-content/uploads/2026/01/REPASSE-FAF-COM-POPULACAO-2025.xlsx,data/raw/sao_paulo/fns/repasses_faf_com_populacao/2025/REPASSE-FAF-COM-POPULACAO-2025.xlsx,Manutenção Das Ações E Serviços Públicos De Saúde,ATENÇÃO DE MÉDIA E ALTA COMPLEXIDADE AMBULATORIAL E HOSPITALAR,EMENDA - INCREMENTO TEMPORÁRIO AO CUSTEIO DOS SERVIÇOS DE ASSISTÊNCIA HOSPITALAR E AMBULATORIAL,SP,SAO PAULO,355030,11904961,2025,13851748000140,FUNDO ESTADUAL DE SAUDE - FUNDES,001,01897X,000000223131,ESTADUAL,S,S,N,45873,300000,300000,5514.46,45991
2025,https://portalfns.saude.gov.br/wp-content/uploads/2026/01/REPASSE-FAF-COM-POPULACAO-2025.xlsx,https://portalfns.saude.gov.br/wp-content/uploads/2026/01/REPASSE-FAF-COM-POPULACAO-2025.xlsx,data/raw/sao_paulo/fns/repasses_faf_com_populacao/2025/REPASSE-FAF-COM-POPULACAO-2025.xlsx,Manutenção Das Ações E Serviços Públicos De Saúde,ATENÇÃO DE MÉDIA E ALTA COMPLEXIDADE AMBULATORIAL E HOSPITALAR,EMENDA - INCREMENTO TEMPORÁRIO AO CUSTEIO DOS SERVIÇOS DE ASSISTÊNCIA HOSPITALAR E AMBULATORIAL,SP,SAO PAULO,355030,11904961,2025,13851748000140,FUNDO ESTADUAL DE SAUDE - FUNDES,001,01897X,000000223654,ESTADUAL,S,S,N,45873,200000,200000,3676.31,45991
2025,https://portalfns.saude.gov.br/wp-content/uploads/2026/01/REPASSE-FAF-COM-POPULACAO-2025.xlsx,https://portalfns.saude.gov.br/wp-content/uploads/2026/01/REPASSE-FAF-COM-POPULACAO-2025.xlsx,data/raw/sao_paulo/fns/repasses_faf_com_populacao/2025/REPASSE-FAF-COM-POPULACAO-2025.xlsx,Manutenção Das Ações E Serviços Públicos De Saúde,ATENÇÃO DE MÉDIA E ALTA COMPLEXIDADE AMBULATORIAL E HOSPITALAR,EMENDA - INCREMENTO TEMPORÁRIO AO CUSTEIO DOS SERVIÇOS DE ASSISTÊNCIA HOSPITALAR E AMBULATORIAL,SP,SAO PAULO,355030,11904961,2025,13851748000140,FUNDO ESTADUAL DE SAUDE - FUNDES,001,01897X,000000223778,ESTADUAL,S,S,N,45873,100000,100000,1838.15,45991
2025,https://portalfns.saude.gov.br/wp-content/uploads/2026/01/REPASSE-FAF-COM-POPULACAO-2025.xlsx,https://portalfns.saude.gov.br/wp-content/uploads/2026/01/REPASSE-FAF-COM-POPULACAO-2025.xlsx,data/raw/sao_paulo/fns/repasses_faf_com_populacao/2025/REPASSE-FAF-COM-POPULACAO-2025.xlsx,Manutenção Das Ações E Serviços Públicos De Saúde,ATENÇÃO DE MÉDIA E ALTA COMPLEXIDADE AMBULATORIAL E HOSPITALAR,EMENDA - INCREMENTO TEMPORÁRIO AO CUSTEIO DOS SERVIÇOS DE ASSISTÊNCIA HOSPITALAR E AMBULATORIAL,SP,SAO PAULO,355030,11904961,2025,13851748000140,FUNDO ESTADUAL DE SAUDE - FUNDES,001,01897X,000000223808,ESTADUAL,S,S,N,45873,250000,250000,5353.04,45991
2025,https://portalfns.saude.gov.br/wp-content/uploads/2026/01/REPASSE-FAF-COM-POPULACAO-2025.xlsx,https://portalfns.saude.gov.br/wp-content/uploads/2026/01/REPASSE-FAF-COM-POPULACAO-2025.xlsx,data/raw/sao_paulo/fns/repasses_faf_com_populacao/2025/REPASSE-FAF-COM-POPULACAO-2025.xlsx,Manutenção Das Ações E Serviços Públicos De Saúde,ATENÇÃO DE MÉDIA E ALTA COMPLEXIDADE AMBULATORIAL E HOSPITALAR,EMENDA - INCREMENTO TEMPORÁRIO AO CUSTEIO DOS SERVIÇOS DE ASSISTÊNCIA HOSPITALAR E AMBULATORIAL,SP,SAO PAULO,355030,11904961,2025,13851748000140,FUNDO ESTADUAL DE SAUDE - FUNDES,001,01897X,000000223816,ESTADUAL,S,S,N,45873,50000,50000,919.08,45991
2025,https://portalfns.saude.gov.br/wp-content/uploads/2026/01/REPASSE-FAF-COM-POPULACAO-2025.xlsx,https://portalfns.saude.gov.br/wp-content/uploads/2026/01/REPASSE-FAF-COM-POPULACAO-2025.xlsx,data/raw/sao_paulo/fns/repasses_faf_com_populacao/2025/REPASSE-FAF-COM-POPULACAO-2025.xlsx,Manutenção Das Ações E Serviços Públicos De Saúde,ATENÇÃO DE MÉDIA E ALTA COMPLEXIDADE AMBULATORIAL E HOSPITALAR,EMENDA - INCREMENTO TEMPORÁRIO AO CUSTEIO DOS SERVIÇOS DE ASSISTÊNCIA HOSPITALAR E AMBULATORIAL,SP,SAO PAULO,355030,11904961,2025,13851748000140,FUNDO ESTADUAL DE SAUDE - FUNDES,001,01897X,000000223832,ESTADUAL,S,S,N,45873,100000,100000,3153.04,45991
2025,https://portalfns.saude.gov.br/wp-content/uploads/2026/01/REPASSE-FAF-COM-POPULACAO-2025.xlsx,https://portalfns.saude.gov.br/wp-content/uploads/2026/01/REPASSE-FAF-COM-POPULACAO-2025.xlsx,data/raw/sao_paulo/fns/repasses_faf_com_populacao/2025/REPASSE-FAF-COM-POPULACAO-2025.xlsx,Manutenção Das Ações E Serviços Públicos De Saúde,ATENÇÃO DE MÉDIA E ALTA COMPLEXIDADE AMBULATORIAL E HOSPITALAR,EMENDA - INCREMENTO TEMPORÁRIO AO CUSTEIO DOS SERVIÇOS DE ASSISTÊNCIA HOSPITALAR E AMBULATORIAL,SP,SAO PAULO,355030,11904961,2025,13851748000140,FUNDO ESTADUAL DE SAUDE - FUNDES,001,01897X,000000223921,ESTADUAL,S,S,N,45873,300000,300000,5514.46,45991
2025,https://portalfns.saude.gov.br/wp-content/uploads/2026/01/REPASSE-FAF-COM-POPULACAO-2025.xlsx,https://portalfns.saude.gov.br/wp-content/uploads/2026/01/REPASSE-FAF-COM-POPULACAO-2025.xlsx,data/raw/sao_paulo/fns/repasses_faf_com_populacao/2025/REPASSE-FAF-COM-POPULACAO-2025.xlsx,Manutenção Das Ações E Serviços Públicos De Saúde,ATENÇÃO DE MÉDIA E ALTA COMPLEXIDADE AMBULATORIAL E HOSPITALAR,EMENDA - INCREMENTO TEMPORÁRIO AO CUSTEIO DOS SERVIÇOS DE ASSISTÊNCIA HOSPITALAR E AMBULATORIAL,SP,SAO PAULO,355030,11904961,2025,13851748000140,FUNDO ESTADUAL DE SAUDE - FUNDES,001,01897X,000000223948,ESTADUAL,S,S,N,45873,500000,500000,9190.77,45991
2025,https://portalfns.saude.gov.br/wp-content/uploads/2026/01/REPASSE-FAF-COM-POPULACAO-2025.xlsx,https://portalfns.saude.gov.br/wp-content/uploads/2026/01/REPASSE-FAF-COM-POPULACAO-2025.xlsx,data/raw/sao_paulo/fns/repasses_faf_com_populacao/2025/REPASSE-FAF-COM-POPULACAO-2025.xlsx,Manutenção Das Ações E Serviços Públicos De Saúde,ATENÇÃO DE MÉDIA E ALTA COMPLEXIDADE AMBULATORIAL E HOSPITALAR,EMENDA - INCREMENTO TEMPORÁRIO AO CUSTEIO DOS SERVIÇOS DE ASSISTÊNCIA HOSPITALAR E AMBULATORIAL,SP,SAO PAULO,355030,11904961,2025,13851748000140,FUNDO ESTADUAL DE SAUDE - FUNDES,001,01897X,000000224073,ESTADUAL,S,S,N,45873,200000,200000,3677.88,45991
2025,https://portalfns.saude.gov.br/wp-content/uploads/2026/01/REPASSE-FAF-COM-POPULACAO-2025.xlsx,https://portalfns.saude.gov.br/wp-content/uploads/2026/01/REPASSE-FAF-COM-POPULACAO-2025.xlsx,data/raw/sao_paulo/fns/repasses_faf_com_populacao/2025/REPASSE-FAF-COM-POPULACAO-2025.xlsx,Manutenção Das Ações E Serviços Públicos De Saúde,ATENÇÃO DE MÉDIA E ALTA COMPLEXIDADE AMBULATORIAL E HOSPITALAR,EMENDA - INCREMENTO TEMPORÁRIO AO CUSTEIO DOS SERVIÇOS DE ASSISTÊNCIA HOSPITALAR E AMBULATORIAL,SP,SAO PAULO,355030,11904961,2025,13851748000140,FUNDO ESTADUAL DE SAUDE - FUNDES,001,01897X,000000224103,ESTADUAL,S,S,N,45873,300000,300000,5516.83,45991
2025,https://portalfns.saude.gov.br/wp-content/uploads/2026/01/REPASSE-FAF-COM-POPULACAO-2025.xlsx,https://portalfns.saude.gov.br/wp-content/uploads/2026/01/REPASSE-FAF-COM-POPULACAO-2025.xlsx,data/raw/sao_paulo/fns/repasses_faf_com_populacao/2025/REPASSE-FAF-COM-POPULACAO-2025.xlsx,Manutenção Das Ações E Serviços Públicos De Saúde,ATENÇÃO DE MÉDIA E ALTA COMPLEXIDADE AMBULATORIAL E HOSPITALAR,EMENDA - INCREMENTO TEMPORÁRIO AO CUSTEIO DOS SERVIÇOS DE ASSISTÊNCIA HOSPITALAR E AMBULATORIAL,SP,SAO PAULO,355030,11904961,2025,13851748000140,FUNDO ESTADUAL DE SAUDE - FUNDES,001,01897X,000000224138,ESTADUAL,S,S,N,45873,300000,300000,5516.83,45991
2025,https://portalfns.saude.gov.br/wp-content/uploads/2026/01/REPASSE-FAF-COM-POPULACAO-2025.xlsx,https://portalfns.saude.gov.br/wp-content/uploads/2026/01/REPASSE-FAF-COM-POPULACAO-2025.xlsx,data/raw/sao_paulo/fns/repasses_faf_com_populacao/2025/REPASSE-FAF-COM-POPULACAO-2025.xlsx,Manutenção Das Ações E Serviços Públicos De Saúde,ATENÇÃO DE MÉDIA E ALTA COMPLEXIDADE AMBULATORIAL E HOSPITALAR,EMENDA - INCREMENTO TEMPORÁRIO AO CUSTEIO DOS SERVIÇOS DE ASSISTÊNCIA HOSPITALAR E AMBULATORIAL,SP,SAO PAULO,355030,11904961,2025,13851748000140,FUNDO ESTADUAL DE SAUDE - FUNDES,001,01897X,000000224146,ESTADUAL,S,S,N,45873,50000,50000,919.47,45991
2025,https://portalfns.saude.gov.br/wp-content/uploads/2026/01/REPASSE-FAF-COM-POPULACAO-2025.xlsx,https://portalfns.saude.gov.br/wp-content/uploads/2026/01/REPASSE-FAF-COM-POPULACAO-2025.xlsx,data/raw/sao_paulo/fns/repasses_faf_com_populacao/2025/REPASSE-FAF-COM-POPULACAO-2025.xlsx,Manutenção Das Ações E Serviços Públicos De Saúde,ATENÇÃO DE MÉDIA E ALTA COMPLEXIDADE AMBULATORIAL E HOSPITALAR,EMENDA - INCREMENTO TEMPORÁRIO AO CUSTEIO DOS SERVIÇOS DE ASSISTÊNCIA HOSPITALAR E AMBULATORIAL,SP,SAO PAULO,355030,11904961,2025,13851748000140,FUNDO ESTADUAL DE SAUDE - FUNDES,001,01897X,000000224197,ESTADUAL,S,S,N,45873,200000,200000,3677.88,45991
2025,https://portalfns.saude.gov.br/wp-content/uploads/2026/01/REPASSE-FAF-COM-POPULACAO-2025.xlsx,https://portalfns.saude.gov.br/wp-content/uploads/2026/01/REPASSE-FAF-COM-POPULACAO-2025.xlsx,data/raw/sao_paulo/fns/repasses_faf_com_populacao/2025/REPASSE-FAF-COM-POPULACAO-2025.xlsx,Manutenção Das Ações E Serviços Públicos De Saúde,ATENÇÃO DE MÉDIA E ALTA COMPLEXIDADE AMBULATORIAL E HOSPITALAR,EMENDA - INCREMENTO TEMPORÁRIO AO CUSTEIO DOS SERVIÇOS DE ASSISTÊNCIA HOSPITALAR E AMBULATORIAL,SP,SAO PAULO,355030,11904961,2025,13851748000140,FUNDO ESTADUAL DE SAUDE - FUNDES,001,01897X,000000224219,ESTADUAL,S,S,N,45873,200000,200000,4284.2700000000004,45991
2025,https://portalfns.saude.gov.br/wp-content/uploads/2026/01/REPASSE-FAF-COM-POPULACAO-2025.xlsx,https://portalfns.saude.gov.br/wp-content/uploads/2026/01/REPASSE-FAF-COM-POPULACAO-2025.xlsx,data/raw/sao_paulo/fns/repasses_faf_com_populacao/2025/REPASSE-FAF-COM-POPULACAO-2025.xlsx,Manutenção Das Ações E Serviços Públicos De Saúde,ATENÇÃO DE MÉDIA E ALTA COMPLEXIDADE AMBULATORIAL E HOSPITALAR,EMENDA - INCREMENTO TEMPORÁRIO AO CUSTEIO DOS SERVIÇOS DE ASSISTÊNCIA HOSPITALAR E AMBULATORIAL,SP,SAO PAULO,355030,11904961,2025,13851748000140,FUNDO ESTADUAL DE SAUDE - FUNDES,001,01897X,000000224235,ESTADUAL,S,S,N,45873,2000000,2000000,36778.839999999997,45991
2025,https://portalfns.saude.gov.br/wp-content/uploads/2026/01/REPASSE-FAF-COM-POPULACAO-2025.xlsx,https://portalfns.saude.gov.br/wp-content/uploads/2026/01/REPASSE-FAF-COM-POPULACAO-2025.xlsx,data/raw/sao_paulo/fns/repasses_faf_com_populacao/2025/REPASSE-FAF-COM-POPULACAO-2025.xlsx,Manutenção Das Ações E Serviços Públicos De Saúde,ATENÇÃO DE MÉDIA E ALTA COMPLEXIDADE AMBULATORIAL E HOSPITALAR,EMENDA - INCREMENTO TEMPORÁRIO AO CUSTEIO DOS SERVIÇOS DE ASSISTÊNCIA HOSPITALAR E AMBULATORIAL,SP,SAO PAULO,355030,11904961,2025,13851748000140,FUNDO ESTADUAL DE SAUDE - FUNDES,001,01897X,000000224286,ESTADUAL,S,S,N,45873,200000,200000,3677.88,45991
2025,https://portalfns.saude.gov.br/wp-content/uploads/2026/01/REPASSE-FAF-COM-POPULACAO-2025.xlsx,https://portalfns.saude.gov.br/wp-content/uploads/2026/01/REPASSE-FAF-COM-POPULACAO-2025.xlsx,data/raw/sao_paulo/fns/repasses_faf_com_populacao/2025/REPASSE-FAF-COM-POPULACAO-2025.xlsx,Manutenção Das Ações E Serviços Públicos De Saúde,ATENÇÃO DE MÉDIA E ALTA COMPLEXIDADE AMBULATORIAL E HOSPITALAR,EMENDA - INCREMENTO TEMPORÁRIO AO CUSTEIO DOS SERVIÇOS DE ASSISTÊNCIA HOSPITALAR E AMBULATORIAL,SP,SAO PAULO,355030,11904961,2025,13851748000140,FUNDO ESTADUAL DE SAUDE - FUNDES,001,01897X,000000224294,ESTADUAL,S,S,N,45873,100000,100000,1838.94,45991
2025,https://portalfns.saude.gov.br/wp-content/uploads/2026/01/REPASSE-FAF-COM-POPULACAO-2025.xlsx,https://portalfns.saude.gov.br/wp-content/uploads/2026/01/REPASSE-FAF-COM-POPULACAO-2025.xlsx,data/raw/sao_paulo/fns/repasses_faf_com_populacao/2025/REPASSE-FAF-COM-POPULACAO-2025.xlsx,Manutenção Das Ações E Serviços Públicos De Saúde,ATENÇÃO DE MÉDIA E ALTA COMPLEXIDADE AMBULATORIAL E HOSPITALAR,EMENDA - INCREMENTO TEMPORÁRIO AO CUSTEIO DOS SERVIÇOS DE ASSISTÊNCIA HOSPITALAR E AMBULATORIAL,SP,SAO PAULO,355030,11904961,2025,13851748000140,FUNDO ESTADUAL DE SAUDE - FUNDES,001,01897X,000000224308,ESTADUAL,S,S,N,45873,200000,200000,3677.88,45991
2025,https://portalfns.saude.gov.br/wp-content/uploads/2026/01/REPASSE-FAF-COM-POPULACAO-2025.xlsx,https://portalfns.saude.gov.br/wp-content/uploads/2026/01/REPASSE-FAF-COM-POPULACAO-2025.xlsx,data/raw/sao_paulo/fns/repasses_faf_com_populacao/2025/REPASSE-FAF-COM-POPULACAO-2025.xlsx,Manutenção Das Ações E Serviços Públicos De Saúde,ATENÇÃO DE MÉDIA E ALTA COMPLEXIDADE AMBULATORIAL E HOSPITALAR,EMENDA - INCREMENTO TEMPORÁRIO AO CUSTEIO DOS SERVIÇOS DE ASSISTÊNCIA HOSPITALAR E AMBULATORIAL,SP,SAO PAULO,355030,11904961,2025,13851748000140,FUNDO ESTADUAL DE SAUDE - FUNDES,001,01897X,000000224367,ESTADUAL,S,S,N,45873,100000,100000,1838.94,45991
2025,https://portalfns.saude.gov.br/wp-content/uploads/2026/01/REPASSE-FAF-COM-POPULACAO-2025.xlsx,https://portalfns.saude.gov.br/wp-content/uploads/2026/01/REPASSE-FAF-COM-POPULACAO-2025.xlsx,data/raw/sao_paulo/fns/repasses_faf_com_populacao/2025/REPASSE-FAF-COM-POPULACAO-2025.xlsx,Manutenção Das Ações E Serviços Públicos De Saúde,ATENÇÃO DE MÉDIA E ALTA COMPLEXIDADE AMBULATORIAL E HOSPITALAR,EMENDA - INCREMENTO TEMPORÁRIO AO CUSTEIO DOS SERVIÇOS DE ASSISTÊNCIA HOSPITALAR E AMBULATORIAL,SP,SAO PAULO,355030,11904961,2025,13851748000140,FUNDO ESTADUAL DE SAUDE - FUNDES,001,01897X,000000224375,ESTADUAL,S,S,N,45873,200000,200000,3677.88,45991
2025,https://portalfns.saude.gov.br/wp-content/uploads/2026/01/REPASSE-FAF-COM-POPULACAO-2025.xlsx,https://portalfns.saude.gov.br/wp-content/uploads/2026/01/REPASSE-FAF-COM-POPULACAO-2025.xlsx,data/raw/sao_paulo/fns/repasses_faf_com_populacao/2025/REPASSE-FAF-COM-POPULACAO-2025.xlsx,Manutenção Das Ações E Serviços Públicos De Saúde,ATENÇÃO DE MÉDIA E ALTA COMPLEXIDADE AMBULATORIAL E HOSPITALAR,EMENDA - INCREMENTO TEMPORÁRIO AO CUSTEIO DOS SERVIÇOS DE ASSISTÊNCIA HOSPITALAR E AMBULATORIAL,SP,SAO PAULO,355030,11904961,2025,13851748000140,FUNDO ESTADUAL DE SAUDE - FUNDES,001,01897X,000000224421,ESTADUAL,S,S,N,45873,100000,100000,1838.94,45991
2025,https://portalfns.saude.gov.br/wp-content/uploads/2026/01/REPASSE-FAF-COM-POPULACAO-2025.xlsx,https://portalfns.saude.gov.br/wp-content/uploads/2026/01/REPASSE-FAF-COM-POPULACAO-2025.xlsx,data/raw/sao_paulo/fns/repasses_faf_com_populacao/2025/REPASSE-FAF-COM-POPULACAO-2025.xlsx,Manutenção Das Ações E Serviços Públicos De Saúde,ATENÇÃO DE MÉDIA E ALTA COMPLEXIDADE AMBULATORIAL E HOSPITALAR,EMENDA - INCREMENTO TEMPORÁRIO AO CUSTEIO DOS SERVIÇOS DE ASSISTÊNCIA HOSPITALAR E AMBULATORIAL,SP,SAO PAULO,355030,11904961,2025,13851748000140,FUNDO ESTADUAL DE SAUDE - FUNDES,001,01897X,000000224529,ESTADUAL,S,S,N,45873,300000,300000,5646.05,45991
2025,https://portalfns.saude.gov.br/wp-content/uploads/2026/01/REPASSE-FAF-COM-POPULACAO-2025.xlsx,https://portalfns.saude.gov.br/wp-content/uploads/2026/01/REPASSE-FAF-COM-POPULACAO-2025.xlsx,data/raw/sao_paulo/fns/repasses_faf_com_populacao/2025/REPASSE-FAF-COM-POPULACAO-2025.xlsx,Manutenção Das Ações E Serviços Públicos De Saúde,ATENÇÃO DE MÉDIA E ALTA COMPLEXIDADE AMBULATORIAL E HOSPITALAR,EMENDA - INCREMENTO TEMPORÁRIO AO CUSTEIO DOS SERVIÇOS DE ASSISTÊNCIA HOSPITALAR E AMBULATORIAL,SP,SAO PAULO,355030,11904961,2025,13851748000140,FUNDO ESTADUAL DE SAUDE - FUNDES,001,01897X,000000224553,ESTADUAL,S,S,N,45873,200000,200000,3764.03,45991
2025,https://portalfns.saude.gov.br/wp-content/uploads/2026/01/REPASSE-FAF-COM-POPULACAO-2025.xlsx,https://portalfns.saude.gov.br/wp-content/uploads/2026/01/REPASSE-FAF-COM-POPULACAO-2025.xlsx,data/raw/sao_paulo/fns/repasses_faf_com_populacao/2025/REPASSE-FAF-COM-POPULACAO-2025.xlsx,Manutenção Das Ações E Serviços Públicos De Saúde,ATENÇÃO DE MÉDIA E ALTA COMPLEXIDADE AMBULATORIAL E HOSPITALAR,EMENDA - INCREMENTO TEMPORÁRIO AO CUSTEIO DOS SERVIÇOS DE ASSISTÊNCIA HOSPITALAR E AMBULATORIAL,SP,SAO PAULO,355030,11904961,2025,13851748000140,FUNDO ESTADUAL DE SAUDE - FUNDES,001,01897X,000000224634,ESTADUAL,S,S,N,45873,250000,250000,5355.33,45991
2025,https://portalfns.saude.gov.br/wp-content/uploads/2026/01/REPASSE-FAF-COM-POPULACAO-2025.xlsx,https://portalfns.saude.gov.br/wp-content/uploads/2026/01/REPASSE-FAF-COM-POPULACAO-2025.xlsx,data/raw/sao_paulo/fns/repasses_faf_com_populacao/2025/REPASSE-FAF-COM-POPULACAO-2025.xlsx,Manutenção Das Ações E Serviços Públicos De Saúde,ATENÇÃO DE MÉDIA E ALTA COMPLEXIDADE AMBULATORIAL E HOSPITALAR,EMENDA - INCREMENTO TEMPORÁRIO AO CUSTEIO DOS SERVIÇOS DE ASSISTÊNCIA HOSPITALAR E AMBULATORIAL,SP,SAO PAULO,355030,11904961,2025,13851748000140,FUNDO ESTADUAL DE SAUDE - FUNDES,001,01897X,000000224987,ESTADUAL,S,S,N,45873,100000,100000,1882.02,45991
2025,https://portalfns.saude.gov.br/wp-content/uploads/2026/01/REPASSE-FAF-COM-POPULACAO-2025.xlsx,https://portalfns.saude.gov.br/wp-content/uploads/2026/01/REPASSE-FAF-COM-POPULACAO-2025.xlsx,data/raw/sao_paulo/fns/repasses_faf_com_populacao/2025/REPASSE-FAF-COM-POPULACAO-2025.xlsx,Manutenção Das Ações E Serviços Públicos De Saúde,ATENÇÃO DE MÉDIA E ALTA COMPLEXIDADE AMBULATORIAL E HOSPITALAR,EMENDA - INCREMENTO TEMPORÁRIO AO CUSTEIO DOS SERVIÇOS DE ASSISTÊNCIA HOSPITALAR E AMBULATORIAL,SP,SAO PAULO,355030,11904961,2025,13851748000140,FUNDO ESTADUAL DE SAUDE - FUNDES,001,01897X,000000225126,ESTADUAL,S,S,N,45873,500000,500000,9414.1299999999992,45991
2025,https://portalfns.saude.gov.br/wp-content/uploads/2026/01/REPASSE-FAF-COM-POPULACAO-2025.xlsx,https://portalfns.saude.gov.br/wp-content/uploads/2026/01/REPASSE-FAF-COM-POPULACAO-2025.xlsx,data/raw/sao_paulo/fns/repasses_faf_com_populacao/2025/REPASSE-FAF-COM-POPULACAO-2025.xlsx,Manutenção Das Ações E Serviços Públicos De Saúde,ATENÇÃO DE MÉDIA E ALTA COMPLEXIDADE AMBULATORIAL E HOSPITALAR,EMENDA - INCREMENTO TEMPORÁRIO AO CUSTEIO DOS SERVIÇOS DE ASSISTÊNCIA HOSPITALAR E AMBULATORIAL,SP,SAO PAULO,355030,11904961,2025,13851748000140,FUNDO ESTADUAL DE SAUDE - FUNDES,001,01897X,000000225150,ESTADUAL,S,S,N,45873,200000,200000,3765.65,45991
2025,https://portalfns.saude.gov.br/wp-content/uploads/2026/01/REPASSE-FAF-COM-POPULACAO-2025.xlsx,https://portalfns.saude.gov.br/wp-content/uploads/2026/01/REPASSE-FAF-COM-POPULACAO-2025.xlsx,data/raw/sao_paulo/fns/repasses_faf_com_populacao/2025/REPASSE-FAF-COM-POPULACAO-2025.xlsx,Manutenção Das Ações E Serviços Públicos De Saúde,ATENÇÃO DE MÉDIA E ALTA COMPLEXIDADE AMBULATORIAL E HOSPITALAR,EMENDA - INCREMENTO TEMPORÁRIO AO CUSTEIO DOS SERVIÇOS DE ASSISTÊNCIA HOSPITALAR E AMBULATORIAL,SP,SAO PAULO,355030,11904961,2025,13851748000140,FUNDO ESTADUAL DE SAUDE - FUNDES,001,01897X,000000225304,ESTADUAL,S,S,N,45873,150000,150000,2824.24,45991
2025,https://portalfns.saude.gov.br/wp-content/uploads/2026/01/REPASSE-FAF-COM-POPULACAO-2025.xlsx,https://portalfns.saude.gov.br/wp-content/uploads/2026/01/REPASSE-FAF-COM-POPULACAO-2025.xlsx,data/raw/sao_paulo/fns/repasses_faf_com_populacao/2025/REPASSE-FAF-COM-POPULACAO-2025.xlsx,Manutenção Das Ações E Serviços Públicos De Saúde,ATENÇÃO DE MÉDIA E ALTA COMPLEXIDADE AMBULATORIAL E HOSPITALAR,EMENDA - INCREMENTO TEMPORÁRIO AO CUSTEIO DOS SERVIÇOS DE ASSISTÊNCIA HOSPITALAR E AMBULATORIAL,SP,SAO PAULO,355030,11904961,2025,13851748000140,FUNDO ESTADUAL DE SAUDE - FUNDES,001,01897X,000000225339,ESTADUAL,S,S,N,45873,1000000,1000000,18828.25,45991
2025,https://portalfns.saude.gov.br/wp-content/uploads/2026/01/REPASSE-FAF-COM-POPULACAO-2025.xlsx,https://portalfns.saude.gov.br/wp-content/uploads/2026/01/REPASSE-FAF-COM-POPULACAO-2025.xlsx,data/raw/sao_paulo/fns/repasses_faf_com_populacao/2025/REPASSE-FAF-COM-POPULACAO-2025.xlsx,Manutenção Das Ações E Serviços Públicos De Saúde,ATENÇÃO DE MÉDIA E ALTA COMPLEXIDADE AMBULATORIAL E HOSPITALAR,EMENDA - INCREMENTO TEMPORÁRIO AO CUSTEIO DOS SERVIÇOS DE ASSISTÊNCIA HOSPITALAR E AMBULATORIAL,SP,SAO PAULO,355030,11904961,2025,13851748000140,FUNDO ESTADUAL DE SAUDE - FUNDES,001,01897X,000000225347,ESTADUAL,S,S,N,45873,500000,500000,9414.1299999999992,45991
2025,https://portalfns.saude.gov.br/wp-content/uploads/2026/01/REPASSE-FAF-COM-POPULACAO-2025.xlsx,https://portalfns.saude.gov.br/wp-content/uploads/2026/01/REPASSE-FAF-COM-POPULACAO-2025.xlsx,data/raw/sao_paulo/fns/repasses_faf_com_populacao/2025/REPASSE-FAF-COM-POPULACAO-2025.xlsx,Manutenção Das Ações E Serviços Públicos De Saúde,ATENÇÃO DE MÉDIA E ALTA COMPLEXIDADE AMBULATORIAL E HOSPITALAR,EMENDA - INCREMENTO TEMPORÁRIO AO CUSTEIO DOS SERVIÇOS DE ASSISTÊNCIA HOSPITALAR E AMBULATORIAL,SP,SAO PAULO,355030,11904961,2025,13851748000140,FUNDO ESTADUAL DE SAUDE - FUNDES,001,01897X,000000225363,ESTADUAL,S,S,N,45873,500000,500000,9414.1299999999992,45991
2025,https://portalfns.saude.gov.br/wp-content/uploads/2026/01/REPASSE-FAF-COM-POPULACAO-2025.xlsx,https://portalfns.saude.gov.br/wp-content/uploads/2026/01/REPASSE-FAF-COM-POPULACAO-2025.xlsx,data/raw/sao_paulo/fns/repasses_faf_com_populacao/2025/REPASSE-FAF-COM-POPULACAO-2025.xlsx,Manutenção Das Ações E Serviços Públicos De Saúde,ATENÇÃO DE MÉDIA E ALTA COMPLEXIDADE AMBULATORIAL E HOSPITALAR,EMENDA - INCREMENTO TEMPORÁRIO AO CUSTEIO DOS SERVIÇOS DE ASSISTÊNCIA HOSPITALAR E AMBULATORIAL,SP,SAO PAULO,355030,11904961,2025,13851748000140,FUNDO ESTADUAL DE SAUDE - FUNDES,001,01897X,000000225665,ESTADUAL,S,S,N,45873,100000,100000,1882.83,45991
2025,https://portalfns.saude.gov.br/wp-content/uploads/2026/01/REPASSE-FAF-COM-POPULACAO-2025.xlsx,https://portalfns.saude.gov.br/wp-content/uploads/2026/01/REPASSE-FAF-COM-POPULACAO-2025.xlsx,data/raw/sao_paulo/fns/repasses_faf_com_populacao/2025/REPASSE-FAF-COM-POPULACAO-2025.xlsx,Manutenção Das Ações E Serviços Públicos De Saúde,ATENÇÃO DE MÉDIA E ALTA COMPLEXIDADE AMBULATORIAL E HOSPITALAR,EMENDA - INCREMENTO TEMPORÁRIO AO CUSTEIO DOS SERVIÇOS DE ASSISTÊNCIA HOSPITALAR E AMBULATORIAL,SP,SAO PAULO,355030,11904961,2025,13851748000140,FUNDO ESTADUAL DE SAUDE - FUNDES,001,01897X,000000225681,ESTADUAL,S,S,N,45873,400000,400000,7531.3,45991
2025,https://portalfns.saude.gov.br/wp-content/uploads/2026/01/REPASSE-FAF-COM-POPULACAO-2025.xlsx,https://portalfns.saude.gov.br/wp-content/uploads/2026/01/REPASSE-FAF-COM-POPULACAO-2025.xlsx,data/raw/sao_paulo/fns/repasses_faf_com_populacao/2025/REPASSE-FAF-COM-POPULACAO-2025.xlsx,Manutenção Das Ações E Serviços Públicos De Saúde,ATENÇÃO DE MÉDIA E ALTA COMPLEXIDADE AMBULATORIAL E HOSPITALAR,EMENDA - INCREMENTO TEMPORÁRIO AO CUSTEIO DOS SERVIÇOS DE ASSISTÊNCIA HOSPITALAR E AMBULATORIAL,SP,SAO PAULO,355030,11904961,2025,13851748000140,FUNDO ESTADUAL DE SAUDE - FUNDES,001,01897X,000000225754,ESTADUAL,S,S,N,45873,250000,250000,4707.0600000000004,45991
2025,https://portalfns.saude.gov.br/wp-content/uploads/2026/01/REPASSE-FAF-COM-POPULACAO-2025.xlsx,https://portalfns.saude.gov.br/wp-content/uploads/2026/01/REPASSE-FAF-COM-POPULACAO-2025.xlsx,data/raw/sao_paulo/fns/repasses_faf_com_populacao/2025/REPASSE-FAF-COM-POPULACAO-2025.xlsx,Manutenção Das Ações E Serviços Públicos De Saúde,ATENÇÃO DE MÉDIA E ALTA COMPLEXIDADE AMBULATORIAL E HOSPITALAR,EMENDA - INCREMENTO TEMPORÁRIO AO CUSTEIO DOS SERVIÇOS DE ASSISTÊNCIA HOSPITALAR E AMBULATORIAL,SP,SAO PAULO,355030,11904961,2025,13851748000140,FUNDO ESTADUAL DE SAUDE - FUNDES,001,01897X,000000225789,ESTADUAL,S,S,N,45873,100000,100000,1882.83,45991
2025,https://portalfns.saude.gov.br/wp-content/uploads/2026/01/REPASSE-FAF-COM-POPULACAO-2025.xlsx,https://portalfns.saude.gov.br/wp-content/uploads/2026/01/REPASSE-FAF-COM-POPULACAO-2025.xlsx,data/raw/sao_paulo/fns/repasses_faf_com_populacao/2025/REPASSE-FAF-COM-POPULACAO-2025.xlsx,Manutenção Das Ações E Serviços Públicos De Saúde,ATENÇÃO DE MÉDIA E ALTA COMPLEXIDADE AMBULATORIAL E HOSPITALAR,EMENDA - INCREMENTO TEMPORÁRIO AO CUSTEIO DOS SERVIÇOS DE ASSISTÊNCIA HOSPITALAR E AMBULATORIAL,SP,SAO PAULO,355030,11904961,2025,13851748000140,FUNDO ESTADUAL DE SAUDE - FUNDES,001,01897X,000000225797,ESTADUAL,S,S,N,45873,100000,100000,1882.83,45991
2025,https://portalfns.saude.gov.br/wp-content/uploads/2026/01/REPASSE-FAF-COM-POPULACAO-2025.xlsx,https://portalfns.saude.gov.br/wp-content/uploads/2026/01/REPASSE-FAF-COM-POPULACAO-2025.xlsx,data/raw/sao_paulo/fns/repasses_faf_com_populacao/2025/REPASSE-FAF-COM-POPULACAO-2025.xlsx,Manutenção Das Ações E Serviços Públicos De Saúde,ATENÇÃO DE MÉDIA E ALTA COMPLEXIDADE AMBULATORIAL E HOSPITALAR,EMENDA - INCREMENTO TEMPORÁRIO AO CUSTEIO DOS SERVIÇOS DE ASSISTÊNCIA HOSPITALAR E AMBULATORIAL,SP,SAO PAULO,355030,11904961,2025,13851748000140,FUNDO ESTADUAL DE SAUDE - FUNDES,001,01897X,000000225851,ESTADUAL,S,S,N,45873,100000,100000,1882.83,45991
2025,https://portalfns.saude.gov.br/wp-content/uploads/2026/01/REPASSE-FAF-COM-POPULACAO-2025.xlsx,https://portalfns.saude.gov.br/wp-content/uploads/2026/01/REPASSE-FAF-COM-POPULACAO-2025.xlsx,data/raw/sao_paulo/fns/repasses_faf_com_populacao/2025/REPASSE-FAF-COM-POPULACAO-2025.xlsx,Manutenção Das Ações E Serviços Públicos De Saúde,ATENÇÃO DE MÉDIA E ALTA COMPLEXIDADE AMBULATORIAL E HOSPITALAR,EMENDA - INCREMENTO TEMPORÁRIO AO CUSTEIO DOS SERVIÇOS DE ASSISTÊNCIA HOSPITALAR E AMBULATORIAL,SP,SAO PAULO,355030,11904961,2025,13851748000140,FUNDO ESTADUAL DE SAUDE - FUNDES,001,01897X,000000226173,ESTADUAL,S,S,N,45873,700000,700000,13179.78,45991
2025,https://portalfns.saude.gov.br/wp-content/uploads/2026/01/REPASSE-FAF-COM-POPULACAO-2025.xlsx,https://portalfns.saude.gov.br/wp-content/uploads/2026/01/REPASSE-FAF-COM-POPULACAO-2025.xlsx,data/raw/sao_paulo/fns/repasses_faf_com_populacao/2025/REPASSE-FAF-COM-POPULACAO-2025.xlsx,Manutenção Das Ações E Serviços Públicos De Saúde,ASSISTÊNCIA FARMACÊUTICA,PNAISP - PROMOÇÃO DA ASSISTÊNCIA FARMACÊUTICA E INSUMOS ESTRATÉGICOS NA ATENÇÃO BÁSICA EM SAÚDE,SP,SAO PAULO,355030,11904961,2025,13851748000140,FUNDO ESTADUAL DE SAUDE - FUNDES,001,01897X,000000190462,ESTADUAL,S,S,N,45868,3568322.07,3568322.07,4232584388.9099998,45991
2025,https://portalfns.saude.gov.br/wp-content/uploads/2026/01/REPASSE-FAF-COM-POPULACAO-2025.xlsx,https://portalfns.saude.gov.br/wp-content/uploads/2026/01/REPASSE-FAF-COM-POPULACAO-2025.xlsx,data/raw/sao_paulo/fns/repasses_faf_com_populacao/2025/REPASSE-FAF-COM-POPULACAO-2025.xlsx,Manutenção Das Ações E Serviços Públicos De Saúde,ATENÇÃO DE MÉDIA E ALTA COMPLEXIDADE AMBULATORIAL E HOSPITALAR,EMENDA - INCREMENTO TEMPORÁRIO AO CUSTEIO DOS SERVIÇOS DE ASSISTÊNCIA HOSPITALAR E AMBULATORIAL,SP,SAO PAULO,355030,11904961,2025,13864377000130,FUNDO MUNICIPAL DE SAUDE - FMS,001,01897X,00000022264X,MUNICIPAL,N,S,N,45847,1000000,1000000,1043867.82,45991
2025,https://portalfns.saude.gov.br/wp-content/uploads/2026/01/REPASSE-FAF-COM-POPULACAO-2025.xlsx,https://portalfns.saude.gov.br/wp-content/uploads/2026/01/REPASSE-FAF-COM-POPULACAO-2025.xlsx,data/raw/sao_paulo/fns/repasses_faf_com_populacao/2025/REPASSE-FAF-COM-POPULACAO-2025.xlsx,Manutenção Das Ações E Serviços Públicos De Saúde,ATENÇÃO DE MÉDIA E ALTA COMPLEXIDADE AMBULATORIAL E HOSPITALAR,INCREMENTO FINANCEIRO DESTINADO A EMERGENCIAS EM SAUDE PUBLICA NO AMBITO DA ATENCAO ESPECIALIZADA A SAUDE,SP,SAO PAULO,355030,11904961,2025,13851748000140,FUNDO ESTADUAL DE SAUDE - FUNDES,001,01897X,000000190462,ESTADUAL,S,S,N,45846,6710290,6710290,4232584388.9099998,45991
2025,https://portalfns.saude.gov.br/wp-content/uploads/2026/01/REPASSE-FAF-COM-POPULACAO-2025.xlsx,https://portalfns.saude.gov.br/wp-content/uploads/2026/01/REPASSE-FAF-COM-POPULACAO-2025.xlsx,data/raw/sao_paulo/fns/repasses_faf_com_populacao/2025/REPASSE-FAF-COM-POPULACAO-2025.xlsx,Manutenção Das Ações E Serviços Públicos De Saúde,ATENÇÃO DE MÉDIA E ALTA COMPLEXIDADE AMBULATORIAL E HOSPITALAR,FAEC - CIRURGIA CARDÍACA PEDIÁTRICA,SP,SAO PAULO,355030,11904961,2025,13864377000130,FUNDO MUNICIPAL DE SAUDE - FMS,001,01897X,000000190470,MUNICIPAL,N,S,N,45838,21210.06,21210.06,536005569.63999999,45991
2025,https://portalfns.saude.gov.br/wp-content/uploads/2026/01/REPASSE-FAF-COM-POPULACAO-2025.xlsx,https://portalfns.saude.gov.br/wp-content/uploads/2026/01/REPASSE-FAF-COM-POPULACAO-2025.xlsx,data/raw/sao_paulo/fns/repasses_faf_com_populacao/2025/REPASSE-FAF-COM-POPULACAO-2025.xlsx,Manutenção Das Ações E Serviços Públicos De Saúde,ATENÇÃO DE MÉDIA E ALTA COMPLEXIDADE AMBULATORIAL E HOSPITALAR,EMENDA - INCREMENTO TEMPORÁRIO AO CUSTEIO DOS SERVIÇOS DE ASSISTÊNCIA HOSPITALAR E AMBULATORIAL,SP,SAO PAULO,355030,11904961,2025,13864377000130,FUNDO MUNICIPAL DE SAUDE - FMS,001,01897X,000000222275,MUNICIPAL,N,S,N,45824,880190,880190,925121.27,45991
2025,https://portalfns.saude.gov.br/wp-content/uploads/2026/01/REPASSE-FAF-COM-POPULACAO-2025.xlsx,https://portalfns.saude.gov.br/wp-content/uploads/2026/01/REPASSE-FAF-COM-POPULACAO-2025.xlsx,data/raw/sao_paulo/fns/repasses_faf_com_populacao/2025/REPASSE-FAF-COM-POPULACAO-2025.xlsx,Manutenção Das Ações E Serviços Públicos De Saúde,VIGILÂNCIA EM SAÚDE,INCREMENTO FINANCEIRO DESTINADO A EMERGENCIAS EM SAUDE PUBLICA NO AMBITO DA VIGILANCIA EM SAUDE,SP,SAO PAULO,355030,11904961,2025,13851748000140,FUNDO ESTADUAL DE SAUDE - FUNDES,001,01897X,000000190462,ESTADUAL,S,S,N,45820,3017623.1,3017623.1,4232584388.9099998,45991
2025,https://portalfns.saude.gov.br/wp-content/uploads/2026/01/REPASSE-FAF-COM-POPULACAO-2025.xlsx,https://portalfns.saude.gov.br/wp-content/uploads/2026/01/REPASSE-FAF-COM-POPULACAO-2025.xlsx,data/raw/sao_paulo/fns/repasses_faf_com_populacao/2025/REPASSE-FAF-COM-POPULACAO-2025.xlsx,Manutenção Das Ações E Serviços Públicos De Saúde,ATENÇÃO DE MÉDIA E ALTA COMPLEXIDADE AMBULATORIAL E HOSPITALAR,EMENDA - INCREMENTO TEMPORÁRIO AO CUSTEIO DOS SERVIÇOS DE ASSISTÊNCIA HOSPITALAR E AMBULATORIAL,SP,SAO PAULO,355030,11904961,2025,13851748000140,FUNDO ESTADUAL DE SAUDE - FUNDES,001,01897X,000000222054,ESTADUAL,S,S,N,45807,2150000,2150000,0,45991
2025,https://portalfns.saude.gov.br/wp-content/uploads/2026/01/REPASSE-FAF-COM-POPULACAO-2025.xlsx,https://portalfns.saude.gov.br/wp-content/uploads/2026/01/REPASSE-FAF-COM-POPULACAO-2025.xlsx,data/raw/sao_paulo/fns/repasses_faf_com_populacao/2025/REPASSE-FAF-COM-POPULACAO-2025.xlsx,Manutenção Das Ações E Serviços Públicos De Saúde,ATENÇÃO DE MÉDIA E ALTA COMPLEXIDADE AMBULATORIAL E HOSPITALAR,FAEC - CIRURGIA DA FACE E DO SISTEMA ESTOMATOGNÁTICO,SP,SAO PAULO,355030,11904961,2025,13864377000130,FUNDO MUNICIPAL DE SAUDE - FMS,001,01897X,000000190470,MUNICIPAL,N,S,N,45807,659.03,659.03,536005569.63999999,45991
2025,https://portalfns.saude.gov.br/wp-content/uploads/2026/01/REPASSE-FAF-COM-POPULACAO-2025.xlsx,https://portalfns.saude.gov.br/wp-content/uploads/2026/01/REPASSE-FAF-COM-POPULACAO-2025.xlsx,data/raw/sao_paulo/fns/repasses_faf_com_populacao/2025/REPASSE-FAF-COM-POPULACAO-2025.xlsx,Manutenção Das Ações E Serviços Públicos De Saúde,ATENÇÃO DE MÉDIA E ALTA COMPLEXIDADE AMBULATORIAL E HOSPITALAR,FAEC - HEMODINÂMICA EM ATENDIMENTO DE URGÊNCIA,SP,SAO PAULO,355030,11904961,2025,13864377000130,FUNDO MUNICIPAL DE SAUDE - FMS,001,01897X,000000190470,MUNICIPAL,N,S,N,45807,29235.61,29235.61,536005569.63999999,45991
2025,https://portalfns.saude.gov.br/wp-content/uploads/2026/01/REPASSE-FAF-COM-POPULACAO-2025.xlsx,https://portalfns.saude.gov.br/wp-content/uploads/2026/01/REPASSE-FAF-COM-POPULACAO-2025.xlsx,data/raw/sao_paulo/fns/repasses_faf_com_populacao/2025/REPASSE-FAF-COM-POPULACAO-2025.xlsx,Estruturação Da Rede De Serviços Públicos De Saúde,ATENÇÃO ESPECIALIZADA,EMENDA - ESTRUTURAÇÃO DE UNIDADES DE ATENÇÃO ESPECIALIZADA EM SAÚDE,SP,SAO PAULO,355030,11904961,2025,13851748000140,FUNDO ESTADUAL DE SAUDE - FUNDES,001,01897X,000000222003,ESTADUAL,S,S,N,45807,1375252,1375252,0,45991
2025,https://portalfns.saude.gov.br/wp-content/uploads/2026/01/REPASSE-FAF-COM-POPULACAO-2025.xlsx,https://portalfns.saude.gov.br/wp-content/uploads/2026/01/REPASSE-FAF-COM-POPULACAO-2025.xlsx,data/raw/sao_paulo/fns/repasses_faf_com_populacao/2025/REPASSE-FAF-COM-POPULACAO-2025.xlsx,Estruturação Da Rede De Serviços Públicos De Saúde,ATENÇÃO ESPECIALIZADA,EMENDA - ESTRUTURAÇÃO DE UNIDADES DE ATENÇÃO ESPECIALIZADA EM SAÚDE,SP,SAO PAULO,355030,11904961,2025,13851748000140,FUNDO ESTADUAL DE SAUDE - FUNDES,001,01897X,000000222011,ESTADUAL,S,S,N,45807,200000,200000,9932.7199999999993,45991
2025,https://portalfns.saude.gov.br/wp-content/uploads/2026/01/REPASSE-FAF-COM-POPULACAO-2025.xlsx,https://portalfns.saude.gov.br/wp-content/uploads/2026/01/REPASSE-FAF-COM-POPULACAO-2025.xlsx,data/raw/sao_paulo/fns/repasses_faf_com_populacao/2025/REPASSE-FAF-COM-POPULACAO-2025.xlsx,Estruturação Da Rede De Serviços Públicos De Saúde,ATENÇÃO ESPECIALIZADA,EMENDA - ESTRUTURAÇÃO DE UNIDADES DE ATENÇÃO ESPECIALIZADA EM SAÚDE,SP,SAO PAULO,355030,11904961,2025,13851748000140,FUNDO ESTADUAL DE SAUDE - FUNDES,001,01897X,000000222038,ESTADUAL,S,S,N,45807,600000,600000,0,45991
2025,https://portalfns.saude.gov.br/wp-content/uploads/2026/01/REPASSE-FAF-COM-POPULACAO-2025.xlsx,https://portalfns.saude.gov.br/wp-content/uploads/2026/01/REPASSE-FAF-COM-POPULACAO-2025.xlsx,data/raw/sao_paulo/fns/repasses_faf_com_populacao/2025/REPASSE-FAF-COM-POPULACAO-2025.xlsx,Estruturação Da Rede De Serviços Públicos De Saúde,ATENÇÃO ESPECIALIZADA,EMENDA - ESTRUTURAÇÃO DE UNIDADES DE ATENÇÃO ESPECIALIZADA EM SAÚDE,SP,SAO PAULO,355030,11904961,2025,13851748000140,FUNDO ESTADUAL DE SAUDE - FUNDES,001,01897X,000000222046,ESTADUAL,S,S,N,45807,455813,455813,481306.03,45991
2025,https://portalfns.saude.gov.br/wp-content/uploads/2026/01/REPASSE-FAF-COM-POPULACAO-2025.xlsx,https://portalfns.saude.gov.br/wp-content/uploads/2026/01/REPASSE-FAF-COM-POPULACAO-2025.xlsx,data/raw/sao_paulo/fns/repasses_faf_com_populacao/2025/REPASSE-FAF-COM-POPULACAO-2025.xlsx,Estruturação Da Rede De Serviços Públicos De Saúde,ATENÇÃO ESPECIALIZADA,EMENDA - ESTRUTURAÇÃO DE UNIDADES DE ATENÇÃO ESPECIALIZADA EM SAÚDE,SP,SAO PAULO,355030,11904961,2025,13851748000140,FUNDO ESTADUAL DE SAUDE - FUNDES,001,01897X,000000222089,ESTADUAL,S,S,N,45807,499777,499777,24831.4,45991
2025,https://portalfns.saude.gov.br/wp-content/uploads/2026/01/REPASSE-FAF-COM-POPULACAO-2025.xlsx,https://portalfns.saude.gov.br/wp-content/uploads/2026/01/REPASSE-FAF-COM-POPULACAO-2025.xlsx,data/raw/sao_paulo/fns/repasses_faf_com_populacao/2025/REPASSE-FAF-COM-POPULACAO-2025.xlsx,Estruturação Da Rede De Serviços Públicos De Saúde,ATENÇÃO ESPECIALIZADA,VIVER SEM LIMITES,SP,SAO PAULO,355030,11904961,2025,13851748000140,FUNDO ESTADUAL DE SAUDE - FUNDES,001,01897X,000000190551,ESTADUAL,S,S,N,45807,609600,609600,56952688.009999998,45991
2025,https://portalfns.saude.gov.br/wp-content/uploads/2026/01/REPASSE-FAF-COM-POPULACAO-2025.xlsx,https://portalfns.saude.gov.br/wp-content/uploads/2026/01/REPASSE-FAF-COM-POPULACAO-2025.xlsx,data/raw/sao_paulo/fns/repasses_faf_com_populacao/2025/REPASSE-FAF-COM-POPULACAO-2025.xlsx,Estruturação Da Rede De Serviços Públicos De Saúde,ATENÇÃO ESPECIALIZADA,EMENDA - ESTRUTURAÇÃO DE UNIDADES DE ATENÇÃO ESPECIALIZADA EM SAÚDE,SP,SAO PAULO,355030,11904961,2025,13851748000140,FUNDO ESTADUAL DE SAUDE - FUNDES,001,01897X,00000021924X,ESTADUAL,S,S,N,45726,378940,378940,409279.76,45991
2025,https://portalfns.saude.gov.br/wp-content/uploads/2026/01/REPASSE-FAF-COM-POPULACAO-2025.xlsx,https://portalfns.saude.gov.br/wp-content/uploads/2026/01/REPASSE-FAF-COM-POPULACAO-2025.xlsx,data/raw/sao_paulo/fns/repasses_faf_com_populacao/2025/REPASSE-FAF-COM-POPULACAO-2025.xlsx,Estruturação Da Rede De Serviços Públicos De Saúde,ATENÇÃO ESPECIALIZADA,EMENDA - ESTRUTURAÇÃO DE UNIDADES DE ATENÇÃO ESPECIALIZADA EM SAÚDE,SP,SAO PAULO,355030,11904961,2025,13864377000130,FUNDO MUNICIPAL DE SAUDE - FMS,001,01897X,000000219347,MUNICIPAL,N,S,N,45726,500000,500000,540032.41,45991
2025,https://portalfns.saude.gov.br/wp-content/uploads/2026/01/REPASSE-FAF-COM-POPULACAO-2025.xlsx,https://portalfns.saude.gov.br/wp-content/uploads/2026/01/REPASSE-FAF-COM-POPULACAO-2025.xlsx,data/raw/sao_paulo/fns/repasses_faf_com_populacao/2025/REPASSE-FAF-COM-POPULACAO-2025.xlsx,Estruturação Da Rede De Serviços Públicos De Saúde,ATENÇÃO ESPECIALIZADA,EMENDA - ESTRUTURAÇÃO DE UNIDADES DE ATENÇÃO ESPECIALIZADA EM SAÚDE,SP,SAO PAULO,355030,11904961,2025,13864377000130,FUNDO MUNICIPAL DE SAUDE - FMS,001,01897X,000000219355,MUNICIPAL,N,S,N,45726,198468,198468,214358.3,45991
2025,https://portalfns.saude.gov.br/wp-content/uploads/2026/01/REPASSE-FAF-COM-POPULACAO-2025.xlsx,https://portalfns.saude.gov.br/wp-content/uploads/2026/01/REPASSE-FAF-COM-POPULACAO-2025.xlsx,data/raw/sao_paulo/fns/repasses_faf_com_populacao/2025/REPASSE-FAF-COM-POPULACAO-2025.xlsx,Estruturação Da Rede De Serviços Públicos De Saúde,ATENÇÃO PRIMÁRIA,EMENDA - ESTRUTURAÇÃO DA REDE DE SERVIÇOS DE ATENÇÃO PRIMÁRIA DE SAÚDE,SP,SAO PAULO,355030,11904961,2025,13864377000130,FUNDO MUNICIPAL DE SAUDE - FMS,001,01897X,000000219258,MUNICIPAL,N,S,N,45726,114113,114113,123249.43,45991
2025,https://portalfns.saude.gov.br/wp-content/uploads/2026/01/REPASSE-FAF-COM-POPULACAO-2025.xlsx,https://portalfns.saude.gov.br/wp-content/uploads/2026/01/REPASSE-FAF-COM-POPULACAO-2025.xlsx,data/raw/sao_paulo/fns/repasses_faf_com_populacao/2025/REPASSE-FAF-COM-POPULACAO-2025.xlsx,Estruturação Da Rede De Serviços Públicos De Saúde,ATENÇÃO PRIMÁRIA,EMENDA - ESTRUTURAÇÃO DA REDE DE SERVIÇOS DE ATENÇÃO PRIMÁRIA DE SAÚDE,SP,SAO PAULO,355030,11904961,2025,13864377000130,FUNDO MUNICIPAL DE SAUDE - FMS,001,01897X,000000219266,MUNICIPAL,N,S,N,45726,187110,187110,202090.93,45991
2025,https://portalfns.saude.gov.br/wp-content/uploads/2026/01/REPASSE-FAF-COM-POPULACAO-2025.xlsx,https://portalfns.saude.gov.br/wp-content/uploads/2026/01/REPASSE-FAF-COM-POPULACAO-2025.xlsx,data/raw/sao_paulo/fns/repasses_faf_com_populacao/2025/REPASSE-FAF-COM-POPULACAO-2025.xlsx,Estruturação Da Rede De Serviços Públicos De Saúde,ATENÇÃO PRIMÁRIA,EMENDA - ESTRUTURAÇÃO DA REDE DE SERVIÇOS DE ATENÇÃO PRIMÁRIA DE SAÚDE,SP,SAO PAULO,355030,11904961,2025,13864377000130,FUNDO MUNICIPAL DE SAUDE - FMS,001,01897X,000000219274,MUNICIPAL,N,S,N,45726,249468,249468,269441.61,45991
2025,https://portalfns.saude.gov.br/wp-content/uploads/2026/01/REPASSE-FAF-COM-POPULACAO-2025.xlsx,https://portalfns.saude.gov.br/wp-content/uploads/2026/01/REPASSE-FAF-COM-POPULACAO-2025.xlsx,data/raw/sao_paulo/fns/repasses_faf_com_populacao/2025/REPASSE-FAF-COM-POPULACAO-2025.xlsx,Estruturação Da Rede De Serviços Públicos De Saúde,ATENÇÃO PRIMÁRIA,EMENDA - ESTRUTURAÇÃO DA REDE DE SERVIÇOS DE ATENÇÃO PRIMÁRIA DE SAÚDE,SP,SAO PAULO,355030,11904961,2025,13864377000130,FUNDO MUNICIPAL DE SAUDE - FMS,001,01897X,000000219282,MUNICIPAL,N,S,N,45726,109595,109595,118369.7,45991
2025,https://portalfns.saude.gov.br/wp-content/uploads/2026/01/REPASSE-FAF-COM-POPULACAO-2025.xlsx,https://portalfns.saude.gov.br/wp-content/uploads/2026/01/REPASSE-FAF-COM-POPULACAO-2025.xlsx,data/raw/sao_paulo/fns/repasses_faf_com_populacao/2025/REPASSE-FAF-COM-POPULACAO-2025.xlsx,Estruturação Da Rede De Serviços Públicos De Saúde,ATENÇÃO PRIMÁRIA,EMENDA - ESTRUTURAÇÃO DA REDE DE SERVIÇOS DE ATENÇÃO PRIMÁRIA DE SAÚDE,SP,SAO PAULO,355030,11904961,2025,13864377000130,FUNDO MUNICIPAL DE SAUDE - FMS,001,01897X,000000219290,MUNICIPAL,N,S,N,45726,128844,128844,139159.87,45991
2025,https://portalfns.saude.gov.br/wp-content/uploads/2026/01/REPASSE-FAF-COM-POPULACAO-2025.xlsx,https://portalfns.saude.gov.br/wp-content/uploads/2026/01/REPASSE-FAF-COM-POPULACAO-2025.xlsx,data/raw/sao_paulo/fns/repasses_faf_com_populacao/2025/REPASSE-FAF-COM-POPULACAO-2025.xlsx,Estruturação Da Rede De Serviços Públicos De Saúde,ATENÇÃO PRIMÁRIA,EMENDA - ESTRUTURAÇÃO DA REDE DE SERVIÇOS DE ATENÇÃO PRIMÁRIA DE SAÚDE,SP,SAO PAULO,355030,11904961,2025,13864377000130,FUNDO MUNICIPAL DE SAUDE - FMS,001,01897X,000000219304,MUNICIPAL,N,S,N,45726,246933,246933,266574.03999999998,45991
2025,https://portalfns.saude.gov.br/wp-content/uploads/2026/01/REPASSE-FAF-COM-POPULACAO-2025.xlsx,https://portalfns.saude.gov.br/wp-content/uploads/2026/01/REPASSE-FAF-COM-POPULACAO-2025.xlsx,data/raw/sao_paulo/fns/repasses_faf_com_populacao/2025/REPASSE-FAF-COM-POPULACAO-2025.xlsx,Estruturação Da Rede De Serviços Públicos De Saúde,ATENÇÃO PRIMÁRIA,EMENDA - ESTRUTURAÇÃO DA REDE DE SERVIÇOS DE ATENÇÃO PRIMÁRIA DE SAÚDE,SP,SAO PAULO,355030,11904961,2025,13864377000130,FUNDO MUNICIPAL DE SAUDE - FMS,001,01897X,000000219312,MUNICIPAL,N,S,N,45726,29472,29472,31831.67,45991
2025,https://portalfns.saude.gov.br/wp-content/uploads/2026/01/REPASSE-FAF-COM-POPULACAO-2025.xlsx,https://portalfns.saude.gov.br/wp-content/uploads/2026/01/REPASSE-FAF-COM-POPULACAO-2025.xlsx,data/raw/sao_paulo/fns/repasses_faf_com_populacao/2025/REPASSE-FAF-COM-POPULACAO-2025.xlsx,Manutenção Das Ações E Serviços Públicos De Saúde,ATENÇÃO PRIMÁRIA,EMENDA - INCREMENTO TEMPORÁRIO AO CUSTEIO DOS SERVIÇOS DE ATENÇÃO PRIMÁRIA EM SAÚDE,SP,SAO PAULO,355030,11904961,2025,13864377000130,FUNDO MUNICIPAL DE SAUDE - FMS,001,01897X,000000219320,MUNICIPAL,N,S,N,45726,1500000,1500000,93636.52,45991
2025,https://portalfns.saude.gov.br/wp-content/uploads/2026/01/REPASSE-FAF-COM-POPULACAO-2025.xlsx,https://portalfns.saude.gov.br/wp-content/uploads/2026/01/REPASSE-FAF-COM-POPULACAO-2025.xlsx,data/raw/sao_paulo/fns/repasses_faf_com_populacao/2025/REPASSE-FAF-COM-POPULACAO-2025.xlsx,Manutenção Das Ações E Serviços Públicos De Saúde,ATENÇÃO PRIMÁRIA,EMENDA - INCREMENTO TEMPORÁRIO AO CUSTEIO DOS SERVIÇOS DE ATENÇÃO PRIMÁRIA EM SAÚDE,SP,SAO PAULO,355030,11904961,2025,13864377000130,FUNDO MUNICIPAL DE SAUDE - FMS,001,01897X,000000219339,MUNICIPAL,N,S,N,45726,699999,699999,62561.1,45991
2025,https://portalfns.saude.gov.br/wp-content/uploads/2026/01/REPASSE-FAF-COM-POPULACAO-2025.xlsx,https://portalfns.saude.gov.br/wp-content/uploads/2026/01/REPASSE-FAF-COM-POPULACAO-2025.xlsx,data/raw/sao_paulo/fns/repasses_faf_com_populacao/2025/REPASSE-FAF-COM-POPULACAO-2025.xlsx,Manutenção Das Ações E Serviços Públicos De Saúde,ATENÇÃO DE MÉDIA E ALTA COMPLEXIDADE AMBULATORIAL E HOSPITALAR,EMENDA - INCREMENTO TEMPORÁRIO AO CUSTEIO DOS SERVIÇOS DE ASSISTÊNCIA HOSPITALAR E AMBULATORIAL,SP,SAO PAULO,355030,11904961,2025,13851748000140,FUNDO ESTADUAL DE SAUDE - FUNDES,001,01897X,00000021907X,ESTADUAL,S,S,N,45709,1027214,1027214,0,45991
2025,https://portalfns.saude.gov.br/wp-content/uploads/2026/01/REPASSE-FAF-COM-POPULACAO-2025.xlsx,https://portalfns.saude.gov.br/wp-content/uploads/2026/01/REPASSE-FAF-COM-POPULACAO-2025.xlsx,data/raw/sao_paulo/fns/repasses_faf_com_populacao/2025/REPASSE-FAF-COM-POPULACAO-2025.xlsx,Manutenção Das Ações E Serviços Públicos De Saúde,ATENÇÃO DE MÉDIA E ALTA COMPLEXIDADE AMBULATORIAL E HOSPITALAR,EMENDA - INCREMENTO TEMPORÁRIO AO CUSTEIO DOS SERVIÇOS DE ASSISTÊNCIA HOSPITALAR E AMBULATORIAL,SP,SAO PAULO,355030,11904961,2025,13851748000140,FUNDO ESTADUAL DE SAUDE - FUNDES,001,01897X,00000021910X,ESTADUAL,S,S,N,45709,200000,200000,0,45991
2025,https://portalfns.saude.gov.br/wp-content/uploads/2026/01/REPASSE-FAF-COM-POPULACAO-2025.xlsx,https://portalfns.saude.gov.br/wp-content/uploads/2026/01/REPASSE-FAF-COM-POPULACAO-2025.xlsx,data/raw/sao_paulo/fns/repasses_faf_com_populacao/2025/REPASSE-FAF-COM-POPULACAO-2025.xlsx,Manutenção Das Ações E Serviços Públicos De Saúde,ATENÇÃO DE MÉDIA E ALTA COMPLEXIDADE AMBULATORIAL E HOSPITALAR,EMENDA - INCREMENTO TEMPORÁRIO AO CUSTEIO DOS SERVIÇOS DE ASSISTÊNCIA HOSPITALAR E AMBULATORIAL,SP,SAO PAULO,355030,11904961,2025,13851748000140,FUNDO ESTADUAL DE SAUDE - FUNDES,001,01897X,000000218995,ESTADUAL,S,S,N,45709,250000,250000,0,45991
2025,https://portalfns.saude.gov.br/wp-content/uploads/2026/01/REPASSE-FAF-COM-POPULACAO-2025.xlsx,https://portalfns.saude.gov.br/wp-content/uploads/2026/01/REPASSE-FAF-COM-POPULACAO-2025.xlsx,data/raw/sao_paulo/fns/repasses_faf_com_populacao/2025/REPASSE-FAF-COM-POPULACAO-2025.xlsx,Manutenção Das Ações E Serviços Públicos De Saúde,ATENÇÃO DE MÉDIA E ALTA COMPLEXIDADE AMBULATORIAL E HOSPITALAR,EMENDA - INCREMENTO TEMPORÁRIO AO CUSTEIO DOS SERVIÇOS DE ASSISTÊNCIA HOSPITALAR E AMBULATORIAL,SP,SAO PAULO,355030,11904961,2025,13851748000140,FUNDO ESTADUAL DE SAUDE - FUNDES,001,01897X,000000219002,ESTADUAL,S,S,N,45709,500000,500000,0,45991
2025,https://portalfns.saude.gov.br/wp-content/uploads/2026/01/REPASSE-FAF-COM-POPULACAO-2025.xlsx,https://portalfns.saude.gov.br/wp-content/uploads/2026/01/REPASSE-FAF-COM-POPULACAO-2025.xlsx,data/raw/sao_paulo/fns/repasses_faf_com_populacao/2025/REPASSE-FAF-COM-POPULACAO-2025.xlsx,Manutenção Das Ações E Serviços Públicos De Saúde,ATENÇÃO DE MÉDIA E ALTA COMPLEXIDADE AMBULATORIAL E HOSPITALAR,EMENDA - INCREMENTO TEMPORÁRIO AO CUSTEIO DOS SERVIÇOS DE ASSISTÊNCIA HOSPITALAR E AMBULATORIAL,SP,SAO PAULO,355030,11904961,2025,13851748000140,FUNDO ESTADUAL DE SAUDE - FUNDES,001,01897X,000000219010,ESTADUAL,S,S,N,45709,1000000,1000000,0,45991
2025,https://portalfns.saude.gov.br/wp-content/uploads/2026/01/REPASSE-FAF-COM-POPULACAO-2025.xlsx,https://portalfns.saude.gov.br/wp-content/uploads/2026/01/REPASSE-FAF-COM-POPULACAO-2025.xlsx,data/raw/sao_paulo/fns/repasses_faf_com_populacao/2025/REPASSE-FAF-COM-POPULACAO-2025.xlsx,Manutenção Das Ações E Serviços Públicos De Saúde,ATENÇÃO DE MÉDIA E ALTA COMPLEXIDADE AMBULATORIAL E HOSPITALAR,EMENDA - INCREMENTO TEMPORÁRIO AO CUSTEIO DOS SERVIÇOS DE ASSISTÊNCIA HOSPITALAR E AMBULATORIAL,SP,SAO PAULO,355030,11904961,2025,13851748000140,FUNDO ESTADUAL DE SAUDE - FUNDES,001,01897X,000000219029,ESTADUAL,S,S,N,45709,900002,900002,0,45991
2025,https://portalfns.saude.gov.br/wp-content/uploads/2026/01/REPASSE-FAF-COM-POPULACAO-2025.xlsx,https://portalfns.saude.gov.br/wp-content/uploads/2026/01/REPASSE-FAF-COM-POPULACAO-2025.xlsx,data/raw/sao_paulo/fns/repasses_faf_com_populacao/2025/REPASSE-FAF-COM-POPULACAO-2025.xlsx,Manutenção Das Ações E Serviços Públicos De Saúde,ATENÇÃO DE MÉDIA E ALTA COMPLEXIDADE AMBULATORIAL E HOSPITALAR,EMENDA - INCREMENTO TEMPORÁRIO AO CUSTEIO DOS SERVIÇOS DE ASSISTÊNCIA HOSPITALAR E AMBULATORIAL,SP,SAO PAULO,355030,11904961,2025,13851748000140,FUNDO ESTADUAL DE SAUDE - FUNDES,001,01897X,000000219037,ESTADUAL,S,S,N,45709,800000,800000,0,45991
2025,https://portalfns.saude.gov.br/wp-content/uploads/2026/01/REPASSE-FAF-COM-POPULACAO-2025.xlsx,https://portalfns.saude.gov.br/wp-content/uploads/2026/01/REPASSE-FAF-COM-POPULACAO-2025.xlsx,data/raw/sao_paulo/fns/repasses_faf_com_populacao/2025/REPASSE-FAF-COM-POPULACAO-2025.xlsx,Manutenção Das Ações E Serviços Públicos De Saúde,ATENÇÃO DE MÉDIA E ALTA COMPLEXIDADE AMBULATORIAL E HOSPITALAR,EMENDA - INCREMENTO TEMPORÁRIO AO CUSTEIO DOS SERVIÇOS DE ASSISTÊNCIA HOSPITALAR E AMBULATORIAL,SP,SAO PAULO,355030,11904961,2025,13851748000140,FUNDO ESTADUAL DE SAUDE - FUNDES,001,01897X,000000219045,ESTADUAL,S,S,N,45709,600000,600000,650180.02,45991
2025,https://portalfns.saude.gov.br/wp-content/uploads/2026/01/REPASSE-FAF-COM-POPULACAO-2025.xlsx,https://portalfns.saude.gov.br/wp-content/uploads/2026/01/REPASSE-FAF-COM-POPULACAO-2025.xlsx,data/raw/sao_paulo/fns/repasses_faf_com_populacao/2025/REPASSE-FAF-COM-POPULACAO-2025.xlsx,Manutenção Das Ações E Serviços Públicos De Saúde,ATENÇÃO DE MÉDIA E ALTA COMPLEXIDADE AMBULATORIAL E HOSPITALAR,EMENDA - INCREMENTO TEMPORÁRIO AO CUSTEIO DOS SERVIÇOS DE ASSISTÊNCIA HOSPITALAR E AMBULATORIAL,SP,SAO PAULO,355030,11904961,2025,13851748000140,FUNDO ESTADUAL DE SAUDE - FUNDES,001,01897X,000000219053,ESTADUAL,S,S,N,45709,800000,800000,40730.120000000003,45991
2025,https://portalfns.saude.gov.br/wp-content/uploads/2026/01/REPASSE-FAF-COM-POPULACAO-2025.xlsx,https://portalfns.saude.gov.br/wp-content/uploads/2026/01/REPASSE-FAF-COM-POPULACAO-2025.xlsx,data/raw/sao_paulo/fns/repasses_faf_com_populacao/2025/REPASSE-FAF-COM-POPULACAO-2025.xlsx,Manutenção Das Ações E Serviços Públicos De Saúde,ATENÇÃO DE MÉDIA E ALTA COMPLEXIDADE AMBULATORIAL E HOSPITALAR,EMENDA - INCREMENTO TEMPORÁRIO AO CUSTEIO DOS SERVIÇOS DE ASSISTÊNCIA HOSPITALAR E AMBULATORIAL,SP,SAO PAULO,355030,11904961,2025,13851748000140,FUNDO ESTADUAL DE SAUDE - FUNDES,001,01897X,000000219061,ESTADUAL,S,S,N,45709,701000,701000,0,45991
2025,https://portalfns.saude.gov.br/wp-content/uploads/2026/01/REPASSE-FAF-COM-POPULACAO-2025.xlsx,https://portalfns.saude.gov.br/wp-content/uploads/2026/01/REPASSE-FAF-COM-POPULACAO-2025.xlsx,data/raw/sao_paulo/fns/repasses_faf_com_populacao/2025/REPASSE-FAF-COM-POPULACAO-2025.xlsx,Manutenção Das Ações E Serviços Públicos De Saúde,ATENÇÃO DE MÉDIA E ALTA COMPLEXIDADE AMBULATORIAL E HOSPITALAR,EMENDA - INCREMENTO TEMPORÁRIO AO CUSTEIO DOS SERVIÇOS DE ASSISTÊNCIA HOSPITALAR E AMBULATORIAL,SP,SAO PAULO,355030,11904961,2025,13851748000140,FUNDO ESTADUAL DE SAUDE - FUNDES,001,01897X,000000219088,ESTADUAL,S,S,N,45709,540000,540000,0,45991
2025,https://portalfns.saude.gov.br/wp-content/uploads/2026/01/REPASSE-FAF-COM-POPULACAO-2025.xlsx,https://portalfns.saude.gov.br/wp-content/uploads/2026/01/REPASSE-FAF-COM-POPULACAO-2025.xlsx,data/raw/sao_paulo/fns/repasses_faf_com_populacao/2025/REPASSE-FAF-COM-POPULACAO-2025.xlsx,Manutenção Das Ações E Serviços Públicos De Saúde,ATENÇÃO DE MÉDIA E ALTA COMPLEXIDADE AMBULATORIAL E HOSPITALAR,EMENDA - INCREMENTO TEMPORÁRIO AO CUSTEIO DOS SERVIÇOS DE ASSISTÊNCIA HOSPITALAR E AMBULATORIAL,SP,SAO PAULO,355030,11904961,2025,13851748000140,FUNDO ESTADUAL DE SAUDE - FUNDES,001,01897X,000000219096,ESTADUAL,S,S,N,45709,600000,600000,0,45991
2025,https://portalfns.saude.gov.br/wp-content/uploads/2026/01/REPASSE-FAF-COM-POPULACAO-2025.xlsx,https://portalfns.saude.gov.br/wp-content/uploads/2026/01/REPASSE-FAF-COM-POPULACAO-2025.xlsx,data/raw/sao_paulo/fns/repasses_faf_com_populacao/2025/REPASSE-FAF-COM-POPULACAO-2025.xlsx,Manutenção Das Ações E Serviços Públicos De Saúde,ATENÇÃO DE MÉDIA E ALTA COMPLEXIDADE AMBULATORIAL E HOSPITALAR,EMENDA - INCREMENTO TEMPORÁRIO AO CUSTEIO DOS SERVIÇOS DE ASSISTÊNCIA HOSPITALAR E AMBULATORIAL,SP,SAO PAULO,355030,11904961,2025,13851748000140,FUNDO ESTADUAL DE SAUDE - FUNDES,001,01897X,000000219118,ESTADUAL,S,S,N,45709,1000000,1000000,0,45991
2025,https://portalfns.saude.gov.br/wp-content/uploads/2026/01/REPASSE-FAF-COM-POPULACAO-2025.xlsx,https://portalfns.saude.gov.br/wp-content/uploads/2026/01/REPASSE-FAF-COM-POPULACAO-2025.xlsx,data/raw/sao_paulo/fns/repasses_faf_com_populacao/2025/REPASSE-FAF-COM-POPULACAO-2025.xlsx,Manutenção Das Ações E Serviços Públicos De Saúde,ATENÇÃO DE MÉDIA E ALTA COMPLEXIDADE AMBULATORIAL E HOSPITALAR,EMENDA - INCREMENTO TEMPORÁRIO AO CUSTEIO DOS SERVIÇOS DE ASSISTÊNCIA HOSPITALAR E AMBULATORIAL,SP,SAO PAULO,355030,11904961,2025,13851748000140,FUNDO ESTADUAL DE SAUDE - FUNDES,001,01897X,000000219126,ESTADUAL,S,S,N,45709,150000,150000,0,45991
2025,https://portalfns.saude.gov.br/wp-content/uploads/2026/01/REPASSE-FAF-COM-POPULACAO-2025.xlsx,https://portalfns.saude.gov.br/wp-content/uploads/2026/01/REPASSE-FAF-COM-POPULACAO-2025.xlsx,data/raw/sao_paulo/fns/repasses_faf_com_populacao/2025/REPASSE-FAF-COM-POPULACAO-2025.xlsx,Manutenção Das Ações E Serviços Públicos De Saúde,ATENÇÃO DE MÉDIA E ALTA COMPLEXIDADE AMBULATORIAL E HOSPITALAR,EMENDA - INCREMENTO TEMPORÁRIO AO CUSTEIO DOS SERVIÇOS DE ASSISTÊNCIA HOSPITALAR E AMBULATORIAL,SP,SAO PAULO,355030,11904961,2025,13851748000140,FUNDO ESTADUAL DE SAUDE - FUNDES,001,01897X,000000219134,ESTADUAL,S,S,N,45709,1000000,1000000,0,45991
2025,https://portalfns.saude.gov.br/wp-content/uploads/2026/01/REPASSE-FAF-COM-POPULACAO-2025.xlsx,https://portalfns.saude.gov.br/wp-content/uploads/2026/01/REPASSE-FAF-COM-POPULACAO-2025.xlsx,data/raw/sao_paulo/fns/repasses_faf_com_populacao/2025/REPASSE-FAF-COM-POPULACAO-2025.xlsx,Manutenção Das Ações E Serviços Públicos De Saúde,ATENÇÃO DE MÉDIA E ALTA COMPLEXIDADE AMBULATORIAL E HOSPITALAR,EMENDA - INCREMENTO TEMPORÁRIO AO CUSTEIO DOS SERVIÇOS DE ASSISTÊNCIA HOSPITALAR E AMBULATORIAL,SP,SAO PAULO,355030,11904961,2025,13851748000140,FUNDO ESTADUAL DE SAUDE - FUNDES,001,01897X,000000219142,ESTADUAL,S,S,N,45709,200000,200000,0,45991
2025,https://portalfns.saude.gov.br/wp-content/uploads/2026/01/REPASSE-FAF-COM-POPULACAO-2025.xlsx,https://portalfns.saude.gov.br/wp-content/uploads/2026/01/REPASSE-FAF-COM-POPULACAO-2025.xlsx,data/raw/sao_paulo/fns/repasses_faf_com_populacao/2025/REPASSE-FAF-COM-POPULACAO-2025.xlsx,Manutenção Das Ações E Serviços Públicos De Saúde,ATENÇÃO DE MÉDIA E ALTA COMPLEXIDADE AMBULATORIAL E HOSPITALAR,EMENDA - INCREMENTO TEMPORÁRIO AO CUSTEIO DOS SERVIÇOS DE ASSISTÊNCIA HOSPITALAR E AMBULATORIAL,SP,SAO PAULO,355030,11904961,2025,13851748000140,FUNDO ESTADUAL DE SAUDE - FUNDES,001,01897X,000000219150,ESTADUAL,S,S,N,45709,500000,500000,0,45991
2025,https://portalfns.saude.gov.br/wp-content/uploads/2026/01/REPASSE-FAF-COM-POPULACAO-2025.xlsx,https://portalfns.saude.gov.br/wp-content/uploads/2026/01/REPASSE-FAF-COM-POPULACAO-2025.xlsx,data/raw/sao_paulo/fns/repasses_faf_com_populacao/2025/REPASSE-FAF-COM-POPULACAO-2025.xlsx,Manutenção Das Ações E Serviços Públicos De Saúde,ATENÇÃO DE MÉDIA E ALTA COMPLEXIDADE AMBULATORIAL E HOSPITALAR,EMENDA - INCREMENTO TEMPORÁRIO AO CUSTEIO DOS SERVIÇOS DE ASSISTÊNCIA HOSPITALAR E AMBULATORIAL,SP,SAO PAULO,355030,11904961,2025,13864377000130,FUNDO MUNICIPAL DE SAUDE - FMS,001,01897X,000000218855,MUNICIPAL,N,S,N,45709,1650000,1650000,135203.25,45991
2025,https://portalfns.saude.gov.br/wp-content/uploads/2026/01/REPASSE-FAF-COM-POPULACAO-2025.xlsx,https://portalfns.saude.gov.br/wp-content/uploads/2026/01/REPASSE-FAF-COM-POPULACAO-2025.xlsx,data/raw/sao_paulo/fns/repasses_faf_com_populacao/2025/REPASSE-FAF-COM-POPULACAO-2025.xlsx,Manutenção Das Ações E Serviços Públicos De Saúde,ATENÇÃO DE MÉDIA E ALTA COMPLEXIDADE AMBULATORIAL E HOSPITALAR,EMENDA - INCREMENTO TEMPORÁRIO AO CUSTEIO DOS SERVIÇOS DE ASSISTÊNCIA HOSPITALAR E AMBULATORIAL,SP,SAO PAULO,355030,11904961,2025,13864377000130,FUNDO MUNICIPAL DE SAUDE - FMS,001,01897X,000000218863,MUNICIPAL,N,S,N,45709,955697,955697,1035625.16,45991
2025,https://portalfns.saude.gov.br/wp-content/uploads/2026/01/REPASSE-FAF-COM-POPULACAO-2025.xlsx,https://portalfns.saude.gov.br/wp-content/uploads/2026/01/REPASSE-FAF-COM-POPULACAO-2025.xlsx,data/raw/sao_paulo/fns/repasses_faf_com_populacao/2025/REPASSE-FAF-COM-POPULACAO-2025.xlsx,Manutenção Das Ações E Serviços Públicos De Saúde,ATENÇÃO DE MÉDIA E ALTA COMPLEXIDADE AMBULATORIAL E HOSPITALAR,EMENDA - INCREMENTO TEMPORÁRIO AO CUSTEIO DOS SERVIÇOS DE ASSISTÊNCIA HOSPITALAR E AMBULATORIAL,SP,SAO PAULO,355030,11904961,2025,13864377000130,FUNDO MUNICIPAL DE SAUDE - FMS,001,01897X,000000218871,MUNICIPAL,N,S,N,45709,3500000,3500000,3792716.8,45991
2025,https://portalfns.saude.gov.br/wp-content/uploads/2026/01/REPASSE-FAF-COM-POPULACAO-2025.xlsx,https://portalfns.saude.gov.br/wp-content/uploads/2026/01/REPASSE-FAF-COM-POPULACAO-2025.xlsx,data/raw/sao_paulo/fns/repasses_faf_com_populacao/2025/REPASSE-FAF-COM-POPULACAO-2025.xlsx,Manutenção Das Ações E Serviços Públicos De Saúde,ATENÇÃO DE MÉDIA E ALTA COMPLEXIDADE AMBULATORIAL E HOSPITALAR,EMENDA - INCREMENTO TEMPORÁRIO AO CUSTEIO DOS SERVIÇOS DE ASSISTÊNCIA HOSPITALAR E AMBULATORIAL,SP,SAO PAULO,355030,11904961,2025,13864377000130,FUNDO MUNICIPAL DE SAUDE - FMS,001,01897X,000000218928,MUNICIPAL,N,S,N,45709,100000,100000,6369.52,45991
2025,https://portalfns.saude.gov.br/wp-content/uploads/2026/01/REPASSE-FAF-COM-POPULACAO-2025.xlsx,https://portalfns.saude.gov.br/wp-content/uploads/2026/01/REPASSE-FAF-COM-POPULACAO-2025.xlsx,data/raw/sao_paulo/fns/repasses_faf_com_populacao/2025/REPASSE-FAF-COM-POPULACAO-2025.xlsx,Manutenção Das Ações E Serviços Públicos De Saúde,ATENÇÃO DE MÉDIA E ALTA COMPLEXIDADE AMBULATORIAL E HOSPITALAR,EMENDA - INCREMENTO TEMPORÁRIO AO CUSTEIO DOS SERVIÇOS DE ASSISTÊNCIA HOSPITALAR E AMBULATORIAL,SP,SAO PAULO,355030,11904961,2025,13864377000130,FUNDO MUNICIPAL DE SAUDE - FMS,001,01897X,000000219169,MUNICIPAL,N,S,N,45709,1000000,1000000,82255.53,45991
2025,https://portalfns.saude.gov.br/wp-content/uploads/2026/01/REPASSE-FAF-COM-POPULACAO-2025.xlsx,https://portalfns.saude.gov.br/wp-content/uploads/2026/01/REPASSE-FAF-COM-POPULACAO-2025.xlsx,data/raw/sao_paulo/fns/repasses_faf_com_populacao/2025/REPASSE-FAF-COM-POPULACAO-2025.xlsx,Manutenção Das Ações E Serviços Públicos De Saúde,ATENÇÃO DE MÉDIA E ALTA COMPLEXIDADE AMBULATORIAL E HOSPITALAR,EMENDA - INCREMENTO TEMPORÁRIO AO CUSTEIO DOS SERVIÇOS DE ASSISTÊNCIA HOSPITALAR E AMBULATORIAL,SP,SAO PAULO,355030,11904961,2025,13851748000140,FUNDO ESTADUAL DE SAUDE - FUNDES,001,01897X,000000218790,ESTADUAL,S,S,N,45707,300000,300000,325329.33,45991
2025,https://portalfns.saude.gov.br/wp-content/uploads/2026/01/REPASSE-FAF-COM-POPULACAO-2025.xlsx,https://portalfns.saude.gov.br/wp-content/uploads/2026/01/REPASSE-FAF-COM-POPULACAO-2025.xlsx,data/raw/sao_paulo/fns/repasses_faf_com_populacao/2025/REPASSE-FAF-COM-POPULACAO-2025.xlsx,Manutenção Das Ações E Serviços Públicos De Saúde,ATENÇÃO DE MÉDIA E ALTA COMPLEXIDADE AMBULATORIAL E HOSPITALAR,EMENDA - INCREMENTO TEMPORÁRIO AO CUSTEIO DOS SERVIÇOS DE ASSISTÊNCIA HOSPITALAR E AMBULATORIAL,SP,SAO PAULO,355030,11904961,2025,13851748000140,FUNDO ESTADUAL DE SAUDE - FUNDES,001,01897X,000000218804,ESTADUAL,S,S,N,45707,200000,200000,0,45991
2025,https://portalfns.saude.gov.br/wp-content/uploads/2026/01/REPASSE-FAF-COM-POPULACAO-2025.xlsx,https://portalfns.saude.gov.br/wp-content/uploads/2026/01/REPASSE-FAF-COM-POPULACAO-2025.xlsx,data/raw/sao_paulo/fns/repasses_faf_com_populacao/2025/REPASSE-FAF-COM-POPULACAO-2025.xlsx,Manutenção Das Ações E Serviços Públicos De Saúde,ATENÇÃO DE MÉDIA E ALTA COMPLEXIDADE AMBULATORIAL E HOSPITALAR,EMENDA - INCREMENTO TEMPORÁRIO AO CUSTEIO DOS SERVIÇOS DE ASSISTÊNCIA HOSPITALAR E AMBULATORIAL,SP,SAO PAULO,355030,11904961,2025,13851748000140,FUNDO ESTADUAL DE SAUDE - FUNDES,001,01897X,000000218812,ESTADUAL,S,S,N,45707,1800000,1800000,0,45991
2025,https://portalfns.saude.gov.br/wp-content/uploads/2026/01/REPASSE-FAF-COM-POPULACAO-2025.xlsx,https://portalfns.saude.gov.br/wp-content/uploads/2026/01/REPASSE-FAF-COM-POPULACAO-2025.xlsx,data/raw/sao_paulo/fns/repasses_faf_com_populacao/2025/REPASSE-FAF-COM-POPULACAO-2025.xlsx,Manutenção Das Ações E Serviços Públicos De Saúde,ATENÇÃO DE MÉDIA E ALTA COMPLEXIDADE AMBULATORIAL E HOSPITALAR,EMENDA - INCREMENTO TEMPORÁRIO AO CUSTEIO DOS SERVIÇOS DE ASSISTÊNCIA HOSPITALAR E AMBULATORIAL,SP,SAO PAULO,355030,11904961,2025,13851748000140,FUNDO ESTADUAL DE SAUDE - FUNDES,001,01897X,000000218820,ESTADUAL,S,S,N,45707,200000,200000,0,45991
2025,https://portalfns.saude.gov.br/wp-content/uploads/2026/01/REPASSE-FAF-COM-POPULACAO-2025.xlsx,https://portalfns.saude.gov.br/wp-content/uploads/2026/01/REPASSE-FAF-COM-POPULACAO-2025.xlsx,data/raw/sao_paulo/fns/repasses_faf_com_populacao/2025/REPASSE-FAF-COM-POPULACAO-2025.xlsx,Manutenção Das Ações E Serviços Públicos De Saúde,ATENÇÃO DE MÉDIA E ALTA COMPLEXIDADE AMBULATORIAL E HOSPITALAR,EMENDA - INCREMENTO TEMPORÁRIO AO CUSTEIO DOS SERVIÇOS DE ASSISTÊNCIA HOSPITALAR E AMBULATORIAL,SP,SAO PAULO,355030,11904961,2025,13851748000140,FUNDO ESTADUAL DE SAUDE - FUNDES,001,01897X,000000218839,ESTADUAL,S,S,N,45707,330878,330878,0,45991
2025,https://portalfns.saude.gov.br/wp-content/uploads/2026/01/REPASSE-FAF-COM-POPULACAO-2025.xlsx,https://portalfns.saude.gov.br/wp-content/uploads/2026/01/REPASSE-FAF-COM-POPULACAO-2025.xlsx,data/raw/sao_paulo/fns/repasses_faf_com_populacao/2025/REPASSE-FAF-COM-POPULACAO-2025.xlsx,Manutenção Das Ações E Serviços Públicos De Saúde,ATENÇÃO DE MÉDIA E ALTA COMPLEXIDADE AMBULATORIAL E HOSPITALAR,EMENDA - INCREMENTO TEMPORÁRIO AO CUSTEIO DOS SERVIÇOS DE ASSISTÊNCIA HOSPITALAR E AMBULATORIAL,SP,SAO PAULO,355030,11904961,2025,13851748000140,FUNDO ESTADUAL DE SAUDE - FUNDES,001,01897X,000000218847,ESTADUAL,S,S,N,45707,400000,400000,0,45991
2025,https://portalfns.saude.gov.br/wp-content/uploads/2026/01/REPASSE-FAF-COM-POPULACAO-2025.xlsx,https://portalfns.saude.gov.br/wp-content/uploads/2026/01/REPASSE-FAF-COM-POPULACAO-2025.xlsx,data/raw/sao_paulo/fns/repasses_faf_com_populacao/2025/REPASSE-FAF-COM-POPULACAO-2025.xlsx,Manutenção Das Ações E Serviços Públicos De Saúde,ATENÇÃO DE MÉDIA E ALTA COMPLEXIDADE AMBULATORIAL E HOSPITALAR,EMENDA - INCREMENTO TEMPORÁRIO AO CUSTEIO DOS SERVIÇOS DE ASSISTÊNCIA HOSPITALAR E AMBULATORIAL,SP,SAO PAULO,355030,11904961,2025,13864377000130,FUNDO MUNICIPAL DE SAUDE - FMS,001,01897X,00000021891X,MUNICIPAL,N,S,N,45707,450000,450000,23870.63,45991
2025,https://portalfns.saude.gov.br/wp-content/uploads/2026/01/REPASSE-FAF-COM-POPULACAO-2025.xlsx,https://portalfns.saude.gov.br/wp-content/uploads/2026/01/REPASSE-FAF-COM-POPULACAO-2025.xlsx,data/raw/sao_paulo/fns/repasses_faf_com_populacao/2025/REPASSE-FAF-COM-POPULACAO-2025.xlsx,Manutenção Das Ações E Serviços Públicos De Saúde,ATENÇÃO DE MÉDIA E ALTA COMPLEXIDADE AMBULATORIAL E HOSPITALAR,EMENDA - INCREMENTO TEMPORÁRIO AO CUSTEIO DOS SERVIÇOS DE ASSISTÊNCIA HOSPITALAR E AMBULATORIAL,SP,SAO PAULO,355030,11904961,2025,13864377000130,FUNDO MUNICIPAL DE SAUDE - FMS,001,01897X,000000218901,MUNICIPAL,N,S,N,45707,300000,300000,22760.17,45991
2025,https://portalfns.saude.gov.br/wp-content/uploads/2026/01/REPASSE-FAF-COM-POPULACAO-2025.xlsx,https://portalfns.saude.gov.br/wp-content/uploads/2026/01/REPASSE-FAF-COM-POPULACAO-2025.xlsx,data/raw/sao_paulo/fns/repasses_faf_com_populacao/2025/REPASSE-FAF-COM-POPULACAO-2025.xlsx,Estruturação Da Rede De Serviços Públicos De Saúde,ATENÇÃO ESPECIALIZADA,EMENDA - ESTRUTURAÇÃO DE UNIDADES DE ATENÇÃO ESPECIALIZADA EM SAÚDE,SP,SAO PAULO,355030,11904961,2025,13851748000140,FUNDO ESTADUAL DE SAUDE - FUNDES,001,01897X,000000218758,ESTADUAL,S,S,N,45707,373513,373513,0,45991
2025,https://portalfns.saude.gov.br/wp-content/uploads/2026/01/REPASSE-FAF-COM-POPULACAO-2025.xlsx,https://portalfns.saude.gov.br/wp-content/uploads/2026/01/REPASSE-FAF-COM-POPULACAO-2025.xlsx,data/raw/sao_paulo/fns/repasses_faf_com_populacao/2025/REPASSE-FAF-COM-POPULACAO-2025.xlsx,Estruturação Da Rede De Serviços Públicos De Saúde,ATENÇÃO ESPECIALIZADA,EMENDA - ESTRUTURAÇÃO DE UNIDADES DE ATENÇÃO ESPECIALIZADA EM SAÚDE,SP,SAO PAULO,355030,11904961,2025,13851748000140,FUNDO ESTADUAL DE SAUDE - FUNDES,001,01897X,000000218766,ESTADUAL,S,S,N,45707,473711,473711,37593.64,45991
2025,https://portalfns.saude.gov.br/wp-content/uploads/2026/01/REPASSE-FAF-COM-POPULACAO-2025.xlsx,https://portalfns.saude.gov.br/wp-content/uploads/2026/01/REPASSE-FAF-COM-POPULACAO-2025.xlsx,data/raw/sao_paulo/fns/repasses_faf_com_populacao/2025/REPASSE-FAF-COM-POPULACAO-2025.xlsx,Estruturação Da Rede De Serviços Públicos De Saúde,ATENÇÃO ESPECIALIZADA,EMENDA - ESTRUTURAÇÃO DE UNIDADES DE ATENÇÃO ESPECIALIZADA EM SAÚDE,SP,SAO PAULO,355030,11904961,2025,13851748000140,FUNDO ESTADUAL DE SAUDE - FUNDES,001,01897X,000000218774,ESTADUAL,S,S,N,45707,299900,299900,0,45991
2025,https://portalfns.saude.gov.br/wp-content/uploads/2026/01/REPASSE-FAF-COM-POPULACAO-2025.xlsx,https://portalfns.saude.gov.br/wp-content/uploads/2026/01/REPASSE-FAF-COM-POPULACAO-2025.xlsx,data/raw/sao_paulo/fns/repasses_faf_com_populacao/2025/REPASSE-FAF-COM-POPULACAO-2025.xlsx,Estruturação Da Rede De Serviços Públicos De Saúde,ATENÇÃO ESPECIALIZADA,EMENDA - ESTRUTURAÇÃO DE UNIDADES DE ATENÇÃO ESPECIALIZADA EM SAÚDE,SP,SAO PAULO,355030,11904961,2025,13851748000140,FUNDO ESTADUAL DE SAUDE - FUNDES,001,01897X,000000218782,ESTADUAL,S,S,N,45707,299481,299481,0,45991
2025,https://portalfns.saude.gov.br/wp-content/uploads/2026/01/REPASSE-FAF-COM-POPULACAO-2025.xlsx,https://portalfns.saude.gov.br/wp-content/uploads/2026/01/REPASSE-FAF-COM-POPULACAO-2025.xlsx,data/raw/sao_paulo/fns/repasses_faf_com_populacao/2025/REPASSE-FAF-COM-POPULACAO-2025.xlsx,Estruturação Da Rede De Serviços Públicos De Saúde,ATENÇÃO ESPECIALIZADA,EMENDA - ESTRUTURAÇÃO DE UNIDADES DE ATENÇÃO ESPECIALIZADA EM SAÚDE,SP,SAO PAULO,355030,11904961,2025,13864377000130,FUNDO MUNICIPAL DE SAUDE - FMS,001,01897X,00000021888X,MUNICIPAL,N,S,N,45707,12240,12240,13273.43,45991
2025,https://portalfns.saude.gov.br/wp-content/uploads/2026/01/REPASSE-FAF-COM-POPULACAO-2025.xlsx,https://portalfns.saude.gov.br/wp-content/uploads/2026/01/REPASSE-FAF-COM-POPULACAO-2025.xlsx,data/raw/sao_paulo/fns/repasses_faf_com_populacao/2025/REPASSE-FAF-COM-POPULACAO-2025.xlsx,Estruturação Da Rede De Serviços Públicos De Saúde,ATENÇÃO ESPECIALIZADA,EMENDA - ESTRUTURAÇÃO DE UNIDADES DE ATENÇÃO ESPECIALIZADA EM SAÚDE,SP,SAO PAULO,355030,11904961,2025,13864377000130,FUNDO MUNICIPAL DE SAUDE - FMS,001,01897X,000000218898,MUNICIPAL,N,S,N,45707,1871408,1871408,2029413.05,45991
2025,https://portalfns.saude.gov.br/wp-content/uploads/2026/01/REPASSE-FAF-COM-POPULACAO-2025.xlsx,https://portalfns.saude.gov.br/wp-content/uploads/2026/01/REPASSE-FAF-COM-POPULACAO-2025.xlsx,data/raw/sao_paulo/fns/repasses_faf_com_populacao/2025/REPASSE-FAF-COM-POPULACAO-2025.xlsx,Estruturação Da Rede De Serviços Públicos De Saúde,ATENÇÃO ESPECIALIZADA,EMENDA - ESTRUTURAÇÃO DE UNIDADES DE ATENÇÃO ESPECIALIZADA EM SAÚDE,SP,SAO PAULO,355030,11904961,2025,13864377000130,FUNDO MUNICIPAL DE SAUDE - FMS,001,01897X,000000218936,MUNICIPAL,N,S,N,45707,182000,182000,76942.880000000005,45991
2025,https://portalfns.saude.gov.br/wp-content/uploads/2026/01/REPASSE-FAF-COM-POPULACAO-2025.xlsx,https://portalfns.saude.gov.br/wp-content/uploads/2026/01/REPASSE-FAF-COM-POPULACAO-2025.xlsx,data/raw/sao_paulo/fns/repasses_faf_com_populacao/2025/REPASSE-FAF-COM-POPULACAO-2025.xlsx,Estruturação Da Rede De Serviços Públicos De Saúde,ATENÇÃO ESPECIALIZADA,EMENDA - ESTRUTURAÇÃO DE UNIDADES DE ATENÇÃO ESPECIALIZADA EM SAÚDE,SP,SAO PAULO,355030,11904961,2025,13864377000130,FUNDO MUNICIPAL DE SAUDE - FMS,001,01897X,000000218944,MUNICIPAL,N,S,N,45707,33136,33136,35933.699999999997,45991
2025,https://portalfns.saude.gov.br/wp-content/uploads/2026/01/REPASSE-FAF-COM-POPULACAO-2025.xlsx,https://portalfns.saude.gov.br/wp-content/uploads/2026/01/REPASSE-FAF-COM-POPULACAO-2025.xlsx,data/raw/sao_paulo/fns/repasses_faf_com_populacao/2025/REPASSE-FAF-COM-POPULACAO-2025.xlsx,Estruturação Da Rede De Serviços Públicos De Saúde,ATENÇÃO ESPECIALIZADA,EMENDA - ESTRUTURAÇÃO DE UNIDADES DE ATENÇÃO ESPECIALIZADA EM SAÚDE,SP,SAO PAULO,355030,11904961,2025,13864377000130,FUNDO MUNICIPAL DE SAUDE - FMS,001,01897X,000000218952,MUNICIPAL,N,S,N,45707,21266,21266,23061.51,45991
2025,https://portalfns.saude.gov.br/wp-content/uploads/2026/01/REPASSE-FAF-COM-POPULACAO-2025.xlsx,https://portalfns.saude.gov.br/wp-content/uploads/2026/01/REPASSE-FAF-COM-POPULACAO-2025.xlsx,data/raw/sao_paulo/fns/repasses_faf_com_populacao/2025/REPASSE-FAF-COM-POPULACAO-2025.xlsx,Estruturação Da Rede De Serviços Públicos De Saúde,ATENÇÃO ESPECIALIZADA,EMENDA - ESTRUTURAÇÃO DE UNIDADES DE ATENÇÃO ESPECIALIZADA EM SAÚDE,SP,SAO PAULO,355030,11904961,2025,13864377000130,FUNDO MUNICIPAL DE SAUDE - FMS,001,01897X,000000218960,MUNICIPAL,N,S,N,45707,199686,199686,216545.71,45991
2025,https://portalfns.saude.gov.br/wp-content/uploads/2026/01/REPASSE-FAF-COM-POPULACAO-2025.xlsx,https://portalfns.saude.gov.br/wp-content/uploads/2026/01/REPASSE-FAF-COM-POPULACAO-2025.xlsx,data/raw/sao_paulo/fns/repasses_faf_com_populacao/2025/REPASSE-FAF-COM-POPULACAO-2025.xlsx,Estruturação Da Rede De Serviços Públicos De Saúde,ATENÇÃO ESPECIALIZADA,EMENDA - ESTRUTURAÇÃO DE UNIDADES DE ATENÇÃO ESPECIALIZADA EM SAÚDE,SP,SAO PAULO,355030,11904961,2025,13864377000130,FUNDO MUNICIPAL DE SAUDE - FMS,001,01897X,000000218979,MUNICIPAL,N,S,N,45707,5650000,5650000,6127035.7800000003,45991
2025,https://portalfns.saude.gov.br/wp-content/uploads/2026/01/REPASSE-FAF-COM-POPULACAO-2025.xlsx,https://portalfns.saude.gov.br/wp-content/uploads/2026/01/REPASSE-FAF-COM-POPULACAO-2025.xlsx,data/raw/sao_paulo/fns/repasses_faf_com_populacao/2025/REPASSE-FAF-COM-POPULACAO-2025.xlsx,Estruturação Da Rede De Serviços Públicos De Saúde,ATENÇÃO ESPECIALIZADA,EMENDA - ESTRUTURAÇÃO DE UNIDADES DE ATENÇÃO ESPECIALIZADA EM SAÚDE,SP,SAO PAULO,355030,11904961,2025,13864377000130,FUNDO MUNICIPAL DE SAUDE - FMS,001,01897X,000000218987,MUNICIPAL,N,S,N,45707,85644,85644,92875.01,45991
2025,https://portalfns.saude.gov.br/wp-content/uploads/2026/01/REPASSE-FAF-COM-POPULACAO-2025.xlsx,https://portalfns.saude.gov.br/wp-content/uploads/2026/01/REPASSE-FAF-COM-POPULACAO-2025.xlsx,data/raw/sao_paulo/fns/repasses_faf_com_populacao/2025/REPASSE-FAF-COM-POPULACAO-2025.xlsx,Manutenção Das Ações E Serviços Públicos De Saúde,ATENÇÃO DE MÉDIA E ALTA COMPLEXIDADE AMBULATORIAL E HOSPITALAR,EMENDA - INCREMENTO TEMPORÁRIO AO CUSTEIO DOS SERVIÇOS DE ASSISTÊNCIA HOSPITALAR E AMBULATORIAL,SP,SAO PAULO,355030,11904961,2025,13851748000140,FUNDO ESTADUAL DE SAUDE - FUNDES,001,01897X,000000218707,ESTADUAL,S,S,N,45702,600000,600000,0,45991
2025,https://portalfns.saude.gov.br/wp-content/uploads/2026/01/REPASSE-FAF-COM-POPULACAO-2025.xlsx,https://portalfns.saude.gov.br/wp-content/uploads/2026/01/REPASSE-FAF-COM-POPULACAO-2025.xlsx,data/raw/sao_paulo/fns/repasses_faf_com_populacao/2025/REPASSE-FAF-COM-POPULACAO-2025.xlsx,Manutenção Das Ações E Serviços Públicos De Saúde,ATENÇÃO DE MÉDIA E ALTA COMPLEXIDADE AMBULATORIAL E HOSPITALAR,"CUSTEIO DE SERVIÇOS PRESTADOS POR ENTIDADES PRIVADAS SEM FINS LUCRATIVOS QUE COMPLEMENTEM O SUS, CONFORME A LEI COMPLEMENTAR Nº 197",SP,SAO PAULO,355030,11904961,2025,13864377000130,FUNDO MUNICIPAL DE SAUDE - FMS,001,01897X,000000190470,MUNICIPAL,N,S,N,45693,449147.67,449147.67,536005569.63999999,45991
2025,https://portalfns.saude.gov.br/wp-content/uploads/2026/01/REPASSE-FAF-COM-POPULACAO-2025.xlsx,https://portalfns.saude.gov.br/wp-content/uploads/2026/01/REPASSE-FAF-COM-POPULACAO-2025.xlsx,data/raw/sao_paulo/fns/repasses_faf_com_populacao/2025/REPASSE-FAF-COM-POPULACAO-2025.xlsx,Manutenção Das Ações E Serviços Públicos De Saúde,ATENÇÃO PRIMÁRIA,INCENTIVO FINANCEIRO PARA ATENÇÃO À SAÚDE BUCAL,SP,SAO PAULO,355030,11904961,2025,13864377000130,FUNDO MUNICIPAL DE SAUDE - FMS,001,01897X,000000190470,MUNICIPAL,N,S,N,45680,1053801.69,1053801.69,536005569.63999999,45991
2025,https://portalfns.saude.gov.br/wp-content/uploads/2026/01/REPASSE-FAF-COM-POPULACAO-2025.xlsx,https://portalfns.saude.gov.br/wp-content/uploads/2026/01/REPASSE-FAF-COM-POPULACAO-2025.xlsx,data/raw/sao_paulo/fns/repasses_faf_com_populacao/2025/REPASSE-FAF-COM-POPULACAO-2025.xlsx,Manutenção Das Ações E Serviços Públicos De Saúde,ATENÇÃO DE MÉDIA E ALTA COMPLEXIDADE AMBULATORIAL E HOSPITALAR,FAEC - PROGRAMA MAIS ACESSO A ESPECIALISTAS (PMAE),SP,SAO PAULO,355030,11904961,2025,13851748000140,FUNDO ESTADUAL DE SAUDE - FUNDES,001,01897X,000000190462,ESTADUAL,S,S,N,45678,61517666.399999999,61517666.399999999,4232584388.9099998,45991
2025,https://portalfns.saude.gov.br/wp-content/uploads/2026/01/REPASSE-FAF-COM-POPULACAO-2025.xlsx,https://portalfns.saude.gov.br/wp-content/uploads/2026/01/REPASSE-FAF-COM-POPULACAO-2025.xlsx,data/raw/sao_paulo/fns/repasses_faf_com_populacao/2025/REPASSE-FAF-COM-POPULACAO-2025.xlsx,Manutenção Das Ações E Serviços Públicos De Saúde,ATENÇÃO DE MÉDIA E ALTA COMPLEXIDADE AMBULATORIAL E HOSPITALAR,FAEC - PROGRAMA MAIS ACESSO A ESPECIALISTAS (PMAE),SP,SAO PAULO,355030,11904961,2025,13864377000130,FUNDO MUNICIPAL DE SAUDE - FMS,001,01897X,000000190470,MUNICIPAL,N,S,N,45678,12402750,12402750,536005569.63999999,45991
2025,https://portalfns.saude.gov.br/wp-content/uploads/2026/01/REPASSE-FAF-COM-POPULACAO-2025.xlsx,https://portalfns.saude.gov.br/wp-content/uploads/2026/01/REPASSE-FAF-COM-POPULACAO-2025.xlsx,data/raw/sao_paulo/fns/repasses_faf_com_populacao/2025/REPASSE-FAF-COM-POPULACAO-2025.xlsx,Manutenção Das Ações E Serviços Públicos De Saúde,GESTÃO DO SUS,VALORIZAGTES/SUS - APOIO A EDUC. PERMANENTE DOS TRAB. DO SUS E A EDUC. POPULAR EM SAUDE,SP,SAO PAULO,355030,11904961,2025,13851748000140,FUNDO ESTADUAL DE SAUDE - FUNDES,001,01897X,000000190462,ESTADUAL,S,S,N,45671,2224592.73,2224592.73,4232584388.9099998,45991
2025,https://portalfns.saude.gov.br/wp-content/uploads/2026/01/REPASSE-FAF-COM-POPULACAO-2025.xlsx,https://portalfns.saude.gov.br/wp-content/uploads/2026/01/REPASSE-FAF-COM-POPULACAO-2025.xlsx,data/raw/sao_paulo/fns/repasses_faf_com_populacao/2025/REPASSE-FAF-COM-POPULACAO-2025.xlsx,Manutenção Das Ações E Serviços Públicos De Saúde,GESTÃO DO SUS,VALORIZAGTES/SUS - APOIO A EDUC. PERMANENTE DOS TRAB. DO SUS E A EDUC. POPULAR EM SAUDE,SP,SAO PAULO,355030,11904961,2025,13864377000130,FUNDO MUNICIPAL DE SAUDE - FMS,001,01897X,000000190470,MUNICIPAL,N,S,N,45671,513249.39,513249.39,536005569.63999999,45991
