numero_controle_pncp,numero,ano,numero_sequencial,orgao_cnpj,orgao_nome,unidade_nome,modalidade_licitacao_nome,tipo_contrato_nome,tipo_nome,situacao_nome,cancelado,data_publicacao_pncp,data_atualizacao_pncp,data_assinatura,data_inicio_vigencia,data_fim_vigencia,valor_global,fonte_orcamentaria_nome,exigencia_conteudo_nacional,permite_adesao,possui_emenda_parlamentar,municipio_nome,uf,esfera_nome,poder_nome,title,description,item_url
45751435000106-2-000039/2026,,2026,39,45751435000106,MUNICIPIO DE PAULINIA,MUNICIPIO DE PAULINIA,Pregão - Eletrônico,Contrato (termo inicial),Edital,Divulgada no PNCP,False,2026-01-27T07:31:05.998069065,2026-01-27T07:31:05.998069065,2026-01-27,2026-01-27,2026-07-25,15194.0,,,,,Paulínia,SP,Municipal,Não se aplica,Contrato nº 035/2026,AQUISIÇÃO DE MOBILIÁRIOS,/contratos/45751435000106/2026/39
45751435000106-2-000041/2026,,2026,41,45751435000106,MUNICIPIO DE PAULINIA,MUNICIPIO DE PAULINIA,Dispensa,Contrato (termo inicial),Ato que autoriza a Contratação Direta,Divulgada no PNCP,False,2026-01-28T10:23:34.196485217,2026-01-28T10:23:34.196485217,2026-01-28,2026-01-28,2027-01-27,990.0,,,,,Paulínia,SP,Municipal,Não se aplica,Contrato nº 037/2026,16 - Outros materiais de consumo,/contratos/45751435000106/2026/41
45751435000106-2-000052/2026,,2026,52,45751435000106,MUNICIPIO DE PAULINIA,MUNICIPIO DE PAULINIA,Pregão - Eletrônico,Contrato (termo inicial),Edital,Divulgada no PNCP,False,2026-02-02T16:59:59.383257966,2026-02-02T16:59:59.383257966,2026-02-02,2026-02-02,2027-02-01,1466.76,,,,,Paulínia,SP,Municipal,Não se aplica,Contrato nº 046/2026,AQUISIÇÃO DE ELETRODOMÉSTICOS,/contratos/45751435000106/2026/52
45751435000106-2-000061/2026,,2026,61,45751435000106,MUNICIPIO DE PAULINIA,MUNICIPIO DE PAULINIA,Pregão - Eletrônico,Contrato (termo inicial),Edital,Divulgada no PNCP,False,2026-02-04T14:06:35.369262655,2026-02-04T14:06:35.369262655,2026-02-05,2026-02-05,2027-02-04,15028.0,,,,,Paulínia,SP,Municipal,Não se aplica,Contrato nº 056/2026,AQUISIÇÃO DE MOBILIÁRIOS HOSPITALARES,/contratos/45751435000106/2026/61
45751435000106-2-000235/2026,,2026,235,45751435000106,MUNICIPIO DE PAULINIA,MUNICIPIO DE PAULINIA,Dispensa,Contrato (termo inicial),Ato que autoriza a Contratação Direta,Divulgada no PNCP,False,2026-04-22T07:34:13.215712402,2026-04-22T07:34:13.215712402,2026-04-22,2026-04-22,2027-04-21,1147722.2,,,,,Paulínia,SP,Municipal,Não se aplica,Contrato nº 249/2026,16 - Outros materiais de consumo,/contratos/45751435000106/2026/235
45751435000106-2-000327/2026,,2026,327,45751435000106,MUNICIPIO DE PAULINIA,MUNICIPIO DE PAULINIA,Pregão - Eletrônico,Contrato (termo inicial),Edital,Divulgada no PNCP,False,2026-06-10T07:34:03.611592436,2026-06-10T07:34:03.721513548,2026-06-09,2026-06-09,2027-06-08,227374.9,,,,,Paulínia,SP,Municipal,Não se aplica,Contrato nº 336/2026,AQUISIÇÃO E INSTALAÇÃO DE ARQUIVOS DESLIZANTES,/contratos/45751435000106/2026/327
45751435000106-2-000017/2026,,2026,17,45751435000106,MUNICIPIO DE PAULINIA,MUNICIPIO DE PAULINIA,Pregão - Eletrônico,Contrato (termo inicial),Edital,Divulgada no PNCP,False,2026-01-20T09:58:15.987906504,2026-01-20T09:58:15.987906504,2026-01-19,2026-01-19,2027-01-18,6868.0,,,,,Paulínia,SP,Municipal,Não se aplica,Contrato nº 016/2026,AQUISIÇÃO DE EQUIPAMENTOS MÉDICOS HOSPITALARES,/contratos/45751435000106/2026/17
45751435000106-2-000040/2026,,2026,40,45751435000106,MUNICIPIO DE PAULINIA,MUNICIPIO DE PAULINIA,Pregão - Eletrônico,Contrato (termo inicial),Edital,Divulgada no PNCP,False,2026-01-27T08:05:59.598439,2026-01-27T08:08:24.242236451,2026-01-27,2026-01-27,2026-07-25,10650.0,,,,,Paulínia,SP,Municipal,Não se aplica,Contrato nº 036/2026,AQUISIÇÃO DE MOBILIÁRIOS,/contratos/45751435000106/2026/40
45751435000106-2-000045/2026,,2026,45,45751435000106,MUNICIPIO DE PAULINIA,MUNICIPIO DE PAULINIA,Pregão - Eletrônico,Contrato (termo inicial),Edital,Divulgada no PNCP,False,2026-02-02T11:20:34.769282517,2026-02-02T11:20:34.769282517,2026-02-02,2026-02-02,2027-02-01,14778.3,,,,,Paulínia,SP,Municipal,Não se aplica,Contrato nº 041/2026,AQUISIÇÃO DE ELETRODOMÉSTICOS,/contratos/45751435000106/2026/45
45751435000106-2-000046/2026,,2026,46,45751435000106,MUNICIPIO DE PAULINIA,MUNICIPIO DE PAULINIA,Pregão - Eletrônico,Contrato (termo inicial),Edital,Divulgada no PNCP,False,2026-02-02T14:14:47.425525743,2026-02-02T14:14:47.425525743,2026-02-02,2026-02-02,2027-02-02,780.0,,,,,Paulínia,SP,Municipal,Não se aplica,Contrato nº 042/2026,AQUISIÇÃO DE ELETRODOMÉSTICOS,/contratos/45751435000106/2026/46
45751435000106-2-000048/2026,,2026,48,45751435000106,MUNICIPIO DE PAULINIA,MUNICIPIO DE PAULINIA,Pregão - Eletrônico,Contrato (termo inicial),Edital,Divulgada no PNCP,False,2026-02-02T15:03:45.533498069,2026-02-02T15:03:45.533498069,2026-02-02,2026-02-02,2027-02-01,4892.0,,,,,Paulínia,SP,Municipal,Não se aplica,Contrato nº 043/2026,AQUISIÇÃO DE ELETRODOMÉSTICOS,/contratos/45751435000106/2026/48
45751435000106-2-000049/2026,,2026,49,45751435000106,MUNICIPIO DE PAULINIA,MUNICIPIO DE PAULINIA,Pregão - Eletrônico,Contrato (termo inicial),Edital,Divulgada no PNCP,False,2026-02-02T15:30:15.432180810,2026-02-02T15:30:15.432180810,2026-02-02,2026-02-02,2027-02-01,366.0,,,,,Paulínia,SP,Municipal,Não se aplica,Contrato nº 044/2026,AQUISIÇÃO DE ELETRODOMÉSTICOS,/contratos/45751435000106/2026/49
45751435000106-2-000058/2026,,2026,58,45751435000106,MUNICIPIO DE PAULINIA,MUNICIPIO DE PAULINIA,Pregão - Eletrônico,Contrato (termo inicial),Edital,Divulgada no PNCP,False,2026-02-04T12:56:46.890720422,2026-02-04T12:56:46.890720422,2026-02-05,2026-02-05,2027-02-04,1800.0,,,,,Paulínia,SP,Municipal,Não se aplica,Contrato nº 053/2026,AQUISIÇÃO DE MOBILIÁRIOS HOSPITALARES,/contratos/45751435000106/2026/58
45751435000106-2-000063/2026,,2026,63,45751435000106,MUNICIPIO DE PAULINIA,MUNICIPIO DE PAULINIA,Pregão - Eletrônico,Contrato (termo inicial),Edital,Divulgada no PNCP,False,2026-02-04T16:35:06.104700336,2026-02-04T16:35:06.104700336,2026-02-05,2026-02-05,2027-02-04,302200.0,,,,,Paulínia,SP,Municipal,Não se aplica,Contrato nº 058/2026,AQUISIÇÃO DE MOBILIÁRIOS HOSPITALARES,/contratos/45751435000106/2026/63
45751435000106-2-000089/2026,,2026,89,45751435000106,MUNICIPIO DE PAULINIA,MUNICIPIO DE PAULINIA,Inexigibilidade,Contrato (termo inicial),Ato que autoriza a Contratação Direta,Divulgada no PNCP,False,2026-02-24T14:07:13.677252315,2026-02-24T14:07:13.677252315,2026-02-24,2026-02-24,2027-02-23,200250.0,,,,,Paulínia,SP,Municipal,Não se aplica,Contrato nº 107/2026,Munição .9 milimetros,/contratos/45751435000106/2026/89
45751435000106-2-000308/2026,,2026,308,45751435000106,MUNICIPIO DE PAULINIA,MUNICIPIO DE PAULINIA,Pregão - Eletrônico,Contrato (termo inicial),Edital,Divulgada no PNCP,False,2026-05-21T09:42:07.512961279,2026-05-21T09:42:07.585784124,2026-05-21,2026-05-21,2027-05-20,270000.0,,,,,Paulínia,SP,Municipal,Não se aplica,Contrato nº 318/2026,AQUISIÇÃO DE APARELHOS DE AMPLIFICAÇÃO SONORA,/contratos/45751435000106/2026/308
45751435000106-2-000009/2026,,2026,9,45751435000106,MUNICIPIO DE PAULINIA,MUNICIPIO DE PAULINIA,Pregão - Eletrônico,Contrato (termo inicial),Edital,Divulgada no PNCP,False,2026-01-19T15:39:31.895112650,2026-01-19T15:39:31.895112650,2026-01-19,2026-01-19,2027-01-18,3419.6,,,,,Paulínia,SP,Municipal,Não se aplica,Contrato nº 008/2026,AQUISIÇÃO DE EQUIPAMENTOS MÉDICOS HOSPITALARES,/contratos/45751435000106/2026/9
45751435000106-2-000038/2026,,2026,38,45751435000106,MUNICIPIO DE PAULINIA,MUNICIPIO DE PAULINIA,Pregão - Eletrônico,Contrato (termo inicial),Edital,Divulgada no PNCP,False,2026-01-26T16:11:55.004988664,2026-01-26T16:11:55.004988664,2026-01-27,2026-01-27,2026-07-25,2884.95,,,,,Paulínia,SP,Municipal,Não se aplica,Contrato nº 034/2026,AQUISIÇÃO DE MOBILIÁRIOS,/contratos/45751435000106/2026/38
45751435000106-2-000042/2026,,2026,42,45751435000106,MUNICIPIO DE PAULINIA,MUNICIPIO DE PAULINIA,Pregão - Eletrônico,Contrato (termo inicial),Edital,Divulgada no PNCP,False,2026-01-28T12:24:49.263173578,2026-01-28T12:24:49.263173578,2026-01-28,2026-01-28,2027-01-27,12900.0,,,,,Paulínia,SP,Municipal,Não se aplica,Contrato nº 038/2026,AQUISIÇÃO DE CAMISETAS,/contratos/45751435000106/2026/42
45751435000106-2-000053/2026,,2026,53,45751435000106,MUNICIPIO DE PAULINIA,MUNICIPIO DE PAULINIA,Pregão - Eletrônico,Contrato (termo inicial),Edital,Divulgada no PNCP,False,2026-02-03T08:23:25.720183393,2026-02-03T08:23:25.720183393,2026-02-02,2026-02-02,2027-02-01,4151.8,,,,,Paulínia,SP,Municipal,Não se aplica,Contrato nº 047/2026,AQUISIÇÃO DE ELETRODOMÉSTICOS,/contratos/45751435000106/2026/53
45751435000106-2-000060/2026,,2026,60,45751435000106,MUNICIPIO DE PAULINIA,MUNICIPIO DE PAULINIA,Pregão - Eletrônico,Contrato (termo inicial),Edital,Divulgada no PNCP,False,2026-02-04T13:48:04.969052477,2026-02-04T13:48:04.969052477,2026-02-05,2026-02-05,2027-02-04,6082.0,,,,,Paulínia,SP,Municipal,Não se aplica,Contrato nº 055/2026,AQUISIÇÃO DE MOBILIÁRIOS HOSPITALARES,/contratos/45751435000106/2026/60
45751435000106-2-000062/2026,,2026,62,45751435000106,MUNICIPIO DE PAULINIA,MUNICIPIO DE PAULINIA,Pregão - Eletrônico,Contrato (termo inicial),Edital,Divulgada no PNCP,False,2026-02-04T14:59:40.285423116,2026-02-04T14:59:40.285423116,2026-02-05,2026-02-05,2027-02-04,10197.0,,,,,Paulínia,SP,Municipal,Não se aplica,Contrato nº 057/2026,AQUISIÇÃO DE MOBILIÁRIOS HOSPITALARES,/contratos/45751435000106/2026/62
45751435000106-2-000064/2026,,2026,64,45751435000106,MUNICIPIO DE PAULINIA,MUNICIPIO DE PAULINIA,Pregão - Eletrônico,Contrato (termo inicial),Edital,Divulgada no PNCP,False,2026-02-04T16:46:37.155865543,2026-02-04T16:46:37.155865543,2026-02-05,2026-02-05,2027-02-04,5302.8,,,,,Paulínia,SP,Municipal,Não se aplica,Contrato nº 059/2026,AQUISIÇÃO DE MOBILIÁRIOS HOSPITALARES,/contratos/45751435000106/2026/64
45751435000106-2-000065/2026,,2026,65,45751435000106,MUNICIPIO DE PAULINIA,MUNICIPIO DE PAULINIA,Pregão - Eletrônico,Contrato (termo inicial),Edital,Divulgada no PNCP,False,2026-02-04T17:01:45.642519890,2026-02-04T17:01:45.642519890,2026-02-05,2026-02-05,2027-02-04,103441.39,,,,,Paulínia,SP,Municipal,Não se aplica,Contrato nº 060/2026,AQUISIÇÃO DE MOBILIÁRIOS HOSPITALARES,/contratos/45751435000106/2026/65
45751435000106-2-000074/2026,,2026,74,45751435000106,MUNICIPIO DE PAULINIA,MUNICIPIO DE PAULINIA,Pregão - Eletrônico,Contrato (termo inicial),Edital,Divulgada no PNCP,False,2026-02-10T14:02:50.771276793,2026-02-10T14:02:50.771276793,2026-02-10,2026-02-10,2026-08-08,4800.0,,,,,Paulínia,SP,Municipal,Não se aplica,Contrato nº 091/2026,"AQUISIÇÃO DE BOLO, REFRIGERANTE E SUCO",/contratos/45751435000106/2026/74
45751435000106-2-000298/2026,,2026,298,45751435000106,MUNICIPIO DE PAULINIA,MUNICIPIO DE PAULINIA,Dispensa,Contrato (termo inicial),Ato que autoriza a Contratação Direta,Divulgada no PNCP,False,2026-05-12T15:11:40.696030986,2026-05-12T15:11:40.818945579,2026-05-12,2026-05-12,2027-05-11,43130.88,,,,,Paulínia,SP,Municipal,Não se aplica,Contrato nº 308/2026,CUMPRIMENTO DE AÇÕES JUDICIAIS.,/contratos/45751435000106/2026/298
45751435000106-2-000300/2026,,2026,300,45751435000106,MUNICIPIO DE PAULINIA,MUNICIPIO DE PAULINIA,Pregão - Eletrônico,Contrato (termo inicial),Edital,Divulgada no PNCP,False,2026-05-13T10:36:37.292358677,2026-05-13T10:36:37.381286487,2026-05-13,2026-05-13,2027-05-12,38220.0,,,,,Paulínia,SP,Municipal,Não se aplica,Contrato nº 310/2026,AQUISIÇÃO DE 84 LIXEIRAS.,/contratos/45751435000106/2026/300
45751435000106-2-000010/2026,,2026,10,45751435000106,MUNICIPIO DE PAULINIA,MUNICIPIO DE PAULINIA,Pregão - Eletrônico,Contrato (termo inicial),Edital,Divulgada no PNCP,False,2026-01-19T16:11:38.047876143,2026-01-19T16:11:38.047876143,2026-01-19,2026-01-19,2027-01-18,33840.0,,,,,Paulínia,SP,Municipal,Não se aplica,Contrato nº 009/2026,AQUISIÇÃO DE EQUIPAMENTOS MÉDICOS HOSPITALARES,/contratos/45751435000106/2026/10
45751435000106-2-000012/2026,,2026,12,45751435000106,MUNICIPIO DE PAULINIA,MUNICIPIO DE PAULINIA,Pregão - Eletrônico,Contrato (termo inicial),Edital,Divulgada no PNCP,False,2026-01-20T07:24:40.528801355,2026-01-20T07:24:40.528801355,2026-01-19,2026-01-19,2027-01-18,41789.93,,,,,Paulínia,SP,Municipal,Não se aplica,Contrato nº 011/2026,AQUISIÇÃO DE EQUIPAMENTOS MÉDICOS HOSPITALARES,/contratos/45751435000106/2026/12
45751435000106-2-000013/2026,,2026,13,45751435000106,MUNICIPIO DE PAULINIA,MUNICIPIO DE PAULINIA,Pregão - Eletrônico,Contrato (termo inicial),Edital,Divulgada no PNCP,False,2026-01-20T08:03:40.506411855,2026-01-20T08:03:40.506411855,2026-01-19,2026-01-19,2027-01-18,81718.85,,,,,Paulínia,SP,Municipal,Não se aplica,Contrato nº 012/2026,AQUISIÇÃO DE EQUIPAMENTOS MÉDICOS HOSPITALARES,/contratos/45751435000106/2026/13
45751435000106-2-000018/2026,,2026,18,45751435000106,MUNICIPIO DE PAULINIA,MUNICIPIO DE PAULINIA,Pregão - Eletrônico,Contrato (termo inicial),Edital,Divulgada no PNCP,False,2026-01-20T10:17:03.000375556,2026-01-20T10:17:03.000375556,2026-01-19,2026-01-19,2027-01-18,385.0,,,,,Paulínia,SP,Municipal,Não se aplica,Contrato nº 017/2026,AQUISIÇÃO DE EQUIPAMENTOS MÉDICOS HOSPITALARES,/contratos/45751435000106/2026/18
45751435000106-2-000051/2026,,2026,51,45751435000106,MUNICIPIO DE PAULINIA,MUNICIPIO DE PAULINIA,Pregão - Eletrônico,Contrato (termo inicial),Edital,Divulgada no PNCP,False,2026-02-02T16:25:38.268596693,2026-02-02T16:25:38.268596693,2026-02-02,2026-02-02,2027-02-01,11250.8,,,,,Paulínia,SP,Municipal,Não se aplica,Contrato nº 045/2026,AQUISIÇÃO DE ELETRODOMÉSTICOS,/contratos/45751435000106/2026/51
45751435000106-2-000054/2026,,2026,54,45751435000106,MUNICIPIO DE PAULINIA,MUNICIPIO DE PAULINIA,Pregão - Eletrônico,Contrato (termo inicial),Edital,Divulgada no PNCP,False,2026-02-03T08:46:27.865736986,2026-02-03T08:46:27.865736986,2026-02-02,2026-02-02,2027-02-01,8094.45,,,,,Paulínia,SP,Municipal,Não se aplica,Contrato nº 048/2026,AQUISIÇÃO DE ELETRODOMÉSTICOS,/contratos/45751435000106/2026/54
45751435000106-2-000076/2026,,2026,76,45751435000106,MUNICIPIO DE PAULINIA,MUNICIPIO DE PAULINIA,Pregão - Eletrônico,Contrato (termo inicial),Edital,Divulgada no PNCP,False,2026-02-10T16:12:23.476909428,2026-02-10T16:12:23.476909428,2026-02-10,2026-02-10,2026-08-08,202000.0,,,,,Paulínia,SP,Municipal,Não se aplica,Contrato nº 093/2026,"AQUISIÇÃO DE BOLO, REFRIGERANTE E SUCO",/contratos/45751435000106/2026/76
45751435000106-2-000107/2026,,2026,107,45751435000106,MUNICIPIO DE PAULINIA,MUNICIPIO DE PAULINIA,Pregão - Eletrônico,Contrato (termo inicial),Edital,Divulgada no PNCP,False,2026-03-11T12:21:04.851456324,2026-03-11T12:21:04.851456324,2026-03-10,2026-03-10,2027-03-09,129800.0,,,,,Paulínia,SP,Municipal,Não se aplica,Contrato nº 189/2026,AQUISIÇÃO DE MOBILIÁRIOS E ELETROELETRÔNICOS,/contratos/45751435000106/2026/107
45751435000106-2-000011/2026,,2026,11,45751435000106,MUNICIPIO DE PAULINIA,MUNICIPIO DE PAULINIA,Pregão - Eletrônico,Contrato (termo inicial),Edital,Divulgada no PNCP,False,2026-01-19T16:58:32.043803373,2026-01-19T16:58:32.043803373,2026-01-19,2026-01-19,2027-01-18,4259.76,,,,,Paulínia,SP,Municipal,Não se aplica,Contrato nº 010/2026,AQUISIÇÃO DE EQUIPAMENTOS MÉDICOS HOSPITALARES,/contratos/45751435000106/2026/11
45751435000106-2-000014/2026,,2026,14,45751435000106,MUNICIPIO DE PAULINIA,MUNICIPIO DE PAULINIA,Pregão - Eletrônico,Contrato (termo inicial),Edital,Divulgada no PNCP,False,2026-01-20T08:51:15.606131943,2026-01-20T08:51:15.606131943,2026-01-19,2026-01-19,2027-01-18,22000.0,,,,,Paulínia,SP,Municipal,Não se aplica,Contrato nº 013/2026,AQUISIÇÃO DE EQUIPAMENTOS MÉDICOS HOSPITALARES,/contratos/45751435000106/2026/14
45751435000106-2-000016/2026,,2026,16,45751435000106,MUNICIPIO DE PAULINIA,MUNICIPIO DE PAULINIA,Pregão - Eletrônico,Contrato (termo inicial),Edital,Divulgada no PNCP,False,2026-01-20T09:41:58.331320,2026-01-20T09:41:58.331320,2026-01-19,2026-01-19,2027-01-18,7160.0,,,,,Paulínia,SP,Municipal,Não se aplica,Contrato nº 015/2026,AQUISIÇÃO DE EQUIPAMENTOS MÉDICOS HOSPITALARES,/contratos/45751435000106/2026/16
45751435000106-2-000043/2026,,2026,43,45751435000106,MUNICIPIO DE PAULINIA,MUNICIPIO DE PAULINIA,Pregão - Eletrônico,Contrato (termo inicial),Edital,Divulgada no PNCP,False,2026-01-28T15:38:21.454879116,2026-01-28T15:38:21.454879116,2026-01-28,2026-01-28,2026-04-27,45499.99,,,,,Paulínia,SP,Municipal,Não se aplica,Contrato nº 039/2026,CONTRATAÇÃO DE EMPRESA PARA FORNECIMENTO DE PASSAGENS AÉREAS E HOSPEDAGEM,/contratos/45751435000106/2026/43
45751435000106-2-000059/2026,,2026,59,45751435000106,MUNICIPIO DE PAULINIA,MUNICIPIO DE PAULINIA,Pregão - Eletrônico,Contrato (termo inicial),Edital,Divulgada no PNCP,False,2026-02-04T13:28:48.924533231,2026-02-04T13:28:48.924533231,2026-02-05,2026-02-05,2027-02-04,61818.77,,,,,Paulínia,SP,Municipal,Não se aplica,Contrato nº 054/2026,AQUISIÇÃO DE MOBILIÁRIOS HOSPITALARES,/contratos/45751435000106/2026/59
45751435000106-2-000087/2026,,2026,87,45751435000106,MUNICIPIO DE PAULINIA,MUNICIPIO DE PAULINIA,Dispensa,Contrato (termo inicial),Ato que autoriza a Contratação Direta,Divulgada no PNCP,False,2026-02-24T10:12:05.998459155,2026-02-24T10:12:05.998459155,2026-02-24,2026-02-24,2026-08-23,6758.4,,,,,Paulínia,SP,Municipal,Não se aplica,Contrato nº 105/2026,CUMPRIMENTO ACAO JUDICIAL SOB NR. 1001637.53.2017.8.26.0428. REQUERENTE V.F.V,/contratos/45751435000106/2026/87
45751435000106-2-000091/2026,,2026,91,45751435000106,MUNICIPIO DE PAULINIA,MUNICIPIO DE PAULINIA,Dispensa,Contrato (termo inicial),Ato que autoriza a Contratação Direta,Divulgada no PNCP,False,2026-02-25T16:25:18.024292866,2026-02-25T16:25:18.024292866,2026-02-25,2026-02-25,2026-08-24,4540.8,,,,,Paulínia,SP,Municipal,Não se aplica,Contrato nº 108/2026,CUMPRIMENTO DE ACAO JUDICIAL SOB NR. 1003832.98.2023.8.26.0428. REQUERENTE A.C.M.B.,/contratos/45751435000106/2026/91
45751435000106-2-000113/2026,,2026,113,45751435000106,MUNICIPIO DE PAULINIA,MUNICIPIO DE PAULINIA,Inexigibilidade,Contrato (termo inicial),Ato que autoriza a Contratação Direta,Divulgada no PNCP,False,2026-03-11T18:02:59.456429987,2026-03-11T18:02:59.456429987,2026-03-11,2026-03-11,2027-03-10,100000.0,,,,,Paulínia,SP,Municipal,Não se aplica,Contrato nº 190/2026,CUMPRIMENTO DE AÇÃO JUDICIAL SOB NR 1002553.77.2023.8.26.0428. REQUERENTE M.S.M.F.C,/contratos/45751435000106/2026/113
45751435000106-2-000240/2026,,2026,240,45751435000106,MUNICIPIO DE PAULINIA,MUNICIPIO DE PAULINIA,Dispensa,Contrato (termo inicial),Ato que autoriza a Contratação Direta,Divulgada no PNCP,False,2026-04-23T14:53:20.532568926,2026-04-23T14:53:20.532568926,2026-04-23,2026-04-23,2027-04-22,133515.0,,,,,Paulínia,SP,Municipal,Não se aplica,Contrato nº 270/2026,CUMPRIMENTO DE AÇÃO JUDICIAL SOB NRO. 0003399.92.2015.8.26.0428. REQUERENTE V.A.D.,/contratos/45751435000106/2026/240
45751435000106-2-000006/2026,,2026,6,45751435000106,MUNICIPIO DE PAULINIA,MUNICIPIO DE PAULINIA,Inexigibilidade,Contrato (termo inicial),Ato que autoriza a Contratação Direta,Divulgada no PNCP,False,2026-01-15T07:38:53.442785034,2026-01-15T07:38:53.442785034,2026-01-15,2026-01-15,2027-01-14,6408.0,,,,,Paulínia,SP,Municipal,Não se aplica,Contrato nº 006/2026,17 - Outras prestações de serviços,/contratos/45751435000106/2026/6
45751435000106-2-000008/2026,,2026,8,45751435000106,MUNICIPIO DE PAULINIA,MUNICIPIO DE PAULINIA,Pregão - Eletrônico,Contrato (termo inicial),Edital,Divulgada no PNCP,False,2026-01-19T14:37:25.980543045,2026-01-19T14:37:25.980543045,2026-01-19,2026-01-19,2027-01-18,2280.0,,,,,Paulínia,SP,Municipal,Não se aplica,Contrato nº 005/2026,AQUISIÇÃO DE EQUIPAMENTOS MÉDICOS HOSPITALARES,/contratos/45751435000106/2026/8
45751435000106-2-000015/2026,,2026,15,45751435000106,MUNICIPIO DE PAULINIA,MUNICIPIO DE PAULINIA,Pregão - Eletrônico,Contrato (termo inicial),Edital,Divulgada no PNCP,False,2026-01-20T09:13:03.998959147,2026-01-20T09:13:03.998959147,2026-01-19,2026-01-19,2027-01-18,3520.0,,,,,Paulínia,SP,Municipal,Não se aplica,Contrato nº 014/2026,AQUISIÇÃO DE EQUIPAMENTOS MÉDICOS HOSPITALARES,/contratos/45751435000106/2026/15
45751435000106-2-000024/2026,,2026,24,45751435000106,MUNICIPIO DE PAULINIA,MUNICIPIO DE PAULINIA,Pregão - Eletrônico,Contrato (termo inicial),Edital,Divulgada no PNCP,False,2026-01-21T11:30:03.775526354,2026-01-21T11:30:03.775526354,2026-01-21,2026-01-21,2027-01-20,9783.88,,,,,Paulínia,SP,Municipal,Não se aplica,Contrato nº 019/2026,"AQUISIÇÃO DE BRINQUEDOS, JOGOS E MATERIAIS PARA OFICINAS TERAPÊUTICAS",/contratos/45751435000106/2026/24
45751435000106-2-000026/2026,,2026,26,45751435000106,MUNICIPIO DE PAULINIA,MUNICIPIO DE PAULINIA,Pregão - Eletrônico,Contrato (termo inicial),Edital,Divulgada no PNCP,False,2026-01-21T14:32:40.449696144,2026-01-21T14:32:40.449696144,2026-01-21,2026-01-21,2027-01-20,1780.2,,,,,Paulínia,SP,Municipal,Não se aplica,Contrato nº 021/2026,"AQUISIÇÃO DE BRINQUEDOS, JOGOS E MATERIAIS PARA OFICINAS TERAPÊUTICAS",/contratos/45751435000106/2026/26
45751435000106-2-000027/2026,,2026,27,45751435000106,MUNICIPIO DE PAULINIA,MUNICIPIO DE PAULINIA,Pregão - Eletrônico,Contrato (termo inicial),Edital,Divulgada no PNCP,False,2026-01-21T15:19:22.591256003,2026-01-21T15:19:22.591256003,2026-01-21,2026-01-21,2027-01-20,4110.6,,,,,Paulínia,SP,Municipal,Não se aplica,Contrato nº 022/2026,"AQUISIÇÃO DE BRINQUEDOS, JOGOS E MATERIAIS PARA OFICINAS TERAPÊUTICAS",/contratos/45751435000106/2026/27
45751435000106-2-000028/2026,,2026,28,45751435000106,MUNICIPIO DE PAULINIA,MUNICIPIO DE PAULINIA,Pregão - Eletrônico,Contrato (termo inicial),Edital,Divulgada no PNCP,False,2026-01-21T15:20:33.189785469,2026-01-21T15:20:33.189785469,2026-01-21,2026-01-21,2027-01-20,8242.84,,,,,Paulínia,SP,Municipal,Não se aplica,Contrato nº 020/2026,"AQUISIÇÃO DE BRINQUEDOS, JOGOS E MATERIAIS PARA OFICINAS TERAPÊUTICAS",/contratos/45751435000106/2026/28
45751435000106-2-000029/2026,,2026,29,45751435000106,MUNICIPIO DE PAULINIA,MUNICIPIO DE PAULINIA,Pregão - Eletrônico,Contrato (termo inicial),Edital,Divulgada no PNCP,False,2026-01-21T15:47:25.266604367,2026-01-21T15:47:25.266604367,2026-01-21,2026-01-21,2027-01-20,5448.26,,,,,Paulínia,SP,Municipal,Não se aplica,Contrato nº 023/2026,"AQUISIÇÃO DE BRINQUEDOS, JOGOS E MATERIAIS PARA OFICINAS TERAPÊUTICAS",/contratos/45751435000106/2026/29
45751435000106-2-000031/2026,,2026,31,45751435000106,MUNICIPIO DE PAULINIA,MUNICIPIO DE PAULINIA,Pregão - Eletrônico,Contrato (termo inicial),Edital,Divulgada no PNCP,False,2026-01-21T16:01:56.188777228,2026-01-21T16:01:56.188777228,2026-01-21,2026-01-21,2027-01-20,93370.0,,,,,Paulínia,SP,Municipal,Não se aplica,Contrato nº 024/2026,"AQUISIÇÃO DE BRINQUEDOS, JOGOS E MATERIAIS PARA OFICINAS TERAPÊUTICAS",/contratos/45751435000106/2026/31
45751435000106-2-000032/2026,,2026,32,45751435000106,MUNICIPIO DE PAULINIA,MUNICIPIO DE PAULINIA,Pregão - Eletrônico,Contrato (termo inicial),Edital,Divulgada no PNCP,False,2026-01-21T16:22:24.629776556,2026-01-21T16:22:24.629776556,2026-01-21,2026-01-21,2027-01-20,7276.8,,,,,Paulínia,SP,Municipal,Não se aplica,Contrato nº 026/2026,"AQUISIÇÃO DE BRINQUEDOS, JOGOS E MATERIAIS PARA OFICINAS TERAPÊUTICAS",/contratos/45751435000106/2026/32
45751435000106-2-000033/2026,,2026,33,45751435000106,MUNICIPIO DE PAULINIA,MUNICIPIO DE PAULINIA,Pregão - Eletrônico,Contrato (termo inicial),Edital,Divulgada no PNCP,False,2026-01-21T16:33:55.545017711,2026-01-21T16:33:55.545017711,2026-01-21,2026-01-21,2027-01-20,15276.0,,,,,Paulínia,SP,Municipal,Não se aplica,Contrato nº 028/2026,"AQUISIÇÃO DE BRINQUEDOS, JOGOS E MATERIAIS PARA OFICINAS TERAPÊUTICAS",/contratos/45751435000106/2026/33
45751435000106-2-000034/2026,,2026,34,45751435000106,MUNICIPIO DE PAULINIA,MUNICIPIO DE PAULINIA,Pregão - Eletrônico,Contrato (termo inicial),Edital,Divulgada no PNCP,False,2026-01-21T16:42:01.014380180,2026-01-21T16:42:01.014380180,2026-01-21,2026-01-21,2027-01-20,3962.0,,,,,Paulínia,SP,Municipal,Não se aplica,Contrato nº 029/2026,"AQUISIÇÃO DE BRINQUEDOS, JOGOS E MATERIAIS PARA OFICINAS TERAPÊUTICAS",/contratos/45751435000106/2026/34
45751435000106-2-000035/2026,,2026,35,45751435000106,MUNICIPIO DE PAULINIA,MUNICIPIO DE PAULINIA,Pregão - Eletrônico,Contrato (termo inicial),Edital,Divulgada no PNCP,False,2026-01-21T16:50:39.801295660,2026-01-21T16:50:39.801295660,2026-01-21,2026-01-21,2027-01-20,9676.1,,,,,Paulínia,SP,Municipal,Não se aplica,Contrato nº 030/2026,"AQUISIÇÃO DE BRINQUEDOS, JOGOS E MATERIAIS PARA OFICINAS TERAPÊUTICAS",/contratos/45751435000106/2026/35
45751435000106-2-000071/2026,,2026,71,45751435000106,MUNICIPIO DE PAULINIA,MUNICIPIO DE PAULINIA,Dispensa,Contrato (termo inicial),Ato que autoriza a Contratação Direta,Divulgada no PNCP,False,2026-02-09T14:39:13.757712623,2026-02-09T14:39:13.757712623,2026-02-09,2026-02-09,2027-02-08,3038.4,,,,,Paulínia,SP,Municipal,Não se aplica,Contrato nº 088/2026,CUMPRIMENTO DE AÇÃO JUDICIAL SOB Nº 0002726.50.2025.8.26.0428. REQUERENTE J.R.S.B.,/contratos/45751435000106/2026/71
45751435000106-2-000075/2026,,2026,75,45751435000106,MUNICIPIO DE PAULINIA,MUNICIPIO DE PAULINIA,Pregão - Eletrônico,Contrato (termo inicial),Edital,Divulgada no PNCP,False,2026-02-10T14:50:34.758865085,2026-02-10T14:50:34.758865085,2026-02-10,2026-02-10,2026-08-08,44400.0,,,,,Paulínia,SP,Municipal,Não se aplica,Contrato nº 092/2026,"AQUISIÇÃO DE BOLO, REFRIGERANTE E SUCO",/contratos/45751435000106/2026/75
45751435000106-2-000079/2026,,2026,79,45751435000106,MUNICIPIO DE PAULINIA,MUNICIPIO DE PAULINIA,Pregão - Eletrônico,Contrato (termo inicial),Edital,Divulgada no PNCP,False,2026-02-13T12:46:48.954333104,2026-02-13T12:46:48.954333104,2026-02-13,2026-02-13,2026-02-13,0.0,,,,,Paulínia,SP,Municipal,Não se aplica,Contrato nº 097/2026,FORNECIMENTO DE MATERIAIS BÁSICOS DA CONSTRUÇÃO CIVIL,/contratos/45751435000106/2026/79
45751435000106-2-000081/2026,,2026,81,45751435000106,MUNICIPIO DE PAULINIA,MUNICIPIO DE PAULINIA,Dispensa,Contrato (termo inicial),Ato que autoriza a Contratação Direta,Divulgada no PNCP,False,2026-02-19T15:52:58.488298870,2026-02-19T15:52:58.488298870,2026-02-19,2026-02-19,2027-02-18,28800.0,,,,,Paulínia,SP,Municipal,Não se aplica,Contrato nº 099/2026,CUMPRIMENTO DE AÇÃO JUDICIAL SOB NR. 1005006.79.2022.8.26.0428. REQUERENTE A.M.A.B.,/contratos/45751435000106/2026/81
45751435000106-2-000090/2026,,2026,90,45751435000106,MUNICIPIO DE PAULINIA,MUNICIPIO DE PAULINIA,Dispensa,Contrato (termo inicial),Ato que autoriza a Contratação Direta,Divulgada no PNCP,False,2026-02-25T15:57:04.929980552,2026-02-25T15:57:04.929980552,2026-02-25,2026-02-25,2027-02-24,53507.52,,,,,Paulínia,SP,Municipal,Não se aplica,Contrato nº 110/2026,CUMPRIMENTO DE ACAO JUDICIAL SOB NR. 1005544.02.2018.8.26.0428. REQUERENTE G.K.A.F.,/contratos/45751435000106/2026/90
45751435000106-2-000096/2026,,2026,96,45751435000106,MUNICIPIO DE PAULINIA,MUNICIPIO DE PAULINIA,Dispensa,Contrato (termo inicial),Ato que autoriza a Contratação Direta,Divulgada no PNCP,False,2026-02-27T14:22:56.927725533,2026-02-27T14:22:56.927725533,2026-02-27,2026-02-27,2027-02-26,388.8,,,,,Paulínia,SP,Municipal,Não se aplica,Contrato nº 114/2026,CUMPRIMENTO DE AÇÃO JUDICIAL SOB NRS. 1004223.29.2018.8.26.0428 E 1003208.15.2024.8.26.0428. REQUERENTES B.S.F. E Y.A.F.,/contratos/45751435000106/2026/96
45751435000106-2-000102/2026,,2026,102,45751435000106,MUNICIPIO DE PAULINIA,MUNICIPIO DE PAULINIA,Dispensa,Contrato (termo inicial),Ato que autoriza a Contratação Direta,Divulgada no PNCP,False,2026-03-05T16:53:14.663950261,2026-03-05T16:53:14.663950261,2026-03-05,2026-03-05,2027-03-04,5162.29,,,,,Paulínia,SP,Municipal,Não se aplica,Contrato nº 179/2026,CUMPRIMENTO DE AÇÃO JUDICIAL SOB NRS. 1006112.42.2023.8.26.0428 E 1001699.59.2018.8.26.0428. REQUERENTES D.J.L. E E.G.A.,/contratos/45751435000106/2026/102
45751435000106-2-000103/2026,,2026,103,45751435000106,MUNICIPIO DE PAULINIA,MUNICIPIO DE PAULINIA,Dispensa,Contrato (termo inicial),Ato que autoriza a Contratação Direta,Divulgada no PNCP,False,2026-03-06T13:55:53.893608257,2026-03-06T13:55:53.893608257,2026-03-06,2026-03-06,2027-03-05,28652.04,,,,,Paulínia,SP,Municipal,Não se aplica,Contrato nº 180/2026,CUMPRIMENTO DE ACAO JUDICIAL SOB NR. 1006457.71.2024.8.26.0428. REQUERENTE F.S.Q.,/contratos/45751435000106/2026/103
45751435000106-2-000119/2026,,2026,119,45751435000106,MUNICIPIO DE PAULINIA,MUNICIPIO DE PAULINIA,Dispensa,Contrato (termo inicial),Aviso de Contratação Direta,Divulgada no PNCP,False,2026-03-23T11:40:38.446601730,2026-03-23T11:40:38.446601730,2026-03-23,2026-03-23,2027-03-22,10875.74,,,,,Paulínia,SP,Municipal,Não se aplica,Contrato nº 221/2026,AQUISIÇÃO DE UMA BOMBA DE PISCINA PARA O GINÁSIO VICENTE AMATTE,/contratos/45751435000106/2026/119
45751435000106-2-000123/2026,,2026,123,45751435000106,MUNICIPIO DE PAULINIA,MUNICIPIO DE PAULINIA,Pregão - Eletrônico,Contrato (termo inicial),Edital,Divulgada no PNCP,False,2026-03-23T15:47:40.554851412,2026-03-23T15:47:40.554851412,2026-03-23,2026-03-23,2027-03-22,12298.88,,,,,Paulínia,SP,Municipal,Não se aplica,Contrato nº 220/2026,AQUISIÇÃO DE 10 (DEZ) TROCADORES DE FRALDAS ARTICULADOS,/contratos/45751435000106/2026/123
45751435000106-2-000233/2026,,2026,233,45751435000106,MUNICIPIO DE PAULINIA,MUNICIPIO DE PAULINIA,Pregão - Eletrônico,Contrato (termo inicial),Edital,Divulgada no PNCP,False,2026-04-15T14:37:15.338480698,2026-04-15T14:37:15.338480698,2026-04-15,2026-04-15,2027-04-14,252375.0,,,,,Paulínia,SP,Municipal,Não se aplica,Contrato nº 245/2026,REGISTRO DE PREÇOS PARA AQUISIÇÃO DE ARTEFATOS DE CONCRETO,/contratos/45751435000106/2026/233
45751435000106-2-000278/2026,,2026,278,45751435000106,MUNICIPIO DE PAULINIA,MUNICIPIO DE PAULINIA,Pregão - Eletrônico,Contrato (termo inicial),Edital,Divulgada no PNCP,False,2026-04-30T16:15:45.161204202,2026-04-30T16:15:45.161204202,2026-04-30,2026-04-30,2027-04-29,84125.0,,,,,Paulínia,SP,Municipal,Não se aplica,Contrato nº 289/2026,REGISTRO DE PREÇOS PARA AQUISIÇÃO DE ARTEFATOS DE CONCRETO,/contratos/45751435000106/2026/278
45751435000106-2-000283/2026,,2026,283,45751435000106,MUNICIPIO DE PAULINIA,MUNICIPIO DE PAULINIA,Inexigibilidade,Contrato (termo inicial),Ato que autoriza a Contratação Direta,Divulgada no PNCP,False,2026-05-06T08:11:47.192277801,2026-05-06T08:11:47.192277801,2026-05-06,2026-05-06,2027-05-05,26988.0,,,,,Paulínia,SP,Municipal,Não se aplica,Contrato nº 292/2026,CUMPRIMENTO DE AÇÃO JUDICIAL SOB NRO. 1005067.66.2024.8.26.0428. REQUERENTE H.F.M.,/contratos/45751435000106/2026/283
45751435000106-2-000285/2026,,2026,285,45751435000106,MUNICIPIO DE PAULINIA,MUNICIPIO DE PAULINIA,Pregão - Eletrônico,Contrato (termo inicial),Edital,Divulgada no PNCP,False,2026-05-06T11:28:11.145271708,2026-05-06T11:28:11.145271708,2026-05-06,2026-05-06,2031-05-05,9478700.0,,,,,Paulínia,SP,Municipal,Não se aplica,Contrato nº 295/2026,CONTRATAÇÃO DE EMPRESA ESPECIALIZADA EM LOCAÇÃO DE SISTEMA DE COMUNICAÇÃO DIGITAL,/contratos/45751435000106/2026/285
45751435000106-2-000287/2026,,2026,287,45751435000106,MUNICIPIO DE PAULINIA,MUNICIPIO DE PAULINIA,Pregão - Eletrônico,Contrato (termo inicial),Edital,Divulgada no PNCP,False,2026-05-07T08:06:08.274422435,2026-05-07T08:06:08.274422435,2026-05-06,2026-05-06,2027-05-05,3021467.98,,,,,Paulínia,SP,Municipal,Não se aplica,Contrato nº 297/2026,REGISTRO DE PREÇOS PARA AQUISIÇÃO DE PLAYGROUND,/contratos/45751435000106/2026/287
45751435000106-2-000328/2026,,2026,328,45751435000106,MUNICIPIO DE PAULINIA,MUNICIPIO DE PAULINIA,Pregão - Eletrônico,Contrato (termo inicial),Edital,Divulgada no PNCP,False,2026-06-10T11:11:25.776852244,2026-06-10T11:11:25.862904371,2026-06-10,2026-06-10,2027-06-09,97500.0,,,,,Paulínia,SP,Municipal,Não se aplica,Contrato nº 337/2026,REGISTRO DE PREÇOS PARA PRESTAÇÃO DE SERVIÇOS DE ARBITRAGEM,/contratos/45751435000106/2026/328
45751435000106-2-000335/2026,,2026,335,45751435000106,MUNICIPIO DE PAULINIA,MUNICIPIO DE PAULINIA,Pregão - Eletrônico,Contrato (termo inicial),Edital,Divulgada no PNCP,False,2026-06-11T17:27:23.541475078,2026-06-11T17:27:23.650934957,2026-06-11,2026-06-11,2027-06-10,344843.43,,,,,Paulínia,SP,Municipal,Não se aplica,Contrato nº 343/2026,REGISTRO DE PREÇOS PARA AQUISIÇÃO DE ARTEFATOS DE CONCRETO,/contratos/45751435000106/2026/335
45751435000106-2-000336/2026,,2026,336,45751435000106,MUNICIPIO DE PAULINIA,MUNICIPIO DE PAULINIA,Pregão - Eletrônico,Contrato (termo inicial),Edital,Divulgada no PNCP,False,2026-06-11T17:27:31.374690182,2026-06-11T17:27:31.467088792,2026-06-11,2026-06-11,2027-06-10,768384.07,,,,,Paulínia,SP,Municipal,Não se aplica,Contrato nº 344/2026,REGISTRO DE PREÇOS PARA AQUISIÇÃO DE ARTEFATOS DE CONCRETO,/contratos/45751435000106/2026/336
45751435000106-2-000020/2026,,2026,20,45751435000106,MUNICIPIO DE PAULINIA,MUNICIPIO DE PAULINIA,Pregão - Eletrônico,Contrato (termo inicial),Edital,Divulgada no PNCP,False,2026-01-21T10:08:24.819435070,2026-01-21T10:08:24.819435070,2026-01-21,2026-01-21,2027-01-20,9712.3,,,,,Paulínia,SP,Municipal,Não se aplica,Contrato nº 027/2026,"AQUISIÇÃO DE BRINQUEDOS, JOGOS E MATERIAIS PARA OFICINAS TERAPÊUTICAS",/contratos/45751435000106/2026/20
45751435000106-2-000022/2026,,2026,22,45751435000106,MUNICIPIO DE PAULINIA,MUNICIPIO DE PAULINIA,Pregão - Eletrônico,Contrato (termo inicial),Edital,Divulgada no PNCP,False,2026-01-21T11:16:51.709976984,2026-01-21T11:16:51.709976984,2026-01-21,2026-01-21,2027-01-20,2160.0,,,,,Paulínia,SP,Municipal,Não se aplica,Contrato nº 018/2026,"AQUISIÇÃO DE BRINQUEDOS, JOGOS E MATERIAIS PARA OFICINAS TERAPÊUTICAS",/contratos/45751435000106/2026/22
45751435000106-2-000030/2026,,2026,30,45751435000106,MUNICIPIO DE PAULINIA,MUNICIPIO DE PAULINIA,Pregão - Eletrônico,Contrato (termo inicial),Edital,Divulgada no PNCP,False,2026-01-21T15:54:59.505590356,2026-01-21T15:54:59.505590356,2026-01-21,2026-01-21,2027-01-20,2020.5,,,,,Paulínia,SP,Municipal,Não se aplica,Contrato nº 025/2026,"AQUISIÇÃO DE BRINQUEDOS, JOGOS E MATERIAIS PARA OFICINAS TERAPÊUTICAS",/contratos/45751435000106/2026/30
45751435000106-2-000036/2026,,2026,36,45751435000106,MUNICIPIO DE PAULINIA,MUNICIPIO DE PAULINIA,Pregão - Eletrônico,Contrato (termo inicial),Edital,Divulgada no PNCP,False,2026-01-21T17:02:01.566945566,2026-01-21T17:02:01.566945566,2026-01-21,2026-01-21,2027-01-20,27950.0,,,,,Paulínia,SP,Municipal,Não se aplica,Contrato nº 031/2026,"AQUISIÇÃO DE BRINQUEDOS, JOGOS E MATERIAIS PARA OFICINAS TERAPÊUTICAS",/contratos/45751435000106/2026/36
45751435000106-2-000044/2026,,2026,44,45751435000106,MUNICIPIO DE PAULINIA,MUNICIPIO DE PAULINIA,Pregão - Eletrônico,Contrato (termo inicial),Edital,Divulgada no PNCP,False,2026-01-30T08:46:55.851734999,2026-01-30T08:46:55.851734999,2026-01-30,2026-01-30,2027-01-29,116694.63,,,,,Paulínia,SP,Municipal,Não se aplica,Contrato nº 040/2026,REGISTRO DE PREÇOS PARA AQUISIÇÃO DE UNIFORMES ESPORTIVOS,/contratos/45751435000106/2026/44
45751435000106-2-000067/2026,,2026,67,45751435000106,MUNICIPIO DE PAULINIA,MUNICIPIO DE PAULINIA,Pregão - Eletrônico,Contrato (termo inicial),Edital,Divulgada no PNCP,False,2026-02-06T09:51:59.495175667,2026-02-06T09:51:59.495175667,2026-02-05,2026-02-05,2027-02-04,78342.0,,,,,Paulínia,SP,Municipal,Não se aplica,Contrato nº 062/2026,"REGISTRO DE PREÇOS PARA AQUISIÇÃO DE MESAS, CADEIRAS E ARMÁRIOS",/contratos/45751435000106/2026/67
45751435000106-2-000072/2026,,2026,72,45751435000106,MUNICIPIO DE PAULINIA,MUNICIPIO DE PAULINIA,Inexigibilidade,Contrato (termo inicial),Ato que autoriza a Contratação Direta,Divulgada no PNCP,False,2026-02-10T08:40:05.713671410,2026-02-10T08:40:05.713671410,2026-02-09,2026-02-09,2026-04-09,600000.0,,,,,Paulínia,SP,Municipal,Não se aplica,Contrato nº 089/2026,Contratação da Banda Raça Negra para programação oficial do aniversário do município.,/contratos/45751435000106/2026/72
45751435000106-2-000073/2026,,2026,73,45751435000106,MUNICIPIO DE PAULINIA,MUNICIPIO DE PAULINIA,Pregão - Eletrônico,Contrato (termo inicial),Edital,Divulgada no PNCP,False,2026-02-10T10:17:59.121273809,2026-02-10T10:17:59.121273809,2026-02-09,2026-02-09,2027-02-08,878000.0,,,,,Paulínia,SP,Municipal,Não se aplica,Contrato nº 090/2026,CONTRATAÇÃO DE EMPRESA PARA LOCAÇÃO DE EQUIPAMENTOS TOTALMENTE AUTOMATIZADOS PARA REALIZAÇÃO DE HEMOGRAMAS E RETICULÓCITOS,/contratos/45751435000106/2026/73
45751435000106-2-000080/2026,,2026,80,45751435000106,MUNICIPIO DE PAULINIA,MUNICIPIO DE PAULINIA,Dispensa,Contrato (termo inicial),Ato que autoriza a Contratação Direta,Divulgada no PNCP,False,2026-02-19T11:21:09.610844504,2026-02-19T11:21:09.610844504,2026-02-19,2026-02-19,2027-02-18,375360.0,,,,,Paulínia,SP,Municipal,Não se aplica,Contrato nº 098/2026,"CUMPRIMENTO DE AÇÃO JUDICIAL SOB Nº 1004910-59.2025.8.26.0428. REQUERENTE ""R.G.M.""",/contratos/45751435000106/2026/80
45751435000106-2-000100/2026,,2026,100,45751435000106,MUNICIPIO DE PAULINIA,MUNICIPIO DE PAULINIA,Dispensa,Contrato (termo inicial),Ato que autoriza a Contratação Direta,Divulgada no PNCP,False,2026-03-03T11:23:45.158347954,2026-03-03T11:23:45.158347954,2026-03-03,2026-03-03,2027-03-02,1008.0,,,,,Paulínia,SP,Municipal,Não se aplica,Contrato nº 177/2026,CUMPRIMENTO DE AÇÃO JUDICIAL SOB NRS. 1006112.42.2023.08.26.0428 E 1001699.59.2018.8.26.0428. REQUERENTES D.J.L. E E.G.A.,/contratos/45751435000106/2026/100
45751435000106-2-000101/2026,,2026,101,45751435000106,MUNICIPIO DE PAULINIA,MUNICIPIO DE PAULINIA,Dispensa,Contrato (termo inicial),Ato que autoriza a Contratação Direta,Divulgada no PNCP,False,2026-03-03T13:34:38.457043207,2026-03-03T13:34:38.457043207,2026-03-03,2026-03-03,2027-03-02,6738.0,,,,,Paulínia,SP,Municipal,Não se aplica,Contrato nº 178/2026,CUMPRIMENTO DE ACAO JUDICIAL SOB NR. 1004412.41.2017.8.26.0428. REQUERENTE A.R.G.M. E R.F.I.,/contratos/45751435000106/2026/101
45751435000106-2-000191/2026,,2026,191,45751435000106,MUNICIPIO DE PAULINIA,MUNICIPIO DE PAULINIA,Pregão - Eletrônico,Contrato (termo inicial),Edital,Divulgada no PNCP,False,2026-03-26T09:05:53.749077833,2026-03-26T09:05:53.749077833,2026-03-25,2026-03-25,2027-03-24,59000.0,,,,,Paulínia,SP,Municipal,Não se aplica,Contrato nº 226/2026,CONTRATAÇÃO DE EMPRESA OU PROFISSIONAL QUALIFICADO PARA REALIZAÇÃO DE AVALIAÇÕES COMPORTAMENTAIS (ABA),/contratos/45751435000106/2026/191
45751435000106-2-000232/2026,,2026,232,45751435000106,MUNICIPIO DE PAULINIA,MUNICIPIO DE PAULINIA,Pregão - Eletrônico,Contrato (termo inicial),Edital,Divulgada no PNCP,False,2026-04-15T10:34:29.772946233,2026-04-15T10:34:29.772946233,2026-04-15,2026-04-15,2027-04-14,93375.0,,,,,Paulínia,SP,Municipal,Não se aplica,Contrato nº 244/2026,REGISTRO DE PREÇOS PARA AQUISIÇÃO DE ÁGUA MINERAL EM COPOS,/contratos/45751435000106/2026/232
45751435000106-2-000237/2026,,2026,237,45751435000106,MUNICIPIO DE PAULINIA,MUNICIPIO DE PAULINIA,Pregão - Eletrônico,Contrato (termo inicial),Edital,Divulgada no PNCP,False,2026-04-22T13:39:12.468020061,2026-04-22T13:39:12.468020061,2026-04-22,2026-04-22,2027-04-21,276201.46,,,,,Paulínia,SP,Municipal,Não se aplica,Contrato nº 252/2026,AQUISIÇÃO DE EQUIPAMENTO PARA UTILIZAÇÃO PELO SERVIÇO DE ORTOPEDIA EM PROCEDIMENTOS CIRÚRGICOS,/contratos/45751435000106/2026/237
45751435000106-2-000241/2026,,2026,241,45751435000106,MUNICIPIO DE PAULINIA,MUNICIPIO DE PAULINIA,Pregão - Eletrônico,Contrato (termo inicial),Edital,Divulgada no PNCP,False,2026-04-23T15:38:22.657859679,2026-04-23T15:38:22.657859679,2026-04-23,2026-04-23,2027-04-22,304475.0,,,,,Paulínia,SP,Municipal,Não se aplica,Contrato nº 271/2026,REGISTRO DE PREÇOS PARA AQUISIÇÃO DE KITS LANCHE PARA ATENDIMENTO DAS SECRETARIAS MUNICIPAIS,/contratos/45751435000106/2026/241
45751435000106-2-000280/2026,,2026,280,45751435000106,MUNICIPIO DE PAULINIA,MUNICIPIO DE PAULINIA,Dispensa,Contrato (termo inicial),Ato que autoriza a Contratação Direta,Divulgada no PNCP,False,2026-05-04T15:35:16.629196954,2026-05-04T15:35:16.629196954,2026-05-04,2026-05-04,2026-11-03,9828.0,,,,,Paulínia,SP,Municipal,Não se aplica,Contrato nº 290/2026,CUMPRIMENTO DE AÇÃO JUDICIAL SOB NRO. 300461.44.2013.8.26.0428 786/13. REQUERENTE A.B.F.L.,/contratos/45751435000106/2026/280
45751435000106-2-000286/2026,,2026,286,45751435000106,MUNICIPIO DE PAULINIA,MUNICIPIO DE PAULINIA,Pregão - Eletrônico,Contrato (termo inicial),Edital,Divulgada no PNCP,False,2026-05-06T17:02:19.063345526,2026-05-06T17:02:19.063345526,2026-05-06,2026-05-06,2027-05-05,141556.4,,,,,Paulínia,SP,Municipal,Não se aplica,Contrato nº 296/2026,CONTRATAÇÃO DE EMPRESA PARA A PRESTAÇÃO DE SERVIÇOS DE MANUTENÇÃO PREVENTIVA E CORRETIVA DE INSTRUMENTAIS CIRÚRGICOS GERAL E DE VIDEOCIRURGIA,/contratos/45751435000106/2026/286
45751435000106-2-000294/2026,,2026,294,45751435000106,MUNICIPIO DE PAULINIA,MUNICIPIO DE PAULINIA,Dispensa,Contrato (termo inicial),Ato que autoriza a Contratação Direta,Divulgada no PNCP,False,2026-05-11T08:09:18.865062765,2026-05-11T08:09:18.865062765,2026-05-11,2026-05-11,2026-11-10,6048.0,,,,,Paulínia,SP,Municipal,Não se aplica,Contrato nº 305/2026,"CUMPRIMENTO DE AÇÃO JUDICIAL SOB Nº 300461-44.2013.8.26.0428. REQUERENTE ""A.B.F.L.""",/contratos/45751435000106/2026/294
45751435000106-2-000296/2026,,2026,296,45751435000106,MUNICIPIO DE PAULINIA,MUNICIPIO DE PAULINIA,Pregão - Eletrônico,Contrato (termo inicial),Edital,Divulgada no PNCP,False,2026-05-11T12:32:55.034396147,2026-05-11T12:32:55.034396147,2026-05-11,2026-05-11,2031-05-10,119574976.35,,,,,Paulínia,SP,Municipal,Não se aplica,Contrato nº 306/2026,CONTRATAÇÃO DE EMPRESA OU CONSORCIO DE EMPRESAS PARA SERVIÇOS TECNICOS DE MANEJO DE ARVORES E SERVIÇOS DIVERSOS,/contratos/45751435000106/2026/296
45751435000106-2-000301/2026,,2026,301,45751435000106,MUNICIPIO DE PAULINIA,MUNICIPIO DE PAULINIA,Pregão - Eletrônico,Contrato (termo inicial),Edital,Divulgada no PNCP,False,2026-05-15T08:10:03.153293904,2026-05-15T08:10:03.239073163,2026-05-15,2026-05-15,2027-05-14,255000.0,,,,,Paulínia,SP,Municipal,Não se aplica,Contrato nº 311/2026,CONTRATAÇÃO DE EMPRESA PARA PRESTAÇÃO DE SERVIÇOS DE LOCAÇÃO DE MONITORES MULTIPARAMÉTRICOS E CENTRAL DE MONITORAMENTO DE PACIENTES,/contratos/45751435000106/2026/301
45751435000106-2-000302/2026,,2026,302,45751435000106,MUNICIPIO DE PAULINIA,MUNICIPIO DE PAULINIA,Pregão - Eletrônico,Contrato (termo inicial),Edital,Divulgada no PNCP,False,2026-05-15T10:11:24.472853164,2026-05-15T10:11:24.585962142,2026-05-15,2026-05-15,2027-05-14,784848.0,,,,,Paulínia,SP,Municipal,Não se aplica,Contrato nº 313/2026,CONTRATAÇÃO DE EMPRESA / CONSÓRCIO DE EMPRESAS PARA PRESTAÇÃO DE SERVIÇOS DE LOCAÇÃO DE SISTEMA DE VIDEOENDOSCOPIA FLEXÍVEL,/contratos/45751435000106/2026/302
45751435000106-2-000304/2026,,2026,304,45751435000106,MUNICIPIO DE PAULINIA,MUNICIPIO DE PAULINIA,Pregão - Eletrônico,Contrato (termo inicial),Edital,Divulgada no PNCP,False,2026-05-19T08:48:28.465411254,2026-05-19T08:48:28.537112129,2026-05-15,2026-05-15,2027-05-14,28272.0,,,,,Paulínia,SP,Municipal,Não se aplica,Contrato nº 312/2026,CONTRATAÇÃO DE EMPRESA PARA PRESTAÇÃO DE SERVIÇOS DE LOCAÇÃO DE MONITORES MULTIPARAMÉTRICOS E CENTRAL DE MONITORAMENTO DE PACIENTES,/contratos/45751435000106/2026/304
45751435000106-2-000314/2026,,2026,314,45751435000106,MUNICIPIO DE PAULINIA,MUNICIPIO DE PAULINIA,Dispensa,Contrato (termo inicial),Aviso de Contratação Direta,Divulgada no PNCP,False,2026-05-27T15:19:32.237950632,2026-05-27T15:19:32.373135267,2026-05-27,2026-05-27,2026-11-26,10880.0,,,,,Paulínia,SP,Municipal,Não se aplica,Contrato nº 324/2026,AQUISIÇÃO DE CERA LÍQUIDA INCOLOR PARA MANUTENÇÃO DO PISO DA CANCHA DE BOCHA.,/contratos/45751435000106/2026/314
45751435000106-2-000315/2026,,2026,315,45751435000106,MUNICIPIO DE PAULINIA,MUNICIPIO DE PAULINIA,Dispensa,Contrato (termo inicial),Aviso de Contratação Direta,Divulgada no PNCP,False,2026-05-28T15:55:56.288295112,2026-05-28T15:55:56.394110868,2026-05-28,2026-05-28,2027-05-27,35040.0,,,,,Paulínia,SP,Municipal,Não se aplica,Contrato nº 325/2026,"Contratação de Empresa Especializada em Locação de cama com colchão, tamanho solteiro",/contratos/45751435000106/2026/315
45751435000106-2-000106/2026,,2026,106,45751435000106,MUNICIPIO DE PAULINIA,MUNICIPIO DE PAULINIA,Pregão - Eletrônico,Contrato (termo inicial),Edital,Divulgada no PNCP,False,2026-03-11T07:57:30.338185848,2026-03-11T07:57:30.338185848,2026-03-09,2026-03-09,2027-03-08,610128.41,,,,,Paulínia,SP,Municipal,Não se aplica,Contrato nº 181/2026,"AQUISIÇÃO DE MEDICAMENTOS MANIPULADOS PARA TERAPIAS ANTINEOPLÁSICAS, VINCULADO À ATA DE REGISTRO DE PREÇOS SOB Nº 062/2026",/contratos/45751435000106/2026/106
45751435000106-2-000109/2026,,2026,109,45751435000106,MUNICIPIO DE PAULINIA,MUNICIPIO DE PAULINIA,Pregão - Eletrônico,Contrato (termo inicial),Edital,Divulgada no PNCP,False,2026-03-11T15:01:19.540902656,2026-03-11T15:01:19.540902656,2026-03-10,2026-03-10,2027-03-09,299822.0,,,,,Paulínia,SP,Municipal,Não se aplica,Contrato nº 185/2026,"AQUISIÇÃO DE CÂMARAS DE CONSERVAÇÃO DE MEDICAMENTOS TERMOLÁBEIS E VACINAS, FREEZERS E EQUIPAMENTO AUTOMATIZADO PARA UNITARIZAÇÃO DE MEDICAMENTOS",/contratos/45751435000106/2026/109
45751435000106-2-000193/2026,,2026,193,45751435000106,MUNICIPIO DE PAULINIA,MUNICIPIO DE PAULINIA,Dispensa,Contrato (termo inicial),Ato que autoriza a Contratação Direta,Divulgada no PNCP,False,2026-03-26T15:14:18.804464445,2026-03-26T15:14:18.804464445,2026-03-26,2026-03-26,2027-03-25,504.0,,,,,Paulínia,SP,Municipal,Não se aplica,Contrato nº 229/2026,CUMPRIMENTO DE AÇÕES JUDICIAIS SOB Nº 1000980.04.2023.8.26.0428 E 428.01.2009.009058-3. REQUERENTES J.C.F.S E V.A.B.,/contratos/45751435000106/2026/193
45751435000106-2-000194/2026,,2026,194,45751435000106,MUNICIPIO DE PAULINIA,MUNICIPIO DE PAULINIA,Dispensa,Contrato (termo inicial),Ato que autoriza a Contratação Direta,Divulgada no PNCP,False,2026-03-27T09:52:16.868402185,2026-03-27T09:52:16.868402185,2026-03-27,2026-03-27,2027-03-26,24758.4,,,,,Paulínia,SP,Municipal,Não se aplica,Contrato nº 230/2026,"CUMPRIMENTO DE ACOES JUDICIAIS SOB NRO. 1003046.30.2018.8.26.0428, 1000989.10.2016.8.26.0428, 1003376.27.2018.8.26.0428. REQUERENTES H.D, N.S.G. E V.M.P.",/contratos/45751435000106/2026/194
45751435000106-2-000231/2026,,2026,231,45751435000106,MUNICIPIO DE PAULINIA,MUNICIPIO DE PAULINIA,Pregão - Eletrônico,Contrato (termo inicial),Edital,Divulgada no PNCP,False,2026-04-15T09:42:51.233013056,2026-04-15T09:42:51.233013056,2026-04-15,2026-04-15,2027-04-14,3999028.38,,,,,Paulínia,SP,Municipal,Não se aplica,Contrato nº 243/2026,REGISTRO DE PREÇOS PARA PRESTAÇÃO DE SERVIÇOS DE MANUTENÇÃO E PEQUENOS REPAROS NO SISTEMA DE DRENAGEM URBANA,/contratos/45751435000106/2026/231
45751435000106-2-000295/2026,,2026,295,45751435000106,MUNICIPIO DE PAULINIA,MUNICIPIO DE PAULINIA,Pregão - Eletrônico,Contrato (termo inicial),Edital,Divulgada no PNCP,False,2026-05-11T08:49:53.770546005,2026-05-11T08:49:53.770546005,2026-05-08,2026-05-08,2027-05-07,223421.16,,,,,Paulínia,SP,Municipal,Não se aplica,Contrato nº 304/2026,REGISTRO DE PREÇOS PARA PRESTAÇÃO DE SERVIÇOS DE INSTALAÇÃO E MANUTENÇÃO DE TOLDOS E COBERTURAS LEVES,/contratos/45751435000106/2026/295
45751435000106-2-000299/2026,,2026,299,45751435000106,MUNICIPIO DE PAULINIA,MUNICIPIO DE PAULINIA,Dispensa,Contrato (termo inicial),Aviso de Contratação Direta,Divulgada no PNCP,False,2026-05-12T15:17:45.421957510,2026-05-12T15:17:45.506721897,2026-05-08,2026-05-08,2026-11-03,27684.0,,,,,Paulínia,SP,Municipal,Não se aplica,Contrato nº 303/2026,AQUISIÇÃO DE VENTILADORES À SEREM UTILIZADOS NAS SALAS DE AULA DAS ESCOLAS MUNICIPAIS DE PAULÍNIA.,/contratos/45751435000106/2026/299
45751435000106-2-000313/2026,,2026,313,45751435000106,MUNICIPIO DE PAULINIA,MUNICIPIO DE PAULINIA,Inexigibilidade,Contrato (termo inicial),Ato que autoriza a Contratação Direta,Divulgada no PNCP,False,2026-05-27T10:47:02.776924233,2026-05-27T10:47:02.975919625,2026-05-27,2026-05-27,2028-05-26,1400256.0,,,,,Paulínia,SP,Municipal,Não se aplica,Contrato nº 323/2026,"CONTRATAÇÃO DE LICENCIAMENTO DE USO, MANUTENÇÃO E SUPORTE TÉCNICO AO SISTEMA INTEGRADO DE GOVERNANÇA MUNICIPAL - SIGM",/contratos/45751435000106/2026/313
45751435000106-2-000316/2026,,2026,316,45751435000106,MUNICIPIO DE PAULINIA,MUNICIPIO DE PAULINIA,Pregão - Eletrônico,Contrato (termo inicial),Edital,Divulgada no PNCP,False,2026-05-29T09:25:53.897306652,2026-05-29T09:25:54.039597174,2026-05-29,2026-05-29,2027-05-28,70550.0,,,,,Paulínia,SP,Municipal,Não se aplica,Contrato nº 326/2026,REGISTRO DE PREÇOS PARA CONTRATAÇÃO DE EMPRESA ESPECIALIZADA NO FORNECIMENTO E INSTALAÇÃO DE GRAMA NATURAL DO TIPO ESMERALDA,/contratos/45751435000106/2026/316
45751435000106-2-000007/2026,,2026,7,45751435000106,MUNICIPIO DE PAULINIA,MUNICIPIO DE PAULINIA,Pregão - Eletrônico,Contrato (termo inicial),Edital,Divulgada no PNCP,False,2026-01-15T17:00:34.634615855,2026-01-15T17:00:34.634615855,2026-01-15,2026-01-15,2027-01-14,151000.0,,,,,Paulínia,SP,Municipal,Não se aplica,Contrato nº 007/2026,REGISTRO DE PREÇO PARA CONTRATAÇÃO DE EMPRESA PARA LOCAÇÃO DE ESTRUTURA NECESSÁRIA PARA MONTAGEM E REALIZAÇÃO DE EVENTOS,/contratos/45751435000106/2026/7
45751435000106-2-000055/2026,,2026,55,45751435000106,MUNICIPIO DE PAULINIA,MUNICIPIO DE PAULINIA,Pregão - Eletrônico,Contrato (termo inicial),Edital,Divulgada no PNCP,False,2026-02-03T16:03:43.912538688,2026-02-03T16:03:43.912538688,2026-02-03,2026-02-03,2027-02-02,808760.0,,,,,Paulínia,SP,Municipal,Não se aplica,Contrato nº 050/2026,REGISTRO DE PREÇO PARA CONTRATAÇÃO DE EMPRESA PARA LOCAÇÃO DE ESTRUTURA NECESSÁRIA PARA MONTAGEM E REALIZAÇÃO DE EVENTOS,/contratos/45751435000106/2026/55
45751435000106-2-000056/2026,,2026,56,45751435000106,MUNICIPIO DE PAULINIA,MUNICIPIO DE PAULINIA,Pregão - Eletrônico,Contrato (termo inicial),Edital,Divulgada no PNCP,False,2026-02-03T16:03:52.775969388,2026-02-03T16:03:52.775969388,2026-02-03,2026-02-03,2027-02-02,275480.0,,,,,Paulínia,SP,Municipal,Não se aplica,Contrato nº 051/2026,REGISTRO DE PREÇO PARA CONTRATAÇÃO DE EMPRESA PARA LOCAÇÃO DE ESTRUTURA NECESSÁRIA PARA MONTAGEM E REALIZAÇÃO DE EVENTOS,/contratos/45751435000106/2026/56
45751435000106-2-000057/2026,,2026,57,45751435000106,MUNICIPIO DE PAULINIA,MUNICIPIO DE PAULINIA,Pregão - Eletrônico,Contrato (termo inicial),Edital,Divulgada no PNCP,False,2026-02-04T07:36:08.983786958,2026-02-04T07:36:08.983786958,2026-02-04,2026-02-04,2027-02-03,600000.0,,,,,Paulínia,SP,Municipal,Não se aplica,Contrato nº 052/2026,REGISTRO DE PREÇO PARA CONTRATAÇÃO DE EMPRESA PARA LOCAÇÃO DE ESTRUTURA NECESSÁRIA PARA MONTAGEM E REALIZAÇÃO DE EVENTOS,/contratos/45751435000106/2026/57
45751435000106-2-000068/2026,,2026,68,45751435000106,MUNICIPIO DE PAULINIA,MUNICIPIO DE PAULINIA,Pregão - Eletrônico,Contrato (termo inicial),Edital,Divulgada no PNCP,False,2026-02-09T07:41:37.435201138,2026-02-09T07:41:37.435201138,2026-02-05,2026-02-05,2027-02-04,399360.0,,,,,Paulínia,SP,Municipal,Não se aplica,Contrato nº 063/2026,REGISTRO DE PREÇO PARA CONTRATAÇÃO DE EMPRESA PARA LOCAÇÃO DE ESTRUTURA NECESSÁRIA PARA MONTAGEM E REALIZAÇÃO DE EVENTOS,/contratos/45751435000106/2026/68
45751435000106-2-000077/2026,,2026,77,45751435000106,MUNICIPIO DE PAULINIA,MUNICIPIO DE PAULINIA,Pregão - Eletrônico,Contrato (termo inicial),Edital,Divulgada no PNCP,False,2026-02-11T16:42:22.265820216,2026-02-11T16:42:22.265820216,2026-02-11,2026-02-11,2027-02-10,130830.0,,,,,Paulínia,SP,Municipal,Não se aplica,Contrato nº 094/2026,REGISTRO DE PREÇO PARA CONTRATAÇÃO DE EMPRESA PARA LOCAÇÃO DE ESTRUTURA NECESSÁRIA PARA MONTAGEM E REALIZAÇÃO DE EVENTOS,/contratos/45751435000106/2026/77
45751435000106-2-000093/2026,,2026,93,45751435000106,MUNICIPIO DE PAULINIA,MUNICIPIO DE PAULINIA,Inexigibilidade,Contrato (termo inicial),Ato que autoriza a Contratação Direta,Divulgada no PNCP,False,2026-02-26T11:47:01.829281185,2026-02-26T11:47:01.829281185,2026-02-26,2026-02-26,2027-02-25,20520.0,,,,,Paulínia,SP,Municipal,Não se aplica,Contrato nº 111/2026,Pagamento de taxa de inscrição das equipes Superliga Melhor Idade de Volei Adaptado 2026 regional.,/contratos/45751435000106/2026/93
45751435000106-2-000108/2026,,2026,108,45751435000106,MUNICIPIO DE PAULINIA,MUNICIPIO DE PAULINIA,Pregão - Eletrônico,Contrato (termo inicial),Edital,Divulgada no PNCP,False,2026-03-11T15:01:06.564719334,2026-03-11T15:01:06.564719334,2026-03-10,2026-03-10,2027-03-09,1780.0,,,,,Paulínia,SP,Municipal,Não se aplica,Contrato nº 184/2026,"AQUISIÇÃO DE CÂMARAS DE CONSERVAÇÃO DE MEDICAMENTOS TERMOLÁBEIS E VACINAS, FREEZERS E EQUIPAMENTO AUTOMATIZADO PARA UNITARIZAÇÃO DE MEDICAMENTOS",/contratos/45751435000106/2026/108
45751435000106-2-000110/2026,,2026,110,45751435000106,MUNICIPIO DE PAULINIA,MUNICIPIO DE PAULINIA,Pregão - Eletrônico,Contrato (termo inicial),Edital,Divulgada no PNCP,False,2026-03-11T15:01:30.620458896,2026-03-11T15:01:30.620458896,2026-03-10,2026-03-10,2027-03-09,149999.99,,,,,Paulínia,SP,Municipal,Não se aplica,Contrato nº 186/2026,"AQUISIÇÃO DE CÂMARAS DE CONSERVAÇÃO DE MEDICAMENTOS TERMOLÁBEIS E VACINAS, FREEZERS E EQUIPAMENTO AUTOMATIZADO PARA UNITARIZAÇÃO DE MEDICAMENTOS",/contratos/45751435000106/2026/110
45751435000106-2-000112/2026,,2026,112,45751435000106,MUNICIPIO DE PAULINIA,MUNICIPIO DE PAULINIA,Pregão - Eletrônico,Contrato (termo inicial),Edital,Divulgada no PNCP,False,2026-03-11T15:01:47.501323912,2026-03-11T15:01:47.501323912,2026-03-10,2026-03-10,2027-03-09,39000.0,,,,,Paulínia,SP,Municipal,Não se aplica,Contrato nº 188/2026,"AQUISIÇÃO DE CÂMARAS DE CONSERVAÇÃO DE MEDICAMENTOS TERMOLÁBEIS E VACINAS, FREEZERS E EQUIPAMENTO AUTOMATIZADO PARA UNITARIZAÇÃO DE MEDICAMENTOS",/contratos/45751435000106/2026/112
45751435000106-2-000116/2026,,2026,116,45751435000106,MUNICIPIO DE PAULINIA,MUNICIPIO DE PAULINIA,Pregão - Eletrônico,Contrato (termo inicial),Edital,Divulgada no PNCP,False,2026-03-20T08:19:51.149343009,2026-03-20T08:19:51.149343009,2026-03-20,2026-03-20,2027-03-19,148800.0,,,,,Paulínia,SP,Municipal,Não se aplica,Contrato nº 193/2026,REGISTRO DE PREÇOS PARA AQUISIÇÃO DE ÁGUA NATURAL SEM GÁS ACONDICIONADA EM GALÃO COM 20L,/contratos/45751435000106/2026/116
45751435000106-2-000127/2026,,2026,127,45751435000106,MUNICIPIO DE PAULINIA,MUNICIPIO DE PAULINIA,Inexigibilidade,Contrato (termo inicial),Ato que autoriza a Contratação Direta,Divulgada no PNCP,False,2026-03-25T10:14:46.020887437,2026-03-25T10:14:46.020887437,2026-03-02,2026-03-02,2027-03-01,103032.0,,,,,Paulínia,SP,Municipal,Não se aplica,Contrato nº 115/2026,Solicita a contratação de profissionais interessados em desenvolver projetos/oficinas esportivas e prestar serviços para a Secretaria Municipal de Esportes.,/contratos/45751435000106/2026/127
45751435000106-2-000128/2026,,2026,128,45751435000106,MUNICIPIO DE PAULINIA,MUNICIPIO DE PAULINIA,Inexigibilidade,Contrato (termo inicial),Ato que autoriza a Contratação Direta,Divulgada no PNCP,False,2026-03-25T10:14:58.156772893,2026-03-25T10:14:58.156772893,2026-03-02,2026-03-02,2027-03-01,51516.0,,,,,Paulínia,SP,Municipal,Não se aplica,Contrato nº 116/2026,Solicita a contratação de profissionais interessados em desenvolver projetos/oficinas esportivas e prestar serviços para a Secretaria Municipal de Esportes.,/contratos/45751435000106/2026/128
45751435000106-2-000129/2026,,2026,129,45751435000106,MUNICIPIO DE PAULINIA,MUNICIPIO DE PAULINIA,Inexigibilidade,Contrato (termo inicial),Ato que autoriza a Contratação Direta,Divulgada no PNCP,False,2026-03-25T15:00:12.821697233,2026-03-25T15:00:12.821697233,2026-03-02,2026-03-02,2027-03-01,51516.0,,,,,Paulínia,SP,Municipal,Não se aplica,Contrato nº 117/2026,Solicita a contratação de profissionais interessados em desenvolver projetos/oficinas esportivas e prestar serviços para a Secretaria Municipal de Esportes.,/contratos/45751435000106/2026/129
45751435000106-2-000130/2026,,2026,130,45751435000106,MUNICIPIO DE PAULINIA,MUNICIPIO DE PAULINIA,Inexigibilidade,Contrato (termo inicial),Ato que autoriza a Contratação Direta,Divulgada no PNCP,False,2026-03-25T15:03:50.439395320,2026-03-25T15:03:50.439395320,2026-03-02,2026-03-02,2027-03-01,38637.0,,,,,Paulínia,SP,Municipal,Não se aplica,Contrato nº 118/2026,Solicita a contratação de profissionais interessados em desenvolver projetos/oficinas esportivas e prestar serviços para a Secretaria Municipal de Esportes.,/contratos/45751435000106/2026/130
45751435000106-2-000131/2026,,2026,131,45751435000106,MUNICIPIO DE PAULINIA,MUNICIPIO DE PAULINIA,Inexigibilidade,Contrato (termo inicial),Ato que autoriza a Contratação Direta,Divulgada no PNCP,False,2026-03-25T15:48:30.562294848,2026-03-25T15:48:30.562294848,2026-03-02,2026-03-02,2027-03-01,28333.8,,,,,Paulínia,SP,Municipal,Não se aplica,Contrato nº 119/2026,Solicita a contratação de profissionais interessados em desenvolver projetos/oficinas esportivas e prestar serviços para a Secretaria Municipal de Esportes.,/contratos/45751435000106/2026/131
45751435000106-2-000132/2026,,2026,132,45751435000106,MUNICIPIO DE PAULINIA,MUNICIPIO DE PAULINIA,Inexigibilidade,Contrato (termo inicial),Ato que autoriza a Contratação Direta,Divulgada no PNCP,False,2026-03-25T15:48:37.659353602,2026-03-25T15:48:37.659353602,2026-03-02,2026-03-02,2027-03-01,103032.0,,,,,Paulínia,SP,Municipal,Não se aplica,Contrato nº 120/2026,Solicita a contratação de profissionais interessados em desenvolver projetos/oficinas esportivas e prestar serviços para a Secretaria Municipal de Esportes.,/contratos/45751435000106/2026/132
45751435000106-2-000133/2026,,2026,133,45751435000106,MUNICIPIO DE PAULINIA,MUNICIPIO DE PAULINIA,Inexigibilidade,Contrato (termo inicial),Ato que autoriza a Contratação Direta,Divulgada no PNCP,False,2026-03-25T15:48:44.083170061,2026-03-25T15:48:44.083170061,2026-03-02,2026-03-02,2027-03-01,103032.0,,,,,Paulínia,SP,Municipal,Não se aplica,Contrato nº 121/2026,Solicita a contratação de profissionais interessados em desenvolver projetos/oficinas esportivas e prestar serviços para a Secretaria Municipal de Esportes.,/contratos/45751435000106/2026/133
45751435000106-2-000134/2026,,2026,134,45751435000106,MUNICIPIO DE PAULINIA,MUNICIPIO DE PAULINIA,Inexigibilidade,Contrato (termo inicial),Ato que autoriza a Contratação Direta,Divulgada no PNCP,False,2026-03-25T15:48:50.834943339,2026-03-25T15:48:50.834943339,2026-03-02,2026-03-02,2027-03-01,103032.0,,,,,Paulínia,SP,Municipal,Não se aplica,Contrato nº 122/2026,Solicita a contratação de profissionais interessados em desenvolver projetos/oficinas esportivas e prestar serviços para a Secretaria Municipal de Esportes.,/contratos/45751435000106/2026/134
45751435000106-2-000138/2026,,2026,138,45751435000106,MUNICIPIO DE PAULINIA,MUNICIPIO DE PAULINIA,Inexigibilidade,Contrato (termo inicial),Ato que autoriza a Contratação Direta,Divulgada no PNCP,False,2026-03-25T15:50:27.489796884,2026-03-25T15:50:27.489796884,2026-03-02,2026-03-02,2027-03-01,103032.0,,,,,Paulínia,SP,Municipal,Não se aplica,Contrato nº 126/2026,Solicita a contratação de profissionais interessados em desenvolver projetos/oficinas esportivas e prestar serviços para a Secretaria Municipal de Esportes.,/contratos/45751435000106/2026/138
45751435000106-2-000141/2026,,2026,141,45751435000106,MUNICIPIO DE PAULINIA,MUNICIPIO DE PAULINIA,Inexigibilidade,Contrato (termo inicial),Ato que autoriza a Contratação Direta,Divulgada no PNCP,False,2026-03-25T15:50:48.999698933,2026-03-25T15:50:48.999698933,2026-03-02,2026-03-02,2027-03-01,51516.0,,,,,Paulínia,SP,Municipal,Não se aplica,Contrato nº 129/2026,Solicita a contratação de profissionais interessados em desenvolver projetos/oficinas esportivas e prestar serviços para a Secretaria Municipal de Esportes.,/contratos/45751435000106/2026/141
45751435000106-2-000145/2026,,2026,145,45751435000106,MUNICIPIO DE PAULINIA,MUNICIPIO DE PAULINIA,Inexigibilidade,Contrato (termo inicial),Ato que autoriza a Contratação Direta,Divulgada no PNCP,False,2026-03-25T15:51:20.567239208,2026-03-25T15:51:20.567239208,2026-03-02,2026-03-02,2027-03-01,64395.0,,,,,Paulínia,SP,Municipal,Não se aplica,Contrato nº 133/2026,Solicita a contratação de profissionais interessados em desenvolver projetos/oficinas esportivas e prestar serviços para a Secretaria Municipal de Esportes.,/contratos/45751435000106/2026/145
45751435000106-2-000146/2026,,2026,146,45751435000106,MUNICIPIO DE PAULINIA,MUNICIPIO DE PAULINIA,Inexigibilidade,Contrato (termo inicial),Ato que autoriza a Contratação Direta,Divulgada no PNCP,False,2026-03-25T15:51:27.334472851,2026-03-25T15:51:27.334472851,2026-03-02,2026-03-03,2027-03-02,51516.0,,,,,Paulínia,SP,Municipal,Não se aplica,Contrato nº 134/2026,Solicita a contratação de profissionais interessados em desenvolver projetos/oficinas esportivas e prestar serviços para a Secretaria Municipal de Esportes.,/contratos/45751435000106/2026/146
45751435000106-2-000147/2026,,2026,147,45751435000106,MUNICIPIO DE PAULINIA,MUNICIPIO DE PAULINIA,Inexigibilidade,Contrato (termo inicial),Ato que autoriza a Contratação Direta,Divulgada no PNCP,False,2026-03-25T15:51:34.000951264,2026-03-25T15:51:34.000951264,2026-03-02,2026-03-02,2027-03-01,51516.0,,,,,Paulínia,SP,Municipal,Não se aplica,Contrato nº 135/2026,Solicita a contratação de profissionais interessados em desenvolver projetos/oficinas esportivas e prestar serviços para a Secretaria Municipal de Esportes.,/contratos/45751435000106/2026/147
45751435000106-2-000148/2026,,2026,148,45751435000106,MUNICIPIO DE PAULINIA,MUNICIPIO DE PAULINIA,Inexigibilidade,Contrato (termo inicial),Ato que autoriza a Contratação Direta,Divulgada no PNCP,False,2026-03-25T15:51:40.810877556,2026-03-25T15:51:40.810877556,2026-03-02,2026-03-02,2027-03-01,103032.0,,,,,Paulínia,SP,Municipal,Não se aplica,Contrato nº 136/2026,Solicita a contratação de profissionais interessados em desenvolver projetos/oficinas esportivas e prestar serviços para a Secretaria Municipal de Esportes.,/contratos/45751435000106/2026/148
45751435000106-2-000149/2026,,2026,149,45751435000106,MUNICIPIO DE PAULINIA,MUNICIPIO DE PAULINIA,Inexigibilidade,Contrato (termo inicial),Ato que autoriza a Contratação Direta,Divulgada no PNCP,False,2026-03-25T15:53:31.864365953,2026-03-25T15:53:31.864365953,2026-03-02,2026-03-02,2027-03-01,51516.0,,,,,Paulínia,SP,Municipal,Não se aplica,Contrato nº 137/2026,Solicita a contratação de profissionais interessados em desenvolver projetos/oficinas esportivas e prestar serviços para a Secretaria Municipal de Esportes.,/contratos/45751435000106/2026/149
45751435000106-2-000150/2026,,2026,150,45751435000106,MUNICIPIO DE PAULINIA,MUNICIPIO DE PAULINIA,Inexigibilidade,Contrato (termo inicial),Ato que autoriza a Contratação Direta,Divulgada no PNCP,False,2026-03-25T15:53:51.795256764,2026-03-25T15:53:51.795256764,2026-03-02,2026-03-02,2027-03-01,95304.6,,,,,Paulínia,SP,Municipal,Não se aplica,Contrato nº 138/2026,Solicita a contratação de profissionais interessados em desenvolver projetos/oficinas esportivas e prestar serviços para a Secretaria Municipal de Esportes.,/contratos/45751435000106/2026/150
45751435000106-2-000151/2026,,2026,151,45751435000106,MUNICIPIO DE PAULINIA,MUNICIPIO DE PAULINIA,Inexigibilidade,Contrato (termo inicial),Ato que autoriza a Contratação Direta,Divulgada no PNCP,False,2026-03-25T15:54:06.954526882,2026-03-25T15:54:06.954526882,2026-03-02,2026-03-02,2027-03-01,103032.0,,,,,Paulínia,SP,Municipal,Não se aplica,Contrato nº 139/2026,Solicita a contratação de profissionais interessados em desenvolver projetos/oficinas esportivas e prestar serviços para a Secretaria Municipal de Esportes.,/contratos/45751435000106/2026/151
45751435000106-2-000155/2026,,2026,155,45751435000106,MUNICIPIO DE PAULINIA,MUNICIPIO DE PAULINIA,Inexigibilidade,Contrato (termo inicial),Ato que autoriza a Contratação Direta,Divulgada no PNCP,False,2026-03-25T15:54:33.164053661,2026-03-25T15:54:33.164053661,2026-03-02,2026-03-02,2027-03-01,77274.0,,,,,Paulínia,SP,Municipal,Não se aplica,Contrato nº 143/2026,Solicita a contratação de profissionais interessados em desenvolver projetos/oficinas esportivas e prestar serviços para a Secretaria Municipal de Esportes.,/contratos/45751435000106/2026/155
45751435000106-2-000156/2026,,2026,156,45751435000106,MUNICIPIO DE PAULINIA,MUNICIPIO DE PAULINIA,Inexigibilidade,Contrato (termo inicial),Ato que autoriza a Contratação Direta,Divulgada no PNCP,False,2026-03-25T15:54:39.442220727,2026-03-25T15:54:39.442220727,2026-03-02,2026-03-02,2027-03-01,51516.0,,,,,Paulínia,SP,Municipal,Não se aplica,Contrato nº 144/2026,Solicita a contratação de profissionais interessados em desenvolver projetos/oficinas esportivas e prestar serviços para a Secretaria Municipal de Esportes.,/contratos/45751435000106/2026/156
45751435000106-2-000157/2026,,2026,157,45751435000106,MUNICIPIO DE PAULINIA,MUNICIPIO DE PAULINIA,Inexigibilidade,Contrato (termo inicial),Ato que autoriza a Contratação Direta,Divulgada no PNCP,False,2026-03-25T15:56:48.101236941,2026-03-25T15:56:48.101236941,2026-03-02,2026-03-02,2027-03-01,51516.0,,,,,Paulínia,SP,Municipal,Não se aplica,Contrato nº 145/2026,Solicita a contratação de profissionais interessados em desenvolver projetos/oficinas esportivas e prestar serviços para a Secretaria Municipal de Esportes.,/contratos/45751435000106/2026/157
45751435000106-2-000158/2026,,2026,158,45751435000106,MUNICIPIO DE PAULINIA,MUNICIPIO DE PAULINIA,Inexigibilidade,Contrato (termo inicial),Ato que autoriza a Contratação Direta,Divulgada no PNCP,False,2026-03-25T15:56:55.048684329,2026-03-25T15:56:55.048684329,2026-03-02,2026-03-02,2027-03-01,103032.0,,,,,Paulínia,SP,Municipal,Não se aplica,Contrato nº 146/2026,Solicita a contratação de profissionais interessados em desenvolver projetos/oficinas esportivas e prestar serviços para a Secretaria Municipal de Esportes.,/contratos/45751435000106/2026/158
45751435000106-2-000160/2026,,2026,160,45751435000106,MUNICIPIO DE PAULINIA,MUNICIPIO DE PAULINIA,Inexigibilidade,Contrato (termo inicial),Ato que autoriza a Contratação Direta,Divulgada no PNCP,False,2026-03-25T15:57:08.860991341,2026-03-25T15:57:08.860991341,2026-03-02,2026-03-02,2027-03-01,51516.0,,,,,Paulínia,SP,Municipal,Não se aplica,Contrato nº 148/2026,Solicita a contratação de profissionais interessados em desenvolver projetos/oficinas esportivas e prestar serviços para a Secretaria Municipal de Esportes.,/contratos/45751435000106/2026/160
45751435000106-2-000161/2026,,2026,161,45751435000106,MUNICIPIO DE PAULINIA,MUNICIPIO DE PAULINIA,Inexigibilidade,Contrato (termo inicial),Ato que autoriza a Contratação Direta,Divulgada no PNCP,False,2026-03-25T15:57:15.819684339,2026-03-25T15:57:15.819684339,2026-03-02,2026-03-02,2027-03-01,77274.0,,,,,Paulínia,SP,Municipal,Não se aplica,Contrato nº 149/2026,Solicita a contratação de profissionais interessados em desenvolver projetos/oficinas esportivas e prestar serviços para a Secretaria Municipal de Esportes.,/contratos/45751435000106/2026/161
45751435000106-2-000162/2026,,2026,162,45751435000106,MUNICIPIO DE PAULINIA,MUNICIPIO DE PAULINIA,Inexigibilidade,Contrato (termo inicial),Ato que autoriza a Contratação Direta,Divulgada no PNCP,False,2026-03-25T15:57:22.252656097,2026-03-25T15:57:22.252656097,2026-03-02,2026-03-02,2027-03-01,103032.0,,,,,Paulínia,SP,Municipal,Não se aplica,Contrato nº 150/2026,Solicita a contratação de profissionais interessados em desenvolver projetos/oficinas esportivas e prestar serviços para a Secretaria Municipal de Esportes.,/contratos/45751435000106/2026/162
45751435000106-2-000163/2026,,2026,163,45751435000106,MUNICIPIO DE PAULINIA,MUNICIPIO DE PAULINIA,Inexigibilidade,Contrato (termo inicial),Ato que autoriza a Contratação Direta,Divulgada no PNCP,False,2026-03-25T15:57:27.838703581,2026-03-25T15:57:27.838703581,2026-03-02,2026-03-02,2027-03-01,103032.0,,,,,Paulínia,SP,Municipal,Não se aplica,Contrato nº 151/2026,Solicita a contratação de profissionais interessados em desenvolver projetos/oficinas esportivas e prestar serviços para a Secretaria Municipal de Esportes.,/contratos/45751435000106/2026/163
45751435000106-2-000166/2026,,2026,166,45751435000106,MUNICIPIO DE PAULINIA,MUNICIPIO DE PAULINIA,Inexigibilidade,Contrato (termo inicial),Ato que autoriza a Contratação Direta,Divulgada no PNCP,False,2026-03-25T15:58:17.892361044,2026-03-25T15:58:17.892361044,2026-03-02,2026-03-02,2027-03-01,103032.0,,,,,Paulínia,SP,Municipal,Não se aplica,Contrato nº 155/2026,Solicita a contratação de profissionais interessados em desenvolver projetos/oficinas esportivas e prestar serviços para a Secretaria Municipal de Esportes.,/contratos/45751435000106/2026/166
45751435000106-2-000169/2026,,2026,169,45751435000106,MUNICIPIO DE PAULINIA,MUNICIPIO DE PAULINIA,Inexigibilidade,Contrato (termo inicial),Ato que autoriza a Contratação Direta,Divulgada no PNCP,False,2026-03-25T15:58:40.031429535,2026-03-25T15:58:40.031429535,2026-03-02,2026-03-02,2027-03-01,51516.0,,,,,Paulínia,SP,Municipal,Não se aplica,Contrato nº 158/2026,Solicita a contratação de profissionais interessados em desenvolver projetos/oficinas esportivas e prestar serviços para a Secretaria Municipal de Esportes.,/contratos/45751435000106/2026/169
45751435000106-2-000171/2026,,2026,171,45751435000106,MUNICIPIO DE PAULINIA,MUNICIPIO DE PAULINIA,Inexigibilidade,Contrato (termo inicial),Ato que autoriza a Contratação Direta,Divulgada no PNCP,False,2026-03-25T15:58:53.190067591,2026-03-25T15:58:53.190067591,2026-03-02,2026-03-02,2027-03-01,77274.0,,,,,Paulínia,SP,Municipal,Não se aplica,Contrato nº 160/2026,Solicita a contratação de profissionais interessados em desenvolver projetos/oficinas esportivas e prestar serviços para a Secretaria Municipal de Esportes.,/contratos/45751435000106/2026/171
45751435000106-2-000172/2026,,2026,172,45751435000106,MUNICIPIO DE PAULINIA,MUNICIPIO DE PAULINIA,Inexigibilidade,Contrato (termo inicial),Ato que autoriza a Contratação Direta,Divulgada no PNCP,False,2026-03-25T15:59:00.220955569,2026-03-25T15:59:00.220955569,2026-03-02,2026-03-02,2027-03-01,25758.0,,,,,Paulínia,SP,Municipal,Não se aplica,Contrato nº 161/2026,Solicita a contratação de profissionais interessados em desenvolver projetos/oficinas esportivas e prestar serviços para a Secretaria Municipal de Esportes.,/contratos/45751435000106/2026/172
45751435000106-2-000173/2026,,2026,173,45751435000106,MUNICIPIO DE PAULINIA,MUNICIPIO DE PAULINIA,Inexigibilidade,Contrato (termo inicial),Ato que autoriza a Contratação Direta,Divulgada no PNCP,False,2026-03-25T15:59:08.537343635,2026-03-25T15:59:08.537343635,2026-03-02,2026-03-02,2027-03-01,38637.0,,,,,Paulínia,SP,Municipal,Não se aplica,Contrato nº 162/2026,Solicita a contratação de profissionais interessados em desenvolver projetos/oficinas esportivas e prestar serviços para a Secretaria Municipal de Esportes.,/contratos/45751435000106/2026/173
45751435000106-2-000174/2026,,2026,174,45751435000106,MUNICIPIO DE PAULINIA,MUNICIPIO DE PAULINIA,Inexigibilidade,Contrato (termo inicial),Ato que autoriza a Contratação Direta,Divulgada no PNCP,False,2026-03-25T15:59:15.440772030,2026-03-25T15:59:15.440772030,2026-03-02,2026-03-02,2027-03-01,41212.8,,,,,Paulínia,SP,Municipal,Não se aplica,Contrato nº 163/2026,Solicita a contratação de profissionais interessados em desenvolver projetos/oficinas esportivas e prestar serviços para a Secretaria Municipal de Esportes.,/contratos/45751435000106/2026/174
45751435000106-2-000175/2026,,2026,175,45751435000106,MUNICIPIO DE PAULINIA,MUNICIPIO DE PAULINIA,Inexigibilidade,Contrato (termo inicial),Ato que autoriza a Contratação Direta,Divulgada no PNCP,False,2026-03-25T15:59:22.858802917,2026-03-25T15:59:22.858802917,2026-03-02,2026-03-02,2027-03-01,61819.2,,,,,Paulínia,SP,Municipal,Não se aplica,Contrato nº 164/2026,Solicita a contratação de profissionais interessados em desenvolver projetos/oficinas esportivas e prestar serviços para a Secretaria Municipal de Esportes.,/contratos/45751435000106/2026/175
45751435000106-2-000176/2026,,2026,176,45751435000106,MUNICIPIO DE PAULINIA,MUNICIPIO DE PAULINIA,Inexigibilidade,Contrato (termo inicial),Ato que autoriza a Contratação Direta,Divulgada no PNCP,False,2026-03-25T15:59:36.342394377,2026-03-25T15:59:36.342394377,2026-03-02,2026-03-02,2027-03-01,103032.0,,,,,Paulínia,SP,Municipal,Não se aplica,Contrato nº 154/2026,Solicita a contratação de profissionais interessados em desenvolver projetos/oficinas esportivas e prestar serviços para a Secretaria Municipal de Esportes.,/contratos/45751435000106/2026/176
45751435000106-2-000179/2026,,2026,179,45751435000106,MUNICIPIO DE PAULINIA,MUNICIPIO DE PAULINIA,Inexigibilidade,Contrato (termo inicial),Ato que autoriza a Contratação Direta,Divulgada no PNCP,False,2026-03-25T15:59:59.719028453,2026-03-25T15:59:59.719028453,2026-03-02,2026-03-02,2027-03-01,51516.0,,,,,Paulínia,SP,Municipal,Não se aplica,Contrato nº 167/2026,Solicita a contratação de profissionais interessados em desenvolver projetos/oficinas esportivas e prestar serviços para a Secretaria Municipal de Esportes.,/contratos/45751435000106/2026/179
45751435000106-2-000181/2026,,2026,181,45751435000106,MUNICIPIO DE PAULINIA,MUNICIPIO DE PAULINIA,Inexigibilidade,Contrato (termo inicial),Ato que autoriza a Contratação Direta,Divulgada no PNCP,False,2026-03-25T16:00:11.785757819,2026-03-25T16:00:11.785757819,2026-03-02,2026-03-02,2027-03-01,103032.0,,,,,Paulínia,SP,Municipal,Não se aplica,Contrato nº 169/2026,Solicita a contratação de profissionais interessados em desenvolver projetos/oficinas esportivas e prestar serviços para a Secretaria Municipal de Esportes.,/contratos/45751435000106/2026/181
45751435000106-2-000182/2026,,2026,182,45751435000106,MUNICIPIO DE PAULINIA,MUNICIPIO DE PAULINIA,Inexigibilidade,Contrato (termo inicial),Ato que autoriza a Contratação Direta,Divulgada no PNCP,False,2026-03-25T16:00:19.212101202,2026-03-25T16:00:19.212101202,2026-03-02,2026-03-02,2027-03-01,103032.0,,,,,Paulínia,SP,Municipal,Não se aplica,Contrato nº 170/2026,Solicita a contratação de profissionais interessados em desenvolver projetos/oficinas esportivas e prestar serviços para a Secretaria Municipal de Esportes.,/contratos/45751435000106/2026/182
45751435000106-2-000184/2026,,2026,184,45751435000106,MUNICIPIO DE PAULINIA,MUNICIPIO DE PAULINIA,Inexigibilidade,Contrato (termo inicial),Ato que autoriza a Contratação Direta,Divulgada no PNCP,False,2026-03-25T16:00:30.998000917,2026-03-25T16:00:30.998000917,2026-03-02,2026-03-02,2027-03-01,77274.0,,,,,Paulínia,SP,Municipal,Não se aplica,Contrato nº 172/2026,Solicita a contratação de profissionais interessados em desenvolver projetos/oficinas esportivas e prestar serviços para a Secretaria Municipal de Esportes.,/contratos/45751435000106/2026/184
45751435000106-2-000185/2026,,2026,185,45751435000106,MUNICIPIO DE PAULINIA,MUNICIPIO DE PAULINIA,Inexigibilidade,Contrato (termo inicial),Ato que autoriza a Contratação Direta,Divulgada no PNCP,False,2026-03-25T16:00:37.821702905,2026-03-25T16:00:37.821702905,2026-03-02,2026-03-02,2027-03-01,51516.0,,,,,Paulínia,SP,Municipal,Não se aplica,Contrato nº 173/2026,Solicita a contratação de profissionais interessados em desenvolver projetos/oficinas esportivas e prestar serviços para a Secretaria Municipal de Esportes.,/contratos/45751435000106/2026/185
45751435000106-2-000186/2026,,2026,186,45751435000106,MUNICIPIO DE PAULINIA,MUNICIPIO DE PAULINIA,Inexigibilidade,Contrato (termo inicial),Ato que autoriza a Contratação Direta,Divulgada no PNCP,False,2026-03-25T16:00:44.572693916,2026-03-25T16:00:44.572693916,2026-03-02,2026-03-02,2027-03-01,77274.0,,,,,Paulínia,SP,Municipal,Não se aplica,Contrato nº 174/2026,Solicita a contratação de profissionais interessados em desenvolver projetos/oficinas esportivas e prestar serviços para a Secretaria Municipal de Esportes.,/contratos/45751435000106/2026/186
45751435000106-2-000187/2026,,2026,187,45751435000106,MUNICIPIO DE PAULINIA,MUNICIPIO DE PAULINIA,Inexigibilidade,Contrato (termo inicial),Ato que autoriza a Contratação Direta,Divulgada no PNCP,False,2026-03-25T16:00:51.786242473,2026-03-25T16:00:51.786242473,2026-03-02,2026-03-02,2027-03-01,51516.0,,,,,Paulínia,SP,Municipal,Não se aplica,Contrato nº 175/2026,Solicita a contratação de profissionais interessados em desenvolver projetos/oficinas esportivas e prestar serviços para a Secretaria Municipal de Esportes.,/contratos/45751435000106/2026/187
45751435000106-2-000197/2026,,2026,197,45751435000106,MUNICIPIO DE PAULINIA,MUNICIPIO DE PAULINIA,Pregão - Eletrônico,Contrato (termo inicial),Edital,Divulgada no PNCP,False,2026-03-30T07:16:23.602160102,2026-03-30T07:16:23.602160102,2026-03-27,2026-03-27,2027-03-26,63500.0,,,,,Paulínia,SP,Municipal,Não se aplica,Contrato nº 231/2026,REGISTRO DE PREÇOS PARA CONTRATAÇÃO DE EMPRESA OU CONSÓRCIO DE EMPRESAS PARA FORNECIMENTO DE AGREGADOS GRAÚDOS E MIÚDOS,/contratos/45751435000106/2026/197
45751435000106-2-000220/2026,,2026,220,45751435000106,MUNICIPIO DE PAULINIA,MUNICIPIO DE PAULINIA,Pregão - Eletrônico,Contrato (termo inicial),Edital,Divulgada no PNCP,False,2026-04-01T09:53:08.682560027,2026-04-01T09:53:08.682560027,2026-04-01,2026-04-01,2027-03-31,2687256.0,,,,,Paulínia,SP,Municipal,Não se aplica,Contrato nº 234/2026,CONTRATAÇÃO DE EMPRESA OU CONSÓRCIO DE EMPRESAS PARA PRESTAÇÃO DE SERVIÇOS DE LAVANDERIA HOSPITALAR NAS DEPENDÊNCIAS DA CONTRATADA (EXTERNA),/contratos/45751435000106/2026/220
45751435000106-2-000223/2026,,2026,223,45751435000106,MUNICIPIO DE PAULINIA,MUNICIPIO DE PAULINIA,Inexigibilidade,Contrato (termo inicial),Ato que autoriza a Contratação Direta,Divulgada no PNCP,False,2026-04-06T14:33:48.436304925,2026-04-06T14:33:48.436304925,2026-04-06,2026-04-06,2026-10-02,25900.0,,,,,Paulínia,SP,Municipal,Não se aplica,Contrato nº 236/2026,"CAPACITAÇÃO PARA A REDE DE PROTEÇÃO, CONSELHO TUTELAR E CONSELHO MUNICIPAL DOS DIREITOS DA CRIANÇA E DO ADOLESCENTE",/contratos/45751435000106/2026/223
45751435000106-2-000230/2026,,2026,230,45751435000106,MUNICIPIO DE PAULINIA,MUNICIPIO DE PAULINIA,Dispensa,Contrato (termo inicial),Ato que autoriza a Contratação Direta,Divulgada no PNCP,False,2026-04-14T13:54:44.438454860,2026-04-14T13:54:44.438454860,2026-04-14,2026-04-14,2026-10-13,35796.0,,,,,Paulínia,SP,Municipal,Não se aplica,Contrato nº 242/2026,AQUISIÇÃO DE CUMPRIMENTO DE AÇÃO JUDICIAL SOB NRO. 1004556.73.2021.8.26.0428. REQUERENTE C.P.S. CONTRATO DE VIGENCIA 06 (SEIS) MESES,/contratos/45751435000106/2026/230
45751435000106-2-000234/2026,,2026,234,45751435000106,MUNICIPIO DE PAULINIA,MUNICIPIO DE PAULINIA,Dispensa,Contrato (termo inicial),Ato que autoriza a Contratação Direta,Divulgada no PNCP,False,2026-04-17T15:05:08.874481085,2026-04-17T15:05:08.874481085,2026-04-17,2026-04-17,2027-04-16,235200.0,,,,,Paulínia,SP,Municipal,Não se aplica,Contrato nº 248/2026,Contratação emergencial de vaga em serviço de Acolhimento Institucional na modalidade Residência Inclusiva para Jovens e ou Adultos com Deficiência.,/contratos/45751435000106/2026/234
45751435000106-2-000271/2026,,2026,271,45751435000106,MUNICIPIO DE PAULINIA,MUNICIPIO DE PAULINIA,Concorrência - Eletrônica,Contrato (termo inicial),Edital,Divulgada no PNCP,False,2026-04-29T15:12:43.540289552,2026-04-29T15:12:43.540289552,2026-04-29,2026-04-29,2026-10-28,715000.0,,,,,Paulínia,SP,Municipal,Não se aplica,Contrato nº 282/2026,CONTRATAÇÃO DE EMPRESA OU CONSÓRCIO DE ATÉ 2 (DUAS) EMPRESAS PARA RECAPEAMENTO DA RUA NAÇÕES UNIDAS,/contratos/45751435000106/2026/271
45751435000106-2-000288/2026,,2026,288,45751435000106,MUNICIPIO DE PAULINIA,MUNICIPIO DE PAULINIA,Pregão - Eletrônico,Contrato (termo inicial),Edital,Divulgada no PNCP,False,2026-05-07T10:01:07.957342162,2026-05-07T10:01:07.957342162,2026-05-07,2026-05-07,2027-05-06,218240.0,,,,,Paulínia,SP,Municipal,Não se aplica,Contrato nº 298/2026,REGISTRO DE PREÇOS PARA AQUISIÇÃO DE ÁGUA NATURAL SEM GÁS ACONDICIONADA EM GALÃO COM 20L,/contratos/45751435000106/2026/288
45751435000106-2-000306/2026,,2026,306,45751435000106,MUNICIPIO DE PAULINIA,MUNICIPIO DE PAULINIA,Pregão - Eletrônico,Contrato (termo inicial),Edital,Divulgada no PNCP,False,2026-05-19T18:06:20.751438627,2026-05-19T18:06:20.860022555,2026-05-19,2026-05-19,2027-05-18,223460.0,,,,,Paulínia,SP,Municipal,Não se aplica,Contrato nº 315/2026,REGISTRO DE PREÇO PARA CONTRATAÇÃO DE EMPRESA PARA LOCAÇÃO DE ESTRUTURA NECESSÁRIA PARA MONTAGEM E REALIZAÇÃO DE EVENTOS,/contratos/45751435000106/2026/306
45751435000106-2-000307/2026,,2026,307,45751435000106,MUNICIPIO DE PAULINIA,MUNICIPIO DE PAULINIA,Pregão - Eletrônico,Contrato (termo inicial),Edital,Divulgada no PNCP,False,2026-05-19T18:06:30.613235025,2026-05-19T18:06:30.693756612,2026-05-19,2026-05-19,2027-05-18,422050.0,,,,,Paulínia,SP,Municipal,Não se aplica,Contrato nº 316/2026,REGISTRO DE PREÇO PARA CONTRATAÇÃO DE EMPRESA PARA LOCAÇÃO DE ESTRUTURA NECESSÁRIA PARA MONTAGEM E REALIZAÇÃO DE EVENTOS,/contratos/45751435000106/2026/307
45751435000106-2-000310/2026,,2026,310,45751435000106,MUNICIPIO DE PAULINIA,MUNICIPIO DE PAULINIA,Pregão - Eletrônico,Contrato (termo inicial),Edital,Divulgada no PNCP,False,2026-05-27T07:46:54.518431836,2026-05-27T07:46:54.585448312,2026-05-22,2026-05-22,2027-05-21,243795.0,,,,,Paulínia,SP,Municipal,Não se aplica,Contrato nº 320/2026,REGISTRO DE PREÇO PARA CONTRATAÇÃO DE EMPRESA PARA LOCAÇÃO DE ESTRUTURA NECESSÁRIA PARA MONTAGEM E REALIZAÇÃO DE EVENTOS,/contratos/45751435000106/2026/310
45751435000106-2-000317/2026,,2026,317,45751435000106,MUNICIPIO DE PAULINIA,MUNICIPIO DE PAULINIA,Pregão - Eletrônico,Contrato (termo inicial),Edital,Divulgada no PNCP,False,2026-06-01T08:29:34.328907095,2026-06-01T08:29:34.410725606,2026-06-01,2026-06-01,2027-05-31,60907.5,,,,,Paulínia,SP,Municipal,Não se aplica,Contrato nº 327/2026,"CONTRATAÇÃO DE EMPRESA PARA PRESTAÇÃO DE SERVIÇOS ESPECIALIZADOS EM PREVENÇÃO, CONTROLE E MANEJO DE ABELHAS, MARIMBONDOS E VESPAS",/contratos/45751435000106/2026/317
45751435000106-2-000320/2026,,2026,320,45751435000106,MUNICIPIO DE PAULINIA,MUNICIPIO DE PAULINIA,Pregão - Eletrônico,Contrato (termo inicial),Edital,Divulgada no PNCP,False,2026-06-02T10:52:50.167591284,2026-06-02T10:52:50.289539489,2026-06-02,2026-06-02,2027-06-01,164900.0,,,,,Paulínia,SP,Municipal,Não se aplica,Contrato nº 330/2026,REGISTRO DE PREÇO PARA CONTRATAÇÃO DE EMPRESA PARA LOCAÇÃO DE ESTRUTURA NECESSÁRIA PARA MONTAGEM E REALIZAÇÃO DE EVENTOS,/contratos/45751435000106/2026/320
45751435000106-2-000324/2026,,2026,324,45751435000106,MUNICIPIO DE PAULINIA,MUNICIPIO DE PAULINIA,Pregão - Eletrônico,Contrato (termo inicial),Edital,Divulgada no PNCP,False,2026-06-03T15:39:36.640064526,2026-06-03T15:39:36.720157924,2026-06-03,2026-06-03,2027-06-02,26800.0,,,,,Paulínia,SP,Municipal,Não se aplica,Contrato nº 333/2026,CONTRATAÇÃO DE EMPRESA OU CONSORCIO DE EMPRESAS PARA FORMAÇÃO DE PROFISSIONAIS DO CENTRO DE REFERÊNCIA EDUCACIONAL DE APOIO À INCLUSÃO - CREAPI,/contratos/45751435000106/2026/324
45751435000106-2-000325/2026,,2026,325,45751435000106,MUNICIPIO DE PAULINIA,MUNICIPIO DE PAULINIA,Pregão - Eletrônico,Contrato (termo inicial),Edital,Divulgada no PNCP,False,2026-06-09T12:19:43.686957158,2026-06-09T12:19:43.813456914,2026-06-09,2026-06-09,2027-06-08,204840.0,,,,,Paulínia,SP,Municipal,Não se aplica,Contrato nº 334/2026,"AQUISIÇÃO DE GÁS LIQUEFEITO DE PETRÓLEO (GLP) A GRANEL, COM CESSÃO GRATUITA E TEMPORÁRIA DE EQUIPAMENTOS EM REGIME DE COMODATO",/contratos/45751435000106/2026/325
45751435000106-2-000332/2026,,2026,332,45751435000106,MUNICIPIO DE PAULINIA,MUNICIPIO DE PAULINIA,Pregão - Eletrônico,Contrato (termo inicial),Edital,Divulgada no PNCP,False,2026-06-11T08:59:24.619536413,2026-06-11T08:59:24.688931217,2026-06-10,2026-06-10,2027-06-09,555666.0,,,,,Paulínia,SP,Municipal,Não se aplica,Contrato nº 341/2026,CONTRATAÇÃO DE EMPRESA ESPECIALIZADA NA PRESTAÇÃO DE SERVIÇO DE EXAMES DE IMAGEM PARA ODONTOLOGIA,/contratos/45751435000106/2026/332
45751435000106-2-000001/2026,,2026,1,45751435000106,MUNICIPIO DE PAULINIA,MUNICIPIO DE PAULINIA,Dispensa,Contrato (termo inicial),Ato que autoriza a Contratação Direta,Divulgada no PNCP,False,2026-01-09T11:37:12.320798866,2026-01-09T11:37:12.320798866,2026-01-07,2026-01-07,2027-01-06,3025.44,,,,,Paulínia,SP,Municipal,Não se aplica,Contrato nº 001/2026,CUMPRIMENTO DE AÇÃO JUDICIAL PROCESSO NUMERO 1007224.12.2024.8.26.0428. REQUERENTE J.L.L. E A.L.L..,/contratos/45751435000106/2026/1
45751435000106-2-000050/2026,,2026,50,45751435000106,MUNICIPIO DE PAULINIA,MUNICIPIO DE PAULINIA,Concorrência - Eletrônica,Contrato (termo inicial),Edital,Divulgada no PNCP,False,2026-02-02T15:45:31.985567361,2026-02-02T15:45:31.985567361,2026-01-30,2026-02-02,2029-05-01,30149999.55,,,,,Paulínia,SP,Municipal,Não se aplica,Contrato nº 049/2026,CONTRATAÇÃO DE EMPRESA OU CONSÓRCIO DE ATÉ DUAS EMPRESAS PARA FORNECIMENTO E INSTALAÇÃO DE EQUIPAMENTOS DE AR CONDICIONADO E CLIMATIZADORES NAS UNIDADES ESCOLARES,/contratos/45751435000106/2026/50
45751435000106-2-000069/2026,,2026,69,45751435000106,MUNICIPIO DE PAULINIA,MUNICIPIO DE PAULINIA,Pregão - Eletrônico,Contrato (termo inicial),Edital,Divulgada no PNCP,False,2026-02-09T07:41:48.034290879,2026-02-09T07:41:48.034290879,2026-02-05,2026-02-05,2027-02-04,198520.0,,,,,Paulínia,SP,Municipal,Não se aplica,Contrato nº 064/2026,REGISTRO DE PREÇOS PARA CONTRATAÇÃO DE ATRAÇÕES MUSICAIS/BANDAS MUSICAIS PARA APRESENTAÇÕES DURANTE OS EVENTOS REALIZADOS NO MUNICÍPIO DE PAULÍNIA,/contratos/45751435000106/2026/69
45751435000106-2-000088/2026,,2026,88,45751435000106,MUNICIPIO DE PAULINIA,MUNICIPIO DE PAULINIA,Pregão - Eletrônico,Contrato (termo inicial),Edital,Divulgada no PNCP,False,2026-02-24T11:06:47.299235819,2026-02-24T11:06:47.299235819,2026-02-24,2026-02-24,2027-02-23,387500.0,,,,,Paulínia,SP,Municipal,Não se aplica,Contrato nº 106/2026,REGISTRO DE PREÇO PARA CONTRATAÇÃO DE EMPRESA PARA LOCAÇÃO DE ESTRUTURA NECESSÁRIA PARA MONTAGEM E REALIZAÇÃO DE EVENTOS,/contratos/45751435000106/2026/88
45751435000106-2-000092/2026,,2026,92,45751435000106,MUNICIPIO DE PAULINIA,MUNICIPIO DE PAULINIA,Pregão - Eletrônico,Contrato (termo inicial),Edital,Divulgada no PNCP,False,2026-02-26T09:36:22.218482202,2026-02-26T09:36:22.218482202,2026-02-25,2026-02-25,2027-02-24,2148599.15,,,,,Paulínia,SP,Municipal,Não se aplica,Contrato nº 109/2026,REGISTRO DE PREÇOS PARA AQUISIÇÃO DE KITS DE MATERIAIS ESCOLARES PARA ALUNOS DA REDE MUNICIPAL DE ENSINO DE PAULÍNIA E PROEB,/contratos/45751435000106/2026/92
45751435000106-2-000094/2026,,2026,94,45751435000106,MUNICIPIO DE PAULINIA,MUNICIPIO DE PAULINIA,Pregão - Eletrônico,Contrato (termo inicial),Edital,Divulgada no PNCP,False,2026-02-26T16:52:53.196624354,2026-02-26T16:52:53.196624354,2026-02-26,2026-02-26,2027-02-25,517488.41,,,,,Paulínia,SP,Municipal,Não se aplica,Contrato nº 112/2026,"REGISTRO DE PREÇOS PARA PRESTAÇÃO DE SERVIÇOS DE MANUTENÇÃO, CONSERVAÇÃO E PEQUENOS SERVIÇOS NOS IMÓVEIS OCUPADOS PELA REDE MUNICIPAL DE ENSINO",/contratos/45751435000106/2026/94
45751435000106-2-000095/2026,,2026,95,45751435000106,MUNICIPIO DE PAULINIA,MUNICIPIO DE PAULINIA,Pregão - Eletrônico,Contrato (termo inicial),Edital,Divulgada no PNCP,False,2026-02-27T13:17:25.852354694,2026-02-27T13:17:25.852354694,2026-02-27,2026-02-27,2027-02-26,228900.0,,,,,Paulínia,SP,Municipal,Não se aplica,Contrato nº 113/2026,REGISTRO DE PREÇO PARA CONTRATAÇÃO DE EMPRESA PARA LOCAÇÃO DE ESTRUTURA NECESSÁRIA PARA MONTAGEM E REALIZAÇÃO DE EVENTOS,/contratos/45751435000106/2026/95
45751435000106-2-000111/2026,,2026,111,45751435000106,MUNICIPIO DE PAULINIA,MUNICIPIO DE PAULINIA,Pregão - Eletrônico,Contrato (termo inicial),Edital,Divulgada no PNCP,False,2026-03-11T15:01:38.292062031,2026-03-11T15:01:38.292062031,2026-03-10,2026-03-10,2027-03-09,5458.89,,,,,Paulínia,SP,Municipal,Não se aplica,Contrato nº 187/2026,"AQUISIÇÃO DE CÂMARAS DE CONSERVAÇÃO DE MEDICAMENTOS TERMOLÁBEIS E VACINAS, FREEZERS E EQUIPAMENTO AUTOMATIZADO PARA UNITARIZAÇÃO DE MEDICAMENTOS",/contratos/45751435000106/2026/111
45751435000106-2-000118/2026,,2026,118,45751435000106,MUNICIPIO DE PAULINIA,MUNICIPIO DE PAULINIA,Pregão - Eletrônico,Contrato (termo inicial),Edital,Divulgada no PNCP,False,2026-03-20T14:17:33.809631897,2026-03-20T14:17:33.809631897,2026-03-20,2026-03-20,2027-03-19,723413.94,,,,,Paulínia,SP,Municipal,Não se aplica,Contrato nº 195/2026,"REGISTRO DE PREÇOS PARA PRESTAÇÃO DE SERVIÇOS DE MANUTENÇÃO, CONSERVAÇÃO E PEQUENOS SERVIÇOS NOS IMÓVEIS OCUPADOS PELA REDE MUNICIPAL DE ENSINO",/contratos/45751435000106/2026/118
45751435000106-2-000120/2026,,2026,120,45751435000106,MUNICIPIO DE PAULINIA,MUNICIPIO DE PAULINIA,Pregão - Eletrônico,Contrato (termo inicial),Edital,Divulgada no PNCP,False,2026-03-23T15:47:00.965967190,2026-03-23T15:47:00.965967190,2026-03-23,2026-03-23,2027-03-22,636545.03,,,,,Paulínia,SP,Municipal,Não se aplica,Contrato nº 217/2026,"REGISTRO DE PREÇOS PARA PRESTAÇÃO DE SERVIÇOS DE MANUTENÇÃO, CONSERVAÇÃO E PEQUENOS SERVIÇOS NOS IMÓVEIS OCUPADOS PELA REDE MUNICIPAL DE ENSINO",/contratos/45751435000106/2026/120
45751435000106-2-000122/2026,,2026,122,45751435000106,MUNICIPIO DE PAULINIA,MUNICIPIO DE PAULINIA,Pregão - Eletrônico,Contrato (termo inicial),Edital,Divulgada no PNCP,False,2026-03-23T15:47:31.294842203,2026-03-23T15:47:31.294842203,2026-03-23,2026-03-23,2027-03-22,776922.0,,,,,Paulínia,SP,Municipal,Não se aplica,Contrato nº 218/2026,"REGISTRO DE PREÇOS PARA PRESTAÇÃO DE SERVIÇOS DE MANUTENÇÃO, CONSERVAÇÃO E PEQUENOS SERVIÇOS NOS IMÓVEIS OCUPADOS PELA REDE MUNICIPAL DE ENSINO",/contratos/45751435000106/2026/122
45751435000106-2-000124/2026,,2026,124,45751435000106,MUNICIPIO DE PAULINIA,MUNICIPIO DE PAULINIA,Pregão - Eletrônico,Contrato (termo inicial),Edital,Divulgada no PNCP,False,2026-03-24T14:44:43.049691699,2026-03-24T14:44:43.049691699,2026-03-23,2026-03-23,2027-03-22,320600.0,,,,,Paulínia,SP,Municipal,Não se aplica,Contrato nº 213/2026,"REGISTRO DE PREÇOS PARA CONTRATAÇÃO DE EMPRESA(S) PARA O FORNECIMENTO, POR MEIO DE LOCAÇÃO, DE VEÍCULOS, MÁQUINAS E EQUIPAMENTOS PESADOS COM OPERADORES",/contratos/45751435000106/2026/124
45751435000106-2-000126/2026,,2026,126,45751435000106,MUNICIPIO DE PAULINIA,MUNICIPIO DE PAULINIA,Pregão - Eletrônico,Contrato (termo inicial),Edital,Divulgada no PNCP,False,2026-03-24T14:44:57.757825892,2026-03-24T14:44:57.757825892,2026-03-23,2026-03-23,2027-03-22,300502.0,,,,,Paulínia,SP,Municipal,Não se aplica,Contrato nº 223/2026,"REGISTRO DE PREÇOS PARA CONTRATAÇÃO DE EMPRESA(S) PARA O FORNECIMENTO, POR MEIO DE LOCAÇÃO, DE VEÍCULOS, MÁQUINAS E EQUIPAMENTOS PESADOS COM OPERADORES",/contratos/45751435000106/2026/126
45751435000106-2-000135/2026,,2026,135,45751435000106,MUNICIPIO DE PAULINIA,MUNICIPIO DE PAULINIA,Inexigibilidade,Contrato (termo inicial),Ato que autoriza a Contratação Direta,Divulgada no PNCP,False,2026-03-25T15:48:57.145956932,2026-03-25T15:48:57.145956932,2026-03-02,2026-03-02,2027-03-01,51516.0,,,,,Paulínia,SP,Municipal,Não se aplica,Contrato nº 123/2026,Solicita a contratação de profissionais interessados em desenvolver projetos/oficinas esportivas e prestar serviços para a Secretaria Municipal de Esportes.,/contratos/45751435000106/2026/135
45751435000106-2-000136/2026,,2026,136,45751435000106,MUNICIPIO DE PAULINIA,MUNICIPIO DE PAULINIA,Inexigibilidade,Contrato (termo inicial),Ato que autoriza a Contratação Direta,Divulgada no PNCP,False,2026-03-25T15:49:04.003063700,2026-03-25T15:49:04.003063700,2026-03-02,2026-03-02,2027-03-01,51516.0,,,,,Paulínia,SP,Municipal,Não se aplica,Contrato nº 124/2026,Solicita a contratação de profissionais interessados em desenvolver projetos/oficinas esportivas e prestar serviços para a Secretaria Municipal de Esportes.,/contratos/45751435000106/2026/136
45751435000106-2-000137/2026,,2026,137,45751435000106,MUNICIPIO DE PAULINIA,MUNICIPIO DE PAULINIA,Inexigibilidade,Contrato (termo inicial),Ato que autoriza a Contratação Direta,Divulgada no PNCP,False,2026-03-25T15:49:10.868758721,2026-03-25T15:49:10.868758721,2026-03-02,2026-03-02,2027-03-01,90153.0,,,,,Paulínia,SP,Municipal,Não se aplica,Contrato nº 125/2026,Solicita a contratação de profissionais interessados em desenvolver projetos/oficinas esportivas e prestar serviços para a Secretaria Municipal de Esportes.,/contratos/45751435000106/2026/137
45751435000106-2-000139/2026,,2026,139,45751435000106,MUNICIPIO DE PAULINIA,MUNICIPIO DE PAULINIA,Inexigibilidade,Contrato (termo inicial),Ato que autoriza a Contratação Direta,Divulgada no PNCP,False,2026-03-25T15:50:34.537317611,2026-03-25T15:50:34.537317611,2026-03-02,2026-03-02,2027-03-01,103032.0,,,,,Paulínia,SP,Municipal,Não se aplica,Contrato nº 127/2026,Solicita a contratação de profissionais interessados em desenvolver projetos/oficinas esportivas e prestar serviços para a Secretaria Municipal de Esportes.,/contratos/45751435000106/2026/139
45751435000106-2-000140/2026,,2026,140,45751435000106,MUNICIPIO DE PAULINIA,MUNICIPIO DE PAULINIA,Inexigibilidade,Contrato (termo inicial),Ato que autoriza a Contratação Direta,Divulgada no PNCP,False,2026-03-25T15:50:41.822690043,2026-03-25T15:50:41.822690043,2026-03-02,2026-03-02,2027-03-01,103032.0,,,,,Paulínia,SP,Municipal,Não se aplica,Contrato nº 128/2026,Solicita a contratação de profissionais interessados em desenvolver projetos/oficinas esportivas e prestar serviços para a Secretaria Municipal de Esportes.,/contratos/45751435000106/2026/140
45751435000106-2-000142/2026,,2026,142,45751435000106,MUNICIPIO DE PAULINIA,MUNICIPIO DE PAULINIA,Inexigibilidade,Contrato (termo inicial),Ato que autoriza a Contratação Direta,Divulgada no PNCP,False,2026-03-25T15:50:55.169117966,2026-03-25T15:50:55.169117966,2026-03-02,2026-03-02,2027-03-01,51516.0,,,,,Paulínia,SP,Municipal,Não se aplica,Contrato nº 130/2026,Solicita a contratação de profissionais interessados em desenvolver projetos/oficinas esportivas e prestar serviços para a Secretaria Municipal de Esportes.,/contratos/45751435000106/2026/142
45751435000106-2-000143/2026,,2026,143,45751435000106,MUNICIPIO DE PAULINIA,MUNICIPIO DE PAULINIA,Inexigibilidade,Contrato (termo inicial),Ato que autoriza a Contratação Direta,Divulgada no PNCP,False,2026-03-25T15:51:01.608288910,2026-03-25T15:51:01.608288910,2026-03-02,2026-03-02,2027-03-01,28333.8,,,,,Paulínia,SP,Municipal,Não se aplica,Contrato nº 131/2026,Solicita a contratação de profissionais interessados em desenvolver projetos/oficinas esportivas e prestar serviços para a Secretaria Municipal de Esportes.,/contratos/45751435000106/2026/143
45751435000106-2-000144/2026,,2026,144,45751435000106,MUNICIPIO DE PAULINIA,MUNICIPIO DE PAULINIA,Inexigibilidade,Contrato (termo inicial),Ato que autoriza a Contratação Direta,Divulgada no PNCP,False,2026-03-25T15:51:13.983931743,2026-03-25T15:51:13.983931743,2026-03-02,2026-03-02,2027-03-01,51516.0,,,,,Paulínia,SP,Municipal,Não se aplica,Contrato nº 132/2026,Solicita a contratação de profissionais interessados em desenvolver projetos/oficinas esportivas e prestar serviços para a Secretaria Municipal de Esportes.,/contratos/45751435000106/2026/144
45751435000106-2-000152/2026,,2026,152,45751435000106,MUNICIPIO DE PAULINIA,MUNICIPIO DE PAULINIA,Inexigibilidade,Contrato (termo inicial),Ato que autoriza a Contratação Direta,Divulgada no PNCP,False,2026-03-25T15:54:12.919396226,2026-03-25T15:54:12.919396226,2026-03-02,2026-03-02,2027-03-01,90153.0,,,,,Paulínia,SP,Municipal,Não se aplica,Contrato nº 140/2026,Solicita a contratação de profissionais interessados em desenvolver projetos/oficinas esportivas e prestar serviços para a Secretaria Municipal de Esportes.,/contratos/45751435000106/2026/152
45751435000106-2-000153/2026,,2026,153,45751435000106,MUNICIPIO DE PAULINIA,MUNICIPIO DE PAULINIA,Inexigibilidade,Contrato (termo inicial),Ato que autoriza a Contratação Direta,Divulgada no PNCP,False,2026-03-25T15:54:19.699269596,2026-03-25T15:54:19.699269596,2026-03-02,2026-03-02,2027-03-01,20606.4,,,,,Paulínia,SP,Municipal,Não se aplica,Contrato nº 141/2026,Solicita a contratação de profissionais interessados em desenvolver projetos/oficinas esportivas e prestar serviços para a Secretaria Municipal de Esportes.,/contratos/45751435000106/2026/153
45751435000106-2-000154/2026,,2026,154,45751435000106,MUNICIPIO DE PAULINIA,MUNICIPIO DE PAULINIA,Inexigibilidade,Contrato (termo inicial),Ato que autoriza a Contratação Direta,Divulgada no PNCP,False,2026-03-25T15:54:25.652762241,2026-03-25T15:54:25.652762241,2026-03-02,2026-03-02,2027-03-01,51516.0,,,,,Paulínia,SP,Municipal,Não se aplica,Contrato nº 142/2026,Solicita a contratação de profissionais interessados em desenvolver projetos/oficinas esportivas e prestar serviços para a Secretaria Municipal de Esportes.,/contratos/45751435000106/2026/154
45751435000106-2-000159/2026,,2026,159,45751435000106,MUNICIPIO DE PAULINIA,MUNICIPIO DE PAULINIA,Inexigibilidade,Contrato (termo inicial),Ato que autoriza a Contratação Direta,Divulgada no PNCP,False,2026-03-25T15:57:01.503522575,2026-03-25T15:57:01.503522575,2026-03-02,2026-03-02,2027-03-01,77274.0,,,,,Paulínia,SP,Municipal,Não se aplica,Contrato nº 147/2026,Solicita a contratação de profissionais interessados em desenvolver projetos/oficinas esportivas e prestar serviços para a Secretaria Municipal de Esportes.,/contratos/45751435000106/2026/159
45751435000106-2-000164/2026,,2026,164,45751435000106,MUNICIPIO DE PAULINIA,MUNICIPIO DE PAULINIA,Inexigibilidade,Contrato (termo inicial),Ato que autoriza a Contratação Direta,Divulgada no PNCP,False,2026-03-25T15:57:55.049093258,2026-03-25T15:57:55.049093258,2026-03-02,2026-03-02,2027-03-01,51516.0,,,,,Paulínia,SP,Municipal,Não se aplica,Contrato nº 152/2026,Solicita a contratação de profissionais interessados em desenvolver projetos/oficinas esportivas e prestar serviços para a Secretaria Municipal de Esportes.,/contratos/45751435000106/2026/164
45751435000106-2-000165/2026,,2026,165,45751435000106,MUNICIPIO DE PAULINIA,MUNICIPIO DE PAULINIA,Inexigibilidade,Contrato (termo inicial),Ato que autoriza a Contratação Direta,Divulgada no PNCP,False,2026-03-25T15:58:01.445428132,2026-03-25T15:58:01.445428132,2026-03-02,2026-03-02,2027-03-01,103032.0,,,,,Paulínia,SP,Municipal,Não se aplica,Contrato nº 153/2026,Solicita a contratação de profissionais interessados em desenvolver projetos/oficinas esportivas e prestar serviços para a Secretaria Municipal de Esportes.,/contratos/45751435000106/2026/165
45751435000106-2-000167/2026,,2026,167,45751435000106,MUNICIPIO DE PAULINIA,MUNICIPIO DE PAULINIA,Inexigibilidade,Contrato (termo inicial),Ato que autoriza a Contratação Direta,Divulgada no PNCP,False,2026-03-25T15:58:25.376437561,2026-03-25T15:58:25.376437561,2026-03-02,2026-03-02,2027-03-01,77274.0,,,,,Paulínia,SP,Municipal,Não se aplica,Contrato nº 156/2026,Solicita a contratação de profissionais interessados em desenvolver projetos/oficinas esportivas e prestar serviços para a Secretaria Municipal de Esportes.,/contratos/45751435000106/2026/167
45751435000106-2-000168/2026,,2026,168,45751435000106,MUNICIPIO DE PAULINIA,MUNICIPIO DE PAULINIA,Inexigibilidade,Contrato (termo inicial),Ato que autoriza a Contratação Direta,Divulgada no PNCP,False,2026-03-25T15:58:33.308314618,2026-03-25T15:58:33.308314618,2026-03-02,2026-03-02,2027-03-01,25758.0,,,,,Paulínia,SP,Municipal,Não se aplica,Contrato nº 157/2026,Solicita a contratação de profissionais interessados em desenvolver projetos/oficinas esportivas e prestar serviços para a Secretaria Municipal de Esportes.,/contratos/45751435000106/2026/168
45751435000106-2-000170/2026,,2026,170,45751435000106,MUNICIPIO DE PAULINIA,MUNICIPIO DE PAULINIA,Inexigibilidade,Contrato (termo inicial),Ato que autoriza a Contratação Direta,Divulgada no PNCP,False,2026-03-25T15:58:45.932498322,2026-03-25T15:58:45.932498322,2026-03-02,2026-03-02,2027-03-01,103032.0,,,,,Paulínia,SP,Municipal,Não se aplica,Contrato nº 159/2026,Solicita a contratação de profissionais interessados em desenvolver projetos/oficinas esportivas e prestar serviços para a Secretaria Municipal de Esportes.,/contratos/45751435000106/2026/170
45751435000106-2-000177/2026,,2026,177,45751435000106,MUNICIPIO DE PAULINIA,MUNICIPIO DE PAULINIA,Inexigibilidade,Contrato (termo inicial),Ato que autoriza a Contratação Direta,Divulgada no PNCP,False,2026-03-25T15:59:46.158780256,2026-03-25T15:59:46.158780256,2026-03-02,2026-03-02,2027-03-01,51516.0,,,,,Paulínia,SP,Municipal,Não se aplica,Contrato nº 165/2026,Solicita a contratação de profissionais interessados em desenvolver projetos/oficinas esportivas e prestar serviços para a Secretaria Municipal de Esportes.,/contratos/45751435000106/2026/177
45751435000106-2-000178/2026,,2026,178,45751435000106,MUNICIPIO DE PAULINIA,MUNICIPIO DE PAULINIA,Inexigibilidade,Contrato (termo inicial),Ato que autoriza a Contratação Direta,Divulgada no PNCP,False,2026-03-25T15:59:53.293420093,2026-03-25T15:59:53.293420093,2026-03-02,2026-03-02,2027-03-01,51516.0,,,,,Paulínia,SP,Municipal,Não se aplica,Contrato nº 166/2026,Solicita a contratação de profissionais interessados em desenvolver projetos/oficinas esportivas e prestar serviços para a Secretaria Municipal de Esportes.,/contratos/45751435000106/2026/178
45751435000106-2-000180/2026,,2026,180,45751435000106,MUNICIPIO DE PAULINIA,MUNICIPIO DE PAULINIA,Inexigibilidade,Contrato (termo inicial),Ato que autoriza a Contratação Direta,Divulgada no PNCP,False,2026-03-25T16:00:06.320607499,2026-03-25T16:00:06.320607499,2026-03-02,2026-03-02,2027-03-01,77274.0,,,,,Paulínia,SP,Municipal,Não se aplica,Contrato nº 168/2026,Solicita a contratação de profissionais interessados em desenvolver projetos/oficinas esportivas e prestar serviços para a Secretaria Municipal de Esportes.,/contratos/45751435000106/2026/180
45751435000106-2-000183/2026,,2026,183,45751435000106,MUNICIPIO DE PAULINIA,MUNICIPIO DE PAULINIA,Inexigibilidade,Contrato (termo inicial),Ato que autoriza a Contratação Direta,Divulgada no PNCP,False,2026-03-25T16:00:25.290939285,2026-03-25T16:00:25.290939285,2026-03-02,2026-03-02,2027-03-01,103032.0,,,,,Paulínia,SP,Municipal,Não se aplica,Contrato nº 171/2026,Solicita a contratação de profissionais interessados em desenvolver projetos/oficinas esportivas e prestar serviços para a Secretaria Municipal de Esportes.,/contratos/45751435000106/2026/183
45751435000106-2-000188/2026,,2026,188,45751435000106,MUNICIPIO DE PAULINIA,MUNICIPIO DE PAULINIA,Pregão - Eletrônico,Contrato (termo inicial),Edital,Divulgada no PNCP,False,2026-03-25T16:18:54.251433487,2026-03-25T16:18:54.251433487,2026-03-25,2026-03-25,2027-03-24,269880.0,,,,,Paulínia,SP,Municipal,Não se aplica,Contrato nº 227/2026,"REGISTRO DE PREÇOS PARA CONTRATAÇÃO DE EMPRESA(S) PARA O FORNECIMENTO, POR MEIO DE LOCAÇÃO, DE VEÍCULOS, MÁQUINAS E EQUIPAMENTOS PESADOS COM OPERADORES",/contratos/45751435000106/2026/188
45751435000106-2-000189/2026,,2026,189,45751435000106,MUNICIPIO DE PAULINIA,MUNICIPIO DE PAULINIA,Pregão - Eletrônico,Contrato (termo inicial),Edital,Divulgada no PNCP,False,2026-03-26T09:05:36.199420060,2026-03-26T09:05:36.199420060,2026-03-25,2026-03-25,2027-03-24,735600.0,,,,,Paulínia,SP,Municipal,Não se aplica,Contrato nº 224/2026,REGISTRO DE PREÇOS PARA CONTRATAÇÃO DE EMPRESAS OU CONSORCIO DE EMPRESAS PARA PRESTAÇÃO DE SERVIÇOS DE EDUCAÇÃO AMBIENTAL EM BARCO ESCOLA,/contratos/45751435000106/2026/189
45751435000106-2-000218/2026,,2026,218,45751435000106,MUNICIPIO DE PAULINIA,MUNICIPIO DE PAULINIA,Pregão - Eletrônico,Contrato (termo inicial),Edital,Divulgada no PNCP,False,2026-03-31T10:51:01.485661254,2026-03-31T10:51:01.485661254,2026-03-31,2026-03-31,2027-03-30,672237.47,,,,,Paulínia,SP,Municipal,Não se aplica,Contrato nº 232/2026,"REGISTRO DE PREÇOS PARA PRESTAÇÃO DE SERVIÇOS DE MANUTENÇÃO, CONSERVAÇÃO E PEQUENOS SERVIÇOS NOS IMÓVEIS OCUPADOS PELA REDE MUNICIPAL DE ENSINO",/contratos/45751435000106/2026/218
45751435000106-2-000222/2026,,2026,222,45751435000106,MUNICIPIO DE PAULINIA,MUNICIPIO DE PAULINIA,Pregão - Eletrônico,Contrato (termo inicial),Edital,Divulgada no PNCP,False,2026-04-01T12:38:44.519120809,2026-04-01T12:38:44.519120809,2026-04-01,2026-04-01,2027-03-31,270000.0,,,,,Paulínia,SP,Municipal,Não se aplica,Contrato nº 235/2026,"CONTRATAÇÃO DE EMPRESA PARA SERVIÇO DE LOCAÇÃO DE 01 MAMÓGRAFO DIGITAL, PARA ATENDIMENTO AS NECESSIDADES DO SERVIÇO DE DIAGNÓSTICO POR IMAGEM DO HOSPITAL MUNICIPAL DE PAULÍNIA",/contratos/45751435000106/2026/222
45751435000106-2-000242/2026,,2026,242,45751435000106,MUNICIPIO DE PAULINIA,MUNICIPIO DE PAULINIA,Inexigibilidade,Contrato (termo inicial),Ato que autoriza a Contratação Direta,Divulgada no PNCP,False,2026-04-27T08:06:51.306506914,2026-04-27T08:06:51.306506914,2026-04-27,2026-04-27,2027-04-26,360000.0,,,,,Paulínia,SP,Municipal,Não se aplica,Contrato nº 272/2026,"Locação de imóvel localizado na Rua Santa Cruz, 157, Bairro Nova Paulínia, destinado a nova sede do Conselho Tutelar.",/contratos/45751435000106/2026/242
45751435000106-2-000243/2026,,2026,243,45751435000106,MUNICIPIO DE PAULINIA,MUNICIPIO DE PAULINIA,Pregão - Eletrônico,Contrato (termo inicial),Edital,Divulgada no PNCP,False,2026-04-27T09:42:12.453259720,2026-04-27T09:42:12.453259720,2026-04-27,2026-04-27,2027-04-26,278456.75,,,,,Paulínia,SP,Municipal,Não se aplica,Contrato nº 274/2026,REGISTRO DE PRECOS PARA CONTRATACAO DE EMPRESA OU CONSORCIO DE EMPRESAS PARA FORNECIMENTO DE AGREGADOS GRAUDOS E MIUDOS,/contratos/45751435000106/2026/243
45751435000106-2-000282/2026,,2026,282,45751435000106,MUNICIPIO DE PAULINIA,MUNICIPIO DE PAULINIA,Pregão - Eletrônico,Contrato (termo inicial),Edital,Divulgada no PNCP,False,2026-05-06T08:00:22.850800786,2026-05-06T08:00:22.850800786,2026-05-05,2026-05-05,2027-05-04,209223.0,,,,,Paulínia,SP,Municipal,Não se aplica,Contrato nº 293/2026,"REGISTRO DE PREÇOS PARA CONTRATAÇÃO DE EMPRESA(S) PARA O FORNECIMENTO, POR MEIO DE LOCAÇÃO, DE VEÍCULOS, MÁQUINAS E EQUIPAMENTOS PESADOS COM OPERADORES",/contratos/45751435000106/2026/282
45751435000106-2-000289/2026,,2026,289,45751435000106,MUNICIPIO DE PAULINIA,MUNICIPIO DE PAULINIA,Pregão - Eletrônico,Contrato (termo inicial),Edital,Divulgada no PNCP,False,2026-05-07T11:33:08.975454823,2026-05-07T11:33:08.975454823,2026-05-07,2026-05-07,2027-05-06,1141353.15,,,,,Paulínia,SP,Municipal,Não se aplica,Contrato nº 299/2026,"REGISTRO DE PREÇOS PARA PRESTAÇÃO DE SERVIÇOS DE MANUTENÇÃO, CONSERVAÇÃO E PEQUENOS SERVIÇOS NOS IMÓVEIS OCUPADOS PELA REDE MUNICIPAL DE ENSINO",/contratos/45751435000106/2026/289
45751435000106-2-000290/2026,,2026,290,45751435000106,MUNICIPIO DE PAULINIA,MUNICIPIO DE PAULINIA,Pregão - Eletrônico,Contrato (termo inicial),Edital,Divulgada no PNCP,False,2026-05-07T11:33:17.827557661,2026-05-07T11:33:17.827557661,2026-05-07,2026-05-07,2027-05-06,628389.91,,,,,Paulínia,SP,Municipal,Não se aplica,Contrato nº 300/2026,"REGISTRO DE PREÇOS PARA PRESTAÇÃO DE SERVIÇOS DE MANUTENÇÃO, CONSERVAÇÃO E PEQUENOS SERVIÇOS NOS IMÓVEIS OCUPADOS PELA REDE MUNICIPAL DE ENSINO",/contratos/45751435000106/2026/290
45751435000106-2-000305/2026,,2026,305,45751435000106,MUNICIPIO DE PAULINIA,MUNICIPIO DE PAULINIA,Pregão - Eletrônico,Contrato (termo inicial),Edital,Divulgada no PNCP,False,2026-05-19T18:02:18.986611736,2026-05-19T18:02:19.104261936,2026-05-19,2026-05-19,2027-05-18,171198.0,,,,,Paulínia,SP,Municipal,Não se aplica,Contrato nº 317/2026,REGISTRO DE PREÇOS PARA CONTRATAÇÃO DE EMPRESA ESPECIALIZADA EM SERVIÇO DE REDUTORES DE VELOCIDADE MODULARES DO TIPO ONDULAÇÃO TRANSVERSAL (LOMBADA),/contratos/45751435000106/2026/305
45751435000106-2-000309/2026,,2026,309,45751435000106,MUNICIPIO DE PAULINIA,MUNICIPIO DE PAULINIA,Pregão - Eletrônico,Contrato (termo inicial),Edital,Divulgada no PNCP,False,2026-05-26T10:51:38.835910078,2026-05-26T10:51:38.978645889,2026-05-22,2026-05-22,2027-05-22,93183.0,,,,,Paulínia,SP,Municipal,Não se aplica,Contrato nº 319/2026,REGISTRO DE PREÇOS PARA AQUISIÇÃO DE KITS DE MATERIAIS ESCOLARES PARA ALUNOS DA REDE MUNICIPAL DE ENSINO DE PAULÍNIA E PROEB,/contratos/45751435000106/2026/309
45751435000106-2-000311/2026,,2026,311,45751435000106,MUNICIPIO DE PAULINIA,MUNICIPIO DE PAULINIA,Pregão - Eletrônico,Contrato (termo inicial),Edital,Divulgada no PNCP,False,2026-05-27T07:47:05.540445373,2026-05-27T07:47:05.623489511,2026-05-22,2026-05-22,2027-05-21,128200.0,,,,,Paulínia,SP,Municipal,Não se aplica,Contrato nº 321/2026,REGISTRO DE PREÇOS PARA CONTRATAÇÃO DE ATRAÇÕES MUSICAIS/BANDAS MUSICAIS PARA APRESENTAÇÕES DURANTE OS EVENTOS REALIZADOS NO MUNICÍPIO DE PAULÍNIA,/contratos/45751435000106/2026/311
45751435000106-2-000318/2026,,2026,318,45751435000106,MUNICIPIO DE PAULINIA,MUNICIPIO DE PAULINIA,Pregão - Eletrônico,Contrato (termo inicial),Edital,Divulgada no PNCP,False,2026-06-01T16:35:21.905255958,2026-06-01T16:35:22.157725786,2026-06-01,2026-06-01,2027-05-31,1891790.37,,,,,Paulínia,SP,Municipal,Não se aplica,Contrato nº 328/2026,"REGISTRO DE PREÇOS PARA PRESTAÇÃO DE SERVIÇOS DE MANUTENÇÃO, CONSERVAÇÃO E PEQUENOS SERVIÇOS NOS IMÓVEIS OCUPADOS PELA REDE MUNICIPAL DE ENSINO",/contratos/45751435000106/2026/318
45751435000106-2-000322/2026,,2026,322,45751435000106,MUNICIPIO DE PAULINIA,MUNICIPIO DE PAULINIA,Pregão - Eletrônico,Contrato (termo inicial),Edital,Divulgada no PNCP,False,2026-06-02T14:14:17.653328252,2026-06-02T14:14:17.744439077,2026-06-02,2026-06-02,2027-06-01,68900.0,,,,,Paulínia,SP,Municipal,Não se aplica,Contrato nº 331/2026,"CONTRATAÇÃO DE EMPRESA ESPECIALIZADA PARA PRESTAÇÃO DE SERVIÇOS DE MANUTENÇÃO, REVITALIZAÇÃO E ADEQUAÇÃO FUNCIONAL EM UMA CANCHA DE MALHA E DUAS CANCHAS DE BOCHA",/contratos/45751435000106/2026/322
45751435000106-2-000334/2026,,2026,334,45751435000106,MUNICIPIO DE PAULINIA,MUNICIPIO DE PAULINIA,Dispensa,Contrato (termo inicial),Ato que autoriza a Contratação Direta,Divulgada no PNCP,False,2026-06-11T12:49:52.878980905,2026-06-11T12:49:52.994969288,2026-06-03,2026-06-03,2026-10-02,1057190.51,,,,,Paulínia,SP,Municipal,Não se aplica,Contrato nº 332/2026,Contratação de serviço de instituição especializada para a construção do Plano de Recuperação e Revitalização de Próprios Municipais do Município de Paulínia.,/contratos/45751435000106/2026/334
45751435000106-2-000005/2026,,2026,5,45751435000106,MUNICIPIO DE PAULINIA,MUNICIPIO DE PAULINIA,Pregão - Eletrônico,Contrato (termo inicial),Edital,Divulgada no PNCP,False,2026-01-09T16:33:55.490317204,2026-01-09T16:33:55.490317204,2026-01-08,2026-01-08,2027-01-07,1151301.43,,,,,Paulínia,SP,Municipal,Não se aplica,Contrato nº 004/2026,REGISTRO DE PREÇOS PARA PRESTAÇÃO DE SERVIÇOS DE MANUTENÇÃO E CONSERVAÇÃO NOS RESERVATÓRIOS DE ÁGUA DOS IMÓVEIS OCUPADOS PELA REDE MUNICIPAL DE ENSINO,/contratos/45751435000106/2026/5
45751435000106-2-000114/2026,,2026,114,45751435000106,MUNICIPIO DE PAULINIA,MUNICIPIO DE PAULINIA,Inexigibilidade,Contrato (termo inicial),Ato que autoriza a Contratação Direta,Divulgada no PNCP,False,2026-03-13T17:53:23.535358326,2026-03-13T17:53:23.535358326,2026-03-13,2026-03-13,2026-04-11,50000.0,,,,,Paulínia,SP,Municipal,Não se aplica,Contrato nº 191/2026,"Prestação de serviços por meio de Carreta da Beleza Itinerante, com oferta gratuita de serviços de embelezamento e autocuidado às mulheres do Município de Paulínia/SP, em alusão ao Mês da Mulher.",/contratos/45751435000106/2026/114
45751435000106-2-000121/2026,,2026,121,45751435000106,MUNICIPIO DE PAULINIA,MUNICIPIO DE PAULINIA,Pregão - Eletrônico,Contrato (termo inicial),Edital,Divulgada no PNCP,False,2026-03-23T15:47:13.130395300,2026-03-23T15:47:13.130395300,2026-03-23,2026-03-23,2027-03-22,198000.0,,,,,Paulínia,SP,Municipal,Não se aplica,Contrato nº 219/2026,REGISTRO DE PREÇOS PARA CONTRATAÇÃO DE EMPRESA OU CONSÓRCIO DE EMPRESAS PARA PRESTAÇÃO DE SERVIÇOS ESPECIALIZADOS DE TOPOGRAFIA EM PRÓPRIOS MUNICIPAIS E ÁREAS PÚBLICAS,/contratos/45751435000106/2026/121
45751435000106-2-000125/2026,,2026,125,45751435000106,MUNICIPIO DE PAULINIA,MUNICIPIO DE PAULINIA,Pregão - Eletrônico,Contrato (termo inicial),Edital,Divulgada no PNCP,False,2026-03-24T14:44:50.462144915,2026-03-24T14:44:50.462144915,2026-03-23,2026-03-23,2027-03-22,389628.0,,,,,Paulínia,SP,Municipal,Não se aplica,Contrato nº 222/2026,"REGISTRO DE PREÇOS PARA CONTRATAÇÃO DE EMPRESA(S) PARA O FORNECIMENTO, POR MEIO DE LOCAÇÃO, DE VEÍCULOS, MÁQUINAS E EQUIPAMENTOS PESADOS COM OPERADORES",/contratos/45751435000106/2026/125
45751435000106-2-000198/2026,,2026,198,45751435000106,MUNICIPIO DE PAULINIA,MUNICIPIO DE PAULINIA,Inexigibilidade,Contrato (termo inicial),Ato que autoriza a Contratação Direta,Divulgada no PNCP,False,2026-03-30T16:13:46.866666375,2026-03-30T16:13:46.866666375,2026-03-23,2026-03-23,2027-03-22,103032.0,,,,,Paulínia,SP,Municipal,Não se aplica,Contrato nº 196/2026,"PROCESSO ADMINISTRATIVO DE CREDENCIAMENTO PÚBLICO, VISANDO A CONTRATAÇÃO DE PROFISSIONAIS INTERESSADOS EM DESENVOLVER PROJETOS/OFICINAS ESPORTIVAS E PRESTAR SERVIÇOS PARA A SECRETARIA MUNICIPAL DE ESPORTES.",/contratos/45751435000106/2026/198
45751435000106-2-000201/2026,,2026,201,45751435000106,MUNICIPIO DE PAULINIA,MUNICIPIO DE PAULINIA,Inexigibilidade,Contrato (termo inicial),Ato que autoriza a Contratação Direta,Divulgada no PNCP,False,2026-03-30T16:14:08.648959576,2026-03-30T16:14:08.648959576,2026-03-23,2026-03-23,2027-03-22,15454.8,,,,,Paulínia,SP,Municipal,Não se aplica,Contrato nº 199/2026,"PROCESSO ADMINISTRATIVO DE CREDENCIAMENTO PÚBLICO, VISANDO A CONTRATAÇÃO DE PROFISSIONAIS INTERESSADOS EM DESENVOLVER PROJETOS/OFICINAS ESPORTIVAS E PRESTAR SERVIÇOS PARA A SECRETARIA MUNICIPAL DE ESPORTES.",/contratos/45751435000106/2026/201
45751435000106-2-000202/2026,,2026,202,45751435000106,MUNICIPIO DE PAULINIA,MUNICIPIO DE PAULINIA,Inexigibilidade,Contrato (termo inicial),Ato que autoriza a Contratação Direta,Divulgada no PNCP,False,2026-03-30T16:14:14.904421828,2026-03-30T16:14:14.904421828,2026-03-23,2026-03-23,2027-03-22,51516.0,,,,,Paulínia,SP,Municipal,Não se aplica,Contrato nº 200/2026,"PROCESSO ADMINISTRATIVO DE CREDENCIAMENTO PÚBLICO, VISANDO A CONTRATAÇÃO DE PROFISSIONAIS INTERESSADOS EM DESENVOLVER PROJETOS/OFICINAS ESPORTIVAS E PRESTAR SERVIÇOS PARA A SECRETARIA MUNICIPAL DE ESPORTES.",/contratos/45751435000106/2026/202
45751435000106-2-000203/2026,,2026,203,45751435000106,MUNICIPIO DE PAULINIA,MUNICIPIO DE PAULINIA,Inexigibilidade,Contrato (termo inicial),Ato que autoriza a Contratação Direta,Divulgada no PNCP,False,2026-03-30T16:14:22.040147869,2026-03-30T16:14:22.040147869,2026-03-23,2026-03-23,2027-03-22,51516.0,,,,,Paulínia,SP,Municipal,Não se aplica,Contrato nº 201/2026,"PROCESSO ADMINISTRATIVO DE CREDENCIAMENTO PÚBLICO, VISANDO A CONTRATAÇÃO DE PROFISSIONAIS INTERESSADOS EM DESENVOLVER PROJETOS/OFICINAS ESPORTIVAS E PRESTAR SERVIÇOS PARA A SECRETARIA MUNICIPAL DE ESPORTES.",/contratos/45751435000106/2026/203
45751435000106-2-000204/2026,,2026,204,45751435000106,MUNICIPIO DE PAULINIA,MUNICIPIO DE PAULINIA,Inexigibilidade,Contrato (termo inicial),Ato que autoriza a Contratação Direta,Divulgada no PNCP,False,2026-03-30T16:14:30.200334393,2026-03-30T16:14:30.200334393,2026-03-23,2026-03-23,2027-03-22,51516.0,,,,,Paulínia,SP,Municipal,Não se aplica,Contrato nº 202/2026,"PROCESSO ADMINISTRATIVO DE CREDENCIAMENTO PÚBLICO, VISANDO A CONTRATAÇÃO DE PROFISSIONAIS INTERESSADOS EM DESENVOLVER PROJETOS/OFICINAS ESPORTIVAS E PRESTAR SERVIÇOS PARA A SECRETARIA MUNICIPAL DE ESPORTES.",/contratos/45751435000106/2026/204
45751435000106-2-000205/2026,,2026,205,45751435000106,MUNICIPIO DE PAULINIA,MUNICIPIO DE PAULINIA,Inexigibilidade,Contrato (termo inicial),Ato que autoriza a Contratação Direta,Divulgada no PNCP,False,2026-03-30T16:14:42.232481782,2026-03-30T16:14:42.232481782,2026-03-23,2026-03-23,2027-03-22,51516.0,,,,,Paulínia,SP,Municipal,Não se aplica,Contrato nº 203/2026,"PROCESSO ADMINISTRATIVO DE CREDENCIAMENTO PÚBLICO, VISANDO A CONTRATAÇÃO DE PROFISSIONAIS INTERESSADOS EM DESENVOLVER PROJETOS/OFICINAS ESPORTIVAS E PRESTAR SERVIÇOS PARA A SECRETARIA MUNICIPAL DE ESPORTES.",/contratos/45751435000106/2026/205
45751435000106-2-000206/2026,,2026,206,45751435000106,MUNICIPIO DE PAULINIA,MUNICIPIO DE PAULINIA,Inexigibilidade,Contrato (termo inicial),Ato que autoriza a Contratação Direta,Divulgada no PNCP,False,2026-03-30T16:15:06.019634761,2026-03-30T16:15:06.019634761,2026-03-23,2026-03-23,2027-03-22,103032.0,,,,,Paulínia,SP,Municipal,Não se aplica,Contrato nº 205/2026,"PROCESSO ADMINISTRATIVO DE CREDENCIAMENTO PÚBLICO, VISANDO A CONTRATAÇÃO DE PROFISSIONAIS INTERESSADOS EM DESENVOLVER PROJETOS/OFICINAS ESPORTIVAS E PRESTAR SERVIÇOS PARA A SECRETARIA MUNICIPAL DE ESPORTES.",/contratos/45751435000106/2026/206
45751435000106-2-000207/2026,,2026,207,45751435000106,MUNICIPIO DE PAULINIA,MUNICIPIO DE PAULINIA,Inexigibilidade,Contrato (termo inicial),Ato que autoriza a Contratação Direta,Divulgada no PNCP,False,2026-03-30T16:15:19.044342167,2026-03-30T16:15:19.044342167,2026-03-23,2026-03-23,2027-03-22,25758.0,,,,,Paulínia,SP,Municipal,Não se aplica,Contrato nº 206/2026,"PROCESSO ADMINISTRATIVO DE CREDENCIAMENTO PÚBLICO, VISANDO A CONTRATAÇÃO DE PROFISSIONAIS INTERESSADOS EM DESENVOLVER PROJETOS/OFICINAS ESPORTIVAS E PRESTAR SERVIÇOS PARA A SECRETARIA MUNICIPAL DE ESPORTES.",/contratos/45751435000106/2026/207
45751435000106-2-000208/2026,,2026,208,45751435000106,MUNICIPIO DE PAULINIA,MUNICIPIO DE PAULINIA,Inexigibilidade,Contrato (termo inicial),Ato que autoriza a Contratação Direta,Divulgada no PNCP,False,2026-03-30T16:15:26.138529649,2026-03-30T16:15:26.138529649,2026-03-23,2026-03-23,2027-03-22,103032.0,,,,,Paulínia,SP,Municipal,Não se aplica,Contrato nº 207/2026,"PROCESSO ADMINISTRATIVO DE CREDENCIAMENTO PÚBLICO, VISANDO A CONTRATAÇÃO DE PROFISSIONAIS INTERESSADOS EM DESENVOLVER PROJETOS/OFICINAS ESPORTIVAS E PRESTAR SERVIÇOS PARA A SECRETARIA MUNICIPAL DE ESPORTES.",/contratos/45751435000106/2026/208
45751435000106-2-000210/2026,,2026,210,45751435000106,MUNICIPIO DE PAULINIA,MUNICIPIO DE PAULINIA,Inexigibilidade,Contrato (termo inicial),Ato que autoriza a Contratação Direta,Divulgada no PNCP,False,2026-03-30T16:15:39.725216208,2026-03-30T16:15:39.725216208,2026-03-23,2026-03-23,2027-03-22,51516.0,,,,,Paulínia,SP,Municipal,Não se aplica,Contrato nº 209/2026,"PROCESSO ADMINISTRATIVO DE CREDENCIAMENTO PÚBLICO, VISANDO A CONTRATAÇÃO DE PROFISSIONAIS INTERESSADOS EM DESENVOLVER PROJETOS/OFICINAS ESPORTIVAS E PRESTAR SERVIÇOS PARA A SECRETARIA MUNICIPAL DE ESPORTES.",/contratos/45751435000106/2026/210
45751435000106-2-000212/2026,,2026,212,45751435000106,MUNICIPIO DE PAULINIA,MUNICIPIO DE PAULINIA,Inexigibilidade,Contrato (termo inicial),Ato que autoriza a Contratação Direta,Divulgada no PNCP,False,2026-03-30T16:15:53.373311797,2026-03-30T16:15:53.373311797,2026-03-23,2026-03-23,2027-03-22,97880.4,,,,,Paulínia,SP,Municipal,Não se aplica,Contrato nº 211/2026,"PROCESSO ADMINISTRATIVO DE CREDENCIAMENTO PÚBLICO, VISANDO A CONTRATAÇÃO DE PROFISSIONAIS INTERESSADOS EM DESENVOLVER PROJETOS/OFICINAS ESPORTIVAS E PRESTAR SERVIÇOS PARA A SECRETARIA MUNICIPAL DE ESPORTES.",/contratos/45751435000106/2026/212
45751435000106-2-000214/2026,,2026,214,45751435000106,MUNICIPIO DE PAULINIA,MUNICIPIO DE PAULINIA,Inexigibilidade,Contrato (termo inicial),Ato que autoriza a Contratação Direta,Divulgada no PNCP,False,2026-03-30T16:16:06.569784587,2026-03-30T16:16:06.569784587,2026-03-23,2026-03-23,2027-03-22,51516.0,,,,,Paulínia,SP,Municipal,Não se aplica,Contrato nº 214/2026,"PROCESSO ADMINISTRATIVO DE CREDENCIAMENTO PÚBLICO, VISANDO A CONTRATAÇÃO DE PROFISSIONAIS INTERESSADOS EM DESENVOLVER PROJETOS/OFICINAS ESPORTIVAS E PRESTAR SERVIÇOS PARA A SECRETARIA MUNICIPAL DE ESPORTES.",/contratos/45751435000106/2026/214
45751435000106-2-000215/2026,,2026,215,45751435000106,MUNICIPIO DE PAULINIA,MUNICIPIO DE PAULINIA,Inexigibilidade,Contrato (termo inicial),Ato que autoriza a Contratação Direta,Divulgada no PNCP,False,2026-03-30T16:19:25.696661661,2026-03-30T16:19:25.696661661,2026-03-23,2026-03-23,2027-03-22,51516.0,,,,,Paulínia,SP,Municipal,Não se aplica,Contrato nº 204/2026,"PROCESSO ADMINISTRATIVO DE CREDENCIAMENTO PÚBLICO, VISANDO A CONTRATAÇÃO DE PROFISSIONAIS INTERESSADOS EM DESENVOLVER PROJETOS/OFICINAS ESPORTIVAS E PRESTAR SERVIÇOS PARA A SECRETARIA MUNICIPAL DE ESPORTES.",/contratos/45751435000106/2026/215
45751435000106-2-000216/2026,,2026,216,45751435000106,MUNICIPIO DE PAULINIA,MUNICIPIO DE PAULINIA,Inexigibilidade,Contrato (termo inicial),Ato que autoriza a Contratação Direta,Divulgada no PNCP,False,2026-03-30T16:19:44.990888860,2026-03-30T16:19:44.990888860,2026-03-20,2026-03-23,2027-03-22,51516.0,,,,,Paulínia,SP,Municipal,Não se aplica,Contrato nº 215/2026,"PROCESSO ADMINISTRATIVO DE CREDENCIAMENTO PÚBLICO, VISANDO A CONTRATAÇÃO DE PROFISSIONAIS INTERESSADOS EM DESENVOLVER PROJETOS/OFICINAS ESPORTIVAS E PRESTAR SERVIÇOS PARA A SECRETARIA MUNICIPAL DE ESPORTES.",/contratos/45751435000106/2026/216
45751435000106-2-000217/2026,,2026,217,45751435000106,MUNICIPIO DE PAULINIA,MUNICIPIO DE PAULINIA,Inexigibilidade,Contrato (termo inicial),Ato que autoriza a Contratação Direta,Divulgada no PNCP,False,2026-03-30T16:19:54.938542314,2026-03-30T16:19:54.938542314,2026-03-20,2026-03-23,2027-03-22,51516.0,,,,,Paulínia,SP,Municipal,Não se aplica,Contrato nº 216/2026,"PROCESSO ADMINISTRATIVO DE CREDENCIAMENTO PÚBLICO, VISANDO A CONTRATAÇÃO DE PROFISSIONAIS INTERESSADOS EM DESENVOLVER PROJETOS/OFICINAS ESPORTIVAS E PRESTAR SERVIÇOS PARA A SECRETARIA MUNICIPAL DE ESPORTES.",/contratos/45751435000106/2026/217
45751435000106-2-000225/2026,,2026,225,45751435000106,MUNICIPIO DE PAULINIA,MUNICIPIO DE PAULINIA,Inexigibilidade,Contrato (termo inicial),Ato que autoriza a Contratação Direta,Divulgada no PNCP,False,2026-04-09T15:34:38.500460197,2026-04-09T15:34:38.500460197,2026-04-09,2026-04-09,2027-04-08,31440.0,,,,,Paulínia,SP,Municipal,Não se aplica,Contrato nº 238/2026,"CONTRATAÇÃO DE PROFISSIONAL COM NOTÁVEL SABER PARA MINISTRAR CAPACITAÇÃO CONTINUADA EM EDUCAÇÃO FÍSICA ADAPTADA, A SER MINISTRADO PELA PROFISSIONAL THÁLITA GONÇALVES.",/contratos/45751435000106/2026/225
45751435000106-2-000247/2026,,2026,247,45751435000106,MUNICIPIO DE PAULINIA,MUNICIPIO DE PAULINIA,Dispensa,Contrato (termo inicial),Aviso de Contratação Direta,Divulgada no PNCP,False,2026-04-27T15:39:05.111733678,2026-04-27T15:39:05.111733678,2026-04-27,2026-04-27,2027-04-26,2730.0,,,,,Paulínia,SP,Municipal,Não se aplica,Contrato nº 275/2026,"Aquisição de carnes bovina e de aves para dieta dos animais do Parque Ecológico Municipal Armando Muller do município de Paulínia, de forma parcelada.",/contratos/45751435000106/2026/247
45751435000106-2-000248/2026,,2026,248,45751435000106,MUNICIPIO DE PAULINIA,MUNICIPIO DE PAULINIA,Dispensa,Contrato (termo inicial),Aviso de Contratação Direta,Divulgada no PNCP,False,2026-04-27T16:01:05.933421274,2026-04-27T16:01:05.933421274,2026-04-27,2026-04-27,2027-04-26,15798.0,,,,,Paulínia,SP,Municipal,Não se aplica,Contrato nº 276/2026,"Aquisição de carnes (bovina e aves) para dieta dos animais do Parque Ecológico Municipal Armando Muller do município de Paulínia, de forma parcelada.",/contratos/45751435000106/2026/248
45751435000106-2-000273/2026,,2026,273,45751435000106,MUNICIPIO DE PAULINIA,MUNICIPIO DE PAULINIA,Inexigibilidade,Contrato (termo inicial),Ato que autoriza a Contratação Direta,Divulgada no PNCP,False,2026-04-30T15:23:40.086631749,2026-04-30T15:23:40.086631749,2026-04-30,2026-05-04,2027-05-03,90153.0,,,,,Paulínia,SP,Municipal,Não se aplica,Contrato nº 284/2026,"PROCESSO ADMINISTRATIVO DE CREDENCIAMENTO PÚBLICO, VISANDO A CONTRATAÇÃO DE PROFISSIONAIS INTERESSADOS EM DESENVOLVER PROJETOS/OFICINAS ESPORTIVAS E PRESTAR SERVIÇOS PARA A SECRETARIA MUNICIPAL DE ESPORTES.",/contratos/45751435000106/2026/273
45751435000106-2-000274/2026,,2026,274,45751435000106,MUNICIPIO DE PAULINIA,MUNICIPIO DE PAULINIA,Inexigibilidade,Contrato (termo inicial),Ato que autoriza a Contratação Direta,Divulgada no PNCP,False,2026-04-30T15:23:48.222686808,2026-04-30T15:23:48.222686808,2026-04-30,2026-05-04,2027-05-03,79849.8,,,,,Paulínia,SP,Municipal,Não se aplica,Contrato nº 285/2026,"PROCESSO ADMINISTRATIVO DE CREDENCIAMENTO PÚBLICO, VISANDO A CONTRATAÇÃO DE PROFISSIONAIS INTERESSADOS EM DESENVOLVER PROJETOS/OFICINAS ESPORTIVAS E PRESTAR SERVIÇOS PARA A SECRETARIA MUNICIPAL DE ESPORTES.",/contratos/45751435000106/2026/274
45751435000106-2-000277/2026,,2026,277,45751435000106,MUNICIPIO DE PAULINIA,MUNICIPIO DE PAULINIA,Inexigibilidade,Contrato (termo inicial),Ato que autoriza a Contratação Direta,Divulgada no PNCP,False,2026-04-30T15:25:57.963838312,2026-04-30T15:25:57.963838312,2026-04-30,2026-05-04,2027-05-03,51516.0,,,,,Paulínia,SP,Municipal,Não se aplica,Contrato nº 286/2026,"PROCESSO ADMINISTRATIVO DE CREDENCIAMENTO PÚBLICO, VISANDO A CONTRATAÇÃO DE PROFISSIONAIS INTERESSADOS EM DESENVOLVER PROJETOS/OFICINAS ESPORTIVAS E PRESTAR SERVIÇOS PARA A SECRETARIA MUNICIPAL DE ESPORTES.",/contratos/45751435000106/2026/277
45751435000106-2-000291/2026,,2026,291,45751435000106,MUNICIPIO DE PAULINIA,MUNICIPIO DE PAULINIA,Pregão - Eletrônico,Contrato (termo inicial),Edital,Divulgada no PNCP,False,2026-05-07T15:24:15.388343146,2026-05-07T15:24:15.388343146,2026-05-07,2026-05-07,2027-05-06,306245.01,,,,,Paulínia,SP,Municipal,Não se aplica,Contrato nº 301/2026,REGISTRO DE PREÇOS PARA PRESTAÇÃO DE SERVIÇOS DE MANUTENÇÃO E CONSERVAÇÃO NOS RESERVATÓRIOS DE ÁGUA DOS IMÓVEIS OCUPADOS PELA REDE MUNICIPAL DE ENSINO,/contratos/45751435000106/2026/291
45751435000106-2-000297/2026,,2026,297,45751435000106,MUNICIPIO DE PAULINIA,MUNICIPIO DE PAULINIA,Inexigibilidade,Contrato (termo inicial),Ato que autoriza a Contratação Direta,Divulgada no PNCP,False,2026-05-12T12:35:22.352583869,2026-05-12T12:35:22.428399761,2026-05-11,2026-05-11,2027-05-10,28333.8,,,,,Paulínia,SP,Municipal,Não se aplica,Contrato nº 307/2026,"PROCESSO ADMINISTRATIVO DE CREDENCIAMENTO PÚBLICO, VISANDO A CONTRATAÇÃO DE PROFISSIONAIS INTERESSADOS EM DESENVOLVER PROJETOS/OFICINAS ESPORTIVAS E PRESTAR SERVIÇOS PARA A SECRETARIA MUNICIPAL DE ESPORTES.",/contratos/45751435000106/2026/297
45751435000106-2-000303/2026,,2026,303,45751435000106,MUNICIPIO DE PAULINIA,MUNICIPIO DE PAULINIA,Inexigibilidade,Contrato (termo inicial),Ato que autoriza a Contratação Direta,Divulgada no PNCP,False,2026-05-15T15:34:51.934743776,2026-05-15T15:34:52.176114295,2026-05-15,2026-05-15,2026-08-12,7000.0,,,,,Paulínia,SP,Municipal,Não se aplica,Contrato nº 314/2026,"Contratação de profissional especializado para a realização de palestra formativa no contexto do lançamento e mobilização institucional do ""Plano Municipal da Primeira Infância de Paulínia"".",/contratos/45751435000106/2026/303
45751435000106-2-000331/2026,,2026,331,45751435000106,MUNICIPIO DE PAULINIA,MUNICIPIO DE PAULINIA,Concorrência - Eletrônica,Contrato (termo inicial),Edital,Divulgada no PNCP,False,2026-06-10T16:14:18.127449061,2026-06-10T16:14:18.230501380,2026-06-10,2026-06-10,2028-06-09,1069955.0,,,,,Paulínia,SP,Municipal,Não se aplica,Contrato nº 340/2026,CONTRATAÇÃO DE EMPRESA OU CONSORCIO DE 02 (DUAS) EMPRESAS PARA ELABORAÇÃO DE PROJETOS E PEÇAS TÉCNICAS PARA REFORMAS E NOVAS EDIFICAÇÕES NO MUNICÍPIO DE PAULÍNIA,/contratos/45751435000106/2026/331
45751435000106-2-000023/2026,,2026,23,45751435000106,MUNICIPIO DE PAULINIA,MUNICIPIO DE PAULINIA,Dispensa,Contrato (termo inicial),Ato que autoriza a Contratação Direta,Divulgada no PNCP,False,2026-01-21T11:27:23.894842313,2026-01-21T11:27:23.894842313,2026-01-14,2026-01-21,2026-07-20,1595200.0,,,,,Paulínia,SP,Municipal,Não se aplica,Contrato nº 032/2026,"Plano Municipal de Habitação, proposta de um modelo de política habitacional para o município de Paulínia com vistas a eliminar e ou reduzir o déficit habitacional existente.",/contratos/45751435000106/2026/23
45751435000106-2-000105/2026,,2026,105,45751435000106,MUNICIPIO DE PAULINIA,MUNICIPIO DE PAULINIA,Inexigibilidade,Contrato (termo inicial),Ato que autoriza a Contratação Direta,Divulgada no PNCP,False,2026-03-11T07:48:52.346442110,2026-03-11T07:48:52.346442110,2026-03-09,2026-03-09,2027-03-08,15982.72,,,,,Paulínia,SP,Municipal,Não se aplica,Contrato nº 182/2026,"CONTRATAÇÃO DE SERVIÇO TÉCNICO ESPECIALIZADO PARA EMISSÃO DE PARECERES TÉCNICOS DE CURSOS TÉCNICOS MUNICIPAIS, CONFORME DELIBERAÇÃO CEE Nº 207/2022.",/contratos/45751435000106/2026/105
45751435000106-2-000199/2026,,2026,199,45751435000106,MUNICIPIO DE PAULINIA,MUNICIPIO DE PAULINIA,Inexigibilidade,Contrato (termo inicial),Ato que autoriza a Contratação Direta,Divulgada no PNCP,False,2026-03-30T16:13:54.490727681,2026-03-30T16:13:54.490727681,2026-03-23,2026-03-23,2027-03-22,90153.0,,,,,Paulínia,SP,Municipal,Não se aplica,Contrato nº 197/2026,"PROCESSO ADMINISTRATIVO DE CREDENCIAMENTO PÚBLICO, VISANDO A CONTRATAÇÃO DE PROFISSIONAIS INTERESSADOS EM DESENVOLVER PROJETOS/OFICINAS ESPORTIVAS E PRESTAR SERVIÇOS PARA A SECRETARIA MUNICIPAL DE ESPORTES.",/contratos/45751435000106/2026/199
45751435000106-2-000200/2026,,2026,200,45751435000106,MUNICIPIO DE PAULINIA,MUNICIPIO DE PAULINIA,Inexigibilidade,Contrato (termo inicial),Ato que autoriza a Contratação Direta,Divulgada no PNCP,False,2026-03-30T16:14:01.445379493,2026-03-30T16:14:01.445379493,2026-03-23,2026-03-23,2027-03-22,51516.0,,,,,Paulínia,SP,Municipal,Não se aplica,Contrato nº 198/2026,"PROCESSO ADMINISTRATIVO DE CREDENCIAMENTO PÚBLICO, VISANDO A CONTRATAÇÃO DE PROFISSIONAIS INTERESSADOS EM DESENVOLVER PROJETOS/OFICINAS ESPORTIVAS E PRESTAR SERVIÇOS PARA A SECRETARIA MUNICIPAL DE ESPORTES.",/contratos/45751435000106/2026/200
45751435000106-2-000209/2026,,2026,209,45751435000106,MUNICIPIO DE PAULINIA,MUNICIPIO DE PAULINIA,Inexigibilidade,Contrato (termo inicial),Ato que autoriza a Contratação Direta,Divulgada no PNCP,False,2026-03-30T16:15:32.914881893,2026-03-30T16:15:32.914881893,2026-03-23,2026-03-23,2027-03-22,64395.0,,,,,Paulínia,SP,Municipal,Não se aplica,Contrato nº 208/2026,"PROCESSO ADMINISTRATIVO DE CREDENCIAMENTO PÚBLICO, VISANDO A CONTRATAÇÃO DE PROFISSIONAIS INTERESSADOS EM DESENVOLVER PROJETOS/OFICINAS ESPORTIVAS E PRESTAR SERVIÇOS PARA A SECRETARIA MUNICIPAL DE ESPORTES.",/contratos/45751435000106/2026/209
45751435000106-2-000211/2026,,2026,211,45751435000106,MUNICIPIO DE PAULINIA,MUNICIPIO DE PAULINIA,Inexigibilidade,Contrato (termo inicial),Ato que autoriza a Contratação Direta,Divulgada no PNCP,False,2026-03-30T16:15:46.461811464,2026-03-30T16:15:46.461811464,2026-03-23,2026-03-23,2027-03-22,25758.0,,,,,Paulínia,SP,Municipal,Não se aplica,Contrato nº 210/2026,"PROCESSO ADMINISTRATIVO DE CREDENCIAMENTO PÚBLICO, VISANDO A CONTRATAÇÃO DE PROFISSIONAIS INTERESSADOS EM DESENVOLVER PROJETOS/OFICINAS ESPORTIVAS E PRESTAR SERVIÇOS PARA A SECRETARIA MUNICIPAL DE ESPORTES.",/contratos/45751435000106/2026/211
45751435000106-2-000213/2026,,2026,213,45751435000106,MUNICIPIO DE PAULINIA,MUNICIPIO DE PAULINIA,Inexigibilidade,Contrato (termo inicial),Ato que autoriza a Contratação Direta,Divulgada no PNCP,False,2026-03-30T16:15:59.283917679,2026-03-30T16:15:59.283917679,2026-03-23,2026-03-23,2027-03-22,51516.0,,,,,Paulínia,SP,Municipal,Não se aplica,Contrato nº 212/2026,"PROCESSO ADMINISTRATIVO DE CREDENCIAMENTO PÚBLICO, VISANDO A CONTRATAÇÃO DE PROFISSIONAIS INTERESSADOS EM DESENVOLVER PROJETOS/OFICINAS ESPORTIVAS E PRESTAR SERVIÇOS PARA A SECRETARIA MUNICIPAL DE ESPORTES.",/contratos/45751435000106/2026/213
45751435000106-2-000221/2026,,2026,221,45751435000106,MUNICIPIO DE PAULINIA,MUNICIPIO DE PAULINIA,Dispensa,Contrato (termo inicial),Aviso de Contratação Direta,Divulgada no PNCP,False,2026-04-01T11:14:35.562569912,2026-04-01T11:14:35.562569912,2026-04-01,2026-04-01,2026-06-29,52300.0,,,,,Paulínia,SP,Municipal,Não se aplica,Contrato nº 233/2026,"Contratação de apresentação artística temática de Páscoa, composta por personagens caracterizados, figurinos especiais, cenografia móvel e apresentação teatral e musical, para composição da programação oficial do Evento de Páscoa 2026.",/contratos/45751435000106/2026/221
45751435000106-2-000224/2026,,2026,224,45751435000106,MUNICIPIO DE PAULINIA,MUNICIPIO DE PAULINIA,Inexigibilidade,Contrato (termo inicial),Ato que autoriza a Contratação Direta,Divulgada no PNCP,False,2026-04-07T12:06:54.334165333,2026-04-07T12:06:54.334165333,2026-04-07,2026-04-07,2026-08-04,40845.0,,,,,Paulínia,SP,Municipal,Não se aplica,Contrato nº 237/2026,"Contratação de inscrições em curso para treinamento e aperfeiçoamento de Contratação Direta na Lei 14.133 Segurança Jurídica e Aplicação Prática, para servidores que atuam na área de contratação.",/contratos/45751435000106/2026/224
45751435000106-2-000229/2026,,2026,229,45751435000106,MUNICIPIO DE PAULINIA,MUNICIPIO DE PAULINIA,Inexigibilidade,Contrato (termo inicial),Ato que autoriza a Contratação Direta,Divulgada no PNCP,False,2026-04-14T09:30:37.229288246,2026-04-14T09:30:37.229288246,2026-04-14,2026-04-14,2027-04-13,219500.0,,,,,Paulínia,SP,Municipal,Não se aplica,Contrato nº 241/2026,Prestação de serviço especializado voltado ao fortalecimento do trabalho social no SUAS para equipes de gestão e da proteção social básica e especial do município de Paulínia.,/contratos/45751435000106/2026/229
45751435000106-2-000244/2026,,2026,244,45751435000106,MUNICIPIO DE PAULINIA,MUNICIPIO DE PAULINIA,Pregão - Eletrônico,Contrato (termo inicial),Edital,Divulgada no PNCP,False,2026-04-27T10:46:35.228909227,2026-04-27T10:46:35.228909227,2026-04-24,2026-04-24,2027-04-23,401933.83,,,,,Paulínia,SP,Municipal,Não se aplica,Contrato nº 273/2026,REGISTRO DE PREÇOS PARA FUTURA E EVENTUAL AQUISIÇÃO DE KITS DE UNIFORMES ESCOLARES PARA SEREM ENTREGUES AOS ALUNOS DA REDE MUNICIPAL DE ENSINO DE PAULÍNIA E PROEB,/contratos/45751435000106/2026/244
45751435000106-2-000253/2026,,2026,253,45751435000106,MUNICIPIO DE PAULINIA,MUNICIPIO DE PAULINIA,Dispensa,Contrato (termo inicial),Aviso de Contratação Direta,Divulgada no PNCP,False,2026-04-28T14:17:27.688210204,2026-04-28T14:17:27.688210204,2026-04-28,2026-04-28,2027-04-27,25000.0,,,,,Paulínia,SP,Municipal,Não se aplica,Contrato nº 281/2026,"AQUISIÇÃO DE RAIAS OLIMPICAS COM CABOS DE AÇO PARA PISCINA DO COMPLEXO POLIESPORTIVO ETTORI DI BLASIO, ATENDENDO ÀS EXIGÊNCIAS DE COMPETIÇÕES OFICIAIS.",/contratos/45751435000106/2026/253
45751435000106-2-000268/2026,,2026,268,45751435000106,MUNICIPIO DE PAULINIA,MUNICIPIO DE PAULINIA,Inexigibilidade,Contrato (termo inicial),Ato que autoriza a Contratação Direta,Divulgada no PNCP,False,2026-04-28T17:37:42.026351714,2026-04-28T17:37:42.026351714,2026-04-22,2026-04-22,2027-04-21,83312.0,,,,,Paulínia,SP,Municipal,Não se aplica,Contrato nº 267/2026,"CREDENCIAMENTO PÚBLICO VISANDO A CONTRATAÇÃO DE PROFISSIONAIS INTERESSADOS EM PRESTAR SERVIÇOS DE OFICINEIROS NAS ÁREAS DE TEATRO, CIRCO, FOTOGRAFIA, DANÇA E MÚSICA PARA A SECRETARIA MUNICIPAL DE CULTURA, TURISMO E EVENTOS",/contratos/45751435000106/2026/268
45751435000106-2-000275/2026,,2026,275,45751435000106,MUNICIPIO DE PAULINIA,MUNICIPIO DE PAULINIA,Inexigibilidade,Contrato (termo inicial),Ato que autoriza a Contratação Direta,Divulgada no PNCP,False,2026-04-30T15:24:03.737446470,2026-04-30T15:24:03.737446470,2026-04-30,2026-05-04,2027-05-03,10303.2,,,,,Paulínia,SP,Municipal,Não se aplica,Contrato nº 287/2026,"PROCESSO ADMINISTRATIVO DE CREDENCIAMENTO PÚBLICO, VISANDO A CONTRATAÇÃO DE PROFISSIONAIS INTERESSADOS EM DESENVOLVER PROJETOS/OFICINAS ESPORTIVAS E PRESTAR SERVIÇOS PARA A SECRETARIA MUNICIPAL DE ESPORTES.",/contratos/45751435000106/2026/275
45751435000106-2-000276/2026,,2026,276,45751435000106,MUNICIPIO DE PAULINIA,MUNICIPIO DE PAULINIA,Inexigibilidade,Contrato (termo inicial),Ato que autoriza a Contratação Direta,Divulgada no PNCP,False,2026-04-30T15:24:12.822775456,2026-04-30T15:24:12.822775456,2026-04-30,2026-05-04,2027-05-03,51516.0,,,,,Paulínia,SP,Municipal,Não se aplica,Contrato nº 288/2026,"PROCESSO ADMINISTRATIVO DE CREDENCIAMENTO PÚBLICO, VISANDO A CONTRATAÇÃO DE PROFISSIONAIS INTERESSADOS EM DESENVOLVER PROJETOS/OFICINAS ESPORTIVAS E PRESTAR SERVIÇOS PARA A SECRETARIA MUNICIPAL DE ESPORTES.",/contratos/45751435000106/2026/276
45751435000106-2-000321/2026,,2026,321,45751435000106,MUNICIPIO DE PAULINIA,MUNICIPIO DE PAULINIA,Inexigibilidade,Contrato (termo inicial),Ato que autoriza a Contratação Direta,Divulgada no PNCP,False,2026-06-02T11:56:11.742113676,2026-06-02T11:56:11.845263717,2026-06-01,2026-06-01,2027-05-31,12500.0,,,,,Paulínia,SP,Municipal,Não se aplica,Contrato nº 329/2026,"CONTRATAÇÃO DE EMPRESA ESPECIALIZADA PARA MINISTRAR CURSO DE FORMAÇÃO DE INSTRUTORES/MULTIPICADORES DE TECNOLOGIAS NÃO LETAIS, TNL E SPARK, DESTINADO A FORMAÇÃO DE 5 GUARDAS MUNICIPAIS.",/contratos/45751435000106/2026/321
45751435000106-2-000326/2026,,2026,326,45751435000106,MUNICIPIO DE PAULINIA,MUNICIPIO DE PAULINIA,Pregão - Eletrônico,Contrato (termo inicial),Edital,Divulgada no PNCP,False,2026-06-09T14:49:48.486214168,2026-06-09T14:49:48.571668275,2026-06-09,2026-06-09,2027-06-08,202460.5,,,,,Paulínia,SP,Municipal,Não se aplica,Contrato nº 335/2026,"REGISTRO DE PREÇOS PARA AQUISIÇÃO DE PRÓTESE DE QUADRIL CERÂMICA PARA USO EM CIRURGIAS DE MÉDIA E ALTA COMPLEXIDADE, BEM COMO EM CIRURGIAS ORTOPÉDICAS.",/contratos/45751435000106/2026/326
45751435000106-2-000329/2026,,2026,329,45751435000106,MUNICIPIO DE PAULINIA,MUNICIPIO DE PAULINIA,Concorrência - Eletrônica,Contrato (termo inicial),Edital,Divulgada no PNCP,False,2026-06-10T14:58:25.183122679,2026-06-10T14:58:25.304730925,2026-06-10,2026-06-10,2028-06-09,459000.0,,,,,Paulínia,SP,Municipal,Não se aplica,Contrato nº 338/2026,CONTRATAÇÃO DE EMPRESA OU CONSORCIO DE 02 (DUAS) EMPRESAS PARA ELABORAÇÃO DE PROJETOS E PEÇAS TÉCNICAS PARA REFORMAS E NOVAS EDIFICAÇÕES NO MUNICÍPIO DE PAULÍNIA,/contratos/45751435000106/2026/329
45751435000106-2-000330/2026,,2026,330,45751435000106,MUNICIPIO DE PAULINIA,MUNICIPIO DE PAULINIA,Concorrência - Eletrônica,Contrato (termo inicial),Edital,Divulgada no PNCP,False,2026-06-10T15:28:22.907444561,2026-06-10T15:28:22.995438696,2026-06-10,2026-06-10,2028-06-09,278832.0,,,,,Paulínia,SP,Municipal,Não se aplica,Contrato nº 339/2026,CONTRATAÇÃO DE EMPRESA OU CONSORCIO DE 02 (DUAS) EMPRESAS PARA ELABORAÇÃO DE PROJETOS E PEÇAS TÉCNICAS PARA REFORMAS E NOVAS EDIFICAÇÕES NO MUNICÍPIO DE PAULÍNIA,/contratos/45751435000106/2026/330
45751435000106-2-000066/2026,,2026,66,45751435000106,MUNICIPIO DE PAULINIA,MUNICIPIO DE PAULINIA,Dispensa,Contrato (termo inicial),Aviso de Contratação Direta,Divulgada no PNCP,False,2026-02-05T11:49:11.956682364,2026-02-05T11:49:11.956682364,2026-02-05,2026-02-05,2027-02-04,19400.0,,,,,Paulínia,SP,Municipal,Não se aplica,Contrato nº 061/2026,"CONTRATAÇÃO DE EMPRESA ESPECIALIZADA PARA A PRESTAÇÃO DE SERVIÇOS DE MANUTENÇÃO, LIMPEZA E DESINFECÇÃO DE 35 CAIXAS DE ÁGUA LOCALIZADAS EM GINÁSIOS, PRAÇAS E CENTROS ESPORTIVOS VINCULADOS À SECRETARIA DE ESPORTES.",/contratos/45751435000106/2026/66
45751435000106-2-000082/2026,,2026,82,45751435000106,MUNICIPIO DE PAULINIA,MUNICIPIO DE PAULINIA,Pregão - Eletrônico,Contrato (termo inicial),Edital,Divulgada no PNCP,False,2026-02-20T09:32:11.827322357,2026-02-20T09:32:11.827322357,2026-02-19,2026-02-19,2027-02-18,699989.28,,,,,Paulínia,SP,Municipal,Não se aplica,Contrato nº 100/2026," CONTRATAÇÃO DE EMPRESA ESPECIALIZADA OU CONSÓRCIO DE EMPRESAS PARA PRESTAÇÃO DE SERVIÇOS DE MANUTENÇÃO PREDIAL, CONSERVAÇÃO, REFORMA E PEQUENOS REPAROS NOS IMÓVEIS OCUPADOS PELA SECRETARIA MUNICIPAL DE SAÚDE",/contratos/45751435000106/2026/82
45751435000106-2-000083/2026,,2026,83,45751435000106,MUNICIPIO DE PAULINIA,MUNICIPIO DE PAULINIA,Pregão - Eletrônico,Contrato (termo inicial),Edital,Divulgada no PNCP,False,2026-02-20T09:34:25.581840191,2026-02-20T09:34:25.581840191,2026-02-19,2026-02-19,2027-02-18,399990.69,,,,,Paulínia,SP,Municipal,Não se aplica,Contrato nº 101/2026," CONTRATAÇÃO DE EMPRESA ESPECIALIZADA OU CONSÓRCIO DE EMPRESAS PARA PRESTAÇÃO DE SERVIÇOS DE MANUTENÇÃO PREDIAL, CONSERVAÇÃO, REFORMA E PEQUENOS REPAROS NOS IMÓVEIS OCUPADOS PELA SECRETARIA MUNICIPAL DE SAÚDE",/contratos/45751435000106/2026/83
45751435000106-2-000084/2026,,2026,84,45751435000106,MUNICIPIO DE PAULINIA,MUNICIPIO DE PAULINIA,Pregão - Eletrônico,Contrato (termo inicial),Edital,Divulgada no PNCP,False,2026-02-20T09:36:25.848550972,2026-02-20T09:36:25.848550972,2026-02-19,2026-02-19,2027-02-18,2789990.6,,,,,Paulínia,SP,Municipal,Não se aplica,Contrato nº 102/2026," CONTRATAÇÃO DE EMPRESA ESPECIALIZADA OU CONSÓRCIO DE EMPRESAS PARA PRESTAÇÃO DE SERVIÇOS DE MANUTENÇÃO PREDIAL, CONSERVAÇÃO, REFORMA E PEQUENOS REPAROS NOS IMÓVEIS OCUPADOS PELA SECRETARIA MUNICIPAL DE SAÚDE",/contratos/45751435000106/2026/84
45751435000106-2-000085/2026,,2026,85,45751435000106,MUNICIPIO DE PAULINIA,MUNICIPIO DE PAULINIA,Pregão - Eletrônico,Contrato (termo inicial),Edital,Divulgada no PNCP,False,2026-02-20T09:38:11.470414865,2026-02-20T09:38:11.470414865,2026-02-19,2026-02-19,2027-02-18,4497981.88,,,,,Paulínia,SP,Municipal,Não se aplica,Contrato nº 103/2026," CONTRATAÇÃO DE EMPRESA ESPECIALIZADA OU CONSÓRCIO DE EMPRESAS PARA PRESTAÇÃO DE SERVIÇOS DE MANUTENÇÃO PREDIAL, CONSERVAÇÃO, REFORMA E PEQUENOS REPAROS NOS IMÓVEIS OCUPADOS PELA SECRETARIA MUNICIPAL DE SAÚDE",/contratos/45751435000106/2026/85
45751435000106-2-000086/2026,,2026,86,45751435000106,MUNICIPIO DE PAULINIA,MUNICIPIO DE PAULINIA,Pregão - Eletrônico,Contrato (termo inicial),Edital,Divulgada no PNCP,False,2026-02-20T09:40:11.468122945,2026-02-20T09:40:11.468122945,2026-02-19,2026-02-19,2027-02-18,2899992.09,,,,,Paulínia,SP,Municipal,Não se aplica,Contrato nº 104/2026," CONTRATAÇÃO DE EMPRESA ESPECIALIZADA OU CONSÓRCIO DE EMPRESAS PARA PRESTAÇÃO DE SERVIÇOS DE MANUTENÇÃO PREDIAL, CONSERVAÇÃO, REFORMA E PEQUENOS REPAROS NOS IMÓVEIS OCUPADOS PELA SECRETARIA MUNICIPAL DE SAÚDE",/contratos/45751435000106/2026/86
45751435000106-2-000117/2026,,2026,117,45751435000106,MUNICIPIO DE PAULINIA,MUNICIPIO DE PAULINIA,Pregão - Eletrônico,Contrato (termo inicial),Edital,Divulgada no PNCP,False,2026-03-20T10:57:34.228110253,2026-03-20T10:57:34.228110253,2026-03-20,2026-03-20,2027-03-19,220103.0,,,,,Paulínia,SP,Municipal,Não se aplica,Contrato nº 194/2026,"REGISTRO DE PREÇOS PARA AQUISIÇÃO DE UNIFORME DE GALA, CAPA DE CHUVA, JAQUETAS, PATCHES EMBORRACHADOS, CALÇADOS E ACESSÓRIOS DE UNIFORME PARA A GUARDA CIVIL MUNICIPAL E A GUARDA PATRIMONIAL DE PAULÍNIA",/contratos/45751435000106/2026/117
45751435000106-2-000238/2026,,2026,238,45751435000106,MUNICIPIO DE PAULINIA,MUNICIPIO DE PAULINIA,Inexigibilidade,Contrato (termo inicial),Ato que autoriza a Contratação Direta,Divulgada no PNCP,False,2026-04-23T08:15:52.739880053,2026-04-23T08:15:52.739880053,2026-04-22,2026-04-22,2027-01-06,70000.0,,,,,Paulínia,SP,Municipal,Não se aplica,Contrato nº 250/2026,"Contratação de palestrante Mario Sérgio Cortella para proferir palestra cujo tema é: FAÇA O TEU MELHOR! A FORÇA DA PERSISTÊNCIA, a ser ministrada na Semana do Servidor do Município de Paulínia.",/contratos/45751435000106/2026/238
45751435000106-2-000239/2026,,2026,239,45751435000106,MUNICIPIO DE PAULINIA,MUNICIPIO DE PAULINIA,Inexigibilidade,Contrato (termo inicial),Ato que autoriza a Contratação Direta,Divulgada no PNCP,False,2026-04-23T08:16:01.556244306,2026-04-23T08:16:01.556244306,2026-04-22,2026-04-22,2026-09-30,24000.0,,,,,Paulínia,SP,Municipal,Não se aplica,Contrato nº 251/2026,"Participação no XIV SIMPÓSIO DE DIREITO TRIBUTÁRIO MUNICIPAL 2026, que acontece anualmente em Campinas, e será realizado nos dias 25/06/2026 e 26/06/2026.",/contratos/45751435000106/2026/239
45751435000106-2-000254/2026,,2026,254,45751435000106,MUNICIPIO DE PAULINIA,MUNICIPIO DE PAULINIA,Inexigibilidade,Contrato (termo inicial),Ato que autoriza a Contratação Direta,Divulgada no PNCP,False,2026-04-28T17:35:23.318441202,2026-04-28T17:35:23.318441202,2026-04-22,2026-04-22,2027-04-21,62484.0,,,,,Paulínia,SP,Municipal,Não se aplica,Contrato nº 253/2026,"CREDENCIAMENTO PÚBLICO VISANDO A CONTRATAÇÃO DE PROFISSIONAIS INTERESSADOS EM PRESTAR SERVIÇOS DE OFICINEIROS NAS ÁREAS DE TEATRO, CIRCO, FOTOGRAFIA, DANÇA E MÚSICA PARA A SECRETARIA MUNICIPAL DE CULTURA, TURISMO E EVENTOS",/contratos/45751435000106/2026/254
45751435000106-2-000255/2026,,2026,255,45751435000106,MUNICIPIO DE PAULINIA,MUNICIPIO DE PAULINIA,Inexigibilidade,Contrato (termo inicial),Ato que autoriza a Contratação Direta,Divulgada no PNCP,False,2026-04-28T17:35:30.282893178,2026-04-28T17:35:30.282893178,2026-04-22,2026-04-22,2027-04-21,83312.0,,,,,Paulínia,SP,Municipal,Não se aplica,Contrato nº 254/2026,"CREDENCIAMENTO PÚBLICO VISANDO A CONTRATAÇÃO DE PROFISSIONAIS INTERESSADOS EM PRESTAR SERVIÇOS DE OFICINEIROS NAS ÁREAS DE TEATRO, CIRCO, FOTOGRAFIA, DANÇA E MÚSICA PARA A SECRETARIA MUNICIPAL DE CULTURA, TURISMO E EVENTOS",/contratos/45751435000106/2026/255
45751435000106-2-000256/2026,,2026,256,45751435000106,MUNICIPIO DE PAULINIA,MUNICIPIO DE PAULINIA,Inexigibilidade,Contrato (termo inicial),Ato que autoriza a Contratação Direta,Divulgada no PNCP,False,2026-04-28T17:35:40.798416389,2026-04-28T17:35:40.798416389,2026-04-22,2026-04-22,2027-04-21,62484.0,,,,,Paulínia,SP,Municipal,Não se aplica,Contrato nº 255/2026,"CREDENCIAMENTO PÚBLICO VISANDO A CONTRATAÇÃO DE PROFISSIONAIS INTERESSADOS EM PRESTAR SERVIÇOS DE OFICINEIROS NAS ÁREAS DE TEATRO, CIRCO, FOTOGRAFIA, DANÇA E MÚSICA PARA A SECRETARIA MUNICIPAL DE CULTURA, TURISMO E EVENTOS",/contratos/45751435000106/2026/256
45751435000106-2-000257/2026,,2026,257,45751435000106,MUNICIPIO DE PAULINIA,MUNICIPIO DE PAULINIA,Inexigibilidade,Contrato (termo inicial),Ato que autoriza a Contratação Direta,Divulgada no PNCP,False,2026-04-28T17:35:46.995942979,2026-04-28T17:35:46.995942979,2026-04-22,2026-04-22,2027-04-21,83312.0,,,,,Paulínia,SP,Municipal,Não se aplica,Contrato nº 256/2026,"CREDENCIAMENTO PÚBLICO VISANDO A CONTRATAÇÃO DE PROFISSIONAIS INTERESSADOS EM PRESTAR SERVIÇOS DE OFICINEIROS NAS ÁREAS DE TEATRO, CIRCO, FOTOGRAFIA, DANÇA E MÚSICA PARA A SECRETARIA MUNICIPAL DE CULTURA, TURISMO E EVENTOS",/contratos/45751435000106/2026/257
45751435000106-2-000258/2026,,2026,258,45751435000106,MUNICIPIO DE PAULINIA,MUNICIPIO DE PAULINIA,Inexigibilidade,Contrato (termo inicial),Ato que autoriza a Contratação Direta,Divulgada no PNCP,False,2026-04-28T17:35:56.806178517,2026-04-28T17:35:56.806178517,2026-04-22,2026-04-22,2027-04-21,83312.0,,,,,Paulínia,SP,Municipal,Não se aplica,Contrato nº 257/2026,"CREDENCIAMENTO PÚBLICO VISANDO A CONTRATAÇÃO DE PROFISSIONAIS INTERESSADOS EM PRESTAR SERVIÇOS DE OFICINEIROS NAS ÁREAS DE TEATRO, CIRCO, FOTOGRAFIA, DANÇA E MÚSICA PARA A SECRETARIA MUNICIPAL DE CULTURA, TURISMO E EVENTOS",/contratos/45751435000106/2026/258
45751435000106-2-000259/2026,,2026,259,45751435000106,MUNICIPIO DE PAULINIA,MUNICIPIO DE PAULINIA,Inexigibilidade,Contrato (termo inicial),Ato que autoriza a Contratação Direta,Divulgada no PNCP,False,2026-04-28T17:36:07.137072574,2026-04-28T17:36:07.137072574,2026-04-22,2026-04-22,2027-04-21,62484.0,,,,,Paulínia,SP,Municipal,Não se aplica,Contrato nº 258/2026,"CREDENCIAMENTO PÚBLICO VISANDO A CONTRATAÇÃO DE PROFISSIONAIS INTERESSADOS EM PRESTAR SERVIÇOS DE OFICINEIROS NAS ÁREAS DE TEATRO, CIRCO, FOTOGRAFIA, DANÇA E MÚSICA PARA A SECRETARIA MUNICIPAL DE CULTURA, TURISMO E EVENTOS",/contratos/45751435000106/2026/259
45751435000106-2-000260/2026,,2026,260,45751435000106,MUNICIPIO DE PAULINIA,MUNICIPIO DE PAULINIA,Inexigibilidade,Contrato (termo inicial),Ato que autoriza a Contratação Direta,Divulgada no PNCP,False,2026-04-28T17:36:15.372398933,2026-04-28T17:36:15.372398933,2026-04-22,2026-04-22,2027-04-21,62484.0,,,,,Paulínia,SP,Municipal,Não se aplica,Contrato nº 259/2026,"CREDENCIAMENTO PÚBLICO VISANDO A CONTRATAÇÃO DE PROFISSIONAIS INTERESSADOS EM PRESTAR SERVIÇOS DE OFICINEIROS NAS ÁREAS DE TEATRO, CIRCO, FOTOGRAFIA, DANÇA E MÚSICA PARA A SECRETARIA MUNICIPAL DE CULTURA, TURISMO E EVENTOS",/contratos/45751435000106/2026/260
45751435000106-2-000261/2026,,2026,261,45751435000106,MUNICIPIO DE PAULINIA,MUNICIPIO DE PAULINIA,Inexigibilidade,Contrato (termo inicial),Ato que autoriza a Contratação Direta,Divulgada no PNCP,False,2026-04-28T17:36:24.034472565,2026-04-28T17:36:24.034472565,2026-04-22,2026-04-22,2027-04-21,41656.0,,,,,Paulínia,SP,Municipal,Não se aplica,Contrato nº 260/2026,"CREDENCIAMENTO PÚBLICO VISANDO A CONTRATAÇÃO DE PROFISSIONAIS INTERESSADOS EM PRESTAR SERVIÇOS DE OFICINEIROS NAS ÁREAS DE TEATRO, CIRCO, FOTOGRAFIA, DANÇA E MÚSICA PARA A SECRETARIA MUNICIPAL DE CULTURA, TURISMO E EVENTOS",/contratos/45751435000106/2026/261
45751435000106-2-000262/2026,,2026,262,45751435000106,MUNICIPIO DE PAULINIA,MUNICIPIO DE PAULINIA,Inexigibilidade,Contrato (termo inicial),Ato que autoriza a Contratação Direta,Divulgada no PNCP,False,2026-04-28T17:36:41.694702422,2026-04-28T17:36:41.694702422,2026-04-22,2026-04-22,2027-04-21,62484.0,,,,,Paulínia,SP,Municipal,Não se aplica,Contrato nº 261/2026,"CREDENCIAMENTO PÚBLICO VISANDO A CONTRATAÇÃO DE PROFISSIONAIS INTERESSADOS EM PRESTAR SERVIÇOS DE OFICINEIROS NAS ÁREAS DE TEATRO, CIRCO, FOTOGRAFIA, DANÇA E MÚSICA PARA A SECRETARIA MUNICIPAL DE CULTURA, TURISMO E EVENTOS",/contratos/45751435000106/2026/262
45751435000106-2-000263/2026,,2026,263,45751435000106,MUNICIPIO DE PAULINIA,MUNICIPIO DE PAULINIA,Inexigibilidade,Contrato (termo inicial),Ato que autoriza a Contratação Direta,Divulgada no PNCP,False,2026-04-28T17:37:08.946581176,2026-04-28T17:37:08.946581176,2026-04-22,2026-04-22,2027-04-21,83312.0,,,,,Paulínia,SP,Municipal,Não se aplica,Contrato nº 262/2026,"CREDENCIAMENTO PÚBLICO VISANDO A CONTRATAÇÃO DE PROFISSIONAIS INTERESSADOS EM PRESTAR SERVIÇOS DE OFICINEIROS NAS ÁREAS DE TEATRO, CIRCO, FOTOGRAFIA, DANÇA E MÚSICA PARA A SECRETARIA MUNICIPAL DE CULTURA, TURISMO E EVENTOS",/contratos/45751435000106/2026/263
45751435000106-2-000264/2026,,2026,264,45751435000106,MUNICIPIO DE PAULINIA,MUNICIPIO DE PAULINIA,Inexigibilidade,Contrato (termo inicial),Ato que autoriza a Contratação Direta,Divulgada no PNCP,False,2026-04-28T17:37:15.150447686,2026-04-28T17:37:15.150447686,2026-04-22,2026-04-22,2027-04-21,83312.0,,,,,Paulínia,SP,Municipal,Não se aplica,Contrato nº 263/2026,"CREDENCIAMENTO PÚBLICO VISANDO A CONTRATAÇÃO DE PROFISSIONAIS INTERESSADOS EM PRESTAR SERVIÇOS DE OFICINEIROS NAS ÁREAS DE TEATRO, CIRCO, FOTOGRAFIA, DANÇA E MÚSICA PARA A SECRETARIA MUNICIPAL DE CULTURA, TURISMO E EVENTOS",/contratos/45751435000106/2026/264
45751435000106-2-000265/2026,,2026,265,45751435000106,MUNICIPIO DE PAULINIA,MUNICIPIO DE PAULINIA,Inexigibilidade,Contrato (termo inicial),Ato que autoriza a Contratação Direta,Divulgada no PNCP,False,2026-04-28T17:37:21.845700371,2026-04-28T17:37:21.845700371,2026-04-22,2026-04-22,2027-04-21,83312.0,,,,,Paulínia,SP,Municipal,Não se aplica,Contrato nº 264/2026,"CREDENCIAMENTO PÚBLICO VISANDO A CONTRATAÇÃO DE PROFISSIONAIS INTERESSADOS EM PRESTAR SERVIÇOS DE OFICINEIROS NAS ÁREAS DE TEATRO, CIRCO, FOTOGRAFIA, DANÇA E MÚSICA PARA A SECRETARIA MUNICIPAL DE CULTURA, TURISMO E EVENTOS",/contratos/45751435000106/2026/265
45751435000106-2-000266/2026,,2026,266,45751435000106,MUNICIPIO DE PAULINIA,MUNICIPIO DE PAULINIA,Inexigibilidade,Contrato (termo inicial),Ato que autoriza a Contratação Direta,Divulgada no PNCP,False,2026-04-28T17:37:28.881736301,2026-04-28T17:37:28.881736301,2026-04-22,2026-04-22,2027-04-21,62484.0,,,,,Paulínia,SP,Municipal,Não se aplica,Contrato nº 265/2026,"CREDENCIAMENTO PÚBLICO VISANDO A CONTRATAÇÃO DE PROFISSIONAIS INTERESSADOS EM PRESTAR SERVIÇOS DE OFICINEIROS NAS ÁREAS DE TEATRO, CIRCO, FOTOGRAFIA, DANÇA E MÚSICA PARA A SECRETARIA MUNICIPAL DE CULTURA, TURISMO E EVENTOS",/contratos/45751435000106/2026/266
45751435000106-2-000267/2026,,2026,267,45751435000106,MUNICIPIO DE PAULINIA,MUNICIPIO DE PAULINIA,Inexigibilidade,Contrato (termo inicial),Ato que autoriza a Contratação Direta,Divulgada no PNCP,False,2026-04-28T17:37:35.002468130,2026-04-28T17:37:35.002468130,2026-04-22,2026-04-22,2027-04-21,62484.0,,,,,Paulínia,SP,Municipal,Não se aplica,Contrato nº 266/2026,"CREDENCIAMENTO PÚBLICO VISANDO A CONTRATAÇÃO DE PROFISSIONAIS INTERESSADOS EM PRESTAR SERVIÇOS DE OFICINEIROS NAS ÁREAS DE TEATRO, CIRCO, FOTOGRAFIA, DANÇA E MÚSICA PARA A SECRETARIA MUNICIPAL DE CULTURA, TURISMO E EVENTOS",/contratos/45751435000106/2026/267
45751435000106-2-000269/2026,,2026,269,45751435000106,MUNICIPIO DE PAULINIA,MUNICIPIO DE PAULINIA,Inexigibilidade,Contrato (termo inicial),Ato que autoriza a Contratação Direta,Divulgada no PNCP,False,2026-04-28T17:37:48.724760664,2026-04-28T17:37:48.724760664,2026-04-22,2026-04-22,2027-04-21,83312.0,,,,,Paulínia,SP,Municipal,Não se aplica,Contrato nº 268/2026,"CREDENCIAMENTO PÚBLICO VISANDO A CONTRATAÇÃO DE PROFISSIONAIS INTERESSADOS EM PRESTAR SERVIÇOS DE OFICINEIROS NAS ÁREAS DE TEATRO, CIRCO, FOTOGRAFIA, DANÇA E MÚSICA PARA A SECRETARIA MUNICIPAL DE CULTURA, TURISMO E EVENTOS",/contratos/45751435000106/2026/269
45751435000106-2-000270/2026,,2026,270,45751435000106,MUNICIPIO DE PAULINIA,MUNICIPIO DE PAULINIA,Inexigibilidade,Contrato (termo inicial),Ato que autoriza a Contratação Direta,Divulgada no PNCP,False,2026-04-28T17:37:55.741055166,2026-04-28T17:37:55.741055166,2026-04-22,2026-04-22,2027-04-21,83312.0,,,,,Paulínia,SP,Municipal,Não se aplica,Contrato nº 269/2026,"CREDENCIAMENTO PÚBLICO VISANDO A CONTRATAÇÃO DE PROFISSIONAIS INTERESSADOS EM PRESTAR SERVIÇOS DE OFICINEIROS NAS ÁREAS DE TEATRO, CIRCO, FOTOGRAFIA, DANÇA E MÚSICA PARA A SECRETARIA MUNICIPAL DE CULTURA, TURISMO E EVENTOS",/contratos/45751435000106/2026/270
45751435000106-2-000281/2026,,2026,281,45751435000106,MUNICIPIO DE PAULINIA,MUNICIPIO DE PAULINIA,Inexigibilidade,Contrato (termo inicial),Ato que autoriza a Contratação Direta,Divulgada no PNCP,False,2026-05-05T09:44:37.316406629,2026-05-05T09:44:37.316406629,2026-05-04,2026-05-04,2027-05-03,41656.0,,,,,Paulínia,SP,Municipal,Não se aplica,Contrato nº 291/2026,"CREDENCIAMENTO PÚBLICO VISANDO A CONTRATAÇÃO DE PROFISSIONAIS INTERESSADOS EM PRESTAR SERVIÇOS DE OFICINEIROS NAS ÁREAS DE TEATRO, CIRCO, FOTOGRAFIA, DANÇA E MÚSICA PARA A SECRETARIA MUNICIPAL DE CULTURA, TURISMO E EVENTOS",/contratos/45751435000106/2026/281
45751435000106-2-000078/2026,,2026,78,45751435000106,MUNICIPIO DE PAULINIA,MUNICIPIO DE PAULINIA,Pregão - Eletrônico,Contrato (termo inicial),Edital,Divulgada no PNCP,False,2026-02-12T10:50:09.921589180,2026-02-12T10:50:09.921589180,2026-02-12,2026-02-12,2027-02-11,105948.6,,,,,Paulínia,SP,Municipal,Não se aplica,Contrato nº 096/2026,"REGISTRO DE PREÇOS PARA AQUISIÇÃO DE UNIFORME DE GALA, CAPA DE CHUVA, JAQUETAS, PATCHES EMBORRACHADOS, CALÇADOS E ACESSÓRIOS DE UNIFORME PARA A GUARDA CIVIL MUNICIPAL E A GUARDA PATRIMONIAL DE PAULÍNIA",/contratos/45751435000106/2026/78
45751435000106-2-000190/2026,,2026,190,45751435000106,MUNICIPIO DE PAULINIA,MUNICIPIO DE PAULINIA,Pregão - Eletrônico,Contrato (termo inicial),Edital,Divulgada no PNCP,False,2026-03-26T09:05:44.766685974,2026-03-26T09:05:44.766685974,2026-03-25,2026-03-25,2027-03-24,82320.0,,,,,Paulínia,SP,Municipal,Não se aplica,Contrato nº 225/2026,"REGISTRO DE PREÇOS PARA AQUISIÇÃO DE UNIFORME DE GALA, CAPA DE CHUVA, JAQUETAS, PATCHES EMBORRACHADOS, CALÇADOS E ACESSÓRIOS DE UNIFORME PARA A GUARDA CIVIL MUNICIPAL E A GUARDA PATRIMONIAL DE PAULÍNIA",/contratos/45751435000106/2026/190
45751435000106-2-000226/2026,,2026,226,45751435000106,MUNICIPIO DE PAULINIA,MUNICIPIO DE PAULINIA,Pregão - Eletrônico,Contrato (termo inicial),Edital,Divulgada no PNCP,False,2026-04-13T08:32:42.954150281,2026-04-13T08:32:42.954150281,2026-04-10,2026-04-10,2027-04-09,86596.2,,,,,Paulínia,SP,Municipal,Não se aplica,Contrato nº 239/2026,"REGISTRO DE PREÇOS PARA AQUISIÇÃO DE UNIFORME DE GALA, CAPA DE CHUVA, JAQUETAS, PATCHES EMBORRACHADOS, CALÇADOS E ACESSÓRIOS DE UNIFORME PARA A GUARDA CIVIL MUNICIPAL E A GUARDA PATRIMONIAL DE PAULÍNIA",/contratos/45751435000106/2026/226
45751435000106-2-000002/2026,,2026,2,45751435000106,MUNICIPIO DE PAULINIA,MUNICIPIO DE PAULINIA,Pregão - Eletrônico,Contrato (termo inicial),Edital,Divulgada no PNCP,False,2026-01-09T12:56:20.802451875,2026-01-09T12:56:20.802451875,2026-01-07,2026-01-07,2027-01-06,56880.0,,,,,Paulínia,SP,Municipal,Não se aplica,Contrato nº 002/2026,"CONTRATAÇÃO DE EMPRESA / CONSÓRCIO DE EMPRESAS PARA LOCAÇÃO DE CENTRAL AUTOMATIZADA PARA PRODUÇÃO DE VÁCUO MEDICINAL (MÓDULO DE VÁCUO), INCLUINDO INSTALAÇÃO, MANUTENÇÃO PREVENTIVA E CORRETIVA, COM FORNECIMENTO DE PEÇAS E RESERVATÓRIOS NO HOSPITAL MUNICIPAL DE PAULÍNIA",/contratos/45751435000106/2026/2
45751435000106-2-000003/2026,,2026,3,45751435000106,MUNICIPIO DE PAULINIA,MUNICIPIO DE PAULINIA,Inexigibilidade,Contrato (termo inicial),Ato que autoriza a Contratação Direta,Divulgada no PNCP,False,2026-01-09T13:57:23.318589679,2026-01-09T13:57:23.318589679,2026-01-07,2026-01-07,2027-01-06,1428000.0,,,,,Paulínia,SP,Municipal,Não se aplica,Contrato nº 003/2026,"Locação de imóvel situado na Rua Manoel de Souza, n. 35, Jardim Planalto Paulínia/SP, destinado à instalação da Escola Municipal de Ensino Fundamental anos Iniciais em Tempo Integral.",/contratos/45751435000106/2026/3
45751435000106-2-000098/2026,,2026,98,45751435000106,MUNICIPIO DE PAULINIA,MUNICIPIO DE PAULINIA,Concorrência - Eletrônica,Contrato (termo inicial),Edital,Divulgada no PNCP,False,2026-03-02T14:49:15.467293782,2026-03-02T14:49:15.467293782,2026-03-02,2026-03-02,2028-06-01,5840561.52,,,,,Paulínia,SP,Municipal,Não se aplica,Contrato nº 176/2026,"CONTRATAÇÃO DE EMPRESA ESPECIALIZADA NO RAMO DE ENGENHARIA PARA A PRESTAÇÃO DE SERVIÇOS DE REFORMA E ADEQUAÇÃO DAS ENTRADAS DE ENERGIA ELÉTRICA DAS UNIDADES ESCOLARES DO MUNICÍPIO DE PAULÍNIA, COM FORNECIMENTO TOTAL DE MÃO DE OBRA, MATERIAIS, EQUIPAMENTOS",/contratos/45751435000106/2026/98
45751435000106-2-000104/2026,,2026,104,45751435000106,MUNICIPIO DE PAULINIA,MUNICIPIO DE PAULINIA,Dispensa,Contrato (termo inicial),Ato que autoriza a Contratação Direta,Divulgada no PNCP,False,2026-03-11T07:38:36.510333673,2026-03-11T07:38:36.510333673,2026-03-10,2026-03-10,2027-03-09,3456.0,,,,,Paulínia,SP,Municipal,Não se aplica,Contrato nº 183/2026,"AQUISIÇÃO DO MEDICAMENTO MANIPULADOS,  para cumprimento de ação judicial processo físico nº 0003399-92.2015.8.26.0428 Autor: Ministério Público do Estado de São Paulo, “V.A.D” e processo digital nº. 1000693-17.2018.8.26.0428, requerente C.R.G.",/contratos/45751435000106/2026/104
45751435000106-2-000250/2026,,2026,250,45751435000106,MUNICIPIO DE PAULINIA,MUNICIPIO DE PAULINIA,Pregão - Eletrônico,Contrato (termo inicial),Edital,Divulgada no PNCP,False,2026-04-28T08:58:37.171482654,2026-04-28T08:58:37.171482654,2026-04-28,2026-04-28,2027-04-27,26899.8,,,,,Paulínia,SP,Municipal,Não se aplica,Contrato nº 278/2026,"AQUISIÇÃO DE ÓRTESES, PRÓTESES E MATERIAIS ESPECIAIS (OPME), EM SISTEMA DE CONSIGNAÇÃO E DISPONIBILIZAÇÃO DE INSTRUMENTAL, MATERIAIS PADRONIZADOS PELA TABELA DO SISTEMA ÚNICO DE SAÚDE (SUS) PAULISTA, PARA A REALIZAÇÃO DE CIRURGIAS E PROCEDIMENTOS ORTOPÉDICOS NO HOSPITAL MUNICIPAL DE PAULÍNIA",/contratos/45751435000106/2026/250
45751435000106-2-000252/2026,,2026,252,45751435000106,MUNICIPIO DE PAULINIA,MUNICIPIO DE PAULINIA,Pregão - Eletrônico,Contrato (termo inicial),Edital,Divulgada no PNCP,False,2026-04-28T09:24:35.046412974,2026-04-28T09:24:35.046412974,2026-04-28,2026-04-28,2027-04-27,75000.0,,,,,Paulínia,SP,Municipal,Não se aplica,Contrato nº 280/2026,"AQUISIÇÃO DE ÓRTESES, PRÓTESES E MATERIAIS ESPECIAIS (OPME), EM SISTEMA DE CONSIGNAÇÃO E DISPONIBILIZAÇÃO DE INSTRUMENTAL, MATERIAIS PADRONIZADOS PELA TABELA DO SISTEMA ÚNICO DE SAÚDE (SUS) PAULISTA, PARA A REALIZAÇÃO DE CIRURGIAS E PROCEDIMENTOS ORTOPÉDICOS NO HOSPITAL MUNICIPAL DE PAULÍNIA",/contratos/45751435000106/2026/252
45751435000106-2-000333/2026,,2026,333,45751435000106,MUNICIPIO DE PAULINIA,MUNICIPIO DE PAULINIA,Pregão - Eletrônico,Contrato (termo inicial),Edital,Divulgada no PNCP,False,2026-06-11T11:16:17.891249404,2026-06-11T11:16:18.059355836,2026-06-10,2026-06-10,2027-06-09,400254.04,,,,,Paulínia,SP,Municipal,Não se aplica,Contrato nº 342/2026,"REGISTRO DE PREÇOS PARA CONTRATAÇÃO DE EMPRESA ESPECIALIZADA OU CONSÓRCIO DE EMPRESAS PARA PRESTAÇÃO DE SERVIÇOS DE REFORMA E MANUTENÇÃO DE SUBESTAÇÕES DE CONSUMIDOR INSTALADAS EM PRÓPRIOS PÚBLICOS, COM FORNECIMENTO DE MÃO DE OBRA, MATERIAIS, EQUIPAMENTOS, FERRAMENTAS, INSTRUMENTOS E VEÍCULOS",/contratos/45751435000106/2026/333
45751435000106-2-000037/2026,,2026,37,45751435000106,MUNICIPIO DE PAULINIA,MUNICIPIO DE PAULINIA,Pregão - Eletrônico,Contrato (termo inicial),Edital,Divulgada no PNCP,False,2026-01-26T14:03:20.298263867,2026-01-26T14:03:20.298263867,2026-01-26,2026-01-26,2027-01-25,85350.0,,,,,Paulínia,SP,Municipal,Não se aplica,Contrato nº 033/2026,"REGISTRO DE PREÇOS PARA CONTRATAÇÃO DE EMPRESA ESPECIALIZADA NO RAMO DE ENGENHARIA PARA A PRESTAÇÃO DE SERVIÇOS DE REPARO EM REDES, CIRCUITOS, INFRAESTRUTURA E INSTALAÇÕES DO PARQUE DE ILUMINAÇÃO PÚBLICA DO MUNICÍPIO DE PAULÍNIA, COM FORNECIMENTO DE MÃO DE OBRA, MATERIAIS, EQUIPAMENTOS, PEÇAS, FERRAMENTAS, INSTRUMENTOS E VEÍCULOS",/contratos/45751435000106/2026/37
45751435000106-2-000228/2026,,2026,228,45751435000106,MUNICIPIO DE PAULINIA,MUNICIPIO DE PAULINIA,Dispensa,Contrato (termo inicial),Aviso de Contratação Direta,Divulgada no PNCP,False,2026-04-13T16:38:55.087983948,2026-04-13T16:38:55.087983948,2026-04-13,2026-04-13,2026-10-12,13200.0,,,,,Paulínia,SP,Municipal,Não se aplica,Contrato nº 240/2026,"Contratação de serviço de Capacitação e Supervisão Técnica para orientadores sociais atuantes nos Centros de Referência da Assistência Social CRAS, no Centro de Referência Especializado de Assistência Social CREAS, em específico no serviço PAEFI e no Programa de Acolhimento Familiar Viver em Família.",/contratos/45751435000106/2026/228
45751435000106-2-000249/2026,,2026,249,45751435000106,MUNICIPIO DE PAULINIA,MUNICIPIO DE PAULINIA,Pregão - Eletrônico,Contrato (termo inicial),Edital,Divulgada no PNCP,False,2026-04-28T08:14:48.896644236,2026-04-28T08:14:48.896644236,2026-04-28,2026-04-28,2027-04-27,324084.9,,,,,Paulínia,SP,Municipal,Não se aplica,Contrato nº 277/2026,"AQUISIÇÃO DE ÓRTESES, PRÓTESES E MATERIAIS ESPECIAIS (OPME), EM SISTEMA DE CONSIGNAÇÃO E DISPONIBILIZAÇÃO DE INSTRUMENTAL, MATERIAIS PADRONIZADOS PELA TABELA DO SISTEMA ÚNICO DE SAÚDE (SUS) PAULISTA, PARA A REALIZAÇÃO DE CIRURGIAS E PROCEDIMENTOS ORTOPÉDICOS NO HOSPITAL MUNICIPAL DE PAULÍNIA",/contratos/45751435000106/2026/249
45751435000106-2-000251/2026,,2026,251,45751435000106,MUNICIPIO DE PAULINIA,MUNICIPIO DE PAULINIA,Pregão - Eletrônico,Contrato (termo inicial),Edital,Divulgada no PNCP,False,2026-04-28T09:10:24.769144619,2026-04-28T09:10:24.769144619,2026-04-28,2026-04-28,2027-04-27,10310.0,,,,,Paulínia,SP,Municipal,Não se aplica,Contrato nº 279/2026,"AQUISIÇÃO DE ÓRTESES, PRÓTESES E MATERIAIS ESPECIAIS (OPME), EM SISTEMA DE CONSIGNAÇÃO E DISPONIBILIZAÇÃO DE INSTRUMENTAL, MATERIAIS PADRONIZADOS PELA TABELA DO SISTEMA ÚNICO DE SAÚDE (SUS) PAULISTA, PARA A REALIZAÇÃO DE CIRURGIAS E PROCEDIMENTOS ORTOPÉDICOS NO HOSPITAL MUNICIPAL DE PAULÍNIA",/contratos/45751435000106/2026/251
45751435000106-2-000292/2026,,2026,292,45751435000106,MUNICIPIO DE PAULINIA,MUNICIPIO DE PAULINIA,Inexigibilidade,Contrato (termo inicial),Ato que autoriza a Contratação Direta,Divulgada no PNCP,False,2026-05-08T10:43:46.839706124,2026-05-08T10:43:46.839706124,2026-05-08,2026-05-08,2026-07-06,170000.0,,,,,Paulínia,SP,Municipal,Não se aplica,Contrato nº 302/2026,"Contratação de Exposição do Museu do Videogame Itinerante. O evento, em toda sua programação, será realizado no espaço dos Estúdios Paulínia, no Complexo Rodoshopping. O evento terá duração de 9 dias, de 23 de maio a 31 de maio, com horário de funcionamento das 14h às 20h, segunda a domingo.",/contratos/45751435000106/2026/292
45751435000106-2-000312/2026,,2026,312,45751435000106,MUNICIPIO DE PAULINIA,MUNICIPIO DE PAULINIA,Inexigibilidade,Contrato (termo inicial),Ato que autoriza a Contratação Direta,Divulgada no PNCP,False,2026-05-27T09:33:04.925721245,2026-05-27T09:33:04.996891525,2026-05-27,2026-05-27,2026-07-25,28200.0,,,,,Paulínia,SP,Municipal,Não se aplica,Contrato nº 322/2026,"Contratação por inexigibilidade de licitação de empresa especializada para a execução do serviço de alteração de senha do sistema de controle dos elevadores do Paço Municipal de Paulínia, contemplando o fornecimento do componente eletrônico necessário (scamchip/placa ou módulo equivalente), a intervenção técnica no painel, a reprogramação do sistema e a realização de testes de funcionamento.",/contratos/45751435000106/2026/312
45751435000106-2-000192/2026,,2026,192,45751435000106,MUNICIPIO DE PAULINIA,MUNICIPIO DE PAULINIA,Dispensa,Contrato (termo inicial),Aviso de Contratação Direta,Divulgada no PNCP,False,2026-03-26T10:28:08.767172595,2026-03-26T10:28:08.767172595,2026-03-26,2026-03-26,2027-03-25,50842.8,,,,,Paulínia,SP,Municipal,Não se aplica,Contrato nº 228/2026,"Contratação de empresa especializada para fornecimento de massa asfáltica do tipo Concreto Betuminoso Usinado a Quente (CBUQ), embalado em sacas de 25 kg, para aplicação a frio, destinada à execução de serviços de tapa-buracos e reparos emergenciais no pavimento asfáltico das vias urbanas do município de Paulínia/SP.",/contratos/45751435000106/2026/192
45751435000106-2-000284/2026,,2026,284,45751435000106,MUNICIPIO DE PAULINIA,MUNICIPIO DE PAULINIA,Pregão - Eletrônico,Contrato (termo inicial),Edital,Divulgada no PNCP,False,2026-05-06T11:21:38.962530891,2026-05-06T11:21:38.962530891,2026-05-06,2026-05-06,2027-05-05,1090000.0,,,,,Paulínia,SP,Municipal,Não se aplica,Contrato nº 294/2026,"CONTRATAÇÃO DE EMPRESA OU CONSÓRCIO DE EMPRESAS ESPECIALIZADAS PARA PRESTAÇÃO DE SERVIÇOS COMUNS DE ENGENHARIA PARA ASSISTÊNCIA TÉCNICA, INSTALAÇÕES, MANUTENÇÃO PREVENTIVA E CORRETIVA EM EQUIPAMENTOS E SISTEMAS DIVERSOS DE AR CONDICIONADO E CLIMATIZADORES, INSTALADOS EM PRÓPRIOS PÚBLICOS DA SECRETARIA MUNICIPAL DE SAÚDE, COM FORNECIMENTO DE MÃO DE OBRA, MATERIAIS, EQUIPAMENTOS, FERRAMENTAS, INSTRUMENTOS, PEÇAS E VEÍCULOS",/contratos/45751435000106/2026/284
45751435000106-2-000115/2026,,2026,115,45751435000106,MUNICIPIO DE PAULINIA,MUNICIPIO DE PAULINIA,Inexigibilidade,Contrato (termo inicial),Ato que autoriza a Contratação Direta,Divulgada no PNCP,False,2026-03-18T16:37:56.909333835,2026-03-18T16:37:56.909333835,2026-03-18,2026-03-18,2027-03-17,720000.0,,,,,Paulínia,SP,Municipal,Não se aplica,Contrato nº 192/2026,"Serviços especializados em saúde mental e bem estar emocional, para os servidores da Prefeitura Municipal de Paulínia, com foco na prevenção e mitigação de riscos psicossociais no ambiente de trabalho, em obdiência à atualização da norma regulamentadora n 1 (NR- 1), do Ministério do Trabalho e Emprego, a qual incorpora os riscos psicossociais ao Programa de Gerenciamento de Riscos (PGR).",/contratos/45751435000106/2026/115
45751435000106-2-000272/2026,,2026,272,45751435000106,MUNICIPIO DE PAULINIA,MUNICIPIO DE PAULINIA,Dispensa,Contrato (termo inicial),Aviso de Contratação Direta,Divulgada no PNCP,False,2026-04-30T09:07:04.580995458,2026-04-30T09:07:04.580995458,2026-04-30,2026-04-30,2026-10-29,69500.0,,,,,Paulínia,SP,Municipal,Não se aplica,Contrato nº 283/2026,"Contratação de empresa especializada para a prestação de serviços de apoio à manutenção corretiva de pavimentação asfáltica no Município de Paulínia-SP, mediante disponibilização de equipe operacional, equipamentos e recursos necessários à execução das intervenções, para atuação sob demanda, sem fornecimento de materiais, conforme condições, quantidades e exigências estabelecidas no Termo de Referência.",/contratos/45751435000106/2026/272
45751435000106-2-000236/2026,,2026,236,45751435000106,MUNICIPIO DE PAULINIA,MUNICIPIO DE PAULINIA,Pregão - Eletrônico,Contrato (termo inicial),Edital,Divulgada no PNCP,False,2026-04-22T07:35:00.057045087,2026-04-22T07:35:00.057045087,2026-04-17,2026-04-17,2026-12-16,999302.31,,,,,Paulínia,SP,Municipal,Não se aplica,Contrato nº 246/2026,"Aquisição de conjuntos escolares, carteira e cadeira, visa atender às demandas das unidades escolares da rede pública municipal, proporcionando mobiliário adequado, seguro e ergonômico para os estudantes da educação básica. A medida é essencial para garantir condições mínimas de conforto e aprendizagem, especialmente considerando a reposição de itens danificados e a expansão de vagas escolares.",/contratos/45751435000106/2026/236
