numero_controle_pncp,numero,ano,numero_sequencial,orgao_cnpj,orgao_nome,unidade_nome,modalidade_licitacao_nome,tipo_nome,situacao_nome,cancelado,data_publicacao_pncp,data_atualizacao_pncp,valor_global,municipio_nome,uf,esfera_nome,title,description,item_url
45751435000106-1-000112/2024,,2024,112,45751435000106,MUNICIPIO DE PAULINIA,MUNICIPIO DE PAULINIA,Dispensa,Aviso de Contratação Direta,Divulgada no PNCP,False,2024-04-11T14:07:38.018459,2024-04-11T14:07:38.018459,,Paulínia,SP,Municipal,Aviso de Contratação Direta nº 12836/2024,AQUISIÇÃO DE FORMALDEÍDO. ,/compras/45751435000106/2024/112
45751435000106-1-000403/2024,,2024,403,45751435000106,MUNICIPIO DE PAULINIA,MUNICIPIO DE PAULINIA,Pregão - Eletrônico,Edital,Divulgada no PNCP,False,2024-08-23T10:22:48.076258,2024-09-10T10:01:25.579699,,Paulínia,SP,Municipal,Edital nº 152/2024,AQUISIÇÃO DE ELETRODOMÉSTICOS,/compras/45751435000106/2024/403
45751435000106-1-000488/2024,,2024,488,45751435000106,MUNICIPIO DE PAULINIA,MUNICIPIO DE PAULINIA,Dispensa,Aviso de Contratação Direta,Divulgada no PNCP,False,2024-10-02T12:01:55.992262,2024-10-02T12:01:55.992262,,Paulínia,SP,Municipal,Aviso de Contratação Direta nº 31113/2024,AQUISIÇÃO DE CAMISETAS ,/compras/45751435000106/2024/488
45751435000106-1-000514/2024,,2024,514,45751435000106,MUNICIPIO DE PAULINIA,MUNICIPIO DE PAULINIA,Dispensa,Ato que autoriza a Contratação Direta,Divulgada no PNCP,False,2024-10-30T11:25:32.253765,2024-10-30T11:25:32.253765,,Paulínia,SP,Municipal,Ato que autoriza a Contratação Direta nº 28456/2024,6 - Medicamentos,/compras/45751435000106/2024/514
45751435000106-1-000250/2024,,2024,250,45751435000106,MUNICIPIO DE PAULINIA,MUNICIPIO DE PAULINIA,Dispensa,Aviso de Contratação Direta,Divulgada no PNCP,False,2024-06-05T14:13:40.118782,2024-11-05T08:11:02.797884,,Paulínia,SP,Municipal,Aviso de Contratação Direta nº 17863/2024,AQUISIÇÃO DE FERRAMENTAS,/compras/45751435000106/2024/250
45751435000106-1-000609/2024,,2024,609,45751435000106,MUNICIPIO DE PAULINIA,MUNICIPIO DE PAULINIA,Dispensa,Ato que autoriza a Contratação Direta,Divulgada no PNCP,False,2024-12-12T12:21:10.910550,2024-12-12T15:43:07.136091,,Paulínia,SP,Municipal,Ato que autoriza a Contratação Direta nº 37504/2024,6 - Medicamentos,/compras/45751435000106/2024/609
45751435000106-1-000602/2024,,2024,602,45751435000106,MUNICIPIO DE PAULINIA,MUNICIPIO DE PAULINIA,Pregão - Eletrônico,Edital,Revogada,False,2024-12-09T15:26:30.890215,2025-03-13T10:26:46.770745776,,Paulínia,SP,Municipal,Edital nº 241/2024,AQUISIÇÃO DE ÓCULOS,/compras/45751435000106/2024/602
45751435000106-1-000231/2024,,2024,231,45751435000106,MUNICIPIO DE PAULINIA,MUNICIPIO DE PAULINIA,Pregão - Eletrônico,Edital,Divulgada no PNCP,False,2024-05-28T12:18:54.608578,2024-08-21T11:22:04.438679,,Paulínia,SP,Municipal,Edital nº 90/2024,AQUISIÇÃO DE MOBILIÁRIOS DE ESCRITÓRIO,/compras/45751435000106/2024/231
45751435000106-1-000517/2024,,2024,517,45751435000106,MUNICIPIO DE PAULINIA,MUNICIPIO DE PAULINIA,Inexigibilidade,Ato que autoriza a Contratação Direta,Divulgada no PNCP,False,2024-10-31T15:43:41.887234,2024-10-31T15:43:41.887234,,Paulínia,SP,Municipal,Ato que autoriza a Contratação Direta nº 29585/2024,17 - Outras prestações de serviços,/compras/45751435000106/2024/517
45751435000106-1-000113/2024,,2024,113,45751435000106,MUNICIPIO DE PAULINIA,MUNICIPIO DE PAULINIA,Dispensa,Aviso de Contratação Direta,Divulgada no PNCP,False,2024-04-11T14:36:51.903234,2024-11-05T09:29:36.583056,,Paulínia,SP,Municipal,Aviso de Contratação Direta nº 12835/2024,AQUISIÇÃO DE LACRES DE SEGURANÇA,/compras/45751435000106/2024/113
45751435000106-1-000027/2024,,2024,27,45751435000106,MUNICIPIO DE PAULINIA,MUNICIPIO DE PAULINIA,Dispensa,Aviso de Contratação Direta,Divulgada no PNCP,False,2024-02-19T12:11:22.216443,2024-11-05T09:33:46.490725,,Paulínia,SP,Municipal,Aviso de Contratação Direta nº 5526/2024,AQUISIÇÃO DE COLCHÕES PNEUMÁTICOS.,/compras/45751435000106/2024/27
45751435000106-1-000399/2024,,2024,399,45751435000106,MUNICIPIO DE PAULINIA,MUNICIPIO DE PAULINIA,Pregão - Eletrônico,Edital,Divulgada no PNCP,False,2024-08-21T11:44:12.920844,2024-11-06T14:58:12.113295,,Paulínia,SP,Municipal,Edital nº 149/2024,AQUISIÇÃO DE MOBILIÁRIOS HOSPITALARES,/compras/45751435000106/2024/399
45751435000106-1-000563/2024,,2024,563,45751435000106,MUNICIPIO DE PAULINIA,MUNICIPIO DE PAULINIA,Inexigibilidade,Ato que autoriza a Contratação Direta,Divulgada no PNCP,False,2024-11-12T16:52:08.773499,2024-11-12T16:52:08.773499,,Paulínia,SP,Municipal,Ato que autoriza a Contratação Direta nº 33439/2024,8 - Serviços de consultoria,/compras/45751435000106/2024/563
45751435000106-1-000568/2024,,2024,568,45751435000106,MUNICIPIO DE PAULINIA,MUNICIPIO DE PAULINIA,Dispensa,Aviso de Contratação Direta,Divulgada no PNCP,False,2024-11-21T16:36:45.945292,2024-12-09T14:35:19.214409,,Paulínia,SP,Municipal,Aviso de Contratação Direta nº 32454/2024,17 - Outras prestações de serviços,/compras/45751435000106/2024/568
45751435000106-1-000023/2024,,2024,23,45751435000106,MUNICIPIO DE PAULINIA,MUNICIPIO DE PAULINIA,Dispensa,Aviso de Contratação Direta,Divulgada no PNCP,False,2024-02-09T09:57:46.404367,2024-02-22T11:34:09.372546,,Paulínia,SP,Municipal,Aviso de Contratação Direta nº 2067/2024,AQUISIÇÃO DE TELEFONE CELULAR SMARTPHONE.,/compras/45751435000106/2024/23
45751435000106-1-000233/2024,,2024,233,45751435000106,MUNICIPIO DE PAULINIA,MUNICIPIO DE PAULINIA,Dispensa,Aviso de Contratação Direta,Divulgada no PNCP,False,2024-05-29T09:54:16.266576,2024-06-06T16:17:59.759910,,Paulínia,SP,Municipal,Aviso de Contratação Direta nº 17384/2024,Contratação de Empresa especializada em Hospedagem ,/compras/45751435000106/2024/233
45751435000106-1-000258/2024,,2024,258,45751435000106,MUNICIPIO DE PAULINIA,MUNICIPIO DE PAULINIA,Dispensa,Aviso de Contratação Direta,Divulgada no PNCP,False,2024-06-10T14:29:10.609753,2024-06-18T14:00:21.436460,,Paulínia,SP,Municipal,Aviso de Contratação Direta nº 17867/2024,Contratação de Empresa Especializada em Embalagens.,/compras/45751435000106/2024/258
45751435000106-1-000268/2024,,2024,268,45751435000106,MUNICIPIO DE PAULINIA,MUNICIPIO DE PAULINIA,Pregão - Eletrônico,Edital,Divulgada no PNCP,False,2024-06-13T14:45:57.662634,2024-07-05T10:37:19.881167,,Paulínia,SP,Municipal,Edital nº 104/2024,AQUISIÇÃO DE NUTRIÇÃO PARENTERAL PROLONGADA,/compras/45751435000106/2024/268
45751435000106-1-000357/2024,,2024,357,45751435000106,MUNICIPIO DE PAULINIA,MUNICIPIO DE PAULINIA,Dispensa,Aviso de Contratação Direta,Divulgada no PNCP,False,2024-07-31T15:32:33.195557,2024-07-31T15:32:33.195557,,Paulínia,SP,Municipal,Aviso de Contratação Direta nº 23362/2024,Renovação da Apólice de Seguro de Automóvel.,/compras/45751435000106/2024/357
45751435000106-1-000243/2024,,2024,243,45751435000106,MUNICIPIO DE PAULINIA,MUNICIPIO DE PAULINIA,Pregão - Eletrônico,Edital,Divulgada no PNCP,False,2024-06-03T16:16:20.126020,2024-09-03T13:06:41.480640,,Paulínia,SP,Municipal,Edital nº 96/2024,AQUISIÇÃO DE EQUIPAMENTOS MÉDICOS HOSPITALARES,/compras/45751435000106/2024/243
45751435000106-1-000365/2024,,2024,365,45751435000106,MUNICIPIO DE PAULINIA,MUNICIPIO DE PAULINIA,Pregão - Eletrônico,Edital,Divulgada no PNCP,False,2024-08-02T11:14:57.648015,2024-09-09T09:01:04.351632,,Paulínia,SP,Municipal,Edital nº 133/2024,AQUISIÇÃO DE CAMAS HOSPITALARES E BERÇOS,/compras/45751435000106/2024/365
45751435000106-1-000336/2024,,2024,336,45751435000106,MUNICIPIO DE PAULINIA,MUNICIPIO DE PAULINIA,Pregão - Eletrônico,Edital,Divulgada no PNCP,False,2024-07-19T14:42:30.552967,2024-10-11T10:50:22.942921,,Paulínia,SP,Municipal,Edital nº 125/2024,AQUISIÇÃO DE EQUIPAMENTOS MÉDICOS HOSPITALARES,/compras/45751435000106/2024/336
45751435000106-1-000453/2024,,2024,453,45751435000106,MUNICIPIO DE PAULINIA,MUNICIPIO DE PAULINIA,Dispensa,Aviso de Contratação Direta,Divulgada no PNCP,False,2024-09-11T13:44:36.155119,2024-11-04T14:37:25.586647,,Paulínia,SP,Municipal,Aviso de Contratação Direta nº 29206/2024,AQUISIÇÃO DE SUPORTE PARA TV,/compras/45751435000106/2024/453
45751435000106-1-000025/2024,,2024,25,45751435000106,MUNICIPIO DE PAULINIA,MUNICIPIO DE PAULINIA,Dispensa,Aviso de Contratação Direta,Divulgada no PNCP,False,2024-02-15T10:15:50.469963,2024-11-04T14:44:13.809802,,Paulínia,SP,Municipal,Aviso de Contratação Direta nº 4683/2024,AQUISIÇÃO DE TERMÔMETRO PIRÔMETRO INFRAVERMELHO,/compras/45751435000106/2024/25
45751435000106-1-000553/2024,,2024,553,45751435000106,MUNICIPIO DE PAULINIA,MUNICIPIO DE PAULINIA,Pregão - Eletrônico,Edital,Divulgada no PNCP,False,2024-11-08T14:49:27.298129,2024-11-08T14:49:27.298129,,Paulínia,SP,Municipal,Edital nº 215/2024,AQUISIÇÃO DE INSTRUMENTAIS CIRÚRGICOS E DE VIDEOCIRURGIAS,/compras/45751435000106/2024/553
45751435000106-1-000637/2024,,2024,637,45751435000106,MUNICIPIO DE PAULINIA,MUNICIPIO DE PAULINIA,Pregão - Eletrônico,Edital,Divulgada no PNCP,False,2025-02-25T10:12:41.787696,2025-02-25T10:12:41.787696,,Paulínia,SP,Municipal,Edital nº 0000201\2024/2024,AQUISIÇÃO DE INSTRUMENTAIS CIRÚRGICOS E DE VIDEOCIRURGIAS,/compras/45751435000106/2024/637
45751435000106-1-000044/2024,,2024,44,45751435000106,MUNICIPIO DE PAULINIA,MUNICIPIO DE PAULINIA,Dispensa,Aviso de Contratação Direta,Divulgada no PNCP,False,2024-03-12T09:39:05.878637,2024-03-12T09:39:05.878637,,Paulínia,SP,Municipal,Aviso de Contratação Direta nº 9146/2024,AQUISIÇÃO DE MEIAS DE COMPRESSÃO PÓS CIRÚRGICA. ,/compras/45751435000106/2024/44
45751435000106-1-000059/2024,,2024,59,45751435000106,MUNICIPIO DE PAULINIA,MUNICIPIO DE PAULINIA,Dispensa,Aviso de Contratação Direta,Divulgada no PNCP,False,2024-03-21T13:41:26.261583,2024-03-21T13:41:26.261583,,Paulínia,SP,Municipal,Aviso de Contratação Direta nº 10965/2024,AQUISIÇÃO DE TESTES PARA DETECÇÃO DA DENGUE,/compras/45751435000106/2024/59
45751435000106-1-000051/2024,,2024,51,45751435000106,MUNICIPIO DE PAULINIA,MUNICIPIO DE PAULINIA,Pregão - Eletrônico,Edital,Divulgada no PNCP,False,2024-03-14T11:20:02.999919,2024-04-08T14:55:33.261660,,Paulínia,SP,Municipal,Edital nº 21/2024,AQUISIÇÃO DE MOBILIÁRIO EM MDF E MOBILIÁRIO EM AÇO,/compras/45751435000106/2024/51
45751435000106-1-000148/2024,,2024,148,45751435000106,MUNICIPIO DE PAULINIA,MUNICIPIO DE PAULINIA,Pregão - Eletrônico,Edital,Divulgada no PNCP,False,2024-04-24T15:59:04.044358,2024-04-24T15:59:04.044358,,Paulínia,SP,Municipal,Edital nº 58/2024,REGISTRO DE PREÇOS PARA AQUISIÇÃO DE MEDICAMENTOS,/compras/45751435000106/2024/148
45751435000106-1-000175/2024,,2024,175,45751435000106,MUNICIPIO DE PAULINIA,MUNICIPIO DE PAULINIA,Pregão - Eletrônico,Edital,Divulgada no PNCP,False,2024-05-03T11:38:04.970374,2024-05-03T11:38:04.970374,,Paulínia,SP,Municipal,Edital nº 32/2024,REGISTRO DE PREÇOS PARA AQUISIÇÃO DE MEDICAMENTOS,/compras/45751435000106/2024/175
45751435000106-1-000164/2024,,2024,164,45751435000106,MUNICIPIO DE PAULINIA,MUNICIPIO DE PAULINIA,Dispensa,Aviso de Contratação Direta,Divulgada no PNCP,False,2024-04-30T08:22:53.853936,2024-05-09T16:29:41.605411,,Paulínia,SP,Municipal,Aviso de Contratação Direta nº 13115/2024,Aquisição de 03 (três) câmeras Webcam.,/compras/45751435000106/2024/164
45751435000106-1-000228/2024,,2024,228,45751435000106,MUNICIPIO DE PAULINIA,MUNICIPIO DE PAULINIA,Pregão - Eletrônico,Edital,Divulgada no PNCP,False,2024-05-28T10:57:19.479673,2024-05-28T10:57:19.479673,,Paulínia,SP,Municipal,Edital nº 37/2024,AQUISIÇÃO DE MOBILIÁRIO PARA CONSULTÓRIOS ODONTOLÓGICOS,/compras/45751435000106/2024/228
45751435000106-1-000184/2024,,2024,184,45751435000106,MUNICIPIO DE PAULINIA,MUNICIPIO DE PAULINIA,Pregão - Eletrônico,Edital,Divulgada no PNCP,False,2024-05-07T12:15:07.577934,2024-06-03T10:50:37.476278,,Paulínia,SP,Municipal,Edital nº 53/2024,REGISTRO DE PREÇOS PARA AQUISIÇÃO DE REPELENTES,/compras/45751435000106/2024/184
45751435000106-1-000194/2024,,2024,194,45751435000106,MUNICIPIO DE PAULINIA,MUNICIPIO DE PAULINIA,Pregão - Eletrônico,Edital,Divulgada no PNCP,False,2024-05-13T16:02:26.760599,2024-06-06T15:45:03.428140,,Paulínia,SP,Municipal,Edital nº 76/2024,AQUISIÇÃO DE MARCA-PASSO CARDÍACO EXTERNO,/compras/45751435000106/2024/194
45751435000106-1-000267/2024,,2024,267,45751435000106,MUNICIPIO DE PAULINIA,MUNICIPIO DE PAULINIA,Pregão - Eletrônico,Edital,Divulgada no PNCP,False,2024-06-13T13:24:04.116454,2024-06-13T13:24:04.116454,,Paulínia,SP,Municipal,Edital nº 69/2024,REGISTRO DE PREÇOS PARA AQUISIÇÃO DE CANABIDIOL,/compras/45751435000106/2024/267
45751435000106-1-000286/2024,,2024,286,45751435000106,MUNICIPIO DE PAULINIA,MUNICIPIO DE PAULINIA,Pregão - Eletrônico,Edital,Divulgada no PNCP,False,2024-06-20T09:35:37.871334,2024-06-27T11:06:30.037046,,Paulínia,SP,Municipal,Edital nº 98/2024,AQUISIÇÃO DE LONGARINAS PARA OS SERVIÇOS DE SAÚDE,/compras/45751435000106/2024/286
45751435000106-1-000257/2024,,2024,257,45751435000106,MUNICIPIO DE PAULINIA,MUNICIPIO DE PAULINIA,Dispensa,Aviso de Contratação Direta,Divulgada no PNCP,False,2024-06-10T08:43:41.194427,2024-07-03T13:38:52.196327,,Paulínia,SP,Municipal,Aviso de Contratação Direta nº 17175/2024,Aquisição de assinaturas de uso de software Autodesk,/compras/45751435000106/2024/257
45751435000106-1-000314/2024,,2024,314,45751435000106,MUNICIPIO DE PAULINIA,MUNICIPIO DE PAULINIA,Pregão - Eletrônico,Edital,Divulgada no PNCP,False,2024-07-03T13:51:43.991283,2024-07-29T09:47:23.559806,,Paulínia,SP,Municipal,Edital nº 119/2024,REGISTRO DE PREÇOS PARA AQUISIÇÃO DE VENTILADORES,/compras/45751435000106/2024/314
45751435000106-1-000419/2024,,2024,419,45751435000106,MUNICIPIO DE PAULINIA,MUNICIPIO DE PAULINIA,Dispensa,Aviso de Contratação Direta,Divulgada no PNCP,False,2024-08-29T10:45:55.579883,2024-08-29T10:45:55.579883,,Paulínia,SP,Municipal,Aviso de Contratação Direta nº 27655/2024,AQUISIÇÃO DE MOLDURA PARA ESPELHO DE POSTURA,/compras/45751435000106/2024/419
45751435000106-1-000434/2024,,2024,434,45751435000106,MUNICIPIO DE PAULINIA,MUNICIPIO DE PAULINIA,Pregão - Eletrônico,Edital,Divulgada no PNCP,False,2024-09-03T10:53:25.954749,2024-09-03T10:53:25.954749,,Paulínia,SP,Municipal,Edital nº 135/2024,REGISTRO DE PREÇOS PARA AQUISIÇÃO DE MEDICAMENTOS,/compras/45751435000106/2024/434
45751435000106-1-000278/2024,,2024,278,45751435000106,MUNICIPIO DE PAULINIA,MUNICIPIO DE PAULINIA,Pregão - Eletrônico,Edital,Divulgada no PNCP,False,2024-06-18T15:21:51.985996,2024-09-05T13:21:48.156419,,Paulínia,SP,Municipal,Edital nº 110/2024,AQUISIÇÃO ANUAL DE MOBILIÁRIO E MATERIAIS HOSPITALARES,/compras/45751435000106/2024/278
45751435000106-1-000428/2024,,2024,428,45751435000106,MUNICIPIO DE PAULINIA,MUNICIPIO DE PAULINIA,Pregão - Eletrônico,Edital,Divulgada no PNCP,False,2024-08-30T11:17:11.940493,2024-09-24T12:14:56.110133,,Paulínia,SP,Municipal,Edital nº 158/2024,REGISTRO DE PREÇOS PARA AQUISIÇÃO DE MEDICAMENTOS DIVERSOS,/compras/45751435000106/2024/428
45751435000106-1-000412/2024,,2024,412,45751435000106,MUNICIPIO DE PAULINIA,MUNICIPIO DE PAULINIA,Pregão - Eletrônico,Edital,Divulgada no PNCP,False,2024-08-26T15:34:21.028248,2024-10-02T16:35:14.669992,,Paulínia,SP,Municipal,Edital nº 153/2024,REGISTRO DE PREÇOS PARA AQUISIÇÃO DE PLAYGROUND,/compras/45751435000106/2024/412
45751435000106-1-000499/2024,,2024,499,45751435000106,MUNICIPIO DE PAULINIA,MUNICIPIO DE PAULINIA,Dispensa,Aviso de Contratação Direta,Divulgada no PNCP,False,2024-10-09T14:14:44.427724,2024-10-21T10:28:07.234299,,Paulínia,SP,Municipal,Aviso de Contratação Direta nº 32032/2024,SEGURO PREDIAL POSTO POUPATEMPO PAULÍNIA,/compras/45751435000106/2024/499
45751435000106-1-000512/2024,,2024,512,45751435000106,MUNICIPIO DE PAULINIA,MUNICIPIO DE PAULINIA,Dispensa,Ato que autoriza a Contratação Direta,Divulgada no PNCP,False,2024-10-30T10:14:33.939529,2024-10-30T10:14:33.939529,,Paulínia,SP,Municipal,Ato que autoriza a Contratação Direta nº 31054/2024,MEDICAMENTO PARA CUMPRIMENTO DE AÇÃO JUDICIAL,/compras/45751435000106/2024/512
45751435000106-1-000515/2024,,2024,515,45751435000106,MUNICIPIO DE PAULINIA,MUNICIPIO DE PAULINIA,Inexigibilidade,Ato que autoriza a Contratação Direta,Divulgada no PNCP,False,2024-10-30T13:11:18.267661,2024-10-30T13:11:18.267661,,Paulínia,SP,Municipal,Ato que autoriza a Contratação Direta nº 31936/2024,AQUISIÇÃO DE BOMBA DE INFUSÃO DE INSULINA E INSUMOS,/compras/45751435000106/2024/515
45751435000106-1-000521/2024,,2024,521,45751435000106,MUNICIPIO DE PAULINIA,MUNICIPIO DE PAULINIA,Dispensa,Ato que autoriza a Contratação Direta,Divulgada no PNCP,False,2024-11-04T16:02:31.667445,2024-11-04T16:02:31.667445,,Paulínia,SP,Municipal,Ato que autoriza a Contratação Direta nº 31939/2024,"AQUISIÇÃO DE BOMBA DE INFUSÃO, DE INSULINA E INSUMOS.",/compras/45751435000106/2024/521
45751435000106-1-000575/2024,,2024,575,45751435000106,MUNICIPIO DE PAULINIA,MUNICIPIO DE PAULINIA,Pregão - Eletrônico,Edital,Divulgada no PNCP,False,2024-11-27T11:24:53.908587,2024-12-16T09:30:48.972918,,Paulínia,SP,Municipal,Edital nº 230/2024,REGISTRO DE PREÇOS PARA AQUISIÇÃO DE HORTIFRUTIGRANJEIROS,/compras/45751435000106/2024/575
45751435000106-1-000594/2024,,2024,594,45751435000106,MUNICIPIO DE PAULINIA,MUNICIPIO DE PAULINIA,Pregão - Eletrônico,Edital,Divulgada no PNCP,False,2024-12-09T08:58:12.756969,2025-03-10T11:16:21.348041177,,Paulínia,SP,Municipal,Edital nº 236/2024,AQUISIÇÃO DE MATERIAL DE EXPEDIENTE E JOGOS PEDAGÓGICOS,/compras/45751435000106/2024/594
45751435000106-1-000003/2024,,2024,3,45751435000106,MUNICIPIO DE PAULINIA,MUNICIPIO DE PAULINIA,Pregão - Eletrônico,Edital,Divulgada no PNCP,False,2024-01-22T11:44:19.884743,2024-01-22T11:44:19.884743,,Paulínia,SP,Municipal,Edital nº 03/2024,REGISTRO DE PREÇOS PARA AQUISIÇÃO DE KITS ESCOLARES,/compras/45751435000106/2024/3
45751435000106-1-000021/2024,,2024,21,45751435000106,MUNICIPIO DE PAULINIA,MUNICIPIO DE PAULINIA,Dispensa,Aviso de Contratação Direta,Divulgada no PNCP,False,2024-02-08T14:51:51.967417,2024-02-22T11:34:19.250049,,Paulínia,SP,Municipal,Aviso de Contratação Direta nº 1355/2024,"AQUISIÇÃO DE BEBEDOURO DE ÁGUA ELÉTRICO, DE MESA, COM COMPRESSOR.",/compras/45751435000106/2024/21
45751435000106-1-000017/2024,,2024,17,45751435000106,MUNICIPIO DE PAULINIA,MUNICIPIO DE PAULINIA,Pregão - Eletrônico,Edital,Divulgada no PNCP,False,2024-02-06T15:53:33.603562,2024-03-21T08:45:33.605635,,Paulínia,SP,Municipal,Edital nº 13/2024,CONTRATAÇÃO DE EMPRESA PARA MANUTENÇÃO DE CAMPOS DE FUTEBOL,/compras/45751435000106/2024/17
45751435000106-1-000122/2024,,2024,122,45751435000106,MUNICIPIO DE PAULINIA,MUNICIPIO DE PAULINIA,Dispensa,Aviso de Contratação Direta,Divulgada no PNCP,False,2024-04-16T14:06:58.578286,2024-04-16T14:06:58.578286,,Paulínia,SP,Municipal,Aviso de Contratação Direta nº 13225/2024,AQUISIÇÃO DE CARRINHO PARA TRANSPORTAR CILINDRO DE OXIGÊNIO.,/compras/45751435000106/2024/122
45751435000106-1-000134/2024,,2024,134,45751435000106,MUNICIPIO DE PAULINIA,MUNICIPIO DE PAULINIA,Dispensa,Aviso de Contratação Direta,Divulgada no PNCP,False,2024-04-22T11:16:47.809881,2024-04-22T11:16:47.809881,,Paulínia,SP,Municipal,Aviso de Contratação Direta nº 7555/2024,Aquisição de impressora de cartão de identificação em PVC e seus componentes.,/compras/45751435000106/2024/134
45751435000106-1-000024/2024,,2024,24,45751435000106,MUNICIPIO DE PAULINIA,MUNICIPIO DE PAULINIA,Pregão - Eletrônico,Edital,Divulgada no PNCP,False,2024-02-09T10:57:36.772772,2024-04-23T15:22:16.874970,,Paulínia,SP,Municipal,Edital nº 17/2024,REGISTRO DE PREÇOS PARA AQUISIÇÃO DE MEDALHAS E TROFÉUS,/compras/45751435000106/2024/24
45751435000106-1-000190/2024,,2024,190,45751435000106,MUNICIPIO DE PAULINIA,MUNICIPIO DE PAULINIA,Pregão - Eletrônico,Edital,Divulgada no PNCP,False,2024-05-08T13:08:30.986443,2024-05-08T13:08:30.986443,,Paulínia,SP,Municipal,Edital nº 27/2024,REGISTRO DE PREÇOS PARA AQUISIÇÃO DE MEDICAMENTOS MANIPULADOS,/compras/45751435000106/2024/190
45751435000106-1-000221/2024,,2024,221,45751435000106,MUNICIPIO DE PAULINIA,MUNICIPIO DE PAULINIA,Pregão - Eletrônico,Edital,Divulgada no PNCP,False,2024-05-23T08:27:07.980560,2024-05-23T08:27:07.980560,,Paulínia,SP,Municipal,Edital nº 87/2024,REGISTRO DE PREÇOS PARA AQUISIÇÃO DE MEDICAMENTOS PSICOTRÓPICOS,/compras/45751435000106/2024/221
45751435000106-1-000234/2024,,2024,234,45751435000106,MUNICIPIO DE PAULINIA,MUNICIPIO DE PAULINIA,Pregão - Eletrônico,Edital,Divulgada no PNCP,False,2024-05-29T13:47:23.549298,2024-05-29T13:47:23.549298,,Paulínia,SP,Municipal,Edital nº 50/2024,REGISTRO DE PREÇOS PARA AQUISIÇÃO DE MATERIAIS HOSPITALARES,/compras/45751435000106/2024/234
45751435000106-1-000146/2024,,2024,146,45751435000106,MUNICIPIO DE PAULINIA,MUNICIPIO DE PAULINIA,Pregão - Eletrônico,Edital,Divulgada no PNCP,False,2024-04-24T14:55:14.114143,2024-05-29T14:57:33.250831,,Paulínia,SP,Municipal,Edital nº 56/2024,REGISTRO DE PREÇOS PARA AQUISIÇÃO DE MATERIAIS DESCARTÁVEIS,/compras/45751435000106/2024/146
45751435000106-1-000246/2024,,2024,246,45751435000106,MUNICIPIO DE PAULINIA,MUNICIPIO DE PAULINIA,Pregão - Eletrônico,Edital,Divulgada no PNCP,False,2024-06-04T13:53:58.878128,2024-06-04T13:53:58.878128,,Paulínia,SP,Municipal,Edital nº 97/2024,REGISTRO DE PREÇOS PARA AQUISIÇÃO DE FIOS CIRÚRGICOS,/compras/45751435000106/2024/246
45751435000106-1-000272/2024,,2024,272,45751435000106,MUNICIPIO DE PAULINIA,MUNICIPIO DE PAULINIA,Pregão - Eletrônico,Edital,Divulgada no PNCP,False,2024-06-14T14:20:46.273170,2024-06-14T14:20:46.273170,,Paulínia,SP,Municipal,Edital nº 105/2024,"AQUISIÇÃO DE SONÔMETROS, CALIBRADORES, IMPRESSORAS TÉRMICAS E PAPEL",/compras/45751435000106/2024/272
45751435000106-1-000248/2024,,2024,248,45751435000106,MUNICIPIO DE PAULINIA,MUNICIPIO DE PAULINIA,Dispensa,Aviso de Contratação Direta,Divulgada no PNCP,False,2024-06-05T11:51:22.285337,2024-06-17T09:03:52.186141,,Paulínia,SP,Municipal,Aviso de Contratação Direta nº 18665/2024,LICENÇA DE SOFTWARE ADOBE ACROBAT PRO DC.,/compras/45751435000106/2024/248
45751435000106-1-000213/2024,,2024,213,45751435000106,MUNICIPIO DE PAULINIA,MUNICIPIO DE PAULINIA,Pregão - Eletrônico,Edital,Divulgada no PNCP,False,2024-05-21T11:15:17.276391,2024-06-25T11:14:29.060905,,Paulínia,SP,Municipal,Edital nº 82/2024,REGISTRO DE PREÇOS PARA AQUISIÇÃO DE MEDICAMENTOS PADRONIZADOS,/compras/45751435000106/2024/213
45751435000106-1-000009/2024,,2024,9,45751435000106,MUNICIPIO DE PAULINIA,MUNICIPIO DE PAULINIA,Pregão - Eletrônico,Edital,Divulgada no PNCP,False,2024-01-25T15:39:32.546662,2024-06-25T11:59:32.214144,,Paulínia,SP,Municipal,Edital nº 08/2024,REGISTRO DE PREÇOS PARA AQUISIÇÃO DE MATERIAIS DE ESCRITÓRIO,/compras/45751435000106/2024/9
45751435000106-1-000284/2024,,2024,284,45751435000106,MUNICIPIO DE PAULINIA,MUNICIPIO DE PAULINIA,Pregão - Eletrônico,Edital,Divulgada no PNCP,False,2024-06-19T16:01:18.227436,2024-07-19T10:40:48.330739,,Paulínia,SP,Municipal,Edital nº 113/2024,AQUISIÇÃO DE EQUIPAMENTOS PARA A REDE DE ATENÇÃO BÁSICA,/compras/45751435000106/2024/284
45751435000106-1-000347/2024,,2024,347,45751435000106,MUNICIPIO DE PAULINIA,MUNICIPIO DE PAULINIA,Pregão - Eletrônico,Edital,Divulgada no PNCP,False,2024-07-25T12:18:41.357758,2024-07-25T12:18:41.357758,,Paulínia,SP,Municipal,Edital nº 81/2024,REGISTRO DE PREÇOS PARA AQUISIÇÃO DE MATERIAIS DE ESCRITÓRIO,/compras/45751435000106/2024/347
45751435000106-1-000290/2024,,2024,290,45751435000106,MUNICIPIO DE PAULINIA,MUNICIPIO DE PAULINIA,Pregão - Eletrônico,Edital,Divulgada no PNCP,False,2024-06-20T16:01:16.152177,2024-07-31T09:24:39.997155,,Paulínia,SP,Municipal,Edital nº 65/2024,REGISTRO DE PREÇOS PARA AQUISIÇÃO DE MATERIAIS DE ESCRITÓRIO,/compras/45751435000106/2024/290
45751435000106-1-000350/2024,,2024,350,45751435000106,MUNICIPIO DE PAULINIA,MUNICIPIO DE PAULINIA,Pregão - Eletrônico,Edital,Divulgada no PNCP,False,2024-07-26T16:04:27.037102,2024-07-31T10:57:37.678769,,Paulínia,SP,Municipal,Edital nº 128/2024,REGISTRO DE PREÇOS PARA AQUISIÇÃO DE CAFÉ E AÇÚCAR,/compras/45751435000106/2024/350
45751435000106-1-000369/2024,,2024,369,45751435000106,MUNICIPIO DE PAULINIA,MUNICIPIO DE PAULINIA,Dispensa,Aviso de Contratação Direta,Divulgada no PNCP,False,2024-08-05T15:11:40.275640,2024-08-05T15:11:40.275640,,Paulínia,SP,Municipal,Aviso de Contratação Direta nº 24950/2024,AQUISIÇÃO DE SQUEEZE PARA O EVENTO “OUTUBRO ROSA”.,/compras/45751435000106/2024/369
45751435000106-1-000007/2024,,2024,7,45751435000106,MUNICIPIO DE PAULINIA,MUNICIPIO DE PAULINIA,Pregão - Eletrônico,Edital,Divulgada no PNCP,False,2024-01-25T10:19:10.366544,2024-08-15T15:04:01.070207,,Paulínia,SP,Municipal,Edital nº 06/2024,REGISTRO DE PREÇOS PARA AQUISIÇÃO DE UNIFORMES PROFISSIONAIS,/compras/45751435000106/2024/7
45751435000106-1-000349/2024,,2024,349,45751435000106,MUNICIPIO DE PAULINIA,MUNICIPIO DE PAULINIA,Pregão - Eletrônico,Edital,Divulgada no PNCP,False,2024-07-25T17:06:51.260198,2024-08-21T15:40:22.614506,,Paulínia,SP,Municipal,Edital nº 127/2024,AQUISIÇÃO DE MEDICAMENTO PARA CUMPRIMENTO DE DECISÃO JUDICIAL.,/compras/45751435000106/2024/349
45751435000106-1-000364/2024,,2024,364,45751435000106,MUNICIPIO DE PAULINIA,MUNICIPIO DE PAULINIA,Pregão - Eletrônico,Edital,Divulgada no PNCP,False,2024-08-02T10:33:56.031169,2024-08-22T15:06:22.209729,,Paulínia,SP,Municipal,Edital nº 134/2024,REGISTRO DE PREÇOS PARA AQUISIÇÃO DE MEDICAMENTOS ONCOLÓGICOS,/compras/45751435000106/2024/364
45751435000106-1-000359/2024,,2024,359,45751435000106,MUNICIPIO DE PAULINIA,MUNICIPIO DE PAULINIA,Pregão - Eletrônico,Edital,Divulgada no PNCP,False,2024-08-01T10:50:31.020404,2024-08-28T11:18:03.408960,,Paulínia,SP,Municipal,Edital nº 130/2024,REGISTRO DE PREÇOS PARA AQUISIÇÃO DE SERINGAS E AGULHAS,/compras/45751435000106/2024/359
45751435000106-1-000367/2024,,2024,367,45751435000106,MUNICIPIO DE PAULINIA,MUNICIPIO DE PAULINIA,Pregão - Eletrônico,Edital,Divulgada no PNCP,False,2024-08-02T15:22:12.129119,2024-08-28T12:22:50.068709,,Paulínia,SP,Municipal,Edital nº 137/2024,REGISTRO DE PREÇOS PARA AQUISIÇÃO DE MEDICAMENTOS ANTIBIÓTICOS,/compras/45751435000106/2024/367
45751435000106-1-000401/2024,,2024,401,45751435000106,MUNICIPIO DE PAULINIA,MUNICIPIO DE PAULINIA,Pregão - Eletrônico,Edital,Divulgada no PNCP,False,2024-08-22T10:41:51.200761,2024-09-10T09:52:25.471103,,Paulínia,SP,Municipal,Edital nº 151/2024,REGISTRO DE PREÇOS PARA AQUISIÇÃO ANUAL DE MEDICAMENTOS,/compras/45751435000106/2024/401
45751435000106-1-000299/2024,,2024,299,45751435000106,MUNICIPIO DE PAULINIA,MUNICIPIO DE PAULINIA,Pregão - Eletrônico,Edital,Divulgada no PNCP,False,2024-06-25T17:03:52.066832,2024-09-11T11:57:27.827269,,Paulínia,SP,Municipal,Edital nº 116/2024,AQUISIÇÃO DE MOBILIÁRIO PARA A REDE DE ATENÇÃO BÁSICA,/compras/45751435000106/2024/299
45751435000106-1-000438/2024,,2024,438,45751435000106,MUNICIPIO DE PAULINIA,MUNICIPIO DE PAULINIA,Pregão - Eletrônico,Edital,Divulgada no PNCP,False,2024-09-04T15:29:11.938551,2024-09-26T10:01:11.452502,,Paulínia,SP,Municipal,Edital nº 162/2024,REGISTRO DE PREÇOS PARA AQUISIÇÃO DE INSTRUMENTAIS CIRÚRGICOS,/compras/45751435000106/2024/438
45751435000106-1-000445/2024,,2024,445,45751435000106,MUNICIPIO DE PAULINIA,MUNICIPIO DE PAULINIA,Pregão - Eletrônico,Edital,Divulgada no PNCP,False,2024-09-09T16:09:26.001077,2024-10-04T16:41:08.927762,,Paulínia,SP,Municipal,Edital nº 164/2024,REGISTRO DE PREÇOS PARA AQUISIÇÃO DE INSULINAS E ATENELOL.,/compras/45751435000106/2024/445
45751435000106-1-000423/2024,,2024,423,45751435000106,MUNICIPIO DE PAULINIA,MUNICIPIO DE PAULINIA,Pregão - Eletrônico,Edital,Divulgada no PNCP,False,2024-08-29T11:49:56.729610,2024-10-07T12:11:18.937070,,Paulínia,SP,Municipal,Edital nº 157/2024,REGISTRO DE PREÇOS PARA AQUISIÇÃO DE EQUIPOS SIMPLES,/compras/45751435000106/2024/423
45751435000106-1-000513/2024,,2024,513,45751435000106,MUNICIPIO DE PAULINIA,MUNICIPIO DE PAULINIA,Inexigibilidade,Ato que autoriza a Contratação Direta,Divulgada no PNCP,False,2024-10-30T10:30:29.696441,2024-10-30T10:30:29.696441,,Paulínia,SP,Municipal,Ato que autoriza a Contratação Direta nº 30384/2024,AQUISIÇÃO NECESSÁRIA PARA CUMPRIMENTO DE AÇÃO JUDICIAL,/compras/45751435000106/2024/513
45751435000106-1-000516/2024,,2024,516,45751435000106,MUNICIPIO DE PAULINIA,MUNICIPIO DE PAULINIA,Dispensa,Ato que autoriza a Contratação Direta,Divulgada no PNCP,False,2024-10-31T09:39:05.546570,2024-10-31T09:39:05.546570,,Paulínia,SP,Municipal,Ato que autoriza a Contratação Direta nº 30982/2024,CONTRATAÇÃO DE SERVIÇO PARA ATENDIMENTO DE AÇÃO JUDICIAL,/compras/45751435000106/2024/516
45751435000106-1-000425/2024,,2024,425,45751435000106,MUNICIPIO DE PAULINIA,MUNICIPIO DE PAULINIA,Dispensa,Aviso de Contratação Direta,Divulgada no PNCP,False,2024-08-29T13:59:22.703583,2024-11-04T14:44:07.394778,,Paulínia,SP,Municipal,Aviso de Contratação Direta nº 27656/2024,MATERIAIS DE CONSUMO PARA REABILITAÇÃO DE ADULTOS E OUTROS SERVIÇOS,/compras/45751435000106/2024/425
45751435000106-1-000288/2024,,2024,288,45751435000106,MUNICIPIO DE PAULINIA,MUNICIPIO DE PAULINIA,Dispensa,Aviso de Contratação Direta,Divulgada no PNCP,False,2024-06-20T13:49:33.579741,2024-11-04T14:45:12.515582,,Paulínia,SP,Municipal,Aviso de Contratação Direta nº 20285/2024,AQUSIÇÃO DE CESTO PARA GUINCHO DE TRANSFERÊNCIA DE PACIENTES,/compras/45751435000106/2024/288
45751435000106-1-000097/2024,,2024,97,45751435000106,MUNICIPIO DE PAULINIA,MUNICIPIO DE PAULINIA,Dispensa,Aviso de Contratação Direta,Divulgada no PNCP,False,2024-04-08T14:06:25.287451,2024-11-05T09:28:40.360578,,Paulínia,SP,Municipal,Aviso de Contratação Direta nº 12682/2024,Aquisição de Testes rápidos para Diagnóstico da Dengue,/compras/45751435000106/2024/97
45751435000106-1-000388/2024,,2024,388,45751435000106,MUNICIPIO DE PAULINIA,MUNICIPIO DE PAULINIA,Pregão - Eletrônico,Edital,Divulgada no PNCP,False,2024-08-15T11:24:59.474179,2024-11-08T10:09:01.527641,,Paulínia,SP,Municipal,Edital nº 146/2024,REGISTRO DE PREÇOS PARA AQUISIÇÃO DE MATERIAIS HOSPITALARES DIVERSOS,/compras/45751435000106/2024/388
45751435000106-1-000545/2024,,2024,545,45751435000106,MUNICIPIO DE PAULINIA,MUNICIPIO DE PAULINIA,Dispensa,Aviso de Contratação Direta,Divulgada no PNCP,False,2024-11-08T10:24:14.968464,2024-11-08T10:24:14.968464,,Paulínia,SP,Municipal,Aviso de Contratação Direta nº 35036/2024,AQUISIÇÃO DE DO MEDICAMENTO SULFADIAZINA 500 MG COMPRIMIDO,/compras/45751435000106/2024/545
45751435000106-1-000520/2024,,2024,520,45751435000106,MUNICIPIO DE PAULINIA,MUNICIPIO DE PAULINIA,Pregão - Eletrônico,Edital,Divulgada no PNCP,False,2024-11-04T09:26:51.203241,2024-12-03T08:39:51.572400,,Paulínia,SP,Municipal,Edital nº 204/2024,REGISTRO DE PREÇOS PARA AQUISIÇÃO DE MATERIAIS DE LIMPEZA,/compras/45751435000106/2024/520
45751435000106-1-000242/2024,,2024,242,45751435000106,MUNICIPIO DE PAULINIA,MUNICIPIO DE PAULINIA,Pregão - Eletrônico,Edital,Divulgada no PNCP,False,2024-06-03T15:50:10.532697,2025-02-13T10:09:21.769587,,Paulínia,SP,Municipal,Edital nº 95/2024,REGISTRO DE PREÇOS PARA AQUISIÇÃO DE MATERIAIS DE OSTOMIA,/compras/45751435000106/2024/242
45751435000106-1-000018/2024,,2024,18,45751435000106,MUNICIPIO DE PAULINIA,MUNICIPIO DE PAULINIA,Dispensa,Aviso de Contratação Direta,Divulgada no PNCP,False,2024-02-07T15:19:38.469911,2024-02-19T13:47:50.459563,,Paulínia,SP,Municipal,Aviso de Contratação Direta nº 3215/2024,CONJUNTO DE TRÊS BANDEIRAS EXTERNAS CONFORME TERMO DE REFERÊNCIA.,/compras/45751435000106/2024/18
45751435000106-1-000013/2024,,2024,13,45751435000106,MUNICIPIO DE PAULINIA,MUNICIPIO DE PAULINIA,Pregão - Eletrônico,Edital,Divulgada no PNCP,False,2024-01-26T10:18:33.954546,2024-02-29T11:14:31.901329,,Paulínia,SP,Municipal,Edital nº 10/2024,REGISTRO DE PREÇOS PARA AQUISIÇÃO DE MATERIAL MÉDICO HOSPITALAR,/compras/45751435000106/2024/13
45751435000106-1-000035/2024,,2024,35,45751435000106,MUNICIPIO DE PAULINIA,MUNICIPIO DE PAULINIA,Dispensa,Aviso de Contratação Direta,Divulgada no PNCP,False,2024-02-29T12:24:07.936755,2024-03-07T08:30:59.937302,,Paulínia,SP,Municipal,Aviso de Contratação Direta nº 5124/2024,"Aquisição de aparelhos de Ar Condicionado para o Almoxarifado Central.
",/compras/45751435000106/2024/35
45751435000106-1-000043/2024,,2024,43,45751435000106,MUNICIPIO DE PAULINIA,MUNICIPIO DE PAULINIA,Dispensa,Aviso de Contratação Direta,Divulgada no PNCP,False,2024-03-07T14:20:18.484365,2024-03-18T10:36:15.956955,,Paulínia,SP,Municipal,Aviso de Contratação Direta nº 7465/2024,Serviços de confecção de carimbos para Procuradoria Geral do Município,/compras/45751435000106/2024/43
45751435000106-1-000182/2024,,2024,182,45751435000106,MUNICIPIO DE PAULINIA,MUNICIPIO DE PAULINIA,Pregão - Eletrônico,Edital,Divulgada no PNCP,False,2024-05-07T08:38:29.000883,2024-05-07T08:38:29.000883,,Paulínia,SP,Municipal,Edital nº 71/2024,AQUISIÇÃO DE CÂMARA DE CONSERVAÇÃO PARA ARMAZENAMENTO DE MEDICAMENTOS TERMOLÁBEIS,/compras/45751435000106/2024/182
45751435000106-1-000183/2024,,2024,183,45751435000106,MUNICIPIO DE PAULINIA,MUNICIPIO DE PAULINIA,Pregão - Eletrônico,Edital,Divulgada no PNCP,False,2024-05-07T11:18:31.030277,2024-05-07T11:18:31.030277,,Paulínia,SP,Municipal,Edital nº 40/2024,REGISTRO DE PREÇOS PARA AQUISIÇÃO DE MEDICAMENTOS DARATUMUMABE E LENALIDOMIDA,/compras/45751435000106/2024/183
45751435000106-1-000143/2024,,2024,143,45751435000106,MUNICIPIO DE PAULINIA,MUNICIPIO DE PAULINIA,Pregão - Eletrônico,Edital,Divulgada no PNCP,False,2024-04-24T09:38:15.349576,2024-05-29T11:13:39.006434,,Paulínia,SP,Municipal,Edital nº 23/2024,AQUISIÇÃO DE EQUIPAMENTOS PARA IMPLANTAÇÃO DE CURSOS DE PANIFICAÇÃO E CONFEITARIA,/compras/45751435000106/2024/143
45751435000106-1-000206/2024,,2024,206,45751435000106,MUNICIPIO DE PAULINIA,MUNICIPIO DE PAULINIA,Dispensa,Aviso de Contratação Direta,Divulgada no PNCP,False,2024-05-17T16:11:36.415254,2024-05-29T12:27:04.756065,,Paulínia,SP,Municipal,Aviso de Contratação Direta nº 14735/2024,AQUISIÇÃO DE INSTRUMENTOS MUSICAIS PARA A FANFARRA DO MUNICÍPIO DE PAULÍNIA.,/compras/45751435000106/2024/206
45751435000106-1-000240/2024,,2024,240,45751435000106,MUNICIPIO DE PAULINIA,MUNICIPIO DE PAULINIA,Pregão - Eletrônico,Edital,Divulgada no PNCP,False,2024-06-03T13:16:32.651105,2024-06-27T10:41:27.340807,,Paulínia,SP,Municipal,Edital nº 94/2024,CONTRATAÇÃO DE EMPRESA PARA FORNECIMENTO DE ALIMENTAÇÃO NOS JOGOS REGIONAIS,/compras/45751435000106/2024/240
45751435000106-1-000279/2024,,2024,279,45751435000106,MUNICIPIO DE PAULINIA,MUNICIPIO DE PAULINIA,Pregão - Eletrônico,Edital,Divulgada no PNCP,False,2024-06-19T08:31:48.614231,2024-07-11T13:15:20.579724,,Paulínia,SP,Municipal,Edital nº 108/2024,REGISTRO DE PREÇOS PARA AQUISIÇÃO DE MEDICAMENTO TRASTUZUMABE DERUXTECANA,/compras/45751435000106/2024/279
45751435000106-1-000280/2024,,2024,280,45751435000106,MUNICIPIO DE PAULINIA,MUNICIPIO DE PAULINIA,Pregão - Eletrônico,Edital,Divulgada no PNCP,False,2024-06-19T08:59:36.879506,2024-07-15T12:35:05.903200,,Paulínia,SP,Municipal,Edital nº 111/2024,REGISTRO DE PREÇOS PARA AQUISIÇÃO DE LUVA DE PROCEDIMENTO DE VINIL,/compras/45751435000106/2024/280
45751435000106-1-000330/2024,,2024,330,45751435000106,MUNICIPIO DE PAULINIA,MUNICIPIO DE PAULINIA,Pregão - Eletrônico,Edital,Divulgada no PNCP,False,2024-07-17T10:41:44.052202,2024-07-17T14:09:15.122898,,Paulínia,SP,Municipal,Edital nº 62/2024,REGISTRO DE PREÇOS PARA AQUISIÇÃO DE MATERIAIS ODONTOLÓGICOS DE DENTÍSTICA,/compras/45751435000106/2024/330
45751435000106-1-000310/2024,,2024,310,45751435000106,MUNICIPIO DE PAULINIA,MUNICIPIO DE PAULINIA,Pregão - Eletrônico,Edital,Divulgada no PNCP,False,2024-07-02T12:03:53.880166,2024-07-23T12:24:04.164343,,Paulínia,SP,Municipal,Edital nº 118/2024,AQUISIÇÃO DE LAVADORAS E SECADORAS DE ROUPAS PARA AS ESCOLAS MUNICIPAIS,/compras/45751435000106/2024/310
45751435000106-1-000322/2024,,2024,322,45751435000106,MUNICIPIO DE PAULINIA,MUNICIPIO DE PAULINIA,Pregão - Eletrônico,Edital,Divulgada no PNCP,False,2024-07-11T12:07:00.947217,2024-08-06T13:42:46.825320,,Paulínia,SP,Municipal,Edital nº 121/2024,AQUISIÇÃO DE CONES FLEXÍVEIS E CAVALETES DE SINALIZAÇÃO E SEGURANÇA VIÁRIA,/compras/45751435000106/2024/322
45751435000106-1-000370/2024,,2024,370,45751435000106,MUNICIPIO DE PAULINIA,MUNICIPIO DE PAULINIA,Concorrência - Eletrônica,Edital,Divulgada no PNCP,False,2024-08-06T15:26:12.699756,2024-08-06T15:26:12.699756,,Paulínia,SP,Municipal,Edital nº 06/2024,CONTRATAÇÃO DE EMPRESA PARA IMPLANTAÇÃO DE PLAYGROUNDS NAS ESCOLAS MUNICIPAIS,/compras/45751435000106/2024/370
45751435000106-1-000346/2024,,2024,346,45751435000106,MUNICIPIO DE PAULINIA,MUNICIPIO DE PAULINIA,Pregão - Eletrônico,Edital,Divulgada no PNCP,False,2024-07-23T16:43:42.771907,2024-08-13T16:34:52.216544,,Paulínia,SP,Municipal,Edital nº 126/2024,AQUISIÇÃO DE REAGENTES IMUNOHEMATOLÓGICOS E MATERIAIS PARA EXAMES HEMOCOMPONENTES,/compras/45751435000106/2024/346
45751435000106-1-000273/2024,,2024,273,45751435000106,MUNICIPIO DE PAULINIA,MUNICIPIO DE PAULINIA,Pregão - Eletrônico,Edital,Divulgada no PNCP,False,2024-06-14T16:45:54.603903,2024-08-26T14:50:14.303009,,Paulínia,SP,Municipal,Edital nº 107/2024,REGISTRO DE PREÇOS PARA AQUISIÇÃO DE MATERIAIS MÉDICO-HOSPITALARES.,/compras/45751435000106/2024/273
45751435000106-1-000372/2024,,2024,372,45751435000106,MUNICIPIO DE PAULINIA,MUNICIPIO DE PAULINIA,Pregão - Eletrônico,Edital,Divulgada no PNCP,False,2024-08-07T13:28:40.931463,2024-09-02T10:24:25.335433,,Paulínia,SP,Municipal,Edital nº 139/2024,REGISTRO DE PREÇOS PARA AQUISIÇÃO DE MATERIAIS PARA ANESTESIA,/compras/45751435000106/2024/372
45751435000106-1-000439/2024,,2024,439,45751435000106,MUNICIPIO DE PAULINIA,MUNICIPIO DE PAULINIA,Pregão - Eletrônico,Edital,Divulgada no PNCP,False,2024-09-05T10:23:01.972705,2024-09-24T08:18:46.495836,,Paulínia,SP,Municipal,Edital nº 163/2024,REGISTRO DE PREÇOS PARA AQUISIÇÃO DE LUVAS CIRÚRGICAS E DE PROCEDIMENTO,/compras/45751435000106/2024/439
45751435000106-1-000502/2024,,2024,502,45751435000106,MUNICIPIO DE PAULINIA,MUNICIPIO DE PAULINIA,Dispensa,Aviso de Contratação Direta,Divulgada no PNCP,False,2024-10-22T10:51:04.342123,2024-11-04T14:19:52.978464,,Paulínia,SP,Municipal,Aviso de Contratação Direta nº 33003/2024,CONTRATAÇÃO DE EMPRESA PARA CONFECÇÃO DE CHAVES E SERVIÇOS DE CHAVEIRO,/compras/45751435000106/2024/502
45751435000106-1-000214/2024,,2024,214,45751435000106,MUNICIPIO DE PAULINIA,MUNICIPIO DE PAULINIA,Dispensa,Aviso de Contratação Direta,Divulgada no PNCP,False,2024-05-21T12:51:31.711472,2024-11-05T08:55:46.613161,,Paulínia,SP,Municipal,Aviso de Contratação Direta nº 14478/2024,Mobiliários para o Departamento de Reabilitação da Secretaria Municipal de Saúde,/compras/45751435000106/2024/214
45751435000106-1-000552/2024,,2024,552,45751435000106,MUNICIPIO DE PAULINIA,MUNICIPIO DE PAULINIA,Pregão - Eletrônico,Edital,Divulgada no PNCP,False,2024-11-08T14:24:07.550699,2024-11-08T14:24:07.550699,,Paulínia,SP,Municipal,Edital nº 218/2024,REGISTRO DE PREÇOS PARA AQUISIÇÃO DE MATERIAIS ODONTOLÓGICOS - DENTÍSTICA,/compras/45751435000106/2024/552
45751435000106-1-000072/2024,,2024,72,45751435000106,MUNICIPIO DE PAULINIA,MUNICIPIO DE PAULINIA,Dispensa,Aviso de Contratação Direta,Divulgada no PNCP,False,2024-03-27T16:12:31.051654,2024-04-09T09:02:49.305225,,Paulínia,SP,Municipal,Aviso de Contratação Direta nº 10830/2024,"Contratação de Empresa Especializada em Locação de cama com colchão, tamanho solteiro.",/compras/45751435000106/2024/72
45751435000106-1-000084/2024,,2024,84,45751435000106,MUNICIPIO DE PAULINIA,MUNICIPIO DE PAULINIA,Dispensa,Aviso de Contratação Direta,Divulgada no PNCP,False,2024-04-01T16:18:33.367225,2024-04-10T14:53:26.903833,,Paulínia,SP,Municipal,Aviso de Contratação Direta nº 11137/2024,Contratação de Empresa Especializada em confecção Camisetas Tecido Dry Fit.,/compras/45751435000106/2024/84
45751435000106-1-000030/2024,,2024,30,45751435000106,MUNICIPIO DE PAULINIA,MUNICIPIO DE PAULINIA,Pregão - Eletrônico,Edital,Divulgada no PNCP,False,2024-02-22T09:03:18.830956,2024-04-17T15:27:38.991386,,Paulínia,SP,Municipal,Edital nº 19/2024,AQUISIÇÃO DE EQUIPAMENTOS DE INFORMÁTICA PARA O DEPARTAMENTO DE LOGÍSTICA E NUTRIÇÃO ESCOLAR,/compras/45751435000106/2024/30
45751435000106-1-000173/2024,,2024,173,45751435000106,MUNICIPIO DE PAULINIA,MUNICIPIO DE PAULINIA,Pregão - Eletrônico,Edital,Divulgada no PNCP,False,2024-05-03T10:24:50.096860,2024-05-03T10:24:50.096860,,Paulínia,SP,Municipal,Edital nº 67/2024,REGISTRO DE PREÇOS PARA AQUISIÇÃO DE SENSOR DE GLICEMIA “FREESTYLE LIBRE”,/compras/45751435000106/2024/173
45751435000106-1-000187/2024,,2024,187,45751435000106,MUNICIPIO DE PAULINIA,MUNICIPIO DE PAULINIA,Pregão - Eletrônico,Edital,Divulgada no PNCP,False,2024-05-07T15:29:18.854504,2024-05-07T15:29:18.854504,,Paulínia,SP,Municipal,Edital nº 38/2024,REGISTRO DE PREÇOS PARA AQUISIÇÃO DE HEPARINA DE BAIXO PESO MOLECULAR,/compras/45751435000106/2024/187
45751435000106-1-000210/2024,,2024,210,45751435000106,MUNICIPIO DE PAULINIA,MUNICIPIO DE PAULINIA,Pregão - Eletrônico,Edital,Divulgada no PNCP,False,2024-05-21T09:37:30.292085,2024-06-14T13:06:31.651717,,Paulínia,SP,Municipal,Edital nº 84/2024,REGISTRO DE PREÇOS PARA AQUISIÇÃO DE FILTRO UMIDIFICADOR ANTIMICROBIANO / ANTIVIRAL,/compras/45751435000106/2024/210
45751435000106-1-000282/2024,,2024,282,45751435000106,MUNICIPIO DE PAULINIA,MUNICIPIO DE PAULINIA,Pregão - Eletrônico,Edital,Divulgada no PNCP,False,2024-06-19T13:02:20.909840,2024-06-19T13:02:20.909840,,Paulínia,SP,Municipal,Edital nº 89/2024,REGISTRO DE PREÇOS PARA AQUISIÇÃO DE MATERIAIS E INSTRUMENTAIS CIRÚRGICOS E GINECOLÓGICOS,/compras/45751435000106/2024/282
45751435000106-1-000293/2024,,2024,293,45751435000106,MUNICIPIO DE PAULINIA,MUNICIPIO DE PAULINIA,Pregão - Eletrônico,Edital,Divulgada no PNCP,False,2024-06-21T14:20:48.678177,2024-06-21T14:20:48.678177,,Paulínia,SP,Municipal,Edital nº 93/2024,REGISTRO DE PREÇOS PARA AQUISIÇÃO DE FRASCO PARA NUTRIÇÃO ENTERAL,/compras/45751435000106/2024/293
45751435000106-1-000260/2024,,2024,260,45751435000106,MUNICIPIO DE PAULINIA,MUNICIPIO DE PAULINIA,Pregão - Eletrônico,Edital,Divulgada no PNCP,False,2024-06-11T09:34:35.994466,2024-07-02T15:18:55.952003,,Paulínia,SP,Municipal,Edital nº 99/2024,AQUISIÇÃO DE MATERIAIS PARA UTILIZAÇÃO NO DEPARTAMENTO DE REABILITAÇÃO ADULTO,/compras/45751435000106/2024/260
45751435000106-1-000337/2024,,2024,337,45751435000106,MUNICIPIO DE PAULINIA,MUNICIPIO DE PAULINIA,Dispensa,Aviso de Contratação Direta,Divulgada no PNCP,False,2024-07-19T17:00:04.472757,2024-07-19T17:00:04.472757,,Paulínia,SP,Municipal,Aviso de Contratação Direta nº 23335/2024,AQUISIÇÃO DE MOBILIÁRIOS PARA UTILIZAÇÃO NO NOVO PRÉDIO DO DEREAB.,/compras/45751435000106/2024/337
45751435000106-1-000344/2024,,2024,344,45751435000106,MUNICIPIO DE PAULINIA,MUNICIPIO DE PAULINIA,Pregão - Eletrônico,Edital,Divulgada no PNCP,False,2024-07-23T11:22:53.989332,2024-07-23T11:22:53.989332,,Paulínia,SP,Municipal,Edital nº 73/2024,REGISTRO DE PREÇOS PARA AQUISIÇÃO DE INSUMOS PARA O SETOR DE MICROBIOLOGIA,/compras/45751435000106/2024/344
45751435000106-1-000375/2024,,2024,375,45751435000106,MUNICIPIO DE PAULINIA,MUNICIPIO DE PAULINIA,Dispensa,Aviso de Contratação Direta,Divulgada no PNCP,False,2024-08-08T08:09:30.869562,2024-08-14T09:04:03.686868,,Paulínia,SP,Municipal,Aviso de Contratação Direta nº 24387/2024,Contratação de Empresa para fornecimento de LEITOR BIOMÉTRICO FS 80H.,/compras/45751435000106/2024/375
45751435000106-1-000383/2024,,2024,383,45751435000106,MUNICIPIO DE PAULINIA,MUNICIPIO DE PAULINIA,Pregão - Eletrônico,Edital,Divulgada no PNCP,False,2024-08-14T12:28:23.206286,2024-08-14T12:28:23.206286,,Paulínia,SP,Municipal,Edital nº 145/2024,REGISTRO DE PREÇOS PARA AQUISIÇÃO DE CONTRASTE RADIOLÓGICO PARA TOMOGRAFIA,/compras/45751435000106/2024/383
45751435000106-1-000363/2024,,2024,363,45751435000106,MUNICIPIO DE PAULINIA,MUNICIPIO DE PAULINIA,Pregão - Eletrônico,Edital,Divulgada no PNCP,False,2024-08-02T09:13:48.181851,2024-09-05T16:49:53.405159,,Paulínia,SP,Municipal,Edital nº 131/2024,REGISTRO DE PREÇOS PARA AQUISIÇÃO DE MATERIAIS PARA ASSISTÊNCIA RESPIRATÓRIA,/compras/45751435000106/2024/363
45751435000106-1-000277/2024,,2024,277,45751435000106,MUNICIPIO DE PAULINIA,MUNICIPIO DE PAULINIA,Concorrência - Eletrônica,Edital,Divulgada no PNCP,False,2024-06-17T15:20:29.007087,2024-09-09T09:25:37.173489,,Paulínia,SP,Municipal,Edital nº 03/2024,CONTRATAÇÃO DE EMPRESA / CONSÓRCIO DE EMPRESAS PARA REFORMA DO PAVILHÃO DE EVENTOS,/compras/45751435000106/2024/277
45751435000106-1-000373/2024,,2024,373,45751435000106,MUNICIPIO DE PAULINIA,MUNICIPIO DE PAULINIA,Pregão - Eletrônico,Edital,Divulgada no PNCP,False,2024-08-07T13:57:53.600941,2024-09-19T15:09:57.873120,,Paulínia,SP,Municipal,Edital nº 141/2024,REGISTRO DE PREÇOS PARA AQUISIÇÃO DE MEDICAMENTOS FORNECIDOS EM AÇÕES JUDICIAIS,/compras/45751435000106/2024/373
45751435000106-1-000421/2024,,2024,421,45751435000106,MUNICIPIO DE PAULINIA,MUNICIPIO DE PAULINIA,Pregão - Eletrônico,Edital,Divulgada no PNCP,False,2024-08-29T11:18:26.041497,2024-09-24T11:04:35.863878,,Paulínia,SP,Municipal,Edital nº 155/2024,REGISTRO DE PREÇOS PARA AQUISIÇÃO DE CANETAS PARA BISTURIS ELÉTRICOS,/compras/45751435000106/2024/421
45751435000106-1-000315/2024,,2024,315,45751435000106,MUNICIPIO DE PAULINIA,MUNICIPIO DE PAULINIA,Pregão - Eletrônico,Edital,Revogada,False,2024-07-04T10:10:51.605948,2024-10-09T11:04:23.563193,,Paulínia,SP,Municipal,Edital nº 120/2024,"REGISTRO DE PREÇOS PARA AQUISIÇÃO DE CADEIRAS DE RODAS MOTORIZADAS, SOB MEDIDA",/compras/45751435000106/2024/315
45751435000106-1-000462/2024,,2024,462,45751435000106,MUNICIPIO DE PAULINIA,MUNICIPIO DE PAULINIA,Pregão - Eletrônico,Edital,Divulgada no PNCP,False,2024-09-18T10:09:52.637387,2024-10-09T13:41:05.766478,,Paulínia,SP,Municipal,Edital nº 173/2024,REGISTRO DE PREÇOS PARA AQUISIÇÃO DE MATERIAIS DE CONSUMO MÉDICOS HOSPILALARES,/compras/45751435000106/2024/462
45751435000106-1-000524/2024,,2024,524,45751435000106,MUNICIPIO DE PAULINIA,MUNICIPIO DE PAULINIA,Dispensa,Ato que autoriza a Contratação Direta,Divulgada no PNCP,False,2024-11-05T11:07:09.049163,2024-11-05T11:17:32.847138,,Paulínia,SP,Municipal,Ato que autoriza a Contratação Direta nº 33003/2024 a/2024,CONTRATAÇÃO DE EMPRESA PARA CONFECÇÃO DE CHAVES E SERVIÇOS DE CHAVEIRO,/compras/45751435000106/2024/524
45751435000106-1-000551/2024,,2024,551,45751435000106,MUNICIPIO DE PAULINIA,MUNICIPIO DE PAULINIA,Pregão - Eletrônico,Edital,Divulgada no PNCP,False,2024-11-08T13:48:04.855036,2024-11-08T13:48:04.855036,,Paulínia,SP,Municipal,Edital nº 201/2024,REGISTRO DE PREÇOS PARA AQUISIÇÃO ANUAL DE MATERIAIS PARA ENDOSCOPIA,/compras/45751435000106/2024/551
45751435000106-1-000560/2024,,2024,560,45751435000106,MUNICIPIO DE PAULINIA,MUNICIPIO DE PAULINIA,Dispensa,Ato que autoriza a Contratação Direta,Divulgada no PNCP,False,2024-11-12T10:06:48.128267,2024-11-12T10:06:48.128267,,Paulínia,SP,Municipal,Ato que autoriza a Contratação Direta nº 33001/2024,AQUISIÇÃO DE ROUPA ÍNTIMA DESCARTÁVEL PARA CUMPRIMENTO DE AÇÃO JUDICIAL,/compras/45751435000106/2024/560
45751435000106-1-000447/2024,,2024,447,45751435000106,MUNICIPIO DE PAULINIA,MUNICIPIO DE PAULINIA,Pregão - Eletrônico,Edital,Divulgada no PNCP,False,2024-09-10T15:11:46.224073,2024-11-21T09:06:21.503143,,Paulínia,SP,Municipal,Edital nº 166/2024,AQUISIÇÃO DE UNIFORMES E MATERIAIS ESSENCIAIS PARA AGENTES COMUNITÁRIOS DE SAÚDE,/compras/45751435000106/2024/447
45751435000106-1-000618/2024,,2024,618,45751435000106,MUNICIPIO DE PAULINIA,MUNICIPIO DE PAULINIA,Pregão - Eletrônico,Edital,Divulgada no PNCP,False,2024-12-18T09:32:37.203894,2025-02-04T12:18:06.236692,,Paulínia,SP,Municipal,Edital nº 253/2024,AQUISIÇÃO DE CADEIRAS DE RODAS COM ADAPTAÇÕES POSTURAIS E MEIOS AUXILIARES DE LOCOMOÇÃO,/compras/45751435000106/2024/618
45751435000106-1-000518/2024,,2024,518,45751435000106,MUNICIPIO DE PAULINIA,MUNICIPIO DE PAULINIA,Pregão - Eletrônico,Edital,Divulgada no PNCP,False,2024-11-01T09:03:50.945357,2025-03-12T12:24:03.375036,,Paulínia,SP,Municipal,Edital nº 202/2024,REGISTRO DE PREÇOS PARA AQUISIÇÃO DE ABSORVENTES HIGIÊNICOS E FRALDAS DESCARTÁVEIS,/compras/45751435000106/2024/518
45751435000106-1-000012/2024,,2024,12,45751435000106,MUNICIPIO DE PAULINIA,MUNICIPIO DE PAULINIA,Pregão - Eletrônico,Edital,Divulgada no PNCP,False,2024-01-26T09:00:24.207164,2024-02-22T16:27:20.929082,,Paulínia,SP,Municipal,Edital nº 09/2024,CONTRATAÇÃO DE IMPRESSÃO DE MATERIAIS DIDÁTICOS PARA TRABALHOS DE CONSCIENTIZAÇÃO DA DEFESA CIVIL,/compras/45751435000106/2024/12
45751435000106-1-000015/2024,,2024,15,45751435000106,MUNICIPIO DE PAULINIA,MUNICIPIO DE PAULINIA,Pregão - Eletrônico,Edital,Divulgada no PNCP,False,2024-02-01T12:00:26.463071,2024-02-26T10:26:17.409865,,Paulínia,SP,Municipal,Edital nº 12/2024,REGISTRO DE PREÇOS PARA CONTRATAÇÃO DE ATRAÇÕES MUSICAIS PARA EVENTOS EM GERAL,/compras/45751435000106/2024/15
45751435000106-1-000034/2024,,2024,34,45751435000106,MUNICIPIO DE PAULINIA,MUNICIPIO DE PAULINIA,Dispensa,Aviso de Contratação Direta,Divulgada no PNCP,False,2024-02-27T08:32:11.305897,2024-02-27T08:32:11.305897,,Paulínia,SP,Municipal,Aviso de Contratação Direta nº 3707/2024,Mastros em alumínio com lança em latão cromado e base para mastros em madeira.,/compras/45751435000106/2024/34
45751435000106-1-000032/2024,,2024,32,45751435000106,MUNICIPIO DE PAULINIA,MUNICIPIO DE PAULINIA,Dispensa,Aviso de Contratação Direta,Divulgada no PNCP,False,2024-02-22T13:49:11.792225,2024-03-05T09:09:51.081813,,Paulínia,SP,Municipal,Aviso de Contratação Direta nº 6120/2024,Aquisição de RIBBON para Impressora de crachá/cartão FARGO DTC 1250c,/compras/45751435000106/2024/32
45751435000106-1-000062/2024,,2024,62,45751435000106,MUNICIPIO DE PAULINIA,MUNICIPIO DE PAULINIA,Dispensa,Aviso de Contratação Direta,Divulgada no PNCP,False,2024-03-21T15:48:34.011374,2024-03-21T15:48:34.011374,,Paulínia,SP,Municipal,Aviso de Contratação Direta nº 10913/2024,CONTRATAÇÃO DE HOSPEDAGEM PARA OS SERVIDORES QUE PARTICIPARÃO DO 37º CONGRESSO COSEMS-SP,/compras/45751435000106/2024/62
45751435000106-1-000031/2024,,2024,31,45751435000106,MUNICIPIO DE PAULINIA,MUNICIPIO DE PAULINIA,Pregão - Eletrônico,Edital,Divulgada no PNCP,False,2024-02-22T11:38:55.666465,2024-03-25T10:21:51.423798,,Paulínia,SP,Municipal,Edital nº 20/2024,REGISTRO DE PREÇOS PARA AQUISIÇÃO DE BRITA GRADUADA USINADA POSTO NA OBRA,/compras/45751435000106/2024/31
45751435000106-1-000078/2024,,2024,78,45751435000106,MUNICIPIO DE PAULINIA,MUNICIPIO DE PAULINIA,Dispensa,Aviso de Contratação Direta,Divulgada no PNCP,False,2024-04-01T08:15:38.906035,2024-04-08T11:03:56.236477,,Paulínia,SP,Municipal,Aviso de Contratação Direta nº 2533/2024,AQUISIÇÃO DE PAPEL VERGE 180G E POLASEL PARA O DEPARTAMENTO MUNICIPAL DE TRÂNSITO.,/compras/45751435000106/2024/78
45751435000106-1-000251/2024,,2024,251,45751435000106,MUNICIPIO DE PAULINIA,MUNICIPIO DE PAULINIA,Dispensa,Aviso de Contratação Direta,Divulgada no PNCP,False,2024-06-05T14:23:06.668668,2024-06-05T14:23:06.668668,,Paulínia,SP,Municipal,Aviso de Contratação Direta nº 18630/2024,AQUISIÇÃO DE EQUIPAMENTOS PARA O CAPS IJ – SAÚDE MENTAL INFANTO JUVENIL.,/compras/45751435000106/2024/251
45751435000106-1-000212/2024,,2024,212,45751435000106,MUNICIPIO DE PAULINIA,MUNICIPIO DE PAULINIA,Pregão - Eletrônico,Edital,Divulgada no PNCP,False,2024-05-21T10:48:49.267956,2024-06-13T15:27:36.521217,,Paulínia,SP,Municipal,Edital nº 83/2024,REGISTRO DE PREÇOS PARA AQUISIÇÃO DE MEDICAMENTOS PARA CUMPRIMENTO DE DECISÃO JUDICIAL,/compras/45751435000106/2024/212
45751435000106-1-000253/2024,,2024,253,45751435000106,MUNICIPIO DE PAULINIA,MUNICIPIO DE PAULINIA,Dispensa,Aviso de Contratação Direta,Divulgada no PNCP,False,2024-06-05T14:39:32.429384,2024-06-14T16:37:30.925893,,Paulínia,SP,Municipal,Aviso de Contratação Direta nº 18026/2024,"Aquisição de material permanente, estações de trabalho (mesa em - L) e cadeiras ergonômicas.",/compras/45751435000106/2024/253
45751435000106-1-000225/2024,,2024,225,45751435000106,MUNICIPIO DE PAULINIA,MUNICIPIO DE PAULINIA,Pregão - Eletrônico,Edital,Divulgada no PNCP,False,2024-05-24T12:21:06.936684,2024-06-20T09:42:47.600059,,Paulínia,SP,Municipal,Edital nº 88/2024,REGISTRO DE PREÇOS PARA AQUISIÇÃO ANUAL DE MEIAS DE COMPRESSÃO PÓS CIRÚRGICO,/compras/45751435000106/2024/225
45751435000106-1-000294/2024,,2024,294,45751435000106,MUNICIPIO DE PAULINIA,MUNICIPIO DE PAULINIA,Pregão - Eletrônico,Edital,Divulgada no PNCP,False,2024-06-24T12:14:29.864861,2024-06-24T12:14:29.864861,,Paulínia,SP,Municipal,Edital nº 66/2024,REGISTRO DE PREÇOS PARA AQUISIÇÃO DE MATERIAIS PARA CIRURGIA DE ORTOPEDIA TRAUMA,/compras/45751435000106/2024/294
45751435000106-1-000227/2024,,2024,227,45751435000106,MUNICIPIO DE PAULINIA,MUNICIPIO DE PAULINIA,Pregão - Eletrônico,Edital,Divulgada no PNCP,False,2024-05-27T13:14:29.948392,2024-06-27T10:12:03.044926,,Paulínia,SP,Municipal,Edital nº 91/2024,REGISTRO DE PREÇOS PARA AQUISIÇÃO ANUAL DE COLETORES DE MATERIAIS PERFUROCORTANTES E SUPORTES,/compras/45751435000106/2024/227
45751435000106-1-000261/2024,,2024,261,45751435000106,MUNICIPIO DE PAULINIA,MUNICIPIO DE PAULINIA,Pregão - Eletrônico,Edital,Divulgada no PNCP,False,2024-06-12T12:36:51.339206,2024-07-01T12:56:51.313785,,Paulínia,SP,Municipal,Edital nº 100/2024,AQUISIÇÃO DE EQUIPAMENTOS PARA UTILIZAÇÃO NO NOVO PRÉDIO DO DEPARTAMENTO DE REABILITAÇÃO,/compras/45751435000106/2024/261
45751435000106-1-000316/2024,,2024,316,45751435000106,MUNICIPIO DE PAULINIA,MUNICIPIO DE PAULINIA,Pregão - Eletrônico,Edital,Divulgada no PNCP,False,2024-07-04T13:37:30.087674,2024-07-04T13:37:30.087674,,Paulínia,SP,Municipal,Edital nº 72/2024,REGISTRO DE PREÇOS PARA AQUISIÇÃO DE MATERIAIS ODONTOLÓGICOS PARA ENDODONTIA E CIRURGIA,/compras/45751435000106/2024/316
45751435000106-1-000323/2024,,2024,323,45751435000106,MUNICIPIO DE PAULINIA,MUNICIPIO DE PAULINIA,Pregão - Eletrônico,Edital,Divulgada no PNCP,False,2024-07-11T12:50:42.582873,2024-07-11T12:50:42.582873,,Paulínia,SP,Municipal,Edital nº 102/2024,REGISTRO DE PREÇOS PARA AQUISIÇÃO ANUAL DE TOALHA DE PAPEL E PAPEL HIGIÊNICO,/compras/45751435000106/2024/323
45751435000106-1-000339/2024,,2024,339,45751435000106,MUNICIPIO DE PAULINIA,MUNICIPIO DE PAULINIA,Dispensa,Aviso de Contratação Direta,Divulgada no PNCP,False,2024-07-22T13:43:49.956461,2024-07-22T13:43:49.956461,,Paulínia,SP,Municipal,Aviso de Contratação Direta nº 22048/2024,CONTRATAÇÃO DE EMPRESA PARA REALIZAÇÃO DE SERVIÇO DE CONFECÇÃO E MONTAGEM DE MOBILIÁRIO SOB MEDIDA,/compras/45751435000106/2024/339
45751435000106-1-000334/2024,,2024,334,45751435000106,MUNICIPIO DE PAULINIA,MUNICIPIO DE PAULINIA,Dispensa,Aviso de Contratação Direta,Divulgada no PNCP,False,2024-07-19T13:43:38.907417,2024-07-31T11:49:38.517859,,Paulínia,SP,Municipal,Aviso de Contratação Direta nº 23065/2024,"Contratação de empresa especializada em prevenção, controle e manejo de abelhas, marimbondos e vespas.",/compras/45751435000106/2024/334
45751435000106-1-000371/2024,,2024,371,45751435000106,MUNICIPIO DE PAULINIA,MUNICIPIO DE PAULINIA,Pregão - Eletrônico,Edital,Divulgada no PNCP,False,2024-08-06T15:53:10.129811,2024-08-06T15:53:10.129811,,Paulínia,SP,Municipal,Edital nº 70/2024,CONTRATAÇÃO DE EMPRESA PARA LOCAÇÃO DE SISTEMA ANALÍTICO COM AQUISIÇÃO DE TESTES DE URINÁLISE,/compras/45751435000106/2024/371
45751435000106-1-000377/2024,,2024,377,45751435000106,MUNICIPIO DE PAULINIA,MUNICIPIO DE PAULINIA,Dispensa,Aviso de Contratação Direta,Divulgada no PNCP,False,2024-08-08T09:37:43.429732,2024-08-15T15:50:44.096911,,Paulínia,SP,Municipal,Aviso de Contratação Direta nº 23452/2024,Aquisição de porta de aço automática para instalação no Almoxarifado Central.,/compras/45751435000106/2024/377
45751435000106-1-000361/2024,,2024,361,45751435000106,MUNICIPIO DE PAULINIA,MUNICIPIO DE PAULINIA,Pregão - Eletrônico,Edital,Divulgada no PNCP,False,2024-08-01T15:32:01.003014,2024-08-22T15:00:20.915901,,Paulínia,SP,Municipal,Edital nº 132/2024,REGISTRO DE PREÇOS PARA AQUISIÇÃO DE MEDICAMENTOS MANIPULADOS UTILIZADOS EM TERAPIAS ANTINEOPLÁSICAS,/compras/45751435000106/2024/361
45751435000106-1-000427/2024,,2024,427,45751435000106,MUNICIPIO DE PAULINIA,MUNICIPIO DE PAULINIA,Pregão - Eletrônico,Edital,Divulgada no PNCP,False,2024-08-30T10:42:58.809464,2024-09-30T13:15:28.075256,,Paulínia,SP,Municipal,Edital nº 159/2024,"REGISTRO DE PREÇOS PARA AQUISIÇÃO DE MATERIAIS MÉDICOS HOSPITALARES, PREDOMINANTEMENTE ASSISTENCIAIS",/compras/45751435000106/2024/427
45751435000106-1-000457/2024,,2024,457,45751435000106,MUNICIPIO DE PAULINIA,MUNICIPIO DE PAULINIA,Pregão - Eletrônico,Edital,Divulgada no PNCP,False,2024-09-13T11:45:43.291922,2024-10-09T10:05:55.205384,,Paulínia,SP,Municipal,Edital nº 170/2024,REGISTRO DE PREÇOS PARA AQUISIÇÃO DE SUPRIMENTOS PARA UNITARIZADORA E SACOS PLÁSTICOS,/compras/45751435000106/2024/457
45751435000106-1-000191/2024,,2024,191,45751435000106,MUNICIPIO DE PAULINIA,MUNICIPIO DE PAULINIA,Dispensa,Aviso de Contratação Direta,Divulgada no PNCP,False,2024-05-09T13:14:42.427906,2024-11-04T14:45:39.182154,,Paulínia,SP,Municipal,Aviso de Contratação Direta nº 16228/2024,Contratação de empresa especializada em serviços de controle de qualidade para testes em EPIs,/compras/45751435000106/2024/191
45751435000106-1-000341/2024,,2024,341,45751435000106,MUNICIPIO DE PAULINIA,MUNICIPIO DE PAULINIA,Dispensa,Aviso de Contratação Direta,Divulgada no PNCP,False,2024-07-23T07:24:36.139141,2024-11-05T08:56:01.902886,,Paulínia,SP,Municipal,Aviso de Contratação Direta nº 23332/2024,LINER PARA PACIENTE ASSISTIDO PELO DEPARTAMENTO DE REABILITAÇÃO DO SISTEMA MUNICIPAL DE SAÚDE,/compras/45751435000106/2024/341
45751435000106-1-000474/2024,,2024,474,45751435000106,MUNICIPIO DE PAULINIA,MUNICIPIO DE PAULINIA,Dispensa,Aviso de Contratação Direta,Divulgada no PNCP,False,2024-09-24T09:00:38.733228,2024-11-05T09:38:50.669068,,Paulínia,SP,Municipal,Aviso de Contratação Direta nº 30382/2024,AQUISIÇÃO E INSTALAÇÃO DE PEÇAS PARA CÂMARA DE VACINA DO DEPARTAMENTO DE VIGILÂNCIA EM SAÚDE.,/compras/45751435000106/2024/474
45751435000106-1-000449/2024,,2024,449,45751435000106,MUNICIPIO DE PAULINIA,MUNICIPIO DE PAULINIA,Pregão - Eletrônico,Edital,Divulgada no PNCP,False,2024-09-11T11:41:08.965796,2024-12-11T10:48:06.141814,,Paulínia,SP,Municipal,Edital nº 169/2024,"REGISTRO DE PREÇOS PARA AQUISIÇÃO DE MATERIAIS MÉDICOS HOSPITALARES, PREDOMINANTEMENTE LABORATORIAIS",/compras/45751435000106/2024/449
45751435000106-1-000022/2024,,2024,22,45751435000106,MUNICIPIO DE PAULINIA,MUNICIPIO DE PAULINIA,Pregão - Eletrônico,Edital,Divulgada no PNCP,False,2024-02-08T15:10:27.603771,2024-03-14T09:51:16.035661,,Paulínia,SP,Municipal,Edital nº 16/2024,CONTRATAÇÃO DE EMPRESA ESPECIALIZADA PARA CONSTRUÇÃO DE 02 CASAS DE BONECA EM UNIDADES ESCOLARES,/compras/45751435000106/2024/22
45751435000106-1-000004/2024,,2024,4,45751435000106,MUNICIPIO DE PAULINIA,MUNICIPIO DE PAULINIA,Pregão - Eletrônico,Edital,Divulgada no PNCP,False,2024-01-23T16:16:33.914147,2024-03-25T13:01:05.358463,,Paulínia,SP,Municipal,Edital nº 04/2024,"REGISTRO DE PREÇOS PARA AQUISIÇÃO DE MEDICAMENTOS ANTIPARKINSONIANOS DO ABANDONO DO TABAGISMO, CARDIOVASCULARES E RESPIRATÓRIOS",/compras/45751435000106/2024/4
45751435000106-1-000167/2024,,2024,167,45751435000106,MUNICIPIO DE PAULINIA,MUNICIPIO DE PAULINIA,Pregão - Eletrônico,Edital,Divulgada no PNCP,False,2024-04-30T11:01:34.865308,2024-04-30T11:01:34.865308,,Paulínia,SP,Municipal,Edital nº 34/2024,REGISTRO DE PREÇOS PARA AQUISIÇÃO DE MATERIAIS PARA DETECÇÃO E CONTROLE DE DIABETES MELLITUS,/compras/45751435000106/2024/167
45751435000106-1-000102/2024,,2024,102,45751435000106,MUNICIPIO DE PAULINIA,MUNICIPIO DE PAULINIA,Pregão - Eletrônico,Edital,Divulgada no PNCP,False,2024-04-10T10:24:56.244602,2024-05-21T13:51:49.537068,,Paulínia,SP,Municipal,Edital nº 30/2024,AQUISIÇÃO DE EQUIPAMENTOS MÉDICO HOSPITALARES PARA ESTRUTURAÇÃO DO CENTRO OBSTÉTRICO DO HOSPITAL MUNICIPAL,/compras/45751435000106/2024/102
45751435000106-1-000222/2024,,2024,222,45751435000106,MUNICIPIO DE PAULINIA,MUNICIPIO DE PAULINIA,Dispensa,Aviso de Contratação Direta,Divulgada no PNCP,False,2024-05-24T09:18:40.195165,2024-05-24T09:18:40.195165,,Paulínia,SP,Municipal,Aviso de Contratação Direta nº 5829/2024,AQUISIÇÃO DE EQUIPAMENTOS E MATERIAL PERMANENTE PARA ATENDIMENTO DO ESPAÇO DO PROGRAMA VIVER EM FAMÍLIA.,/compras/45751435000106/2024/222
45751435000106-1-000265/2024,,2024,265,45751435000106,MUNICIPIO DE PAULINIA,MUNICIPIO DE PAULINIA,Pregão - Eletrônico,Edital,Divulgada no PNCP,False,2024-06-13T10:16:15.627490,2024-06-13T10:16:15.627490,,Paulínia,SP,Municipal,Edital nº 79/2024,CONTRATAÇÃO DE SERVIÇOS CONTÁBEIS PARA ELABORAÇÃO DE CÁLCULOS E PARECERES NA ESFERA JUDICIAL E ADMINISTRATIVA,/compras/45751435000106/2024/265
45751435000106-1-000019/2024,,2024,19,45751435000106,MUNICIPIO DE PAULINIA,MUNICIPIO DE PAULINIA,Pregão - Eletrônico,Edital,Revogada,False,2024-02-07T16:18:22.027242,2024-06-14T11:27:34.010419,,Paulínia,SP,Municipal,Edital nº 14/2024,AQUISIÇÃO DE EQUIPAMENTOS HOSPITALARES PARA A UNIDADE DE TERAPIA INTENSIVA NO HOSPITAL MUNICIPAL,/compras/45751435000106/2024/19
45751435000106-1-000162/2024,,2024,162,45751435000106,MUNICIPIO DE PAULINIA,MUNICIPIO DE PAULINIA,Dispensa,Aviso de Contratação Direta,Divulgada no PNCP,False,2024-04-29T13:05:39.508571,2024-06-28T13:04:52.250576,,Paulínia,SP,Municipal,Aviso de Contratação Direta nº 13116/2024,Contratação de serviços de tapeçaria para troca do tecido das cadeiras do Departamento de Tecnologia da Informação.,/compras/45751435000106/2024/162
45751435000106-1-000320/2024,,2024,320,45751435000106,MUNICIPIO DE PAULINIA,MUNICIPIO DE PAULINIA,Dispensa,Aviso de Contratação Direta,Divulgada no PNCP,False,2024-07-10T14:39:17.030626,2024-07-10T14:39:17.030626,,Paulínia,SP,Municipal,Aviso de Contratação Direta nº 19194/2024,"AQUISIÇÃO DE CARIMBOS PERSONALIZADOS E NUMERADOR AUTOMÁTICO, PARA ATENDIMENTO DOS DEPARTAMENTOS DA SECRETARIA DE ADMINISTRAÇÃO.",/compras/45751435000106/2024/320
45751435000106-1-000301/2024,,2024,301,45751435000106,MUNICIPIO DE PAULINIA,MUNICIPIO DE PAULINIA,Pregão - Eletrônico,Edital,Divulgada no PNCP,False,2024-06-26T10:22:28.653998,2024-07-30T10:20:28.650013,,Paulínia,SP,Municipal,Edital nº 117/2024,REGISTRO DE PREÇOS PARA AQUISIÇÃO ANUAL DE MATERIAIS CONFECCIONADOS EM TECIDOS E NÃO TECIDOS,/compras/45751435000106/2024/301
45751435000106-1-000390/2024,,2024,390,45751435000106,MUNICIPIO DE PAULINIA,Prefeitura Do Município De Paulínia,Dispensa,Ato que autoriza a Contratação Direta,Divulgada no PNCP,False,2024-08-15T13:13:45.019112,2024-08-15T13:19:13.661754,,Paulínia,SP,Municipal,Ato que autoriza a Contratação Direta nº 135/2024,CONTRATAÇÃO DE INSTITUIÇÃO DE ENSINO ESPECIALIZADA NA REALIZAÇÃO DE CURSOS PROFISSIONALIZANTES,/compras/45751435000106/2024/390
45751435000106-1-000404/2024,,2024,404,45751435000106,MUNICIPIO DE PAULINIA,MUNICIPIO DE PAULINIA,Dispensa,Aviso de Contratação Direta,Divulgada no PNCP,False,2024-08-23T10:57:12.960013,2024-09-02T13:43:40.490425,,Paulínia,SP,Municipal,Aviso de Contratação Direta nº 26536/2024,AQUISIÇÃO DE CARTUCHO DE TONNER COMPATÍVEL PARA IMPRESSORA HP 4015n modelo cc364x.,/compras/45751435000106/2024/404
45751435000106-1-000422/2024,,2024,422,45751435000106,MUNICIPIO DE PAULINIA,MUNICIPIO DE PAULINIA,Pregão - Eletrônico,Edital,Divulgada no PNCP,False,2024-08-29T11:36:09.939478,2024-09-18T12:03:56.480082,,Paulínia,SP,Municipal,Edital nº 156/2024,REGISTRO DE PREÇOS PARA AQUISIÇÃO DE CATÉTERES VENOSOS E CONEXÕES PARA INFUSÃO VENOSA,/compras/45751435000106/2024/422
45751435000106-1-000271/2024,,2024,271,45751435000106,MUNICIPIO DE PAULINIA,MUNICIPIO DE PAULINIA,Pregão - Eletrônico,Edital,Divulgada no PNCP,False,2024-06-14T13:50:25.809757,2024-09-24T11:52:11.219028,,Paulínia,SP,Municipal,Edital nº 106/2024,CONTRATAÇÃO DE EMPRESA PARA PRESTAÇÃO DE SERVIÇOS DE LOCAÇÃO DE CENTRAL DE PRODUÇÃO DE AR COMPRIMIDO,/compras/45751435000106/2024/271
45751435000106-1-000398/2024,,2024,398,45751435000106,MUNICIPIO DE PAULINIA,MUNICIPIO DE PAULINIA,Pregão - Eletrônico,Edital,Divulgada no PNCP,False,2024-08-21T11:24:08.795934,2024-10-02T10:52:55.350092,,Paulínia,SP,Municipal,Edital nº 150/2024,"REGISTRO DE PREÇOS PARA AQUISIÇÃO DE DIETAS ENTERAIS, SUPLEMENTOS NUTRICIONAIS E FÓRMULAS INFANTIS",/compras/45751435000106/2024/398
45751435000106-1-000429/2024,,2024,429,45751435000106,MUNICIPIO DE PAULINIA,MUNICIPIO DE PAULINIA,Pregão - Eletrônico,Edital,Divulgada no PNCP,False,2024-08-30T12:06:24.233916,2024-10-07T15:26:47.512231,,Paulínia,SP,Municipal,Edital nº 160/2024,REGISTRO DE PREÇOS PARA AQUISIÇÃO ANUAL DE SOLUÇÕES PARA LIMPEZA E ASSEPSIA DE PELE,/compras/45751435000106/2024/429
45751435000106-1-000452/2024,,2024,452,45751435000106,MUNICIPIO DE PAULINIA,MUNICIPIO DE PAULINIA,Pregão - Eletrônico,Edital,Divulgada no PNCP,False,2024-09-11T13:39:26.583980,2024-10-15T11:09:18.688,,Paulínia,SP,Municipal,Edital nº 168/2024,"REGISTRO DE PREÇOS PARA AQUISIÇÃO DE MATERIAIS DE CONSUMO MÉDICOS HOSPITALARES, PREDOMINANTEMENTE ASSISTENCIAIS",/compras/45751435000106/2024/452
45751435000106-1-000005/2024,,2024,5,45751435000106,MUNICIPIO DE PAULINIA,MUNICIPIO DE PAULINIA,Dispensa,Aviso de Contratação Direta,Divulgada no PNCP,False,2024-01-24T08:09:18.416064,2024-11-05T08:55:28.541697,,Paulínia,SP,Municipal,Aviso de Contratação Direta nº 1495/2024,CONTRATAÇÃO DE EMPRESA VISANDO A PRESTAÇÃO DE SERVIÇO DE REFORMA EM CADEIRAS DA SECRETARIA MUNICIPAL DE SAÚDE.,/compras/45751435000106/2024/5
45751435000106-1-000252/2024,,2024,252,45751435000106,MUNICIPIO DE PAULINIA,MUNICIPIO DE PAULINIA,Dispensa,Aviso de Contratação Direta,Divulgada no PNCP,False,2024-06-05T14:23:27.072319,2024-11-05T09:35:51.633675,,Paulínia,SP,Municipal,Aviso de Contratação Direta nº 14206/2024,AQUISIÇÃO ANUAL DE EQUIPAMENTOS DE TRABALHO PARA O SETOR DE MANUTENÇÃO DO HOSPITAL MUNICIPAL DE PAULÍNIA,/compras/45751435000106/2024/252
45751435000106-1-000489/2024,,2024,489,45751435000106,MUNICIPIO DE PAULINIA,MUNICIPIO DE PAULINIA,Pregão - Eletrônico,Edital,Divulgada no PNCP,False,2024-10-02T12:02:13.677634,2024-11-06T09:57:50.747926,,Paulínia,SP,Municipal,Edital nº 185/2024,"REGISTRO DE PREÇOS PARA AQUISIÇÃO DE MEDICAMENTOS HEMATOPOÉTICOS, DO TRATO GASTROINTESTINAL, ANTIESPASMÓDICOS E OFTALMOLÓGICOS",/compras/45751435000106/2024/489
45751435000106-1-000542/2024,,2024,542,45751435000106,MUNICIPIO DE PAULINIA,MUNICIPIO DE PAULINIA,Dispensa,Aviso de Contratação Direta,Divulgada no PNCP,False,2024-11-08T09:12:00.832037,2024-11-08T09:12:00.832037,,Paulínia,SP,Municipal,Aviso de Contratação Direta nº 35042/2024,"AQUISIÇÃO DE SUPLEMENTO ALIMENTAR HIPERCALÓRICO, HIPOPROTEÍCO, INDICADO PARA NEFROPATAS EM TRATAMENTO CONSERVADOR",/compras/45751435000106/2024/542
45751435000106-1-000631/2024,,2024,631,45751435000106,MUNICIPIO DE PAULINIA,MUNICIPIO DE PAULINIA,Dispensa,Ato que autoriza a Contratação Direta,Divulgada no PNCP,False,2025-01-17T11:35:54.692735,2025-01-17T11:35:54.692735,,Paulínia,SP,Municipal,Ato que autoriza a Contratação Direta nº 38160/2024,3 - Gêneros alimentícios,/compras/45751435000106/2024/631
45751435000106-1-000561/2024,,2024,561,45751435000106,MUNICIPIO DE PAULINIA,MUNICIPIO DE PAULINIA,Pregão - Eletrônico,Edital,Revogada,False,2024-11-12T11:57:25.738400,2025-01-21T10:54:25.548248,,Paulínia,SP,Municipal,Edital nº 224/2024,CONTRATAÇÃO DE EMPRESA PARA PRESTAÇÃO DE SERVIÇOS DE MANUTENÇÃO PREVENTIVA E CORRETIVA EM EQUIPAMENTOS DE PISCINAS,/compras/45751435000106/2024/561
45751435000106-1-000636/2024,,2024,636,45751435000106,MUNICIPIO DE PAULINIA,MUNICIPIO DE PAULINIA,Dispensa,Ato que autoriza a Contratação Direta,Divulgada no PNCP,False,2025-02-17T15:48:59.439522,2025-02-17T15:48:59.439522,,Paulínia,SP,Municipal,Ato que autoriza a Contratação Direta nº 40479/2024,MEDICAMENTO PARA CUMPRIMENTO DE AÇÃO JUDICIAL PROCESSO 1002428-75.2024.68.26.0428 - REQUERENTE V.Z.A.,/compras/45751435000106/2024/636
45751435000106-1-000020/2024,,2024,20,45751435000106,MUNICIPIO DE PAULINIA,MUNICIPIO DE PAULINIA,Pregão - Eletrônico,Edital,Divulgada no PNCP,False,2024-02-08T11:38:55.399271,2024-02-08T11:38:55.399271,,Paulínia,SP,Municipal,Edital nº 15/2024,REGISTRO DE PREÇOS PARA CONTRATAÇÃO DE EMPRESA ESPECIALIZADA EM FORNECIMENTO E PLANTIO DE GRAMA BERMUDA EM ROLO,/compras/45751435000106/2024/20
45751435000106-1-000001/2024,,2024,1,45751435000106,MUNICIPIO DE PAULINIA,MUNICIPIO DE PAULINIA,Pregão - Eletrônico,Edital,Divulgada no PNCP,False,2024-01-12T16:42:40.243017,2024-02-20T10:13:05.170775,,Paulínia,SP,Municipal,Edital nº 01/2024,REGISTRO DE PREÇOS PARA AQUISIÇÃO DE MEDICAMENTOS QUE ATUAM NO SISTEMA HEMATOPOÉTICO E MEDICAMENTOS PSICOTRÓPICOS,/compras/45751435000106/2024/1
45751435000106-1-000053/2024,,2024,53,45751435000106,MUNICIPIO DE PAULINIA,MUNICIPIO DE PAULINIA,Dispensa,Aviso de Contratação Direta,Divulgada no PNCP,False,2024-03-18T11:36:29.660846,2024-03-25T10:36:16.212057,,Paulínia,SP,Municipal,Aviso de Contratação Direta nº 9738/2024,AQUISIÇÃO DE SMART TV'S PARA AUXILIAR NOS TRABALHOS DESENVOLVIDOS NAS DEPENDÊNCIAS DA SECRETARIA DE DESENVOLVIMENTO ECONÔMICO.,/compras/45751435000106/2024/53
45751435000106-1-000068/2024,,2024,68,45751435000106,MUNICIPIO DE PAULINIA,MUNICIPIO DE PAULINIA,Dispensa,Aviso de Contratação Direta,Divulgada no PNCP,False,2024-03-26T16:13:25.421532,2024-03-26T16:13:25.421532,,Paulínia,SP,Municipal,Aviso de Contratação Direta nº 7293/2024,"AQUISIÇÃO DE CAIXAS DE SOM, BLOOTOOTH , BATERIA COM MICROFONE SEM FIO, CONFORME ESPECIFICAÇÃO DO TERMO DE REFERÊNCIA.",/compras/45751435000106/2024/68
45751435000106-1-000100/2024,,2024,100,45751435000106,MUNICIPIO DE PAULINIA,Prefeitura Do Município De Paulínia,Pregão - Eletrônico,Edital,Divulgada no PNCP,False,2024-04-08T15:46:08.508508,2024-04-08T15:53:13.997297,,Paulínia,SP,Municipal,Edital nº 21/2024,AQUISIÇÃO DE MOBILIÁRIO EM MDF E MOBILIÁRIO EM AÇO,/compras/45751435000106/2024/100
45751435000106-1-000120/2024,,2024,120,45751435000106,MUNICIPIO DE PAULINIA,Prefeitura Do Município De Paulínia,Pregão - Eletrônico,Edital,Divulgada no PNCP,False,2024-04-16T11:35:38.314119,2024-04-16T11:35:38.314119,,Paulínia,SP,Municipal,Edital nº 42/2024,REGISTRO DE PREÇOS PARA AQUISIÇÃO DE MEDICAMENTOS,/compras/45751435000106/2024/120
45751435000106-1-000147/2024,,2024,147,45751435000106,MUNICIPIO DE PAULINIA,Prefeitura Do Município De Paulínia,Pregão - Eletrônico,Edital,Divulgada no PNCP,False,2024-04-24T15:26:51.141163,2024-04-24T15:26:51.141163,,Paulínia,SP,Municipal,Edital nº 58/2024,REGISTRO DE PREÇOS PARA AQUISIÇÃO DE MEDICAMENTOS,/compras/45751435000106/2024/147
45751435000106-1-000160/2024,,2024,160,45751435000106,MUNICIPIO DE PAULINIA,MUNICIPIO DE PAULINIA,Dispensa,Aviso de Contratação Direta,Divulgada no PNCP,False,2024-04-29T10:33:45.129009,2024-05-08T07:48:16.344715,,Paulínia,SP,Municipal,Aviso de Contratação Direta nº 14926/2024,"Aquisição de pasta polionda (arquivo morto), para atender as necessidades da Secretaria Municipal de Finanças. ",/compras/45751435000106/2024/160
45751435000106-1-000151/2024,,2024,151,45751435000106,MUNICIPIO DE PAULINIA,MUNICIPIO DE PAULINIA,Dispensa,Aviso de Contratação Direta,Divulgada no PNCP,False,2024-04-25T11:23:22.824050,2024-05-08T07:48:29.940696,,Paulínia,SP,Municipal,Aviso de Contratação Direta nº 13072/2024,CONTRATAÇÃO DE EMPRESA PARA LOCAÇÃO DE BELICHES PARA OS JOGOS REGIONAIS DE BRAGANÇA PAULISTA-SP.,/compras/45751435000106/2024/151
45751435000106-1-000135/2024,,2024,135,45751435000106,MUNICIPIO DE PAULINIA,MUNICIPIO DE PAULINIA,Pregão - Eletrônico,Edital,Divulgada no PNCP,False,2024-04-22T11:52:36.098903,2024-05-14T11:04:10.118553,,Paulínia,SP,Municipal,Edital nº 52/2024,"REGISTRO DE PREÇOS PARA AQUISIÇÃO DE DISPENSER DE PAPEL TOALHA, PAPEL HIGIÊNICO E COPOS DESCARTÁVEIS",/compras/45751435000106/2024/135
45751435000106-1-000247/2024,,2024,247,45751435000106,MUNICIPIO DE PAULINIA,Prefeitura Do Município De Paulínia,Pregão - Eletrônico,Edital,Divulgada no PNCP,False,2024-06-04T15:32:57.196838,2024-06-04T15:32:57.196838,,Paulínia,SP,Municipal,Edital nº 98/2024,AQUISIÇÃO DE LONGARINAS PARA OS SERVIÇOS DE SAÚDE,/compras/45751435000106/2024/247
45751435000106-1-000303/2024,,2024,303,45751435000106,MUNICIPIO DE PAULINIA,MUNICIPIO DE PAULINIA,Dispensa,Aviso de Contratação Direta,Divulgada no PNCP,False,2024-06-26T15:53:07.711573,2024-07-03T11:23:46.025785,,Paulínia,SP,Municipal,Aviso de Contratação Direta nº 19778/2024,CONTRATAÇÃO DE ASSINATURA DOS SOFTWARES COREL DRAW E PACOTE ADOB PARA ELABORAÇÃO DE DIÁRIO OFICIAL,/compras/45751435000106/2024/303
45751435000106-1-000366/2024,,2024,366,45751435000106,MUNICIPIO DE PAULINIA,Prefeitura Do Município De Paulínia,Pregão - Eletrônico,Edital,Divulgada no PNCP,False,2024-08-02T12:27:30.687466,2024-08-02T12:27:30.687466,,Paulínia,SP,Municipal,Edital nº 135/2024,REGISTRO DE PREÇOS PARA AQUISIÇÃO DE MEDICAMENTOS,/compras/45751435000106/2024/366
45751435000106-1-000381/2024,,2024,381,45751435000106,MUNICIPIO DE PAULINIA,MUNICIPIO DE PAULINIA,Pregão - Eletrônico,Edital,Divulgada no PNCP,False,2024-08-12T10:46:06.957162,2024-08-12T10:46:06.957162,,Paulínia,SP,Municipal,Edital nº 25/2024,REGISTRO DE PREÇOS PARA AQUISIÇÃO DE ÁGUA NATURAL SEM GÁS PARA ATENDIMENTO DOS DEPARTAMENTOS DA ADMINISTRAÇÃO,/compras/45751435000106/2024/381
45751435000106-1-000376/2024,,2024,376,45751435000106,MUNICIPIO DE PAULINIA,MUNICIPIO DE PAULINIA,Pregão - Eletrônico,Edital,Divulgada no PNCP,False,2024-08-08T09:02:46.214998,2024-09-03T08:56:18.675365,,Paulínia,SP,Municipal,Edital nº 138/2024,"REGISTRO DE PREÇOS PARA AQUISIÇÃO DE ATADURAS DE ALGODÃO, CREPOM, GESSO E MATERIAIS PARA IMOBILIZAÇÕES",/compras/45751435000106/2024/376
45751435000106-1-000389/2024,,2024,389,45751435000106,MUNICIPIO DE PAULINIA,MUNICIPIO DE PAULINIA,Pregão - Eletrônico,Edital,Divulgada no PNCP,False,2024-08-15T12:49:45.680151,2024-09-04T14:42:51.681729,,Paulínia,SP,Municipal,Edital nº 147/2024,REGISTRO DE PREÇOS PARA AQUISIÇÃO DE PREPARAÇÃO ALCOÓLICA E SABONETE ANTISSÉPTICO PARA HIGIENIZAÇÃO DAS MÃOS,/compras/45751435000106/2024/389
45751435000106-1-000368/2024,,2024,368,45751435000106,MUNICIPIO DE PAULINIA,MUNICIPIO DE PAULINIA,Pregão - Eletrônico,Edital,Divulgada no PNCP,False,2024-08-02T16:22:07.868290,2024-09-11T10:14:06.251804,,Paulínia,SP,Municipal,Edital nº 136/2024,CONTRATAÇÃO DE EMPRESA PARA PRESTAÇÃO DE LAVAGEM GERAL (LIMPEZA E HIGIENIZAÇÃO) DOS VEÍCULOS DA SECRETARIA DE SAÚDE,/compras/45751435000106/2024/368
45751435000106-1-000460/2024,,2024,460,45751435000106,MUNICIPIO DE PAULINIA,MUNICIPIO DE PAULINIA,Dispensa,Aviso de Contratação Direta,Divulgada no PNCP,False,2024-09-16T08:53:14.670022,2024-09-16T08:53:14.670022,,Paulínia,SP,Municipal,Aviso de Contratação Direta nº 29405/2024,"Assinatura do Certificado Digital, modelo E-CPF TIPO A1, com validade para 12 meses.",/compras/45751435000106/2024/460
45751435000106-1-000456/2024,,2024,456,45751435000106,MUNICIPIO DE PAULINIA,MUNICIPIO DE PAULINIA,Dispensa,Aviso de Contratação Direta,Divulgada no PNCP,False,2024-09-13T07:47:51.803834,2024-09-20T16:24:30.129485,,Paulínia,SP,Municipal,Aviso de Contratação Direta nº 29211/2024,Contratação de empresa para fornecimento de utensílios domésticos para atender as necessidades da Secretaria de Finanças.,/compras/45751435000106/2024/456
45751435000106-1-000416/2024,,2024,416,45751435000106,MUNICIPIO DE PAULINIA,MUNICIPIO DE PAULINIA,Pregão - Eletrônico,Edital,Divulgada no PNCP,False,2024-08-27T17:04:48.719653,2024-09-26T11:04:29.424482,,Paulínia,SP,Municipal,Edital nº 154/2024,"REGISTRO DE PREÇOS PARA AQUISIÇÃO DE CAMPOS, AVENTAIS CIRÚRGICOS DESCARTÁVEIS E PAPEL GRAU CIRÚRGICO.",/compras/45751435000106/2024/416
45751435000106-1-000446/2024,,2024,446,45751435000106,MUNICIPIO DE PAULINIA,MUNICIPIO DE PAULINIA,Pregão - Eletrônico,Edital,Divulgada no PNCP,False,2024-09-10T11:33:47.849627,2024-09-30T10:32:10.461506,,Paulínia,SP,Municipal,Edital nº 165/2024,CONTRATAÇÃO DE EMPRESA PARA PRESTAÇÃO DE SERVIÇOS DE HIDROTERAPIA PARA ATENDIMENTOS CLÍNICOS EM REABILITAÇÃO E HABILITAÇÃO,/compras/45751435000106/2024/446
45751435000106-1-000473/2024,,2024,473,45751435000106,MUNICIPIO DE PAULINIA,MUNICIPIO DE PAULINIA,Pregão - Eletrônico,Edital,Divulgada no PNCP,False,2024-09-23T16:20:30.294806,2024-10-30T14:35:44.254120,,Paulínia,SP,Municipal,Edital nº 180/2024,"REGISTRO DE PREÇOS PARA AQUISIÇÃO DE MEDICAMENTOS ANALGÉSICOS, ANTI INFLAMATÓRIOS, ANESTÉSICOS, ANTIALÉRGICOS E ANTIVERTIGINOSOS",/compras/45751435000106/2024/473
45751435000106-1-000400/2024,,2024,400,45751435000106,MUNICIPIO DE PAULINIA,MUNICIPIO DE PAULINIA,Dispensa,Aviso de Contratação Direta,Divulgada no PNCP,False,2024-08-22T07:44:38.475961,2024-11-05T08:56:14.158810,,Paulínia,SP,Municipal,Aviso de Contratação Direta nº 26481/2024,CONTRATAÇÃO DE HOSPEDAGEM PARA OS SERVIDORES QUE PARTICIPARÃO DA CAPACITAÇÃO “SIOPS SÃO PAULO (SP) 2024”,/compras/45751435000106/2024/400
45751435000106-1-000464/2024,,2024,464,45751435000106,MUNICIPIO DE PAULINIA,MUNICIPIO DE PAULINIA,Pregão - Eletrônico,Edital,Divulgada no PNCP,False,2024-09-18T16:23:18.843669,2024-11-27T09:01:14.546367,,Paulínia,SP,Municipal,Edital nº 175/2024,CONTRATAÇÃO DE EMPRESA ESPECIALIZADA PARA PRESTAÇÃO DE SERVIÇOS DE MANUTENÇÃO CORRETIVA E PREVENTIVA EM GERADORES DE ENERGIA,/compras/45751435000106/2024/464
45751435000106-1-000610/2024,,2024,610,45751435000106,MUNICIPIO DE PAULINIA,MUNICIPIO DE PAULINIA,Dispensa,Ato que autoriza a Contratação Direta,Divulgada no PNCP,False,2024-12-12T13:03:38.926196,2024-12-12T15:37:53.352850,,Paulínia,SP,Municipal,Ato que autoriza a Contratação Direta nº 37805/2024,AQUISIÇÃO DE MEDICAMENTO PARA CUMPRIMENTO DE AÇÃO JUDICIAL PROCESSO Nº 1005951-95.2024.8.26.0428 - R.J.S.,/compras/45751435000106/2024/610
45751435000106-1-000573/2024,,2024,573,45751435000106,MUNICIPIO DE PAULINIA,MUNICIPIO DE PAULINIA,Pregão - Eletrônico,Edital,Divulgada no PNCP,False,2024-11-26T15:30:53.099466,2025-03-13T14:18:08.398699967,,Paulínia,SP,Municipal,Edital nº 208/2024,REGISTRO DE PREÇOS PARA CONTRATAÇÃO DE EMPRESA OU CONSÓRCIO DE EMPRESAS PARA AQUISIÇÃO DE MATERIAIS ESPORTIVOS,/compras/45751435000106/2024/573
45751435000106-1-000639/2024,,2024,639,45751435000106,MUNICIPIO DE PAULINIA,MUNICIPIO DE PAULINIA,Inexigibilidade,Ato que autoriza a Contratação Direta,Divulgada no PNCP,False,2025-03-25T09:17:49.524913,2025-03-25T09:17:49.524913,,Paulínia,SP,Municipal,Ato que autoriza a Contratação Direta nº 23337/2024,CUMPRIMENTO DE DECISÃO JUDICIAL TRATAMENTO CIRÚRGICO PROCESSO Nº 1002553-77.2023.8.26.0428. REQUERENTE M.S.M.F.C.,/compras/45751435000106/2024/639
45751435000106-1-000028/2024,,2024,28,45751435000106,MUNICIPIO DE PAULINIA,MUNICIPIO DE PAULINIA,Pregão - Eletrônico,Edital,Divulgada no PNCP,False,2024-02-20T13:33:00.120417,2024-03-11T10:39:42.270572,,Paulínia,SP,Municipal,Edital nº 18/2024,"AQUISIÇÃO DE CONJUNTO DE COMBATE A INCENDIO PARA PICK UPS, COM ACIONAMENTO ELÉTRICO COM CAPACIDADE 600 LITROS",/compras/45751435000106/2024/28
45751435000106-1-000040/2024,,2024,40,45751435000106,MUNICIPIO DE PAULINIA,MUNICIPIO DE PAULINIA,Dispensa,Aviso de Contratação Direta,Divulgada no PNCP,False,2024-03-06T08:16:03.782512,2024-03-14T15:43:57.125243,,Paulínia,SP,Municipal,Aviso de Contratação Direta nº 7548/2024,"Aquisição de Figurino para Grupo de dança “Divas”, 3ª idade do departamento CCI – “Tia Lídia”",/compras/45751435000106/2024/40
45751435000106-1-000116/2024,,2024,116,45751435000106,MUNICIPIO DE PAULINIA,MUNICIPIO DE PAULINIA,Dispensa,Aviso de Contratação Direta,Divulgada no PNCP,False,2024-04-15T09:27:42.647853,2024-04-23T08:34:40.176764,,Paulínia,SP,Municipal,Aviso de Contratação Direta nº 2534/2024,"AQUISIÇÃO DE SHAMPOO E PRETINHO PARA LIMPEZA, HIGIENIZAÇÃO E MANUTENÇÃO DAS VIATURAS DA GUARDA CIVIL MUNICIPAL DE PAULÍNIA. ",/compras/45751435000106/2024/116
45751435000106-1-000152/2024,,2024,152,45751435000106,MUNICIPIO DE PAULINIA,Prefeitura Do Município De Paulínia,Pregão - Eletrônico,Edital,Divulgada no PNCP,False,2024-04-25T11:27:23.972701,2024-04-25T11:27:23.972701,,Paulínia,SP,Municipal,Edital nº 59/2024,REGISTRO DE PREÇOS PARA AQUISIÇÃO DE MEDICAMENTOS,/compras/45751435000106/2024/152
45751435000106-1-000270/2024,,2024,270,45751435000106,MUNICIPIO DE PAULINIA,MUNICIPIO DE PAULINIA,Pregão - Eletrônico,Edital,Divulgada no PNCP,False,2024-06-14T10:21:22.824295,2024-06-14T10:21:22.824295,,Paulínia,SP,Municipal,Edital nº 68/2024,REGISTRO DE PREÇOS PARA AQUISIÇÃO DE MATERIAIS DE LIMPEZA E DESCARTÁVEIS PARA ATENDIMENTO DOS DEPARTAMENTOS DA ADMINISTRAÇÃO MUNICIPAL,/compras/45751435000106/2024/270
45751435000106-1-000166/2024,,2024,166,45751435000106,MUNICIPIO DE PAULINIA,MUNICIPIO DE PAULINIA,Pregão - Eletrônico,Edital,Divulgada no PNCP,False,2024-04-30T09:08:21.467094,2024-06-20T12:31:01.419464,,Paulínia,SP,Municipal,Edital nº 64/2024,"AQUISIÇÃO DE MATERIAIS PARA CIRURGIA ORTOPÉDICA E OUTROS PROCEDIMENTOS, EM SISTEMA DE CONSIGNAÇÃO PADRONIZADOS PELA TABELA SUS",/compras/45751435000106/2024/166
45751435000106-1-000276/2024,,2024,276,45751435000106,MUNICIPIO DE PAULINIA,MUNICIPIO DE PAULINIA,Dispensa,Aviso de Contratação Direta,Divulgada no PNCP,False,2024-06-17T14:21:05.862620,2024-06-24T15:09:01.632429,,Paulínia,SP,Municipal,Aviso de Contratação Direta nº 19605/2024,CONTRATAÇÃO DE EMPRESA COM SERVIÇOS DE TAPEÇARIA PARA TROCA DE TECIDO DAS DIVISÓRIAS DA SECRETARIA MUNICIPAL DE DESENVOLVIMENTO ECONÔMICO,/compras/45751435000106/2024/276
45751435000106-1-000360/2024,,2024,360,45751435000106,MUNICIPIO DE PAULINIA,MUNICIPIO DE PAULINIA,Dispensa,Aviso de Contratação Direta,Divulgada no PNCP,False,2024-08-01T14:58:39.022458,2024-08-08T09:55:09.870097,,Paulínia,SP,Municipal,Aviso de Contratação Direta nº 24133/2024,TROCA DE EMBREAGEM E MANUTENÇÃO DE VIATURA - VEÍCULO VW 17.250 CNC - DO CORPO DE BOMBEIROS DO MUNICÍPIO DE PAULÍNIA.,/compras/45751435000106/2024/360
45751435000106-1-000396/2024,,2024,396,45751435000106,MUNICIPIO DE PAULINIA,MUNICIPIO DE PAULINIA,Dispensa,Aviso de Contratação Direta,Divulgada no PNCP,False,2024-08-16T12:19:32.068206,2024-08-16T12:19:32.068206,,Paulínia,SP,Municipal,Aviso de Contratação Direta nº 25373/2024,AQUISIÇÃO DE RAÇÃO PARA CÃES DA DIVISÃO DE OPERAÇÕES COM CÃES DO DEPARTAMENTO DA GUARDA CIVIL MUNICIPAL DE PAULÍNIA.,/compras/45751435000106/2024/396
45751435000106-1-000356/2024,,2024,356,45751435000106,MUNICIPIO DE PAULINIA,MUNICIPIO DE PAULINIA,Pregão - Eletrônico,Edital,Divulgada no PNCP,False,2024-07-31T10:31:49.838874,2024-08-21T16:06:35.550655,,Paulínia,SP,Municipal,Edital nº 129/2024,"REGISTRO DE PREÇOS PARA AQUISIÇÃO ANUAL DE SONDA FOLEY, GÁSTRICA, ALIMENTAÇÃO, RETAL E BALÃO ESOFÁGICO",/compras/45751435000106/2024/356
45751435000106-1-000239/2024,,2024,239,45751435000106,MUNICIPIO DE PAULINIA,MUNICIPIO DE PAULINIA,Pregão - Eletrônico,Edital,Divulgada no PNCP,False,2024-06-03T10:56:01.334468,2024-08-27T14:43:16.798784,,Paulínia,SP,Municipal,Edital nº 92/2024,CONTRATAÇÃO DE EMPRESA PARA PRESTAÇÃO DE SERVIÇOS DE PULVERIZAÇÃO E NEBULIZAÇÃO/ATOMIZAÇÃO PORTÁTIL (BLOQUEIO NEBULIZAÇÃO – BN),/compras/45751435000106/2024/239
45751435000106-1-000285/2024,,2024,285,45751435000106,MUNICIPIO DE PAULINIA,MUNICIPIO DE PAULINIA,Pregão - Eletrônico,Edital,Divulgada no PNCP,False,2024-06-19T16:27:12.675752,2024-08-28T11:33:56.986091,,Paulínia,SP,Municipal,Edital nº 112/2024,REGISTRO DE PREÇOS PARA AQUISIÇÃO DE KITS LANCHE PARA REALIZAÇÃO DE EVENTOS NO MUNICÍPIO DE PAULÍNIA,/compras/45751435000106/2024/285
45751435000106-1-000424/2024,,2024,424,45751435000106,MUNICIPIO DE PAULINIA,MUNICIPIO DE PAULINIA,Dispensa,Aviso de Contratação Direta,Divulgada no PNCP,False,2024-08-29T12:10:20.614521,2024-08-29T12:10:20.614521,,Paulínia,SP,Municipal,Aviso de Contratação Direta nº 27512/2024,"Controle de cupim subterrâneo, barreira química ao redor da casa, aplicação localizada em todos os armários e batentes de madeira.",/compras/45751435000106/2024/424
45751435000106-1-000459/2024,,2024,459,45751435000106,MUNICIPIO DE PAULINIA,MUNICIPIO DE PAULINIA,Pregão - Eletrônico,Edital,Divulgada no PNCP,False,2024-09-13T15:35:54.091386,2024-09-13T15:35:54.091386,,Paulínia,SP,Municipal,Edital nº 171/2024,CONTRATAÇÃO DE EMPRESA ESPECIALIZADA / CONSÓRCIO DE EMPRESAS PARA O SERVIÇO DE MANEJO ARBÓREO NO MUNICÍPIO DE PAULÍNIA,/compras/45751435000106/2024/459
45751435000106-1-000503/2024,,2024,503,45751435000106,MUNICIPIO DE PAULINIA,MUNICIPIO DE PAULINIA,Inexigibilidade,Ato que autoriza a Contratação Direta,Divulgada no PNCP,False,2024-10-24T08:58:53.909547,2024-10-24T08:58:53.909547,,Paulínia,SP,Municipal,Ato que autoriza a Contratação Direta nº 31267/2024,CONTRATAÇÃO DE EMPRESA ESPECIALIZADA PARA CAPACITAÇÃO: “ O PAPEL DO CRAS E DO CREAS NA CONSTRUÇÃO DA INTEGRALIDADE DO ATENDIMENTO NO SUAS”,/compras/45751435000106/2024/503
45751435000106-1-000508/2024,,2024,508,45751435000106,MUNICIPIO DE PAULINIA,MUNICIPIO DE PAULINIA,Pregão - Eletrônico,Edital,Divulgada no PNCP,False,2024-10-29T14:30:10.471423,2024-10-29T14:30:10.471423,,Paulínia,SP,Municipal,Edital nº 176/2024,REGISTRO DE PREÇOS PARA AQUISIÇÃO DE ENXOVAL CIRÚRGICO PARA O HOSPITAL MUNICIPAL E PARA A SAÚDE BUCAL,/compras/45751435000106/2024/508
45751435000106-1-000511/2024,,2024,511,45751435000106,MUNICIPIO DE PAULINIA,MUNICIPIO DE PAULINIA,Pregão - Eletrônico,Edital,Divulgada no PNCP,False,2024-10-30T08:22:28.723249,2024-10-30T08:22:28.723249,,Paulínia,SP,Municipal,Edital nº 178/2024,AQUISIÇÃO DE MATERIAL PARA TRABALHO PEDAGÓGICO EM SALAS DE RECURSOS MULTIFUNCIONAIS DA REDE MUNICIPAL DE EDUCAÇÃO DE PAULÍNIA,/compras/45751435000106/2024/511
45751435000106-1-000335/2024,,2024,335,45751435000106,MUNICIPIO DE PAULINIA,MUNICIPIO DE PAULINIA,Dispensa,Aviso de Contratação Direta,Divulgada no PNCP,False,2024-07-19T14:22:18.342163,2024-11-04T14:44:43.436646,,Paulínia,SP,Municipal,Aviso de Contratação Direta nº 23248/2024,AQUISIÇÃO DE PISTOLA DE AR COMPRIMIDO PARA UTILIZAÇÃO NA CENTRAL DE MATERIAIS E ESTERILIZAÇÃO DO HOSPITAL MUNICIPAL DE PAULÍNIA,/compras/45751435000106/2024/335
45751435000106-1-000130/2024,,2024,130,45751435000106,MUNICIPIO DE PAULINIA,MUNICIPIO DE PAULINIA,Dispensa,Aviso de Contratação Direta,Divulgada no PNCP,False,2024-04-18T14:31:34.230730,2024-11-05T09:30:29.358738,,Paulínia,SP,Municipal,Aviso de Contratação Direta nº 13658/2024,"FORNECIMENTO DE AR MEDICINAL COMPRIMIDO, COM CESSÃO GRATUITA E TEMPORÁRIA DE 02 (DOIS) CILINDROS EM SISTEMA DE COMODATO",/compras/45751435000106/2024/130
45751435000106-1-000565/2024,,2024,565,45751435000106,MUNICIPIO DE PAULINIA,MUNICIPIO DE PAULINIA,Dispensa,Aviso de Contratação Direta,Divulgada no PNCP,False,2024-11-14T09:46:10.782954,2024-11-14T10:04:23.906076,,Paulínia,SP,Municipal,Aviso de Contratação Direta nº 0035036\2024/2024,AQUISIÇÃO DE DO MEDICAMENTO SULFADIAZINA 500 MG COMPRIMIDO,/compras/45751435000106/2024/565
45751435000106-1-000638/2024,,2024,638,45751435000106,MUNICIPIO DE PAULINIA,MUNICIPIO DE PAULINIA,Dispensa,Ato que autoriza a Contratação Direta,Divulgada no PNCP,False,2025-03-10T11:35:12.549870,2025-03-10T11:35:12.549870,,Paulínia,SP,Municipal,Ato que autoriza a Contratação Direta nº 39705/2024,6 - Medicamentos,/compras/45751435000106/2024/638
45751435000106-1-000642/2024,,2024,642,45751435000106,MUNICIPIO DE PAULINIA,MUNICIPIO DE PAULINIA,Dispensa,Ato que autoriza a Contratação Direta,Divulgada no PNCP,False,2025-04-02T10:38:19.509030,2025-04-02T10:38:19.509030,,Paulínia,SP,Municipal,Ato que autoriza a Contratação Direta nº 39363/2024,AQUISIÇÃO DE MEDICAMENTO PARA CUMPRIMENTO DE AÇÃO JUDICIAL. PROCESSO Nº 000.3399-92.2015.8.26.0428. REQUERENTE V.A.D.,/compras/45751435000106/2024/642
45751435000106-1-000069/2024,,2024,69,45751435000106,MUNICIPIO DE PAULINIA,MUNICIPIO DE PAULINIA,Dispensa,Aviso de Contratação Direta,Divulgada no PNCP,False,2024-03-27T10:41:03.238933,2024-03-27T10:41:03.238933,,Paulínia,SP,Municipal,Aviso de Contratação Direta nº 9763/2024,"AQUISIÇÃO DE FRAGMENTADORA DE PAPEL PARA SER UTILIZADA NA SECRETARIA DE DESENVOLVIMENTO ECONÔMICO, CONFORME DESCRITO NESTE TERMO DE REFERÊNCIA.",/compras/45751435000106/2024/69
45751435000106-1-000107/2024,,2024,107,45751435000106,MUNICIPIO DE PAULINIA,Prefeitura Do Município De Paulínia,Dispensa,Ato que autoriza a Contratação Direta,Divulgada no PNCP,False,2024-04-10T15:11:50.927386,2024-04-10T15:48:37.540025,,Paulínia,SP,Municipal,Ato que autoriza a Contratação Direta nº 51/2024,AQUISIÇÃO DE MEDICAMENTOS PARA CUMPRIMENTO DE AÇÕES JUDICIAIS.,/compras/45751435000106/2024/107
45751435000106-1-000058/2024,,2024,58,45751435000106,MUNICIPIO DE PAULINIA,Prefeitura Do Município De Paulínia,Pregão - Eletrônico,Edital,Divulgada no PNCP,False,2024-03-21T12:20:13.027789,2024-04-17T09:45:21.970575,,Paulínia,SP,Municipal,Edital nº 22/2024,"AQUISIÇÃO DE GÁS LIQUEFEITO DE PETRÓLEO - GLP, A GRANEL.",/compras/45751435000106/2024/58
45751435000106-1-000136/2024,,2024,136,45751435000106,MUNICIPIO DE PAULINIA,Prefeitura Do Município De Paulínia,Pregão - Eletrônico,Edital,Divulgada no PNCP,False,2024-04-22T12:41:57.448745,2024-04-22T12:41:57.448745,,Paulínia,SP,Municipal,Edital nº 50/2024,REGISTRO DE PREÇOS PARA AQUISIÇÃO DE MATERIAIS HOSPITALARES,/compras/45751435000106/2024/136
45751435000106-1-000132/2024,,2024,132,45751435000106,MUNICIPIO DE PAULINIA,Prefeitura Do Município De Paulínia,Pregão - Eletrônico,Edital,Divulgada no PNCP,False,2024-04-19T16:22:01.065012,2024-05-13T09:52:17.082865,,Paulínia,SP,Municipal,Edital nº 48/2024,REGISTRO DE PREÇOS PARA AQUISIÇÃO DE MEDICAMENTOS ANTIMICROBIANOS,/compras/45751435000106/2024/132
45751435000106-1-000205/2024,,2024,205,45751435000106,MUNICIPIO DE PAULINIA,Prefeitura Do Município De Paulínia,Pregão - Eletrônico,Edital,Divulgada no PNCP,False,2024-05-17T15:31:15.631310,2024-05-17T15:31:15.631310,,Paulínia,SP,Municipal,Edital nº 81/2024,REGISTRO DE PREÇOS PARA AQUISIÇÃO DE MATERIAIS DE ESCRITÓRIO,/compras/45751435000106/2024/205
45751435000106-1-000236/2024,,2024,236,45751435000106,MUNICIPIO DE PAULINIA,Prefeitura Do Município De Paulínia,Dispensa,Ato que autoriza a Contratação Direta,Divulgada no PNCP,False,2024-06-03T10:28:18.595022,2024-06-03T10:28:18.595022,,Paulínia,SP,Municipal,Ato que autoriza a Contratação Direta nº 87/2024,CONTRATAÇÃO DE EMPRESA ESPECIALIZADA EM PROCESSAMENTO DE MULTAS DE TRÂNSITO.,/compras/45751435000106/2024/236
45751435000106-1-000153/2024,,2024,153,45751435000106,MUNICIPIO DE PAULINIA,Prefeitura Do Município De Paulínia,Pregão - Eletrônico,Edital,Divulgada no PNCP,False,2024-04-25T15:39:36.501560,2024-06-24T08:08:44.522596,,Paulínia,SP,Municipal,Edital nº 60/2024,REGISTRO DE PREÇOS PARA AQUISIÇÃO DE CATETERES URETRAIS,/compras/45751435000106/2024/153
45751435000106-1-000307/2024,,2024,307,45751435000106,MUNICIPIO DE PAULINIA,MUNICIPIO DE PAULINIA,Dispensa,Aviso de Contratação Direta,Divulgada no PNCP,False,2024-06-28T14:52:53.664832,2024-07-05T10:52:40.928010,,Paulínia,SP,Municipal,Aviso de Contratação Direta nº 19571/2024,"AQUISIÇÃO DE TENDAS PARA SEREM UTILIZADAS NOS EVENTOS REALIZADOS PELA SECRETARIA DE ESPORTES, CULTURA, TURISMO E EVENTOS.",/compras/45751435000106/2024/307
45751435000106-1-000262/2024,,2024,262,45751435000106,MUNICIPIO DE PAULINIA,MUNICIPIO DE PAULINIA,Pregão - Eletrônico,Edital,Divulgada no PNCP,False,2024-06-12T15:25:40.284167,2024-07-05T16:13:45.638196,,Paulínia,SP,Municipal,Edital nº 101/2024,"AQUISIÇÃO DE 02 NOVOS SISTEMAS DE AQUECIMENTO DE ÁGUA, CONTEMPLANDO OS BLOCOS 01 E 02 DO HOSPITAL MUNICIPAL DE PAULÍNIA",/compras/45751435000106/2024/262
45751435000106-1-000321/2024,,2024,321,45751435000106,MUNICIPIO DE PAULINIA,Prefeitura Do Município De Paulínia,Dispensa,Aviso de Contratação Direta,Divulgada no PNCP,False,2024-07-10T14:51:23.048863,2024-07-10T15:42:40.270832,,Paulínia,SP,Municipal,Aviso de Contratação Direta nº 114/2024,AQUISIÇÃO DE CARIMBOS,/compras/45751435000106/2024/321
45751435000106-1-000289/2024,,2024,289,45751435000106,MUNICIPIO DE PAULINIA,MUNICIPIO DE PAULINIA,Pregão - Eletrônico,Edital,Divulgada no PNCP,False,2024-06-20T14:34:22.535806,2024-07-12T12:57:57.305305,,Paulínia,SP,Municipal,Edital nº 114/2024,"REGISTRO DE PREÇOS PARA AQUISIÇÃO DE ROUPARIA PARA ATENDER AS NECESSIDADES DAS CRECHES E EMEIS DA REDE 
MUNICIPAL DE ENSINO",/compras/45751435000106/2024/289
45751435000106-1-000332/2024,,2024,332,45751435000106,MUNICIPIO DE PAULINIA,MUNICIPIO DE PAULINIA,Pregão - Eletrônico,Edital,Divulgada no PNCP,False,2024-07-18T16:09:49.497547,2024-07-18T16:09:49.497547,,Paulínia,SP,Municipal,Edital nº 124/2024,CONTRATAÇÃO DE EMPRESA OU CONSÓRCIO DE EMPRESAS PARA PRESTAÇÃO DE SERVIÇO DE LIMPEZA E DESINFECÇÃO DOS RESERVATÓRIOS DAS UNIDADES ESCOLARES DO MUNICÍPIO,/compras/45751435000106/2024/332
45751435000106-1-000352/2024,,2024,352,45751435000106,MUNICIPIO DE PAULINIA,MUNICIPIO DE PAULINIA,Pregão - Eletrônico,Edital,Divulgada no PNCP,False,2024-07-29T16:11:19.194115,2024-07-30T10:47:13.775600,,Paulínia,SP,Municipal,Edital nº 86/2024,"CONTRATAÇÃO DE EMPRESA PARA LOCAÇÃO DE SISTEMA ANALÍTICO COM AQUISIÇÃO DE TESTES DE BIOQUÍMICA, ENDOCRINOLOGIA E MARCADORES TUMORAIS E INFLAMATÓRIOS",/compras/45751435000106/2024/352
45751435000106-1-000387/2024,,2024,387,45751435000106,MUNICIPIO DE PAULINIA,Prefeitura Do Município De Paulínia,Pregão - Eletrônico,Edital,Divulgada no PNCP,False,2024-08-15T11:02:42.644996,2024-08-15T11:02:42.644996,,Paulínia,SP,Municipal,Edital nº 146/2024,REGISTRO DE PREÇOS PARA AQUISIÇÃO DE MATERIAIS HOSPITALARES DIVERSOS,/compras/45751435000106/2024/387
45751435000106-1-000317/2024,,2024,317,45751435000106,MUNICIPIO DE PAULINIA,MUNICIPIO DE PAULINIA,Concorrência - Eletrônica,Edital,Divulgada no PNCP,False,2024-07-04T16:59:16.637940,2024-08-28T11:23:43.819297,,Paulínia,SP,Municipal,Edital nº 04/2024,CONTRATAÇÃO DE EMPRESA / CONSÓRCIO DE ATÉ 2 (DUAS) EMPRESAS PARA OBRA DE RECUPERAÇÃO DA ESTRUTURA DE PAVIMENTAÇÃO ASFÁLTICA,/compras/45751435000106/2024/317
45751435000106-1-000374/2024,,2024,374,45751435000106,MUNICIPIO DE PAULINIA,MUNICIPIO DE PAULINIA,Pregão - Eletrônico,Edital,Divulgada no PNCP,False,2024-08-07T15:22:21.086298,2024-08-30T09:59:18.681186,,Paulínia,SP,Municipal,Edital nº 140/2024,REGISTRO DE PREÇOS PARA AQUISIÇÃO ANUAL DE ADESIVOS PARA FIXAÇÃO DE SONDAS E CATETERES NA PELE E DISPOSITIVOS URINÁRIOS,/compras/45751435000106/2024/374
45751435000106-1-000410/2024,,2024,410,45751435000106,MUNICIPIO DE PAULINIA,MUNICIPIO DE PAULINIA,Dispensa,Aviso de Contratação Direta,Divulgada no PNCP,False,2024-08-26T11:56:04.729213,2024-09-05T13:46:05.508313,,Paulínia,SP,Municipal,Aviso de Contratação Direta nº 23064/2024,"Aquisição de carnes, para dieta dos animais do Parque Ecológico Armando Muller do Município de Paulínia, de forma parcelada. ",/compras/45751435000106/2024/410
45751435000106-1-000442/2024,,2024,442,45751435000106,MUNICIPIO DE PAULINIA,MUNICIPIO DE PAULINIA,Dispensa,Aviso de Contratação Direta,Divulgada no PNCP,False,2024-09-06T13:53:13.850393,2024-09-13T15:46:17.950454,,Paulínia,SP,Municipal,Aviso de Contratação Direta nº 28263/2024,Contratação de empresa especializada no fornecimento de Air Fryer e Liquidificador para atender as necessidades da Secretaria de Finanças.,/compras/45751435000106/2024/442
45751435000106-1-000478/2024,,2024,478,45751435000106,MUNICIPIO DE PAULINIA,Prefeitura Do Município De Paulínia,Dispensa,Ato que autoriza a Contratação Direta,Divulgada no PNCP,False,2024-09-25T09:44:03.652378,2024-09-25T09:44:15.697026,,Paulínia,SP,Municipal,Ato que autoriza a Contratação Direta nº 171/2024,"""AQUISIÇÃO DE LUVA DE PROCEDIMENTO TAMANHO PEQUENA - EMERGENCIAL.""",/compras/45751435000106/2024/478
45751435000106-1-000469/2024,,2024,469,45751435000106,MUNICIPIO DE PAULINIA,MUNICIPIO DE PAULINIA,Pregão - Eletrônico,Edital,Divulgada no PNCP,False,2024-09-20T10:29:08.244455,2024-10-10T14:57:49.264341,,Paulínia,SP,Municipal,Edital nº 177/2024,CONTRATAÇÃO DE EMPRESA / CONSÓRCIO DE EMPRESAS PARA SERVIÇO DE DIAGNÓSTICO E ELABORAÇÃO DE INVENTÁRIO DA  SITUAÇÃO ATUAL DA ARBORIZAÇÃO URBANA,/compras/45751435000106/2024/469
45751435000106-1-000537/2024,,2024,537,45751435000106,MUNICIPIO DE PAULINIA,MUNICIPIO DE PAULINIA,Concorrência - Eletrônica,Edital,Divulgada no PNCP,False,2024-11-07T11:21:16.968171,2024-11-07T11:21:16.968171,,Paulínia,SP,Municipal,Edital nº 214/2024,"CONTRATAÇÃO DE EMPRESA / CONSÓRCIO DE EMPRESAS PARA OBRAS DE PAVIMENTAÇÃO, DRENAGEM E SERVIÇOS COMPLEMENTARES EM RUAS E AVENIDAS DO MUNÍCÍPIO",/compras/45751435000106/2024/537
45751435000106-1-000435/2024,,2024,435,45751435000106,MUNICIPIO DE PAULINIA,MUNICIPIO DE PAULINIA,Pregão - Eletrônico,Edital,Divulgada no PNCP,False,2024-09-03T16:03:33.663677,2024-11-19T11:20:10.534667,,Paulínia,SP,Municipal,Edital nº 161/2024,CONTRATAÇÃO DE EMPRESA PARA PRESTAÇÃO DE SERVIÇOS DE MANUTENÇÃO PREVENTIVA E CORRETIVA DE MATERIAIS MÉDICOS HOSPITALARES E INSTRUMENTAIS CIRÚRGICOS,/compras/45751435000106/2024/435
45751435000106-1-000484/2024,,2024,484,45751435000106,MUNICIPIO DE PAULINIA,MUNICIPIO DE PAULINIA,Pregão - Eletrônico,Edital,Divulgada no PNCP,False,2024-09-27T12:25:04.690794,2024-11-28T08:27:48.430436,,Paulínia,SP,Municipal,Edital nº 184/2024,REGISTRO DE PREÇOS PARA EVENTUAL CONTRATAÇÃO DE EMPRESA ESPECIALIZADA EM SERVIÇOS DE SEGURANÇA NÃO ARMADA PARA EVENTOS,/compras/45751435000106/2024/484
45751435000106-1-000601/2024,,2024,601,45751435000106,MUNICIPIO DE PAULINIA,MUNICIPIO DE PAULINIA,Dispensa,Aviso de Contratação Direta,Divulgada no PNCP,False,2024-12-09T11:43:08.265326,2024-12-09T11:43:08.265326,,Paulínia,SP,Municipal,Aviso de Contratação Direta nº 35830/2024,AQUISIÇÃO DE REFRIGERADOR.,/compras/45751435000106/2024/601
45751435000106-1-000033/2024,,2024,33,45751435000106,MUNICIPIO DE PAULINIA,MUNICIPIO DE PAULINIA,Dispensa,Aviso de Contratação Direta,Divulgada no PNCP,False,2024-02-23T14:40:06.969434,2024-02-23T14:40:06.969434,,Paulínia,SP,Municipal,Aviso de Contratação Direta nº 32933/2023/2024,"Aquisição de recarga de gás GLP 13 kg e 45 kg, para atendimento dos departamentos da Administração Municipal.",/compras/45751435000106/2024/33
45751435000106-1-000042/2024,,2024,42,45751435000106,MUNICIPIO DE PAULINIA,MUNICIPIO DE PAULINIA,Dispensa,Aviso de Contratação Direta,Divulgada no PNCP,False,2024-03-07T13:41:22.146666,2024-03-18T10:32:30.128699,,Paulínia,SP,Municipal,Aviso de Contratação Direta nº 7550/2024,Aquisição de Cortina rolo tela solar para unidade do CRAS – Centro de Referência da Assistência Social – João Aranha,/compras/45751435000106/2024/42
45751435000106-1-000114/2024,,2024,114,45751435000106,MUNICIPIO DE PAULINIA,Prefeitura Do Município De Paulínia,Dispensa,Ato que autoriza a Contratação Direta,Divulgada no PNCP,False,2024-04-12T12:14:02.364552,2024-04-12T12:14:02.364552,,Paulínia,SP,Municipal,Ato que autoriza a Contratação Direta nº 55/2024,"AQUIIÇÃO EMERGENCIAL DE ÁGUA NATURAL SEM GÁS, EM GALÕES DE 20LTS",/compras/45751435000106/2024/114
45751435000106-1-000215/2024,,2024,215,45751435000106,MUNICIPIO DE PAULINIA,MUNICIPIO DE PAULINIA,Dispensa,Aviso de Contratação Direta,Divulgada no PNCP,False,2024-05-21T16:42:04.420120,2024-05-29T14:28:08.060080,,Paulínia,SP,Municipal,Aviso de Contratação Direta nº 16698/2024,CONTRATAÇÃO DE EMPRESA DE SERVIÇOS DE TAPEÇARIA PARA MANUTENÇÃO E TROCA DE TECIDO EM CADEIRAS E LONGARINAS DA SECRETARIA MUNICIPAL DE DESENVOLVIMENTO ECONÔMICO.,/compras/45751435000106/2024/215
45751435000106-1-000193/2024,,2024,193,45751435000106,MUNICIPIO DE PAULINIA,MUNICIPIO DE PAULINIA,Pregão - Eletrônico,Edital,Divulgada no PNCP,False,2024-05-10T12:09:45.360617,2024-06-21T10:48:34.198322,,Paulínia,SP,Municipal,Edital nº 74/2024,CONTRATAÇÃO DE EMPRESA PARA LOCAÇÃO DE EQUIPAMENTOS PARA O SERVIÇO DE DIAGNÓSTICO POR IMAGEM – RAIO X MÓVEL E ARCO CIRÚRGICO,/compras/45751435000106/2024/193
45751435000106-1-000312/2024,,2024,312,45751435000106,MUNICIPIO DE PAULINIA,MUNICIPIO DE PAULINIA,Dispensa,Aviso de Contratação Direta,Divulgada no PNCP,False,2024-07-02T15:48:35.610555,2024-07-15T12:41:19.412157,,Paulínia,SP,Municipal,Aviso de Contratação Direta nº 19983/2024,"Renovação de assinatura do Certificado Digital, modelo E-CPF TIPO A3, com duração de 36 meses, para os funcionários da Secretaria.",/compras/45751435000106/2024/312
45751435000106-1-000198/2024,,2024,198,45751435000106,MUNICIPIO DE PAULINIA,MUNICIPIO DE PAULINIA,Pregão - Eletrônico,Edital,Divulgada no PNCP,False,2024-05-16T10:21:54.670908,2024-07-16T12:27:45.994336,,Paulínia,SP,Municipal,Edital nº 78/2024,CONTRATAÇÃO DE EMPRESA OU CONSÓRCIO DE EMPRESAS PARA AQUISIÇÃO E INSTALAÇÃO DE APARELHOS DE AR CONDICIONADO NOS IMÓVEIS DA SECRETARIA DE ASSISTÊNCIA SOCIAL,/compras/45751435000106/2024/198
45751435000106-1-000393/2024,,2024,393,45751435000106,MUNICIPIO DE PAULINIA,MUNICIPIO DE PAULINIA,Pregão - Eletrônico,Edital,Divulgada no PNCP,False,2024-08-16T10:20:40.191438,2024-09-05T12:03:50.769180,,Paulínia,SP,Municipal,Edital nº 148/2024,"CONTRATAÇÃO DE EMPRESA PARA FORNECIMENTO DE SISTEMA DE CHAMADA DE ENFERMAGEM, CONTEMPLANDO SERVIÇO DE MÃO DE OBRA ESPECIALIZADA PARA INSTALAÇÃO",/compras/45751435000106/2024/393
45751435000106-1-000380/2024,,2024,380,45751435000106,MUNICIPIO DE PAULINIA,MUNICIPIO DE PAULINIA,Pregão - Eletrônico,Edital,Divulgada no PNCP,False,2024-08-09T14:59:55.280482,2024-09-30T11:09:10.917252,,Paulínia,SP,Municipal,Edital nº 143/2024,"REGISTRO DE PREÇOS PARA AQUISIÇÃO DE CATETER VENOSO CENTRAL, ELETRODO PARA MARCAPASSO, INTRODUTOR PERCUTÂNEO E CATETER UMBILICAL.",/compras/45751435000106/2024/380
45751435000106-1-000331/2024,,2024,331,45751435000106,MUNICIPIO DE PAULINIA,MUNICIPIO DE PAULINIA,Pregão - Eletrônico,Edital,Divulgada no PNCP,False,2024-07-17T15:16:42.925569,2024-10-07T13:21:38.027290,,Paulínia,SP,Municipal,Edital nº 123/2024,"CONTRATAÇÃO DE EMPRESA / CONSÓRCIO DE EMPRESAS PARA FORNECIMENTO DE SOLUÇÃO DE GESTÃO DE DOCUMENTOS, COM LOCAÇÃO DE EQUIPAMENTOS, FORNECIMENTO DE SERVIÇOS E INSUMOS",/compras/45751435000106/2024/331
45751435000106-1-000448/2024,,2024,448,45751435000106,MUNICIPIO DE PAULINIA,MUNICIPIO DE PAULINIA,Pregão - Eletrônico,Edital,Divulgada no PNCP,False,2024-09-11T11:04:24.554541,2024-10-08T11:55:05.375502,,Paulínia,SP,Municipal,Edital nº 167/2024,REGISTRO DE PREÇOS PARA CONTRATAÇÃO DE EMPRESA PARA FORNECIMENTO DE MATERIAIS ELÉTRICOS PARA MANUTENÇÕES DE PRÉDIOS PRÓPRIOS MUNICIPAIS,/compras/45751435000106/2024/448
45751435000106-1-000532/2024,,2024,532,45751435000106,MUNICIPIO DE PAULINIA,MUNICIPIO DE PAULINIA,Dispensa,Ato que autoriza a Contratação Direta,Divulgada no PNCP,False,2024-11-06T14:48:57.745558,2024-11-06T14:48:57.745558,,Paulínia,SP,Municipal,Ato que autoriza a Contratação Direta nº 32995/2024,AQUISIÇÃO DE PRÓTESE DE JOELHO COM COMPONENTES HIPOALERGÊNICOS PARA CUMPRIMENTO DA AÇÃO JUDICIAL PROCESSO DIGITAL Nº 1005816-83.2024.8.26.0428,/compras/45751435000106/2024/532
45751435000106-1-000554/2024,,2024,554,45751435000106,MUNICIPIO DE PAULINIA,MUNICIPIO DE PAULINIA,Pregão - Eletrônico,Edital,Divulgada no PNCP,False,2024-11-11T09:07:14.151655,2024-11-11T09:18:12.852628,,Paulínia,SP,Municipal,Edital nº 199/2024,CONTRATAÇÃO DE EMPRESA/ CONSORCIO DE EMPRESAS PARA LICENCIAMENTO DE USO TEMPORÁRIO DE SISTEMA PARA A MODERNIZAÇÃO DA ADMINISTRAÇÃO TRIBUTÁRIA MUNICIPAL,/compras/45751435000106/2024/554
45751435000106-1-000011/2024,,2024,11,45751435000106,MUNICIPIO DE PAULINIA,MUNICIPIO DE PAULINIA,Pregão - Eletrônico,Edital,Divulgada no PNCP,False,2024-01-25T16:20:08.720513,2024-02-23T08:54:00.842880,,Paulínia,SP,Municipal,Edital nº 07/2024,AQUISIÇÃO E INSTALAÇÃO DE EQUIPAMENTOS DE SINAIS LUMINOSOS (CAMPAINHA LUMINOSA ACIONADA JUNTO AO SINAL SONORO) PARA ATENDIMENTO A ALUNOS COM SURDEZ,/compras/45751435000106/2024/11
45751435000106-1-000014/2024,,2024,14,45751435000106,MUNICIPIO DE PAULINIA,MUNICIPIO DE PAULINIA,Pregão - Eletrônico,Edital,Divulgada no PNCP,False,2024-01-26T10:42:12.436488,2024-03-19T14:23:28.401209,,Paulínia,SP,Municipal,Edital nº 11/2024,REGISTRO DE PREÇOS PARA AQUISIÇÃO ANUAL DE MATERIAIS PARA EXAMES GINECOLÓGICOS PARA ASSISTÊNCIA NA SAÚDE DA MULHER E RECÉM NASCIDOS,/compras/45751435000106/2024/14
45751435000106-1-000056/2024,,2024,56,45751435000106,MUNICIPIO DE PAULINIA,Prefeitura Do Município De Paulínia,Inexigibilidade,Ato que autoriza a Contratação Direta,Divulgada no PNCP,False,2024-03-20T14:54:50.628205,2024-03-20T14:54:50.628205,,Paulínia,SP,Municipal,Ato que autoriza a Contratação Direta nº 38/2024,ANUIDADE DA UNDIME - UNIÃO DOS DIRIGENTES MUNICIPAIS DE EDUCAÇÃO DO ESTADO DE SÃO PAULO,/compras/45751435000106/2024/56
45751435000106-1-000041/2024,,2024,41,45751435000106,MUNICIPIO DE PAULINIA,MUNICIPIO DE PAULINIA,Dispensa,Aviso de Contratação Direta,Divulgada no PNCP,False,2024-03-06T13:23:12.919546,2024-03-26T09:57:00.693852,,Paulínia,SP,Municipal,Aviso de Contratação Direta nº 7724/2024,"AQUISIÇÃO DE TINTA SPRAY ESPECÍFICA PARA GRAFITAGEM DE MUROS, ESTILO ARTE URBANA, CONFORME TERMO DE REFERÊNCIA NA ABA ARQUIVOS.",/compras/45751435000106/2024/41
45751435000106-1-000073/2024,,2024,73,45751435000106,MUNICIPIO DE PAULINIA,Prefeitura Do Município De Paulínia,Dispensa,Ato que autoriza a Contratação Direta,Divulgada no PNCP,False,2024-03-27T16:14:48.633119,2024-03-27T16:15:04.375266,,Paulínia,SP,Municipal,Ato que autoriza a Contratação Direta nº 13/2024,"AQUISIÇÃO DE INSULINA ASPARTE E DEGLUTECA.
",/compras/45751435000106/2024/73
45751435000106-1-000055/2024,,2024,55,45751435000106,MUNICIPIO DE PAULINIA,MUNICIPIO DE PAULINIA,Dispensa,Aviso de Contratação Direta,Divulgada no PNCP,False,2024-03-20T13:30:43.308607,2024-04-01T15:56:01.076983,,Paulínia,SP,Municipal,Aviso de Contratação Direta nº 7745/2024,"Aquisição de Botons para Identificação dos servidores que participam da CIPA da PMP, bem como, os servidores que compõem a Brigada de Incêndio do Paço Municipal.",/compras/45751435000106/2024/55
45751435000106-1-000080/2024,,2024,80,45751435000106,MUNICIPIO DE PAULINIA,MUNICIPIO DE PAULINIA,Dispensa,Aviso de Contratação Direta,Divulgada no PNCP,False,2024-04-01T11:23:26.708524,2024-04-10T14:08:33.264805,,Paulínia,SP,Municipal,Aviso de Contratação Direta nº 10197/2024,"AQUISIÇÃO DE REFRIGERADOR E MICROONDAS, PARA SER UTILIZADO PELOS SERVIDORES DA SECRETARIA DE PLANEJAMENTO E CONTROLE URBANO, CONFORME DESCRITO NESTE TERMO DE REFERÊNCIA.",/compras/45751435000106/2024/80
45751435000106-1-000094/2024,,2024,94,45751435000106,MUNICIPIO DE PAULINIA,Prefeitura Do Município De Paulínia,Pregão - Eletrônico,Edital,Divulgada no PNCP,False,2024-04-04T15:26:50.306993,2024-04-30T11:25:32.413951,,Paulínia,SP,Municipal,Edital nº 28/2024,AQUISIÇÃO DE GASES MEDICINAIS,/compras/45751435000106/2024/94
45751435000106-1-000157/2024,,2024,157,45751435000106,MUNICIPIO DE PAULINIA,MUNICIPIO DE PAULINIA,Dispensa,Aviso de Contratação Direta,Divulgada no PNCP,False,2024-04-26T12:14:32.068583,2024-05-08T11:07:20.298279,,Paulínia,SP,Municipal,Aviso de Contratação Direta nº 11963/2024,"AQUISIÇÃO DE KIT DE FILTRO PURIFICADOR PPF E T33 E FILTRO DE ÀGUA 9.3/4, CONFORME ESPECIFICAÇÕES E DEMAIS EXIGÊNCIAS ESTABELECIDAS NESTE INSTRUMENTO.",/compras/45751435000106/2024/157
45751435000106-1-000169/2024,,2024,169,45751435000106,MUNICIPIO DE PAULINIA,MUNICIPIO DE PAULINIA,Dispensa,Aviso de Contratação Direta,Divulgada no PNCP,False,2024-04-30T13:29:20.829808,2024-05-09T09:05:57.572162,,Paulínia,SP,Municipal,Aviso de Contratação Direta nº 12451/2024,"Contratação de empresa especializada em manutenção de mesa de bilhar e aquisição de objetos de mesa de bilhar (taco, jogo de bolas, kit de giz e triângulo).",/compras/45751435000106/2024/169
45751435000106-1-000125/2024,,2024,125,45751435000106,MUNICIPIO DE PAULINIA,Prefeitura Do Município De Paulínia,Pregão - Eletrônico,Edital,Divulgada no PNCP,False,2024-04-16T15:42:26.938218,2024-05-10T15:11:02.500278,,Paulínia,SP,Municipal,Edital nº 44/2024,REGISTRO DE PREÇOS PARA AQUISIÇÃO/CONTRATAÇÃO DE MATERIAIS PARA CIRURGIA DE ARTROSCOPIA,/compras/45751435000106/2024/125
45751435000106-1-000123/2024,,2024,123,45751435000106,MUNICIPIO DE PAULINIA,Prefeitura Do Município De Paulínia,Pregão - Eletrônico,Edital,Divulgada no PNCP,False,2024-04-16T14:56:09.909175,2024-05-15T08:25:17.632090,,Paulínia,SP,Municipal,Edital nº 43/2024,AQUISIÇÃO DE MACA CLÍNICA HIDRÁULICA,/compras/45751435000106/2024/123
45751435000106-1-000199/2024,,2024,199,45751435000106,MUNICIPIO DE PAULINIA,MUNICIPIO DE PAULINIA,Dispensa,Aviso de Contratação Direta,Divulgada no PNCP,False,2024-05-16T13:00:29.394993,2024-05-17T07:52:09.380175,,Paulínia,SP,Municipal,Aviso de Contratação Direta nº 14109/2024,"AQUISIÇÃO DE INSTRUMENTOS MUSICAIS A SEREM UTILIZADOS PELOS ALUNOS E PROFESSORES NAS AULAS NO DEPARTAMENTO DE MÚSICA, DA SECRETARIA DE ESPORTES, CULTURA, TURISMO E EVENTOS.",/compras/45751435000106/2024/199
45751435000106-1-000207/2024,,2024,207,45751435000106,MUNICIPIO DE PAULINIA,MUNICIPIO DE PAULINIA,Dispensa,Aviso de Contratação Direta,Divulgada no PNCP,False,2024-05-20T14:28:29.545560,2024-05-24T16:58:25.546066,,Paulínia,SP,Municipal,Aviso de Contratação Direta nº 17260/2024,"Contratação de empresa para fornecimento de hospedagem e passagens aéreas, para a participação dos servidores da Secretaria Municipal de Administração, durante o 2º Congresso da 14.133",/compras/45751435000106/2024/207
45751435000106-1-000201/2024,,2024,201,45751435000106,MUNICIPIO DE PAULINIA,MUNICIPIO DE PAULINIA,Dispensa,Aviso de Contratação Direta,Divulgada no PNCP,False,2024-05-17T07:51:59.179018,2024-05-29T08:35:33.280893,,Paulínia,SP,Municipal,Aviso de Contratação Direta nº 15717/2024,Contratação de empresa especializada em realização de intervenção artística com personagens multicoloridos e lançamento de pó colorido para a festa em comemoração ao Dia das Crianças. ,/compras/45751435000106/2024/201
45751435000106-1-000297/2024,,2024,297,45751435000106,MUNICIPIO DE PAULINIA,MUNICIPIO DE PAULINIA,Dispensa,Aviso de Contratação Direta,Divulgada no PNCP,False,2024-06-25T10:39:59.665902,2024-06-25T10:39:59.665902,,Paulínia,SP,Municipal,Aviso de Contratação Direta nº 13357/2024,CONTRATAÇÃO DE SERVIÇOS ESPECIALIZADOS NO ACOMPANHAMENTO DAS ATIVIDADES RELACIONADAS AO PROGRAMA ESTADUAL DO MUNICIPIO VERDE E AZUL NO MUNICÍPIO DE PAULÍNIA.,/compras/45751435000106/2024/297
45751435000106-1-000324/2024,,2024,324,45751435000106,MUNICIPIO DE PAULINIA,MUNICIPIO DE PAULINIA,Concorrência - Eletrônica,Edital,Divulgada no PNCP,False,2024-07-11T13:08:35.346053,2024-07-11T13:08:35.346053,,Paulínia,SP,Municipal,Edital nº 05/2024,CONTRATAÇÃO DE EMPRESA / CONSÓRCIO DE EMPRESAS PARA ELABORAÇÃO DE PROJETOS DE ENGENHARIA AS BUILT DOS IMÓVEIS OCUPADOS PELA REDE MUNICIPAL DE ENSINO DE PAULÍNIA,/compras/45751435000106/2024/324
45751435000106-1-000308/2024,,2024,308,45751435000106,MUNICIPIO DE PAULINIA,MUNICIPIO DE PAULINIA,Dispensa,Aviso de Contratação Direta,Divulgada no PNCP,False,2024-06-28T15:34:24.817310,2024-07-12T11:31:33.873123,,Paulínia,SP,Municipal,Aviso de Contratação Direta nº 20741/2024,Serviço de Locação de caminhão munck para atendimento da demanda das atividades de poda e supressão de vegetação arbórea de grande porte do Município de Paulínia.,/compras/45751435000106/2024/308
45751435000106-1-000325/2024,,2024,325,45751435000106,MUNICIPIO DE PAULINIA,MUNICIPIO DE PAULINIA,Dispensa,Aviso de Contratação Direta,Divulgada no PNCP,False,2024-07-12T13:28:53.492948,2024-07-12T13:28:53.492948,,Paulínia,SP,Municipal,Aviso de Contratação Direta nº 21614/2024,AQUISIÇÃO DE MATERIAIS DE CONSUMO PARA O NOVO PRÉDIO DA REABILITAÇÃO – ADULTO E PARA DEMAIS SERVIÇOS DO DEREAB – DEPARTAMENTO DE REABILITAÇÃO DA SECRETARIA MUNICIPAL DE SAÚDE,/compras/45751435000106/2024/325
45751435000106-1-000351/2024,,2024,351,45751435000106,MUNICIPIO DE PAULINIA,MUNICIPIO DE PAULINIA,Dispensa,Aviso de Contratação Direta,Divulgada no PNCP,False,2024-07-29T08:55:28.495888,2024-08-08T08:11:29.764869,,Paulínia,SP,Municipal,Aviso de Contratação Direta nº 21558/2024,"TROCA DE ÓLEO, FILTROS DE ÓLEO, SEDIMENTADOR E AR CONDICIONADO DOS VEÍCULOS E MOTO BOMBA AUXILIAR DE INCÊNDIO DO CORPO DE BOMBEIROS DO MUNICÍPIO DE PAULÍNIA.",/compras/45751435000106/2024/351
45751435000106-1-000436/2024,,2024,436,45751435000106,MUNICIPIO DE PAULINIA,MUNICIPIO DE PAULINIA,Dispensa,Aviso de Contratação Direta,Divulgada no PNCP,False,2024-09-04T14:20:24.298489,2024-09-11T11:38:35.732159,,Paulínia,SP,Municipal,Aviso de Contratação Direta nº 27098/2024,"Aquisição de Filtro de linha (réguas de extensão) contendo 10 tomadas espaçadas e fio de no mínimo 2mts, bivolt e 10A.",/compras/45751435000106/2024/436
45751435000106-1-000463/2024,,2024,463,45751435000106,MUNICIPIO DE PAULINIA,MUNICIPIO DE PAULINIA,Concorrência - Eletrônica,Edital,Divulgada no PNCP,False,2024-09-18T11:19:01.217553,2024-09-18T11:19:01.217553,,Paulínia,SP,Municipal,Edital nº 07/2024,CONTRATAÇÃO DE EMPRESA ESPECIALIZADA PARA CONSTRUÇÃO DE CASA DE BONECAS NAS UNIDADES ESCOLARES E.M. ATILIO BARDIN E CRECHE RACHEL BALISTA AMATTE,/compras/45751435000106/2024/463
45751435000106-1-000480/2024,,2024,480,45751435000106,MUNICIPIO DE PAULINIA,MUNICIPIO DE PAULINIA,Pregão - Eletrônico,Edital,Divulgada no PNCP,False,2024-09-26T16:41:38.913697,2024-09-26T16:41:38.913697,,Paulínia,SP,Municipal,Edital nº 183/2024,"REGISTRO DE PREÇOS PARA AQUISIÇÃO DE MEDICAMENTOS QUE ATUAM NO METABOLISMO E NUTRIÇÃO, SAIS MINERAIS, HORMÔNIOS, PREPARAÇÕES PARA A PELE E VITAMINAS",/compras/45751435000106/2024/480
45751435000106-1-000099/2024,,2024,99,45751435000106,MUNICIPIO DE PAULINIA,MUNICIPIO DE PAULINIA,Dispensa,Aviso de Contratação Direta,Divulgada no PNCP,False,2024-04-08T15:43:46.067970,2024-11-05T09:35:08.521369,,Paulínia,SP,Municipal,Aviso de Contratação Direta nº 12447/2024,"CONTRATAÇÃO DE EMPRESA PARA REALIZAÇÃO DE SERVIÇO ESPECIALIZADO DE NEBULIZAÇÃO PARA O CONTROLE DE EPIDEMIA DE DENGUE, ZIKA E CHIKUNGUNYA NO MUNICÍPIO DE PAULÍNIA.",/compras/45751435000106/2024/99
45751435000106-1-000531/2024,,2024,531,45751435000106,MUNICIPIO DE PAULINIA,MUNICIPIO DE PAULINIA,Pregão - Eletrônico,Edital,Divulgada no PNCP,False,2024-11-06T13:08:11.766182,2024-11-06T13:08:11.766182,,Paulínia,SP,Municipal,Edital nº 210/2024,"CONTRATAÇÃO DE EMPRESA ESPECIALIZADA PARA PRESTAÇÃO DE SERVIÇOS DE MANUTENÇÃO PREVENTIVA, CORRETIVA E ATENDIMENTO EMERGENCIAL EM ELEVADORES, PLATAFORMAS ACESSÍVEIS E MONTA CARGAS",/compras/45751435000106/2024/531
45751435000106-1-000476/2024,,2024,476,45751435000106,MUNICIPIO DE PAULINIA,MUNICIPIO DE PAULINIA,Pregão - Eletrônico,Edital,Divulgada no PNCP,False,2024-09-25T09:28:28.969753,2024-11-18T11:39:17.439504,,Paulínia,SP,Municipal,Edital nº 181/2024,REGISTRO DE PREÇOS PARA AQUISIÇÃO DE MATERIAIS PARA CIRURGIAS ORTOPÉDICAS – PRÓTESES ACOMPANHADAS DE INSTRUMENTAIS/EQUIPAMENTOS CIRÚRGICOS EM SISTEMA DE COMODATO,/compras/45751435000106/2024/476
45751435000106-1-000596/2024,,2024,596,45751435000106,MUNICIPIO DE PAULINIA,MUNICIPIO DE PAULINIA,Pregão - Eletrônico,Edital,Divulgada no PNCP,False,2024-12-09T09:52:24.439199,2024-12-09T09:52:24.439199,,Paulínia,SP,Municipal,Edital nº 0000197\2024/2024,"CONTRATAÇÃO DE EMPRESA ESPECIALIZADA PARA PRESTAÇÃO DE SERVIÇOS DE MANUTENÇÃO PREVENTIVA, CORRETIVA E ATENDIMENTO EMERGENCIAL EM ELEVADORES, PLATAFORMAS ACESSÍVEIS E MONTA CARGAS",/compras/45751435000106/2024/596
45751435000106-1-000606/2024,,2024,606,45751435000106,MUNICIPIO DE PAULINIA,MUNICIPIO DE PAULINIA,Dispensa,Aviso de Contratação Direta,Divulgada no PNCP,False,2024-12-11T10:23:45.161247,2024-12-11T10:23:45.161247,,Paulínia,SP,Municipal,Aviso de Contratação Direta nº 0038283/2024,"AQUISIÇÃO DE PEÇAS/ CONTRATAÇÃO DE SERVIÇOS PARA MANUTENÇÃO DAS CÂMARAS DE VACINA DAS UBSs SÃO JOSÉ, BETEL E MONTE ALEGRE III",/compras/45751435000106/2024/606
45751435000106-1-000619/2024,,2024,619,45751435000106,MUNICIPIO DE PAULINIA,MUNICIPIO DE PAULINIA,Dispensa,Ato que autoriza a Contratação Direta,Divulgada no PNCP,False,2024-12-18T10:08:27.425257,2024-12-18T10:08:27.425257,,Paulínia,SP,Municipal,Ato que autoriza a Contratação Direta nº 38168/2024,MEDICAMENTO,/compras/45751435000106/2024/619
45751435000106-1-000292/2024,,2024,292,45751435000106,MUNICIPIO DE PAULINIA,MUNICIPIO DE PAULINIA,Pregão - Eletrônico,Edital,Divulgada no PNCP,False,2024-06-21T11:13:29.753359,2025-02-07T08:24:02.688333,,Paulínia,SP,Municipal,Edital nº 115/2024,"REGISTRO DE PREÇOS PARA AQUISIÇÃO DE UNIFORMES E ACESSÓRIOS PARA OS AGENTES PÚBLICOS QUE ATUAM NO APH 
(ATENDIMENTO PRÉ-HOSPITALAR)",/compras/45751435000106/2024/292
45751435000106-1-000006/2024,,2024,6,45751435000106,MUNICIPIO DE PAULINIA,MUNICIPIO DE PAULINIA,Pregão - Eletrônico,Edital,Divulgada no PNCP,False,2024-01-25T08:56:22.669438,2024-03-05T15:08:06.811048,,Paulínia,SP,Municipal,Edital nº 05/2024,"REGISTRO DE PREÇOS PARA CONTRATAÇÃO DE SERVIÇOS ESPECIALIZADOS EM ARBITRAGEM PARA PLANEJAR, ARBITRAR, SUPERVISIONAR E EXECUTAR CAMPEONATOS, JOGOS E FESTIVAIS DESPORTIVOS, EM DIVERSAS MODALIDADES",/compras/45751435000106/2024/6
45751435000106-1-000064/2024,,2024,64,45751435000106,MUNICIPIO DE PAULINIA,MUNICIPIO DE PAULINIA,Dispensa,Aviso de Contratação Direta,Divulgada no PNCP,False,2024-03-22T14:07:17.291846,2024-03-22T14:07:17.291846,,Paulínia,SP,Municipal,Aviso de Contratação Direta nº 9910/2024,AQUISIÇÃO DE ROTEADOR WI-FI PARA MELHORA NOS SERVIÇOS DE ACESSO À INTERNET NA SECRETARIA DE MUNICIPAL DE ADMINISTRAÇÃO E NA SECRETARIA MUNICIPAL DE DESENVOLVIMENTO ECONÔMICO,/compras/45751435000106/2024/64
45751435000106-1-000085/2024,,2024,85,45751435000106,MUNICIPIO DE PAULINIA,MUNICIPIO DE PAULINIA,Dispensa,Aviso de Contratação Direta,Divulgada no PNCP,False,2024-04-02T15:46:40.431097,2024-04-02T15:46:40.431097,,Paulínia,SP,Municipal,Aviso de Contratação Direta nº 9740/2024,"AQUISIÇÃO DE GELADEIRA FROST FREE DUPLEX E MICRO-ONDAS, PARA SEREM UTILIZADOS PELOS SERVIDORES DA SECRETARIA DE DESENVOLVIMENTO ECONÔMICO, CONFORME DESCRITO NESTE TERMO DE REFERÊNCIA.",/compras/45751435000106/2024/85
45751435000106-1-000091/2024,,2024,91,45751435000106,MUNICIPIO DE PAULINIA,Prefeitura Do Município De Paulínia,Pregão - Eletrônico,Edital,Divulgada no PNCP,False,2024-04-04T09:33:44.446270,2024-04-19T11:29:34.076369,,Paulínia,SP,Municipal,Edital nº 25/2024,REGISTRO DE PREÇOS PARA AQUISIÇÃO DE ÁGUA NATURAL SEM GÁS PARA ATENDIMENTO DOS DEPARTAMENTOS DA ADMINISTRAÇÃO,/compras/45751435000106/2024/91
45751435000106-1-000178/2024,,2024,178,45751435000106,MUNICIPIO DE PAULINIA,MUNICIPIO DE PAULINIA,Dispensa,Aviso de Contratação Direta,Divulgada no PNCP,False,2024-05-06T10:04:43.694131,2024-05-10T09:05:39.251868,,Paulínia,SP,Municipal,Aviso de Contratação Direta nº 14021/2024,"Contratação de empresa especializada para prestação de serviços de chaveiro, fornecimento de chaves, reposição, conserto ou troca de chaves, com fornecimento de mão de obra e todo material necessário.",/compras/45751435000106/2024/178
45751435000106-1-000204/2024,,2024,204,45751435000106,MUNICIPIO DE PAULINIA,MUNICIPIO DE PAULINIA,Pregão - Eletrônico,Edital,Divulgada no PNCP,False,2024-05-17T12:00:21.624337,2024-05-17T12:00:21.624337,,Paulínia,SP,Municipal,Edital nº 80/2024,CONTRATAÇÃO DE EMPRESA OU PROFISSIONAL PARA PRESTAÇÃO DE SERVIÇO TÉCNICO ESPECIALIZADO DE ORIENTAÇÃO E MOBILIDADE PARA DEFICIENTES VISUAIS DA REDE PÚBLICA DE ENSINO DO MUNICÍPIO,/compras/45751435000106/2024/204
45751435000106-1-000235/2024,,2024,235,45751435000106,MUNICIPIO DE PAULINIA,Prefeitura Do Município De Paulínia,Pregão - Eletrônico,Edital,Divulgada no PNCP,False,2024-05-29T16:33:03.493749,2024-05-29T16:33:03.493749,,Paulínia,SP,Municipal,Edital nº 93/2024,REGISTRO DE PREÇOS PARA AQUISIÇÃO DE FRASCO PARA NUTRIÇÃO ENTERAL,/compras/45751435000106/2024/235
45751435000106-1-000220/2024,,2024,220,45751435000106,MUNICIPIO DE PAULINIA,MUNICIPIO DE PAULINIA,Dispensa,Aviso de Contratação Direta,Divulgada no PNCP,False,2024-05-23T08:24:39.476383,2024-06-04T09:04:23.098224,,Paulínia,SP,Municipal,Aviso de Contratação Direta nº 15724/2024,"Contratação de empresa para realização de serviço de confecção e montagem de mobiliário sob medida, com fornecimento de matéria-prima, para atender as necessidades da Secretaria Municipal de Planejamento.",/compras/45751435000106/2024/220
45751435000106-1-000144/2024,,2024,144,45751435000106,MUNICIPIO DE PAULINIA,MUNICIPIO DE PAULINIA,Pregão - Eletrônico,Edital,Divulgada no PNCP,False,2024-04-24T11:58:15.070504,2024-06-12T10:02:27.860041,,Paulínia,SP,Municipal,Edital nº 54/2024,"REGISTRO DE PREÇOS PARA AQUISIÇÃO DE INDICADORES DO PROCESSO DE LIMPEZA E ESTERILIZAÇÃO PARA ATENDER ÀS 
NECESSIDADES DO HOSPITAL MUNICIPAL, DEPARTAMENTO ODONTOLÓGICO E DEMAIS SERVIÇOS AGREGADOS",/compras/45751435000106/2024/144
45751435000106-1-000340/2024,,2024,340,45751435000106,MUNICIPIO DE PAULINIA,MUNICIPIO DE PAULINIA,Dispensa,Aviso de Contratação Direta,Divulgada no PNCP,False,2024-07-23T07:24:25.619395,2024-07-23T07:24:25.619395,,Paulínia,SP,Municipal,Aviso de Contratação Direta nº 23333/2024,"CONTRATAÇÃO DE LICENÇA DE USO DE SISTEMA DE GESTÃO EM HEMOTERAPIA CONTEMPLANDO A IMPLANTAÇÃO COMPLETA POR PARTE DA EMPRESA FORNECEDORA, SUPORTE TÉCNICO, TREINAMENTO E COMODATO DE EQUIPAMENTOS",/compras/45751435000106/2024/340
45751435000106-1-000327/2024,,2024,327,45751435000106,MUNICIPIO DE PAULINIA,MUNICIPIO DE PAULINIA,Dispensa,Aviso de Contratação Direta,Divulgada no PNCP,False,2024-07-16T12:15:43.339103,2024-07-23T12:19:47.065607,,Paulínia,SP,Municipal,Aviso de Contratação Direta nº 22198/2024,"CONTRATAÇÃO DE PRESTAÇÃO DE SERVIÇO ESPECIALIZADO EM PSICOLOGIA, NECESSÁRIO PARA EMISSÃO DE LAUDO PARA MANUTENÇÃO DE PORTE DE ARMA DE FOGO DOS GUARDAS CIVIS MUNICIPAIS.",/compras/45751435000106/2024/327
45751435000106-1-000218/2024,,2024,218,45751435000106,MUNICIPIO DE PAULINIA,MUNICIPIO DE PAULINIA,Pregão - Eletrônico,Edital,Divulgada no PNCP,False,2024-05-22T12:20:43.741931,2024-07-23T15:10:47.061370,,Paulínia,SP,Municipal,Edital nº 85/2024,"REGISTRO DE PREÇOS PARA SERVIÇOS ESPECIALIZADOS EM ARBITRAGEM PARA PLANEJAR, ARBITRAR, SUPERVISIONAR E EXECUTAR CAMPEONATOS E FESTIVAIS DESPORTIVOS NAS MODALIDADES FUTSAL E FUTEBOL",/compras/45751435000106/2024/218
45751435000106-1-000266/2024,,2024,266,45751435000106,MUNICIPIO DE PAULINIA,MUNICIPIO DE PAULINIA,Pregão - Eletrônico,Edital,Divulgada no PNCP,False,2024-06-13T11:56:09.772051,2024-08-05T13:15:21.093663,,Paulínia,SP,Municipal,Edital nº 103/2024,REGISTRO DE PREÇOS PARA CONTRATAÇÃO DE EMPRESA ESPECIALIZADA OU CONSÓRCIO DE EMPRESAS PARA PRESTAÇÃO DE SERVIÇOS DE READEQUAÇÃO E MANUTENÇÃO DOS PASSEIOS PÚBLICOS DO MUNICÍPIO DE PAULÍNIA,/compras/45751435000106/2024/266
45751435000106-1-000378/2024,,2024,378,45751435000106,MUNICIPIO DE PAULINIA,Prefeitura Do Município De Paulínia,Dispensa,Ato que autoriza a Contratação Direta,Divulgada no PNCP,False,2024-08-08T11:38:24.683222,2024-08-08T11:38:33.291519,,Paulínia,SP,Municipal,Ato que autoriza a Contratação Direta nº 78/2024,CONTRATAÇÃO DE INSTITUIÇÃO DE ENSINO ESPECIALIZADA NA REALIZAÇÃO DE CURSOS PROFISSIONALIZANTES DESTINADOS A QUALIFICAÇÃO DA MÃO DE OBRA DO MUNÍCIPE PAULINENSE. ,/compras/45751435000106/2024/378
45751435000106-1-000353/2024,,2024,353,45751435000106,MUNICIPIO DE PAULINIA,MUNICIPIO DE PAULINIA,Dispensa,Aviso de Contratação Direta,Divulgada no PNCP,False,2024-07-30T16:14:02.525296,2024-08-20T09:30:48.434207,,Paulínia,SP,Municipal,Aviso de Contratação Direta nº 23536/2024,"Aquisição de EPI,s para utilização dos servidores municipais, visando cumprir determinação legal, bem como proporcionar segurança no desenvolvimento de suas atribuições.",/compras/45751435000106/2024/353
45751435000106-1-000408/2024,,2024,408,45751435000106,MUNICIPIO DE PAULINIA,Prefeitura Do Município De Paulínia,Dispensa,Ato que autoriza a Contratação Direta,Divulgada no PNCP,False,2024-08-26T08:36:39.452241,2024-08-26T08:36:55.326310,,Paulínia,SP,Municipal,Ato que autoriza a Contratação Direta nº 142/2024,"AQUISIÇÃO DO MEDICAMENTO ""CYSTADANE""",/compras/45751435000106/2024/408
45751435000106-1-000355/2024,,2024,355,45751435000106,MUNICIPIO DE PAULINIA,MUNICIPIO DE PAULINIA,Dispensa,Aviso de Contratação Direta,Divulgada no PNCP,False,2024-07-31T10:19:54.060324,2024-09-05T11:50:12.986976,,Paulínia,SP,Municipal,Aviso de Contratação Direta nº 23063/2024,"Aquisição de rações, sementes e grãos, para dieta dos animais do Parque Ecológico Armando Muller do Município de Paulínia, de forma parcelada, conforme solicitação",/compras/45751435000106/2024/355
45751435000106-1-000471/2024,,2024,471,45751435000106,MUNICIPIO DE PAULINIA,MUNICIPIO DE PAULINIA,Pregão - Eletrônico,Edital,Divulgada no PNCP,False,2024-09-23T13:15:43.313509,2024-10-18T09:40:52.689221,,Paulínia,SP,Municipal,Edital nº 179/2024,"REGISTRO DE PREÇOS PARA LOCAÇÃO DE GALPÕES, PISOS, COBERTURAS ESPECIAIS, ESTRUTURAS DE BOX TRUS E DEMAIS ITENS PARA REALIZAÇÃO DE EVENTOS NO MUNICIPIO DE PAULÍNIA",/compras/45751435000106/2024/471
45751435000106-1-000505/2024,,2024,505,45751435000106,MUNICIPIO DE PAULINIA,MUNICIPIO DE PAULINIA,Inexigibilidade,Ato que autoriza a Contratação Direta,Divulgada no PNCP,False,2024-10-24T11:55:15.813280,2024-10-24T11:55:15.813280,,Paulínia,SP,Municipal,Ato que autoriza a Contratação Direta nº 30802/2024,Contratação de empresa para prestação de serviços técnico-especializados de organização e execução do Sistema de Avaliação de Rendimento Escolar do Estado de São Paulo – (SARESP) – 2024,/compras/45751435000106/2024/505
45751435000106-1-000510/2024,,2024,510,45751435000106,MUNICIPIO DE PAULINIA,MUNICIPIO DE PAULINIA,Dispensa,Ato que autoriza a Contratação Direta,Divulgada no PNCP,False,2024-10-29T16:49:22.542873,2024-10-30T09:27:41.170727,,Paulínia,SP,Municipal,Ato que autoriza a Contratação Direta nº 32285/2024,"AQUISIÇÃO NECESSÁRIA PARA CUMPRIMENTO DE AÇÃO JUDICIAL, PROCESSO DIGITAL Nº 1005067-66.2024.8.26.0428, REQUERENTE H.F.M E REQUERIDO PREFEITURA MUNICIPAL DE PAULÍNIA.",/compras/45751435000106/2024/510
45751435000106-1-000411/2024,,2024,411,45751435000106,MUNICIPIO DE PAULINIA,MUNICIPIO DE PAULINIA,Dispensa,Aviso de Contratação Direta,Divulgada no PNCP,False,2024-08-26T14:36:10.979532,2024-11-05T09:37:00.802712,,Paulínia,SP,Municipal,Aviso de Contratação Direta nº 27104/2024,"MARCADOR PARA INSTRUMENTAL CIRÚRGICO, PARA UTILIZAÇÃO NA CENTRAL DE MATERIAIS E ESTERILIZAÇÃO DO HOSPITAL MUNICIPAL DE PAULÍNIA A FIM DE IDENTIFICAR CAIXAS E INSTRUMENTAIS CIRÚRGICOS.",/compras/45751435000106/2024/411
45751435000106-1-000543/2024,,2024,543,45751435000106,MUNICIPIO DE PAULINIA,MUNICIPIO DE PAULINIA,Dispensa,Ato que autoriza a Contratação Direta,Divulgada no PNCP,False,2024-11-08T09:20:06.622802,2024-11-08T09:20:06.622802,,Paulínia,SP,Municipal,Ato que autoriza a Contratação Direta nº 29203/2024,"AQUISIÇÃO DE MEDICAMENTO IMPORTADO PARA CUMPRIMENTO DE AÇÃO JUDICIAL, PROCESSO 1002218-05.2016.8.26.0428, REQUERENTE: J.G.B E REQUERIDO: ESTADO DE SÃO PAULO E MUNICÍPIO DE PAULÍNIA.",/compras/45751435000106/2024/543
45751435000106-1-000569/2024,,2024,569,45751435000106,MUNICIPIO DE PAULINIA,MUNICIPIO DE PAULINIA,Dispensa,Aviso de Contratação Direta,Divulgada no PNCP,False,2024-11-25T10:40:21.200533,2024-11-25T10:40:21.200533,,Paulínia,SP,Municipal,Aviso de Contratação Direta nº 36479/2024,"PLAQUETAS CONFECCIONADAS EM POLIESTER COM CODIGO DE BARRAS NO PADRÃO DE LEITURA, COM NUMERAÇÃO, SEM FUROS, COM ADESIVO 3M, SEPARADAS EM 100 UNIDADES.",/compras/45751435000106/2024/569
45751435000106-1-000329/2024,,2024,329,45751435000106,MUNICIPIO DE PAULINIA,MUNICIPIO DE PAULINIA,Pregão - Eletrônico,Edital,Divulgada no PNCP,False,2024-07-16T16:39:58.190673,2024-11-25T12:31:01.837440,,Paulínia,SP,Municipal,Edital nº 122/2024,"AQUISIÇÃO DE CONJUNTO LEGO E NOTEBOOK PARA ATENDIMENTO AOS ALUNOS DA REDE MUNICIPAL DE PAULÍNIA, NO APRENDIZADO DE TÉCNICAS DE PRODUÇÃO AUDIOVISUAL STOPMOTION E ROBÓTICA EDUCACIONAL.",/compras/45751435000106/2024/329
45751435000106-1-000580/2024,,2024,580,45751435000106,MUNICIPIO DE PAULINIA,MUNICIPIO DE PAULINIA,Dispensa,Ato que autoriza a Contratação Direta,Divulgada no PNCP,False,2024-11-29T09:34:02.247499,2024-11-29T09:34:02.247499,,Paulínia,SP,Municipal,Ato que autoriza a Contratação Direta nº 36235/2024,AÇÃO JUDICIAL,/compras/45751435000106/2024/580
45751435000106-1-000566/2024,,2024,566,45751435000106,MUNICIPIO DE PAULINIA,MUNICIPIO DE PAULINIA,Dispensa,Aviso de Contratação Direta,Revogada,False,2024-11-14T10:55:21.148622,2024-12-09T10:53:39.359445,,Paulínia,SP,Municipal,Aviso de Contratação Direta nº 32773/2024,"Aquisição de pneus para substituição e manutenção da viatura VW 17 250 CNC 2010/2011, placas DMN-5843 do Corpo de Bombeiros de Paulínia.",/compras/45751435000106/2024/566
45751435000106-1-000612/2024,,2024,612,45751435000106,MUNICIPIO DE PAULINIA,MUNICIPIO DE PAULINIA,Dispensa,Aviso de Contratação Direta,Divulgada no PNCP,False,2024-12-13T09:26:18.680725,2024-12-13T09:26:18.680725,,Paulínia,SP,Municipal,Aviso de Contratação Direta nº 39704/2024,"IODO POVIDONA 2,5%, SOLUÇÃO OFTÁLMICA, FRASCO DE 10 ML",/compras/45751435000106/2024/612
45751435000106-1-000571/2024,,2024,571,45751435000106,MUNICIPIO DE PAULINIA,MUNICIPIO DE PAULINIA,Pregão - Eletrônico,Edital,Divulgada no PNCP,False,2024-11-26T10:35:13.986495,2024-12-13T11:32:33.987362,,Paulínia,SP,Municipal,Edital nº 229/2024,AQUISIÇÃO DE MATERIAIS PARA A PRODUÇÃO DE PRANCHAS DE COMUNICAÇÃO ALTERNATIVA/AUMENTATIVA NAS SALAS DE RECURSOS MULTIFUNCIONAIS E MATERIAIS PARA A SALA DE RECURSOS DE ALTAS HABILIDADES/SUPERDOTAÇÃO,/compras/45751435000106/2024/571
45751435000106-1-000620/2024,,2024,620,45751435000106,MUNICIPIO DE PAULINIA,MUNICIPIO DE PAULINIA,Dispensa,Ato que autoriza a Contratação Direta,Divulgada no PNCP,False,2024-12-18T10:09:57.040585,2024-12-18T10:09:57.040585,,Paulínia,SP,Municipal,Ato que autoriza a Contratação Direta nº 37494/2024,MEDICAMENTO PARA AÇÃO JUDICIAL PROCESSO 1002056-68-2020.8.26.0428 A.O.S. / D.P.B / R.P.T. / W.S.N.,/compras/45751435000106/2024/620
45751435000106-1-000622/2024,,2024,622,45751435000106,MUNICIPIO DE PAULINIA,MUNICIPIO DE PAULINIA,Dispensa,Aviso de Contratação Direta,Divulgada no PNCP,False,2024-12-19T09:09:35.222721,2024-12-19T09:09:35.222721,,Paulínia,SP,Municipal,Aviso de Contratação Direta nº 0039704/2024,"IODO POVIDONA 2,5%, SOLUÇÃO OFTÁLMICA, FRASCO DE 10 ML",/compras/45751435000106/2024/622
45751435000106-1-000633/2024,,2024,633,45751435000106,MUNICIPIO DE PAULINIA,MUNICIPIO DE PAULINIA,Pregão - Eletrônico,Edital,Divulgada no PNCP,False,2025-01-28T13:22:40.257072,2025-02-24T13:23:58.822702585,,Paulínia,SP,Municipal,Edital nº 248/2024,CONTRATAÇÃO DE EMPRESA OU CONSÓRCIO DE EMPRESAS PARA PRESTAÇÃO DE SERVIÇO DE MANUTENÇÃO PREVENTIVA E CORRETIVA DE EQUIPAMENTOS MÉDICO HOSPITALARES E ODONTOLÓGICOS DA REDE AMBULATORIAL COM FORNECIMENTO DE PEÇAS,/compras/45751435000106/2024/633
45751435000106-1-000643/2024,,2024,643,45751435000106,MUNICIPIO DE PAULINIA,MUNICIPIO DE PAULINIA,Pregão - Eletrônico,Edital,Divulgada no PNCP,False,2025-04-04T16:56:50.065376,2025-04-04T16:56:50.065376,,Paulínia,SP,Municipal,Edital nº 246/2024,REGISTRO DE PREÇOS PARA FUTURA E EVENTUAL AQUISIÇÃO DE KITS DE UNIFORMES ESCOLARES PARA SEREM ENTREGUES AOS ALUNOS DA REDE MUNICIPAL DE ENSINO DE PAULÍNIA E PROEB,/compras/45751435000106/2024/643
45751435000106-1-000016/2024,,2024,16,45751435000106,MUNICIPIO DE PAULINIA,MUNICIPIO DE PAULINIA,Dispensa,Aviso de Contratação Direta,Divulgada no PNCP,False,2024-02-02T15:09:09.314288,2024-02-09T09:41:33.008700,,Paulínia,SP,Municipal,Aviso de Contratação Direta nº 2598/2024,"Contratação de Empresa especializada para Calibração de Equipamentos de Medição utilizado pelos Profissionais do DIEST. ( Detector de gás, Dosímetro, Luxímetro até 2000LUX, Termômetro de Globo e THDL);",/compras/45751435000106/2024/16
45751435000106-1-000029/2024,,2024,29,45751435000106,MUNICIPIO DE PAULINIA,MUNICIPIO DE PAULINIA,Dispensa,Aviso de Contratação Direta,Divulgada no PNCP,False,2024-02-21T10:01:49.424733,2024-03-04T16:34:58.755112,,Paulínia,SP,Municipal,Aviso de Contratação Direta nº 36105/2023/2024,"Contratação de empresa para realização de serviço de confecção e montagem de mobiliário sob medida, com fornecimento de matéria-prima, para atender as necessidades da Secretaria Municipal de Finanças",/compras/45751435000106/2024/29
45751435000106-1-000002/2024,,2024,2,45751435000106,MUNICIPIO DE PAULINIA,MUNICIPIO DE PAULINIA,Pregão - Eletrônico,Edital,Divulgada no PNCP,False,2024-01-18T16:09:13.894233,2024-03-20T10:32:00.769107,,Paulínia,SP,Municipal,Edital nº 02/2024,"AQUISIÇÃO DE VIATURA DE COMBATE A INCENDIOS DO TIPO AUTO TANQUE E DE VIATURA DE COMBATE A INCENDIOS DO TIPO AUTO BOMBA SALVAMENTO – ABS, PARA O CORPO DE BOMBEIROS DE PAULÍNIA-SP",/compras/45751435000106/2024/2
45751435000106-1-000081/2024,,2024,81,45751435000106,MUNICIPIO DE PAULINIA,Prefeitura Do Município De Paulínia,Dispensa,Ato que autoriza a Contratação Direta,Divulgada no PNCP,False,2024-04-01T15:37:27.297477,2024-04-01T15:38:13.842226,,Paulínia,SP,Municipal,Ato que autoriza a Contratação Direta nº 15/2024,AQUISIÇÃO EMERGENCIAL DE MEDICAMENTO PSICOTRÓPICO.,/compras/45751435000106/2024/81
45751435000106-1-000079/2024,,2024,79,45751435000106,MUNICIPIO DE PAULINIA,MUNICIPIO DE PAULINIA,Dispensa,Aviso de Contratação Direta,Divulgada no PNCP,False,2024-04-01T10:19:03.602798,2024-04-09T15:13:21.660491,,Paulínia,SP,Municipal,Aviso de Contratação Direta nº 8672/2024,"Aquisição de cadeiras (giratórias e fixas) para uso na recepção reformada e na nova sala de espera da Secretaria Municipal de Desenvolvimento e Gestão de Pessoas, conforme descrições neste Termo de Referência.",/compras/45751435000106/2024/79
45751435000106-1-000149/2024,,2024,149,45751435000106,MUNICIPIO DE PAULINIA,Prefeitura Do Município De Paulínia,Dispensa,Ato que autoriza a Contratação Direta,Divulgada no PNCP,False,2024-04-25T08:54:59.920372,2024-04-25T08:57:43.761339,,Paulínia,SP,Municipal,Ato que autoriza a Contratação Direta nº 64/2024,AQUISIÇÃO DO MEDICAMENTO PEMBROLIZUMABE.,/compras/45751435000106/2024/149
45751435000106-1-000101/2024,,2024,101,45751435000106,MUNICIPIO DE PAULINIA,Prefeitura Do Município De Paulínia,Pregão - Eletrônico,Edital,Divulgada no PNCP,False,2024-04-09T16:04:46.983146,2024-05-03T12:22:05.733304,,Paulínia,SP,Municipal,Edital nº 31/2024,MEDICAMENTOS SOLUÇÃO PARENTERAL DE GRANDE VOLUME,/compras/45751435000106/2024/101
45751435000106-1-000179/2024,,2024,179,45751435000106,MUNICIPIO DE PAULINIA,Prefeitura Do Município De Paulínia,Pregão - Eletrônico,Edital,Divulgada no PNCP,False,2024-05-06T12:50:28.744557,2024-05-06T12:50:28.744557,,Paulínia,SP,Municipal,Edital nº 70/2024,CONTRATAÇÃO DE EMPRESA PARA LOCAÇÃO DE SISTEMA ANALÍTICO COM AQUISIÇÃO DE TESTES DE URINÁLISE,/compras/45751435000106/2024/179
45751435000106-1-000196/2024,,2024,196,45751435000106,MUNICIPIO DE PAULINIA,MUNICIPIO DE PAULINIA,Pregão - Eletrônico,Edital,Divulgada no PNCP,False,2024-05-15T10:46:20.592086,2024-06-11T11:43:52.419523,,Paulínia,SP,Municipal,Edital nº 77/2024,"REGISTRO DE PREÇOS PARA AQUISIÇÃO DE PRÓTESE DE QUADRIL CERÂMICA PARA USO EM CIRURGIAS DE MÉDIA E ALTA COMPLEXIDADE, CIRURGIAS DE URGÊNCIA E EMERGÊNCIA, BEM COMO EM CIRURGIAS ORTOPÉDICAS",/compras/45751435000106/2024/196
45751435000106-1-000318/2024,,2024,318,45751435000106,MUNICIPIO DE PAULINIA,MUNICIPIO DE PAULINIA,Pregão - Eletrônico,Edital,Divulgada no PNCP,False,2024-07-05T08:23:43.130568,2024-07-05T08:23:43.130568,,Paulínia,SP,Municipal,Edital nº 47/2024,"CONTRATAÇÃO DE EMPRESA ESPECIALIZADA PARA MANUTENÇÃO MECANIZADA EM GRAMADO SINTÉTICO 50 MM, INCLUINDO VARRIÇÃO COM MAQUINÁRIO ESPECÍFICO, LEVANTAMENTO DE FIOS, FORNECIMENTO E APLICAÇÃO DE BORRACHA DE AMORTECIMENTO",/compras/45751435000106/2024/318
45751435000106-1-000343/2024,,2024,343,45751435000106,MUNICIPIO DE PAULINIA,Prefeitura Do Município De Paulínia,Dispensa,Ato que autoriza a Contratação Direta,Divulgada no PNCP,False,2024-07-23T11:16:22.430108,2024-07-23T11:16:37.217816,,Paulínia,SP,Municipal,Ato que autoriza a Contratação Direta nº 120/2024,AQUISIÇÃO DE CATETER URETRAL PARA CUMPRIMENTO DE AÇÃO JUDICIAL.,/compras/45751435000106/2024/343
45751435000106-1-000528/2024,,2024,528,45751435000106,MUNICIPIO DE PAULINIA,MUNICIPIO DE PAULINIA,Pregão - Eletrônico,Edital,Divulgada no PNCP,False,2024-11-06T10:50:58.235230,2024-11-06T10:50:58.235230,,Paulínia,SP,Municipal,Edital nº 209/2024,CONTRATAÇÃO DE EMPRESA ESPECIALIZADA NA PRESTAÇÃO DE SERVIÇOS DE SUPORTE E CONSULTORIA NA INSTRUMENTALIZAÇÃO DOS RECURSOS PROVENIENTES DA LEI COMPLEMENTAR Nº 14.399/2022 - POLITICA NACIONAL ALDIR BLANC - PNAB,/compras/45751435000106/2024/528
45751435000106-1-000582/2024,,2024,582,45751435000106,MUNICIPIO DE PAULINIA,MUNICIPIO DE PAULINIA,Pregão - Eletrônico,Edital,Divulgada no PNCP,False,2024-11-29T16:48:02.974940,2024-11-29T16:48:02.974940,,Paulínia,SP,Municipal,Edital nº 0000196\2024/2024,CONTRATAÇÃO DE EMPRESA ESPECIALIZADA NA PRESTAÇÃO DE SERVIÇOS DE SUPORTE E CONSULTORIA NA INSTRUMENTALIZAÇÃO DOS RECURSOS PROVENIENTES DA LEI COMPLEMENTAR Nº 14.399/2022 - POLITICA NACIONAL ALDIR BLANC - PNAB,/compras/45751435000106/2024/582
45751435000106-1-000585/2024,,2024,585,45751435000106,MUNICIPIO DE PAULINIA,MUNICIPIO DE PAULINIA,Dispensa,Aviso de Contratação Direta,Divulgada no PNCP,False,2024-12-03T10:22:42.734745,2024-12-04T14:24:35.805300,,Paulínia,SP,Municipal,Aviso de Contratação Direta nº 37213/2024,AQUISIÇÃO DE MEDICAMENTO AZUL DE METILENO E AZUL PATENTE,/compras/45751435000106/2024/585
45751435000106-1-000615/2024,,2024,615,45751435000106,MUNICIPIO DE PAULINIA,MUNICIPIO DE PAULINIA,Pregão - Eletrônico,Edital,Divulgada no PNCP,False,2024-12-16T12:34:22.593435,2024-12-16T12:34:22.593435,,Paulínia,SP,Municipal,Edital nº 249/2024,"CONTRATAÇÃO DE EMPRESA ESPECIALIZADA PARA PRESTAÇÃO DE SERVIÇOS PARA CAPACITAÇÃO/FORMAÇÃO CONTINUADA, DA EQUIPE DE CRAS – CENTRO DE REFERÊNCIA DA ASSISTÊNCIA SOCIAL",/compras/45751435000106/2024/615
45751435000106-1-000624/2024,,2024,624,45751435000106,MUNICIPIO DE PAULINIA,MUNICIPIO DE PAULINIA,Concorrência - Eletrônica,Edital,Divulgada no PNCP,False,2024-12-19T16:39:26.671315,2024-12-19T16:39:26.671315,,Paulínia,SP,Municipal,Edital nº 255/2024,CONTRATAÇÃO DE EMPRESA OU CONSORCIO DE EMPRESAS ESPECIALIZADA PARA DEMOLIÇÃO DE RESIDÊNCIA SOB RISCO DE RUÍNA,/compras/45751435000106/2024/624
45751435000106-1-000593/2024,,2024,593,45751435000106,MUNICIPIO DE PAULINIA,MUNICIPIO DE PAULINIA,Concorrência - Eletrônica,Edital,Divulgada no PNCP,False,2024-12-09T08:47:14.616825,2025-02-03T16:41:24.678878,,Paulínia,SP,Municipal,Edital nº 233/2024,"CONTRATAÇÃO DE EMPRESA PARA PRESTAÇÃO DE SERVIÇOS DE INFRAESTRURUA, DRENAGEM E SERVIÇOS COMPLEMENTARES NO BAIRRO SÃO JOSÉ",/compras/45751435000106/2024/593
45751435000106-1-000635/2024,,2024,635,45751435000106,MUNICIPIO DE PAULINIA,MUNICIPIO DE PAULINIA,Dispensa,Ato que autoriza a Contratação Direta,Divulgada no PNCP,False,2025-02-17T11:16:49.240884,2025-02-17T11:16:49.240884,,Paulínia,SP,Municipal,Ato que autoriza a Contratação Direta nº 40477/2024,AQUISIÇÃO DE MEDICAMENTO PARA CUMPRIMENTO DE AÇÃO JUDICIAL PROCESSO 1005614-09.2024.8.26.0428 REQUERENTE D.O.,/compras/45751435000106/2024/635
45751435000106-1-000045/2024,,2024,45,45751435000106,MUNICIPIO DE PAULINIA,Prefeitura Do Município De Paulínia,Dispensa,Ato que autoriza a Contratação Direta,Divulgada no PNCP,False,2024-03-12T16:26:27.104528,2024-03-27T16:30:22.285361,,Paulínia,SP,Municipal,Ato que autoriza a Contratação Direta nº 27/2024,AQUISIÇÃO DO MEDICAMENTO “ALECTINIBE”,/compras/45751435000106/2024/45
45751435000106-1-000158/2024,,2024,158,45751435000106,MUNICIPIO DE PAULINIA,Prefeitura Do Município De Paulínia,Pregão - Eletrônico,Edital,Divulgada no PNCP,False,2024-04-26T15:22:30.694123,2024-04-26T15:22:30.694123,,Paulínia,SP,Municipal,Edital nº 61/2024,REGISTRO DE PREÇOS PARA AQUISIÇÃO DE PANOS MULTIUSO DE LIMPEZA CORPORAL,/compras/45751435000106/2024/158
45751435000106-1-000104/2024,,2024,104,45751435000106,MUNICIPIO DE PAULINIA,Prefeitura Do Município De Paulínia,Pregão - Eletrônico,Edital,Divulgada no PNCP,False,2024-04-10T11:58:36.646891,2024-04-30T11:53:28.448749,,Paulínia,SP,Municipal,Edital nº 34/2024,REGISTRO DE PREÇOS PARA AQUISIÇÃO DE MATERIAIS PARA DETECÇÃO E CONTROLE DE DIABETES MELLITUS,/compras/45751435000106/2024/104
45751435000106-1-000121/2024,,2024,121,45751435000106,MUNICIPIO DE PAULINIA,Prefeitura Do Município De Paulínia,Pregão - Eletrônico,Edital,Divulgada no PNCP,False,2024-04-16T13:25:12.876643,2024-05-07T11:30:27.081698,,Paulínia,SP,Municipal,Edital nº 40/2024,REGISTRO DE PREÇOS PARA AQUISIÇÃO DE MEDICAMENTOS DARATUMUMABE E LENALIDOMIDA,/compras/45751435000106/2024/121
45751435000106-1-000126/2024,,2024,126,45751435000106,MUNICIPIO DE PAULINIA,Prefeitura Do Município De Paulínia,Pregão - Eletrônico,Edital,Divulgada no PNCP,False,2024-04-17T12:43:26.984826,2024-05-13T11:48:59.060688,,Paulínia,SP,Municipal,Edital nº 46/2024,"REGISTRO DE PREÇOS PARA AQUISIÇÃO DE FILMES PARA TOMOGRAFIA, RAIO X E MAMOGRAFIA",/compras/45751435000106/2024/126
45751435000106-1-000026/2024,,2024,26,45751435000106,MUNICIPIO DE PAULINIA,MUNICIPIO DE PAULINIA,Dispensa,Aviso de Contratação Direta,Divulgada no PNCP,False,2024-02-16T08:01:33.150481,2024-05-17T12:58:44.738404,,Paulínia,SP,Municipal,Aviso de Contratação Direta nº 1941/2024,"Contratação de empresa especializada para elaboração de projetos para construção de nova Unidade Escolar de Ensino Fundamental no bairro Nova Veneza, no Município de Paulínia - SP.",/compras/45751435000106/2024/26
45751435000106-1-000241/2024,,2024,241,45751435000106,MUNICIPIO DE PAULINIA,Prefeitura Do Município De Paulínia,Dispensa,Ato que autoriza a Contratação Direta,Divulgada no PNCP,False,2024-06-03T15:07:27.870244,2024-06-03T15:08:21.346086,,Paulínia,SP,Municipal,Ato que autoriza a Contratação Direta nº 90/2024,CONTRATAÇÃO DE SERVIÇOS ESPECIALIZADOS DE MUSICOTERAPIA.,/compras/45751435000106/2024/241
45751435000106-1-000256/2024,,2024,256,45751435000106,MUNICIPIO DE PAULINIA,MUNICIPIO DE PAULINIA,Dispensa,Aviso de Contratação Direta,Divulgada no PNCP,False,2024-06-10T07:53:44.364753,2024-06-19T09:53:34.969315,,Paulínia,SP,Municipal,Aviso de Contratação Direta nº 18304/2024,Aquisição de pacote de viajem com passagem aérea IDA E VOLTA – CAMPINAS/SP para BRASILIA/DF e BRASILIA para CAMPINAS/SP e hospedagem com 02 diárias para 05 pessoas.,/compras/45751435000106/2024/256
45751435000106-1-000420/2024,,2024,420,45751435000106,MUNICIPIO DE PAULINIA,Prefeitura Do Município De Paulínia,Pregão - Eletrônico,Edital,Divulgada no PNCP,False,2024-08-29T11:05:15.052933,2024-08-29T11:05:15.052933,,Paulínia,SP,Municipal,Edital nº 156/2024,REGISTRO DE PREÇOS PARA AQUISIÇÃO DE CATÉTERES VENOSOS E CONEXÕES PARA INFUSÃO VENOSA,/compras/45751435000106/2024/420
45751435000106-1-000430/2024,,2024,430,45751435000106,MUNICIPIO DE PAULINIA,MUNICIPIO DE PAULINIA,Dispensa,Aviso de Contratação Direta,Divulgada no PNCP,False,2024-08-30T16:09:58.577901,2024-08-30T16:09:58.577901,,Paulínia,SP,Municipal,Aviso de Contratação Direta nº 27872/2024,"CONTRATAÇÃO DE EMPRESA PARA FORNECIMENTO DE PACOTE DE VIAGEM PARA 03 (TRÊS) SERVIDORES QUE PARTICIPARÃO DO 5° CONGRESSO BRASILEIRO – PPGS-ABRASCO, CONTENDO PASSAGENS AÉREAS, HOSPEDAGEM E SERVIÇO DE TRANSFER.",/compras/45751435000106/2024/430
45751435000106-1-000481/2024,,2024,481,45751435000106,MUNICIPIO DE PAULINIA,Prefeitura Do Município De Paulínia,Dispensa,Ato que autoriza a Contratação Direta,Divulgada no PNCP,False,2024-09-27T10:39:48.205985,2024-09-27T10:40:05.928838,,Paulínia,SP,Municipal,Ato que autoriza a Contratação Direta nº 172/2024,AQUISIÇÃO DE MEDICAMENTOS PARA CUMPRIMENTO DE DECISÃO JUDICIAL,/compras/45751435000106/2024/481
45751435000106-1-000472/2024,,2024,472,45751435000106,MUNICIPIO DE PAULINIA,MUNICIPIO DE PAULINIA,Dispensa,Aviso de Contratação Direta,Divulgada no PNCP,False,2024-09-23T14:50:15.615188,2024-10-07T14:16:58.118919,,Paulínia,SP,Municipal,Aviso de Contratação Direta nº 29950/2024,"AQUISIÇÃO DE APARELHO DE TELEFONE CELULAR SMARTPHONE PARA SER UTILIZADO NO ATENDIMENTO DOS MUNÍCIPES, VIA WATSHAPP, QUE BUSCAM PELOS SERVIÇOS DA SECRETARIA DE CIDADANIA E JUSTIÇA, CONFORME DESCRITO NESTE TERMO DE REFERÊNCIA.",/compras/45751435000106/2024/472
45751435000106-1-000509/2024,,2024,509,45751435000106,MUNICIPIO DE PAULINIA,MUNICIPIO DE PAULINIA,Pregão - Eletrônico,Edital,Divulgada no PNCP,False,2024-10-29T14:34:42.054544,2024-10-29T14:34:42.054544,,Paulínia,SP,Municipal,Edital nº 144/2024,"CONTRATAÇÃO DE EMPRESA OU CONSÓRCIO DE EMPRESAS PARA PRESTAÇÃO DE SERVIÇOS DE TELEFONIA MÓVEL PESSOAL (SMP) COM FRANQUIA DE INTERNET PARA ALUNOS E PROFISSIONAIS DA REDE PÚBLICA DE ENSINO, COM FORNECIMENTO DE CHIP",/compras/45751435000106/2024/509
45751435000106-1-000550/2024,,2024,550,45751435000106,MUNICIPIO DE PAULINIA,MUNICIPIO DE PAULINIA,Pregão - Eletrônico,Edital,Divulgada no PNCP,False,2024-11-08T13:42:48.743841,2024-11-08T13:42:48.743841,,Paulínia,SP,Municipal,Edital nº 220/2024,"CONTRATAÇÃO DE EMPRESA / CONSÓRCIO DE EMPRESAS DE SERVIÇOS ESPECIALIZADOS EM DESINSETIZAÇÃO, DESRATIZAÇÃO E CONTROLE DE POMBOS NOS PRÓPRIOS DA SECRETARIA",/compras/45751435000106/2024/550
45751435000106-1-000037/2024,,2024,37,45751435000106,MUNICIPIO DE PAULINIA,Prefeitura Do Município De Paulínia,Inexigibilidade,Ato que autoriza a Contratação Direta,Divulgada no PNCP,False,2024-03-05T09:50:11.024403,2024-03-05T16:42:22.275821,,Paulínia,SP,Municipal,Ato que autoriza a Contratação Direta nº 34/2024,PAGAMENTO DE TAXA DE INSCRIÇÃO PARA PARTICIPAÇÃO NO CAMPEONATO DA TAÇA EPTV DE FUTSAL,/compras/45751435000106/2024/37
45751435000106-1-000048/2024,,2024,48,45751435000106,MUNICIPIO DE PAULINIA,Prefeitura Do Município De Paulínia,Dispensa,Ato que autoriza a Contratação Direta,Divulgada no PNCP,False,2024-03-14T08:54:35.920488,2024-03-14T08:55:41.749595,,Paulínia,SP,Municipal,Ato que autoriza a Contratação Direta nº 28/2024,AQUISIÇÃO DE MEDICAMENTO PARA CUMPRIMENTO DE DECISÃO JUDICIAL.,/compras/45751435000106/2024/48
45751435000106-1-000049/2024,,2024,49,45751435000106,MUNICIPIO DE PAULINIA,Prefeitura Do Município De Paulínia,Dispensa,Ato que autoriza a Contratação Direta,Divulgada no PNCP,False,2024-03-14T09:09:51.016519,2024-03-14T09:27:52.748580,,Paulínia,SP,Municipal,Ato que autoriza a Contratação Direta nº 29/2024,"AQUISIÇÃO DE MEDICAMENTO PARA CUMPRIMENTO DE DECISÃO JUDICIAL.
",/compras/45751435000106/2024/49
45751435000106-1-000052/2024,,2024,52,45751435000106,MUNICIPIO DE PAULINIA,MUNICIPIO DE PAULINIA,Dispensa,Aviso de Contratação Direta,Divulgada no PNCP,False,2024-03-18T09:57:04.686945,2024-03-25T08:31:28.871845,,Paulínia,SP,Municipal,Aviso de Contratação Direta nº 9107/2024,"Contratação de serviços de funilaria sendo 01 (um) veículo da marca: Fiat Strada modelo pick-up ano de fabricação 2022 e ano modelo 2022, e mais uma peça de um retrovisor lado direito para a troca. ",/compras/45751435000106/2024/52
45751435000106-1-000063/2024,,2024,63,45751435000106,MUNICIPIO DE PAULINIA,MUNICIPIO DE PAULINIA,Dispensa,Aviso de Contratação Direta,Divulgada no PNCP,False,2024-03-21T16:41:12.329060,2024-03-27T09:00:35.621783,,Paulínia,SP,Municipal,Aviso de Contratação Direta nº 9133/2024,"Aquisição de pacote de viajem com passagem aérea IDA E VOLTA – CAMPINAS/SP para CURITIBA/PR e CURITIBA/PR para CAMPINAS/SP e hospedagem com 03 diárias, para 05 pessoas.",/compras/45751435000106/2024/63
45751435000106-1-000074/2024,,2024,74,45751435000106,MUNICIPIO DE PAULINIA,Prefeitura Do Município De Paulínia,Dispensa,Ato que autoriza a Contratação Direta,Divulgada no PNCP,False,2024-03-27T16:21:01.709318,2024-03-27T16:21:14.934857,,Paulínia,SP,Municipal,Ato que autoriza a Contratação Direta nº 7/2024,AQUISIÇÃO DE MEDICAMENTO PARA CUMPRIMENTO DE DECISÃO JUDICIAL.,/compras/45751435000106/2024/74
45751435000106-1-000076/2024,,2024,76,45751435000106,MUNICIPIO DE PAULINIA,Prefeitura Do Município De Paulínia,Dispensa,Ato que autoriza a Contratação Direta,Divulgada no PNCP,False,2024-03-27T16:26:19.528200,2024-03-27T16:26:45.253263,,Paulínia,SP,Municipal,Ato que autoriza a Contratação Direta nº 6/2024,AQUISIÇÃO DE MEDICAMENTO PARA CUMPRIMENTO DE DECISÃO JUDICIAL.,/compras/45751435000106/2024/76
45751435000106-1-000087/2024,,2024,87,45751435000106,MUNICIPIO DE PAULINIA,Prefeitura Do Município De Paulínia,Dispensa,Ato que autoriza a Contratação Direta,Divulgada no PNCP,False,2024-04-03T08:47:41.829386,2024-04-03T08:54:03.908212,,Paulínia,SP,Municipal,Ato que autoriza a Contratação Direta nº 42/2024,AQUISIÇÃO DE MEDICAMENTO PARA CUMPRIMENTO DE DECISÃO JUDICIAL.,/compras/45751435000106/2024/87
45751435000106-1-000088/2024,,2024,88,45751435000106,MUNICIPIO DE PAULINIA,Prefeitura Do Município De Paulínia,Dispensa,Ato que autoriza a Contratação Direta,Divulgada no PNCP,False,2024-04-03T10:12:02.214262,2024-04-03T10:12:02.214262,,Paulínia,SP,Municipal,Ato que autoriza a Contratação Direta nº 44/2024,AQUISIÇÃO DE MEDICAMENTO PARA CUMPRIMENTO DE DECISÃO JUDICIAL.,/compras/45751435000106/2024/88
45751435000106-1-000092/2024,,2024,92,45751435000106,MUNICIPIO DE PAULINIA,Prefeitura Do Município De Paulínia,Dispensa,Ato que autoriza a Contratação Direta,Divulgada no PNCP,False,2024-04-04T15:09:29.717591,2024-04-04T15:10:20.010836,,Paulínia,SP,Municipal,Ato que autoriza a Contratação Direta nº 45/2024,AQUISIÇÃO DE INSULINA E TIRAS REAGENTES,/compras/45751435000106/2024/92
45751435000106-1-000108/2024,,2024,108,45751435000106,MUNICIPIO DE PAULINIA,Prefeitura Do Município De Paulínia,Inexigibilidade,Ato que autoriza a Contratação Direta,Divulgada no PNCP,False,2024-04-11T10:28:32.263462,2024-04-11T10:28:32.263462,,Paulínia,SP,Municipal,Ato que autoriza a Contratação Direta nº 49/2024,AQUISIÇÃO DE MATERIAIS PARA INFUSÃO DE INSULINA,/compras/45751435000106/2024/108
45751435000106-1-000093/2024,,2024,93,45751435000106,MUNICIPIO DE PAULINIA,Prefeitura Do Município De Paulínia,Pregão - Eletrônico,Edital,Divulgada no PNCP,False,2024-04-04T15:20:04.580445,2024-04-24T16:47:34.175496,,Paulínia,SP,Municipal,Edital nº 26/2024,AQUISIÇÃO DE BOBINA PLÁSTICA,/compras/45751435000106/2024/93
45751435000106-1-000168/2024,,2024,168,45751435000106,MUNICIPIO DE PAULINIA,Prefeitura Do Município De Paulínia,Pregão - Eletrônico,Edital,Divulgada no PNCP,False,2024-04-30T11:07:02.051406,2024-04-30T11:07:02.051406,,Paulínia,SP,Municipal,Edital nº 65/2024,REGISTRO DE PREÇOS PARA AQUISIÇÃO DE MATERIAIS DE ESCRITÓRIO,/compras/45751435000106/2024/168
45751435000106-1-000180/2024,,2024,180,45751435000106,MUNICIPIO DE PAULINIA,Prefeitura Do Município De Paulínia,Pregão - Eletrônico,Edital,Divulgada no PNCP,False,2024-05-06T13:47:00.419601,2024-05-06T13:47:00.419601,,Paulínia,SP,Municipal,Edital nº 69/2024,REGISTRO DE PREÇOS PARA AQUISIÇÃO DE CANABIDIOL,/compras/45751435000106/2024/180
45751435000106-1-000275/2024,,2024,275,45751435000106,MUNICIPIO DE PAULINIA,Prefeitura Do Município De Paulínia,Dispensa,Ato que autoriza a Contratação Direta,Divulgada no PNCP,False,2024-06-17T14:11:35.776699,2024-06-17T14:17:53.865932,,Paulínia,SP,Municipal,Ato que autoriza a Contratação Direta nº 100/2024,PRESTAÇÃO DE SERVIÇOS MÉDICOS DE APLICAÇÃO DO MEDICAMENTO PEMBROLIZUMABE.,/compras/45751435000106/2024/275
45751435000106-1-000129/2024,,2024,129,45751435000106,MUNICIPIO DE PAULINIA,MUNICIPIO DE PAULINIA,Pregão - Eletrônico,Edital,Divulgada no PNCP,False,2024-04-18T11:03:32.793442,2024-08-13T11:22:58.285906,,Paulínia,SP,Municipal,Edital nº 41/2024,"REGISTRO DE PREÇOS PARA CONTRATAÇÃO DE EMPRESA ESPECIALIZADA OU CONSÓRCIO DE EMPRESAS PARA PRESTAÇÃO DE SERVIÇOS DE MANUTENÇÃO PREDIAL, CONSERVAÇÃO, REFORMA E PEQUENOS REPAROS NOS IMÓVEIS OCUPADOS PELA SECRETARIA MUNICIPAL DE SAÚDE",/compras/45751435000106/2024/129
45751435000106-1-000281/2024,,2024,281,45751435000106,MUNICIPIO DE PAULINIA,MUNICIPIO DE PAULINIA,Pregão - Eletrônico,Edital,Divulgada no PNCP,False,2024-06-19T09:52:36.056066,2024-08-15T09:20:45.290802,,Paulínia,SP,Municipal,Edital nº 109/2024,"CONTRATAÇÃO DE EMPRESA OU CONSÓRCIO DE EMPRESAS PARA PRESTAÇÃO DE SERVIÇO MÉDICO VETERINÁRIO PARA CASTRAÇÃO DE ANIMAIS FELINOS E CANINOS, MACHOS E FÊMEAS, COM MICROCHIPAGEM, EM UNIDADE MÓVEL (CASTRAMÓVEL) NO MUNICÍPIO DE PAULÍNIA",/compras/45751435000106/2024/281
45751435000106-1-000395/2024,,2024,395,45751435000106,MUNICIPIO DE PAULINIA,Prefeitura Do Município De Paulínia,Dispensa,Ato que autoriza a Contratação Direta,Divulgada no PNCP,False,2024-08-16T12:05:30.504231,2024-08-16T12:06:00.752339,,Paulínia,SP,Municipal,Ato que autoriza a Contratação Direta nº 137/2024,AQUISIÇÃO DE CANETAS DE ADRENALINA.,/compras/45751435000106/2024/395
45751435000106-1-000458/2024,,2024,458,45751435000106,MUNICIPIO DE PAULINIA,Prefeitura Do Município De Paulínia,Dispensa,Ato que autoriza a Contratação Direta,Divulgada no PNCP,False,2024-09-13T14:01:35.386021,2024-09-13T14:01:49.506502,,Paulínia,SP,Municipal,Ato que autoriza a Contratação Direta nº 164/2024,AQUISIÇÃO DE MEDICAMENTO PARA CUMPRIMENTO DE DECISÃO JUDICIAL.,/compras/45751435000106/2024/458
45751435000106-1-000483/2024,,2024,483,45751435000106,MUNICIPIO DE PAULINIA,MUNICIPIO DE PAULINIA,Dispensa,Aviso de Contratação Direta,Divulgada no PNCP,False,2024-09-27T10:52:33.405303,2024-10-03T16:28:08.064202,,Paulínia,SP,Municipal,Aviso de Contratação Direta nº 30757/2024,"Contratação de empresa de agenciamento de hospedagem em hotel na cidade de São José do Rio Preto, com pensão completa, no período de 15, 16 e 17 de novembro de 2024 para 14 (catorze) pessoas.",/compras/45751435000106/2024/483
45751435000106-1-000579/2024,,2024,579,45751435000106,MUNICIPIO DE PAULINIA,MUNICIPIO DE PAULINIA,Inexigibilidade,Ato que autoriza a Contratação Direta,Divulgada no PNCP,False,2024-11-28T10:04:55.170824,2024-11-28T10:04:55.170824,,Paulínia,SP,Municipal,Ato que autoriza a Contratação Direta nº 35711/2024,AÇÃO JUDICIAL COMPRA DE MÓDULO DE BATERIAL RECARREGÁVEL PADRÃO PARA PROCESSADOR DE SOM NUCLEOS - 3351-21.2024.8.26.0428,/compras/45751435000106/2024/579
45751435000106-1-000590/2024,,2024,590,45751435000106,MUNICIPIO DE PAULINIA,MUNICIPIO DE PAULINIA,Pregão - Eletrônico,Edital,Divulgada no PNCP,False,2024-12-06T11:49:51.867975,2024-12-06T11:49:51.867975,,Paulínia,SP,Municipal,Edital nº 235/2024,CONTRATAÇÃO DE EMPRESA ESPECIALIZADA/CONSÓRCIO DE EMPRESAS PARA O FORNECIMENTO DE SOLUÇÃO WEB PARA GESTÃO URBANA,/compras/45751435000106/2024/590
45751435000106-1-000060/2024,,2024,60,45751435000106,MUNICIPIO DE PAULINIA,Prefeitura Do Município De Paulínia,Inexigibilidade,Ato que autoriza a Contratação Direta,Divulgada no PNCP,False,2024-03-21T14:34:07.403715,2024-03-21T14:34:07.403715,,Paulínia,SP,Municipal,Ato que autoriza a Contratação Direta nº 40/2024,PAGAMENTO DE TAXAS DE INSCRIÇÃO PARA PARTICIPAÇÃO NO CAMPEONATO DE BOCHA REFERENTE AO ANO DE 2024.,/compras/45751435000106/2024/60
45751435000106-1-000140/2024,,2024,140,45751435000106,MUNICIPIO DE PAULINIA,Prefeitura Do Município De Paulínia,Pregão - Eletrônico,Edital,Divulgada no PNCP,False,2024-04-23T11:28:42.437174,2024-04-23T11:28:42.437174,,Paulínia,SP,Municipal,Edital nº 53/2024,REGISTRO DE PREÇOS PARA AQUISIÇÃO DE REPELENTES,/compras/45751435000106/2024/140
45751435000106-1-000263/2024,,2024,263,45751435000106,MUNICIPIO DE PAULINIA,Prefeitura Do Município De Paulínia,Pregão - Eletrônico,Edital,Divulgada no PNCP,False,2024-06-12T15:53:10.839606,2024-06-12T15:53:10.839606,,Paulínia,SP,Municipal,Edital nº 102/2024,REGISTRO DE PREÇOS PARA AQUISIÇÃO ANUAL DE TOALHA DE PAPEL E PAPEL HIGIÊNICO,/compras/45751435000106/2024/263
45751435000106-1-000111/2024,,2024,111,45751435000106,MUNICIPIO DE PAULINIA,Prefeitura Do Município De Paulínia,Pregão - Eletrônico,Edital,Divulgada no PNCP,False,2024-04-11T11:40:29.026042,2024-06-19T11:50:00.380601,,Paulínia,SP,Municipal,Edital nº 37/2024,AQUISIÇÃO DE MOBILIÁRIO PARA CONSULTÓRIOS ODONTOLÓGICOS,/compras/45751435000106/2024/111
45751435000106-1-000287/2024,,2024,287,45751435000106,MUNICIPIO DE PAULINIA,Prefeitura Do Município De Paulínia,Dispensa,Ato que autoriza a Contratação Direta,Divulgada no PNCP,False,2024-06-20T12:13:00.219022,2024-06-20T12:13:00.219022,,Paulínia,SP,Municipal,Ato que autoriza a Contratação Direta nº 101/2024,CONTRATAÇÃO DE EMPRESA PARA PRESTAÇÃO DE SERVIÇO CAPACITAÇÃO DE LEITURA E ENVIO DE RECORTES ELETRÔNICOS DE DIÁRIOS OFICIAIS,/compras/45751435000106/2024/287
45751435000106-1-000342/2024,,2024,342,45751435000106,MUNICIPIO DE PAULINIA,Prefeitura Do Município De Paulínia,Inexigibilidade,Ato que autoriza a Contratação Direta,Divulgada no PNCP,False,2024-07-23T09:42:58.547375,2024-07-23T09:43:18.796325,,Paulínia,SP,Municipal,Ato que autoriza a Contratação Direta nº 74/2024,AQUISIÇÃO DE BOMBA DE INSULINA E INSUMOS PARA CUMPRIMENTO DE DECISÃO JUDICIAL.,/compras/45751435000106/2024/342
45751435000106-1-000441/2024,,2024,441,45751435000106,MUNICIPIO DE PAULINIA,Prefeitura Do Município De Paulínia,Concorrência - Eletrônica,Edital,Divulgada no PNCP,False,2024-09-06T10:30:24.471127,2024-09-06T10:30:24.471127,,Paulínia,SP,Municipal,Edital nº 6/2024,CONTRATAÇÃO DE EMPRESA PARA IMPLANTAÇÃO DE PLAYGROUNDS NAS ESCOLAS MUNICIPAIS,/compras/45751435000106/2024/441
45751435000106-1-000443/2024,,2024,443,45751435000106,MUNICIPIO DE PAULINIA,Prefeitura Do Município De Paulínia,Dispensa,Aviso de Contratação Direta,Divulgada no PNCP,False,2024-09-06T14:11:47.771070,2024-09-06T14:37:15.413643,,Paulínia,SP,Municipal,Aviso de Contratação Direta nº 159/2024,"AQUISIÇÃO DE PORTA DE AÇO AUTOMÁTICA NAS MEDIDAS DE 3MTS DE ALTURA, POR 5MTS DE LARGURA, MOTOR TENSÃO 220 V, PINTURA ELETROSTATICA , COM INSTALAÇÃO.",/compras/45751435000106/2024/443
45751435000106-1-000451/2024,,2024,451,45751435000106,MUNICIPIO DE PAULINIA,Prefeitura Do Município De Paulínia,Inexigibilidade,Ato que autoriza a Contratação Direta,Divulgada no PNCP,False,2024-09-11T12:32:11.554681,2024-09-11T12:32:11.554681,,Paulínia,SP,Municipal,Ato que autoriza a Contratação Direta nº 163/2024,"CONTRATAÇÃO DE EMPRESA PARA CONTINUIDADE DO TRATAMENTO DE SAÚDE DO PACIENTE ""B.B.A.A.""",/compras/45751435000106/2024/451
45751435000106-1-000519/2024,,2024,519,45751435000106,MUNICIPIO DE PAULINIA,MUNICIPIO DE PAULINIA,Pregão - Eletrônico,Edital,Divulgada no PNCP,False,2024-11-04T09:23:57.386912,2024-11-04T09:23:57.386912,,Paulínia,SP,Municipal,Edital nº 203/2024,"CONTRATAÇÃO DE EMPRESA OU CONSÓRCIO DE EMPRESAS ESPECIALIZADAS PARA PRESTAÇÃO DE SERVIÇO EM ATRAÇÕES NATALINAS, APRESENTAÇÕES TEATRAIS, MUSICAIS, PARADAS E ATIVIDADES LÚDICAS NO EVENTO “NATAL” REALIZADO PELA SECRETARIA DE ESPORTES, CULTURA, TURISMO E EVENTOS.",/compras/45751435000106/2024/519
45751435000106-1-000522/2024,,2024,522,45751435000106,MUNICIPIO DE PAULINIA,MUNICIPIO DE PAULINIA,Pregão - Eletrônico,Edital,Divulgada no PNCP,False,2024-11-04T17:06:48.338740,2024-11-04T17:06:48.338740,,Paulínia,SP,Municipal,Edital nº 205/2024,CONTRATAÇÃO DE EMPRESA / CONSÓRCIO DE EMPRESAS PARA FORNECIMENTO DE SOLUÇÃO DE INFRAESTRUTURA DE REDE POL (PASSIVE OPTICAL LAN),/compras/45751435000106/2024/522
45751435000106-1-000036/2024,,2024,36,45751435000106,MUNICIPIO DE PAULINIA,MUNICIPIO DE PAULINIA,Dispensa,Aviso de Contratação Direta,Divulgada no PNCP,False,2024-02-29T15:35:23.695297,2024-03-07T11:22:56.679019,,Paulínia,SP,Municipal,Aviso de Contratação Direta nº 3708/2024,"Tribuna em acrílico espessura 10 mm, altura de 1,10 cm, largura de 38cm, rodas de 
silicone nos pés. Sendo duas com travas.
Tribuna em aço inox com tampo de vidro, porta copos, porta microfone e rodas 
nos pés, sendo duas com travas",/compras/45751435000106/2024/36
45751435000106-1-000061/2024,,2024,61,45751435000106,MUNICIPIO DE PAULINIA,Prefeitura Do Município De Paulínia,Inexigibilidade,Ato que autoriza a Contratação Direta,Divulgada no PNCP,False,2024-03-21T14:37:52.398653,2024-03-21T14:37:52.398653,,Paulínia,SP,Municipal,Ato que autoriza a Contratação Direta nº 41/2024,PAGAMENTO DE TAXA DE INSCRIÇÃO E FILIAÇÃO DA PAULINIA RACING BICICROSS NOS CAMPEONATOS DA ASSOCIAÇÃO PAULISTA DE BICICROSS.,/compras/45751435000106/2024/61
45751435000106-1-000105/2024,,2024,105,45751435000106,MUNICIPIO DE PAULINIA,Prefeitura Do Município De Paulínia,Pregão - Eletrônico,Edital,Divulgada no PNCP,False,2024-04-10T13:08:04.747275,2024-04-10T13:08:04.747275,,Paulínia,SP,Municipal,Edital nº 35/2024,AQUISIÇÃO DE EQUIPAMENTOS ODONTOLÓGICOS,/compras/45751435000106/2024/105
45751435000106-1-000106/2024,,2024,106,45751435000106,MUNICIPIO DE PAULINIA,Prefeitura Do Município De Paulínia,Pregão - Eletrônico,Edital,Divulgada no PNCP,False,2024-04-10T13:29:42.801906,2024-04-10T13:29:42.801906,,Paulínia,SP,Municipal,Edital nº 36/2024,REGISTRO DE PREÇOS PARA AQUISIÇÃO ANUAL DE AVENTAIS CIRÚRGICOS DESCARTÁVEIS,/compras/45751435000106/2024/106
45751435000106-1-000115/2024,,2024,115,45751435000106,MUNICIPIO DE PAULINIA,Prefeitura Do Município De Paulínia,Pregão - Eletrônico,Edital,Divulgada no PNCP,False,2024-04-12T12:21:45.237473,2024-04-12T12:21:45.237473,,Paulínia,SP,Municipal,Edital nº 38/2024,REGISTRO DE PREÇOS PARA AQUISIÇÃO DE HEPARINA DE BAIXO PESO MOLECULAR,/compras/45751435000106/2024/115
45751435000106-1-000124/2024,,2024,124,45751435000106,MUNICIPIO DE PAULINIA,Prefeitura Do Município De Paulínia,Inexigibilidade,Ato que autoriza a Contratação Direta,Divulgada no PNCP,False,2024-04-16T15:33:09.130717,2024-04-16T15:33:09.130717,,Paulínia,SP,Municipal,Ato que autoriza a Contratação Direta nº 50/2024,CONTRATAÇÃO DE FERRAMENTA DE PESQUISAS DE PREÇOS PRÁTICADOS EM ORGÃOS PÚBLICOS,/compras/45751435000106/2024/124
45751435000106-1-000137/2024,,2024,137,45751435000106,MUNICIPIO DE PAULINIA,MUNICIPIO DE PAULINIA,Dispensa,Aviso de Contratação Direta,Divulgada no PNCP,False,2024-04-22T12:57:14.343092,2024-05-03T12:18:31.640325,,Paulínia,SP,Municipal,Aviso de Contratação Direta nº 12360/2024,"CONTRATAÇÃO DE EMPRESA ESPECIALIZADA PARA PRESTAÇÃO DE SERVIÇOS DE MANEJO DE POMBOS E SANITIZAÇÃO DO GINÁSIO VICENTE AMATTE CONFORME ESPECIFICADO NO PRESENTE TERMO DE REFERÊNCIA, INCLUINDO TODO O MATERIAL, MÃO DE OBRA E EQUIPAMENTOS NECESSÁRIOS À SUA PERFEITA EXECUÇÃO.",/compras/45751435000106/2024/137
45751435000106-1-000119/2024,,2024,119,45751435000106,MUNICIPIO DE PAULINIA,Prefeitura Do Município De Paulínia,Pregão - Eletrônico,Edital,Divulgada no PNCP,False,2024-04-16T11:31:39.997311,2024-05-06T10:28:09.951426,,Paulínia,SP,Municipal,Edital nº 39/2024,REGISTRO DE PREÇOS PARA AQUISIÇÃO DE MATERIAIS MÉDICOS HOSPITALARES - EPI,/compras/45751435000106/2024/119
45751435000106-1-000305/2024,,2024,305,45751435000106,MUNICIPIO DE PAULINIA,Prefeitura Do Município De Paulínia,Inexigibilidade,Ato que autoriza a Contratação Direta,Divulgada no PNCP,False,2024-06-28T08:43:35.953721,2024-06-28T08:43:35.953721,,Paulínia,SP,Municipal,Ato que autoriza a Contratação Direta nº 69/2024,"CONTRATAÇÃO DE CLÍNICA ESPECIALIZADA PARA TRATAMENTO DE SAÚDE POR MEIO DE SESSÕES DE LASERTERAPIA.
",/compras/45751435000106/2024/305
45751435000106-1-000186/2024,,2024,186,45751435000106,MUNICIPIO DE PAULINIA,Prefeitura Do Município De Paulínia,Pregão - Eletrônico,Edital,Divulgada no PNCP,False,2024-05-07T12:54:31.780378,2024-07-23T11:20:08.401984,,Paulínia,SP,Municipal,Edital nº 73/2024,REGISTRO DE PREÇOS PARA AQUISIÇÃO DE INSUMOS PARA O SETOR DE MICROBIOLOGIA.,/compras/45751435000106/2024/186
45751435000106-1-000384/2024,,2024,384,45751435000106,MUNICIPIO DE PAULINIA,Prefeitura Do Município De Paulínia,Dispensa,Aviso de Contratação Direta,Divulgada no PNCP,False,2024-08-14T13:53:01.686632,2024-08-14T13:58:54.032858,,Paulínia,SP,Municipal,Aviso de Contratação Direta nº 132/2024,LEITOR BIOMÉTRICO FS 80H,/compras/45751435000106/2024/384
45751435000106-1-000491/2024,,2024,491,45751435000106,MUNICIPIO DE PAULINIA,Prefeitura Do Município De Paulínia,Dispensa,Ato que autoriza a Contratação Direta,Divulgada no PNCP,False,2024-10-04T10:12:26.289020,2024-10-04T10:12:51.790651,,Paulínia,SP,Municipal,Ato que autoriza a Contratação Direta nº 176/2024,"AQUISIÇÃO NECESSÁRIA PARA CUMPRIMENTO DE AÇÃO JUDICIAL.
",/compras/45751435000106/2024/491
45751435000106-1-000482/2024,,2024,482,45751435000106,MUNICIPIO DE PAULINIA,MUNICIPIO DE PAULINIA,Dispensa,Aviso de Contratação Direta,Divulgada no PNCP,False,2024-09-27T10:52:17.957414,2024-10-07T15:24:55.272372,,Paulínia,SP,Municipal,Aviso de Contratação Direta nº 30670/2024,"Contratação de hotel para hospedagem das pessoas idosas (30 idosos, sendo 17 do sexo feminino e 13 do sexo masculino) que irão competir nos jogos da CBVA que ocorrerá no período de 14 a 17 de novembro de 2024 na cidade de Ribeirão Preto.",/compras/45751435000106/2024/482
45751435000106-1-000479/2024,,2024,479,45751435000106,MUNICIPIO DE PAULINIA,MUNICIPIO DE PAULINIA,Pregão - Eletrônico,Edital,Divulgada no PNCP,False,2024-09-26T13:01:21.160204,2024-10-18T09:41:21.112424,,Paulínia,SP,Municipal,Edital nº 182/2024,"CONTRATAÇÃO DE EMPRESA PARA PRESTAÇÃO DE SERVIÇOS E APLICAÇÃO DE CURSO TÉCNICO E PRÁTICO E SUPORTE AVANÇADO DE VIDA NO TRAUMA, CURSO TEÓRICO E PRÁTICO DE SUPORTE AVANÇADO EM CARDIOLOGIA E CURSO TEÓRICO E PRÁTICO DE SUPORTE AVANÇADO DE VIDA EM PEDIATRIA",/compras/45751435000106/2024/479
45751435000106-1-000504/2024,,2024,504,45751435000106,MUNICIPIO DE PAULINIA,MUNICIPIO DE PAULINIA,Inexigibilidade,Ato que autoriza a Contratação Direta,Divulgada no PNCP,False,2024-10-24T10:40:33.010384,2024-10-24T10:40:33.010384,,Paulínia,SP,Municipal,Ato que autoriza a Contratação Direta nº 32282/2024,"Contratação de Apresentação da Palestra Show “Motivacional” (alegria/interação/superação), para a abertura da Semana Municipal da Pessoa Idosa que acontecerá do dia 21 ao dia 25 de outubro de 2024, palestra acontecerá no dia 22 de outubro de 2024.",/compras/45751435000106/2024/504
45751435000106-1-000578/2024,,2024,578,45751435000106,MUNICIPIO DE PAULINIA,MUNICIPIO DE PAULINIA,Dispensa,Ato que autoriza a Contratação Direta,Divulgada no PNCP,False,2024-11-28T09:12:55.077055,2024-11-28T09:12:55.077055,,Paulínia,SP,Municipal,Ato que autoriza a Contratação Direta nº 35040/2024,AÇÃO JUDICIAL,/compras/45751435000106/2024/578
45751435000106-1-000597/2024,,2024,597,45751435000106,MUNICIPIO DE PAULINIA,MUNICIPIO DE PAULINIA,Dispensa,Ato que autoriza a Contratação Direta,Divulgada no PNCP,False,2024-12-09T10:02:10.548200,2024-12-09T10:02:10.548200,,Paulínia,SP,Municipal,Ato que autoriza a Contratação Direta nº 26101/2024,CONTRATAÇÃO DE SERVIÇOS LABORATORIAIS PARA CUMPRIMENTO DE AÇÃO JUDICIAL - REALIZAÇÃO DE EXAME DE INVESTIGAÇÃO MOLECULAR/DEFICIENCIA DE BIOTINIDASE.,/compras/45751435000106/2024/597
45751435000106-1-000626/2024,,2024,626,45751435000106,MUNICIPIO DE PAULINIA,MUNICIPIO DE PAULINIA,Dispensa,Ato que autoriza a Contratação Direta,Divulgada no PNCP,False,2024-12-20T09:26:51.455554,2024-12-20T09:26:51.455554,,Paulínia,SP,Municipal,Ato que autoriza a Contratação Direta nº 38263/2024,"CUMPRIMENTO DA DECISÃO JUDICIAL DOS AUTOS DO PROC. Nº 0003399-92.2015.8.26.0428, PACIENTE: V.A.D.'.",/compras/45751435000106/2024/626
45751435000106-1-000634/2024,,2024,634,45751435000106,MUNICIPIO DE PAULINIA,MUNICIPIO DE PAULINIA,Dispensa,Ato que autoriza a Contratação Direta,Divulgada no PNCP,False,2025-01-30T15:20:44.928958,2025-01-30T15:36:45.061021,,Paulínia,SP,Municipal,Ato que autoriza a Contratação Direta nº 40878/2024,"AQUISIÇÃO DE MEDICAMENTO MANIPULADO PARA CUMPRIMENTO DE AÇÃO JUDICIAL - PROCESSO Nº 0003399-92,215.8.26.0428 - Requerente V.A.D HIDROXICOBALAMINA, SOLUÇÃO 20MG/ML, AMPOLA DE 2ML - AMP",/compras/45751435000106/2024/634
45751435000106-1-000057/2024,,2024,57,45751435000106,MUNICIPIO DE PAULINIA,Prefeitura Do Município De Paulínia,Inexigibilidade,Ato que autoriza a Contratação Direta,Divulgada no PNCP,False,2024-03-21T10:48:19.661694,2024-03-21T10:48:19.661694,,Paulínia,SP,Municipal,Ato que autoriza a Contratação Direta nº 39/2024,PAGAMENTO DE TAXA DE INSCRIÇÃO POR INEXIGIBILIDADE PARA QUE A EQUIPE DE BASQUETE DE PAULÍNIA POSSA PARTICIPAR DOS CAMPEONATOS DA LIGA METROPOLITANA DE BASQUETE.,/compras/45751435000106/2024/57
45751435000106-1-000138/2024,,2024,138,45751435000106,MUNICIPIO DE PAULINIA,Prefeitura Do Município De Paulínia,Pregão - Eletrônico,Edital,Divulgada no PNCP,False,2024-04-22T15:41:46.330611,2024-04-22T15:41:46.330611,,Paulínia,SP,Municipal,Edital nº 51/2024,AQUISIÇÃO DE POLTRONAS PARA ACOMPANHANTES E POLTRONAS PARA MEDICAÇÃO,/compras/45751435000106/2024/138
45751435000106-1-000145/2024,,2024,145,45751435000106,MUNICIPIO DE PAULINIA,Prefeitura Do Município De Paulínia,Inexigibilidade,Ato que autoriza a Contratação Direta,Divulgada no PNCP,False,2024-04-24T13:55:00.021867,2024-04-24T13:55:00.021867,,Paulínia,SP,Municipal,Ato que autoriza a Contratação Direta nº 54/2024,"PAGAMENTO DE TAXA DE INSCRIÇÃO PARA PARTICIPAÇÃO NAS ETAPAS DO CIRCUITO A.R.N., NAS CATEGORIAS DE 07 A 19 ANOS E DE 20 A 70 ANOS, REFERENTE AO ANO DE 2024.",/compras/45751435000106/2024/145
45751435000106-1-000161/2024,,2024,161,45751435000106,MUNICIPIO DE PAULINIA,Prefeitura Do Município De Paulínia,Pregão - Eletrônico,Edital,Divulgada no PNCP,False,2024-04-29T12:18:00.130482,2024-04-29T12:18:00.130482,,Paulínia,SP,Municipal,Edital nº 63/2024,"CONTRATAÇÃO DE EMPRESA PARA PRESTAÇÃO DE SERVIÇOS DE PREVENÇÃO, CONTROLE E MANEJO DE ABELHAS, MARIMBONDOS E VESPAS",/compras/45751435000106/2024/161
45751435000106-1-000216/2024,,2024,216,45751435000106,MUNICIPIO DE PAULINIA,Prefeitura Do Município De Paulínia,Inexigibilidade,Ato que autoriza a Contratação Direta,Divulgada no PNCP,False,2024-05-21T17:11:07.433610,2024-05-21T17:11:07.433610,,Paulínia,SP,Municipal,Ato que autoriza a Contratação Direta nº 61/2024,"PAGAMENTO DE INSCRIÇÃO PARA 5 SERVIDORES , PARA PARTICIPAÇÃO DO 2º CONGRESSO BRASILEIRO 14.133, NOS DIA 12 A 14 JUNHO, EM FORTALEZA/CE.",/compras/45751435000106/2024/216
45751435000106-1-000224/2024,,2024,224,45751435000106,MUNICIPIO DE PAULINIA,Prefeitura Do Município De Paulínia,Pregão - Eletrônico,Edital,Divulgada no PNCP,False,2024-05-24T10:09:16.670687,2024-05-24T10:09:16.670687,,Paulínia,SP,Municipal,Edital nº 89/2024,REGISTRO DE PREÇOS PARA AQUISIÇÃO DE MATERIAIS E INSTRUMENTAIS CIRÚRGICOS E GINECOLÓGICOS,/compras/45751435000106/2024/224
45751435000106-1-000338/2024,,2024,338,45751435000106,MUNICIPIO DE PAULINIA,MUNICIPIO DE PAULINIA,Dispensa,Aviso de Contratação Direta,Divulgada no PNCP,False,2024-07-22T12:28:04.923099,2024-07-31T15:56:37.167908,,Paulínia,SP,Municipal,Aviso de Contratação Direta nº 23115/2024,"Contratação de empresa especializada em serviços de legendagem, audiodescrição e Libras para os conteúdos digitais que serão disponibilizados ao público, através dos equipamentos que integram a solução digital de acessibilidade de ambientes do Museu Municipal de Paulínia, em conformidade com a Lei 13146 de 06 de julho de 2015.",/compras/45751435000106/2024/338
45751435000106-1-000461/2024,,2024,461,45751435000106,MUNICIPIO DE PAULINIA,MUNICIPIO DE PAULINIA,Pregão - Eletrônico,Edital,Revogada,False,2024-09-16T16:36:47.664185,2025-03-24T15:14:16.728277,,Paulínia,SP,Municipal,Edital nº 172/2024,"REGISTRO DE PREÇOS PARA CONTRATAÇÃO DE EMPRESA ESPECIALIZADA EM FORNECIMENTO E PLANTIO DE GRAMA BERMUDA EM ROLO, INCLUINDO PREPARAÇÃO DO TERRENO",/compras/45751435000106/2024/461
45751435000106-1-000046/2024,,2024,46,45751435000106,MUNICIPIO DE PAULINIA,Prefeitura Do Município De Paulínia,Inexigibilidade,Ato que autoriza a Contratação Direta,Divulgada no PNCP,False,2024-03-13T10:43:56.353601,2024-03-13T10:43:56.353601,,Paulínia,SP,Municipal,Ato que autoriza a Contratação Direta nº 37/2024,"PAGAMENTO DE TAXA DE INSCRIÇÃO NAS ETAPAS DA LIGA METROPOLITANA DE TÊNIS DE MESA, PARA ATLETAS NÍVEL BRONZE, REFERENTE AO ANO DE 2024.",/compras/45751435000106/2024/46
45751435000106-1-000047/2024,,2024,47,45751435000106,MUNICIPIO DE PAULINIA,Prefeitura Do Município De Paulínia,Inexigibilidade,Ato que autoriza a Contratação Direta,Divulgada no PNCP,False,2024-03-13T11:04:41.702167,2024-03-13T11:04:41.702167,,Paulínia,SP,Municipal,Ato que autoriza a Contratação Direta nº 36/2024,"PAGAMENTO DE TAXA DE INSCRIÇÃO E ARBITRAGEM NOS CAMPEONATOS DA LIGA PAULISTA DE FUTSAL, NAS CATEGORIAS MASCULINAS (SUB11, SUB13, SUB15, SUB17 E SUB20), REFERENTE AO ANO DE 2024.",/compras/45751435000106/2024/47
45751435000106-1-000086/2024,,2024,86,45751435000106,MUNICIPIO DE PAULINIA,Prefeitura Do Município De Paulínia,Dispensa,Aviso de Contratação Direta,Divulgada no PNCP,False,2024-04-02T16:37:41.748714,2024-04-02T16:37:41.748714,,Paulínia,SP,Municipal,Aviso de Contratação Direta nº 41/2024,AQUISIÇÃO DE GELADEIRA FROST FREE E FORNO MICRO-ONDAS PARA SEREM UTILIZADOS NA SECRETARIA DE DESENVOLVIMENTO ECONÔMICO,/compras/45751435000106/2024/86
45751435000106-1-000118/2024,,2024,118,45751435000106,MUNICIPIO DE PAULINIA,Prefeitura Do Município De Paulínia,Inexigibilidade,Ato que autoriza a Contratação Direta,Divulgada no PNCP,False,2024-04-15T16:36:48.842706,2024-04-15T16:36:48.842706,,Paulínia,SP,Municipal,Ato que autoriza a Contratação Direta nº 47/2024,"PAGAMENTO DE TAXA DE INSCRIÇÃO NAS ETAPAS DA LIGA DE VOLEIBOL DE SOROCABA E REGIÃO, CATEGORIA SUB 19, REFERENTE AO ANO DE 2024",/compras/45751435000106/2024/118
45751435000106-1-000117/2024,,2024,117,45751435000106,MUNICIPIO DE PAULINIA,MUNICIPIO DE PAULINIA,Dispensa,Aviso de Contratação Direta,Divulgada no PNCP,False,2024-04-15T10:27:54.034107,2024-04-23T15:55:53.357027,,Paulínia,SP,Municipal,Aviso de Contratação Direta nº 11534/2024,"AQUISIÇÃO DE PISO TIPO LINÓLEO PARA DANÇA, FITA VINÍLICA DE PVC PARA FIXAÇÃO DOS PISOS E FITA PARA APLICAÇÃO DE LINÓLEO DE PVC, ONDE DEVERÁ SER ENTREGUE NO PRÉDIO DENOMINADO “ESPAÇO DAS ARTES – 1”, ONDE ABRIGA A ESCOLA DE DANÇA DO MUNICÍPIO DE PAULÍNIA/SP.",/compras/45751435000106/2024/117
45751435000106-1-000141/2024,,2024,141,45751435000106,MUNICIPIO DE PAULINIA,Prefeitura Do Município De Paulínia,Inexigibilidade,Ato que autoriza a Contratação Direta,Divulgada no PNCP,False,2024-04-23T16:16:16.512777,2024-04-23T16:16:16.512777,,Paulínia,SP,Municipal,Ato que autoriza a Contratação Direta nº 52/2024,"CONTRATAÇÃO DA PROFISSIONAL GRACIENE ALVES DE LIMA CEOLIN, ESPECIALIZADA EM ESTRATÉGIAS PARA A EMPREGABILIDADE JOVEM, PARA MINISTRAR PALESTRA DO PRIMEIRO EMPREGO AOS JOVENS PAULINENSES",/compras/45751435000106/2024/141
45751435000106-1-000170/2024,,2024,170,45751435000106,MUNICIPIO DE PAULINIA,Prefeitura Do Município De Paulínia,Pregão - Eletrônico,Edital,Divulgada no PNCP,False,2024-05-02T12:29:04.258926,2024-05-02T12:29:04.258926,,Paulínia,SP,Municipal,Edital nº 66/2024,REGISTRO DE PREÇOS PARA AQUISIÇÃO DE MATERIAIS PARA CIRURGIA DE ORTOPEDIA TRAUMA,/compras/45751435000106/2024/170
45751435000106-1-000103/2024,,2024,103,45751435000106,MUNICIPIO DE PAULINIA,Prefeitura Do Município De Paulínia,Pregão - Eletrônico,Edital,Divulgada no PNCP,False,2024-04-10T11:07:44.581763,2024-05-03T11:55:07.133931,,Paulínia,SP,Municipal,Edital nº 33/2024,REGISTRO DE PREÇOS PARA AQUISIÇÃO DE MATERIAIS PARA ENDOSCOPIA,/compras/45751435000106/2024/103
45751435000106-1-000185/2024,,2024,185,45751435000106,MUNICIPIO DE PAULINIA,Prefeitura Do Município De Paulínia,Pregão - Eletrônico,Edital,Divulgada no PNCP,False,2024-05-07T12:41:52.011812,2024-05-07T12:41:52.011812,,Paulínia,SP,Municipal,Edital nº 72/2024,REGISTRO DE PREÇOS PARA AQUISIÇÃO DE MATERIAIS ODONTOLÓGICOS PARA ENDODONTIA E CIRURGIA,/compras/45751435000106/2024/185
45751435000106-1-000128/2024,,2024,128,45751435000106,MUNICIPIO DE PAULINIA,Prefeitura Do Município De Paulínia,Pregão - Eletrônico,Edital,Divulgada no PNCP,False,2024-04-17T16:21:04.048155,2024-05-10T11:25:22.273146,,Paulínia,SP,Municipal,Edital nº 29/2024,CONTRATAÇÃO DE EMPRESA PARA PRESTAÇÃO DE SERVIÇOS DE MARCENARIA/SERRALHERIA PARA CONFECÇÃO E INSTALAÇÃO DE MOBILIÁRIOS SOB MEDIDA PARA O MUSEU MUNICIPAL DE PAULÍNIA,/compras/45751435000106/2024/128
45751435000106-1-000200/2024,,2024,200,45751435000106,MUNICIPIO DE PAULINIA,Prefeitura Do Município De Paulínia,Pregão - Eletrônico,Edital,Divulgada no PNCP,False,2024-05-16T15:19:20.024622,2024-05-16T15:19:20.024622,,Paulínia,SP,Municipal,Edital nº 79/2024,CONTRATAÇÃO DE SERVIÇOS CONTÁBEIS PARA ELABORAÇÃO DE CÁLCULOS E PARECERES NA ESFERA JUDICIAL E ADMINISTRATIVA,/compras/45751435000106/2024/200
45751435000106-1-000217/2024,,2024,217,45751435000106,MUNICIPIO DE PAULINIA,Prefeitura Do Município De Paulínia,Inexigibilidade,Ato que autoriza a Contratação Direta,Divulgada no PNCP,False,2024-05-22T11:02:09.133243,2024-05-22T11:02:09.133243,,Paulínia,SP,Municipal,Ato que autoriza a Contratação Direta nº 57/2024,"PAGAMENTO DE TAXA DE INSCRIÇÃO NO TORNEIO DA INTERCLUBES CAMPINAS BASQUETEBOL MASTER, PARA AS CATEGORIAS 40+ E 50+, REFERENTE AO ANO DE 2024.",/compras/45751435000106/2024/217
45751435000106-1-000232/2024,,2024,232,45751435000106,MUNICIPIO DE PAULINIA,Prefeitura Do Município De Paulínia,Dispensa,Aviso de Contratação Direta,Divulgada no PNCP,False,2024-05-29T08:51:33.570797,2024-05-29T09:05:53.367351,,Paulínia,SP,Municipal,Aviso de Contratação Direta nº 86/2024,CONTRATAÇÃO DE EMPRESA ESPECIALIZADA EM MANUTENÇÃO MESA BILHAR,/compras/45751435000106/2024/232
45751435000106-1-000245/2024,,2024,245,45751435000106,MUNICIPIO DE PAULINIA,Prefeitura Do Município De Paulínia,Inexigibilidade,Ato que autoriza a Contratação Direta,Divulgada no PNCP,False,2024-06-04T11:21:18.926297,2024-06-04T11:26:23.842335,,Paulínia,SP,Municipal,Ato que autoriza a Contratação Direta nº 64/2024,CONTRATAÇÃO DE EMPRESA ESPECIALIZADA PARA CAPACITAÇÃO DE GESTORES EM QUESTÕES RELACIONADAS À HUMANIZAÇÃO DO CUIDADO E DESENVOLVIMENTO GERENCIAL.,/compras/45751435000106/2024/245
45751435000106-1-000127/2024,,2024,127,45751435000106,MUNICIPIO DE PAULINIA,Prefeitura Do Município De Paulínia,Pregão - Eletrônico,Edital,Divulgada no PNCP,False,2024-04-17T15:38:17.236080,2024-06-10T09:26:07.629530,,Paulínia,SP,Municipal,Edital nº 45/2024,REGISTRO DE PREÇOS PARA AQUISIÇÃO DE MEDICAMENTOS PARA CUMPRIMENTO DE AÇÕES JUDICIAIS,/compras/45751435000106/2024/127
45751435000106-1-000296/2024,,2024,296,45751435000106,MUNICIPIO DE PAULINIA,Prefeitura Do Município De Paulínia,Dispensa,Ato que autoriza a Contratação Direta,Divulgada no PNCP,False,2024-06-25T10:03:34.304974,2024-06-25T10:08:19.526934,,Paulínia,SP,Municipal,Ato que autoriza a Contratação Direta nº 106/2024,"CONTRATAÇÃO DE SERVIÇOS DE APOIO, ASSESSORIA E GESTÃO DE MOBILIDADE URBANA PARA ELABORAR O PROGRAMA DE ORIENTAÇÃO DE TRÁFEGO – POT E O PLANO DE AÇÃO IMEDIATA NO TRÂNSITO – PAIT II.",/compras/45751435000106/2024/296
45751435000106-1-000326/2024,,2024,326,45751435000106,MUNICIPIO DE PAULINIA,Prefeitura Do Município De Paulínia,Pregão - Eletrônico,Edital,Divulgada no PNCP,False,2024-07-15T12:27:56.400613,2024-07-15T12:29:55.468419,,Paulínia,SP,Municipal,Edital nº 111/2024,"REGISTRO DE PREÇOS PARA AQUISIÇÃO DE LUVA DE PROCEDIMENTO DE VINIL.
",/compras/45751435000106/2024/326
45751435000106-1-000402/2024,,2024,402,45751435000106,MUNICIPIO DE PAULINIA,Prefeitura Do Município De Paulínia,Dispensa,Ato que autoriza a Contratação Direta,Divulgada no PNCP,False,2024-08-23T09:12:21.936772,2024-08-23T09:13:51.911349,,Paulínia,SP,Municipal,Ato que autoriza a Contratação Direta nº 140/2024,AQUISIÇÃO DE MEDICAMENTOS EM CUMPRIMENTO A DECISÕES JUDICIAIS,/compras/45751435000106/2024/402
45751435000106-1-000414/2024,,2024,414,45751435000106,MUNICIPIO DE PAULINIA,Prefeitura Do Município De Paulínia,Dispensa,Ato que autoriza a Contratação Direta,Divulgada no PNCP,False,2024-08-27T14:18:26.128051,2024-08-27T16:12:07.131925,,Paulínia,SP,Municipal,Ato que autoriza a Contratação Direta nº 143/2024,"AQUISIÇÃO DE MEDICAMENTO PARA CUMPRIMENTO DE AÇÃO JUDICIAL PROCESSO Nº 1004947-57.2023.8.26.0428, REQUERENTE: ""M.A.D"" E REQUERIDO PREFEITURA MUNICIPAL DE PAULÍNIA.",/compras/45751435000106/2024/414
45751435000106-1-000415/2024,,2024,415,45751435000106,MUNICIPIO DE PAULINIA,Prefeitura Do Município De Paulínia,Dispensa,Ato que autoriza a Contratação Direta,Divulgada no PNCP,False,2024-08-27T16:14:23.122426,2024-08-27T16:14:34.136308,,Paulínia,SP,Municipal,Ato que autoriza a Contratação Direta nº 144/2024,CONTRATAÇÃO DE SERVIÇOS LABORATORIAIS PARA CUMPRIMENTO DE AÇÃO JUDICIAL - REALIZAÇÃO DE EXAME DE INVESTIGAÇÃO MOLECULAR/DEFICIENCIA DE BIOTINIDASE.,/compras/45751435000106/2024/415
45751435000106-1-000444/2024,,2024,444,45751435000106,MUNICIPIO DE PAULINIA,MUNICIPIO DE PAULINIA,Dispensa,Aviso de Contratação Direta,Divulgada no PNCP,False,2024-09-06T15:59:39.144051,2024-09-16T16:31:11.528561,,Paulínia,SP,Municipal,Aviso de Contratação Direta nº 25405/2024,"O presente Termo de Referência tem por objeto a contratação de serviços de encadernação de 70 livros tipo capa dura, com escrita em dourado na capa e dorso, tamanho A4, com aproximadamente 200 folhas por volume, necessários para disponibilização e consulta no Departamento de Gestão Documental.",/compras/45751435000106/2024/444
45751435000106-1-000485/2024,,2024,485,45751435000106,MUNICIPIO DE PAULINIA,Prefeitura Do Município De Paulínia,Inexigibilidade,Ato que autoriza a Contratação Direta,Divulgada no PNCP,False,2024-09-30T09:49:21.646522,2024-09-30T09:49:32.755826,,Paulínia,SP,Municipal,Ato que autoriza a Contratação Direta nº 170/2024,CONTRATAÇÃO DE SERVIÇO DE MANUTENÇÃO PREVENTIVA DE EQUIPAMENTO COM FORNECIMENTO DE PEÇAS.,/compras/45751435000106/2024/485
45751435000106-1-000628/2024,,2024,628,45751435000106,MUNICIPIO DE PAULINIA,MUNICIPIO DE PAULINIA,Inexigibilidade,Ato que autoriza a Contratação Direta,Divulgada no PNCP,False,2025-01-14T08:41:21.343998,2025-01-17T11:49:44.645525,,Paulínia,SP,Municipal,Ato que autoriza a Contratação Direta nº 35039/2024,CAPACITAÇÃO DE PROFISSIONAIS DA SAÚDE PARA PARTICIPAÇÃO DO CURSO ALSO - SUPORTE AVANÇADO DE VIDA EM OBSTETRÍCIA. FORNECIMENTO DE ACESSO AO MANUAL ALSO ONLINE,/compras/45751435000106/2024/628
45751435000106-1-000640/2024,,2024,640,45751435000106,MUNICIPIO DE PAULINIA,MUNICIPIO DE PAULINIA,Inexigibilidade,Ato que autoriza a Contratação Direta,Divulgada no PNCP,False,2025-03-25T13:11:26.243317,2025-03-25T13:11:26.243317,,Paulínia,SP,Municipal,Ato que autoriza a Contratação Direta nº 40289/2024,Contratação de empresa especializada no fornecimento de assinatura de ferramenta de pesquisa e comparação de preços praticados pela Administração Pública.,/compras/45751435000106/2024/640
45751435000106-1-000577/2024,,2024,577,45751435000106,MUNICIPIO DE PAULINIA,MUNICIPIO DE PAULINIA,Pregão - Eletrônico,Edital,Revogada,False,2024-11-27T16:41:26.506338,2025-03-26T16:03:12.458362,,Paulínia,SP,Municipal,Edital nº 231/2024,CONTRATAÇÃO DE EMPRESA/CONSÓRCIO DE EMPRESAS PARA SERVIÇOS TERCEIRIZADOS DE FORMAÇÃO E ASSESSORIA DE PROFESSORES DA EDUCAÇÃO INFANTIL E ENSINO FUNDAMENTAL I (ANOS INICIAIS),/compras/45751435000106/2024/577
45751435000106-1-000644/2024,,2024,644,45751435000106,MUNICIPIO DE PAULINIA,MUNICIPIO DE PAULINIA,Dispensa,Ato que autoriza a Contratação Direta,Divulgada no PNCP,False,2025-09-12T09:13:14.823278,2025-09-12T09:13:14.823278,,Paulínia,SP,Municipal,Ato que autoriza a Contratação Direta nº 29543/2024,"AQUISIÇÃO DE TRATAMENTO ORTODÔNTICO - DISPENSA DE LICITAÇÃO. REQUERENTE ""M.S.M.F.C""",/compras/45751435000106/2024/644
45751435000106-1-000038/2024,,2024,38,45751435000106,MUNICIPIO DE PAULINIA,Prefeitura Do Município De Paulínia,Inexigibilidade,Ato que autoriza a Contratação Direta,Divulgada no PNCP,False,2024-03-05T09:58:20.548083,2024-03-05T16:43:19.320288,,Paulínia,SP,Municipal,Ato que autoriza a Contratação Direta nº 31/2024,Compra de Curso presencial nº 84 – “PASSO A PASSO DO PROCESSO ADMINISTRATIVO DISCIPLINAR – LEI 8.112/90”,/compras/45751435000106/2024/38
45751435000106-1-000050/2024,,2024,50,45751435000106,MUNICIPIO DE PAULINIA,Prefeitura Do Município De Paulínia,Dispensa,Ato que autoriza a Contratação Direta,Divulgada no PNCP,False,2024-03-14T10:03:56.123301,2024-03-14T10:04:08.889963,,Paulínia,SP,Municipal,Ato que autoriza a Contratação Direta nº 30/2024,"AQUISIÇÃO DE MEDICAMENTOS E INSUMOS PARA CUMPRIMENTO DE AÇÃO JUDICIAL PROCESSO DIGITAL Nº 1008084-47.2023.8.26.0428, REQUERENTE ""G.S.S"" E REQUERIDO pREFEITURA MUNICIPAL DE PAULÍNIA,",/compras/45751435000106/2024/50
45751435000106-1-000071/2024,,2024,71,45751435000106,MUNICIPIO DE PAULINIA,Prefeitura Do Município De Paulínia,Dispensa,Ato que autoriza a Contratação Direta,Divulgada no PNCP,False,2024-03-27T16:04:13.544275,2024-03-27T16:04:29.345832,,Paulínia,SP,Municipal,Ato que autoriza a Contratação Direta nº 9/2024,"AQUISIÇÃO NECESSÁRIA PARA CUMPRIMENTO DE MANDADO JUDICIAL, PROCESSO DIGITAL Nº 428.01.2011.002554-3, REQUERENTE ""A.S.B.J"" E REQUERIDO PREFEITURA MUNICIPAL DE PAULÍNIA.",/compras/45751435000106/2024/71
45751435000106-1-000082/2024,,2024,82,45751435000106,MUNICIPIO DE PAULINIA,Prefeitura Do Município De Paulínia,Dispensa,Aviso de Contratação Direta,Divulgada no PNCP,False,2024-04-01T15:49:37.044045,2024-04-01T16:13:45.362400,,Paulínia,SP,Municipal,Aviso de Contratação Direta nº 38/2024,CONTRATAÇÃO DE HOSPEDAGEM PARA SERVIDORES QUE PARTICIPARÃO DO 37° CONGRESSO COSEMS-SP.,/compras/45751435000106/2024/82
45751435000106-1-000109/2024,,2024,109,45751435000106,MUNICIPIO DE PAULINIA,Prefeitura Do Município De Paulínia,Pregão - Eletrônico,Edital,Divulgada no PNCP,False,2024-04-11T10:36:56.448039,2024-04-11T10:36:56.448039,,Paulínia,SP,Municipal,Edital nº 32/2024,REGISTRO DE PREÇOS PARA AQUISIÇÃO DE MEDICAMENTOS,/compras/45751435000106/2024/109
45751435000106-1-000176/2024,,2024,176,45751435000106,MUNICIPIO DE PAULINIA,Prefeitura Do Município De Paulínia,Dispensa,Ato que autoriza a Contratação Direta,Divulgada no PNCP,False,2024-05-03T11:38:54.339625,2024-05-03T11:39:45.685861,,Paulínia,SP,Municipal,Ato que autoriza a Contratação Direta nº 65/2024,"AQUISIÇÃO DE PRODUTOS DERMATOLÓGICOS PARA O PACIENTE ""M.G.L."" - AÇÃO JUDICIAL.",/compras/45751435000106/2024/176
45751435000106-1-000195/2024,,2024,195,45751435000106,MUNICIPIO DE PAULINIA,Prefeitura Do Município De Paulínia,Dispensa,Ato que autoriza a Contratação Direta,Divulgada no PNCP,False,2024-05-14T14:15:53.403592,2024-05-14T14:15:53.403592,,Paulínia,SP,Municipal,Ato que autoriza a Contratação Direta nº 77/2024,"AQUISIÇÃO DE MEDICAMENTOS MANIPULADO PARA CUMPRIMENTO DE AÇÃO JUDICIAL PROCESSO DIGITAL Nº 00033399-92.2015.8.26.0428, REQUERENTE ""V.A.D"" E REQUERIDO PREFEITURA MUNICIPAL DE PAULÍNIA,",/compras/45751435000106/2024/195
45751435000106-1-000254/2024,,2024,254,45751435000106,MUNICIPIO DE PAULINIA,Prefeitura Do Município De Paulínia,Dispensa,Ato que autoriza a Contratação Direta,Divulgada no PNCP,False,2024-06-06T13:41:50.152499,2024-06-06T13:42:21.884321,,Paulínia,SP,Municipal,Ato que autoriza a Contratação Direta nº 93/2024,AQUISIÇÃO DE PRODUTOS MÉDICOS PARA CUMPRIMENTO DE AÇÕES JUDICIAIS,/compras/45751435000106/2024/254
45751435000106-1-000131/2024,,2024,131,45751435000106,MUNICIPIO DE PAULINIA,Prefeitura Do Município De Paulínia,Pregão - Eletrônico,Edital,Divulgada no PNCP,False,2024-04-19T15:41:16.079642,2024-06-13T09:52:58.978475,,Paulínia,SP,Municipal,Edital nº 49/2024,REGISTRO DE PREÇOS PARA AQUISIÇÃO DE TESTES IMUNOCROMATOGRÁFICOS (TESTES RÁPIDOS,/compras/45751435000106/2024/131
45751435000106-1-000300/2024,,2024,300,45751435000106,MUNICIPIO DE PAULINIA,Prefeitura Do Município De Paulínia,Inexigibilidade,Ato que autoriza a Contratação Direta,Divulgada no PNCP,False,2024-06-26T08:35:39.144565,2024-06-26T08:39:25.616218,,Paulínia,SP,Municipal,Ato que autoriza a Contratação Direta nº 68/2024,CONTRATAÇÃO DE LICENÇAS DE USO DE SOFTWARE MATRIX (DIAGNOSIS E CONECT) PARA CONTINUIDADE DOS PROCESSOS DE TRABALHO DO LABORATÓRIO DO HOSPITAL MUNICIPAL DE PAULÍNIA.,/compras/45751435000106/2024/300
45751435000106-1-000405/2024,,2024,405,45751435000106,MUNICIPIO DE PAULINIA,Prefeitura Do Município De Paulínia,Inexigibilidade,Ato que autoriza a Contratação Direta,Divulgada no PNCP,False,2024-08-23T11:46:22.594736,2024-08-23T12:07:34.413420,,Paulínia,SP,Municipal,Ato que autoriza a Contratação Direta nº 80/2024,"Aquisição de calçado ortopédico terapêutico, sob medida com largura e altura, com cabedal de couro de amarar ou velcro, conforme descrito pelo médico ortopedista.",/compras/45751435000106/2024/405
45751435000106-1-000407/2024,,2024,407,45751435000106,MUNICIPIO DE PAULINIA,Prefeitura Do Município De Paulínia,Dispensa,Ato que autoriza a Contratação Direta,Divulgada no PNCP,False,2024-08-23T15:03:43.355401,2024-08-23T15:12:04.320383,,Paulínia,SP,Municipal,Ato que autoriza a Contratação Direta nº 141/2024,"AQUISIÇÃO DE TIRAS E AGULHAS DE GLICEMIA, PARA CUMPRIMENTO DE AÇÃO JUDICIAL.",/compras/45751435000106/2024/407
45751435000106-1-000465/2024,,2024,465,45751435000106,MUNICIPIO DE PAULINIA,Prefeitura Do Município De Paulínia,Dispensa,Ato que autoriza a Contratação Direta,Divulgada no PNCP,False,2024-09-19T11:01:53.673158,2024-09-19T11:02:37.597874,,Paulínia,SP,Municipal,Ato que autoriza a Contratação Direta nº 167/2024,"AQUISIÇÃO DE MEDICAMENTOS PARA CUMPRIMENTO DE AÇÃO JUDICIAL, PROCESSO DIGITAL Nº 1003208-15.2024.8.26.0428, REQUERENTE ""Y.A.F"" E REQUERIDO ""PREFEITURA MUNICIPAL DE PAULÍNIA"".",/compras/45751435000106/2024/465
45751435000106-1-000475/2024,,2024,475,45751435000106,MUNICIPIO DE PAULINIA,Prefeitura Do Município De Paulínia,Inexigibilidade,Ato que autoriza a Contratação Direta,Divulgada no PNCP,False,2024-09-25T09:23:05.252244,2024-09-25T09:23:15.856877,,Paulínia,SP,Municipal,Ato que autoriza a Contratação Direta nº 169/2024,CONTRATAÇÃO DE EMPRESA DE CONTROLE DE QUALIDADE.,/compras/45751435000106/2024/475
45751435000106-1-000495/2024,,2024,495,45751435000106,MUNICIPIO DE PAULINIA,Prefeitura Do Município De Paulínia,Dispensa,Ato que autoriza a Contratação Direta,Divulgada no PNCP,False,2024-10-08T08:38:58.044497,2024-10-08T08:39:10.151668,,Paulínia,SP,Municipal,Ato que autoriza a Contratação Direta nº 179/2024,"TRATAMENTO DE SAÚDE PARA ATENDIMENTO A AÇÃO JUDICIAL Nº 002418-19.2022.8.26.028/01, REQUERENTE: ""B. T. N."" E REQUERIDO: PREFEITURA MUNICIPAL DE PAULÍNIA.",/compras/45751435000106/2024/495
45751435000106-1-000583/2024,,2024,583,45751435000106,MUNICIPIO DE PAULINIA,MUNICIPIO DE PAULINIA,Dispensa,Aviso de Contratação Direta,Divulgada no PNCP,False,2024-12-02T14:04:33.373802,2025-01-20T14:34:18.876699,,Paulínia,SP,Municipal,Aviso de Contratação Direta nº 37834/2024,Aquisição de placas de PVC para identificação e inauguração em próprios públicos e orientação interna.,/compras/45751435000106/2024/583
45751435000106-1-000075/2024,,2024,75,45751435000106,MUNICIPIO DE PAULINIA,Prefeitura Do Município De Paulínia,Inexigibilidade,Ato que autoriza a Contratação Direta,Divulgada no PNCP,False,2024-03-27T16:23:45.468367,2024-03-27T16:23:45.468367,,Paulínia,SP,Municipal,Ato que autoriza a Contratação Direta nº 33/2024,"CONTRATAÇÃO DE EMPRESA PARA FORNECIMENTO DE PLATAFORMA PARA VISUALIZAÇÃO E GESTÃO DAS FATURAS DE CONSUMO (ÁGUA, ENERGIA E TELEFONIA) DE TODA ESTRUTURA DA PREFEITURA MUNICIPAL DE PAULÍNIA, DE FORMA ROBOTIZADA E A PRESTAÇÃO DOS SERVIÇOS DE IMPLANTAÇÃO, CONFIGURAÇÃO, TREINAMENTO, SUPORTE TÉCNICO E CONSULTORIA DA SOLUÇÃO",/compras/45751435000106/2024/75
45751435000106-1-000089/2024,,2024,89,45751435000106,MUNICIPIO DE PAULINIA,Prefeitura Do Município De Paulínia,Pregão - Eletrônico,Edital,Divulgada no PNCP,False,2024-04-03T11:30:58.723827,2024-04-03T11:30:58.723827,,Paulínia,SP,Municipal,Edital nº 24/2024,"REGISTRO DE PREÇOS PARA AQUISIÇÃO DE ARMADILHAS 
DE AUTODISSEMINAÇÃO E DE CAPTURA DE MOSQUITOS AEDES 
AEGYPTI, COM FORNECIMENTO DE PLATAFORMA DIGITAL 
(SOFTWARE) PARA GERENCIAMENTO E CONTROLE DE DADOS",/compras/45751435000106/2024/89
45751435000106-1-000039/2024,,2024,39,45751435000106,MUNICIPIO DE PAULINIA,MUNICIPIO DE PAULINIA,Pregão - Eletrônico,Edital,Divulgada no PNCP,False,2024-03-05T16:33:35.501458,2024-04-17T16:48:29.593283,,Paulínia,SP,Municipal,Edital nº 236/2023/2024,"CONTRATAÇÃO DE EMPRESA PARA PRESTAÇÃO DE SERVIÇOS DE LICENCIAMENTO DE USO DE SISTEMAS INFORMATIZADOS DESTINADOS À GESTÃO PÚBLICA, ENVOLVENDO OS SERVIÇOS DE CONVERSÃO, IMPLANTAÇÃO, CAPACITAÇÃO, MANUTENÇÃO E SUPORTE TÉCNICO DO SIAFIC – SISTEMA ÚNICO E INTEGRADO DE EXECUÇÃO ORÇAMENTÁRIA, ADMINISTRAÇÃO FINANCEIRA, GESTÃO E CONTROLE PARA O PODER EXECUTIVO, PODER LEGISLATIVO E AUTARQUIA PREVIDENCIÁRIA",/compras/45751435000106/2024/39
45751435000106-1-000133/2024,,2024,133,45751435000106,MUNICIPIO DE PAULINIA,Prefeitura Do Município De Paulínia,Pregão - Eletrônico,Edital,Divulgada no PNCP,False,2024-04-22T09:04:38.563197,2024-04-22T09:04:38.563197,,Paulínia,SP,Municipal,Edital nº 47/2024,"CONTRATAÇÃO DE EMPRESA ESPECIALIZADA PARA 
MANUTENÇÃO MECANIZADA EM GRAMADO SINTÉTICO 50 MM, 
INCLUINDO VARRIÇÃO COM MAQUINÁRIO ESPECÍFICO, 
LEVANTAMENTO DE FIOS, FORNECIMENTO E APLICAÇÃO DE 
BORRACHA DE AMORTECIMENTO",/compras/45751435000106/2024/133
45751435000106-1-000150/2024,,2024,150,45751435000106,MUNICIPIO DE PAULINIA,Prefeitura Do Município De Paulínia,Inexigibilidade,Ato que autoriza a Contratação Direta,Divulgada no PNCP,False,2024-04-25T09:28:21.462114,2024-04-25T13:38:00.631596,,Paulínia,SP,Municipal,Ato que autoriza a Contratação Direta nº 53/2024,"AQUISIÇÃO DE BOMBA DE INSULINA E INSUMOS PARA CUMPRIMENTO DE AÇÃO JUDICIAL PROCESSO DIGITAL Nº 0000702-83.2024.8.260428 - EXEQUENTE: ""L.Z.A"" E EXECUTADO: PREFEITURA MUNICIPAL DE PAULÍNIA.

",/compras/45751435000106/2024/150
45751435000106-1-000155/2024,,2024,155,45751435000106,MUNICIPIO DE PAULINIA,Prefeitura Do Município De Paulínia,Dispensa,Ato que autoriza a Contratação Direta,Divulgada no PNCP,False,2024-04-25T16:28:36.110703,2024-04-25T16:28:48.269622,,Paulínia,SP,Municipal,Ato que autoriza a Contratação Direta nº 63/2024,"AQUISIÇÃO DE SUPLEMENTOS PROTEICOS PARA OS PACIENTES ""O.V.N."" E “J.E.A.” - AÇÃO JUDICIAL.",/compras/45751435000106/2024/155
45751435000106-1-000142/2024,,2024,142,45751435000106,MUNICIPIO DE PAULINIA,Prefeitura Do Município De Paulínia,Pregão - Eletrônico,Edital,Divulgada no PNCP,False,2024-04-24T09:18:28.492915,2024-05-20T10:44:33.794282,,Paulínia,SP,Municipal,Edital nº 57/2024,"REGISTRO DE PREÇOS PARA AQUISIÇÃO DE APARELHOS DE AMPLIFICAÇÃO SONORA

",/compras/45751435000106/2024/142
45751435000106-1-000219/2024,,2024,219,45751435000106,MUNICIPIO DE PAULINIA,Prefeitura Do Município De Paulínia,Pregão - Eletrônico,Edital,Divulgada no PNCP,False,2024-05-22T14:52:41.243828,2024-05-22T14:52:41.243828,,Paulínia,SP,Municipal,Edital nº 86/2024,"CONTRATAÇÃO DE EMPRESA PARA LOCAÇÃO DE SISTEMA ANALÍTICO COM AQUISIÇÃO DE TESTES DE BIOQUÍMICA, ENDOCRINOLOGIA E MARCADORES TUMORAIS E INFLAMATÓRIOS",/compras/45751435000106/2024/219
45751435000106-1-000181/2024,,2024,181,45751435000106,MUNICIPIO DE PAULINIA,Prefeitura Do Município De Paulínia,Pregão - Eletrônico,Edital,Divulgada no PNCP,False,2024-05-07T08:36:33.603199,2024-06-05T16:07:41.916395,,Paulínia,SP,Municipal,Edital nº 71/2024,AQUISIÇÃO DE CÂMARA DE CONSERVAÇÃO PARA ARMAZENAMENTO DE MEDICAMENTOS TERMOLÁBEIS,/compras/45751435000106/2024/181
45751435000106-1-000255/2024,,2024,255,45751435000106,MUNICIPIO DE PAULINIA,Prefeitura Do Município De Paulínia,Pregão - Eletrônico,Edital,Divulgada no PNCP,False,2024-06-06T15:45:00.497434,2024-06-06T15:46:16.232451,,Paulínia,SP,Municipal,Edital nº 75/2024,REGISTRO DE PREÇOS PARA AQUISIÇÃO DE MATERIAL PARA SERVIÇOS DE ENDOSCOPIA – KIT DE GASTRONOMIA PERCUTÂNEA ENDOSCÓPICA / SONDA KANGAROO / SONDA BOTTON MIC KEY,/compras/45751435000106/2024/255
45751435000106-1-000139/2024,,2024,139,45751435000106,MUNICIPIO DE PAULINIA,MUNICIPIO DE PAULINIA,Pregão - Eletrônico,Edital,Divulgada no PNCP,False,2024-04-23T10:51:46.763027,2024-07-24T13:02:10.673472,,Paulínia,SP,Municipal,Edital nº 55/2024,"CONTRATAÇÃO DE EMPRESA COM QUALIFICAÇÃO TÉCNICA PARA A PRESTAÇÃO DE SERVIÇOS CONTINUADOS DE MANUTENÇÃO PREVENTIVA E CORRETIVA DE EQUIPAMENTOS MÉDICO-HOSPITALARES, LABORATORIAIS E DE DIAGNÓSTICO CLÍNICO, PERTENCENTES AO HOSPITAL MUNICIPAL DE PAULÍNIA, COM DISPONIBILIZAÇÃO DE EQUIPE TÉCNICA RESIDENTE ESPECIALIZADA, SISTEMA DE GERENCIAMENTO DE INFORMAÇÕES, SERVIÇOS DE AFERIÇÃO, CALIBRAÇÃO, TESTE DE SEGURANÇA ELÉTRICA, QUALIFICAÇÃO DE DESEMPENHO E EVENTUAL APLICAÇÃO DE PEÇAS/ACESSÓRIOS E DE PRESTAÇÃ",/compras/45751435000106/2024/139
45751435000106-1-000486/2024,,2024,486,45751435000106,MUNICIPIO DE PAULINIA,Prefeitura Do Município De Paulínia,Dispensa,Aviso de Contratação Direta,Divulgada no PNCP,False,2024-10-01T14:09:59.733599,2024-10-01T14:10:10.180988,,Paulínia,SP,Municipal,Aviso de Contratação Direta nº 173/2024,AQUISIÇÃO E INSTALAÇÃO DE PEÇAS PARA CÂMARA DE VACINA DO DEPARTAMENTO DE VIGILÂNCIA EM SAÚDE.,/compras/45751435000106/2024/486
45751435000106-1-000498/2024,,2024,498,45751435000106,MUNICIPIO DE PAULINIA,Prefeitura Do Município De Paulínia,Inexigibilidade,Ato que autoriza a Contratação Direta,Divulgada no PNCP,False,2024-10-09T13:46:25.226123,2024-10-09T13:46:35.149940,,Paulínia,SP,Municipal,Ato que autoriza a Contratação Direta nº 172/2024,"CONTRATAÇÃO DE EMPRESA ESPECIALIZADA PARA CONTINUIDADE DA CERTIFICAÇÃO DE QUALIDADE DA AGÊNCIA TRANSFUSIONAL DO HOSPITAL MUNICIPAL DE PAULÍNIA, ATRAVÉS DE CONTROLE DE QUALIDADE EXTERNO EM IMUNO-HEMATOLOGIA.",/compras/45751435000106/2024/498
45751435000106-1-000544/2024,,2024,544,45751435000106,MUNICIPIO DE PAULINIA,MUNICIPIO DE PAULINIA,Pregão - Eletrônico,Edital,Divulgada no PNCP,False,2024-11-08T09:44:20.688965,2024-11-08T09:44:20.688965,,Paulínia,SP,Municipal,Edital nº 217/2024,CONTRATAÇÃO DE EMPRESA/CONSÓRCIO DE EMPRESAS PARA PRESTAÇÃO DE SERVIÇOS GRÁFICOS,/compras/45751435000106/2024/544
45751435000106-1-000630/2024,,2024,630,45751435000106,MUNICIPIO DE PAULINIA,MUNICIPIO DE PAULINIA,Pregão - Eletrônico,Edital,Divulgada no PNCP,False,2025-01-16T16:20:55.322408,2025-01-16T16:20:55.322408,,Paulínia,SP,Municipal,Edital nº 256/2024,"AQUISIÇÃO DE BOLO, REFRIGERANTE E SUCO",/compras/45751435000106/2024/630
45751435000106-1-000070/2024,,2024,70,45751435000106,MUNICIPIO DE PAULINIA,Prefeitura Do Município De Paulínia,Pregão - Eletrônico,Edital,Divulgada no PNCP,False,2024-03-27T13:50:16.780653,2024-03-27T13:50:16.780653,,Paulínia,SP,Municipal,Edital nº 23/2024,AQUISIÇÃO DE EQUIPAMENTOS PARA IMPLANTAÇÃO DE CURSOS DE PANIFICAÇÃO E CONFEITARIA,/compras/45751435000106/2024/70
45751435000106-1-000090/2024,,2024,90,45751435000106,MUNICIPIO DE PAULINIA,Prefeitura Do Município De Paulínia,Inexigibilidade,Ato que autoriza a Contratação Direta,Divulgada no PNCP,False,2024-04-03T13:04:35.964456,2024-04-03T13:04:35.964456,,Paulínia,SP,Municipal,Ato que autoriza a Contratação Direta nº 46/2024,"PARTICIPAÇÃO DE 02 (DUAS) SERVIDORAS NO CURSO DE CAPACITAÇÃO ""O REGIME JURÍDICO DO SERVIDOR PÚBLICO""",/compras/45751435000106/2024/90
45751435000106-1-000189/2024,,2024,189,45751435000106,MUNICIPIO DE PAULINIA,Prefeitura Do Município De Paulínia,Dispensa,Ato que autoriza a Contratação Direta,Divulgada no PNCP,False,2024-05-08T09:39:44.501569,2024-05-08T09:39:56.959389,,Paulínia,SP,Municipal,Ato que autoriza a Contratação Direta nº 66/2024,"AQUISIÇÃO DE INSULINA E INSUMOS PARA DETECÇÃO DE DIABETES NECESSÁRIOS PARA CUMPRIMENTO DE AÇÃO JUDICIAL PROCESSO Nº 0000702-83.2024.8.26.0428 EXEQUENTE ""L.Z.A"" E EXECUTADO PREFEITURA MUNICIPAL DE PAULÍNIA.",/compras/45751435000106/2024/189
45751435000106-1-000192/2024,,2024,192,45751435000106,MUNICIPIO DE PAULINIA,Prefeitura Do Município De Paulínia,Dispensa,Ato que autoriza a Contratação Direta,Divulgada no PNCP,False,2024-05-09T13:47:39.577288,2024-05-09T13:48:18.299265,,Paulínia,SP,Municipal,Ato que autoriza a Contratação Direta nº 73/2024,"AQUISIÇÃO DE SUPLEMENTO INFANTIL PEDIASURE (EXIGÊNCIA JUDICIAL DA MARCA)  PARA CUMPRIMENTO DE AÇÃO JUDICIAL, PROCESSO Nº 3000461-44.2013.8.26.0428, IMPETRANTE: ""A.B.F.L"" E IMPETRADO PREFEITURA MUNICIPAL DE PAULÍNIA.",/compras/45751435000106/2024/192
45751435000106-1-000229/2024,,2024,229,45751435000106,MUNICIPIO DE PAULINIA,Prefeitura Do Município De Paulínia,Dispensa,Ato que autoriza a Contratação Direta,Divulgada no PNCP,False,2024-05-28T11:19:15.375659,2024-05-28T11:19:15.375659,,Paulínia,SP,Municipal,Ato que autoriza a Contratação Direta nº 83/2024,"Lote 3 – Coleta, transporte, tratamento e destinação final ambientalmente adequada dos resíduos sólidos dos serviços de saúde dos Grupos A, B, E e Zoonoses.",/compras/45751435000106/2024/229
45751435000106-1-000244/2024,,2024,244,45751435000106,MUNICIPIO DE PAULINIA,Prefeitura Do Município De Paulínia,Dispensa,Ato que autoriza a Contratação Direta,Divulgada no PNCP,False,2024-06-04T09:45:52.516945,2024-06-04T10:03:14.760754,,Paulínia,SP,Municipal,Ato que autoriza a Contratação Direta nº 92/2024,"CONTRATAÇÃO DO SERVIÇO DE APOIO ÀS MICRO E PEQUENAS EMPRESAS DO ESTADO DE SÃO PAULO  - SEBRAE-SP PARA MINISTRAR O SEMINÁRIO EMPRETEC COM A FINALIDADE DE CAPACITAR EMPREENDEDORES PAULINENSES COM FOCO EM POTENCIALIZAR RESULTADOS, FORTALECER O NETWORKING E IDENTIFICAR NOVAS OPORTUNIDADES DE NEGÓCIO",/compras/45751435000106/2024/244
45751435000106-1-000304/2024,,2024,304,45751435000106,MUNICIPIO DE PAULINIA,Prefeitura Do Município De Paulínia,Pregão - Eletrônico,Edital,Divulgada no PNCP,False,2024-06-27T10:27:54.191749,2024-06-27T10:27:54.191749,,Paulínia,SP,Municipal,Edital nº 94/2024,CONTRATAÇÃO DE EMPRESA PARA FORNECIMENTO DE ALIMENTAÇÃO NOS JOGOS REGIONAIS,/compras/45751435000106/2024/304
45751435000106-1-000309/2024,,2024,309,45751435000106,MUNICIPIO DE PAULINIA,Prefeitura Do Município De Paulínia,Inexigibilidade,Ato que autoriza a Contratação Direta,Divulgada no PNCP,False,2024-07-01T10:27:53.739925,2024-07-01T10:27:53.739925,,Paulínia,SP,Municipal,Ato que autoriza a Contratação Direta nº 71/2024,CONTRATAÇÃO DE SERVIÇO DE CAPACITAÇÃO DO SISTEMA MANCHESTER PARA O HOSPITAL MUNICIPAL DE PAULÍNIA E PARA O PRONTO ATENDIMENTO DO SÃO JOSÉ.,/compras/45751435000106/2024/309
45751435000106-1-000409/2024,,2024,409,45751435000106,MUNICIPIO DE PAULINIA,Prefeitura Do Município De Paulínia,Inexigibilidade,Ato que autoriza a Contratação Direta,Divulgada no PNCP,False,2024-08-26T10:05:04.892566,2024-08-26T10:33:30.074420,,Paulínia,SP,Municipal,Ato que autoriza a Contratação Direta nº 81/2024,"Contratação de palestrante para realização de palestra sobre o tema “RACISMO INSTITUCIONAL: O QUE É E COMO COMBATÊ-LO?”, na Semana do Servidor",/compras/45751435000106/2024/409
45751435000106-1-000426/2024,,2024,426,45751435000106,MUNICIPIO DE PAULINIA,Prefeitura Do Município De Paulínia,Dispensa,Aviso de Contratação Direta,Divulgada no PNCP,False,2024-08-30T10:30:36.763452,2024-08-30T11:01:59.910335,,Paulínia,SP,Municipal,Aviso de Contratação Direta nº 148/2024,"Aquisição de EPI,s para utilização dos servidores municipais, visando cumprir determinação legal,  bem como proporcionar segurança no desenvolvimentos de suas atribuições.",/compras/45751435000106/2024/426
45751435000106-1-000490/2024,,2024,490,45751435000106,MUNICIPIO DE PAULINIA,Prefeitura Do Município De Paulínia,Inexigibilidade,Ato que autoriza a Contratação Direta,Divulgada no PNCP,False,2024-10-03T09:06:00.769435,2024-10-03T09:06:08.319009,,Paulínia,SP,Municipal,Ato que autoriza a Contratação Direta nº 162/2024,"Contratação de empresa especializada em apresentação musical, para a realização de show de encerramento em comemoração a Semana da Cultura Negra, no dia 20 de novembro de 2024, no bolsão ao lado do Theatro Municipal de Paulínia, com duração de 1 hora e meia, sem a cobrança de ingressos, e totalmente aberta ao público.",/compras/45751435000106/2024/490
45751435000106-1-000497/2024,,2024,497,45751435000106,MUNICIPIO DE PAULINIA,Prefeitura Do Município De Paulínia,Dispensa,Aviso de Contratação Direta,Divulgada no PNCP,False,2024-10-09T12:45:41.402772,2024-10-09T12:45:41.402772,,Paulínia,SP,Municipal,Aviso de Contratação Direta nº 180/2024,Contratação de Empresa Especializada em confecção Camisetas ,/compras/45751435000106/2024/497
45751435000106-1-000527/2024,,2024,527,45751435000106,MUNICIPIO DE PAULINIA,MUNICIPIO DE PAULINIA,Pregão - Eletrônico,Edital,Divulgada no PNCP,False,2024-11-06T09:37:24.080538,2024-11-06T09:37:24.080538,,Paulínia,SP,Municipal,Edital nº 207/2024,REGISTRO DE PREÇOS PARA AQUISIÇÃO DE KITS DE MATERIAIS ESCOLARES PARA ALUNOS DA REDE MUNICIPAL DE ENSINO DE PAULÍNIA E PROEB,/compras/45751435000106/2024/527
45751435000106-1-000067/2024,,2024,67,45751435000106,MUNICIPIO DE PAULINIA,Prefeitura Do Município De Paulínia,Inexigibilidade,Ato que autoriza a Contratação Direta,Divulgada no PNCP,False,2024-03-25T16:00:38.728719,2024-03-25T16:01:20.656267,,Paulínia,SP,Municipal,Ato que autoriza a Contratação Direta nº 43/2024,INSCRIÇÃO DE SERVIDORES PARA PARTICIPAÇÃO DO 37° CONGRESSO DE SECRETÁRIOS MUNICIPAIS DE SAÚDE - COSEMS - SP.,/compras/45751435000106/2024/67
45751435000106-1-000083/2024,,2024,83,45751435000106,MUNICIPIO DE PAULINIA,Prefeitura Do Município De Paulínia,Dispensa,Ato que autoriza a Contratação Direta,Divulgada no PNCP,False,2024-04-01T15:59:17.037587,2024-04-01T15:59:25.963083,,Paulínia,SP,Municipal,Ato que autoriza a Contratação Direta nº 25/2024,"AQUISIÇÃO EMERGENCIAL DE MEDICAMENTO, VISANDO O CUMPRIMENTO IMEDIATO DA DECISÃO JUDICIAL EXARADA NOS AUTOS DO PROCESSO Nº 1000438-20.2022.8.26.0428 (REQUERENTE E.F.B.) ATÉ QUE O PRODUTO POSSA SER INCLUÍDO EM PROCESSO LICITATÓRIO.",/compras/45751435000106/2024/83
45751435000106-1-000098/2024,,2024,98,45751435000106,MUNICIPIO DE PAULINIA,Prefeitura Do Município De Paulínia,Inexigibilidade,Ato que autoriza a Contratação Direta,Divulgada no PNCP,False,2024-04-08T14:09:17.588660,2024-04-08T14:14:26.805867,,Paulínia,SP,Municipal,Ato que autoriza a Contratação Direta nº 48/2024,"LICENÇA DE USO COMPLETA - SOLUÇÃO INTEGRADA DESTINADA AO APOIO A AGENTES PÚBLICOS NO DESENVOLVIMENTO E NA INSTRUÇÃO DAS DIVERSAS ETAPAS DA CONTRATAÇÃO ADMINISTRATIVAS, ESPECIALMENTE A ETAPA PREPARATÓRIA DA LICITAÇÃO. PESQUISA DE PREÇOS EM FONTES DIVERSAS DE ÓRGÃOS GOVERNAMENTAIS.",/compras/45751435000106/2024/98
45751435000106-1-000295/2024,,2024,295,45751435000106,MUNICIPIO DE PAULINIA,Prefeitura Do Município De Paulínia,Inexigibilidade,Ato que autoriza a Contratação Direta,Divulgada no PNCP,False,2024-06-24T15:30:15.278412,2024-06-24T15:30:15.278412,,Paulínia,SP,Municipal,Ato que autoriza a Contratação Direta nº 67/2024,"Contratação de licença de Sistema informatizado de bases de preços e custos para confecção de orçamentos, composições de custos, curva ABC e cronograma de contratos, fornecido exclusivamente pela empresa 3F LTDA, nome fantasia ORÇAFASCIO",/compras/45751435000106/2024/295
45751435000106-1-000311/2024,,2024,311,45751435000106,MUNICIPIO DE PAULINIA,Prefeitura Do Município De Paulínia,Dispensa,Ato que autoriza a Contratação Direta,Divulgada no PNCP,False,2024-07-02T14:00:24.223455,2024-07-02T14:07:02.462932,,Paulínia,SP,Municipal,Ato que autoriza a Contratação Direta nº 110/2024,"""CONTRATAÇÃO DE SERVIÇOS TÉCNICOS PARA REVISÃO CADASTRAL COM AEROLEVANTAMENTO, PLANTA DE VALORES GENÉRICOS E SISTEMA WEB DO REGRAMENTO URBANÍSTICO E INCLUSÃO DO RECONECTA NO PLANO DIRETOR, INCLUSÃO DE USOS RURAIS NA LUOS, ELABORAÇÃO DA LEI DE PARCELAMENTO DO SOLO PARA O MUNICÍPIO DE PAULÍNIA/SP.""",/compras/45751435000106/2024/311
45751435000106-1-000394/2024,,2024,394,45751435000106,MUNICIPIO DE PAULINIA,Prefeitura Do Município De Paulínia,Dispensa,Ato que autoriza a Contratação Direta,Divulgada no PNCP,False,2024-08-16T11:31:30.643930,2024-08-16T11:36:50.416975,,Paulínia,SP,Municipal,Ato que autoriza a Contratação Direta nº 136/2024,"Aquisição de HIDROXOCOBALAMINA 20MG/ML, SOLUÇÃO, AMPOLA DE 2ML, para cumprimento de decisão judicial, processo eletrônico nº 0003399-92.2015.8.26.0428, requerente V. A. D. e requerido Prefeitura Municipal de Paulínia.",/compras/45751435000106/2024/394
45751435000106-1-000397/2024,,2024,397,45751435000106,MUNICIPIO DE PAULINIA,Prefeitura Do Município De Paulínia,Dispensa,Ato que autoriza a Contratação Direta,Divulgada no PNCP,False,2024-08-16T13:19:51.972485,2024-08-16T13:23:32.879211,,Paulínia,SP,Municipal,Ato que autoriza a Contratação Direta nº 138/2024,"Aquisição de MANIPULADOS PARA ATENDIMENTO AÇÃO JUDICIAL, para cumprimento de decisão judicial, processo eletrônico nº 1000693-17.2018.8.26.0428, requerente C. R. G. e requerido Prefeitura Municipal de Paulínia",/compras/45751435000106/2024/397
45751435000106-1-000413/2024,,2024,413,45751435000106,MUNICIPIO DE PAULINIA,Prefeitura Do Município De Paulínia,Inexigibilidade,Ato que autoriza a Contratação Direta,Divulgada no PNCP,False,2024-08-27T11:07:44.054367,2024-08-27T11:07:44.054367,,Paulínia,SP,Municipal,Ato que autoriza a Contratação Direta nº 82/2024,"CONTRATAÇÃO DO SISTEMA HOD ACESSO CONVENIADO (HOST ON DEMAND), EMULADOR 3270 WEB, QUE PERMITE ACESSO DAS BASES DA RECEITA FEDERAL DO BRASIL PARA CONSULTAS ONLINE DE DADOS DE PESSOAS FÍSICAS E JURÍDICAS PARA AUXILIAR NA ESTRUTURAÇÃO DA GESTÃO DA DÍVIDA ATIVA DO MUNICÍPIO.",/compras/45751435000106/2024/413
45751435000106-1-000440/2024,,2024,440,45751435000106,MUNICIPIO DE PAULINIA,Prefeitura Do Município De Paulínia,Inexigibilidade,Ato que autoriza a Contratação Direta,Divulgada no PNCP,False,2024-09-05T10:43:03.786246,2024-09-05T10:49:25.702348,,Paulínia,SP,Municipal,Ato que autoriza a Contratação Direta nº 152/2024,"CONTRATAÇÃO DE EMPRESA ESPECIALIZADA PARA PRESTAÇÃO DE SERVIÇOS DE CURSOS:  “ELABORAÇÃO DE BOLETIM INFORMATIVO PARA VIGILÂNCIA SOCIOASSISTENCIAL” E ""IMPLANTAÇÃO DA VIGILÂNCIA SOCIOASSISTENCIAL"" – ON LINE E AO VIVO",/compras/45751435000106/2024/440
45751435000106-1-000450/2024,,2024,450,45751435000106,MUNICIPIO DE PAULINIA,Prefeitura Do Município De Paulínia,Dispensa,Ato que autoriza a Contratação Direta,Divulgada no PNCP,False,2024-09-11T11:53:02.011367,2024-09-11T11:53:15.282563,,Paulínia,SP,Municipal,Ato que autoriza a Contratação Direta nº 162/2024,AQUISIÇÃO EMERGÊNCIAL DE MEDICAMENTO,/compras/45751435000106/2024/450
45751435000106-1-000454/2024,,2024,454,45751435000106,MUNICIPIO DE PAULINIA,Prefeitura Do Município De Paulínia,Inexigibilidade,Ato que autoriza a Contratação Direta,Divulgada no PNCP,False,2024-09-12T08:49:24.442755,2024-09-12T08:55:21.926368,,Paulínia,SP,Municipal,Ato que autoriza a Contratação Direta nº 164/2024,CONTRATAÇÃO DE EMPRESA ESPECIALIZADA PARA PARTICIPAÇÃO NO DO 18º ENPESS – ENCONTRO NACIONAL DE PESQUISADORES DE SERVIÇO SOCIAL,/compras/45751435000106/2024/454
45751435000106-1-000558/2024,,2024,558,45751435000106,MUNICIPIO DE PAULINIA,MUNICIPIO DE PAULINIA,Dispensa,Aviso de Contratação Direta,Divulgada no PNCP,False,2024-11-11T16:12:36.730025,2024-11-19T09:37:40.669788,,Paulínia,SP,Municipal,Aviso de Contratação Direta nº 30866/2024,CONTRATAÇÃO DE MÃO DE OBRAS ESPECIALIZADA PARA MANUTENÇÃO DE VEÍCULO FORD F250/2011 DO CORPO DE BOMBEIROS DO MUNICÍPIO DE PAULÍNIA. / MANUTENÇÃO DE VEÍCULO FORD F250/2011 DO CORPO DE BOMBEIROS DO MUNICÍPIO DE PAULÍNIA.,/compras/45751435000106/2024/558
45751435000106-1-000587/2024,,2024,587,45751435000106,MUNICIPIO DE PAULINIA,MUNICIPIO DE PAULINIA,Dispensa,Ato que autoriza a Contratação Direta,Divulgada no PNCP,False,2024-12-04T08:58:07.632006,2024-12-04T09:22:30.301839,,Paulínia,SP,Municipal,Ato que autoriza a Contratação Direta nº 35713/2024,16 - Outros materias de consumo,/compras/45751435000106/2024/587
45751435000106-1-000607/2024,,2024,607,45751435000106,MUNICIPIO DE PAULINIA,MUNICIPIO DE PAULINIA,Pregão - Eletrônico,Edital,Divulgada no PNCP,False,2024-12-11T13:47:03.819498,2024-12-11T13:47:03.819498,,Paulínia,SP,Municipal,Edital nº 245/2024,REGISTRO DE PREÇOS PARA AQUISIÇÃO DE MATERIAIS ANUAL PARA A REDE AMBULATORIAL E HMP,/compras/45751435000106/2024/607
45751435000106-1-000066/2024,,2024,66,45751435000106,MUNICIPIO DE PAULINIA,Prefeitura Do Município De Paulínia,Inexigibilidade,Ato que autoriza a Contratação Direta,Divulgada no PNCP,False,2024-03-25T15:58:36.551572,2024-03-25T15:58:36.551572,,Paulínia,SP,Municipal,Ato que autoriza a Contratação Direta nº 44/2024,"Curso sobre Controle Interno Municipal: com as recomendações dos Tribunais
",/compras/45751435000106/2024/66
45751435000106-1-000054/2024,,2024,54,45751435000106,MUNICIPIO DE PAULINIA,MUNICIPIO DE PAULINIA,Dispensa,Aviso de Contratação Direta,Divulgada no PNCP,False,2024-03-19T12:20:11.176818,2024-03-27T08:32:13.443338,,Paulínia,SP,Municipal,Aviso de Contratação Direta nº 9097/2024,"Contratação de prestação de serviços de manutenção de troca de óleo/produtos: Alinhamento dianteiro, balanceamento, montagem de pneu, serviço de troca de óleo de 02 (dois) veículos: Sendo 01 (um) veículo da marca: Fiat Strada modelo Pick-up ano de fabricação  2022 e ano modelo 2022-Placa: BUZ=1D93 “E 01 (um) veículo da marca: Fiat Strada modelo Pick-up ano de fabricação 2020 e ano modelo 2020- Placa: FOE-8F17.",/compras/45751435000106/2024/54
45751435000106-1-000171/2024,,2024,171,45751435000106,MUNICIPIO DE PAULINIA,Prefeitura Do Município De Paulínia,Dispensa,Ato que autoriza a Contratação Direta,Divulgada no PNCP,False,2024-05-02T13:06:23.857829,2024-05-02T13:06:55.464756,,Paulínia,SP,Municipal,Ato que autoriza a Contratação Direta nº 68/2024,"AQUISIÇÃO DE MEDICAMENTOS MANIPULADOS PARA OS PACIENTES ""C.R.G.,D.M.M.,V.A.D.,"" - AÇÃO JUDICIAL.",/compras/45751435000106/2024/171
45751435000106-1-000065/2024,,2024,65,45751435000106,MUNICIPIO DE PAULINIA,Prefeitura Do Município De Paulínia,Inexigibilidade,Ato que autoriza a Contratação Direta,Divulgada no PNCP,False,2024-03-25T15:39:19.340002,2024-03-25T15:39:19.340002,,Paulínia,SP,Municipal,Ato que autoriza a Contratação Direta nº 42/2024,"Fórum Brasileiro de Contratação e Gestão Pública: Novas possibilidades e impactos  na contratação pública- planejamento e controle.
",/compras/45751435000106/2024/65
45751435000106-1-000077/2024,,2024,77,45751435000106,MUNICIPIO DE PAULINIA,Prefeitura Do Município De Paulínia,Dispensa,Ato que autoriza a Contratação Direta,Divulgada no PNCP,False,2024-03-27T16:26:27.654029,2024-03-27T16:26:27.654029,,Paulínia,SP,Municipal,Ato que autoriza a Contratação Direta nº 16/2024,CONTRATAÇÃO DE VAGAS EMERGENCIAIS EM INSTITUIÇÃO DE LONGA PERMANÊNCIA PARA IDOSOS - ILPI,/compras/45751435000106/2024/77
45751435000106-1-000259/2024,,2024,259,45751435000106,MUNICIPIO DE PAULINIA,Prefeitura Do Município De Paulínia,Inexigibilidade,Ato que autoriza a Contratação Direta,Divulgada no PNCP,False,2024-06-11T09:22:47.937374,2024-06-11T09:26:42.137267,,Paulínia,SP,Municipal,Ato que autoriza a Contratação Direta nº 65/2024,"PAGAMENTO DE TAXA DE INSCRIÇÃO DAS EQUIPES SUPERLIGA VOLEI MELHOR IDADE PAULÍNIA NO SUPERLIGA MELHOR IDADE 2024 REGIONAL, NAS CATEGORIAS 45+, 58+ E 68+, FEMININO E MASCULINO, REFERENTE AO ANO DE 2024.",/compras/45751435000106/2024/259
45751435000106-1-000291/2024,,2024,291,45751435000106,MUNICIPIO DE PAULINIA,Prefeitura Do Município De Paulínia,Dispensa,Ato que autoriza a Contratação Direta,Divulgada no PNCP,False,2024-06-20T16:53:57.614742,2024-06-20T16:53:57.614742,,Paulínia,SP,Municipal,Ato que autoriza a Contratação Direta nº 104/2024,"Contratação de serviços especializados de solução de tecnologia da informação - TIC, de solução única, padronizada e multiclientes, para disponibilização do serviço de Batimento de Dados do Sistema de Informações do Registro Civil – SIRC, plataforma digital que conecta os cartórios aos ambientes de governo eletrônico do Estado Brasileiro",/compras/45751435000106/2024/291
45751435000106-1-000328/2024,,2024,328,45751435000106,MUNICIPIO DE PAULINIA,MUNICIPIO DE PAULINIA,Dispensa,Aviso de Contratação Direta,Divulgada no PNCP,False,2024-07-16T15:21:24.751332,2024-07-30T09:41:14.616275,,Paulínia,SP,Municipal,Aviso de Contratação Direta nº 22598/2024,"Aquisição de utensílios para Drone: Baterias para drone - DJI - Bateria Mavic 3 5000Mah profissional, Carregador veicular para drone - DJI - Carregador Veicular 65W, Hub de carregamento para drone - DJI - Mavic 3 Series Battery Charging HUBe, e Maleta para transporte dos acessórios - Case/Maleta para DJI Mavic 3 com sistema interno para medições em locais de difícil acesso como em áreas tecnológicas, naturais ou acidentadas, para trabalhos dos agentes de Defesa Civil.",/compras/45751435000106/2024/328
45751435000106-1-000385/2024,,2024,385,45751435000106,MUNICIPIO DE PAULINIA,Prefeitura Do Município De Paulínia,Inexigibilidade,Ato que autoriza a Contratação Direta,Divulgada no PNCP,False,2024-08-15T08:48:39.827902,2024-08-15T08:49:08.686651,,Paulínia,SP,Municipal,Ato que autoriza a Contratação Direta nº 79/2024,"DESPESAS COM PROCEDIMENTO CIRÚRGICO DE OSTEOTOMIAS E/OU PSEUDARTROSES - TRATAMENTO CIRÚRGICO BILATERAL PARA REALIZAÇÃO DO 1º TEMPO CIRURGICO E CUMPRIMENTO DA DECISÃO JUDICIAL NOS AUTOS DO PROCESSO Nº 1002553-77.2023.8.26.0428 REQUERENTE: ""M.S.M.F.C"" E REQUERIDO: PREFEITURA MUNICIPAL DE PAULÍNIA E OUTRO.",/compras/45751435000106/2024/385
45751435000106-1-000432/2024,,2024,432,45751435000106,MUNICIPIO DE PAULINIA,Prefeitura Do Município De Paulínia,Dispensa,Ato que autoriza a Contratação Direta,Divulgada no PNCP,False,2024-09-03T08:35:09.493929,2024-09-03T08:49:20.591223,,Paulínia,SP,Municipal,Ato que autoriza a Contratação Direta nº 151/2024,AQUISIÇÃO EMERGENCIAL DE EQUIPOS SIMPLES,/compras/45751435000106/2024/432
45751435000106-1-000467/2024,,2024,467,45751435000106,MUNICIPIO DE PAULINIA,Prefeitura Do Município De Paulínia,Inexigibilidade,Ato que autoriza a Contratação Direta,Divulgada no PNCP,False,2024-09-19T16:10:35.842049,2024-09-19T16:10:44.818896,,Paulínia,SP,Municipal,Ato que autoriza a Contratação Direta nº 167/2024,CONTRATAÇÃO DE EMPRESA ESPECIALIZADA PARA PARTICIPAÇÃO NO  1º SEMINÁRIO PRESENCIAL “ OS DESAFIOS POSTOS AO SUAS NO PROCESSO DE RETOMADA DO SEU FORTALECIMENTO: AS AGENDAS POSSÍVEIS E AS DISCUSSÕES NECESSÁRIAS”,/compras/45751435000106/2024/467
45751435000106-1-000611/2024,,2024,611,45751435000106,MUNICIPIO DE PAULINIA,MUNICIPIO DE PAULINIA,Pregão - Eletrônico,Edital,Divulgada no PNCP,False,2024-12-12T16:20:31.943731,2024-12-12T16:20:31.943731,,Paulínia,SP,Municipal,Edital nº 247/2024,REGISTRO DE PREÇOS PARA AQUISIÇÃO DE INSULINA,/compras/45751435000106/2024/611
45751435000106-1-000418/2024,,2024,418,45751435000106,MUNICIPIO DE PAULINIA,Prefeitura Do Município De Paulínia,Dispensa,Aviso de Contratação Direta,Divulgada no PNCP,False,2024-08-28T14:06:09.326707,2024-08-28T14:06:09.326707,,Paulínia,SP,Municipal,Aviso de Contratação Direta nº 146/2024,CONTRATAÇÃO DE PRESTADOR DE SERVIÇO PARA RENOVAÇÃO DA APÓLICE DE SEGURO DE AUTOMÓVEL.,/compras/45751435000106/2024/418
45751435000106-1-000431/2024,,2024,431,45751435000106,MUNICIPIO DE PAULINIA,Prefeitura Do Município De Paulínia,Inexigibilidade,Ato que autoriza a Contratação Direta,Divulgada no PNCP,False,2024-09-02T10:38:42.869223,2024-09-02T10:43:40.412702,,Paulínia,SP,Municipal,Ato que autoriza a Contratação Direta nº 84/2024,"CONTRATAÇÃO DA PROFESSORA, ESCRITORA E EMPRESÁRIA BARBARA CARINE  PARA MINISTRAR DUAS (02) PALESTRAS DE 01 HORA CADA EM COMEMORAÇÃO A SEMANA DA CULTURA NEGRA",/compras/45751435000106/2024/431
45751435000106-1-000598/2024,,2024,598,45751435000106,MUNICIPIO DE PAULINIA,MUNICIPIO DE PAULINIA,Pregão - Eletrônico,Edital,Divulgada no PNCP,False,2024-12-09T10:37:38.968557,2024-12-09T10:37:38.968557,,Paulínia,SP,Municipal,Edital nº 237/2024,REGISTRO DE PREÇOS PARA AQUISIÇÃO DE AGULHA PARA CANETA DE INSULINA,/compras/45751435000106/2024/598
45751435000106-1-000226/2024,,2024,226,45751435000106,MUNICIPIO DE PAULINIA,Prefeitura Do Município De Paulínia,Inexigibilidade,Ato que autoriza a Contratação Direta,Divulgada no PNCP,False,2024-05-27T11:49:23.756418,2024-05-27T11:56:00.713121,,Paulínia,SP,Municipal,Ato que autoriza a Contratação Direta nº 62/2024,"Contratação de empresa especializada em realização do espetáculo “Turma da Mônica – O Show!” para a festa em comemoração ao Dia das Crianças.
O objetivo principal é oferecer atrações culturais, recreativas, lazer e entretenimento para as crianças e toda família.
",/compras/45751435000106/2024/226
45751435000106-1-000298/2024,,2024,298,45751435000106,MUNICIPIO DE PAULINIA,Prefeitura Do Município De Paulínia,Dispensa,Aviso de Contratação Direta,Divulgada no PNCP,False,2024-06-25T12:21:35.915505,2024-06-25T12:21:35.915505,,Paulínia,SP,Municipal,Aviso de Contratação Direta nº 107/2024,"CONTRATAÇÃO DE SERVIÇOS ESPECIALIZADOS NO ACOMPANHAMENTO DAS ATIVIDADES RELACIONADAS AO
PROGRAMA ESTADUAL DO MUNICIPIO VERDE E AZUL NO MUNICÍPIO DE PAULÍNIA, PARA QUE POSSAMOS
ALCANÇAR O OBJETIVO DO MUNICÍPIO QUE É ELEVAR O MUNICÍPIO NO RANKING AMBIENTAL DOS MUNICÍPIOS
PAULISTAS COM O INDICADOR DE AVALIAÇÃO AMBIENTAL - IAA",/compras/45751435000106/2024/298
45751435000106-1-000319/2024,,2024,319,45751435000106,MUNICIPIO DE PAULINIA,Prefeitura Do Município De Paulínia,Pregão - Eletrônico,Edital,Divulgada no PNCP,False,2024-07-10T09:40:29.464588,2024-07-10T09:40:29.464588,,Paulínia,SP,Municipal,Edital nº 54/2024,"REGISTRO DE PREÇOS PARA AQUISIÇÃO DE INDICADORES DO PROCESSO DE LIMPEZA E ESTERILIZAÇÃO PARA ATENDER ÀS NECESSIDADES DO HOSPITAL MUNICIPAL, DEPARTAMENTO ODONTOLÓGICO E DEMAIS SERVIÇOS AGREGADOS",/compras/45751435000106/2024/319
45751435000106-1-000354/2024,,2024,354,45751435000106,MUNICIPIO DE PAULINIA,Prefeitura Do Município De Paulínia,Inexigibilidade,Ato que autoriza a Contratação Direta,Divulgada no PNCP,False,2024-07-31T09:22:05.099640,2024-07-31T09:22:15.397250,,Paulínia,SP,Municipal,Ato que autoriza a Contratação Direta nº 77/2024,"Contratação de empresa para treinamento, com objetivo de capacitar os Gestores e Fiscais de Contratos Administrativos de todas as Secretarias, bem como o corpo técnico da Divisão de Contratos da Secretaria de Administração. ",/compras/45751435000106/2024/354
45751435000106-1-000362/2024,,2024,362,45751435000106,MUNICIPIO DE PAULINIA,Prefeitura Do Município De Paulínia,Inexigibilidade,Ato que autoriza a Contratação Direta,Divulgada no PNCP,False,2024-08-02T09:06:48.104336,2024-08-02T09:06:59.427914,,Paulínia,SP,Municipal,Ato que autoriza a Contratação Direta nº 73/2024,Aquisição de equipamentos de tecnologia assistiva para serem utilizadas em Sala de Recursos Multifuncionais para estudantes com deficiência visual e baixa visão nas Unidades Escolares da rede municipal de educação.,/compras/45751435000106/2024/362
45751435000106-1-000455/2024,,2024,455,45751435000106,MUNICIPIO DE PAULINIA,Prefeitura Do Município De Paulínia,Inexigibilidade,Ato que autoriza a Contratação Direta,Divulgada no PNCP,False,2024-09-12T14:49:53.863237,2024-09-12T14:50:11.090553,,Paulínia,SP,Municipal,Ato que autoriza a Contratação Direta nº 166/2024,"INSCRIÇÃO DE SERVIDORES PARA PARTICIPAÇÃO NO 5° CONGRESSO BRASILEIRO DE POLÍTICA, PLANEJAMENTO E GESTÃO EM SAÚDE (PPGS - ABRASCO).",/compras/45751435000106/2024/455
45751435000106-1-000632/2024,,2024,632,45751435000106,MUNICIPIO DE PAULINIA,MUNICIPIO DE PAULINIA,Inexigibilidade,Ato que autoriza a Contratação Direta,Divulgada no PNCP,False,2025-01-28T11:19:14.532405,2025-01-28T11:19:14.532405,,Paulínia,SP,Municipal,Ato que autoriza a Contratação Direta nº 40322/2024,16 - Outros materias de consumo,/compras/45751435000106/2024/632
45751435000106-1-000547/2024,,2024,547,45751435000106,MUNICIPIO DE PAULINIA,MUNICIPIO DE PAULINIA,Pregão - Eletrônico,Edital,Divulgada no PNCP,False,2024-11-08T11:10:15.660062,2025-12-01T16:44:38.586218704,,Paulínia,SP,Municipal,Edital nº 200/2024,"CONTRATAÇÃO DE EMPRESA ESPECIALIZADA PARA A REALIZAÇÃO DA DECORAÇÃO NATALINA 2024, INCLUINDO MONTAGEM, INTERLIGAÇÃO E DERIVAÇÃO DA REDE ELÉTRICA, MANUTENÇÃO E DESMONTAGEM, COM TRANSPORTE DE IDA E VOLTA, CONSERTOS DIÁRIOS, SEGURANÇA E CONSERVAÇÃO DOS ELEMENTOS DECORATIVOS, MANUTENÇÃO E ASSISTÊNCIA TÉCNICA DURANTE TODA A REALIZAÇÃO DO EVENTO DE NATAL.",/compras/45751435000106/2024/547
45751435000106-1-000110/2024,,2024,110,45751435000106,MUNICIPIO DE PAULINIA,Prefeitura Do Município De Paulínia,Dispensa,Ato que autoriza a Contratação Direta,Divulgada no PNCP,False,2024-04-11T10:59:20.334060,2024-04-11T10:59:20.334060,,Paulínia,SP,Municipal,Ato que autoriza a Contratação Direta nº 52/2024,"AQUISIÇÃO DE MEDICAMENTOS PARA CUMPRIMENTO DE DIVERSAS AÇÕES JUDICIAIS SENDO: PROCESSO DIGITAL Nº 1005544-02.2018.8.26.0428 IMPETRANTE ""G.K.A.F"",  PROCESSO DIGITAL Nº 1000563-95.2016.8.26.0428 ""V.A.R"", PROCESSO DIGITAL  Nº 1001699-59.2018.8.26.0428 ""E.G.A"" E PROCESSO DIGITAL Nº 1004223-29.2018.8.26.0428 ""B.S.F"" IMPETRADO: PREFEITURA MUNICIPAL DE PAULÍNIA.",/compras/45751435000106/2024/110
45751435000106-1-000202/2024,,2024,202,45751435000106,MUNICIPIO DE PAULINIA,Prefeitura Do Município De Paulínia,Inexigibilidade,Ato que autoriza a Contratação Direta,Divulgada no PNCP,False,2024-05-17T09:07:59.554219,2024-05-17T09:08:48.900788,,Paulínia,SP,Municipal,Ato que autoriza a Contratação Direta nº 58/2024,"2ª CONTRATATAÇÃO DE TERAPIAIS 2024 - CI Nº 88/2024 - PARA INSTITUIÇÕES CREDENCIADAS - REFERENTE AO CHAMAMENTO PÚBLICO Nº 01/2022, EDITAL DE LICITAÇÃO Nº 65/2022. CREDENCIAMENTO DE INSTITUIÇÃO PARA PRESTAÇÃO DE SERVIÇOS RELACIONADOS À EXECUÇÃO DO PROGRAMA MULTIDICIPLINAR DE ATENDIMENTO ÀS PESSOAS COM DEFICIÊNCIA DO MUNICÍPIO DE PAULÍNIA.",/compras/45751435000106/2024/202
45751435000106-1-000203/2024,,2024,203,45751435000106,MUNICIPIO DE PAULINIA,Prefeitura Do Município De Paulínia,Inexigibilidade,Ato que autoriza a Contratação Direta,Divulgada no PNCP,False,2024-05-17T09:28:42.250472,2024-05-17T09:29:06.927874,,Paulínia,SP,Municipal,Ato que autoriza a Contratação Direta nº 60/2024,"2ª CONTRATATAÇÃO DE TERAPIAIS 2024 - CI Nº 89/2024 - PARA INSTITUIÇÕES CREDENCIADAS - REFERENTE AO CHAMAMENTO PÚBLICO Nº 01/2022, EDITAL DE LICITAÇÃO Nº 65/2022. CREDENCIAMENTO DE INSTITUIÇÃO PARA PRESTAÇÃO DE
SERVIÇOS RELACIONADOS À EXECUÇÃO DO PROGRAMA MULTIDICIPLINAR DE ATENDIMENTO ÀS PESSOAS COM DEFICIÊNCIA DO MUNICÍPIO DE PAULÍNIA.",/compras/45751435000106/2024/203
45751435000106-1-000313/2024,,2024,313,45751435000106,MUNICIPIO DE PAULINIA,Prefeitura Do Município De Paulínia,Inexigibilidade,Ato que autoriza a Contratação Direta,Divulgada no PNCP,False,2024-07-02T16:18:55.802842,2024-07-02T16:29:59.344133,,Paulínia,SP,Municipal,Ato que autoriza a Contratação Direta nº 72/2024,"CONTRATAÇÃO DE EMPRESA ESPECIALIZADA PARA DESENVOLVER O PROJETO “SOU HOMEM, SINTO E FALO”: GRUPO REFLEXIVO PARA HOMENS AUTORES DE VIOLENCIA DOMESTICA CONTRA MULHERES.",/compras/45751435000106/2024/313
45751435000106-1-000494/2024,,2024,494,45751435000106,MUNICIPIO DE PAULINIA,Prefeitura Do Município De Paulínia,Inexigibilidade,Ato que autoriza a Contratação Direta,Divulgada no PNCP,False,2024-10-07T10:19:28.364548,2024-10-07T10:24:31.857025,,Paulínia,SP,Municipal,Ato que autoriza a Contratação Direta nº 171/2024,"O presente Termo de Referência tem por objeto a AQUISIÇÃO de Serviço de Formação sobre o processo de entrevista da Escuta Especializada de Crianças e Adolescentes vítimas e/ou testemunhas de violência, em atendimento à Secretaria de Municipal de Assistência Social e Proteção a Pessoa conforme condições, quantidades e exigências estabelecidas neste instrumento.",/compras/45751435000106/2024/494
45751435000106-1-000559/2024,,2024,559,45751435000106,MUNICIPIO DE PAULINIA,MUNICIPIO DE PAULINIA,Pregão - Eletrônico,Edital,Divulgada no PNCP,False,2024-11-11T16:20:27.118485,2024-12-04T14:51:18.604230,,Paulínia,SP,Municipal,Edital nº 222/2024,"CONTRATAÇÃO DE EMPRESA OU CONSÓRCIO DE EMPRESAS ESPECIALIZADAS PARA FORNECIMENTO E IMPLANTAÇÃO DE SISTEMAS E SOFTWARES DE INTEGRAÇÃO DOS ELEMENTOS DE MOBILIDADE, BEM COMO DE MATERIAIS E EQUIPAMENTOS DESTINADOS A SINALIZAÇÃO HORIZONTAL, SINALIZAÇÃO SEMAFÓRICA, SINALIZAÇÃO VERTICAL, SERVIÇOS DE COMUNICAÇÃO, ELEMENTOS DE SEGURANÇA VIÁRIA, E SERVIÇOS DE OPERAÇÃO DE TRÂNSITO PARA O MUNICÍPIO DE PAULÍNIA– SP",/compras/45751435000106/2024/559
45751435000106-1-000603/2024,,2024,603,45751435000106,MUNICIPIO DE PAULINIA,MUNICIPIO DE PAULINIA,Pregão - Eletrônico,Edital,Divulgada no PNCP,False,2024-12-10T11:53:45.950159,2025-01-24T15:34:28.753763,,Paulínia,SP,Municipal,Edital nº 242/2024,REGISTRO DE PREÇOS PARA AQUISIÇÃO DE ESPESSANTE ALIMENTAR E SUPLEMENTO ALIMENTAR,/compras/45751435000106/2024/603
45751435000106-1-000348/2024,,2024,348,45751435000106,MUNICIPIO DE PAULINIA,Prefeitura Do Município De Paulínia,Inexigibilidade,Ato que autoriza a Contratação Direta,Divulgada no PNCP,False,2024-07-25T12:34:12.437329,2024-07-25T12:34:52.566156,,Paulínia,SP,Municipal,Ato que autoriza a Contratação Direta nº 76/2024,Contratação de empresa especializada para prestação de serviços de Oficina : “O SUAS Dialogando com o Sistema Justiça : Construindo Devolutivas”.  PRESENCIAL,/compras/45751435000106/2024/348
45751435000106-1-000613/2024,,2024,613,45751435000106,MUNICIPIO DE PAULINIA,MUNICIPIO DE PAULINIA,Dispensa,Aviso de Contratação Direta,Divulgada no PNCP,False,2024-12-13T09:35:04.256277,2024-12-13T09:35:04.256277,,Paulínia,SP,Municipal,Aviso de Contratação Direta nº 39702/2024,"AQUISIÇÃO DE PEÇAS PARA MANUTENÇÃO EM CÂMARA FRIA DA FARMÁCIA DE ALTO CUSTO DA SECRETARIA MUNICIPAL DE SAÚDE, INCLUINDO INSTALAÇÃO E TESTES",/compras/45751435000106/2024/613
45751435000106-1-000156/2024,,2024,156,45751435000106,MUNICIPIO DE PAULINIA,Prefeitura Do Município De Paulínia,Inexigibilidade,Ato que autoriza a Contratação Direta,Divulgada no PNCP,False,2024-04-26T11:29:39.018032,2024-04-26T11:29:39.018032,,Paulínia,SP,Municipal,Ato que autoriza a Contratação Direta nº 55/2024,AQUISIÇÃO DE INSUMOS PARA AÇÃO JUDICIAL.,/compras/45751435000106/2024/156
45751435000106-1-000197/2024,,2024,197,45751435000106,MUNICIPIO DE PAULINIA,Prefeitura Do Município De Paulínia,Inexigibilidade,Ato que autoriza a Contratação Direta,Divulgada no PNCP,False,2024-05-16T08:40:38.222462,2024-05-16T08:40:38.222462,,Paulínia,SP,Municipal,Ato que autoriza a Contratação Direta nº 59/2024,"Participação no “XII SIMPÓSIO DE DIREITO TRIBUTÁRIO MUNICIPAL”, que acontece anualmente em Campinas, e será realizado nos dias 23/05/24 e 24/05/2024, conforme programação que segue anexa, descrita no Termo de Referência. Inscrição para 07 funcionários, incluindo o Secretario de Negócios da Receita e o Chefe de Gabinete.",/compras/45751435000106/2024/197
45751435000106-1-000230/2024,,2024,230,45751435000106,MUNICIPIO DE PAULINIA,Prefeitura Do Município De Paulínia,Dispensa,Ato que autoriza a Contratação Direta,Divulgada no PNCP,False,2024-05-28T12:03:51.337534,2024-07-03T14:24:48.963067,,Paulínia,SP,Municipal,Ato que autoriza a Contratação Direta nº 84/2024,"Lote 01: Coleta, transporte e disposição final ambientalmente adequada de resíduos domiciliares; coleta, transporte e disposição final ambientalmente adequada de materiais recicláveis; coleta, transporte e disposição final ambientalmente adequada de resíduos volumosos; coleta, transporte e disposição final ambientalmente adequada de resíduos da construção civil; coleta, transporte e disposição final ambientalmente adequada de resíduos dos serviços complementares de limpeza urbana; implantação, operação, manutenção e higienização de contêineres de 1.000 litros e de 3.000 litros, varrição manual e mecanizada de vias e logradouros públicos; varrição pontual e varrição de praças, parques e calçadões. 
",/compras/45751435000106/2024/230
45751435000106-1-000386/2024,,2024,386,45751435000106,MUNICIPIO DE PAULINIA,Prefeitura Do Município De Paulínia,Dispensa,Ato que autoriza a Contratação Direta,Divulgada no PNCP,False,2024-08-15T10:18:42.536408,2024-08-15T10:22:35.881895,,Paulínia,SP,Municipal,Ato que autoriza a Contratação Direta nº 134/2024,"Aquisição de DIETA ENTERAL NUTRICIONALMENTE COMPLETA, POLIMÉRICA, ISENTA DE LACTOSE, SACAROSE E GLÚTEN. DENSIDADE CALÓRICA DE 1,5 KCAL/ML. APRESENTAÇÃO LÍQUIDA PARA SISTEMA ABERTO. EMBALAGEM DE 1 LITRO. MARCA ESPECÍFICA: ISOSOURCE 1.5, para cumprimento de decisão judicial, processo eletrônico nº 1001637-53.2017.8.26.0428, requerente V. F. V. e requerido Prefeitura Municipal de Paulínia",/compras/45751435000106/2024/386
45751435000106-1-000392/2024,,2024,392,45751435000106,MUNICIPIO DE PAULINIA,Prefeitura Do Município De Paulínia,Dispensa,Ato que autoriza a Contratação Direta,Divulgada no PNCP,False,2024-08-15T14:08:42.664298,2024-08-15T14:11:36.889651,,Paulínia,SP,Municipal,Ato que autoriza a Contratação Direta nº 133/2024,AQUISIÇÃO EMERGENCIAL DE MEDICAMENTOS,/compras/45751435000106/2024/392
45751435000106-1-000238/2024,,2024,238,45751435000106,MUNICIPIO DE PAULINIA,Prefeitura Do Município De Paulínia,Inexigibilidade,Ato que autoriza a Contratação Direta,Divulgada no PNCP,False,2024-06-03T10:31:12.775717,2024-06-03T10:31:12.775717,,Paulínia,SP,Municipal,Ato que autoriza a Contratação Direta nº 63/2024,LOCAÇÃO DE IMÓVEL DESTINADO A ESTACIONAMENTO PARA VISITANTES E USUÁRIOS DE CAPACITAÇÃO/TREINAMENTO DAS FAMÍLIAS EM SITUAÇÃO DE VULNERABILIDADE SOCIAL. ,/compras/45751435000106/2024/238
45751435000106-1-000345/2024,,2024,345,45751435000106,MUNICIPIO DE PAULINIA,Prefeitura Do Município De Paulínia,Inexigibilidade,Ato que autoriza a Contratação Direta,Divulgada no PNCP,False,2024-07-23T11:51:48.350546,2024-07-23T11:57:37.127673,,Paulínia,SP,Municipal,Ato que autoriza a Contratação Direta nº 75/2024,"CONTRATAÇÃO PEÇA TEATRAL ""RELATOS DE UM HOMEM SÓ""",/compras/45751435000106/2024/345
45751435000106-1-000437/2024,,2024,437,45751435000106,MUNICIPIO DE PAULINIA,Prefeitura Do Município De Paulínia,Dispensa,Ato que autoriza a Contratação Direta,Divulgada no PNCP,False,2024-09-04T14:50:02.553337,2024-09-04T14:50:29.168671,,Paulínia,SP,Municipal,Ato que autoriza a Contratação Direta nº 153/2024,AQUISIÇÃO DE MEDICAMENTOS PARA CUMPRIMENTO DE DECISÕES JUDICIAIS,/compras/45751435000106/2024/437
45751435000106-1-000581/2024,,2024,581,45751435000106,MUNICIPIO DE PAULINIA,MUNICIPIO DE PAULINIA,Dispensa,Ato que autoriza a Contratação Direta,Divulgada no PNCP,False,2024-11-29T10:57:01.708190,2024-11-29T10:57:01.708190,,Paulínia,SP,Municipal,Ato que autoriza a Contratação Direta nº 35375/2024,AQUISIÇÃO DE MATERIAIS MÉDICO HOSPITALARES NECESSÁRIOS PARA CUMPRIMENTO DE AÇÃO JUDICIAL PROCESSO DIGITAL Nº 1005006-79.2022.8.26.0428,/compras/45751435000106/2024/581
45751435000106-1-000588/2024,,2024,588,45751435000106,MUNICIPIO DE PAULINIA,MUNICIPIO DE PAULINIA,Dispensa,Aviso de Contratação Direta,Divulgada no PNCP,False,2024-12-05T15:14:27.853077,2024-12-05T15:14:27.853077,,Paulínia,SP,Municipal,Aviso de Contratação Direta nº 38283/2024,"AQUISIÇÃO DE PEÇAS/ CONTRATAÇÃO DE SERVIÇOS PARA MANUTENÇÃO DAS CÂMARAS DE VACINA DAS UBSs SÃO JOSÉ, BETEL E MONTE ALEGRE III",/compras/45751435000106/2024/588
45751435000106-1-000223/2024,,2024,223,45751435000106,MUNICIPIO DE PAULINIA,Prefeitura Do Município De Paulínia,Dispensa,Aviso de Contratação Direta,Divulgada no PNCP,False,2024-05-24T09:29:55.283217,2024-05-24T09:29:55.283217,,Paulínia,SP,Municipal,Aviso de Contratação Direta nº 80/2024,Aquisição de Equipamentos e material permanente utilizando verba de Emenda Impositiva nº 58/2023 conforme protocolo 2024/5829.,/compras/45751435000106/2024/223
45751435000106-1-000264/2024,,2024,264,45751435000106,MUNICIPIO DE PAULINIA,Prefeitura Do Município De Paulínia,Inexigibilidade,Ato que autoriza a Contratação Direta,Divulgada no PNCP,False,2024-06-13T09:01:42.942402,2024-06-13T09:06:46.117886,,Paulínia,SP,Municipal,Ato que autoriza a Contratação Direta nº 66/2024,"Contratação de empresa especializada para prestação de serviços de capacitação/formação de Conselheiros Tutelares, eleitos para mandato 2024/2028. A contratação se faz necessária para que, de forma PRESENCIAL, SEJA REALIZADO FORMAÇÃO AVANÇADA PARA TODOS OS MEMBROS (TITULARES E SUPLENTES) DO CONSELHO TUTELAR",/compras/45751435000106/2024/264
45751435000106-1-000477/2024,,2024,477,45751435000106,MUNICIPIO DE PAULINIA,Prefeitura Do Município De Paulínia,Dispensa,Ato que autoriza a Contratação Direta,Divulgada no PNCP,False,2024-09-25T09:34:02.674941,2024-09-25T09:34:14.206513,,Paulínia,SP,Municipal,Ato que autoriza a Contratação Direta nº 170/2024,AQUISIÇÃO DE CONTRASTE RADIOLÓGICO PARA TOMOGRAFIA,/compras/45751435000106/2024/477
45751435000106-1-000556/2024,,2024,556,45751435000106,MUNICIPIO DE PAULINIA,MUNICIPIO DE PAULINIA,Pregão - Eletrônico,Edital,Divulgada no PNCP,False,2024-11-11T14:59:07.446221,2024-11-11T14:59:07.446221,,Paulínia,SP,Municipal,Edital nº 223/2024,REGISTRO DE PREÇOS PARA AQUISIÇÃO DE MEDICAMENTOS DIVERSOS,/compras/45751435000106/2024/556
45751435000106-1-000306/2024,,2024,306,45751435000106,MUNICIPIO DE PAULINIA,Prefeitura Do Município De Paulínia,Inexigibilidade,Ato que autoriza a Contratação Direta,Divulgada no PNCP,False,2024-06-28T09:52:30.446567,2024-06-28T09:52:30.446567,,Paulínia,SP,Municipal,Ato que autoriza a Contratação Direta nº 70/2024,"Aquisição de rastreador ocular e demais equipamentos de tecnologia assistiva de alta complexidade  para serem utilizadas em Sala de Recursos Multifuncionais para estudantes com deficiência visual, físicas e múltiplas nas Unidades Escolares da rede municipal de educação.",/compras/45751435000106/2024/306
45751435000106-1-000417/2024,,2024,417,45751435000106,MUNICIPIO DE PAULINIA,Prefeitura Do Município De Paulínia,Dispensa,Ato que autoriza a Contratação Direta,Divulgada no PNCP,False,2024-08-28T10:33:52.631165,2024-08-28T10:39:28.992240,,Paulínia,SP,Municipal,Ato que autoriza a Contratação Direta nº 145/2024,CONTRATAÇÃO EMERGENCIAL DE SUBSTITUIÇÃO DE DISJUNTOR DE MÉDIA TENSÃO DO BLOCO 02 DO HMP,/compras/45751435000106/2024/417
45751435000106-1-000530/2024,,2024,530,45751435000106,MUNICIPIO DE PAULINIA,MUNICIPIO DE PAULINIA,Pregão - Eletrônico,Edital,Divulgada no PNCP,False,2024-11-06T11:55:27.445117,2024-11-06T11:55:27.445117,,Paulínia,SP,Municipal,Edital nº 211/2024,"REGISTRO DE PREÇOS PARA AQUISIÇÃO DE ESPAÇADORES PARA A ADMINISTRAÇÃO DE MEDICAMENTOS POR VIA INALATÓRIA, PRESERVATIVO MASCULINO E PROTETOR LABIAL",/compras/45751435000106/2024/530
45751435000106-1-000095/2024,,2024,95,45751435000106,MUNICIPIO DE PAULINIA,Prefeitura Do Município De Paulínia,Pregão - Eletrônico,Edital,Divulgada no PNCP,False,2024-04-04T16:26:29.633563,2024-05-08T13:14:55.294141,,Paulínia,SP,Municipal,Edital nº 27/2024,REGISTRO DE PREÇOS PARA AQUISIÇÃO DE MEDICAMENTOS MANIPULADOS,/compras/45751435000106/2024/95
45751435000106-1-000586/2024,,2024,586,45751435000106,MUNICIPIO DE PAULINIA,MUNICIPIO DE PAULINIA,Pregão - Eletrônico,Edital,Divulgada no PNCP,False,2024-12-03T13:24:35.861954,2024-12-03T13:24:35.861954,,Paulínia,SP,Municipal,Edital nº 232/2024,"REGISTRO DE PREÇOS PARA AQUISIÇÃO DE UNIFORME DE GALA, CAPA DE CHUVA, JAQUETAS, PATCHES EMBORRACHADOS, CALÇADOS E ACESSÓRIOS DE UNIFORME PARA A GUARDA CIVIL MUNICIPAL E A GUARDA PATRIMONIAL DE PAULÍNIA",/compras/45751435000106/2024/586
45751435000106-1-000605/2024,,2024,605,45751435000106,MUNICIPIO DE PAULINIA,MUNICIPIO DE PAULINIA,Pregão - Eletrônico,Edital,Divulgada no PNCP,False,2024-12-10T16:46:33.482111,2024-12-10T16:46:33.482111,,Paulínia,SP,Municipal,Edital nº 244/2024,"CONTRATAÇÃO DE EMPRESA OU CONSÓRCIO DE EMPRESAS PARA LOCAÇÃO DE EQUIPAMENTOS ESTRUTURANTES DE TECNOLOGIA, ALÉM DA DISPONIBILIZAÇÃO DOS EQUIPAMENTOS, A INSTALAÇÃO, A CONFIGURAÇÃO, SUPORTE E TREINAMENTO AOS USUÁRIOS E A MANUTENÇÃO PREVENTIVA E CORRETIVA DOS EQUIPAMENTOS",/compras/45751435000106/2024/605
45751435000106-1-000621/2024,,2024,621,45751435000106,MUNICIPIO DE PAULINIA,MUNICIPIO DE PAULINIA,Pregão - Eletrônico,Edital,Divulgada no PNCP,False,2024-12-18T13:24:18.762304,2024-12-18T13:24:18.762304,,Paulínia,SP,Municipal,Edital nº 252/2024,REGISTRO DE PREÇOS PARA CONTRATAÇÃO DE EMPRESA ESPECIALIZADA OU CONSÓRCIO DE EMPRESAS PARA FORNECIMENTO DE MEDICAMENTOS MANIPULADOS PARA TERAPIAS ANTINEOPLÁSICAS,/compras/45751435000106/2024/621
45751435000106-1-000562/2024,,2024,562,45751435000106,MUNICIPIO DE PAULINIA,MUNICIPIO DE PAULINIA,Pregão - Eletrônico,Edital,Divulgada no PNCP,False,2024-11-12T16:49:30.714937,2024-11-12T16:49:30.714937,,Paulínia,SP,Municipal,Edital nº 225/2024,REGISTRO DE PREÇOS PARA AQUISIÇÃO DE GRAMPEADORES CIRÚRGICOS,/compras/45751435000106/2024/562
45751435000106-1-000584/2024,,2024,584,45751435000106,MUNICIPIO DE PAULINIA,MUNICIPIO DE PAULINIA,Dispensa,Aviso de Contratação Direta,Divulgada no PNCP,False,2024-12-02T16:15:49.787307,2024-12-12T11:42:50.354737,,Paulínia,SP,Municipal,Aviso de Contratação Direta nº 37411/2024,"Aquisição de Calçado Tipo Tênis, visando atender aos Servidores: Agentes Comunitário de Saúde e Agente de Controle de Vetores, conforme determina á Portaria 3214/78, NR 6 e demais legislações pertinentes.",/compras/45751435000106/2024/584
45751435000106-1-000274/2024,,2024,274,45751435000106,MUNICIPIO DE PAULINIA,Prefeitura Do Município De Paulínia,Pregão - Eletrônico,Edital,Divulgada no PNCP,False,2024-06-17T11:58:43.331888,2024-06-17T12:02:32.844622,,Paulínia,SP,Municipal,Edital nº 80/2024,CONTRATAÇÃO DE EMPRESA OU PROFISSIONAL PARA PRESTAÇÃO DE SERVIÇO TÉCNICO ESPECIALIZADO DE ORIENTAÇÃO E MOBILIDADE PARA DEFICIENTES VISUAIS DA REDE PÚBLICA DE ENSINO DO MUNICÍPIO,/compras/45751435000106/2024/274
45751435000106-1-000614/2024,,2024,614,45751435000106,MUNICIPIO DE PAULINIA,MUNICIPIO DE PAULINIA,Pregão - Eletrônico,Edital,Divulgada no PNCP,False,2024-12-16T09:33:36.419459,2024-12-16T09:33:36.419459,,Paulínia,SP,Municipal,Edital nº 0000216\2024/2024,REGISTRO DE PREÇOS PARA AQUISIÇÃO DE HORTIFRUTIGRANJEIROS,/compras/45751435000106/2024/614
45751435000106-1-000617/2024,,2024,617,45751435000106,MUNICIPIO DE PAULINIA,MUNICIPIO DE PAULINIA,Pregão - Eletrônico,Edital,Divulgada no PNCP,False,2024-12-17T15:54:45.356476,2024-12-17T15:54:45.356476,,Paulínia,SP,Municipal,Edital nº 251/2024,REGISTRO DE PREÇOS PARA AQUISIÇÃO DE ÓRTESES PLANTARES (PALMILHAS E SAPATOS ORTOPÉDICOS) NÃO RELACIONADOS AO ATO CIRÚRGICO,/compras/45751435000106/2024/617
45751435000106-1-000564/2024,,2024,564,45751435000106,MUNICIPIO DE PAULINIA,MUNICIPIO DE PAULINIA,Pregão - Eletrônico,Edital,Divulgada no PNCP,False,2024-11-13T12:00:22.278747,2024-11-13T12:00:22.278747,,Paulínia,SP,Municipal,Edital nº 226/2024,REGISTRO DE PREÇOS PARA AQUISIÇÃO DE MATERIAIS MÉDICO HOSPITALARES - EPIS,/compras/45751435000106/2024/564
45751435000106-1-000574/2024,,2024,574,45751435000106,MUNICIPIO DE PAULINIA,MUNICIPIO DE PAULINIA,Dispensa,Aviso de Contratação Direta,Divulgada no PNCP,False,2024-11-27T08:53:13.174602,2024-11-27T08:53:13.174602,,Paulínia,SP,Municipal,Aviso de Contratação Direta nº 37488/2024,AQUISIÇÃO DE CARIMBOS E ACESSÓRIOS,/compras/45751435000106/2024/574
45751435000106-1-000600/2024,,2024,600,45751435000106,MUNICIPIO DE PAULINIA,MUNICIPIO DE PAULINIA,Pregão - Eletrônico,Edital,Divulgada no PNCP,False,2024-12-09T10:49:43.424880,2024-12-09T10:49:43.424880,,Paulínia,SP,Municipal,Edital nº 240/2024,REGISTRO DE PREÇOS PARA AQUISIÇÃO DE CAFÉ E AÇÚCAR,/compras/45751435000106/2024/600
45751435000106-1-000589/2024,,2024,589,45751435000106,MUNICIPIO DE PAULINIA,MUNICIPIO DE PAULINIA,Pregão - Eletrônico,Edital,Divulgada no PNCP,False,2024-12-05T15:53:04.013787,2024-12-05T15:53:04.013787,,Paulínia,SP,Municipal,Edital nº 234/2024,"AQUISIÇÃO DE PRÓTESES DENTÁRIAS TOTAIS E PRÓTESES DENTÁRIAS PARCIAIS REMOVÍVEIS, INCLUINDO MATERIAL E SERVIÇO PROTÉTICO LABORATORIAL DAS ETAPAS INTERMEDIÁRIAS",/compras/45751435000106/2024/589
45751435000106-1-000604/2024,,2024,604,45751435000106,MUNICIPIO DE PAULINIA,MUNICIPIO DE PAULINIA,Pregão - Eletrônico,Edital,Divulgada no PNCP,False,2024-12-10T16:28:38.027985,2024-12-10T16:28:38.027985,,Paulínia,SP,Municipal,Edital nº 243/2024,REGISTRO DE PREÇOS PARA AQUISIÇÃO DE ÓRTESES NÃO RELACIONADAS AO ATO CIRÚRGICO,/compras/45751435000106/2024/604
45751435000106-1-000641/2024,,2024,641,45751435000106,MUNICIPIO DE PAULINIA,MUNICIPIO DE PAULINIA,Pregão - Eletrônico,Edital,Divulgada no PNCP,False,2025-03-31T15:59:15.821689,2025-03-31T15:59:15.821689,,Paulínia,SP,Municipal,Edital nº 0000030\2025/2024,REGISTRO DE PREÇOS PARA FORNECIMENTO DE MATERIAIS BÁSICOS DA CONSTRUÇÃO CIVIL,/compras/45751435000106/2024/641
45751435000106-1-000599/2024,,2024,599,45751435000106,MUNICIPIO DE PAULINIA,MUNICIPIO DE PAULINIA,Dispensa,Aviso de Contratação Direta,Divulgada no PNCP,False,2024-12-09T10:47:26.474282,2024-12-09T10:47:26.474282,,Paulínia,SP,Municipal,Aviso de Contratação Direta nº 38850/2024,AQUISIÇÃO DE INSTRUMENTOS MUSICAIS E ACESSÓRIOS PARA OFICINAS TERAPÊUTICAS DE MÚSICA E DANÇA DA REDE DE ATENÇÃO PSICOSSOCIAL.,/compras/45751435000106/2024/599
45751435000106-1-000555/2024,,2024,555,45751435000106,MUNICIPIO DE PAULINIA,MUNICIPIO DE PAULINIA,Pregão - Eletrônico,Edital,Divulgada no PNCP,False,2024-11-11T09:45:50.239499,2024-11-11T09:45:50.239499,,Paulínia,SP,Municipal,Edital nº 221/2024,REGISTRO DE PREÇOS PARA AQUISIÇÃO DE TINTAS,/compras/45751435000106/2024/555
45751435000106-1-000595/2024,,2024,595,45751435000106,MUNICIPIO DE PAULINIA,MUNICIPIO DE PAULINIA,Pregão - Eletrônico,Edital,Divulgada no PNCP,False,2024-12-09T09:51:53.431192,2024-12-09T09:51:53.431192,,Paulínia,SP,Municipal,Edital nº 239/2024,"REGISTRO DE PREÇOS PARA AQUISIÇÃO DE MEDICAMENTOS ANTIPARKINSONIANOS, MEDICAMENTOS QUE AUXILIAM NO ABANDONO DO TABAGISMO, MEDICAMENTOS CARDIOVASCULARES E MEDICAMENTOS QUE AGEM NO APARELHO RESPIRATÓRIO",/compras/45751435000106/2024/595
45751435000106-1-000535/2024,,2024,535,45751435000106,MUNICIPIO DE PAULINIA,MUNICIPIO DE PAULINIA,Pregão - Eletrônico,Edital,Divulgada no PNCP,False,2024-11-07T09:13:31.765853,2025-02-14T10:09:39.335284,,Paulínia,SP,Municipal,Edital nº 212/2024,REGISTRO DE PREÇOS PARA AQUISIÇÃO DE MATERIAIS PARA O SERVIÇO DE APH - ATENDIMENTO PRÉ-HOSPITALAR,/compras/45751435000106/2024/535
45751435000106-1-000645/2024,,2024,645,45751435000106,MUNICIPIO DE PAULINIA,MUNICIPIO DE PAULINIA,Pregão - Eletrônico,Edital,Divulgada no PNCP,False,2025-11-05T09:45:32.665587564,2025-11-05T09:45:32.665587564,,Paulínia,SP,Municipal,Edital nº 196/2024,"REGISTRO DE PREÇOS PARA AQUISIÇÃO DE MEDICAMENTOS QUE ATUAM NO METABOLISMO E NUTRIÇÃO, SAIS MINERAIS, HORMÔNIOS, PREPARAÇÕES PARA A PELE E VITAMINAS",/compras/45751435000106/2024/645
45751435000106-1-000536/2024,,2024,536,45751435000106,MUNICIPIO DE PAULINIA,MUNICIPIO DE PAULINIA,Pregão - Eletrônico,Edital,Divulgada no PNCP,False,2024-11-07T10:46:15.779503,2024-11-07T10:46:15.779503,,Paulínia,SP,Municipal,Edital nº 213/2024,"REGISTRO DE PREÇOS PARA AQUISIÇÃO DE ANDADORES, MULETAS, BENGALAS, CADEIRAS DE RODAS E CADEIRAS DE BANHO",/compras/45751435000106/2024/536
45751435000106-1-000546/2024,,2024,546,45751435000106,MUNICIPIO DE PAULINIA,MUNICIPIO DE PAULINIA,Pregão - Eletrônico,Edital,Divulgada no PNCP,False,2024-11-08T10:37:05.716626,2024-11-08T10:37:05.716626,,Paulínia,SP,Municipal,Edital nº 219/2024,REGISTRO DE PREÇOS PARA AQUISIÇÃO DE MATERIAIS/EQUIPAMENTOS MÉDICOS UROLÓGICOS EM CONSIGNAÇÃO/COMODATO,/compras/45751435000106/2024/546
45751435000106-1-000466/2024,,2024,466,45751435000106,MUNICIPIO DE PAULINIA,MUNICIPIO DE PAULINIA,Pregão - Eletrônico,Edital,Divulgada no PNCP,False,2024-09-19T11:58:11.300280,2025-05-30T10:31:21.116380,,Paulínia,SP,Municipal,Edital nº 174/2024,REGISTRO DE PREÇOS PARA AQUISIÇÃO DE EQUIPAMENTOS E MOBILIÁRIOS PARA UNIDADES ESCOLARES,/compras/45751435000106/2024/466
45751435000106-1-000525/2024,,2024,525,45751435000106,MUNICIPIO DE PAULINIA,MUNICIPIO DE PAULINIA,Pregão - Eletrônico,Edital,Divulgada no PNCP,False,2024-11-05T12:10:06.107957,2024-12-05T16:13:16.121804,,Paulínia,SP,Municipal,Edital nº 206/2024,AQUISIÇÃO DE MATERIAIS E EQUIPAMENTOS EDUCATIVOS PARA A IMPLANTAÇÃO DE SALA DE ESTIMULAÇÃO SENSORIAL JUNTO AOS ALUNOS COM DEFICIÊNCIA E TRANSTORNO DO ESPECTRO AUTISTA,/compras/45751435000106/2024/525
45751435000106-1-000623/2024,,2024,623,45751435000106,MUNICIPIO DE PAULINIA,MUNICIPIO DE PAULINIA,Pregão - Eletrônico,Edital,Divulgada no PNCP,False,2024-12-19T13:02:27.438530,2024-12-19T13:02:27.438530,,Paulínia,SP,Municipal,Edital nº 254/2024,REGISTRO DE PREÇOS PARA AQUISIÇÃO DE MATERIAIS HOSPITALARES,/compras/45751435000106/2024/623
45751435000106-1-000592/2024,,2024,592,45751435000106,MUNICIPIO DE PAULINIA,MUNICIPIO DE PAULINIA,Pregão - Eletrônico,Edital,Divulgada no PNCP,False,2024-12-06T12:45:15.093412,2025-01-31T12:47:34.681726,,Paulínia,SP,Municipal,Edital nº 238/2024,REGISTRO DE PREÇOS PARA AQUISIÇÃO DE MATERIAIS HOSPITALARES,/compras/45751435000106/2024/592
45751435000106-1-000616/2024,,2024,616,45751435000106,MUNICIPIO DE PAULINIA,MUNICIPIO DE PAULINIA,Pregão - Eletrônico,Edital,Divulgada no PNCP,False,2024-12-17T12:44:37.623667,2024-12-17T12:44:37.623667,,Paulínia,SP,Municipal,Edital nº 250/2024,AQUISIÇÃO DE ARTIGOS DE ARMARINHO E TECIDOS PARA OFICINAS TERAPÊUTICAS,/compras/45751435000106/2024/616
45751435000106-1-000567/2024,,2024,567,45751435000106,MUNICIPIO DE PAULINIA,MUNICIPIO DE PAULINIA,Pregão - Eletrônico,Edital,Divulgada no PNCP,False,2024-11-19T13:01:04.025356,2024-11-19T13:01:04.025356,,Paulínia,SP,Municipal,Edital nº 227/2024,REGISTRO DE PREÇOS PARA AQUISIÇÃO DE MATERIAIS MÉDICO HOSPITALARES PREDOMINANTEMENTE CIRÚRGICOS,/compras/45751435000106/2024/567
45751435000106-1-000539/2024,,2024,539,45751435000106,MUNICIPIO DE PAULINIA,MUNICIPIO DE PAULINIA,Pregão - Eletrônico,Edital,Divulgada no PNCP,False,2024-11-07T14:12:19.738572,2024-11-26T11:20:59.342261,,Paulínia,SP,Municipal,Edital nº 216/2024,REGISTRO DE PREÇOS PARA AQUISIÇÃO DE ENXOVAL HOSPITALAR,/compras/45751435000106/2024/539
45751435000106-1-000379/2024,,2024,379,45751435000106,MUNICIPIO DE PAULINIA,MUNICIPIO DE PAULINIA,Pregão - Eletrônico,Edital,Divulgada no PNCP,False,2024-08-09T11:17:59.182286,2025-02-11T15:32:28.398365,,Paulínia,SP,Municipal,Edital nº 142/2024,REGISTRO DE PREÇOS PARA AQUISIÇÃO DE BRINQUEDOS PEDAGÓGICOS,/compras/45751435000106/2024/379
45751435000106-1-000570/2024,,2024,570,45751435000106,MUNICIPIO DE PAULINIA,MUNICIPIO DE PAULINIA,Pregão - Eletrônico,Edital,Divulgada no PNCP,False,2024-11-25T11:45:21.991314,2024-11-25T11:45:21.991314,,Paulínia,SP,Municipal,Edital nº 228/2024,"REGISTRO DE PREÇOS PARA AQUISIÇÃO DE SONDAS DE ASPIRAÇÃO TRAQUEAL, SONDAS ENDOTRAQUEAIS, CÂNULAS, TUBOS E OUTROS MATERIAIS UTILIZADOS NA ASSISTÊNCIA VENTILATÓRIA",/compras/45751435000106/2024/570
