numero_controle_pncp,numero,ano,numero_sequencial,orgao_cnpj,orgao_nome,unidade_nome,modalidade_licitacao_nome,tipo_contrato_nome,tipo_nome,situacao_nome,cancelado,data_publicacao_pncp,data_atualizacao_pncp,data_assinatura,data_inicio_vigencia,data_fim_vigencia,valor_global,fonte_orcamentaria_nome,exigencia_conteudo_nacional,permite_adesao,possui_emenda_parlamentar,municipio_nome,uf,esfera_nome,poder_nome,title,description,item_url
45751435000106-2-000298/2024,,2024,298,45751435000106,MUNICIPIO DE PAULINIA,MUNICIPIO DE PAULINIA,Dispensa,Contrato (termo inicial),Ato que autoriza a Contratação Direta,Divulgada no PNCP,False,2024-11-25T10:03:40.439852,2024-11-25T10:03:40.439852,2024-11-22,2024-11-22,2025-05-20,1447.4,,False,,,Paulínia,SP,Municipal,Não se aplica,Contrato nº 576/2024,6 - Medicamentos,/contratos/45751435000106/2024/298
45751435000106-2-000222/2024,,2024,222,45751435000106,MUNICIPIO DE PAULINIA,MUNICIPIO DE PAULINIA,Pregão - Eletrônico,Contrato (termo inicial),Edital,Divulgada no PNCP,False,2024-09-19T16:28:13.456297,2024-09-19T16:28:39.086020,2024-09-19,2024-09-19,2025-09-19,0.0,,False,,,Paulínia,SP,Municipal,Não se aplica,Contrato nº 498/2024,AQUISIÇÃO DE MOBILIÁRIOS DE ESCRITÓRIO,/contratos/45751435000106/2024/222
45751435000106-2-000242/2024,,2024,242,45751435000106,MUNICIPIO DE PAULINIA,MUNICIPIO DE PAULINIA,Pregão - Eletrônico,Contrato (termo inicial),Edital,Divulgada no PNCP,False,2024-10-03T09:27:26.494420,2024-10-03T09:27:52.394794,2024-09-26,2024-09-26,2024-12-26,10450.0,,False,,,Paulínia,SP,Municipal,Não se aplica,Contrato nº 505/2024,AQUISIÇÃO DE ELETRODOMÉSTICOS,/contratos/45751435000106/2024/242
45751435000106-2-000331/2024,,2024,331,45751435000106,MUNICIPIO DE PAULINIA,MUNICIPIO DE PAULINIA,Dispensa,Contrato (termo inicial),Ato que autoriza a Contratação Direta,Divulgada no PNCP,False,2024-12-11T13:26:08.520574,2024-12-11T13:26:08.520574,2024-12-11,2024-12-11,2025-06-10,326124.09,,False,,,Paulínia,SP,Municipal,Não se aplica,Contrato nº 625/2024,AÇÃO JUDICIAL,/contratos/45751435000106/2024/331
45751435000106-2-000348/2024,,2024,348,45751435000106,MUNICIPIO DE PAULINIA,MUNICIPIO DE PAULINIA,Dispensa,Contrato (termo inicial),Ato que autoriza a Contratação Direta,Divulgada no PNCP,False,2025-09-25T09:37:03.183398955,2025-09-25T09:37:03.183398955,2024-03-13,2024-03-13,2025-03-13,108688.5,,,,,Paulínia,SP,Municipal,Não se aplica,Contrato nº 91/2024,AQUISIÇÃO EMERGENCIAL DE MEDICAMENTO PSICOTRÓPICO.,/contratos/45751435000106/2024/348
45751435000106-2-000183/2024,,2024,183,45751435000106,MUNICIPIO DE PAULINIA,Prefeitura Do Município De Paulínia,Dispensa,Contrato (termo inicial),Ato que autoriza a Contratação Direta,Divulgada no PNCP,False,2024-08-30T11:48:57.638371,2024-08-30T11:49:08.576267,2024-08-30,2024-08-30,2024-11-28,3600.0,,False,,,Paulínia,SP,Municipal,Não se aplica,Contrato nº 453/2024,AQUISIÇÃO DE CANETAS DE ADRENALINA.,/contratos/45751435000106/2024/183
45751435000106-2-000190/2024,,2024,190,45751435000106,MUNICIPIO DE PAULINIA,Prefeitura Do Município De Paulínia,Dispensa,Contrato (termo inicial),Ato que autoriza a Contratação Direta,Divulgada no PNCP,False,2024-09-03T15:21:53.795677,2024-09-03T15:21:53.795677,2024-09-03,2024-09-03,2025-02-28,31347.05,,False,,,Paulínia,SP,Municipal,Não se aplica,Contrato nº 461/2024,"AQUISIÇÃO DO MEDICAMENTO ""CYSTADANE""",/contratos/45751435000106/2024/190
45751435000106-2-000195/2024,,2024,195,45751435000106,MUNICIPIO DE PAULINIA,MUNICIPIO DE PAULINIA,Pregão - Eletrônico,Contrato (termo inicial),Edital,Divulgada no PNCP,False,2024-09-09T16:14:00.222595,2024-09-09T16:14:32.359407,2024-09-05,2024-09-05,2025-09-05,0.0,,False,,,Paulínia,SP,Municipal,Não se aplica,Contrato nº 468/2024,Aquisição de ventiladores,/contratos/45751435000106/2024/195
45751435000106-2-000219/2024,,2024,219,45751435000106,MUNICIPIO DE PAULINIA,MUNICIPIO DE PAULINIA,Pregão - Eletrônico,Contrato (termo inicial),Edital,Divulgada no PNCP,False,2024-09-19T15:13:21.080344,2024-09-19T15:14:22.302094,2024-09-19,2024-09-19,2025-09-19,0.0,,False,,,Paulínia,SP,Municipal,Não se aplica,Contrato nº 495/2024,AQUISIÇÃO DE MOBILIÁRIOS DE ESCRITÓRIO,/contratos/45751435000106/2024/219
45751435000106-2-000221/2024,,2024,221,45751435000106,MUNICIPIO DE PAULINIA,MUNICIPIO DE PAULINIA,Pregão - Eletrônico,Contrato (termo inicial),Edital,Divulgada no PNCP,False,2024-09-19T16:14:14.599144,2024-09-19T16:14:37.232206,2024-09-19,2024-09-19,2025-09-19,0.0,,False,,,Paulínia,SP,Municipal,Não se aplica,Contrato nº 497/2024,AQUISIÇÃO DE MOBILIÁRIOS DE ESCRITÓRIO,/contratos/45751435000106/2024/221
45751435000106-2-000225/2024,,2024,225,45751435000106,MUNICIPIO DE PAULINIA,MUNICIPIO DE PAULINIA,Pregão - Eletrônico,Contrato (termo inicial),Edital,Divulgada no PNCP,False,2024-09-19T16:39:49.634396,2024-09-19T16:40:09.882355,2024-09-19,2024-09-19,2025-09-19,0.0,,False,,,Paulínia,SP,Municipal,Não se aplica,Contrato nº 501/2024,AQUISIÇÃO DE MOBILIÁRIOS DE ESCRITÓRIO,/contratos/45751435000106/2024/225
45751435000106-2-000243/2024,,2024,243,45751435000106,MUNICIPIO DE PAULINIA,MUNICIPIO DE PAULINIA,Pregão - Eletrônico,Contrato (termo inicial),Edital,Divulgada no PNCP,False,2024-10-03T09:52:49.953687,2024-10-03T09:53:46.507794,2024-09-26,2024-09-26,2024-12-26,0.0,,False,,,Paulínia,SP,Municipal,Não se aplica,Contrato nº 504/2024,AQUISIÇÃO DE ELETRODOMÉSTICOS,/contratos/45751435000106/2024/243
45751435000106-2-000244/2024,,2024,244,45751435000106,MUNICIPIO DE PAULINIA,MUNICIPIO DE PAULINIA,Pregão - Eletrônico,Contrato (termo inicial),Edital,Divulgada no PNCP,False,2024-10-03T10:02:00.567125,2024-10-03T10:02:25.405465,2024-09-26,2024-09-26,2024-12-26,649.99,,False,,,Paulínia,SP,Municipal,Não se aplica,Contrato nº 506/2024,AQUISIÇÃO DE ELETRODOMÉSTICOS.,/contratos/45751435000106/2024/244
45751435000106-2-000254/2024,,2024,254,45751435000106,MUNICIPIO DE PAULINIA,MUNICIPIO DE PAULINIA,Pregão - Eletrônico,Contrato (termo inicial),Edital,Divulgada no PNCP,False,2024-10-07T11:11:31.640932,2024-10-07T11:11:54.189409,2024-10-07,2024-10-07,2025-10-07,21000.0,,False,,,Paulínia,SP,Municipal,Não se aplica,Contrato nº 526/2024,AQUISIÇÃO DE CAMAS HOSPITALARES E BERÇOS,/contratos/45751435000106/2024/254
45751435000106-2-000323/2024,,2024,323,45751435000106,MUNICIPIO DE PAULINIA,MUNICIPIO DE PAULINIA,Pregão - Eletrônico,Contrato (termo inicial),Edital,Divulgada no PNCP,False,2024-12-10T10:28:14.242803,2024-12-10T10:28:14.242803,2024-12-10,2024-12-10,2025-12-09,54558.6,,False,,,Paulínia,SP,Municipal,Não se aplica,Contrato nº 616/2024,AQUISIÇÃO DE MOBILIÁRIOS HOSPITALARES,/contratos/45751435000106/2024/323
45751435000106-2-000326/2024,,2024,326,45751435000106,MUNICIPIO DE PAULINIA,MUNICIPIO DE PAULINIA,Pregão - Eletrônico,Contrato (termo inicial),Edital,Divulgada no PNCP,False,2024-12-10T10:43:13.622654,2024-12-10T10:43:13.622654,2024-12-10,2024-12-10,2025-12-09,80130.0,,False,,,Paulínia,SP,Municipal,Não se aplica,Contrato nº 617/2024,AQUISIÇÃO DE MOBILIÁRIOS HOSPITALARES,/contratos/45751435000106/2024/326
45751435000106-2-000327/2024,,2024,327,45751435000106,MUNICIPIO DE PAULINIA,MUNICIPIO DE PAULINIA,Dispensa,Contrato (termo inicial),Ato que autoriza a Contratação Direta,Divulgada no PNCP,False,2024-12-10T12:31:29.880671,2024-12-10T12:31:29.880671,2024-12-10,2024-12-10,2025-03-09,38489.0,,False,,,Paulínia,SP,Municipal,Não se aplica,Contrato nº 620/2024,AÇÃO JUDICIAL,/contratos/45751435000106/2024/327
45751435000106-2-000079/2024,,2024,79,45751435000106,MUNICIPIO DE PAULINIA,Prefeitura Do Município De Paulínia,Pregão - Eletrônico,Contrato (termo inicial),Edital,Divulgada no PNCP,False,2024-06-24T11:15:14.519621,2024-06-24T11:15:14.519621,2024-06-24,2024-06-24,2025-06-24,1290.0,,False,,,Paulínia,SP,Municipal,Não se aplica,Contrato nº 328/2024,AQUISIÇÃO DE EQUIPAMENTOS ODONTOLÓGICOS,/contratos/45751435000106/2024/79
45751435000106-2-000080/2024,,2024,80,45751435000106,MUNICIPIO DE PAULINIA,Prefeitura Do Município De Paulínia,Pregão - Eletrônico,Contrato (termo inicial),Edital,Divulgada no PNCP,False,2024-06-24T11:30:19.132052,2024-06-24T11:30:19.132052,2024-06-24,2024-06-24,2025-06-24,9655.5,,False,,,Paulínia,SP,Municipal,Não se aplica,Contrato nº 327/2024,AQUISIÇÃO DE EQUIPAMENTOS ODONTOLÓGICOS,/contratos/45751435000106/2024/80
45751435000106-2-000085/2024,,2024,85,45751435000106,MUNICIPIO DE PAULINIA,Prefeitura Do Município De Paulínia,Pregão - Eletrônico,Contrato (termo inicial),Edital,Divulgada no PNCP,False,2024-06-24T15:36:35.036646,2024-06-24T15:36:35.036646,2024-06-24,2024-06-24,2025-06-24,15000.0,,False,,,Paulínia,SP,Municipal,Não se aplica,Contrato nº 334/2024,AQUISIÇÃO DE EQUIPAMENTOS ODONTOLÓGICOS,/contratos/45751435000106/2024/85
45751435000106-2-000120/2024,,2024,120,45751435000106,MUNICIPIO DE PAULINIA,MUNICIPIO DE PAULINIA,Pregão - Eletrônico,Contrato (termo inicial),Edital,Divulgada no PNCP,False,2024-07-26T13:48:47.059093,2024-07-26T13:49:23.936800,2024-07-26,2024-07-26,2024-07-26,0.0,,False,,,Paulínia,SP,Municipal,Não se aplica,Contrato nº 373/2024,AQUISIÇÃO DE NUTRIÇÃO PARENTERAL PROLONGADA,/contratos/45751435000106/2024/120
45751435000106-2-000176/2024,,2024,176,45751435000106,MUNICIPIO DE PAULINIA,Prefeitura Do Município De Paulínia,Dispensa,Contrato (termo inicial),Ato que autoriza a Contratação Direta,Divulgada no PNCP,False,2024-08-27T12:07:03.467936,2024-08-27T12:07:12.929247,2024-08-27,2024-08-27,2025-02-21,55389.6,,False,,,Paulínia,SP,Municipal,Não se aplica,Contrato nº 443/2024,AQUISIÇÃO EMERGENCIAL DE MEDICAMENTOS,/contratos/45751435000106/2024/176
45751435000106-2-000177/2024,,2024,177,45751435000106,MUNICIPIO DE PAULINIA,Prefeitura Do Município De Paulínia,Dispensa,Contrato (termo inicial),Ato que autoriza a Contratação Direta,Divulgada no PNCP,False,2024-08-27T12:23:40.757348,2024-08-27T12:23:47.655445,2024-08-27,2024-08-27,2025-02-21,228436.2,,False,,,Paulínia,SP,Municipal,Não se aplica,Contrato nº 445/2024,AQUISIÇÃO EMERGENCIAL DE MEDICAMENTOS,/contratos/45751435000106/2024/177
45751435000106-2-000179/2024,,2024,179,45751435000106,MUNICIPIO DE PAULINIA,Prefeitura Do Município De Paulínia,Dispensa,Contrato (termo inicial),Ato que autoriza a Contratação Direta,Divulgada no PNCP,False,2024-08-27T13:14:19.794074,2024-08-27T13:14:30.959018,2024-08-27,2024-08-27,2025-02-21,18783.0,,False,,,Paulínia,SP,Municipal,Não se aplica,Contrato nº 447/2024,AQUISIÇÃO EMERGENCIAL DE MEDICAMENTOS,/contratos/45751435000106/2024/179
45751435000106-2-000180/2024,,2024,180,45751435000106,MUNICIPIO DE PAULINIA,Prefeitura Do Município De Paulínia,Dispensa,Contrato (termo inicial),Ato que autoriza a Contratação Direta,Divulgada no PNCP,False,2024-08-27T13:15:39.894384,2024-08-27T13:15:49.645198,2024-08-27,2024-08-27,2025-02-21,52940.0,,False,,,Paulínia,SP,Municipal,Não se aplica,Contrato nº 448/2024,AQUISIÇÃO EMERGENCIAL DE MEDICAMENTOS,/contratos/45751435000106/2024/180
45751435000106-2-000220/2024,,2024,220,45751435000106,MUNICIPIO DE PAULINIA,MUNICIPIO DE PAULINIA,Pregão - Eletrônico,Contrato (termo inicial),Edital,Divulgada no PNCP,False,2024-09-19T15:50:36.290942,2024-09-19T15:50:59.441704,2024-09-19,2024-09-19,2025-09-19,0.0,,False,,,Paulínia,SP,Municipal,Não se aplica,Contrato nº 496/2024,AQUISIÇÃO DE MOBILIÁRIOS DE ESCRITÓRIO,/contratos/45751435000106/2024/220
45751435000106-2-000223/2024,,2024,223,45751435000106,MUNICIPIO DE PAULINIA,MUNICIPIO DE PAULINIA,Pregão - Eletrônico,Contrato (termo inicial),Edital,Divulgada no PNCP,False,2024-09-19T16:32:09.540771,2024-09-19T16:32:31.321488,2024-09-19,2024-09-19,2025-09-19,0.0,,False,,,Paulínia,SP,Municipal,Não se aplica,Contrato nº 499/2024,AQUISIÇÃO DE MOBILIÁRIOS DE ESCRITÓRIO,/contratos/45751435000106/2024/223
45751435000106-2-000245/2024,,2024,245,45751435000106,MUNICIPIO DE PAULINIA,MUNICIPIO DE PAULINIA,Pregão - Eletrônico,Contrato (termo inicial),Edital,Divulgada no PNCP,False,2024-10-03T10:12:03.752001,2024-10-03T10:13:01.924516,2024-09-26,2024-09-26,2024-12-26,2400.0,,False,,,Paulínia,SP,Municipal,Não se aplica,Contrato nº 507/2024,AQUISIÇÃO DE ELETRODOMÉSTICOS,/contratos/45751435000106/2024/245
45751435000106-2-000270/2024,,2024,270,45751435000106,MUNICIPIO DE PAULINIA,MUNICIPIO DE PAULINIA,Dispensa,Contrato (termo inicial),Ato que autoriza a Contratação Direta,Divulgada no PNCP,False,2024-11-05T15:19:32.560738,2024-11-05T15:19:53.097212,2024-11-05,2024-11-05,2025-11-04,508200.0,,False,,,Paulínia,SP,Municipal,Não se aplica,Contrato nº 553/2024,AQUISIÇÃO DE CONTRASTE RADIOLOGICO PARA TOMOGRAFIA.,/contratos/45751435000106/2024/270
45751435000106-2-000325/2024,,2024,325,45751435000106,MUNICIPIO DE PAULINIA,MUNICIPIO DE PAULINIA,Pregão - Eletrônico,Contrato (termo inicial),Edital,Divulgada no PNCP,False,2024-12-10T10:37:26.534427,2024-12-10T10:37:26.534427,2024-12-10,2024-12-10,2025-12-09,281.76,,False,,,Paulínia,SP,Municipal,Não se aplica,Contrato nº 619/2024,AQUISIÇÃO DE MOBILIÁRIOS HOSPITALARES,/contratos/45751435000106/2024/325
45751435000106-2-000330/2024,,2024,330,45751435000106,MUNICIPIO DE PAULINIA,MUNICIPIO DE PAULINIA,Dispensa,Contrato (termo inicial),Ato que autoriza a Contratação Direta,Divulgada no PNCP,False,2024-12-11T13:25:34.026331,2024-12-11T13:25:34.026331,2024-12-11,2024-12-11,2025-06-10,86730.0,,False,,,Paulínia,SP,Municipal,Não se aplica,Contrato nº 624/2024,AÇÃO JUDICIAL,/contratos/45751435000106/2024/330
45751435000106-2-000344/2024,,2024,344,45751435000106,MUNICIPIO DE PAULINIA,MUNICIPIO DE PAULINIA,Dispensa,Contrato (termo inicial),Ato que autoriza a Contratação Direta,Divulgada no PNCP,False,2025-01-06T11:31:28.202682,2025-01-06T11:31:28.202682,2024-12-20,2024-12-20,2025-12-19,6079.2,,False,,,Paulínia,SP,Municipal,Não se aplica,Contrato nº 653/2024,16 - Outros materias de consumo,/contratos/45751435000106/2024/344
45751435000106-2-000008/2024,,2024,8,45751435000106,MUNICIPIO DE PAULINIA,Prefeitura Do Município De Paulínia,Dispensa,Contrato (termo inicial),Ato que autoriza a Contratação Direta,Divulgada no PNCP,False,2024-04-01T18:27:46.538950,2024-04-01T18:27:46.538950,2024-03-21,2024-03-21,2025-03-21,184192.96,,False,,,Paulínia,SP,Municipal,Não se aplica,Contrato nº 106/2024,AQUISIÇÃO DO MEDICAMENTO “ALECTINIBE”,/contratos/45751435000106/2024/8
45751435000106-2-000011/2024,,2024,11,45751435000106,MUNICIPIO DE PAULINIA,Prefeitura Do Município De Paulínia,Dispensa,Contrato (termo inicial),Ato que autoriza a Contratação Direta,Divulgada no PNCP,False,2024-04-01T18:33:33.651077,2024-04-01T18:33:33.651077,2024-03-08,2024-03-08,2024-09-04,18336.0,,False,,,Paulínia,SP,Municipal,Não se aplica,Contrato nº 81/2024,"AQUISIÇÃO DE INSULINA ASPARTE E DEGLUTECA.
",/contratos/45751435000106/2024/11
45751435000106-2-000020/2024,,2024,20,45751435000106,MUNICIPIO DE PAULINIA,Prefeitura Do Município De Paulínia,Dispensa,Contrato (termo inicial),Ato que autoriza a Contratação Direta,Divulgada no PNCP,False,2024-04-24T17:45:01.012229,2024-04-24T17:45:01.012229,2024-04-19,2024-04-19,2025-04-19,288.5,,False,,,Paulínia,SP,Municipal,Não se aplica,Contrato nº 186/2024,AQUISIÇÃO DE INSULINA E TIRAS REAGENTES,/contratos/45751435000106/2024/20
45751435000106-2-000084/2024,,2024,84,45751435000106,MUNICIPIO DE PAULINIA,Prefeitura Do Município De Paulínia,Pregão - Eletrônico,Contrato (termo inicial),Edital,Divulgada no PNCP,False,2024-06-24T15:08:41.034969,2024-06-24T15:08:41.034969,2024-06-24,2024-06-24,2025-06-24,1180.0,,False,,,Paulínia,SP,Municipal,Não se aplica,Contrato nº 332/2024,AQUISIÇÃO DE EQUIPAMENTOS ODONTOLÓGICOS,/contratos/45751435000106/2024/84
45751435000106-2-000087/2024,,2024,87,45751435000106,MUNICIPIO DE PAULINIA,Prefeitura Do Município De Paulínia,Pregão - Eletrônico,Contrato (termo inicial),Edital,Divulgada no PNCP,False,2024-06-24T16:21:33.743114,2024-06-24T16:21:33.743114,2024-06-24,2024-06-24,2025-06-25,15712.0,,False,,,Paulínia,SP,Municipal,Não se aplica,Contrato nº 335/2024,AQUISIÇÃO DE EQUIPAMENTOS ODONTOLÓGICOS,/contratos/45751435000106/2024/87
45751435000106-2-000172/2024,,2024,172,45751435000106,MUNICIPIO DE PAULINIA,Prefeitura Do Município De Paulínia,Dispensa,Contrato (termo inicial),Ato que autoriza a Contratação Direta,Divulgada no PNCP,False,2024-08-27T11:23:42.380036,2024-08-27T11:23:58.433510,2024-08-27,2024-08-27,2025-02-21,131679.0,,False,,,Paulínia,SP,Municipal,Não se aplica,Contrato nº 439/2024,AQUISIÇÃO EMERGENCIAL DE MEDICAMENTOS,/contratos/45751435000106/2024/172
45751435000106-2-000174/2024,,2024,174,45751435000106,MUNICIPIO DE PAULINIA,Prefeitura Do Município De Paulínia,Dispensa,Contrato (termo inicial),Ato que autoriza a Contratação Direta,Divulgada no PNCP,False,2024-08-27T11:26:15.019725,2024-08-27T11:26:15.019725,2024-08-27,2024-08-27,2025-02-21,220463.5,,False,,,Paulínia,SP,Municipal,Não se aplica,Contrato nº 441/2024,AQUISIÇÃO EMERGENCIAL DE MEDICAMENTOS,/contratos/45751435000106/2024/174
45751435000106-2-000175/2024,,2024,175,45751435000106,MUNICIPIO DE PAULINIA,Prefeitura Do Município De Paulínia,Dispensa,Contrato (termo inicial),Ato que autoriza a Contratação Direta,Divulgada no PNCP,False,2024-08-27T11:51:42.894256,2024-08-27T11:51:50.408408,2024-08-27,2024-08-27,2025-02-21,84371.4,,False,,,Paulínia,SP,Municipal,Não se aplica,Contrato nº 442/2024,AQUISIÇÃO EMERGENCIAL DE MEDICAMENTOS,/contratos/45751435000106/2024/175
45751435000106-2-000181/2024,,2024,181,45751435000106,MUNICIPIO DE PAULINIA,Prefeitura Do Município De Paulínia,Dispensa,Contrato (termo inicial),Ato que autoriza a Contratação Direta,Divulgada no PNCP,False,2024-08-27T15:05:37.480157,2024-08-27T15:05:55.368245,2024-08-27,2024-08-27,2025-02-21,94224.1,,False,,,Paulínia,SP,Municipal,Não se aplica,Contrato nº 446/2024,AQUISIÇÃO EMERGENCIAL DE MEDICAMENTOS,/contratos/45751435000106/2024/181
45751435000106-2-000209/2024,,2024,209,45751435000106,MUNICIPIO DE PAULINIA,Prefeitura Do Município De Paulínia,Dispensa,Contrato (termo inicial),Ato que autoriza a Contratação Direta,Divulgada no PNCP,False,2024-09-17T15:54:26.918199,2024-09-17T15:54:36.000928,2024-09-17,2024-09-17,2025-03-16,88935.0,,False,,,Paulínia,SP,Municipal,Não se aplica,Contrato nº 483/2024,AQUISIÇÃO EMERGÊNCIAL DE MEDICAMENTO,/contratos/45751435000106/2024/209
45751435000106-2-000224/2024,,2024,224,45751435000106,MUNICIPIO DE PAULINIA,MUNICIPIO DE PAULINIA,Pregão - Eletrônico,Contrato (termo inicial),Edital,Divulgada no PNCP,False,2024-09-19T16:37:33.273945,2024-09-19T16:38:08.287261,2024-09-19,2024-09-19,2024-09-19,0.0,,False,,,Paulínia,SP,Municipal,Não se aplica,Contrato nº 500/2024,AQUISIÇÃO DE MOBILIÁRIOS DE ESCRITÓRIO,/contratos/45751435000106/2024/224
45751435000106-2-000255/2024,,2024,255,45751435000106,MUNICIPIO DE PAULINIA,MUNICIPIO DE PAULINIA,Pregão - Eletrônico,Contrato (termo inicial),Edital,Divulgada no PNCP,False,2024-10-08T08:50:50.829077,2024-10-08T08:51:17.317143,2024-10-07,2024-10-07,2025-10-07,37191.0,,False,,,Paulínia,SP,Municipal,Não se aplica,Contrato nº 528/2024,AQUISIÇÃO ANUAL DE MOBILIÁRIO E MATERIAIS HOSPITALARES,/contratos/45751435000106/2024/255
45751435000106-2-000258/2024,,2024,258,45751435000106,MUNICIPIO DE PAULINIA,MUNICIPIO DE PAULINIA,Pregão - Eletrônico,Contrato (termo inicial),Edital,Divulgada no PNCP,False,2024-10-08T10:35:15.470744,2024-10-08T10:35:40.233487,2024-10-07,2024-10-07,2025-10-07,36257.0,,False,,,Paulínia,SP,Municipal,Não se aplica,Contrato nº 531/2024,AQUISIÇÃO ANUAL DE MOBILIÁRIO E MATERIAIS HOSPITALARES,/contratos/45751435000106/2024/258
45751435000106-2-000260/2024,,2024,260,45751435000106,MUNICIPIO DE PAULINIA,MUNICIPIO DE PAULINIA,Pregão - Eletrônico,Contrato (termo inicial),Edital,Divulgada no PNCP,False,2024-10-09T10:11:38.434599,2024-10-09T10:12:15.331117,2024-10-09,2024-10-09,2025-10-09,186000.0,,False,,,Paulínia,SP,Municipal,Não se aplica,Contrato nº 533/2024,AQUISIÇÃO DE EQUIPAMENTOS MÉDICOS HOSPITALARES,/contratos/45751435000106/2024/260
45751435000106-2-000303/2024,,2024,303,45751435000106,MUNICIPIO DE PAULINIA,MUNICIPIO DE PAULINIA,Dispensa,Contrato (termo inicial),Ato que autoriza a Contratação Direta,Divulgada no PNCP,False,2024-11-26T11:15:40.647745,2024-11-26T11:15:40.647745,2024-11-26,2024-11-26,2025-11-25,32400.0,,False,,,Paulínia,SP,Municipal,Não se aplica,Contrato nº 585/2024,CONTRATAÇÃO DE SERVIÇO PARA ATENDIMENTO DE AÇÃO JUDICIAL,/contratos/45751435000106/2024/303
45751435000106-2-000305/2024,,2024,305,45751435000106,MUNICIPIO DE PAULINIA,MUNICIPIO DE PAULINIA,Dispensa,Contrato (termo inicial),Ato que autoriza a Contratação Direta,Divulgada no PNCP,False,2024-11-26T13:02:05.769574,2024-11-26T13:02:05.769574,2024-11-26,2024-11-26,2025-05-24,2208.6,,False,,,Paulínia,SP,Municipal,Não se aplica,Contrato nº 587/2024,"AQUISIÇÃO DE BOMBA DE INFUSÃO, DE INSULINA E INSUMOS.",/contratos/45751435000106/2024/305
45751435000106-2-000306/2024,,2024,306,45751435000106,MUNICIPIO DE PAULINIA,MUNICIPIO DE PAULINIA,Dispensa,Contrato (termo inicial),Ato que autoriza a Contratação Direta,Divulgada no PNCP,False,2024-11-26T13:02:19.788343,2024-11-26T13:02:19.788343,2024-11-26,2024-11-26,2025-05-24,3150.0,,False,,,Paulínia,SP,Municipal,Não se aplica,Contrato nº 588/2024,"AQUISIÇÃO DE BOMBA DE INFUSÃO, DE INSULINA E INSUMOS.",/contratos/45751435000106/2024/306
45751435000106-2-000308/2024,,2024,308,45751435000106,MUNICIPIO DE PAULINIA,MUNICIPIO DE PAULINIA,Dispensa,Contrato (termo inicial),Ato que autoriza a Contratação Direta,Divulgada no PNCP,False,2024-11-27T12:09:56.631693,2024-11-27T12:09:56.631693,2024-11-27,2024-11-27,2025-11-26,1509.5,,False,,,Paulínia,SP,Municipal,Não se aplica,Contrato nº 591/2024,MEDICAMENTO PARA CUMPRIMENTO DE AÇÃO JUDICIAL,/contratos/45751435000106/2024/308
45751435000106-2-000322/2024,,2024,322,45751435000106,MUNICIPIO DE PAULINIA,MUNICIPIO DE PAULINIA,Pregão - Eletrônico,Contrato (termo inicial),Edital,Divulgada no PNCP,False,2024-12-10T10:19:19.801767,2024-12-10T10:19:19.801767,2024-12-10,2024-12-10,2025-12-09,26400.0,,False,,,Paulínia,SP,Municipal,Não se aplica,Contrato nº 615/2024,AQUISIÇÃO DE MOBILIÁRIOS HOSPITALARES,/contratos/45751435000106/2024/322
45751435000106-2-000328/2024,,2024,328,45751435000106,MUNICIPIO DE PAULINIA,MUNICIPIO DE PAULINIA,Pregão - Eletrônico,Contrato (termo inicial),Edital,Divulgada no PNCP,False,2024-12-11T10:05:25.351307,2024-12-11T10:05:25.351307,2024-12-11,2024-12-11,2025-12-10,21045.0,,False,,,Paulínia,SP,Municipal,Não se aplica,Contrato nº 622/2024,AQUISIÇÃO DE EQUIPAMENTOS MÉDICOS HOSPITALARES,/contratos/45751435000106/2024/328
45751435000106-2-000007/2024,,2024,7,45751435000106,MUNICIPIO DE PAULINIA,Prefeitura Do Município De Paulínia,Dispensa,Contrato (termo inicial),Ato que autoriza a Contratação Direta,Divulgada no PNCP,False,2024-04-01T18:27:14.453777,2024-04-01T18:27:14.453777,2024-03-13,2024-03-13,2025-03-13,108688.5,,False,,,Paulínia,SP,Municipal,Não se aplica,Contrato nº 91/2024,AQUISIÇÃO EMERGENCIAL DE MEDICAMENTO PSICOTRÓPICO.,/contratos/45751435000106/2024/7
45751435000106-2-000019/2024,,2024,19,45751435000106,MUNICIPIO DE PAULINIA,Prefeitura Do Município De Paulínia,Inexigibilidade,Contrato (termo inicial),Ato que autoriza a Contratação Direta,Divulgada no PNCP,False,2024-04-24T17:27:52.104588,2024-04-24T17:27:52.104588,2024-04-22,2024-04-22,2024-10-19,43078.0,,False,,,Paulínia,SP,Municipal,Não se aplica,Contrato nº 189/2024,AQUISIÇÃO DE MATERIAIS PARA INFUSÃO DE INSULINA,/contratos/45751435000106/2024/19
45751435000106-2-000040/2024,,2024,40,45751435000106,MUNICIPIO DE PAULINIA,Prefeitura Do Município De Paulínia,Inexigibilidade,Contrato (termo inicial),Ato que autoriza a Contratação Direta,Divulgada no PNCP,False,2024-05-22T09:58:50.947419,2024-05-22T09:58:50.947419,2024-05-21,2024-05-21,2025-05-21,723873.0,,False,,,Paulínia,SP,Municipal,Não se aplica,Contrato nº 254/2024,AQUISIÇÃO DE INSUMOS PARA AÇÃO JUDICIAL.,/contratos/45751435000106/2024/40
45751435000106-2-000086/2024,,2024,86,45751435000106,MUNICIPIO DE PAULINIA,Prefeitura Do Município De Paulínia,Pregão - Eletrônico,Contrato (termo inicial),Edital,Divulgada no PNCP,False,2024-06-24T15:37:32.285512,2024-06-24T15:37:32.285512,2024-06-24,2024-06-24,2025-06-24,800.0,,False,,,Paulínia,SP,Municipal,Não se aplica,Contrato nº 333/2024,AQUISIÇÃO DE EQUIPAMENTOS ODONTOLÓGICOS,/contratos/45751435000106/2024/86
45751435000106-2-000105/2024,,2024,105,45751435000106,MUNICIPIO DE PAULINIA,MUNICIPIO DE PAULINIA,Pregão - Eletrônico,Contrato (termo inicial),Edital,Divulgada no PNCP,False,2024-07-22T13:50:08.241867,2024-07-22T13:50:46.801277,2024-07-22,2024-07-22,2024-07-22,0.0,,False,,,Paulínia,SP,Municipal,Não se aplica,Contrato nº 361/2024,AQUISIÇÃO DE LONGARINAS PARA OS SERVIÇOS DE SAÚDE,/contratos/45751435000106/2024/105
45751435000106-2-000158/2024,,2024,158,45751435000106,MUNICIPIO DE PAULINIA,MUNICIPIO DE PAULINIA,Pregão - Eletrônico,Contrato (termo inicial),Edital,Divulgada no PNCP,False,2024-08-21T16:38:55.530589,2024-08-21T16:39:45.388119,2024-08-21,2024-08-21,2025-08-21,0.0,,False,,,Paulínia,SP,Municipal,Não se aplica,Contrato nº 427/2024,"AQUISIÇÃO DE EQUIPAMENTOS PARA A REDE DE ATENÇÃO BÁSICA,",/contratos/45751435000106/2024/158
45751435000106-2-000173/2024,,2024,173,45751435000106,MUNICIPIO DE PAULINIA,Prefeitura Do Município De Paulínia,Dispensa,Contrato (termo inicial),Ato que autoriza a Contratação Direta,Divulgada no PNCP,False,2024-08-27T11:24:40.779276,2024-08-27T11:24:51.284345,2024-08-27,2024-08-27,2025-02-21,110802.0,,False,,,Paulínia,SP,Municipal,Não se aplica,Contrato nº 440/2024,AQUISIÇÃO EMERGENCIAL DE MEDICAMENTOS,/contratos/45751435000106/2024/173
45751435000106-2-000199/2024,,2024,199,45751435000106,MUNICIPIO DE PAULINIA,MUNICIPIO DE PAULINIA,Pregão - Eletrônico,Contrato (termo inicial),Edital,Divulgada no PNCP,False,2024-09-10T11:09:01.289312,2024-09-10T11:09:52.838645,2024-09-10,2024-09-10,2024-09-10,0.0,,False,,,Paulínia,SP,Municipal,Não se aplica,Contrato nº 471/2024,AQUISIÇÃO DE MEDICAMENTO PARA CUMPRIMENTO DE DECISÃO JUDICIAL,/contratos/45751435000106/2024/199
45751435000106-2-000217/2024,,2024,217,45751435000106,MUNICIPIO DE PAULINIA,Prefeitura Do Município De Paulínia,Dispensa,Contrato (termo inicial),Ato que autoriza a Contratação Direta,Divulgada no PNCP,False,2024-09-18T12:38:19.659218,2024-09-18T12:38:46.328641,2024-09-18,2024-09-18,2025-03-18,15954.9,,False,,,Paulínia,SP,Municipal,Não se aplica,Contrato nº 491/2024,AQUISIÇÃO DE MEDICAMENTOS PARA CUMPRIMENTO DE DECISÕES JUDICIAIS,/contratos/45751435000106/2024/217
45751435000106-2-000238/2024,,2024,238,45751435000106,MUNICIPIO DE PAULINIA,MUNICIPIO DE PAULINIA,Pregão - Eletrônico,Contrato (termo inicial),Edital,Divulgada no PNCP,False,2024-10-01T12:12:29.359297,2024-10-01T12:13:00.544061,2024-09-30,2024-09-30,2025-09-30,0.0,,False,,,Paulínia,SP,Municipal,Não se aplica,Contrato nº 511/2024,AQUISIÇÃO DE MOBILIÁRIO PARA A REDE DE ATENÇÃO BÁSICA,/contratos/45751435000106/2024/238
45751435000106-2-000239/2024,,2024,239,45751435000106,MUNICIPIO DE PAULINIA,MUNICIPIO DE PAULINIA,Pregão - Eletrônico,Contrato (termo inicial),Edital,Divulgada no PNCP,False,2024-10-01T13:37:26.150887,2024-10-01T13:38:13.183065,2024-09-30,2024-09-30,2025-09-30,0.0,,False,,,Paulínia,SP,Municipal,Não se aplica,Contrato nº 512/2024,AQUISIÇÃO DE MOBILIÁRIO PARA A REDE DE ATENÇÃO BÁSICA,/contratos/45751435000106/2024/239
45751435000106-2-000251/2024,,2024,251,45751435000106,MUNICIPIO DE PAULINIA,MUNICIPIO DE PAULINIA,Pregão - Eletrônico,Contrato (termo inicial),Edital,Divulgada no PNCP,False,2024-10-07T09:53:17.418250,2024-10-07T09:54:42.416972,2024-10-07,2024-10-07,2025-10-07,27599.88,,False,,,Paulínia,SP,Municipal,Não se aplica,Contrato nº 523/2024,AQUISIÇÃO DE CAMAS HOSPITALARES E BERÇOS,/contratos/45751435000106/2024/251
45751435000106-2-000252/2024,,2024,252,45751435000106,MUNICIPIO DE PAULINIA,MUNICIPIO DE PAULINIA,Pregão - Eletrônico,Contrato (termo inicial),Edital,Divulgada no PNCP,False,2024-10-07T10:13:12.271117,2024-10-07T10:13:34.510427,2024-10-07,2024-10-07,2025-10-07,218000.0,,False,,,Paulínia,SP,Municipal,Não se aplica,Contrato nº 524/2024,AQUISIÇÃO DE CAMAS HOSPITALARES E BERÇOS,/contratos/45751435000106/2024/252
45751435000106-2-000299/2024,,2024,299,45751435000106,MUNICIPIO DE PAULINIA,MUNICIPIO DE PAULINIA,Inexigibilidade,Contrato (termo inicial),Ato que autoriza a Contratação Direta,Divulgada no PNCP,False,2024-11-25T10:39:08.954612,2024-11-25T10:39:08.954612,2024-11-25,2024-11-25,2025-05-23,55467.0,,False,,,Paulínia,SP,Municipal,Não se aplica,Contrato nº 579/2024,AQUISIÇÃO DE BOMBA DE INFUSÃO DE INSULINA E INSUMOS,/contratos/45751435000106/2024/299
45751435000106-2-000004/2024,,2024,4,45751435000106,MUNICIPIO DE PAULINIA,Prefeitura Do Município De Paulínia,Dispensa,Contrato (termo inicial),Ato que autoriza a Contratação Direta,Divulgada no PNCP,False,2024-04-01T16:37:27.975172,2024-04-01T16:37:27.975172,2024-04-01,2024-04-01,2024-09-28,275966.64,,False,,,Paulínia,SP,Municipal,Não se aplica,Contrato nº 118/2024,"AQUISIÇÃO DE MEDICAMENTO PARA CUMPRIMENTO DE DECISÃO JUDICIAL.
",/contratos/45751435000106/2024/4
45751435000106-2-000005/2024,,2024,5,45751435000106,MUNICIPIO DE PAULINIA,Prefeitura Do Município De Paulínia,Dispensa,Contrato (termo inicial),Ato que autoriza a Contratação Direta,Divulgada no PNCP,False,2024-04-01T18:25:29.641653,2024-04-01T18:25:29.641653,2024-03-08,2024-03-08,2024-09-04,568.4,,False,,,Paulínia,SP,Municipal,Não se aplica,Contrato nº 83/2024,AQUISIÇÃO DE MEDICAMENTO PARA CUMPRIMENTO DE DECISÃO JUDICIAL.,/contratos/45751435000106/2024/5
45751435000106-2-000006/2024,,2024,6,45751435000106,MUNICIPIO DE PAULINIA,Prefeitura Do Município De Paulínia,Dispensa,Contrato (termo inicial),Ato que autoriza a Contratação Direta,Divulgada no PNCP,False,2024-04-01T18:26:36.790308,2024-04-01T18:26:36.790308,2024-03-08,2024-03-08,2024-09-04,1296.0,,False,,,Paulínia,SP,Municipal,Não se aplica,Contrato nº 82/2024,AQUISIÇÃO DE MEDICAMENTO PARA CUMPRIMENTO DE DECISÃO JUDICIAL.,/contratos/45751435000106/2024/6
45751435000106-2-000012/2024,,2024,12,45751435000106,MUNICIPIO DE PAULINIA,Prefeitura Do Município De Paulínia,Dispensa,Contrato (termo inicial),Ato que autoriza a Contratação Direta,Divulgada no PNCP,False,2024-04-02T16:52:49.910504,2024-04-02T16:52:49.910504,2024-04-01,2024-04-01,2024-09-28,51512.4,,False,,,Paulínia,SP,Municipal,Não se aplica,Contrato nº 119/2024,AQUISIÇÃO DE MEDICAMENTO PARA CUMPRIMENTO DE DECISÃO JUDICIAL.,/contratos/45751435000106/2024/12
45751435000106-2-000016/2024,,2024,16,45751435000106,MUNICIPIO DE PAULINIA,Prefeitura Do Município De Paulínia,Dispensa,Contrato (termo inicial),Ato que autoriza a Contratação Direta,Divulgada no PNCP,False,2024-04-12T10:01:14.690365,2024-04-12T10:01:14.690365,2024-04-11,2024-04-11,2025-04-11,469232.64,,False,,,Paulínia,SP,Municipal,Não se aplica,Contrato nº 175/2024,AQUISIÇÃO DE MEDICAMENTO PARA CUMPRIMENTO DE DECISÃO JUDICIAL.,/contratos/45751435000106/2024/16
45751435000106-2-000017/2024,,2024,17,45751435000106,MUNICIPIO DE PAULINIA,Prefeitura Do Município De Paulínia,Dispensa,Contrato (termo inicial),Ato que autoriza a Contratação Direta,Divulgada no PNCP,False,2024-04-16T15:38:15.609581,2024-04-16T15:38:15.609581,2024-04-09,2024-04-09,2025-04-09,164800.8,,False,,,Paulínia,SP,Municipal,Não se aplica,Contrato nº 166/2024,AQUISIÇÃO DE MEDICAMENTO PARA CUMPRIMENTO DE DECISÃO JUDICIAL.,/contratos/45751435000106/2024/17
45751435000106-2-000025/2024,,2024,25,45751435000106,MUNICIPIO DE PAULINIA,Prefeitura Do Município De Paulínia,Dispensa,Contrato (termo inicial),Ato que autoriza a Contratação Direta,Divulgada no PNCP,False,2024-04-30T08:12:38.649430,2024-04-30T08:12:38.649430,2024-04-26,2024-04-26,2024-10-26,5668.2,,False,,,Paulínia,SP,Municipal,Não se aplica,Contrato nº 209/2024,AQUISIÇÃO DE MEDICAMENTOS PARA CUMPRIMENTO DE AÇÕES JUDICIAIS.,/contratos/45751435000106/2024/25
45751435000106-2-000027/2024,,2024,27,45751435000106,MUNICIPIO DE PAULINIA,Prefeitura Do Município De Paulínia,Dispensa,Contrato (termo inicial),Ato que autoriza a Contratação Direta,Divulgada no PNCP,False,2024-04-30T08:59:27.119629,2024-04-30T08:59:27.119629,2024-04-26,2024-04-26,2024-10-26,13324.88,,False,,,Paulínia,SP,Municipal,Não se aplica,Contrato nº 211/2024,AQUISIÇÃO DE MEDICAMENTOS PARA CUMPRIMENTO DE AÇÕES JUDICIAIS.,/contratos/45751435000106/2024/27
45751435000106-2-000028/2024,,2024,28,45751435000106,MUNICIPIO DE PAULINIA,Prefeitura Do Município De Paulínia,Dispensa,Contrato (termo inicial),Ato que autoriza a Contratação Direta,Divulgada no PNCP,False,2024-04-30T12:33:24.848580,2024-04-30T12:33:24.848580,2024-04-26,2024-04-26,2024-10-26,512.4,,False,,,Paulínia,SP,Municipal,Não se aplica,Contrato nº 212/2024,AQUISIÇÃO DE MEDICAMENTOS PARA CUMPRIMENTO DE AÇÕES JUDICIAIS.,/contratos/45751435000106/2024/28
45751435000106-2-000031/2024,,2024,31,45751435000106,MUNICIPIO DE PAULINIA,Prefeitura Do Município De Paulínia,Pregão - Eletrônico,Contrato (termo inicial),Edital,Divulgada no PNCP,False,2024-05-02T09:23:54.994388,2024-05-02T09:23:54.994388,2024-04-30,2024-05-30,2025-05-30,183240.0,,False,,,Paulínia,SP,Municipal,Não se aplica,Contrato nº 213/2024,"AQUISIÇÃO DE GÁS LIQUEFEITO DE PETRÓLEO - GLP, A GRANEL.",/contratos/45751435000106/2024/31
45751435000106-2-000050/2024,,2024,50,45751435000106,MUNICIPIO DE PAULINIA,Prefeitura Do Município De Paulínia,Pregão - Eletrônico,Contrato (termo inicial),Edital,Divulgada no PNCP,False,2024-06-10T10:19:02.244173,2024-06-10T10:19:02.244173,2024-06-06,2024-06-06,2025-06-06,702000.0,,False,,,Paulínia,SP,Municipal,Não se aplica,Contrato nº 304/2024,AQUISIÇÃO DE MACA CLÍNICA HIDRÁULICA,/contratos/45751435000106/2024/50
45751435000106-2-000054/2024,,2024,54,45751435000106,MUNICIPIO DE PAULINIA,Prefeitura Do Município De Paulínia,Dispensa,Contrato (termo inicial),Ato que autoriza a Contratação Direta,Divulgada no PNCP,False,2024-06-13T16:27:06.862451,2024-06-13T16:27:06.862451,2024-06-13,2024-06-13,2025-06-13,86400.0,,False,,,Paulínia,SP,Municipal,Não se aplica,Contrato nº 309/2024,CONTRATAÇÃO DE SERVIÇOS ESPECIALIZADOS DE MUSICOTERAPIA.,/contratos/45751435000106/2024/54
45751435000106-2-000057/2024,,2024,57,45751435000106,MUNICIPIO DE PAULINIA,Prefeitura Do Município De Paulínia,Pregão - Eletrônico,Contrato (termo inicial),Edital,Divulgada no PNCP,False,2024-06-17T14:13:46.390532,2024-06-17T14:13:46.390532,2024-06-13,2024-06-13,2025-06-13,14208.0,,False,,,Paulínia,SP,Municipal,Não se aplica,Contrato nº 313/2024,AQUISIÇÃO DE MOBILIÁRIO PARA CONSULTÓRIOS ODONTOLÓGICOS,/contratos/45751435000106/2024/57
45751435000106-2-000058/2024,,2024,58,45751435000106,MUNICIPIO DE PAULINIA,Prefeitura Do Município De Paulínia,Pregão - Eletrônico,Contrato (termo inicial),Edital,Divulgada no PNCP,False,2024-06-17T14:24:40.607106,2024-06-17T14:24:40.607106,2024-06-13,2024-06-13,2025-06-13,50790.0,,False,,,Paulínia,SP,Municipal,Não se aplica,Contrato nº 312/2024,AQUISIÇÃO DE MOBILIÁRIO PARA CONSULTÓRIOS ODONTOLÓGICOS,/contratos/45751435000106/2024/58
45751435000106-2-000060/2024,,2024,60,45751435000106,MUNICIPIO DE PAULINIA,MUNICIPIO DE PAULINIA,Pregão - Eletrônico,Contrato (termo inicial),Edital,Divulgada no PNCP,False,2024-06-18T10:46:16.188650,2024-06-18T10:46:16.188650,2024-06-14,2024-06-14,2025-06-13,39090.0,,False,,,Paulínia,SP,Municipal,Não se aplica,Contrato nº 323/2024,AQUISIÇÃO DE CAMARA DE CONSERVAÇÃO PARA ARMAZENAMENTO DE MEDICAMENTOS TERMOLABEIS,/contratos/45751435000106/2024/60
45751435000106-2-000081/2024,,2024,81,45751435000106,MUNICIPIO DE PAULINIA,Prefeitura Do Município De Paulínia,Pregão - Eletrônico,Contrato (termo inicial),Edital,Divulgada no PNCP,False,2024-06-24T12:21:40.637853,2024-06-24T12:21:40.637853,2024-06-24,2024-06-24,2025-06-24,17999.95,,False,,,Paulínia,SP,Municipal,Não se aplica,Contrato nº 329/2024,AQUISIÇÃO DE EQUIPAMENTOS ODONTOLÓGICOS,/contratos/45751435000106/2024/81
45751435000106-2-000082/2024,,2024,82,45751435000106,MUNICIPIO DE PAULINIA,Prefeitura Do Município De Paulínia,Pregão - Eletrônico,Contrato (termo inicial),Edital,Divulgada no PNCP,False,2024-06-24T13:12:38.772231,2024-06-24T13:12:38.772231,2024-06-24,2024-06-24,2025-06-24,9950.0,,False,,,Paulínia,SP,Municipal,Não se aplica,Contrato nº 331/2024,AQUISIÇÃO DE EQUIPAMENTOS ODONTOLÓGICOS,/contratos/45751435000106/2024/82
45751435000106-2-000083/2024,,2024,83,45751435000106,MUNICIPIO DE PAULINIA,Prefeitura Do Município De Paulínia,Pregão - Eletrônico,Contrato (termo inicial),Edital,Divulgada no PNCP,False,2024-06-24T14:12:48.041542,2024-06-24T14:12:48.041542,2024-06-24,2024-06-24,2025-06-24,12678.0,,False,,,Paulínia,SP,Municipal,Não se aplica,Contrato nº 330/2024,AQUISIÇÃO DE EQUIPAMENTOS ODONTOLÓGICOS,/contratos/45751435000106/2024/83
45751435000106-2-000092/2024,,2024,92,45751435000106,MUNICIPIO DE PAULINIA,MUNICIPIO DE PAULINIA,Pregão - Eletrônico,Contrato (termo inicial),Edital,Divulgada no PNCP,False,2024-07-10T10:56:59.934870,2024-07-10T10:57:22.634084,2024-07-10,2024-07-10,2025-07-10,0.0,,False,,,Paulínia,SP,Municipal,Não se aplica,Contrato nº 347/2024,CONTRATAÇÃO DE EMPRESA PARA FORNECIMENTO DE ALIMENTAÇÃO NOS JOGOS REGIONAIS,/contratos/45751435000106/2024/92
45751435000106-2-000091/2024,,2024,91,45751435000106,MUNICIPIO DE PAULINIA,Prefeitura Do Município De Paulínia,Pregão - Eletrônico,Contrato (termo inicial),Edital,Divulgada no PNCP,False,2024-07-10T10:42:44.979899,2024-07-12T09:35:17.395268,2024-07-10,2024-07-10,2025-07-10,49491.0,,False,,,Paulínia,SP,Municipal,Não se aplica,Contrato nº 347/2024,CONTRATAÇÃO DE EMPRESA PARA FORNECIMENTO DE ALIMENTAÇÃO NOS JOGOS REGIONAIS,/contratos/45751435000106/2024/91
45751435000106-2-000100/2024,,2024,100,45751435000106,MUNICIPIO DE PAULINIA,Prefeitura Do Município De Paulínia,Pregão - Eletrônico,Contrato (termo inicial),Edital,Divulgada no PNCP,False,2024-07-22T10:00:36.338738,2024-07-22T10:00:36.338738,2024-07-19,2024-07-19,2025-07-18,78400.0,,False,,,Paulínia,SP,Municipal,Não se aplica,Contrato nº 361/2024,AQUISIÇÃO DE LONGARINAS PARA OS SERVIÇOS DE SAÚDE,/contratos/45751435000106/2024/100
45751435000106-2-000102/2024,,2024,102,45751435000106,MUNICIPIO DE PAULINIA,MUNICIPIO DE PAULINIA,Pregão - Eletrônico,Contrato (termo inicial),Edital,Divulgada no PNCP,False,2024-07-22T11:06:18.458068,2024-07-22T11:07:07.705713,2024-07-22,2024-07-22,2025-07-22,0.0,,False,,,Paulínia,SP,Municipal,Não se aplica,Contrato nº 364/2024,AQUISIÇÃO DE MARCA-PASSO CARDÍACO EXTERNO,/contratos/45751435000106/2024/102
45751435000106-2-000122/2024,,2024,122,45751435000106,MUNICIPIO DE PAULINIA,MUNICIPIO DE PAULINIA,Pregão - Eletrônico,Contrato (termo inicial),Edital,Divulgada no PNCP,False,2024-07-29T15:43:18.149359,2024-07-29T15:43:41.963599,2024-07-29,2024-07-29,2025-07-29,0.0,,False,,,Paulínia,SP,Municipal,Não se aplica,Contrato nº 378/2024,"AQUISIÇÃO DE SONÔMETROS, CALIBRADORES, IMPRESSORAS TÉRMICAS E PAPEL",/contratos/45751435000106/2024/122
45751435000106-2-000146/2024,,2024,146,45751435000106,MUNICIPIO DE PAULINIA,MUNICIPIO DE PAULINIA,Pregão - Eletrônico,Contrato (termo inicial),Edital,Divulgada no PNCP,False,2024-08-20T10:34:45.234418,2024-08-20T10:35:12.131664,2024-08-20,2024-08-20,2025-02-14,0.0,,False,,,Paulínia,SP,Municipal,Não se aplica,Contrato nº 423/2024,AQUISIÇÃO DE CONES FLEXÍVEIS E CAVALETES DE SINALIZAÇÃO E SEGURANÇA VIÁRIA,/contratos/45751435000106/2024/146
45751435000106-2-000147/2024,,2024,147,45751435000106,MUNICIPIO DE PAULINIA,MUNICIPIO DE PAULINIA,Pregão - Eletrônico,Contrato (termo inicial),Edital,Divulgada no PNCP,False,2024-08-20T10:49:51.121181,2024-08-20T10:50:12.661341,2024-08-20,2024-08-20,2025-02-14,0.0,,False,,,Paulínia,SP,Municipal,Não se aplica,Contrato nº 424/2024,AQUISIÇÃO DE CONES FLEXÍVEIS E CAVALETES DE SINALIZAÇÃO E SEGURANÇA VIÁRIA,/contratos/45751435000106/2024/147
45751435000106-2-000149/2024,,2024,149,45751435000106,MUNICIPIO DE PAULINIA,MUNICIPIO DE PAULINIA,Pregão - Eletrônico,Contrato (termo inicial),Edital,Divulgada no PNCP,False,2024-08-21T08:56:33.155572,2024-08-21T08:57:20.562447,2024-08-21,2024-08-21,2024-08-21,0.0,,False,,,Paulínia,SP,Municipal,Não se aplica,Contrato nº 416/2024,AQUISIÇÃO DE MATERIAIS PARA UTILIZAÇÃO NO DEPARTAMENTO DE REABILITAÇÃO ADULTO,/contratos/45751435000106/2024/149
45751435000106-2-000151/2024,,2024,151,45751435000106,MUNICIPIO DE PAULINIA,MUNICIPIO DE PAULINIA,Pregão - Eletrônico,Contrato (termo inicial),Edital,Divulgada no PNCP,False,2024-08-21T10:09:14.955052,2024-08-21T10:10:03.534082,2024-08-21,2024-08-21,2024-08-21,0.0,,False,,,Paulínia,SP,Municipal,Não se aplica,Contrato nº 418/2024,AQUISIÇÃO DE MATERIAIS PARA UTILIZAÇÃO NO DEPARTAMENTO DE REABILITAÇÃO ADULTO,/contratos/45751435000106/2024/151
45751435000106-2-000162/2024,,2024,162,45751435000106,MUNICIPIO DE PAULINIA,MUNICIPIO DE PAULINIA,Pregão - Eletrônico,Contrato (termo inicial),Edital,Divulgada no PNCP,False,2024-08-22T09:13:18.568017,2024-08-22T09:13:40.337793,2024-08-21,2024-08-21,2025-08-21,0.0,,False,,,Paulínia,SP,Municipal,Não se aplica,Contrato nº 430/2024,AQUISIÇÃO DE EQUIPAMENTOS PARA A REDE DE ATENÇÃO BÁSICA,/contratos/45751435000106/2024/162
45751435000106-2-000163/2024,,2024,163,45751435000106,MUNICIPIO DE PAULINIA,MUNICIPIO DE PAULINIA,Pregão - Eletrônico,Contrato (termo inicial),Edital,Divulgada no PNCP,False,2024-08-22T09:18:19.081184,2024-08-22T09:19:04.411453,2024-08-21,2024-08-21,2025-08-21,0.0,,False,,,Paulínia,SP,Municipal,Não se aplica,Contrato nº 431/2024,AQUISIÇÃO DE EQUIPAMENTOS PARA A REDE DE ATENÇÃO BÁSICA,/contratos/45751435000106/2024/163
45751435000106-2-000165/2024,,2024,165,45751435000106,MUNICIPIO DE PAULINIA,MUNICIPIO DE PAULINIA,Pregão - Eletrônico,Contrato (termo inicial),Edital,Divulgada no PNCP,False,2024-08-22T09:24:57.554146,2024-08-22T09:25:18.156792,2024-08-21,2024-08-21,2025-08-21,0.0,,False,,,Paulínia,SP,Municipal,Não se aplica,Contrato nº 433/2024,AQUISIÇÃO DE EQUIPAMENTOS PARA A REDE DE ATENÇÃO BÁSICA,/contratos/45751435000106/2024/165
45751435000106-2-000171/2024,,2024,171,45751435000106,MUNICIPIO DE PAULINIA,MUNICIPIO DE PAULINIA,Pregão - Eletrônico,Contrato (termo inicial),Edital,Divulgada no PNCP,False,2024-08-27T11:18:32.456824,2024-08-27T11:19:30.316799,2024-08-27,2024-08-27,2024-08-27,0.0,,False,,,Paulínia,SP,Municipal,Não se aplica,Contrato nº 436/2024,AQUISIÇÃO DE LAVADORAS E SECADORAS DE ROUPAS PARA AS ESCOLAS MUNICIPAIS,/contratos/45751435000106/2024/171
45751435000106-2-000178/2024,,2024,178,45751435000106,MUNICIPIO DE PAULINIA,Prefeitura Do Município De Paulínia,Dispensa,Contrato (termo inicial),Ato que autoriza a Contratação Direta,Divulgada no PNCP,False,2024-08-27T12:31:27.469084,2024-08-27T12:31:27.469084,2024-08-27,2024-08-27,2025-02-21,6138.0,,False,,,Paulínia,SP,Municipal,Não se aplica,Contrato nº 444/2024,AQUISIÇÃO EMERGENCIAL DE MEDICAMENTOS,/contratos/45751435000106/2024/178
45751435000106-2-000186/2024,,2024,186,45751435000106,MUNICIPIO DE PAULINIA,MUNICIPIO DE PAULINIA,Pregão - Eletrônico,Contrato (termo inicial),Edital,Divulgada no PNCP,False,2024-09-02T13:00:23.121561,2024-09-02T13:00:54.985018,2024-08-30,2024-08-30,2025-08-29,0.0,,False,,,Paulínia,SP,Municipal,Não se aplica,Contrato nº 456/2024,AQUISIÇÃO DE REAGENTES IMUNOHEMATOLÓGICOS E MATERIAIS PARA EXAMES HEMOCOMPONENTES,/contratos/45751435000106/2024/186
45751435000106-2-000187/2024,,2024,187,45751435000106,MUNICIPIO DE PAULINIA,MUNICIPIO DE PAULINIA,Pregão - Eletrônico,Contrato (termo inicial),Edital,Divulgada no PNCP,False,2024-09-02T13:12:03.685139,2024-09-02T13:12:26.956049,2024-08-30,2024-08-30,2025-08-29,0.0,,False,,,Paulínia,SP,Municipal,Não se aplica,Contrato nº 457/2024,AQUISIÇÃO DE REAGENTES IMUNOHEMATOLÓGICOS E MATERIAIS PARA EXAMES HEMOCOMPONENTES,/contratos/45751435000106/2024/187
45751435000106-2-000197/2024,,2024,197,45751435000106,MUNICIPIO DE PAULINIA,Prefeitura Do Município De Paulínia,Dispensa,Contrato (termo inicial),Ato que autoriza a Contratação Direta,Divulgada no PNCP,False,2024-09-10T09:49:54.936126,2024-09-10T09:50:39.913878,2024-09-10,2024-09-10,2025-03-09,3143.6,,False,,,Paulínia,SP,Municipal,Não se aplica,Contrato nº 470/2024,AQUISIÇÃO DE MEDICAMENTOS EM CUMPRIMENTO A DECISÕES JUDICIAIS,/contratos/45751435000106/2024/197
45751435000106-2-000210/2024,,2024,210,45751435000106,MUNICIPIO DE PAULINIA,Prefeitura Do Município De Paulínia,Dispensa,Contrato (termo inicial),Ato que autoriza a Contratação Direta,Divulgada no PNCP,False,2024-09-18T10:53:21.802634,2024-09-18T10:53:21.802634,2024-09-18,2024-09-18,2025-03-18,166470.0,,False,,,Paulínia,SP,Municipal,Não se aplica,Contrato nº 484/2024,AQUISIÇÃO DE MEDICAMENTOS PARA CUMPRIMENTO DE DECISÕES JUDICIAIS,/contratos/45751435000106/2024/210
45751435000106-2-000211/2024,,2024,211,45751435000106,MUNICIPIO DE PAULINIA,Prefeitura Do Município De Paulínia,Dispensa,Contrato (termo inicial),Ato que autoriza a Contratação Direta,Divulgada no PNCP,False,2024-09-18T11:07:35.584252,2024-09-18T11:08:17.263869,2024-09-18,2024-09-18,2025-03-18,47304.0,,False,,,Paulínia,SP,Municipal,Não se aplica,Contrato nº 485/2024,AQUISIÇÃO DE MEDICAMENTOS PARA CUMPRIMENTO DE DECISÕES JUDICIAIS,/contratos/45751435000106/2024/211
45751435000106-2-000212/2024,,2024,212,45751435000106,MUNICIPIO DE PAULINIA,Prefeitura Do Município De Paulínia,Dispensa,Contrato (termo inicial),Ato que autoriza a Contratação Direta,Divulgada no PNCP,False,2024-09-18T11:26:35.013141,2024-09-18T11:27:01.190415,2024-09-18,2024-09-18,2025-03-18,6198.9,,False,,,Paulínia,SP,Municipal,Não se aplica,Contrato nº 486/2024,AQUISIÇÃO DE MEDICAMENTOS PARA CUMPRIMENTO DE DECISÕES JUDICIAIS,/contratos/45751435000106/2024/212
45751435000106-2-000215/2024,,2024,215,45751435000106,MUNICIPIO DE PAULINIA,Prefeitura Do Município De Paulínia,Dispensa,Contrato (termo inicial),Ato que autoriza a Contratação Direta,Divulgada no PNCP,False,2024-09-18T12:14:31.023326,2024-09-18T12:14:56.410921,2024-09-18,2024-09-18,2025-03-18,2302.56,,False,,,Paulínia,SP,Municipal,Não se aplica,Contrato nº 489/2024,AQUISIÇÃO DE MEDICAMENTOS PARA CUMPRIMENTO DE DECISÕES JUDICIAIS,/contratos/45751435000106/2024/215
45751435000106-2-000216/2024,,2024,216,45751435000106,MUNICIPIO DE PAULINIA,Prefeitura Do Município De Paulínia,Dispensa,Contrato (termo inicial),Ato que autoriza a Contratação Direta,Divulgada no PNCP,False,2024-09-18T12:23:29.059039,2024-09-18T12:23:55.347586,2024-09-18,2024-09-18,2025-03-18,1368.0,,False,,,Paulínia,SP,Municipal,Não se aplica,Contrato nº 490/2024,AQUISIÇÃO DE MEDICAMENTOS PARA CUMPRIMENTO DE DECISÕES JUDICIAIS,/contratos/45751435000106/2024/216
45751435000106-2-000237/2024,,2024,237,45751435000106,MUNICIPIO DE PAULINIA,MUNICIPIO DE PAULINIA,Pregão - Eletrônico,Contrato (termo inicial),Edital,Divulgada no PNCP,False,2024-10-01T11:54:47.015111,2024-10-01T11:55:23.621441,2024-09-30,2024-09-30,2025-09-30,0.0,,False,,,Paulínia,SP,Municipal,Não se aplica,Contrato nº 509/2024,AQUISIÇÃO DE MOBILIÁRIO PARA A REDE DE ATENÇÃO BÁSICA,/contratos/45751435000106/2024/237
45751435000106-2-000240/2024,,2024,240,45751435000106,MUNICIPIO DE PAULINIA,Prefeitura Do Município De Paulínia,Dispensa,Contrato (termo inicial),Ato que autoriza a Contratação Direta,Divulgada no PNCP,False,2024-10-02T15:05:45.025696,2024-10-02T15:05:57.499983,2024-10-02,2024-10-02,2025-03-31,112800.0,,False,,,Paulínia,SP,Municipal,Não se aplica,Contrato nº 518/2024,AQUISIÇÃO EMERGENCIAL DE EQUIPOS SIMPLES,/contratos/45751435000106/2024/240
45751435000106-2-000253/2024,,2024,253,45751435000106,MUNICIPIO DE PAULINIA,MUNICIPIO DE PAULINIA,Pregão - Eletrônico,Contrato (termo inicial),Edital,Divulgada no PNCP,False,2024-10-07T10:34:10.725275,2024-10-07T10:34:57.309037,2024-10-07,2024-10-07,2025-10-07,11117.4,,False,,,Paulínia,SP,Municipal,Não se aplica,Contrato nº 525/2024,AQUISIÇÃO DE CAMAS HOSPITALARES E BERÇOS,/contratos/45751435000106/2024/253
45751435000106-2-000256/2024,,2024,256,45751435000106,MUNICIPIO DE PAULINIA,MUNICIPIO DE PAULINIA,Pregão - Eletrônico,Contrato (termo inicial),Edital,Divulgada no PNCP,False,2024-10-08T09:04:59.762955,2024-10-08T09:05:41.428446,2024-10-07,2024-10-07,2025-10-07,1199.95,,False,,,Paulínia,SP,Municipal,Não se aplica,Contrato nº 529/2024,AQUISIÇÃO ANUAL DE MOBILIÁRIO E MATERIAIS HOSPITALARES,/contratos/45751435000106/2024/256
45751435000106-2-000259/2024,,2024,259,45751435000106,MUNICIPIO DE PAULINIA,MUNICIPIO DE PAULINIA,Pregão - Eletrônico,Contrato (termo inicial),Edital,Divulgada no PNCP,False,2024-10-08T10:54:44.786450,2024-10-08T10:55:09.612777,2024-10-07,2024-10-07,2025-10-07,36600.0,,False,,,Paulínia,SP,Municipal,Não se aplica,Contrato nº 532/2024,AQUISIÇÃO ANUAL DE MOBILIÁRIO E MATERIAIS HOSPITALARES,/contratos/45751435000106/2024/259
45751435000106-2-000261/2024,,2024,261,45751435000106,MUNICIPIO DE PAULINIA,MUNICIPIO DE PAULINIA,Pregão - Eletrônico,Contrato (termo inicial),Edital,Divulgada no PNCP,False,2024-10-09T10:14:46.040406,2024-10-09T10:15:15.241373,2024-10-09,2024-10-09,2025-10-09,637000.0,,False,,,Paulínia,SP,Municipal,Não se aplica,Contrato nº 534/2024,AQUISIÇÃO DE EQUIPAMENTOS MÉDICOS HOSPITALARES,/contratos/45751435000106/2024/261
45751435000106-2-000296/2024,,2024,296,45751435000106,MUNICIPIO DE PAULINIA,MUNICIPIO DE PAULINIA,Inexigibilidade,Contrato (termo inicial),Ato que autoriza a Contratação Direta,Divulgada no PNCP,False,2024-11-22T11:38:40.702950,2024-11-22T11:38:40.702950,2024-11-22,2024-11-22,2025-05-20,52851.0,,False,,,Paulínia,SP,Municipal,Não se aplica,Contrato nº 577/2024,AQUISIÇÃO NECESSÁRIA PARA CUMPRIMENTO DE AÇÃO JUDICIAL,/contratos/45751435000106/2024/296
45751435000106-2-000304/2024,,2024,304,45751435000106,MUNICIPIO DE PAULINIA,MUNICIPIO DE PAULINIA,Dispensa,Contrato (termo inicial),Ato que autoriza a Contratação Direta,Divulgada no PNCP,False,2024-11-26T11:15:51.600671,2024-11-26T11:15:51.600671,2024-11-26,2024-11-26,2025-11-25,43411.2,,False,,,Paulínia,SP,Municipal,Não se aplica,Contrato nº 586/2024,CONTRATAÇÃO DE SERVIÇO PARA ATENDIMENTO DE AÇÃO JUDICIAL,/contratos/45751435000106/2024/304
45751435000106-2-000315/2024,,2024,315,45751435000106,MUNICIPIO DE PAULINIA,MUNICIPIO DE PAULINIA,Dispensa,Contrato (termo inicial),Ato que autoriza a Contratação Direta,Divulgada no PNCP,False,2024-11-29T14:46:37.976825,2024-11-29T14:46:37.976825,2024-11-29,2024-11-29,2025-11-28,19872.0,,False,,,Paulínia,SP,Municipal,Não se aplica,Contrato nº 600/2024,AQUISIÇÃO DE ROUPA ÍNTIMA DESCARTÁVEL PARA CUMPRIMENTO DE AÇÃO JUDICIAL,/contratos/45751435000106/2024/315
45751435000106-2-000321/2024,,2024,321,45751435000106,MUNICIPIO DE PAULINIA,MUNICIPIO DE PAULINIA,Pregão - Eletrônico,Contrato (termo inicial),Edital,Divulgada no PNCP,False,2024-12-10T10:17:02.345314,2024-12-10T10:17:02.345314,2024-12-10,2024-12-10,2025-12-09,8500.0,,False,,,Paulínia,SP,Municipal,Não se aplica,Contrato nº 614/2024,AQUISIÇÃO DE MOBILIÁRIOS HOSPITALARES,/contratos/45751435000106/2024/321
45751435000106-2-000329/2024,,2024,329,45751435000106,MUNICIPIO DE PAULINIA,MUNICIPIO DE PAULINIA,Pregão - Eletrônico,Contrato (termo inicial),Edital,Divulgada no PNCP,False,2024-12-11T10:08:08.094595,2024-12-11T10:08:08.094595,2024-12-11,2024-12-11,2025-12-10,10220.0,,False,,,Paulínia,SP,Municipal,Não se aplica,Contrato nº 623/2024,AQUISIÇÃO DE EQUIPAMENTOS MÉDICOS HOSPITALARES,/contratos/45751435000106/2024/329
45751435000106-2-000334/2024,,2024,334,45751435000106,MUNICIPIO DE PAULINIA,MUNICIPIO DE PAULINIA,Pregão - Eletrônico,Contrato (termo inicial),Edital,Divulgada no PNCP,False,2024-12-17T10:39:28.908697,2024-12-17T10:39:28.908697,2024-12-16,2024-12-16,2025-12-11,3996.0,,False,,,Paulínia,SP,Municipal,Não se aplica,Contrato nº 627/2024,AQUISIÇÃO DE UNIFORMES E MATERIAIS ESSENCIAIS PARA AGENTES COMUNITÁRIOS DE SAÚDE,/contratos/45751435000106/2024/334
45751435000106-2-000335/2024,,2024,335,45751435000106,MUNICIPIO DE PAULINIA,MUNICIPIO DE PAULINIA,Pregão - Eletrônico,Contrato (termo inicial),Edital,Divulgada no PNCP,False,2024-12-17T10:42:04.338192,2024-12-17T10:42:04.338192,2024-12-16,2024-12-16,2025-12-15,31770.0,,False,,,Paulínia,SP,Municipal,Não se aplica,Contrato nº 628/2024,AQUISIÇÃO DE UNIFORMES E MATERIAIS ESSENCIAIS PARA AGENTES COMUNITÁRIOS DE SAÚDE,/contratos/45751435000106/2024/335
45751435000106-2-000015/2024,,2024,15,45751435000106,MUNICIPIO DE PAULINIA,Prefeitura Do Município De Paulínia,Inexigibilidade,Contrato (termo inicial),Ato que autoriza a Contratação Direta,Divulgada no PNCP,False,2024-04-12T09:55:48.529063,2024-04-12T09:55:48.529063,2024-04-10,2024-04-10,2024-06-10,9750.0,,False,,,Paulínia,SP,Municipal,Não se aplica,Contrato nº 170/2024,"Curso sobre Controle Interno Municipal: com as recomendações dos Tribunais
",/contratos/45751435000106/2024/15
45751435000106-2-000022/2024,,2024,22,45751435000106,MUNICIPIO DE PAULINIA,Prefeitura Do Município De Paulínia,Inexigibilidade,Contrato (termo inicial),Ato que autoriza a Contratação Direta,Divulgada no PNCP,False,2024-04-25T16:47:26.775620,2024-04-25T16:47:26.775620,2024-04-19,2024-04-19,2025-04-19,8211.92,,False,,,Paulínia,SP,Municipal,Não se aplica,Contrato nº 206/2024,CONTRATAÇÃO DE FERRAMENTA DE PESQUISAS DE PREÇOS PRÁTICADOS EM ORGÃOS PÚBLICOS,/contratos/45751435000106/2024/22
45751435000106-2-000026/2024,,2024,26,45751435000106,MUNICIPIO DE PAULINIA,Prefeitura Do Município De Paulínia,Dispensa,Contrato (termo inicial),Ato que autoriza a Contratação Direta,Divulgada no PNCP,False,2024-04-30T08:38:35.875467,2024-04-30T08:38:35.875467,2024-04-26,2024-04-26,2024-10-26,3780.0,,False,,,Paulínia,SP,Municipal,Não se aplica,Contrato nº 210/2024,AQUISIÇÃO DE MEDICAMENTOS PARA CUMPRIMENTO DE AÇÕES JUDICIAIS.,/contratos/45751435000106/2024/26
45751435000106-2-000067/2024,,2024,67,45751435000106,MUNICIPIO DE PAULINIA,Prefeitura Do Município De Paulínia,Pregão - Eletrônico,Contrato (termo inicial),Edital,Divulgada no PNCP,False,2024-06-18T16:49:32.819986,2024-06-18T16:49:32.819986,2024-06-14,2024-06-14,2024-08-13,10367.59,,False,,,Paulínia,SP,Municipal,Não se aplica,Contrato nº 315/2024,AQUISIÇÃO DE EQUIPAMENTOS PARA IMPLANTAÇÃO DE CURSOS DE PANIFICAÇÃO E CONFEITARIA,/contratos/45751435000106/2024/67
45751435000106-2-000069/2024,,2024,69,45751435000106,MUNICIPIO DE PAULINIA,Prefeitura Do Município De Paulínia,Pregão - Eletrônico,Contrato (termo inicial),Edital,Divulgada no PNCP,False,2024-06-19T07:48:16.907957,2024-06-19T07:48:16.907957,2024-06-14,2024-06-14,2024-08-13,3150.0,,False,,,Paulínia,SP,Municipal,Não se aplica,Contrato nº 317/2024,AQUISIÇÃO DE EQUIPAMENTOS PARA IMPLANTAÇÃO DE CURSOS DE PANIFICAÇÃO E CONFEITARIA,/contratos/45751435000106/2024/69
45751435000106-2-000070/2024,,2024,70,45751435000106,MUNICIPIO DE PAULINIA,Prefeitura Do Município De Paulínia,Pregão - Eletrônico,Contrato (termo inicial),Edital,Divulgada no PNCP,False,2024-06-19T08:08:22.715838,2024-06-19T08:08:22.715838,2024-06-14,2024-06-14,2024-08-13,6110.0,,False,,,Paulínia,SP,Municipal,Não se aplica,Contrato nº 318/2024,AQUISIÇÃO DE EQUIPAMENTOS PARA IMPLANTAÇÃO DE CURSOS DE PANIFICAÇÃO E CONFEITARIA,/contratos/45751435000106/2024/70
45751435000106-2-000071/2024,,2024,71,45751435000106,MUNICIPIO DE PAULINIA,Prefeitura Do Município De Paulínia,Pregão - Eletrônico,Contrato (termo inicial),Edital,Divulgada no PNCP,False,2024-06-19T08:28:09.642507,2024-06-19T08:28:09.642507,2024-06-14,2024-06-14,2024-08-13,3500.0,,False,,,Paulínia,SP,Municipal,Não se aplica,Contrato nº 319/2024,AQUISIÇÃO DE EQUIPAMENTOS PARA IMPLANTAÇÃO DE CURSOS DE PANIFICAÇÃO E CONFEITARIA,/contratos/45751435000106/2024/71
45751435000106-2-000073/2024,,2024,73,45751435000106,MUNICIPIO DE PAULINIA,Prefeitura Do Município De Paulínia,Pregão - Eletrônico,Contrato (termo inicial),Edital,Divulgada no PNCP,False,2024-06-19T09:04:31.102713,2024-06-19T09:04:31.102713,2024-06-14,2024-06-14,2024-08-13,28646.04,,False,,,Paulínia,SP,Municipal,Não se aplica,Contrato nº 321/2024,AQUISIÇÃO DE EQUIPAMENTOS PARA IMPLANTAÇÃO DE CURSOS DE PANIFICAÇÃO E CONFEITARIA,/contratos/45751435000106/2024/73
45751435000106-2-000088/2024,,2024,88,45751435000106,MUNICIPIO DE PAULINIA,Prefeitura Do Município De Paulínia,Dispensa,Contrato (termo inicial),Ato que autoriza a Contratação Direta,Divulgada no PNCP,False,2024-06-25T08:39:35.141833,2024-06-25T08:39:35.141833,2024-06-25,2024-06-25,2024-12-23,35584.1,,False,,,Paulínia,SP,Municipal,Não se aplica,Contrato nº 336/2024,AQUISIÇÃO DE PRODUTOS MÉDICOS PARA CUMPRIMENTO DE AÇÕES JUDICIAIS,/contratos/45751435000106/2024/88
45751435000106-2-000101/2024,,2024,101,45751435000106,MUNICIPIO DE PAULINIA,Prefeitura Do Município De Paulínia,Pregão - Eletrônico,Contrato (termo inicial),Edital,Divulgada no PNCP,False,2024-07-22T10:48:57.031098,2024-07-22T10:48:57.031098,2024-07-19,2024-07-19,2025-07-18,66307.0,,False,,,Paulínia,SP,Municipal,Não se aplica,Contrato nº 362/2024,AQUISIÇÃO DE LONGARINAS PARA OS SERVIÇOS DE SAÚDE,/contratos/45751435000106/2024/101
45751435000106-2-000128/2024,,2024,128,45751435000106,MUNICIPIO DE PAULINIA,Prefeitura Do Município De Paulínia,Dispensa,Contrato (termo inicial),Ato que autoriza a Contratação Direta,Divulgada no PNCP,False,2024-08-02T08:49:46.558178,2024-08-02T15:47:41.605172,2024-08-01,2024-08-01,2025-01-24,30214.8,,False,,,Paulínia,SP,Municipal,Não se aplica,Contrato nº 387/2024,AQUISIÇÃO DE CATETER URETRAL PARA CUMPRIMENTO DE AÇÃO JUDICIAL.,/contratos/45751435000106/2024/128
45751435000106-2-000141/2024,,2024,141,45751435000106,MUNICIPIO DE PAULINIA,Prefeitura Do Município De Paulínia,Inexigibilidade,Contrato (termo inicial),Ato que autoriza a Contratação Direta,Divulgada no PNCP,False,2024-08-14T10:47:28.636282,2024-08-14T10:47:40.247421,2024-08-14,2024-08-14,2025-08-14,22277.0,,False,,,Paulínia,SP,Municipal,Não se aplica,Contrato nº 406/2024,AQUISIÇÃO DE BOMBA DE INSULINA E INSUMOS PARA CUMPRIMENTO DE DECISÃO JUDICIAL.,/contratos/45751435000106/2024/141
45751435000106-2-000145/2024,,2024,145,45751435000106,MUNICIPIO DE PAULINIA,MUNICIPIO DE PAULINIA,Pregão - Eletrônico,Contrato (termo inicial),Edital,Divulgada no PNCP,False,2024-08-15T16:41:32.832287,2024-08-15T16:42:09.398906,2024-08-15,2024-08-15,2024-08-15,0.0,,False,,,Paulínia,SP,Municipal,Não se aplica,Contrato nº 413/2024,CONTRATAÇÃO DE EMPRESA PARA LOCAÇÃO DE SISTEMA ANALÍTICO COM AQUISIÇÃO DE TESTES DE URINÁLISE,/contratos/45751435000106/2024/145
45751435000106-2-000148/2024,,2024,148,45751435000106,MUNICIPIO DE PAULINIA,MUNICIPIO DE PAULINIA,Pregão - Eletrônico,Contrato (termo inicial),Edital,Divulgada no PNCP,False,2024-08-21T08:19:03.612794,2024-08-21T08:19:52.907393,2024-08-21,2024-08-21,2024-08-21,0.0,,False,,,Paulínia,SP,Municipal,Não se aplica,Contrato nº 415/2024,AQUISIÇÃO DE MATERIAIS PARA UTILIZAÇÃO NO DEPARTAMENTO DE REABILITAÇÃO ADULTO,/contratos/45751435000106/2024/148
45751435000106-2-000150/2024,,2024,150,45751435000106,MUNICIPIO DE PAULINIA,MUNICIPIO DE PAULINIA,Pregão - Eletrônico,Contrato (termo inicial),Edital,Divulgada no PNCP,False,2024-08-21T09:48:31.405747,2024-08-21T09:49:01.470392,2024-08-21,2024-08-21,2024-08-21,0.0,,False,,,Paulínia,SP,Municipal,Não se aplica,Contrato nº 417/2024,AQUISIÇÃO DE MATERIAIS PARA UTILIZAÇÃO NO DEPARTAMENTO DE REABILITAÇÃO ADULTO,/contratos/45751435000106/2024/150
45751435000106-2-000154/2024,,2024,154,45751435000106,MUNICIPIO DE PAULINIA,MUNICIPIO DE PAULINIA,Pregão - Eletrônico,Contrato (termo inicial),Edital,Divulgada no PNCP,False,2024-08-21T11:34:24.788465,2024-08-21T11:35:43.211263,2024-08-21,2024-08-21,2024-08-21,0.0,,False,,,Paulínia,SP,Municipal,Não se aplica,Contrato nº 421/2024,AQUISIÇÃO DE MATERIAIS PARA UTILIZAÇÃO NO DEPARTAMENTO DE REABILITAÇÃO ADULTO,/contratos/45751435000106/2024/154
45751435000106-2-000160/2024,,2024,160,45751435000106,MUNICIPIO DE PAULINIA,MUNICIPIO DE PAULINIA,Pregão - Eletrônico,Contrato (termo inicial),Edital,Divulgada no PNCP,False,2024-08-21T16:49:55.446589,2024-08-22T09:05:35.055261,2024-08-21,2024-08-21,2025-08-21,0.0,,False,,,Paulínia,SP,Municipal,Não se aplica,Contrato nº 428/2024,"AQUISIÇÃO DE EQUIPAMENTOS PARA A REDE DE ATENÇÃO BÁSICA,",/contratos/45751435000106/2024/160
45751435000106-2-000161/2024,,2024,161,45751435000106,MUNICIPIO DE PAULINIA,MUNICIPIO DE PAULINIA,Pregão - Eletrônico,Contrato (termo inicial),Edital,Divulgada no PNCP,False,2024-08-22T09:09:09.315100,2024-08-22T09:09:31.875042,2024-08-21,2024-08-21,2025-08-21,0.0,,False,,,Paulínia,SP,Municipal,Não se aplica,Contrato nº 429/2024,AQUISIÇÃO DE EQUIPAMENTOS PARA A REDE DE ATENÇÃO BÁSICA,/contratos/45751435000106/2024/161
45751435000106-2-000191/2024,,2024,191,45751435000106,MUNICIPIO DE PAULINIA,Prefeitura Do Município De Paulínia,Dispensa,Contrato (termo inicial),Ato que autoriza a Contratação Direta,Divulgada no PNCP,False,2024-09-04T11:39:23.777208,2024-09-04T11:39:33.474724,2024-09-04,2024-09-04,2024-12-03,75056.0,,False,,,Paulínia,SP,Municipal,Não se aplica,Contrato nº 462/2024,CONTRATAÇÃO EMERGENCIAL DE SUBSTITUIÇÃO DE DISJUNTOR DE MÉDIA TENSÃO DO BLOCO 02 DO HMP,/contratos/45751435000106/2024/191
45751435000106-2-000194/2024,,2024,194,45751435000106,MUNICIPIO DE PAULINIA,MUNICIPIO DE PAULINIA,Pregão - Eletrônico,Contrato (termo inicial),Edital,Divulgada no PNCP,False,2024-09-09T10:47:29.556963,2024-09-09T10:48:30.976948,2024-09-09,2024-09-09,2024-09-09,0.0,,False,,,Paulínia,SP,Municipal,Não se aplica,Contrato nº 467/2024,AQUISIÇÃO DE ROUPARIA PARA ATENDER AS NECESSIDADES DAS CRECHES E EMEIS DA REDE MUNICIPAL DE ENSINO,/contratos/45751435000106/2024/194
45751435000106-2-000200/2024,,2024,200,45751435000106,MUNICIPIO DE PAULINIA,Prefeitura Do Município De Paulínia,Dispensa,Contrato (termo inicial),Ato que autoriza a Contratação Direta,Divulgada no PNCP,False,2024-09-10T11:28:08.520028,2024-09-10T11:28:08.520028,2024-09-10,2024-09-10,2025-03-09,525.0,,False,,,Paulínia,SP,Municipal,Não se aplica,Contrato nº 473/2024,"AQUISIÇÃO DE TIRAS E AGULHAS DE GLICEMIA, PARA CUMPRIMENTO DE AÇÃO JUDICIAL.",/contratos/45751435000106/2024/200
45751435000106-2-000201/2024,,2024,201,45751435000106,MUNICIPIO DE PAULINIA,Prefeitura Do Município De Paulínia,Dispensa,Contrato (termo inicial),Ato que autoriza a Contratação Direta,Divulgada no PNCP,False,2024-09-10T11:53:02.488169,2024-09-10T11:53:09.724451,2024-09-10,2024-09-10,2025-03-09,360.0,,False,,,Paulínia,SP,Municipal,Não se aplica,Contrato nº 474/2024,"AQUISIÇÃO DE TIRAS E AGULHAS DE GLICEMIA, PARA CUMPRIMENTO DE AÇÃO JUDICIAL.",/contratos/45751435000106/2024/201
45751435000106-2-000202/2024,,2024,202,45751435000106,MUNICIPIO DE PAULINIA,Prefeitura Do Município De Paulínia,Dispensa,Contrato (termo inicial),Ato que autoriza a Contratação Direta,Divulgada no PNCP,False,2024-09-10T11:54:51.387452,2024-09-10T11:54:51.387452,2024-09-10,2024-09-10,2025-03-09,8100.0,,False,,,Paulínia,SP,Municipal,Não se aplica,Contrato nº 472/2024,"AQUISIÇÃO DE TIRAS E AGULHAS DE GLICEMIA, PARA CUMPRIMENTO DE AÇÃO JUDICIAL.",/contratos/45751435000106/2024/202
45751435000106-2-000205/2024,,2024,205,45751435000106,MUNICIPIO DE PAULINIA,Prefeitura Do Município De Paulínia,Dispensa,Contrato (termo inicial),Ato que autoriza a Contratação Direta,Divulgada no PNCP,False,2024-09-17T11:51:22.938665,2024-09-17T11:51:22.938665,2024-09-17,2024-09-17,2025-09-17,67570.0,,False,,,Paulínia,SP,Municipal,Não se aplica,Contrato nº 480/2024,CONTRATAÇÃO DE INSTITUIÇÃO DE ENSINO ESPECIALIZADA NA REALIZAÇÃO DE CURSOS PROFISSIONALIZANTES,/contratos/45751435000106/2024/205
45751435000106-2-000213/2024,,2024,213,45751435000106,MUNICIPIO DE PAULINIA,Prefeitura Do Município De Paulínia,Dispensa,Contrato (termo inicial),Ato que autoriza a Contratação Direta,Divulgada no PNCP,False,2024-09-18T11:39:43.353722,2024-09-18T11:39:43.353722,2024-09-18,2024-09-18,2025-03-18,1914.76,,False,,,Paulínia,SP,Municipal,Não se aplica,Contrato nº 487/2024,AQUISIÇÃO DE MEDICAMENTOS PARA CUMPRIMENTO DE DECISÕES JUDICIAIS,/contratos/45751435000106/2024/213
45751435000106-2-000214/2024,,2024,214,45751435000106,MUNICIPIO DE PAULINIA,Prefeitura Do Município De Paulínia,Dispensa,Contrato (termo inicial),Ato que autoriza a Contratação Direta,Divulgada no PNCP,False,2024-09-18T11:57:53.557881,2024-09-18T11:57:53.557881,2024-09-18,2024-09-18,2025-03-18,4733.1,,False,,,Paulínia,SP,Municipal,Não se aplica,Contrato nº 488/2024,AQUISIÇÃO DE MEDICAMENTOS PARA CUMPRIMENTO DE DECISÕES JUDICIAIS,/contratos/45751435000106/2024/214
45751435000106-2-000236/2024,,2024,236,45751435000106,MUNICIPIO DE PAULINIA,MUNICIPIO DE PAULINIA,Pregão - Eletrônico,Contrato (termo inicial),Edital,Divulgada no PNCP,False,2024-10-01T11:47:49.331344,2024-10-01T11:48:27.409758,2024-09-30,2024-09-30,2025-09-30,0.0,,False,,,Paulínia,SP,Municipal,Não se aplica,Contrato nº 510/2024,AQUISIÇÃO DE MOBILIÁRIO PARA A REDE DE ATENÇÃO BÁSICA,/contratos/45751435000106/2024/236
45751435000106-2-000250/2024,,2024,250,45751435000106,MUNICIPIO DE PAULINIA,MUNICIPIO DE PAULINIA,Concorrência - Eletrônica,Contrato (termo inicial),Edital,Divulgada no PNCP,False,2024-10-04T14:04:30.223302,2024-10-04T14:04:55.507119,2024-10-04,2024-10-04,2024-10-04,0.0,,False,,,Paulínia,SP,Municipal,Não se aplica,Contrato nº 522/2024,CONTRATAÇÃO DE EMPRESA / CONSÓRCIO DE EMPRESAS PARA REFORMA DO PAVILHÃO DE EVENTOS,/contratos/45751435000106/2024/250
45751435000106-2-000257/2024,,2024,257,45751435000106,MUNICIPIO DE PAULINIA,MUNICIPIO DE PAULINIA,Pregão - Eletrônico,Contrato (termo inicial),Edital,Divulgada no PNCP,False,2024-10-08T09:33:43.983096,2024-10-08T09:34:23.356839,2024-10-07,2024-10-07,2025-10-07,11150.0,,False,,,Paulínia,SP,Municipal,Não se aplica,Contrato nº 530/2024,AQUISIÇÃO ANUAL DE MOBILIÁRIO E MATERIAIS HOSPITALARES,/contratos/45751435000106/2024/257
45751435000106-2-000324/2024,,2024,324,45751435000106,MUNICIPIO DE PAULINIA,MUNICIPIO DE PAULINIA,Pregão - Eletrônico,Contrato (termo inicial),Edital,Divulgada no PNCP,False,2024-12-10T10:34:13.117129,2024-12-10T10:34:13.117129,2024-12-10,2024-12-10,2025-12-09,54968.25,,False,,,Paulínia,SP,Municipal,Não se aplica,Contrato nº 618/2024,AQUISIÇÃO DE MOBILIÁRIOS HOSPITALARES,/contratos/45751435000106/2024/324
45751435000106-2-000032/2024,,2024,32,45751435000106,MUNICIPIO DE PAULINIA,Prefeitura Do Município De Paulínia,Dispensa,Contrato (termo inicial),Ato que autoriza a Contratação Direta,Divulgada no PNCP,False,2024-05-03T11:28:57.397146,2024-05-03T11:28:57.397146,2024-04-23,2024-04-23,2024-08-21,201000.0,,False,,,Paulínia,SP,Municipal,Não se aplica,Contrato nº 200/2024,"AQUIIÇÃO EMERGENCIAL DE ÁGUA NATURAL SEM GÁS, EM GALÕES DE 20LTS",/contratos/45751435000106/2024/32
45751435000106-2-000037/2024,,2024,37,45751435000106,MUNICIPIO DE PAULINIA,Prefeitura Do Município De Paulínia,Dispensa,Contrato (termo inicial),Ato que autoriza a Contratação Direta,Divulgada no PNCP,False,2024-05-22T08:20:04.411933,2024-05-22T08:20:04.411933,2024-05-21,2024-05-21,2024-11-17,2916.0,,False,,,Paulínia,SP,Municipal,Não se aplica,Contrato nº 251/2024,"AQUISIÇÃO DE PRODUTOS DERMATOLÓGICOS PARA O PACIENTE ""M.G.L."" - AÇÃO JUDICIAL.",/contratos/45751435000106/2024/37
45751435000106-2-000039/2024,,2024,39,45751435000106,MUNICIPIO DE PAULINIA,Prefeitura Do Município De Paulínia,Dispensa,Contrato (termo inicial),Ato que autoriza a Contratação Direta,Divulgada no PNCP,False,2024-05-22T09:35:15.290459,2024-05-22T09:35:15.290459,2024-05-21,2024-05-21,2024-11-17,1900.8,,False,,,Paulínia,SP,Municipal,Não se aplica,Contrato nº 253/2024,"AQUISIÇÃO DE MEDICAMENTOS MANIPULADOS PARA OS PACIENTES ""C.R.G.,D.M.M.,V.A.D.,"" - AÇÃO JUDICIAL.",/contratos/45751435000106/2024/39
45751435000106-2-000041/2024,,2024,41,45751435000106,MUNICIPIO DE PAULINIA,Prefeitura Do Município De Paulínia,Dispensa,Contrato (termo inicial),Ato que autoriza a Contratação Direta,Divulgada no PNCP,False,2024-05-22T10:22:54.187335,2024-05-22T10:22:54.187335,2024-05-21,2024-05-21,2024-11-17,8309.952,,False,,,Paulínia,SP,Municipal,Não se aplica,Contrato nº 255/2024,"AQUISIÇÃO DE SUPLEMENTOS PROTEICOS PARA OS PACIENTES ""O.V.N."" E “J.E.A.” - AÇÃO JUDICIAL.",/contratos/45751435000106/2024/41
45751435000106-2-000061/2024,,2024,61,45751435000106,MUNICIPIO DE PAULINIA,MUNICIPIO DE PAULINIA,Pregão - Eletrônico,Contrato (termo inicial),Edital,Divulgada no PNCP,False,2024-06-18T11:21:32.326082,2024-06-18T11:21:32.326082,2024-06-13,2024-06-13,2025-06-13,50790.0,,False,,,Paulínia,SP,Municipal,Não se aplica,Contrato nº 312/2024,AQUISIÇÃO DE MOBILIARIO PARA CONSULTORIOS ODONTOLOGICOS,/contratos/45751435000106/2024/61
45751435000106-2-000064/2024,,2024,64,45751435000106,MUNICIPIO DE PAULINIA,MUNICIPIO DE PAULINIA,Pregão - Eletrônico,Contrato (termo inicial),Edital,Divulgada no PNCP,False,2024-06-18T16:13:29.028929,2024-06-18T16:13:29.028929,2024-06-06,2024-06-06,2025-06-06,12850.0,,False,,,Paulínia,SP,Municipal,Não se aplica,Contrato nº 301/2024,AQUISIÇÃO DE EQUIPAMENTOS MEDICOS HOSPITALARES PARA ESTRUTURAÇÃO DO CENTRO OBSTETRICO DO HOSPITAL MUNICIPAL,/contratos/45751435000106/2024/64
45751435000106-2-000065/2024,,2024,65,45751435000106,MUNICIPIO DE PAULINIA,MUNICIPIO DE PAULINIA,Pregão - Eletrônico,Contrato (termo inicial),Edital,Divulgada no PNCP,False,2024-06-18T16:15:43.014207,2024-06-18T16:15:43.014207,2024-06-06,2024-06-06,2025-06-06,3849.0,,False,,,Paulínia,SP,Municipal,Não se aplica,Contrato nº 300/2024,AQUISIÇÃO DE EQUIPAMENTOS MEDICOS HOSPITALARES PARA ESTRUTURAÇÃO DO CENTRO OBSTETRICO DO HOSPITAL MUNICIPAL,/contratos/45751435000106/2024/65
45751435000106-2-000066/2024,,2024,66,45751435000106,MUNICIPIO DE PAULINIA,Prefeitura Do Município De Paulínia,Pregão - Eletrônico,Contrato (termo inicial),Edital,Divulgada no PNCP,False,2024-06-18T16:33:11.211690,2024-06-18T16:33:11.211690,2024-06-14,2024-06-14,2025-06-14,13215.94,,False,,,Paulínia,SP,Municipal,Não se aplica,Contrato nº 314/2024,AQUISIÇÃO DE EQUIPAMENTOS PARA IMPLANTAÇÃO DE CURSOS DE PANIFICAÇÃO E CONFEITARIA,/contratos/45751435000106/2024/66
45751435000106-2-000068/2024,,2024,68,45751435000106,MUNICIPIO DE PAULINIA,Prefeitura Do Município De Paulínia,Pregão - Eletrônico,Contrato (termo inicial),Edital,Divulgada no PNCP,False,2024-06-18T16:59:53.186289,2024-06-18T16:59:53.186289,2024-06-14,2024-06-14,2024-08-13,11491.55,,False,,,Paulínia,SP,Municipal,Não se aplica,Contrato nº 316/2024,AQUISIÇÃO DE EQUIPAMENTOS PARA IMPLANTAÇÃO DE CURSOS DE PANIFICAÇÃO E CONFEITARIA,/contratos/45751435000106/2024/68
45751435000106-2-000072/2024,,2024,72,45751435000106,MUNICIPIO DE PAULINIA,Prefeitura Do Município De Paulínia,Pregão - Eletrônico,Contrato (termo inicial),Edital,Divulgada no PNCP,False,2024-06-19T08:49:52.343779,2024-06-19T08:49:52.343779,2024-06-14,2024-06-14,2024-08-13,41650.0,,False,,,Paulínia,SP,Municipal,Não se aplica,Contrato nº 320/2024,AQUISIÇÃO DE EQUIPAMENTOS PARA IMPLANTAÇÃO DE CURSOS DE PANIFICAÇÃO E CONFEITARIA,/contratos/45751435000106/2024/72
45751435000106-2-000074/2024,,2024,74,45751435000106,MUNICIPIO DE PAULINIA,Prefeitura Do Município De Paulínia,Pregão - Eletrônico,Contrato (termo inicial),Edital,Divulgada no PNCP,False,2024-06-19T09:24:08.514323,2024-06-19T09:24:08.514323,2024-06-14,2024-06-14,2024-08-13,21347.0,,False,,,Paulínia,SP,Municipal,Não se aplica,Contrato nº 324/2024,AQUISIÇÃO DE EQUIPAMENTOS PARA IMPLANTAÇÃO DE CURSOS DE PANIFICAÇÃO E CONFEITARIA,/contratos/45751435000106/2024/74
45751435000106-2-000077/2024,,2024,77,45751435000106,MUNICIPIO DE PAULINIA,Prefeitura Do Município De Paulínia,Dispensa,Contrato (termo inicial),Ato que autoriza a Contratação Direta,Divulgada no PNCP,False,2024-06-20T14:43:37.234197,2024-06-20T14:43:37.234197,2024-06-11,2024-06-11,2025-06-11,1675200.0,,False,,,Paulínia,SP,Municipal,Não se aplica,Contrato nº 24607/2024,CONTRATAÇÃO DE EMPRESA ESPECIALIZADA EM PROCESSAMENTO DE MULTAS DE TRÂNSITO.,/contratos/45751435000106/2024/77
45751435000106-2-000089/2024,,2024,89,45751435000106,MUNICIPIO DE PAULINIA,Prefeitura Do Município De Paulínia,Pregão - Eletrônico,Contrato (termo inicial),Edital,Divulgada no PNCP,False,2024-06-27T13:00:07.878123,2024-06-27T13:00:07.878123,2024-06-27,2024-06-27,2025-06-27,33336.0,,False,,,Paulínia,SP,Municipal,Não se aplica,Contrato nº 339/2024,CONTRATAÇÃO DE SERVIÇOS CONTÁBEIS PARA ELABORAÇÃO DE CÁLCULOS E PARECERES NA ESFERA JUDICIAL E ADMINISTRATIVA,/contratos/45751435000106/2024/89
45751435000106-2-000144/2024,,2024,144,45751435000106,MUNICIPIO DE PAULINIA,Prefeitura Do Município De Paulínia,Pregão - Eletrônico,Contrato (termo inicial),Edital,Divulgada no PNCP,False,2024-08-15T16:38:29.062675,2024-08-15T16:38:29.062675,2024-08-15,2024-08-15,2025-08-15,646296.0,,False,,,Paulínia,SP,Municipal,Não se aplica,Contrato nº 413/2024,CONTRATAÇÃO DE EMPRESA PARA LOCAÇÃO DE SISTEMA ANALÍTICO COM AQUISIÇÃO DE TESTES DE URINÁLISE,/contratos/45751435000106/2024/144
45751435000106-2-000152/2024,,2024,152,45751435000106,MUNICIPIO DE PAULINIA,MUNICIPIO DE PAULINIA,Pregão - Eletrônico,Contrato (termo inicial),Edital,Divulgada no PNCP,False,2024-08-21T10:32:59.343212,2024-08-21T10:33:41.506738,2024-08-21,2024-08-21,2024-08-21,0.0,,False,,,Paulínia,SP,Municipal,Não se aplica,Contrato nº 419/2024,AQUISIÇÃO DE MATERIAIS PARA UTILIZAÇÃO NO DEPARTAMENTO DE REABILITAÇÃO ADULTO,/contratos/45751435000106/2024/152
45751435000106-2-000153/2024,,2024,153,45751435000106,MUNICIPIO DE PAULINIA,MUNICIPIO DE PAULINIA,Pregão - Eletrônico,Contrato (termo inicial),Edital,Divulgada no PNCP,False,2024-08-21T10:56:43.850769,2024-08-21T10:57:24.760731,2024-08-21,2024-08-21,2024-08-21,0.0,,False,,,Paulínia,SP,Municipal,Não se aplica,Contrato nº 420/2024,AQUISIÇÃO DE MATERIAIS PARA UTILIZAÇÃO NO DEPARTAMENTO DE REABILITAÇÃO ADULTO,/contratos/45751435000106/2024/153
45751435000106-2-000155/2024,,2024,155,45751435000106,MUNICIPIO DE PAULINIA,MUNICIPIO DE PAULINIA,Pregão - Eletrônico,Contrato (termo inicial),Edital,Divulgada no PNCP,False,2024-08-21T11:59:53.520499,2024-08-21T12:00:20.819023,2024-08-21,2024-08-21,2024-08-21,0.0,,False,,,Paulínia,SP,Municipal,Não se aplica,Contrato nº 422/2024,AQUISIÇÃO DE MATERIAIS PARA UTILIZAÇÃO NO DEPARTAMENTO DE REABILITAÇÃO ADULTO,/contratos/45751435000106/2024/155
45751435000106-2-000164/2024,,2024,164,45751435000106,MUNICIPIO DE PAULINIA,MUNICIPIO DE PAULINIA,Pregão - Eletrônico,Contrato (termo inicial),Edital,Divulgada no PNCP,False,2024-08-22T09:22:11.470922,2024-08-22T09:22:42.684322,2024-08-21,2024-08-21,2025-08-21,0.0,,False,,,Paulínia,SP,Municipal,Não se aplica,Contrato nº 432/2024,AQUISIÇÃO DE EQUIPAMENTOS PARA A REDE DE ATENÇÃO BÁSICA,/contratos/45751435000106/2024/164
45751435000106-2-000185/2024,,2024,185,45751435000106,MUNICIPIO DE PAULINIA,MUNICIPIO DE PAULINIA,Pregão - Eletrônico,Contrato (termo inicial),Edital,Divulgada no PNCP,False,2024-09-02T12:44:16.980504,2024-09-02T12:44:23.802816,2024-08-30,2024-08-30,2025-08-29,0.0,,False,,,Paulínia,SP,Municipal,Não se aplica,Contrato nº 455/2024,AQUISIÇÃO DE REAGENTES IMUNOHEMATOLÓGICOS E MATERIAIS PARA EXAMES HEMOCOMPONENTES,/contratos/45751435000106/2024/185
45751435000106-2-000193/2024,,2024,193,45751435000106,MUNICIPIO DE PAULINIA,MUNICIPIO DE PAULINIA,Pregão - Eletrônico,Contrato (termo inicial),Edital,Divulgada no PNCP,False,2024-09-09T08:37:42.643939,2024-09-09T08:38:07.363576,2024-09-05,2024-09-05,2025-09-05,0.0,,False,,,Paulínia,SP,Municipal,Não se aplica,Contrato nº 466/2024,"AQUISIÇÃO DE MATERIAIS DE ESCRITÓRIO, VINCULADO A ATA DE REGISTRO DE PREÇOS SOB Nº 587/2024",/contratos/45751435000106/2024/193
45751435000106-2-000208/2024,,2024,208,45751435000106,MUNICIPIO DE PAULINIA,MUNICIPIO DE PAULINIA,Pregão - Eletrônico,Contrato (termo inicial),Edital,Divulgada no PNCP,False,2024-09-17T12:46:35.465382,2024-09-17T12:46:58.362459,2024-09-17,2024-09-17,2025-09-17,0.0,,False,,,Paulínia,SP,Municipal,Não se aplica,Contrato nº 482/2024,AQUISIÇÃO DE ÁGUA NATURAL SEM GÁS PARA ATENDIMENTO DOS DEPARTAMENTOS DA ADMINISTRAÇÃO,/contratos/45751435000106/2024/208
45751435000106-2-000271/2024,,2024,271,45751435000106,MUNICIPIO DE PAULINIA,MUNICIPIO DE PAULINIA,Pregão - Eletrônico,Contrato (termo inicial),Edital,Divulgada no PNCP,False,2024-11-05T16:27:59.888133,2024-11-05T16:28:21.746916,2024-10-30,2024-10-30,2025-10-29,93600.0,,False,,,Paulínia,SP,Municipal,Não se aplica,Contrato nº 544/2024,CONTRATAÇÃO DE EMPRESA PARA PRESTAÇÃO DE SERVIÇOS DE LOCAÇÃO DE CENTRAL DE PRODUÇÃO DE AR COMPRIMIDO,/contratos/45751435000106/2024/271
45751435000106-2-000285/2024,,2024,285,45751435000106,MUNICIPIO DE PAULINIA,MUNICIPIO DE PAULINIA,Dispensa,Contrato (termo inicial),Ato que autoriza a Contratação Direta,Divulgada no PNCP,False,2024-11-11T09:34:48.197777,2024-11-11T09:36:46.556647,2024-11-11,2024-11-11,2025-05-09,59125.0,,False,,,Paulínia,SP,Municipal,Não se aplica,Contrato nº 563/2024,AQUISIÇÃO EMERGENCIAL DE LUVAS DE PROCEDIMENTO DE TAMANHO PEQUENA,/contratos/45751435000106/2024/285
45751435000106-2-000297/2024,,2024,297,45751435000106,MUNICIPIO DE PAULINIA,MUNICIPIO DE PAULINIA,Dispensa,Contrato (termo inicial),Ato que autoriza a Contratação Direta,Divulgada no PNCP,False,2024-11-22T12:45:57.163075,2024-11-22T12:45:57.163075,2024-11-22,2024-11-22,2025-05-21,51334.84,,False,,,Paulínia,SP,Municipal,Não se aplica,Contrato nº 578/2024,AQUISIÇÃO DE PRÓTESE DE JOELHO COM COMPONENTES HIPOALERGÊNICOS PARA CUMPRIMENTO DA AÇÃO JUDICIAL PROCESSO DIGITAL Nº 1005816-83.2024.8.26.0428,/contratos/45751435000106/2024/297
45751435000106-2-000313/2024,,2024,313,45751435000106,MUNICIPIO DE PAULINIA,MUNICIPIO DE PAULINIA,Pregão - Eletrônico,Contrato (termo inicial),Edital,Divulgada no PNCP,False,2024-11-28T10:59:38.894999,2024-11-28T10:59:38.894999,2024-11-27,2024-11-27,2025-05-25,7899.25,,False,,,Paulínia,SP,Municipal,Não se aplica,Contrato nº 595/2024,AQUISIÇÃO DE MATERIAL PARA TRABALHO PEDAGÓGICO EM SALAS DE RECURSOS MULTIFUNCIONAIS DA REDE MUNICIPAL DE EDUCAÇÃO DE PAULÍNIA,/contratos/45751435000106/2024/313
45751435000106-2-000336/2024,,2024,336,45751435000106,MUNICIPIO DE PAULINIA,MUNICIPIO DE PAULINIA,Pregão - Eletrônico,Contrato (termo inicial),Edital,Divulgada no PNCP,False,2024-12-17T10:44:59.812012,2024-12-17T10:44:59.812012,2024-12-16,2024-12-16,2025-12-15,6298.0,,False,,,Paulínia,SP,Municipal,Não se aplica,Contrato nº 629/2024,AQUISIÇÃO DE UNIFORMES E MATERIAIS ESSENCIAIS PARA AGENTES COMUNITÁRIOS DE SAÚDE,/contratos/45751435000106/2024/336
45751435000106-2-000340/2024,,2024,340,45751435000106,MUNICIPIO DE PAULINIA,MUNICIPIO DE PAULINIA,Pregão - Eletrônico,Contrato (termo inicial),Edital,Divulgada no PNCP,False,2024-12-19T09:12:49.288297,2024-12-19T09:12:49.288297,2024-12-18,2024-12-18,2025-12-17,0.0,,False,,,Paulínia,SP,Municipal,Não se aplica,Contrato nº 646/2024,CONTRATAÇÃO DE EMPRESA ESPECIALIZADA PARA PRESTAÇÃO DE SERVIÇOS DE MANUTENÇÃO CORRETIVA E PREVENTIVA EM GERADORES DE ENERGIA,/contratos/45751435000106/2024/340
45751435000106-2-000349/2024,,2024,349,45751435000106,MUNICIPIO DE PAULINIA,MUNICIPIO DE PAULINIA,Pregão - Eletrônico,Contrato (termo inicial),Edital,Divulgada no PNCP,False,2025-10-07T15:43:59.515753329,2025-10-07T15:43:59.515753329,2024-10-09,2024-10-09,2025-10-09,107430.0,,,,,Paulínia,SP,Municipal,Não se aplica,Contrato nº 536/2024,CONTRATAÇÃO DE EMPRESA PARA PRESTAÇÃO DE LAVAGEM GERAL (LIMPEZA E HIGIENIZAÇÃO) DOS VEÍCULOS DA SECRETARIA DE SAÚDE,/contratos/45751435000106/2024/349
45751435000106-2-000013/2024,,2024,13,45751435000106,MUNICIPIO DE PAULINIA,Prefeitura Do Município De Paulínia,Inexigibilidade,Contrato (termo inicial),Ato que autoriza a Contratação Direta,Divulgada no PNCP,False,2024-04-09T17:34:30.433324,2024-04-09T17:34:30.433324,2024-04-08,2024-04-08,2025-04-08,1200.0,,False,,,Paulínia,SP,Municipal,Não se aplica,Contrato nº 163/2024,PAGAMENTO DE TAXAS DE INSCRIÇÃO PARA PARTICIPAÇÃO NO CAMPEONATO DE BOCHA REFERENTE AO ANO DE 2024.,/contratos/45751435000106/2024/13
45751435000106-2-000021/2024,,2024,21,45751435000106,MUNICIPIO DE PAULINIA,Prefeitura Do Município De Paulínia,Inexigibilidade,Contrato (termo inicial),Ato que autoriza a Contratação Direta,Divulgada no PNCP,False,2024-04-25T16:46:09.582701,2024-04-25T16:46:09.582701,2024-04-17,2024-04-17,2024-10-14,4320.0,,False,,,Paulínia,SP,Municipal,Não se aplica,Contrato nº 181/2024,"PARTICIPAÇÃO DE 02 (DUAS) SERVIDORAS NO CURSO DE CAPACITAÇÃO ""O REGIME JURÍDICO DO SERVIDOR PÚBLICO""",/contratos/45751435000106/2024/21
45751435000106-2-000024/2024,,2024,24,45751435000106,MUNICIPIO DE PAULINIA,Prefeitura Do Município De Paulínia,Inexigibilidade,Contrato (termo inicial),Ato que autoriza a Contratação Direta,Divulgada no PNCP,False,2024-04-26T14:43:44.461321,2024-04-26T14:43:44.461321,2024-04-23,2024-04-23,2024-09-23,27400.0,,False,,,Paulínia,SP,Municipal,Não se aplica,Contrato nº 199/2024,"Fórum Brasileiro de Contratação e Gestão Pública: Novas possibilidades e impactos  na contratação pública- planejamento e controle.
",/contratos/45751435000106/2024/24
45751435000106-2-000038/2024,,2024,38,45751435000106,MUNICIPIO DE PAULINIA,Prefeitura Do Município De Paulínia,Dispensa,Contrato (termo inicial),Ato que autoriza a Contratação Direta,Divulgada no PNCP,False,2024-05-22T09:17:58.642680,2024-05-22T09:17:58.642680,2024-05-21,2024-05-21,2024-11-17,768.0,,False,,,Paulínia,SP,Municipal,Não se aplica,Contrato nº 252/2024,"AQUISIÇÃO DE MEDICAMENTOS MANIPULADOS PARA OS PACIENTES ""C.R.G.,D.M.M.,V.A.D.,"" - AÇÃO JUDICIAL.",/contratos/45751435000106/2024/38
45751435000106-2-000056/2024,,2024,56,45751435000106,MUNICIPIO DE PAULINIA,Prefeitura Do Município De Paulínia,Inexigibilidade,Contrato (termo inicial),Ato que autoriza a Contratação Direta,Divulgada no PNCP,False,2024-06-17T11:12:30.064873,2024-06-17T11:12:30.064873,2024-06-14,2024-06-14,2025-06-14,108000.0,,False,,,Paulínia,SP,Municipal,Não se aplica,Contrato nº 2/2024,LOCAÇÃO DE IMÓVEL DESTINADO A ESTACIONAMENTO PARA VISITANTES E USUÁRIOS DE CAPACITAÇÃO/TREINAMENTO DAS FAMÍLIAS EM SITUAÇÃO DE VULNERABILIDADE SOCIAL. ,/contratos/45751435000106/2024/56
45751435000106-2-000075/2024,,2024,75,45751435000106,MUNICIPIO DE PAULINIA,Prefeitura Do Município De Paulínia,Dispensa,Empenho,Ato que autoriza a Contratação Direta,Divulgada no PNCP,False,2024-06-20T12:17:24.060539,2024-06-20T12:17:24.060539,2024-06-18,2024-06-18,2025-06-18,1491.6,,False,,,Paulínia,SP,Municipal,Não se aplica,Empenho nº 7783,CONTRATAÇÃO DE EMPRESA PARA PRESTAÇÃO DE SERVIÇO CAPACITAÇÃO DE LEITURA E ENVIO DE RECORTES ELETRÔNICOS DE DIÁRIOS OFICIAIS,/contratos/45751435000106/2024/75
45751435000106-2-000099/2024,,2024,99,45751435000106,MUNICIPIO DE PAULINIA,MUNICIPIO DE PAULINIA,Pregão - Eletrônico,Contrato (termo inicial),Edital,Divulgada no PNCP,False,2024-07-19T16:40:37.938904,2024-07-19T16:51:30.988780,2024-07-19,2024-07-19,2024-07-19,0.0,,False,,,Paulínia,SP,Municipal,Não se aplica,Contrato nº 359/2024,"AQUISIÇÃO DE MATERIAIS PARA CIRURGIA ORTOPÉDICA E OUTROS PROCEDIMENTOS, EM SISTEMA DE CONSIGNAÇÃO PADRONIZADOS PELA TABELA SUS",/contratos/45751435000106/2024/99
45751435000106-2-000104/2024,,2024,104,45751435000106,MUNICIPIO DE PAULINIA,MUNICIPIO DE PAULINIA,Pregão - Eletrônico,Contrato (termo inicial),Edital,Divulgada no PNCP,False,2024-07-22T12:26:21.635511,2024-07-22T12:27:08.558898,2024-07-22,2024-07-22,2024-07-22,0.0,,False,,,Paulínia,SP,Municipal,Não se aplica,Contrato nº 362/2024,AQUISIÇÃO DE LONGARINAS PARA OS SERVIÇOS DE SAÚDE,/contratos/45751435000106/2024/104
45751435000106-2-000107/2024,,2024,107,45751435000106,MUNICIPIO DE PAULINIA,Prefeitura Do Município De Paulínia,Inexigibilidade,Contrato (termo inicial),Ato que autoriza a Contratação Direta,Divulgada no PNCP,False,2024-07-23T15:47:55.134298,2024-07-23T15:48:20.280157,2024-07-22,2024-07-22,2025-07-22,53340.0,,False,,,Paulínia,SP,Municipal,Não se aplica,Contrato nº 363/2024,"CONTRATAÇÃO DE CLÍNICA ESPECIALIZADA PARA TRATAMENTO DE SAÚDE POR MEIO DE SESSÕES DE LASERTERAPIA.
",/contratos/45751435000106/2024/107
45751435000106-2-000123/2024,,2024,123,45751435000106,MUNICIPIO DE PAULINIA,MUNICIPIO DE PAULINIA,Pregão - Eletrônico,Contrato (termo inicial),Edital,Divulgada no PNCP,False,2024-07-29T15:57:23.181844,2024-07-29T15:57:43.066294,2024-07-29,2024-07-29,2025-07-29,0.0,,False,,,Paulínia,SP,Municipal,Não se aplica,Contrato nº 377/2024,CONTRATAÇÃO DE EMPRESA OU CONSÓRCIO DE EMPRESAS PARA AQUISIÇÃO E INSTALAÇÃO DE APARELHOS DE AR CONDICIONADO NOS IMÓVEIS DA SECRETARIA DE ASSISTÊNCIA SOCIAL,/contratos/45751435000106/2024/123
45751435000106-2-000203/2024,,2024,203,45751435000106,MUNICIPIO DE PAULINIA,MUNICIPIO DE PAULINIA,Pregão - Eletrônico,Contrato (termo inicial),Edital,Divulgada no PNCP,False,2024-09-11T16:13:17.680419,2024-09-11T16:13:41.735250,2024-09-11,2024-09-11,2025-09-11,0.0,,False,,,Paulínia,SP,Municipal,Não se aplica,Contrato nº 476/2024,CONTRATAÇÃO DE EMPRESA PARA PRESTAÇÃO DE SERVIÇOS DE PULVERIZAÇÃO E NEBULIZAÇÃO/ATOMIZAÇÃO PORTÁTIL (BLOQUEIO NEBULIZAÇÃO – BN),/contratos/45751435000106/2024/203
45751435000106-2-000228/2024,,2024,228,45751435000106,MUNICIPIO DE PAULINIA,MUNICIPIO DE PAULINIA,Concorrência - Eletrônica,Contrato (termo inicial),Edital,Divulgada no PNCP,False,2024-09-25T16:00:07.952774,2024-09-25T16:00:21.960110,2024-09-24,2024-09-24,2026-12-24,0.0,,False,,,Paulínia,SP,Municipal,Não se aplica,Contrato nº 503/2024,CONTRATAÇÃO DE EMPRESA / CONSÓRCIO DE ATÉ 2 (DUAS) EMPRESAS PARA OBRA DE RECUPERAÇÃO DA ESTRUTURA DE PAVIMENTAÇÃO ASFÁLTICA,/contratos/45751435000106/2024/228
45751435000106-2-000230/2024,,2024,230,45751435000106,MUNICIPIO DE PAULINIA,MUNICIPIO DE PAULINIA,Pregão - Eletrônico,Contrato (termo inicial),Edital,Divulgada no PNCP,False,2024-09-30T09:07:23.708859,2024-09-30T09:07:52.412245,2024-09-27,2024-09-27,2025-09-27,0.0,,False,,,Paulínia,SP,Municipal,Não se aplica,Contrato nº 508/2024,REGISTRO DE PREÇOS PARA AQUISIÇÃO DE MATERIAIS DE LIMPEZA E DESCARTÁVEIS PARA ATENDIMENTO DOS DEPARTAMENTOS DA ADMINISTRAÇÃO MUNICIPAL,/contratos/45751435000106/2024/230
45751435000106-2-000267/2024,,2024,267,45751435000106,MUNICIPIO DE PAULINIA,MUNICIPIO DE PAULINIA,Pregão - Eletrônico,Contrato (termo inicial),Edital,Divulgada no PNCP,False,2024-11-04T15:06:00.037278,2024-11-04T15:06:23.579506,2024-11-04,2024-11-04,2026-02-03,11515156.68,,False,,,Paulínia,SP,Municipal,Não se aplica,Contrato nº 549/2024,"CONTRATAÇÃO DE EMPRESA / CONSÓRCIO DE EMPRESAS PARA FORNECIMENTO DE SOLUÇÃO DE GESTÃO DE DOCUMENTOS, COM LOCAÇÃO DE EQUIPAMENTOS, FORNECIMENTO DE SERVIÇOS E INSUMOS",/contratos/45751435000106/2024/267
45751435000106-2-000268/2024,,2024,268,45751435000106,MUNICIPIO DE PAULINIA,MUNICIPIO DE PAULINIA,Pregão - Eletrônico,Contrato (termo inicial),Edital,Divulgada no PNCP,False,2024-11-05T11:16:10.236430,2024-11-05T11:17:05.514940,2024-11-04,2024-11-04,2025-11-03,0.0,,False,,,Paulínia,SP,Municipal,Não se aplica,Contrato nº 551/2024,"CONTRATAÇÃO DE EMPRESA PARA LOCAÇÃO DE ESTRUTURA, SONORIZAÇÃO, ILUMINAÇÃO, PROFISSIONAIS E DEMAIS ITENS PARA A REALIZAÇÃO DE EVENTOS.",/contratos/45751435000106/2024/268
45751435000106-2-000274/2024,,2024,274,45751435000106,MUNICIPIO DE PAULINIA,MUNICIPIO DE PAULINIA,Pregão - Eletrônico,Contrato (termo inicial),Edital,Divulgada no PNCP,False,2024-11-06T12:15:09.254399,2024-11-06T12:15:40.563414,2024-11-06,2024-11-06,2025-11-05,2980907.2,,False,,,Paulínia,SP,Municipal,Não se aplica,Contrato nº 556/2024,CONTRATAÇÃO DE EMPRESA PARA PRESTAÇÃO DE SERVIÇOS DE HIDROTERAPIA PARA ATENDIMENTOS CLÍNICOS EM REABILITAÇÃO E HABILITAÇÃO,/contratos/45751435000106/2024/274
45751435000106-2-000277/2024,,2024,277,45751435000106,MUNICIPIO DE PAULINIA,MUNICIPIO DE PAULINIA,Dispensa,Contrato (termo inicial),Ato que autoriza a Contratação Direta,Divulgada no PNCP,False,2024-11-06T13:04:05.779387,2024-11-06T13:04:30.349532,2024-11-06,2024-11-06,2025-05-02,2347.83,,False,,,Paulínia,SP,Municipal,Não se aplica,Contrato nº 555/2024,"CUMPRIMENTO DE AÇÃO JUDICIAL, PROCESSO DIGITAL Nº 1005067-66.2024.8.26.0428, REQUERENTE ""H.F.M"" E REQUERIDO PREFEITURA MUNICIPAL DE PAULÍNIA.",/contratos/45751435000106/2024/277
45751435000106-2-000287/2024,,2024,287,45751435000106,MUNICIPIO DE PAULINIA,MUNICIPIO DE PAULINIA,Inexigibilidade,Contrato (termo inicial),Ato que autoriza a Contratação Direta,Divulgada no PNCP,False,2024-11-12T16:39:14.376698,2024-11-12T16:39:15.326347,2024-11-12,2024-11-12,2025-05-10,7610.0,,False,,,Paulínia,SP,Municipal,Não se aplica,Contrato nº 566/2024,CONTRATAÇÃO DE EMPRESA ESPECIALIZADA PARA CAPACITAÇÃO: O PAPEL DO CRAS E DO CREAS NA CONSTRUÇÃO DA INTEGRALIDADE DO ATENDIMENTO NO SUAS,/contratos/45751435000106/2024/287
45751435000106-2-000310/2024,,2024,310,45751435000106,MUNICIPIO DE PAULINIA,MUNICIPIO DE PAULINIA,Pregão - Eletrônico,Contrato (termo inicial),Edital,Divulgada no PNCP,False,2024-11-28T10:07:34.322819,2024-11-28T10:07:34.322819,2024-11-27,2024-11-27,2025-05-25,1681.86,,False,,,Paulínia,SP,Municipal,Não se aplica,Contrato nº 592/2024,AQUISIÇÃO DE MATERIAL PARA TRABALHO PEDAGÓGICO EM SALAS DE RECURSOS MULTIFUNCIONAIS DA REDE MUNICIPAL DE EDUCAÇÃO DE PAULÍNIA,/contratos/45751435000106/2024/310
45751435000106-2-000311/2024,,2024,311,45751435000106,MUNICIPIO DE PAULINIA,MUNICIPIO DE PAULINIA,Pregão - Eletrônico,Contrato (termo inicial),Edital,Divulgada no PNCP,False,2024-11-28T10:26:14.717595,2024-11-28T10:26:14.717595,2024-11-27,2024-11-27,2025-05-25,4081.0,,False,,,Paulínia,SP,Municipal,Não se aplica,Contrato nº 593/2024,AQUISIÇÃO DE MATERIAL PARA TRABALHO PEDAGÓGICO EM SALAS DE RECURSOS MULTIFUNCIONAIS DA REDE MUNICIPAL DE EDUCAÇÃO DE PAULÍNIA,/contratos/45751435000106/2024/311
45751435000106-2-000314/2024,,2024,314,45751435000106,MUNICIPIO DE PAULINIA,MUNICIPIO DE PAULINIA,Pregão - Eletrônico,Contrato (termo inicial),Edital,Divulgada no PNCP,False,2024-11-28T11:12:40.776230,2024-11-28T11:12:40.776230,2024-11-27,2024-11-27,2025-05-25,21407.6,,False,,,Paulínia,SP,Municipal,Não se aplica,Contrato nº 596/2024,AQUISIÇÃO DE MATERIAL PARA TRABALHO PEDAGÓGICO EM SALAS DE RECURSOS MULTIFUNCIONAIS DA REDE MUNICIPAL DE EDUCAÇÃO DE PAULÍNIA,/contratos/45751435000106/2024/314
45751435000106-2-000319/2024,,2024,319,45751435000106,MUNICIPIO DE PAULINIA,MUNICIPIO DE PAULINIA,Inexigibilidade,Contrato (termo inicial),Ato que autoriza a Contratação Direta,Divulgada no PNCP,False,2024-12-09T09:16:24.484148,2024-12-09T09:16:24.484148,2024-12-06,2024-12-06,2025-06-03,2835.0,,False,,,Paulínia,SP,Municipal,Não se aplica,Contrato nº 610/2024,AÇÃO JUDICIAL COMPRA DE MÓDULO DE BATERIAL RECARREGÁVEL PADRÃO PARA PROCESSADOR DE SOM NUCLEOS - 3351-21.2024.8.26.0428,/contratos/45751435000106/2024/319
45751435000106-2-000320/2024,,2024,320,45751435000106,MUNICIPIO DE PAULINIA,MUNICIPIO DE PAULINIA,Pregão - Eletrônico,Contrato (termo inicial),Edital,Divulgada no PNCP,False,2024-12-09T10:12:18.047124,2024-12-09T10:12:18.047124,2024-12-09,2024-12-09,2025-12-08,48914.47,,False,,,Paulínia,SP,Municipal,Não se aplica,Contrato nº 611/2024,CONTRATAÇÃO DE EMPRESA PARA PRESTAÇÃO DE SERVIÇOS DE MANUTENÇÃO PREVENTIVA E CORRETIVA DE MATERIAIS MÉDICOS HOSPITALARES E INSTRUMENTAIS CIRÚRGICOS,/contratos/45751435000106/2024/320
45751435000106-2-000333/2024,,2024,333,45751435000106,MUNICIPIO DE PAULINIA,MUNICIPIO DE PAULINIA,Dispensa,Contrato (termo inicial),Ato que autoriza a Contratação Direta,Divulgada no PNCP,False,2024-12-16T16:35:13.356477,2024-12-16T16:35:13.356477,2024-12-16,2024-12-16,2025-06-15,1339.2,,False,,,Paulínia,SP,Municipal,Não se aplica,Contrato nº 631/2024,AQUISIÇÃO DE MATERIAIS MÉDICO HOSPITALARES NECESSÁRIOS PARA CUMPRIMENTO DE AÇÃO JUDICIAL PROCESSO DIGITAL Nº 1005006-79.2022.8.26.0428,/contratos/45751435000106/2024/333
45751435000106-2-000347/2024,,2024,347,45751435000106,MUNICIPIO DE PAULINIA,MUNICIPIO DE PAULINIA,Pregão - Eletrônico,Contrato (termo inicial),Edital,Divulgada no PNCP,False,2025-07-25T16:18:21.239187356,2025-07-25T16:18:21.239187356,2024-07-30,2024-07-30,2025-07-30,4650000.0,,,,,Paulínia,SP,Municipal,Não se aplica,Contrato nº 385/2024,"CONTRATAÇÃO DE EMPRESA PARA LOCAÇÃO DE SISTEMA ANALÍTICO COM AQUISIÇÃO DE TESTES DE BIOQUÍMICA, ENDOCRINOLOGIA E MARCADORES TUMORAIS E INFLAMATÓRIOS",/contratos/45751435000106/2024/347
45751435000106-2-000001/2024,,2024,1,45751435000106,MUNICIPIO DE PAULINIA,Prefeitura Do Município De Paulínia,Inexigibilidade,Empenho,Ato que autoriza a Contratação Direta,Divulgada no PNCP,False,2024-03-21T11:50:43.305359,2024-03-21T11:50:43.305359,2024-03-21,2024-03-21,2024-05-21,5073.0,,False,,,Paulínia,SP,Municipal,Não se aplica,Empenho nº 3638,ANUIDADE DA UNDIME - UNIÃO DOS DIRIGENTES MUNICIPAIS DE EDUCAÇÃO DO ESTADO DE SÃO PAULO,/contratos/45751435000106/2024/1
45751435000106-2-000023/2024,,2024,23,45751435000106,MUNICIPIO DE PAULINIA,Prefeitura Do Município De Paulínia,Inexigibilidade,Contrato (termo inicial),Ato que autoriza a Contratação Direta,Divulgada no PNCP,False,2024-04-25T16:50:39.067967,2024-04-25T16:50:39.067967,2024-04-25,2024-04-25,2025-04-25,11700.0,,False,,,Paulínia,SP,Municipal,Não se aplica,Contrato nº 203/2024,PAGAMENTO DE TAXA DE INSCRIÇÃO POR INEXIGIBILIDADE PARA QUE A EQUIPE DE BASQUETE DE PAULÍNIA POSSA PARTICIPAR DOS CAMPEONATOS DA LIGA METROPOLITANA DE BASQUETE.,/contratos/45751435000106/2024/23
45751435000106-2-000055/2024,,2024,55,45751435000106,MUNICIPIO DE PAULINIA,Prefeitura Do Município De Paulínia,Inexigibilidade,Contrato (termo inicial),Ato que autoriza a Contratação Direta,Divulgada no PNCP,False,2024-06-13T17:00:02.619003,2024-06-13T17:00:02.619003,2024-06-13,2024-06-13,2025-06-13,48891.5,,False,,,Paulínia,SP,Municipal,Não se aplica,Contrato nº 311/2024,CONTRATAÇÃO DE EMPRESA ESPECIALIZADA PARA CAPACITAÇÃO DE GESTORES EM QUESTÕES RELACIONADAS À HUMANIZAÇÃO DO CUIDADO E DESENVOLVIMENTO GERENCIAL.,/contratos/45751435000106/2024/55
45751435000106-2-000098/2024,,2024,98,45751435000106,MUNICIPIO DE PAULINIA,MUNICIPIO DE PAULINIA,Pregão - Eletrônico,Contrato (termo inicial),Edital,Divulgada no PNCP,False,2024-07-19T16:15:10.346977,2024-07-19T16:15:54.173896,2024-07-19,2024-07-19,2024-07-19,0.0,,False,,,Paulínia,SP,Municipal,Não se aplica,Contrato nº 358/2024,"AQUISIÇÃO DE MATERIAIS PARA CIRURGIA ORTOPÉDICA E OUTROS PROCEDIMENTOS, EM SISTEMA DE CONSIGNAÇÃO PADRONIZADOS PELA TABELA SUS",/contratos/45751435000106/2024/98
45751435000106-2-000124/2024,,2024,124,45751435000106,MUNICIPIO DE PAULINIA,Prefeitura Do Município De Paulínia,Pregão - Eletrônico,Contrato (termo inicial),Edital,Divulgada no PNCP,False,2024-07-31T11:32:49.473729,2024-07-31T11:33:16.278531,2024-07-30,2024-07-30,2025-07-30,4650000.0,,False,,,Paulínia,SP,Municipal,Não se aplica,Contrato nº 385/2024,"CONTRATAÇÃO DE EMPRESA PARA LOCAÇÃO DE SISTEMA ANALÍTICO COM AQUISIÇÃO DE TESTES DE BIOQUÍMICA, ENDOCRINOLOGIA E MARCADORES TUMORAIS E INFLAMATÓRIOS",/contratos/45751435000106/2024/124
45751435000106-2-000126/2024,,2024,126,45751435000106,MUNICIPIO DE PAULINIA,Prefeitura Do Município De Paulínia,Inexigibilidade,Contrato (termo inicial),Ato que autoriza a Contratação Direta,Divulgada no PNCP,False,2024-07-31T11:41:52.155372,2024-07-31T11:42:07.973976,2024-07-30,2024-07-30,2024-09-28,4000.0,,False,,,Paulínia,SP,Municipal,Não se aplica,Contrato nº 386/2024,Contratação de empresa especializada para prestação de serviços de Oficina : “O SUAS Dialogando com o Sistema Justiça : Construindo Devolutivas”.  PRESENCIAL,/contratos/45751435000106/2024/126
45751435000106-2-000204/2024,,2024,204,45751435000106,MUNICIPIO DE PAULINIA,Prefeitura Do Município De Paulínia,Dispensa,Contrato (termo inicial),Ato que autoriza a Contratação Direta,Divulgada no PNCP,False,2024-09-17T11:09:13.317773,2024-09-17T11:09:13.317773,2024-09-17,2024-09-17,2025-09-17,46400.0,,False,,,Paulínia,SP,Municipal,Não se aplica,Contrato nº 479/2024,CONTRATAÇÃO DE INSTITUIÇÃO DE ENSINO ESPECIALIZADA NA REALIZAÇÃO DE CURSOS PROFISSIONALIZANTES DESTINADOS A QUALIFICAÇÃO DA MÃO DE OBRA DO MUNÍCIPE PAULINENSE. ,/contratos/45751435000106/2024/204
45751435000106-2-000206/2024,,2024,206,45751435000106,MUNICIPIO DE PAULINIA,MUNICIPIO DE PAULINIA,Pregão - Eletrônico,Contrato (termo inicial),Edital,Divulgada no PNCP,False,2024-09-17T12:02:10.830871,2024-09-17T12:02:43.026478,2024-09-17,2024-09-17,2024-09-17,0.0,,False,,,Paulínia,SP,Municipal,Não se aplica,Contrato nº 481/2024,"CONTRATAÇÃO DE EMPRESA PARA FORNECIMENTO DE SISTEMA DE CHAMADA DE ENFERMAGEM, CONTEMPLANDO SERVIÇO DE MÃO DE OBRA ESPECIALIZADA PARA INSTALAÇÃO",/contratos/45751435000106/2024/206
45751435000106-2-000207/2024,,2024,207,45751435000106,MUNICIPIO DE PAULINIA,Prefeitura Do Município De Paulínia,Pregão - Eletrônico,Contrato (termo inicial),Edital,Divulgada no PNCP,False,2024-09-17T12:44:02.252135,2024-09-17T12:44:02.252135,2024-09-17,2024-09-17,2025-09-17,67200.0,,False,,,Paulínia,SP,Municipal,Não se aplica,Contrato nº 482/2024,REGISTRO DE PREÇOS PARA AQUISIÇÃO DE ÁGUA NATURAL SEM GÁS PARA ATENDIMENTO DOS DEPARTAMENTOS DA ADMINISTRAÇÃO,/contratos/45751435000106/2024/207
45751435000106-2-000218/2024,,2024,218,45751435000106,MUNICIPIO DE PAULINIA,Prefeitura Do Município De Paulínia,Inexigibilidade,Contrato (termo inicial),Ato que autoriza a Contratação Direta,Divulgada no PNCP,False,2024-09-19T10:33:18.140534,2024-09-19T10:33:25.141577,2024-09-19,2024-09-19,2024-11-18,22000.0,,False,,,Paulínia,SP,Municipal,Não se aplica,Contrato nº 494/2024,"Contratação de palestrante para realização de palestra sobre o tema “RACISMO INSTITUCIONAL: O QUE É E COMO COMBATÊ-LO?”, na Semana do Servidor",/contratos/45751435000106/2024/218
45751435000106-2-000235/2024,,2024,235,45751435000106,MUNICIPIO DE PAULINIA,MUNICIPIO DE PAULINIA,Inexigibilidade,Contrato (termo inicial),Ato que autoriza a Contratação Direta,Divulgada no PNCP,False,2024-09-30T15:25:11.557160,2024-09-30T15:25:20.896605,2024-09-30,2024-09-30,2025-03-29,0.0,,False,,,Paulínia,SP,Municipal,Não se aplica,Contrato nº 515/2024,"INSCRIÇÃO DE SERVIDORES PARA PARTICIPAÇÃO NO 5° CONGRESSO BRASILEIRO DE POLÍTICA, PLANEJAMENTO E GESTÃO EM SAÚDE (PPGS - ABRASCO).",/contratos/45751435000106/2024/235
45751435000106-2-000273/2024,,2024,273,45751435000106,MUNICIPIO DE PAULINIA,MUNICIPIO DE PAULINIA,Dispensa,Contrato (termo inicial),Ato que autoriza a Contratação Direta,Divulgada no PNCP,False,2024-11-06T09:53:52.680069,2024-11-06T09:54:44.990713,2024-11-06,2024-11-06,2025-05-02,3420.0,,False,,,Paulínia,SP,Municipal,Não se aplica,Contrato nº 554/2024,"AQUISIÇÃO DE MEDICAMENTO MANIPULADO PARA CUMPRIMENTO DE AÇÃO JUDICIAL PROCESSO DIGITAL Nº 0003399-92.2015.8.26.0428, REQUERENTE ""V.A. D"".",/contratos/45751435000106/2024/273
45751435000106-2-000312/2024,,2024,312,45751435000106,MUNICIPIO DE PAULINIA,MUNICIPIO DE PAULINIA,Pregão - Eletrônico,Contrato (termo inicial),Edital,Divulgada no PNCP,False,2024-11-28T10:40:40.948018,2024-11-28T10:40:40.948018,2024-11-27,2024-11-27,2025-05-25,2550.0,,False,,,Paulínia,SP,Municipal,Não se aplica,Contrato nº 594/2024,AQUISIÇÃO DE MATERIAL PARA TRABALHO PEDAGÓGICO EM SALAS DE RECURSOS MULTIFUNCIONAIS DA REDE MUNICIPAL DE EDUCAÇÃO DE PAULÍNIA,/contratos/45751435000106/2024/312
45751435000106-2-000318/2024,,2024,318,45751435000106,MUNICIPIO DE PAULINIA,MUNICIPIO DE PAULINIA,Pregão - Eletrônico,Contrato (termo inicial),Edital,Divulgada no PNCP,False,2024-12-04T11:22:16.184504,2024-12-04T11:22:16.184504,2024-12-04,2024-12-04,2029-12-03,17195000.0,,False,,,Paulínia,SP,Municipal,Não se aplica,Contrato nº 609/2024,CONTRATAÇÃO DE EMPRESA/ CONSORCIO DE EMPRESAS PARA LICENCIAMENTO DE USO TEMPORÁRIO DE SISTEMA PARA A MODERNIZAÇÃO DA ADMINISTRAÇÃO TRIBUTÁRIA MUNICIPAL,/contratos/45751435000106/2024/318
45751435000106-2-000332/2024,,2024,332,45751435000106,MUNICIPIO DE PAULINIA,MUNICIPIO DE PAULINIA,Dispensa,Contrato (termo inicial),Ato que autoriza a Contratação Direta,Divulgada no PNCP,False,2024-12-16T16:35:00.791640,2024-12-16T16:35:00.791640,2024-12-16,2024-12-16,2025-06-15,32400.0,,False,,,Paulínia,SP,Municipal,Não se aplica,Contrato nº 630/2024,AQUISIÇÃO DE MATERIAIS MÉDICO HOSPITALARES NECESSÁRIOS PARA CUMPRIMENTO DE AÇÃO JUDICIAL PROCESSO DIGITAL Nº 1005006-79.2022.8.26.0428,/contratos/45751435000106/2024/332
45751435000106-2-000339/2024,,2024,339,45751435000106,MUNICIPIO DE PAULINIA,MUNICIPIO DE PAULINIA,Dispensa,Contrato (termo inicial),Ato que autoriza a Contratação Direta,Divulgada no PNCP,False,2024-12-19T08:49:38.550445,2024-12-19T08:49:38.550445,2024-12-18,2024-12-18,2025-06-15,6960.0,,False,,,Paulínia,SP,Municipal,Não se aplica,Contrato nº 645/2024,CONTRATAÇÃO DE SERVIÇOS LABORATORIAIS PARA CUMPRIMENTO DE AÇÃO JUDICIAL - REALIZAÇÃO DE EXAME DE INVESTIGAÇÃO MOLECULAR/DEFICIENCIA DE BIOTINIDASE.,/contratos/45751435000106/2024/339
45751435000106-2-000341/2024,,2024,341,45751435000106,MUNICIPIO DE PAULINIA,MUNICIPIO DE PAULINIA,Pregão - Eletrônico,Contrato (termo inicial),Edital,Divulgada no PNCP,False,2024-12-19T09:51:11.534162,2024-12-19T09:51:11.534162,2024-12-18,2024-12-18,2026-03-17,11842400.0,,False,,,Paulínia,SP,Municipal,Não se aplica,Contrato nº 648/2024,CONTRATAÇÃO DE EMPRESA / CONSÓRCIO DE EMPRESAS PARA FORNECIMENTO DE SOLUÇÃO DE INFRAESTRUTURA DE REDE POL (PASSIVE OPTICAL LAN),/contratos/45751435000106/2024/341
45751435000106-2-000342/2024,,2024,342,45751435000106,MUNICIPIO DE PAULINIA,MUNICIPIO DE PAULINIA,Pregão - Eletrônico,Contrato (termo inicial),Edital,Divulgada no PNCP,False,2024-12-19T10:14:52.147303,2024-12-19T10:14:52.147303,2024-12-19,2024-12-19,2029-12-18,1008000.0,,False,,,Paulínia,SP,Municipal,Não se aplica,Contrato nº 650/2024,"CONTRATAÇÃO DE EMPRESA ESPECIALIZADA PARA PRESTAÇÃO DE SERVIÇOS DE MANUTENÇÃO PREVENTIVA, CORRETIVA E ATENDIMENTO EMERGENCIAL EM ELEVADORES, PLATAFORMAS ACESSÍVEIS E MONTA CARGAS",/contratos/45751435000106/2024/342
45751435000106-2-000018/2024,,2024,18,45751435000106,MUNICIPIO DE PAULINIA,Prefeitura Do Município De Paulínia,Inexigibilidade,Contrato (termo inicial),Ato que autoriza a Contratação Direta,Divulgada no PNCP,False,2024-04-22T15:21:00.678901,2024-04-22T15:21:00.678901,2024-04-16,2024-04-16,2025-04-16,10000.0,,False,,,Paulínia,SP,Municipal,Não se aplica,Contrato nº 178/2024,"PAGAMENTO DE TAXA DE INSCRIÇÃO NAS ETAPAS DA LIGA METROPOLITANA DE TÊNIS DE MESA, PARA ATLETAS NÍVEL BRONZE, REFERENTE AO ANO DE 2024.",/contratos/45751435000106/2024/18
45751435000106-2-000049/2024,,2024,49,45751435000106,MUNICIPIO DE PAULINIA,Prefeitura Do Município De Paulínia,Inexigibilidade,Contrato (termo inicial),Ato que autoriza a Contratação Direta,Divulgada no PNCP,False,2024-06-06T11:12:53.557680,2024-06-06T11:12:53.557680,2024-06-06,2024-06-06,2024-08-05,18985.0,,False,,,Paulínia,SP,Municipal,Não se aplica,Contrato nº 298/2024,"PAGAMENTO DE INSCRIÇÃO PARA 5 SERVIDORES , PARA PARTICIPAÇÃO DO 2º CONGRESSO BRASILEIRO 14.133, NOS DIA 12 A 14 JUNHO, EM FORTALEZA/CE.",/contratos/45751435000106/2024/49
45751435000106-2-000052/2024,,2024,52,45751435000106,MUNICIPIO DE PAULINIA,Prefeitura Do Município De Paulínia,Dispensa,Contrato (termo inicial),Ato que autoriza a Contratação Direta,Divulgada no PNCP,False,2024-06-11T11:56:24.964016,2024-06-11T11:56:24.964016,2024-05-27,2024-05-27,2025-05-27,1899900.0,,False,,,Paulínia,SP,Municipal,Não se aplica,Contrato nº 273/2024,"Lote 3 – Coleta, transporte, tratamento e destinação final ambientalmente adequada dos resíduos sólidos dos serviços de saúde dos Grupos A, B, E e Zoonoses.",/contratos/45751435000106/2024/52
45751435000106-2-000106/2024,,2024,106,45751435000106,MUNICIPIO DE PAULINIA,MUNICIPIO DE PAULINIA,Pregão - Eletrônico,Contrato (termo inicial),Edital,Divulgada no PNCP,False,2024-07-22T15:18:39.723931,2024-07-22T15:19:27.952852,2024-07-22,2024-07-22,2024-07-22,0.0,,False,,,Paulínia,SP,Municipal,Não se aplica,Contrato nº 360/2024,"AQUISIÇÃO DE MATERIAIS PARA CIRURGIA ORTOPÉDICA E OUTROS PROCEDIMENTOS , EM SISITEMA DE CONSIGNAÇÃO, PADRONIZADOS PELA TABELA SUS.",/contratos/45751435000106/2024/106
45751435000106-2-000108/2024,,2024,108,45751435000106,MUNICIPIO DE PAULINIA,Prefeitura Do Município De Paulínia,Inexigibilidade,Contrato (termo inicial),Ato que autoriza a Contratação Direta,Divulgada no PNCP,False,2024-07-24T11:59:29.838820,2024-07-24T11:59:29.838820,2024-07-24,2024-07-24,2025-07-25,46550.0,,False,,,Paulínia,SP,Municipal,Não se aplica,Contrato nº 366/2024,CONTRATAÇÃO DE SERVIÇO DE CAPACITAÇÃO DO SISTEMA MANCHESTER PARA O HOSPITAL MUNICIPAL DE PAULÍNIA E PARA O PRONTO ATENDIMENTO DO SÃO JOSÉ.,/contratos/45751435000106/2024/108
45751435000106-2-000114/2024,,2024,114,45751435000106,MUNICIPIO DE PAULINIA,Prefeitura Do Município De Paulínia,Inexigibilidade,Contrato (termo inicial),Ato que autoriza a Contratação Direta,Divulgada no PNCP,False,2024-07-25T11:01:46.333993,2024-07-25T11:01:46.333993,2024-07-25,2024-07-25,2025-07-25,37346.4,,False,,,Paulínia,SP,Municipal,Não se aplica,Contrato nº 371/2024,CONTRATAÇÃO DE LICENÇAS DE USO DE SOFTWARE MATRIX (DIAGNOSIS E CONECT) PARA CONTINUIDADE DOS PROCESSOS DE TRABALHO DO LABORATÓRIO DO HOSPITAL MUNICIPAL DE PAULÍNIA.,/contratos/45751435000106/2024/114
45751435000106-2-000127/2024,,2024,127,45751435000106,MUNICIPIO DE PAULINIA,MUNICIPIO DE PAULINIA,Pregão - Eletrônico,Contrato (termo inicial),Edital,Divulgada no PNCP,False,2024-07-31T16:34:03.556327,2024-07-31T16:34:39.782622,2024-07-30,2024-07-30,2025-07-30,0.0,,False,,,Paulínia,SP,Municipal,Não se aplica,Contrato nº 384/2024,"AQUISIÇÃO DE MATERIAIS DE LIMPEZA E DESCARTÁVEIS PARA ATENDIMENTO DOS DEPARTAMENTOS DA ADMINISTRAÇÃO MUNICIPAL”, VINCULADO À ATA DE REGISTRO DE PREÇOS SOB Nº 452/2024",/contratos/45751435000106/2024/127
45751435000106-2-000184/2024,,2024,184,45751435000106,MUNICIPIO DE PAULINIA,Prefeitura Do Município De Paulínia,Inexigibilidade,Contrato (termo inicial),Ato que autoriza a Contratação Direta,Divulgada no PNCP,False,2024-09-02T10:15:29.858510,2024-09-02T10:15:29.858510,2024-08-30,2024-08-30,2024-11-28,8340.0,,False,,,Paulínia,SP,Municipal,Não se aplica,Contrato nº 454/2024,"Aquisição de calçado ortopédico terapêutico, sob medida com largura e altura, com cabedal de couro de amarar ou velcro, conforme descrito pelo médico ortopedista.",/contratos/45751435000106/2024/184
45751435000106-2-000189/2024,,2024,189,45751435000106,MUNICIPIO DE PAULINIA,MUNICIPIO DE PAULINIA,Pregão - Eletrônico,Contrato (termo inicial),Edital,Divulgada no PNCP,False,2024-09-03T12:06:47.783109,2024-09-03T12:07:23.473539,2024-09-03,2024-09-03,2024-09-03,0.0,,False,,,Paulínia,SP,Municipal,Não se aplica,Contrato nº 460/2024,"AQUISIÇÃO DE MATERIAIS DE LIMPEZA E DESCARTÁVEIS PARA ATENDIMENTO DOS DEPARTAMENTOS DA ADMINISTRAÇÃO MUNICIPAL”, VINCULADO À ATA DE REGISTRO DE PREÇOS SOB Nº 453/2024",/contratos/45751435000106/2024/189
45751435000106-2-000192/2024,,2024,192,45751435000106,MUNICIPIO DE PAULINIA,Prefeitura Do Município De Paulínia,Dispensa,Contrato (termo inicial),Ato que autoriza a Contratação Direta,Divulgada no PNCP,False,2024-09-04T14:34:26.241315,2024-09-04T14:34:37.162350,2024-09-04,2024-09-04,2025-03-03,46384.26,,False,,,Paulínia,SP,Municipal,Não se aplica,Contrato nº 463/2024,"AQUISIÇÃO DE MEDICAMENTO PARA CUMPRIMENTO DE AÇÃO JUDICIAL PROCESSO Nº 1004947-57.2023.8.26.0428, REQUERENTE: ""M.A.D"" E REQUERIDO PREFEITURA MUNICIPAL DE PAULÍNIA.",/contratos/45751435000106/2024/192
45751435000106-2-000232/2024,,2024,232,45751435000106,MUNICIPIO DE PAULINIA,MUNICIPIO DE PAULINIA,Inexigibilidade,Contrato (termo inicial),Ato que autoriza a Contratação Direta,Divulgada no PNCP,False,2024-09-30T10:27:41.866975,2024-09-30T10:28:00.346464,2024-09-30,2024-09-30,2024-11-29,0.0,,False,,,Paulínia,SP,Municipal,Não se aplica,Contrato nº 513/2024,"CONTRATAÇÃO DA PROFESSORA, ESCRITORA E EMPRESÁRIA BARBARA CARINE PARA MINISTRAR DUAS (02) PALESTRAS DE 01 HORA CADA EM COMEMORAÇÃO A SEMANA DA CULTURA NEGRA",/contratos/45751435000106/2024/232
45751435000106-2-000249/2024,,2024,249,45751435000106,MUNICIPIO DE PAULINIA,MUNICIPIO DE PAULINIA,Dispensa,Contrato (termo inicial),Ato que autoriza a Contratação Direta,Divulgada no PNCP,False,2024-10-04T13:16:46.746646,2024-10-04T13:17:09.044185,2024-10-04,2024-10-04,2025-04-02,2532.0,,False,,,Paulínia,SP,Municipal,Não se aplica,Contrato nº 521/2024,"AQUISIÇÃO DE MEDICAMENTOS PARA CUMPRIMENTO DE AÇÃO JUDICIAL, PROCESSO DIGITAL Nº 1003208-15.2024.8.26.0428, REQUERENTE ""Y.A.F"" E REQUERIDO ""PREFEITURA MUNICIPAL DE PAULÍNIA"".",/contratos/45751435000106/2024/249
45751435000106-2-000264/2024,,2024,264,45751435000106,MUNICIPIO DE PAULINIA,MUNICIPIO DE PAULINIA,Inexigibilidade,Contrato (termo inicial),Ato que autoriza a Contratação Direta,Divulgada no PNCP,False,2024-10-31T15:50:38.133480,2024-10-31T15:50:39.040071,2024-10-31,2024-10-31,2025-10-30,38956.0,,False,,,Paulínia,SP,Municipal,Não se aplica,Contrato nº 547/2024,17 - Outras prestações de serviços AQUISIÇÃO DE PRATELEIRAS PARA DOIS ARQUIVOS DESLIZANTES E CONVERSÃO DE ARQUIVO DESLIZANTE DE AUTOMÁTICO PARA MANUA,/contratos/45751435000106/2024/264
45751435000106-2-000281/2024,,2024,281,45751435000106,MUNICIPIO DE PAULINIA,MUNICIPIO DE PAULINIA,Dispensa,Contrato (termo inicial),Ato que autoriza a Contratação Direta,Divulgada no PNCP,False,2024-11-08T09:45:09.049125,2024-11-08T09:45:09.916295,2024-11-06,2024-11-06,2025-05-04,3860.1,,False,,,Paulínia,SP,Municipal,Não se aplica,Contrato nº 558/2024,"AQUISIÇÃO DE MEDICAMENTO IMPORTADO PARA CUMPRIMENTO DE AÇÃO JUDICIAL, PROCESSO 1002218-05.2016.8.26.0428, REQUERENTE: J.G.B E REQUERIDO: ESTADO DE SÃO PAULO E MUNICÍPIO DE PAULÍNIA.",/contratos/45751435000106/2024/281
45751435000106-2-000288/2024,,2024,288,45751435000106,MUNICIPIO DE PAULINIA,MUNICIPIO DE PAULINIA,Pregão - Eletrônico,Contrato (termo inicial),Edital,Divulgada no PNCP,False,2024-11-14T11:10:24.227149,2024-11-14T11:11:23.505882,2024-11-14,2024-11-14,2025-02-11,189940.0,,False,,,Paulínia,SP,Municipal,Não se aplica,Contrato nº 567/2024,CONTRATAÇÃO DE EMPRESA OU CONSÓRCIO DE EMPRESAS PARA AQUISIÇÃO E INSTALAÇÃO DE APARELHOS DE AR CONDICIONADO NOS IMÓVEIS DA SECRETARIA DE ASSISTÊNCIA SOCIAL,/contratos/45751435000106/2024/288
45751435000106-2-000316/2024,,2024,316,45751435000106,MUNICIPIO DE PAULINIA,MUNICIPIO DE PAULINIA,Dispensa,Contrato (termo inicial),Ato que autoriza a Contratação Direta,Divulgada no PNCP,False,2024-12-04T10:19:23.555579,2024-12-04T10:19:23.555579,2024-12-04,2024-12-04,2025-06-03,2407.9,,False,,,Paulínia,SP,Municipal,Não se aplica,Contrato nº 607/2024,"AQUISIÇÃO NECESSÁRIA PARA CUMPRIMENTO DE AÇÃO JUDICIAL, PROCESSO DIGITAL Nº 1005067-66.2024.8.26.0428, REQUERENTE H.F.M E REQUERIDO PREFEITURA MUNICIPAL DE PAULÍNIA.",/contratos/45751435000106/2024/316
45751435000106-2-000337/2024,,2024,337,45751435000106,MUNICIPIO DE PAULINIA,MUNICIPIO DE PAULINIA,Pregão - Eletrônico,Contrato (termo inicial),Edital,Divulgada no PNCP,False,2024-12-18T10:37:11.812541,2024-12-18T10:37:11.812541,2024-12-18,2024-12-18,2025-12-17,24900.0,,False,,,Paulínia,SP,Municipal,Não se aplica,Contrato nº 638/2024,"AQUISIÇÃO DE CONJUNTO LEGO E NOTEBOOK PARA ATENDIMENTO AOS ALUNOS DA REDE MUNICIPAL DE PAULÍNIA, NO APRENDIZADO DE TÉCNICAS DE PRODUÇÃO AUDIOVISUAL STOPMOTION E ROBÓTICA EDUCACIONAL",/contratos/45751435000106/2024/337
45751435000106-2-000338/2024,,2024,338,45751435000106,MUNICIPIO DE PAULINIA,MUNICIPIO DE PAULINIA,Pregão - Eletrônico,Contrato (termo inicial),Edital,Divulgada no PNCP,False,2024-12-18T16:57:01.181864,2024-12-18T16:57:01.181864,2024-12-18,2024-12-18,2025-12-17,0.0,,False,,,Paulínia,SP,Municipal,Não se aplica,Contrato nº 644/2024,"REGISTRO DE PREÇOS PARA LOCAÇÃO DE GALPÕES, PISOS, COBERTURAS ESPECIAIS, ESTRUTURAS DE BOX TRUS E DEMAIS ITENS PARA REALIZAÇÃO DE EVENTOS NO MUNICIPIO DE PAULÍNIA",/contratos/45751435000106/2024/338
45751435000106-2-000010/2024,,2024,10,45751435000106,MUNICIPIO DE PAULINIA,Prefeitura Do Município De Paulínia,Dispensa,Contrato (termo inicial),Ato que autoriza a Contratação Direta,Divulgada no PNCP,False,2024-04-01T18:32:58.473293,2024-04-01T18:32:58.473293,2024-03-05,2024-03-05,2025-03-05,588.0,,False,,,Paulínia,SP,Municipal,Não se aplica,Contrato nº 71/2024,"AQUISIÇÃO NECESSÁRIA PARA CUMPRIMENTO DE MANDADO JUDICIAL, PROCESSO DIGITAL Nº 428.01.2011.002554-3, REQUERENTE ""A.S.B.J"" E REQUERIDO PREFEITURA MUNICIPAL DE PAULÍNIA.",/contratos/45751435000106/2024/10
45751435000106-2-000014/2024,,2024,14,45751435000106,MUNICIPIO DE PAULINIA,Prefeitura Do Município De Paulínia,Inexigibilidade,Contrato (termo inicial),Ato que autoriza a Contratação Direta,Divulgada no PNCP,False,2024-04-12T09:18:35.630270,2024-04-12T09:18:35.630270,2024-04-11,2024-04-11,2025-04-11,47910.0,,False,,,Paulínia,SP,Municipal,Não se aplica,Contrato nº 177/2024,"PAGAMENTO DE TAXA DE INSCRIÇÃO E ARBITRAGEM NOS CAMPEONATOS DA LIGA PAULISTA DE FUTSAL, NAS CATEGORIAS MASCULINAS (SUB11, SUB13, SUB15, SUB17 E SUB20), REFERENTE AO ANO DE 2024.",/contratos/45751435000106/2024/14
45751435000106-2-000030/2024,,2024,30,45751435000106,MUNICIPIO DE PAULINIA,Prefeitura Do Município De Paulínia,Inexigibilidade,Contrato (termo inicial),Ato que autoriza a Contratação Direta,Divulgada no PNCP,False,2024-04-30T16:03:30.018384,2024-04-30T16:03:30.018384,2024-04-24,2024-04-24,2024-06-23,4500.0,,False,,,Paulínia,SP,Municipal,Não se aplica,Contrato nº 214/2024,"CONTRATAÇÃO DA PROFISSIONAL GRACIENE ALVES DE LIMA CEOLIN, ESPECIALIZADA EM ESTRATÉGIAS PARA A EMPREGABILIDADE JOVEM, PARA MINISTRAR PALESTRA DO PRIMEIRO EMPREGO AOS JOVENS PAULINENSES",/contratos/45751435000106/2024/30
45751435000106-2-000042/2024,,2024,42,45751435000106,MUNICIPIO DE PAULINIA,Prefeitura Do Município De Paulínia,Inexigibilidade,Contrato (termo inicial),Ato que autoriza a Contratação Direta,Divulgada no PNCP,False,2024-05-22T11:08:29.937056,2024-05-22T11:08:29.937056,2024-05-21,2024-05-21,2025-05-21,14200.0,,False,,,Paulínia,SP,Municipal,Não se aplica,Contrato nº 258/2024,"PAGAMENTO DE TAXA DE INSCRIÇÃO NO TORNEIO DA INTERCLUBES CAMPINAS BASQUETEBOL MASTER, PARA AS CATEGORIAS 40+ E 50+, REFERENTE AO ANO DE 2024.",/contratos/45751435000106/2024/42
45751435000106-2-000043/2024,,2024,43,45751435000106,MUNICIPIO DE PAULINIA,Prefeitura Do Município De Paulínia,Inexigibilidade,Contrato (termo inicial),Ato que autoriza a Contratação Direta,Divulgada no PNCP,False,2024-05-22T11:23:57.016967,2024-05-22T11:23:57.016967,2024-05-21,2024-05-21,2024-11-17,43078.0,,False,,,Paulínia,SP,Municipal,Não se aplica,Contrato nº 256/2024,"AQUISIÇÃO DE BOMBA DE INSULINA E INSUMOS PARA CUMPRIMENTO DE AÇÃO JUDICIAL PROCESSO DIGITAL Nº 0000702-83.2024.8.260428 - EXEQUENTE: ""L.Z.A"" E EXECUTADO: PREFEITURA MUNICIPAL DE PAULÍNIA.

",/contratos/45751435000106/2024/43
45751435000106-2-000053/2024,,2024,53,45751435000106,MUNICIPIO DE PAULINIA,Prefeitura Do Município De Paulínia,Dispensa,Contrato (termo inicial),Ato que autoriza a Contratação Direta,Divulgada no PNCP,False,2024-06-12T11:19:54.596852,2024-06-12T11:19:54.596852,2024-06-11,2024-06-11,2025-06-11,3420.0,,False,,,Paulínia,SP,Municipal,Não se aplica,Contrato nº 306/2024,"AQUISIÇÃO DE MEDICAMENTOS MANIPULADO PARA CUMPRIMENTO DE AÇÃO JUDICIAL PROCESSO DIGITAL Nº 00033399-92.2015.8.26.0428, REQUERENTE ""V.A.D"" E REQUERIDO PREFEITURA MUNICIPAL DE PAULÍNIA,",/contratos/45751435000106/2024/53
45751435000106-2-000096/2024,,2024,96,45751435000106,MUNICIPIO DE PAULINIA,Prefeitura Do Município De Paulínia,Pregão - Eletrônico,Contrato (termo inicial),Edital,Divulgada no PNCP,False,2024-07-16T11:56:42.004331,2024-07-16T11:56:57.175511,2024-07-11,2024-07-11,2025-07-11,108000.0,,False,,,Paulínia,SP,Municipal,Não se aplica,Contrato nº 349/2024,CONTRATAÇÃO DE EMPRESA OU PROFISSIONAL PARA PRESTAÇÃO DE SERVIÇO TÉCNICO ESPECIALIZADO DE ORIENTAÇÃO E MOBILIDADE PARA DEFICIENTES VISUAIS DA REDE PÚBLICA DE ENSINO DO MUNICÍPIO,/contratos/45751435000106/2024/96
45751435000106-2-000116/2024,,2024,116,45751435000106,MUNICIPIO DE PAULINIA,Prefeitura Do Município De Paulínia,Inexigibilidade,Contrato (termo inicial),Ato que autoriza a Contratação Direta,Divulgada no PNCP,False,2024-07-25T13:42:10.678845,2024-07-25T13:45:19.901384,2024-07-25,2024-07-25,2025-07-25,120790.2,,False,,,Paulínia,SP,Municipal,Não se aplica,Contrato nº 372/2024,"CONTRATAÇÃO DE EMPRESA ESPECIALIZADA PARA DESENVOLVER O PROJETO “SOU HOMEM, SINTO E FALO”: GRUPO REFLEXIVO PARA HOMENS AUTORES DE VIOLENCIA DOMESTICA CONTRA MULHERES.",/contratos/45751435000106/2024/116
45751435000106-2-000140/2024,,2024,140,45751435000106,MUNICIPIO DE PAULINIA,MUNICIPIO DE PAULINIA,Pregão - Eletrônico,Contrato (termo inicial),Edital,Divulgada no PNCP,False,2024-08-12T11:03:51.336674,2024-08-12T11:04:03.716494,2024-08-12,2024-08-12,2025-08-12,0.0,,False,,,Paulínia,SP,Municipal,Não se aplica,Contrato nº 404/2024,"AQUISIÇÃO DE ÁGUA NATURAL SEM GÁS PARA ATENDIMENTO DOS DEPARTAMENTOS DA ADMINISTRAÇÃO”, VINCULADO À ATA DE REGISTRO DE PREÇOS SOB Nº 420/2024",/contratos/45751435000106/2024/140
45751435000106-2-000248/2024,,2024,248,45751435000106,MUNICIPIO DE PAULINIA,Prefeitura Do Município De Paulínia,Dispensa,Contrato (termo inicial),Ato que autoriza a Contratação Direta,Divulgada no PNCP,False,2024-10-04T13:11:53.605603,2024-10-04T13:11:53.605603,2024-10-04,2024-10-04,2025-04-02,2532.0,,False,,,Paulínia,SP,Municipal,Não se aplica,Contrato nº 521/2024,"AQUISIÇÃO DE MEDICAMENTOS PARA CUMPRIMENTO DE AÇÃO JUDICIAL, PROCESSO DIGITAL Nº 1003208-15.2024.8.26.0428, REQUERENTE ""Y.A.F"" E REQUERIDO ""PREFEITURA MUNICIPAL DE PAULÍNIA"".",/contratos/45751435000106/2024/248
45751435000106-2-000262/2024,,2024,262,45751435000106,MUNICIPIO DE PAULINIA,MUNICIPIO DE PAULINIA,Pregão - Eletrônico,Contrato (termo inicial),Edital,Divulgada no PNCP,False,2024-10-30T09:08:11.354044,2024-10-30T09:10:04.595072,2024-10-29,2024-10-29,2025-10-28,71100.0,,False,,,Paulínia,SP,Municipal,Não se aplica,Contrato nº 542/2024,"AQUISIÇÃO DE MATERIAIS DE LIMPEZA E DESCARTÁVEIS PARA ATENDIMENTO DOS DEPARTAMENTOS DA ADMINISTRAÇÃO MUNICIPAL, VINCULADO À ATA DE REGISTRO DE PREÇOS SOB Nº 457/2024",/contratos/45751435000106/2024/262
45751435000106-2-000266/2024,,2024,266,45751435000106,MUNICIPIO DE PAULINIA,MUNICIPIO DE PAULINIA,Pregão - Eletrônico,Contrato (termo inicial),Edital,Divulgada no PNCP,False,2024-11-01T12:22:13.460855,2024-11-01T12:22:34.795231,2024-10-31,2024-10-31,2026-01-30,0.0,,False,,,Paulínia,SP,Municipal,Não se aplica,Contrato nº 548/2024,"CONTRATAÇÃO DE EMPRESA OU CONSÓRCIO DE EMPRESAS PARA PRESTAÇÃO DE SERVIÇOS DE TELEFONIA MÓVEL PESSOAL (SMP) COM FRANQUIA DE INTERNET PARA ALUNOS E PROFISSIONAIS DA REDE PÚBLICA DE ENSINO, COM FORNECIMENTO DE CHIP",/contratos/45751435000106/2024/266
45751435000106-2-000269/2024,,2024,269,45751435000106,MUNICIPIO DE PAULINIA,MUNICIPIO DE PAULINIA,Pregão - Eletrônico,Contrato (termo inicial),Edital,Divulgada no PNCP,False,2024-11-05T13:53:42.830891,2024-11-05T14:05:38.437456,2024-11-05,2024-11-05,2024-11-05,139780.0,,False,,,Paulínia,SP,Municipal,Não se aplica,Contrato nº 550/2024,PROCEDIMENTO CIRURGICO DE OSTEOTOMIAS E/OUPSEUDARTROSES - TRATAMENTO CIRURGICO BILALTERAL PARA .REALIZAÇÃO DO 1] TEMPO CIRURGICO E CUMPRIMENTO AÇÃO JUDICIAL NOS AUTOS DO PROCESSO -Nº1002553-77.2023.8.2.0428,/contratos/45751435000106/2024/269
45751435000106-2-000278/2024,,2024,278,45751435000106,MUNICIPIO DE PAULINIA,MUNICIPIO DE PAULINIA,Inexigibilidade,Contrato (termo inicial),Ato que autoriza a Contratação Direta,Divulgada no PNCP,False,2024-11-06T15:46:56.172818,2024-11-06T15:47:35.616267,2024-11-06,2024-11-06,2025-11-05,136500.0,,False,,,Paulínia,SP,Municipal,Não se aplica,Contrato nº 557/2024,"CUMPRIMENTO DE DECISÃO JUDICIAL NOS AUTOS DO PROCESSO Nº 1003796- 66.2017.8.26.0428 (MANDADO DE SEGURANÇA), IMPETRANTE ""B.B.A.A."" E IMPETRADO ""PREFEITURA MUNICIPAL DE PAULÍNIA",/contratos/45751435000106/2024/278
45751435000106-2-000300/2024,,2024,300,45751435000106,MUNICIPIO DE PAULINIA,MUNICIPIO DE PAULINIA,Pregão - Eletrônico,Contrato (termo inicial),Edital,Divulgada no PNCP,False,2024-11-25T12:40:39.912129,2024-11-25T12:40:39.912129,2024-11-25,2024-11-25,2024-11-25,113250.0,,False,,,Paulínia,SP,Municipal,Não se aplica,Contrato nº 581/2024,AQUISIÇÃO DE KITS LANCHE PARA REALIZAÇÃO DE EVENTOS NO MUNICÍPIO DE PAULÍNIA,/contratos/45751435000106/2024/300
45751435000106-2-000345/2024,,2024,345,45751435000106,MUNICIPIO DE PAULINIA,MUNICIPIO DE PAULINIA,Inexigibilidade,Contrato (termo inicial),Ato que autoriza a Contratação Direta,Divulgada no PNCP,False,2025-01-06T11:48:39.316809,2025-01-06T11:48:39.316809,2024-12-20,2024-12-20,2025-12-19,6144.0,,False,,,Paulínia,SP,Municipal,Não se aplica,Contrato nº 654/2024,"CONTRATAÇÃO DE EMPRESA ESPECIALIZADA PARA CONTINUIDADE DA CERTIFICAÇÃO DE QUALIDADE DA AGÊNCIA TRANSFUSIONAL DO HOSPITAL MUNICIPAL DE PAULÍNIA, ATRAVÉS DE CONTROLE DE QUALIDADE EXTERNO EM IMUNO-HEMATOLOGIA.",/contratos/45751435000106/2024/345
45751435000106-2-000346/2024,,2024,346,45751435000106,MUNICIPIO DE PAULINIA,MUNICIPIO DE PAULINIA,Pregão - Eletrônico,Contrato (termo inicial),Edital,Divulgada no PNCP,False,2025-01-06T14:45:10.224896,2025-01-06T14:45:10.224896,2024-12-20,2024-12-20,2025-12-19,104160.0,,False,,,Paulínia,SP,Municipal,Não se aplica,Contrato nº 655/2024,AQUISIÇÃO DE ÁGUA NATURAL SEM GÁS PARA ATENDIMENTO DOS DEPARTAMENTOS DA ADMINISTRAÇÃO,/contratos/45751435000106/2024/346
45751435000106-2-000033/2024,,2024,33,45751435000106,MUNICIPIO DE PAULINIA,Prefeitura Do Município De Paulínia,Inexigibilidade,Contrato (termo inicial),Ato que autoriza a Contratação Direta,Divulgada no PNCP,False,2024-05-08T16:21:47.781340,2024-05-08T16:21:47.781340,2024-05-08,2024-05-08,2025-05-08,29400.0,,False,,,Paulínia,SP,Municipal,Não se aplica,Contrato nº 241/2024,"PAGAMENTO DE TAXA DE INSCRIÇÃO PARA PARTICIPAÇÃO NAS ETAPAS DO CIRCUITO A.R.N., NAS CATEGORIAS DE 07 A 19 ANOS E DE 20 A 70 ANOS, REFERENTE AO ANO DE 2024.",/contratos/45751435000106/2024/33
45751435000106-2-000044/2024,,2024,44,45751435000106,MUNICIPIO DE PAULINIA,Prefeitura Do Município De Paulínia,Dispensa,Contrato (termo inicial),Ato que autoriza a Contratação Direta,Divulgada no PNCP,False,2024-05-23T08:48:34.484337,2024-05-23T08:48:34.484337,2024-05-21,2024-05-21,2024-11-17,1719.2,,False,,,Paulínia,SP,Municipal,Não se aplica,Contrato nº 257/2024,"AQUISIÇÃO DE INSULINA E INSUMOS PARA DETECÇÃO DE DIABETES NECESSÁRIOS PARA CUMPRIMENTO DE AÇÃO JUDICIAL PROCESSO Nº 0000702-83.2024.8.26.0428 EXEQUENTE ""L.Z.A"" E EXECUTADO PREFEITURA MUNICIPAL DE PAULÍNIA.",/contratos/45751435000106/2024/44
45751435000106-2-000048/2024,,2024,48,45751435000106,MUNICIPIO DE PAULINIA,Prefeitura Do Município De Paulínia,Dispensa,Contrato (termo inicial),Ato que autoriza a Contratação Direta,Divulgada no PNCP,False,2024-06-05T09:38:28.462073,2024-06-05T09:38:28.462073,2024-06-04,2024-06-04,2024-12-01,3990.0,,False,,,Paulínia,SP,Municipal,Não se aplica,Contrato nº 295/2024,"AQUISIÇÃO DE INSULINA E INSUMOS PARA DETECÇÃO DE DIABETES NECESSÁRIOS PARA CUMPRIMENTO DE AÇÃO JUDICIAL PROCESSO Nº 0000702-83.2024.8.26.0428 EXEQUENTE ""L.Z.A"" E EXECUTADO PREFEITURA MUNICIPAL DE PAULÍNIA.",/contratos/45751435000106/2024/48
45751435000106-2-000062/2024,,2024,62,45751435000106,MUNICIPIO DE PAULINIA,MUNICIPIO DE PAULINIA,Pregão - Eletrônico,Contrato (termo inicial),Edital,Divulgada no PNCP,False,2024-06-18T15:47:51.108447,2024-06-18T15:47:51.108447,2024-06-06,2024-06-06,2025-06-06,32800.0,,False,,,Paulínia,SP,Municipal,Não se aplica,Contrato nº 303/2024,AQUISIÇÃO DE EQUIPAMENTOS MEDICOS HOSPITALARES PARA ESTRUTURAÇÃO DO CENTRO OBSTETRICO DO HOSPITAL MUNICIPAL,/contratos/45751435000106/2024/62
45751435000106-2-000137/2024,,2024,137,45751435000106,MUNICIPIO DE PAULINIA,Prefeitura Do Município De Paulínia,Inexigibilidade,Contrato (termo inicial),Ato que autoriza a Contratação Direta,Divulgada no PNCP,False,2024-08-07T13:33:23.584329,2024-08-07T13:33:23.584329,2024-08-07,2024-08-07,2024-10-04,8000.0,,False,,,Paulínia,SP,Municipal,Não se aplica,Contrato nº 397/2024,"Contratação de empresa para treinamento, com objetivo de capacitar os Gestores e Fiscais de Contratos Administrativos de todas as Secretarias, bem como o corpo técnico da Divisão de Contratos da Secretaria de Administração. ",/contratos/45751435000106/2024/137
45751435000106-2-000226/2024,,2024,226,45751435000106,MUNICIPIO DE PAULINIA,Prefeitura Do Município De Paulínia,Inexigibilidade,Contrato (termo inicial),Ato que autoriza a Contratação Direta,Divulgada no PNCP,False,2024-09-23T10:31:41.771051,2024-09-23T10:32:17.486602,2024-09-19,2024-09-19,2024-11-18,4500.0,,False,,,Paulínia,SP,Municipal,Não se aplica,Contrato nº 502/2024,CONTRATAÇÃO DE EMPRESA ESPECIALIZADA PARA PARTICIPAÇÃO NO  1º SEMINÁRIO PRESENCIAL “ OS DESAFIOS POSTOS AO SUAS NO PROCESSO DE RETOMADA DO SEU FORTALECIMENTO: AS AGENDAS POSSÍVEIS E AS DISCUSSÕES NECESSÁRIAS”,/contratos/45751435000106/2024/226
45751435000106-2-000247/2024,,2024,247,45751435000106,MUNICIPIO DE PAULINIA,MUNICIPIO DE PAULINIA,Pregão - Eletrônico,Contrato (termo inicial),Edital,Divulgada no PNCP,False,2024-10-03T12:49:31.432886,2024-10-03T12:49:40.351890,2024-10-03,2024-10-03,2025-10-03,2006589.98,,False,,,Paulínia,SP,Municipal,Não se aplica,Contrato nº 520/2024,"CONTRATAÇÃO DE EMPRESA ESPECIALIZADA OU CONSÓRCIO DE EMPRESAS PARA PRESTAÇÃO DE SERVIÇOS DE MANUTENÇÃO PREDIAL, CONSERVAÇÃO, REFORMA E PEQUENOS REPAROS NOS IMÓVEIS OCUPADOS PELA SECRETARIA MUNICIPAL DE SAÚDE",/contratos/45751435000106/2024/247
45751435000106-2-000302/2024,,2024,302,45751435000106,MUNICIPIO DE PAULINIA,MUNICIPIO DE PAULINIA,Pregão - Eletrônico,Contrato (termo inicial),Edital,Divulgada no PNCP,False,2024-11-26T10:12:48.688260,2024-11-26T10:12:48.688260,2024-11-26,2024-11-26,2025-11-25,1505915.32,,False,,,Paulínia,SP,Municipal,Não se aplica,Contrato nº 584/2024,"AQUISIÇÃO DE PLAYGROUND”, VINCULADO À ATA DE REGISTRO DE PREÇOS SOB Nº 726/2024",/contratos/45751435000106/2024/302
45751435000106-2-000009/2024,,2024,9,45751435000106,MUNICIPIO DE PAULINIA,Prefeitura Do Município De Paulínia,Dispensa,Contrato (termo inicial),Ato que autoriza a Contratação Direta,Divulgada no PNCP,False,2024-04-01T18:28:16.408809,2024-04-01T18:28:16.408809,2024-03-21,2024-03-21,2025-03-21,10115.46,,False,,,Paulínia,SP,Municipal,Não se aplica,Contrato nº 107/2024,"AQUISIÇÃO EMERGENCIAL DE MEDICAMENTO, VISANDO O CUMPRIMENTO IMEDIATO DA DECISÃO JUDICIAL EXARADA NOS AUTOS DO PROCESSO Nº 1000438-20.2022.8.26.0428 (REQUERENTE E.F.B.) ATÉ QUE O PRODUTO POSSA SER INCLUÍDO EM PROCESSO LICITATÓRIO.",/contratos/45751435000106/2024/9
45751435000106-2-000046/2024,,2024,46,45751435000106,MUNICIPIO DE PAULINIA,Prefeitura Do Município De Paulínia,Dispensa,Contrato (termo inicial),Ato que autoriza a Contratação Direta,Divulgada no PNCP,False,2024-05-27T16:37:10.909594,2024-05-27T16:37:10.909594,2024-05-27,2024-05-27,2024-11-23,9840.0,,False,,,Paulínia,SP,Municipal,Não se aplica,Contrato nº 270/2024,"AQUISIÇÃO DE SUPLEMENTO INFANTIL PEDIASURE (EXIGÊNCIA JUDICIAL DA MARCA)  PARA CUMPRIMENTO DE AÇÃO JUDICIAL, PROCESSO Nº 3000461-44.2013.8.26.0428, IMPETRANTE: ""A.B.F.L"" E IMPETRADO PREFEITURA MUNICIPAL DE PAULÍNIA.",/contratos/45751435000106/2024/46
45751435000106-2-000059/2024,,2024,59,45751435000106,MUNICIPIO DE PAULINIA,MUNICIPIO DE PAULINIA,Pregão - Eletrônico,Contrato (termo inicial),Edital,Divulgada no PNCP,False,2024-06-17T16:23:40.026924,2024-06-17T16:23:40.026924,2024-06-06,2024-06-06,2025-06-06,2157.0,,False,,,Paulínia,SP,Municipal,Não se aplica,Contrato nº 299/2024,aquisiçao de equipamentos medicos hospitalares para estruturação do centro obstetrico hospital municipal,/contratos/45751435000106/2024/59
45751435000106-2-000063/2024,,2024,63,45751435000106,MUNICIPIO DE PAULINIA,MUNICIPIO DE PAULINIA,Pregão - Eletrônico,Contrato (termo inicial),Edital,Divulgada no PNCP,False,2024-06-18T15:57:43.167740,2024-06-18T15:57:43.167740,2024-06-06,2024-06-06,2025-06-06,20400.0,,False,,,Paulínia,SP,Municipal,Não se aplica,Contrato nº 302/2024,AQUISIÇÃO DE EQUIPAMENTOS MEDICOS HOSPITALARES PARA ESTRUTURAÇÃO DO CENTRO OBSTETRICO DO HOSPITAL MUNICIPAL,/contratos/45751435000106/2024/63
45751435000106-2-000090/2024,,2024,90,45751435000106,MUNICIPIO DE PAULINIA,Prefeitura Do Município De Paulínia,Dispensa,Contrato (termo inicial),Ato que autoriza a Contratação Direta,Divulgada no PNCP,False,2024-06-27T15:53:31.713636,2024-06-27T15:53:31.713636,2024-06-27,2024-06-27,2025-06-27,4271514.0,,False,,,Paulínia,SP,Municipal,Não se aplica,Contrato nº 340/2024,"CONTRATAÇÃO DE SERVIÇOS DE APOIO, ASSESSORIA E GESTÃO DE MOBILIDADE URBANA PARA ELABORAR O PROGRAMA DE ORIENTAÇÃO DE TRÁFEGO – POT E O PLANO DE AÇÃO IMEDIATA NO TRÂNSITO – PAIT II.",/contratos/45751435000106/2024/90
45751435000106-2-000095/2024,,2024,95,45751435000106,MUNICIPIO DE PAULINIA,Prefeitura Do Município De Paulínia,Inexigibilidade,Contrato (termo inicial),Ato que autoriza a Contratação Direta,Divulgada no PNCP,False,2024-07-15T08:58:40.751260,2024-07-15T08:58:40.751260,2024-07-02,2024-07-02,2025-07-02,1998.0,,False,,,Paulínia,SP,Municipal,Não se aplica,Contrato nº 345/2024,"Contratação de licença de Sistema informatizado de bases de preços e custos para confecção de orçamentos, composições de custos, curva ABC e cronograma de contratos, fornecido exclusivamente pela empresa 3F LTDA, nome fantasia ORÇAFASCIO",/contratos/45751435000106/2024/95
45751435000106-2-000111/2024,,2024,111,45751435000106,MUNICIPIO DE PAULINIA,Prefeitura Do Município De Paulínia,Pregão - Eletrônico,Contrato (termo inicial),Edital,Divulgada no PNCP,False,2024-07-25T08:26:38.767018,2024-07-25T08:26:38.767018,2024-07-25,2024-07-25,2025-07-25,1230066.1,,False,,,Paulínia,SP,Municipal,Não se aplica,Contrato nº 368/2024,"CONTRATAÇÃO DE EMPRESA ESPECIALIZADA PARA 
MANUTENÇÃO MECANIZADA EM GRAMADO SINTÉTICO 50 MM, 
INCLUINDO VARRIÇÃO COM MAQUINÁRIO ESPECÍFICO, 
LEVANTAMENTO DE FIOS, FORNECIMENTO E APLICAÇÃO DE 
BORRACHA DE AMORTECIMENTO",/contratos/45751435000106/2024/111
45751435000106-2-000118/2024,,2024,118,45751435000106,MUNICIPIO DE PAULINIA,Prefeitura Do Município De Paulínia,Inexigibilidade,Contrato (termo inicial),Ato que autoriza a Contratação Direta,Divulgada no PNCP,False,2024-07-26T09:58:59.449591,2024-07-26T09:59:09.503830,2024-07-26,2024-07-26,2025-07-26,10600.0,,False,,,Paulínia,SP,Municipal,Não se aplica,Contrato nº 374/2024,"PAGAMENTO DE TAXA DE INSCRIÇÃO DAS EQUIPES SUPERLIGA VOLEI MELHOR IDADE PAULÍNIA NO SUPERLIGA MELHOR IDADE 2024 REGIONAL, NAS CATEGORIAS 45+, 58+ E 68+, FEMININO E MASCULINO, REFERENTE AO ANO DE 2024.",/contratos/45751435000106/2024/118
45751435000106-2-000129/2024,,2024,129,45751435000106,MUNICIPIO DE PAULINIA,MUNICIPIO DE PAULINIA,Pregão - Eletrônico,Contrato (termo inicial),Edital,Divulgada no PNCP,False,2024-08-05T16:18:34.570143,2024-08-05T16:19:17.649340,2024-08-05,2024-08-05,2024-08-05,0.0,,False,,,Paulínia,SP,Municipal,Não se aplica,Contrato nº 388/2024,"AQUISIÇÃO DE EQUIPAMENTOS PARA UTILIZAÇÃO NO NOVO PRÉDIO DO DEPARTAMENTO DE REABILITAÇÃO, objeto do Pregão Eletrônico nº 100/2024, Processo Administrativo nº 5.811/2024, edital nº 107/2024",/contratos/45751435000106/2024/129
45751435000106-2-000131/2024,,2024,131,45751435000106,MUNICIPIO DE PAULINIA,MUNICIPIO DE PAULINIA,Pregão - Eletrônico,Contrato (termo inicial),Edital,Divulgada no PNCP,False,2024-08-06T08:10:44.347527,2024-08-06T08:12:23.630772,2024-08-06,2024-08-06,2024-08-06,0.0,,False,,,Paulínia,SP,Municipal,Não se aplica,Contrato nº 390/2024,"AQUISIÇÃO DE EQUIPAMENTOS PARA UTILIZAÇÃO NO NOVO PRÉDIO DO DEPARTAMENTO DE REABILITAÇÃO, objeto do Pregão Eletrônico nº 100/2024, Processo Administrativo nº 5.811/2024, edital nº 107/2024",/contratos/45751435000106/2024/131
45751435000106-2-000132/2024,,2024,132,45751435000106,MUNICIPIO DE PAULINIA,MUNICIPIO DE PAULINIA,Pregão - Eletrônico,Contrato (termo inicial),Edital,Divulgada no PNCP,False,2024-08-06T08:16:30.454616,2024-08-06T08:17:33.783523,2024-08-06,2024-08-06,2024-08-06,0.0,,False,,,Paulínia,SP,Municipal,Não se aplica,Contrato nº 392/2024,"AQUISIÇÃO DE EQUIPAMENTOS PARA UTILIZAÇÃO NO NOVO PRÉDIO DO DEPARTAMENTO DE REABILITAÇÃO, objeto do Pregão Eletrônico nº 100/2024, Processo Administrativo nº 5.811/2024, edital nº 107/2024",/contratos/45751435000106/2024/132
45751435000106-2-000133/2024,,2024,133,45751435000106,MUNICIPIO DE PAULINIA,MUNICIPIO DE PAULINIA,Pregão - Eletrônico,Contrato (termo inicial),Edital,Divulgada no PNCP,False,2024-08-06T08:22:58.848787,2024-08-06T08:23:34.817426,2024-08-06,2024-08-06,2024-08-06,0.0,,False,,,Paulínia,SP,Municipal,Não se aplica,Contrato nº 393/2024,"AQUISIÇÃO DE EQUIPAMENTOS PARA UTILIZAÇÃO NO NOVO PRÉDIO DO DEPARTAMENTO DE REABILITAÇÃO, objeto do Pregão Eletrônico nº 100/2024, Processo Administrativo nº 5.811/2024, edital nº 107/2024",/contratos/45751435000106/2024/133
45751435000106-2-000134/2024,,2024,134,45751435000106,MUNICIPIO DE PAULINIA,MUNICIPIO DE PAULINIA,Pregão - Eletrônico,Contrato (termo inicial),Edital,Divulgada no PNCP,False,2024-08-06T08:28:31.266643,2024-08-06T08:29:03.720287,2024-08-06,2024-08-06,2024-08-06,0.0,,False,,,Paulínia,SP,Municipal,Não se aplica,Contrato nº 394/2024,"AQUISIÇÃO DE EQUIPAMENTOS PARA UTILIZAÇÃO NO NOVO PRÉDIO DO DEPARTAMENTO DE REABILITAÇÃO, objeto do Pregão Eletrônico nº 100/2024, Processo Administrativo nº 5.811/2024, edital nº 107/2024",/contratos/45751435000106/2024/134
45751435000106-2-000135/2024,,2024,135,45751435000106,MUNICIPIO DE PAULINIA,MUNICIPIO DE PAULINIA,Pregão - Eletrônico,Contrato (termo inicial),Edital,Divulgada no PNCP,False,2024-08-06T08:32:30.671934,2024-08-06T08:32:30.671934,2024-08-06,2024-08-06,2024-08-06,0.0,,False,,,Paulínia,SP,Municipal,Não se aplica,Contrato nº 395/2024,"AQUISIÇÃO DE EQUIPAMENTOS PARA UTILIZAÇÃO NO NOVO PRÉDIO DO DEPARTAMENTO DE REABILITAÇÃO, objeto do Pregão Eletrônico nº 100/2024, Processo Administrativo nº 5.811/2024, edital nº 107/2024",/contratos/45751435000106/2024/135
45751435000106-2-000159/2024,,2024,159,45751435000106,MUNICIPIO DE PAULINIA,Prefeitura Do Município De Paulínia,Inexigibilidade,Contrato (termo inicial),Ato que autoriza a Contratação Direta,Divulgada no PNCP,False,2024-08-21T16:39:31.915974,2024-08-21T16:39:31.915974,2024-08-14,2024-08-14,2024-10-11,53800.0,,False,,,Paulínia,SP,Municipal,Não se aplica,Contrato nº 409/2024,Aquisição de equipamentos de tecnologia assistiva para serem utilizadas em Sala de Recursos Multifuncionais para estudantes com deficiência visual e baixa visão nas Unidades Escolares da rede municipal de educação.,/contratos/45751435000106/2024/159
45751435000106-2-000167/2024,,2024,167,45751435000106,MUNICIPIO DE PAULINIA,MUNICIPIO DE PAULINIA,Pregão - Eletrônico,Contrato (termo inicial),Edital,Divulgada no PNCP,False,2024-08-23T16:36:21.843480,2024-08-23T16:36:45.519772,2024-08-23,2024-08-23,2025-08-22,0.0,,False,,,Paulínia,SP,Municipal,Não se aplica,Contrato nº 438/2024,"CONTRATAÇÃO DE EMPRESA OU CONSÓRCIO DE EMPRESAS PARA PRESTAÇÃO DE SERVIÇO MÉDICO VETERINÁRIO PARA CASTRAÇÃO DE ANIMAIS FELINOS E CANINOS, MACHOS E FÊMEAS, COM MICROCHIPAGEM, EM UNIDADE MÓVEL (CASTRAMÓVEL) NO MUNICÍPIO DE PAULÍNIA",/contratos/45751435000106/2024/167
45751435000106-2-000263/2024,,2024,263,45751435000106,MUNICIPIO DE PAULINIA,MUNICIPIO DE PAULINIA,Pregão - Eletrônico,Contrato (termo inicial),Edital,Divulgada no PNCP,False,2024-10-31T08:04:53.781273,2024-10-31T08:05:20.048905,2024-10-11,2024-10-11,2025-10-10,103600.0,,False,,,Paulínia,SP,Municipal,Não se aplica,Contrato nº 540/2024,"CONTRATAÇÃO DE SERVIÇOS ESPECIALIZADOS EM ARBITRAGEM PARA PLANEJAR, ARBITRAR, SUPERVISIONAR E EXECUTAR CAMPEONATOS E FESTIVAIS DESPORTIVOS NAS MODALIDADES FUTSAL E FUTEBOL, VINCULADO À ATA DE REGISTRO DE PREÇOS SOB Nº 527/2024",/contratos/45751435000106/2024/263
45751435000106-2-000307/2024,,2024,307,45751435000106,MUNICIPIO DE PAULINIA,MUNICIPIO DE PAULINIA,Inexigibilidade,Contrato (termo inicial),Ato que autoriza a Contratação Direta,Divulgada no PNCP,False,2024-11-27T11:01:54.283467,2024-11-27T11:01:54.283467,2024-11-21,2024-11-21,2025-11-20,48215.7,,False,,,Paulínia,SP,Municipal,Não se aplica,Contrato nº 575/2024,Contratação de empresa para prestação de serviços técnico-especializados de organização e execução do Sistema de Avaliação de Rendimento Escolar do Estado de São Paulo – (SARESP) – 2024,/contratos/45751435000106/2024/307
45751435000106-2-000003/2024,,2024,3,45751435000106,MUNICIPIO DE PAULINIA,Prefeitura Do Município De Paulínia,Inexigibilidade,Contrato (termo inicial),Ato que autoriza a Contratação Direta,Divulgada no PNCP,False,2024-03-27T17:20:53.291999,2024-03-27T17:20:53.291999,2024-03-25,2024-03-25,2026-03-25,315000.0,,False,,,Paulínia,SP,Municipal,Não se aplica,Contrato nº 111/2024,"CONTRATAÇÃO DE EMPRESA PARA FORNECIMENTO DE PLATAFORMA PARA VISUALIZAÇÃO E GESTÃO DAS FATURAS DE CONSUMO (ÁGUA, ENERGIA E TELEFONIA) DE TODA ESTRUTURA DA PREFEITURA MUNICIPAL DE PAULÍNIA, DE FORMA ROBOTIZADA E A PRESTAÇÃO DOS SERVIÇOS DE IMPLANTAÇÃO, CONFIGURAÇÃO, TREINAMENTO, SUPORTE TÉCNICO E CONSULTORIA DA SOLUÇÃO",/contratos/45751435000106/2024/3
45751435000106-2-000097/2024,,2024,97,45751435000106,MUNICIPIO DE PAULINIA,Prefeitura Do Município De Paulínia,Inexigibilidade,Contrato (termo inicial),Ato que autoriza a Contratação Direta,Divulgada no PNCP,False,2024-07-17T09:39:15.208090,2024-07-17T09:39:15.208090,2024-07-17,2024-07-17,2025-07-17,224160.0,,False,,,Paulínia,SP,Municipal,Não se aplica,Contrato nº 356/2024,"Aquisição de rastreador ocular e demais equipamentos de tecnologia assistiva de alta complexidade  para serem utilizadas em Sala de Recursos Multifuncionais para estudantes com deficiência visual, físicas e múltiplas nas Unidades Escolares da rede municipal de educação.",/contratos/45751435000106/2024/97
45751435000106-2-000113/2024,,2024,113,45751435000106,MUNICIPIO DE PAULINIA,MUNICIPIO DE PAULINIA,Pregão - Eletrônico,Contrato (termo inicial),Edital,Divulgada no PNCP,False,2024-07-25T08:46:43.361453,2024-07-25T08:50:36.691378,2024-07-25,2024-07-25,2025-07-25,0.0,,False,,,Paulínia,SP,Municipal,Não se aplica,Contrato nº 369/2024,"AQUISIÇÃO DE 02 NOVOS SISTEMAS DE AQUECIMENTO DE ÁGUA, CONTEMPLANDO OS BLOCOS 01 E 02 DO HOSPITAL MUNICIPAL DE PAULÍNIA",/contratos/45751435000106/2024/113
45751435000106-2-000130/2024,,2024,130,45751435000106,MUNICIPIO DE PAULINIA,MUNICIPIO DE PAULINIA,Pregão - Eletrônico,Contrato (termo inicial),Edital,Divulgada no PNCP,False,2024-08-05T16:29:57.501008,2024-08-05T16:30:31.683375,2024-08-05,2024-08-05,2024-08-05,0.0,,False,,,Paulínia,SP,Municipal,Não se aplica,Contrato nº 389/2024,"AQUISIÇÃO DE EQUIPAMENTOS PARA UTILIZAÇÃO NO NOVO PRÉDIO DO DEPARTAMENTO DE REABILITAÇÃO, objeto do Pregão Eletrônico nº 100/2024, Processo Administrativo nº 5.811/2024, edital nº 107/2024",/contratos/45751435000106/2024/130
45751435000106-2-000138/2024,,2024,138,45751435000106,MUNICIPIO DE PAULINIA,Prefeitura Do Município De Paulínia,Inexigibilidade,Contrato (termo inicial),Ato que autoriza a Contratação Direta,Divulgada no PNCP,False,2024-08-07T14:23:15.390492,2024-08-07T14:23:15.390492,2024-08-07,2024-08-07,2024-11-05,65000.0,,False,,,Paulínia,SP,Municipal,Não se aplica,Contrato nº 398/2024,"Contratação de empresa especializada em realização do espetáculo “Turma da Mônica – O Show!” para a festa em comemoração ao Dia das Crianças.
O objetivo principal é oferecer atrações culturais, recreativas, lazer e entretenimento para as crianças e toda família.
",/contratos/45751435000106/2024/138
45751435000106-2-000169/2024,,2024,169,45751435000106,MUNICIPIO DE PAULINIA,MUNICIPIO DE PAULINIA,Pregão - Eletrônico,Contrato (termo inicial),Edital,Divulgada no PNCP,False,2024-08-23T16:54:05.575847,2024-08-26T10:07:24.255061,2024-08-23,2024-08-23,2024-11-21,0.0,,False,,,Paulínia,SP,Municipal,Não se aplica,Contrato nº 437/2024,"AQUISIÇÃO DE LAVADORAS E SECADORAS DE ROUPAS PARA AS ESCOLAS MUNICIPAIS, objeto do Pregão Eletrônico nº 118/2024, Processo Administrativo nº 5.774/2024, Edital nº 126/2024, correspondendo aos itens 1, 2 e 3.",/contratos/45751435000106/2024/169
45751435000106-2-000188/2024,,2024,188,45751435000106,MUNICIPIO DE PAULINIA,Prefeitura Do Município De Paulínia,Dispensa,Contrato (termo inicial),Ato que autoriza a Contratação Direta,Divulgada no PNCP,False,2024-09-03T10:58:08.124394,2024-09-03T10:58:08.124394,2024-09-03,2024-09-03,2025-02-28,1031.4,,False,,,Paulínia,SP,Municipal,Não se aplica,Contrato nº 459/2024,"Aquisição de MANIPULADOS PARA ATENDIMENTO AÇÃO JUDICIAL, para cumprimento de decisão judicial, processo eletrônico nº 1000693-17.2018.8.26.0428, requerente C. R. G. e requerido Prefeitura Municipal de Paulínia",/contratos/45751435000106/2024/188
45751435000106-2-000279/2024,,2024,279,45751435000106,MUNICIPIO DE PAULINIA,MUNICIPIO DE PAULINIA,Dispensa,Contrato (termo inicial),Ato que autoriza a Contratação Direta,Divulgada no PNCP,False,2024-11-07T11:25:01.679690,2024-11-07T11:25:22.355927,2024-11-06,2024-11-06,2025-05-02,2554.2,,False,,,Paulínia,SP,Municipal,Não se aplica,Contrato nº 559/2024,"CUMPRIMENTO DE DECISÃO JUDICIAL NOS AUTOS DO PROCESSO Nº 1006112- 42.2023.8.26.0428, IMPETRANTE ""D.J.L."" E IMPETRADO ""PREFEITURA MUNICIPAL DE PAULÍNIA",/contratos/45751435000106/2024/279
45751435000106-2-000282/2024,,2024,282,45751435000106,MUNICIPIO DE PAULINIA,MUNICIPIO DE PAULINIA,Pregão - Eletrônico,Contrato (termo inicial),Edital,Divulgada no PNCP,False,2024-11-08T11:10:41.165891,2024-11-08T11:11:03.034344,2024-11-08,2024-11-08,2025-02-07,52550.0,,False,,,Paulínia,SP,Municipal,Não se aplica,Contrato nº 562/2024,CONTRATAÇÃO DE EMPRESA OU CONSÓRCIO DE EMPRESAS PARA PRESTAÇÃO DE SERVIÇO DE LIMPEZA E DESINFECÇÃO DOS RESERVATÓRIOS DAS UNIDADES ESCOLARES DO MUNICÍPIO,/contratos/45751435000106/2024/282
45751435000106-2-000286/2024,,2024,286,45751435000106,MUNICIPIO DE PAULINIA,MUNICIPIO DE PAULINIA,Inexigibilidade,Contrato (termo inicial),Ato que autoriza a Contratação Direta,Divulgada no PNCP,False,2024-11-12T15:36:21.962439,2024-11-12T15:36:22.765440,2024-11-12,2024-11-12,2025-01-10,16000.0,,False,,,Paulínia,SP,Municipal,Não se aplica,Contrato nº 564/2024,"Contratação de Apresentação da Palestra Show “Motivacional” (alegria/interação/superação), para a abertura da Semana Municipal da Pessoa Idosa que acontecerá do dia 25 ao dia 29 de Novembro de 2024, palestra acontecerá no dia 26 de novembro de 2024.",/contratos/45751435000106/2024/286
45751435000106-2-000309/2024,,2024,309,45751435000106,MUNICIPIO DE PAULINIA,MUNICIPIO DE PAULINIA,Pregão - Eletrônico,Contrato (termo inicial),Edital,Divulgada no PNCP,False,2024-11-28T08:48:25.468818,2024-11-28T08:48:25.468818,2024-11-26,2024-11-26,2025-11-25,119964.0,,False,,,Paulínia,SP,Municipal,Não se aplica,Contrato nº 589/2024,"CONTRATAÇÃO DE EMPRESA PARA PRESTAÇÃO DE SERVIÇOS E APLICAÇÃO DE CURSO TÉCNICO E PRÁTICO E SUPORTE AVANÇADO DE VIDA NO TRAUMA, CURSO TEÓRICO E PRÁTICO DE SUPORTE AVANÇADO EM CARDIOLOGIA E CURSO TEÓRICO E PRÁTICO DE SUPORTE AVANÇADO DE VIDA EM PEDIATRIA
",/contratos/45751435000106/2024/309
45751435000106-2-000317/2024,,2024,317,45751435000106,MUNICIPIO DE PAULINIA,MUNICIPIO DE PAULINIA,Pregão - Eletrônico,Contrato (termo inicial),Edital,Divulgada no PNCP,False,2024-12-04T11:00:22.629119,2024-12-04T11:00:22.629119,2024-12-04,2024-12-04,2025-03-03,723000.0,,False,,,Paulínia,SP,Municipal,Não se aplica,Contrato nº 608/2024,"CONTRATAÇÃO DE EMPRESA OU CONSÓRCIO DE EMPRESAS ESPECIALIZADAS PARA PRESTAÇÃO DE SERVIÇO EM ATRAÇÕES NATALINAS, APRESENTAÇÕES TEATRAIS, MUSICAIS, PARADAS E ATIVIDADES LÚDICAS NO EVENTO “NATAL” REALIZADO PELA SECRETARIA DE ESPORTES, CULTURA, TURISMO E EVENTOS.",/contratos/45751435000106/2024/317
45751435000106-2-000076/2024,,2024,76,45751435000106,MUNICIPIO DE PAULINIA,Prefeitura Do Município De Paulínia,Dispensa,Contrato (termo inicial),Ato que autoriza a Contratação Direta,Divulgada no PNCP,False,2024-06-20T12:31:49.954604,2024-06-20T12:31:49.954604,2024-06-19,2024-06-19,2024-10-18,36575.0,,False,,,Paulínia,SP,Municipal,Não se aplica,Contrato nº 414/2024,"CONTRATAÇÃO DO SERVIÇO DE APOIO ÀS MICRO E PEQUENAS EMPRESAS DO ESTADO DE SÃO PAULO  - SEBRAE-SP PARA MINISTRAR O SEMINÁRIO EMPRETEC COM A FINALIDADE DE CAPACITAR EMPREENDEDORES PAULINENSES COM FOCO EM POTENCIALIZAR RESULTADOS, FORTALECER O NETWORKING E IDENTIFICAR NOVAS OPORTUNIDADES DE NEGÓCIO",/contratos/45751435000106/2024/76
45751435000106-2-000093/2024,,2024,93,45751435000106,MUNICIPIO DE PAULINIA,Prefeitura Do Município De Paulínia,Inexigibilidade,Contrato (termo inicial),Ato que autoriza a Contratação Direta,Divulgada no PNCP,False,2024-07-10T15:49:16.409493,2024-07-12T10:05:59.441149,2024-07-10,2024-07-10,2025-07-10,24900.0,,False,,,Paulínia,SP,Municipal,Não se aplica,Contrato nº 348/2024,"Contratação de empresa especializada para prestação de serviços de capacitação/formação de Conselheiros Tutelares, eleitos para mandato 2024/2028. A contratação se faz necessária para que, de forma PRESENCIAL, SEJA REALIZADO FORMAÇÃO AVANÇADA PARA TODOS OS MEMBROS (TITULARES E SUPLENTES) DO CONSELHO TUTELAR",/contratos/45751435000106/2024/93
45751435000106-2-000110/2024,,2024,110,45751435000106,MUNICIPIO DE PAULINIA,Prefeitura Do Município De Paulínia,Dispensa,Contrato (termo inicial),Ato que autoriza a Contratação Direta,Divulgada no PNCP,False,2024-07-24T15:20:29.910470,2024-07-24T15:20:29.910470,2024-07-24,2024-07-24,2026-07-24,9932950.0,,False,,,Paulínia,SP,Municipal,Não se aplica,Contrato nº 367/2024,"""CONTRATAÇÃO DE SERVIÇOS TÉCNICOS PARA REVISÃO CADASTRAL COM AEROLEVANTAMENTO, PLANTA DE VALORES GENÉRICOS E SISTEMA WEB DO REGRAMENTO URBANÍSTICO E INCLUSÃO DO RECONECTA NO PLANO DIRETOR, INCLUSÃO DE USOS RURAIS NA LUOS, ELABORAÇÃO DA LEI DE PARCELAMENTO DO SOLO PARA O MUNICÍPIO DE PAULÍNIA/SP.""",/contratos/45751435000106/2024/110
45751435000106-2-000117/2024,,2024,117,45751435000106,MUNICIPIO DE PAULINIA,Prefeitura Do Município De Paulínia,Dispensa,Contrato (termo inicial),Ato que autoriza a Contratação Direta,Divulgada no PNCP,False,2024-07-25T16:50:12.575331,2024-07-25T16:50:22.000541,2024-07-19,2024-07-19,2025-07-18,32691.6,,False,,,Paulínia,SP,Municipal,Não se aplica,Contrato nº 1006/2024,"Contratação de serviços especializados de solução de tecnologia da informação - TIC, de solução única, padronizada e multiclientes, para disponibilização do serviço de Batimento de Dados do Sistema de Informações do Registro Civil – SIRC, plataforma digital que conecta os cartórios aos ambientes de governo eletrônico do Estado Brasileiro",/contratos/45751435000106/2024/117
45751435000106-2-000119/2024,,2024,119,45751435000106,MUNICIPIO DE PAULINIA,MUNICIPIO DE PAULINIA,Pregão - Eletrônico,Contrato (termo inicial),Edital,Divulgada no PNCP,False,2024-07-26T11:41:53.535308,2024-07-26T11:42:21.008614,2024-07-26,2024-07-26,2025-07-26,0.0,,False,,,Paulínia,SP,Municipal,Não se aplica,Contrato nº 375/2024,CONTRATAÇÃO DE EMPRESA PARA LOCAÇÃO DE EQUIPAMENTOS PARA O SERVIÇO DE DIAGNÓSTICO POR IMAGEM – RAIO X MÓVEL E ARCO CIRÚRGICO,/contratos/45751435000106/2024/119
45751435000106-2-000196/2024,,2024,196,45751435000106,MUNICIPIO DE PAULINIA,Prefeitura Do Município De Paulínia,Inexigibilidade,Contrato (termo inicial),Ato que autoriza a Contratação Direta,Divulgada no PNCP,False,2024-09-09T16:35:30.938943,2024-09-09T16:35:41.438679,2024-09-05,2024-09-05,2025-09-05,8544.72,,False,,,Paulínia,SP,Municipal,Não se aplica,Contrato nº 469/2024,"CONTRATAÇÃO DO SISTEMA HOD ACESSO CONVENIADO (HOST ON DEMAND), EMULADOR 3270 WEB, QUE PERMITE ACESSO DAS BASES DA RECEITA FEDERAL DO BRASIL PARA CONSULTAS ONLINE DE DADOS DE PESSOAS FÍSICAS E JURÍDICAS PARA AUXILIAR NA ESTRUTURAÇÃO DA GESTÃO DA DÍVIDA ATIVA DO MUNICÍPIO.",/contratos/45751435000106/2024/196
45751435000106-2-000241/2024,,2024,241,45751435000106,MUNICIPIO DE PAULINIA,Prefeitura Do Município De Paulínia,Inexigibilidade,Contrato (termo inicial),Ato que autoriza a Contratação Direta,Divulgada no PNCP,False,2024-10-03T09:19:06.928573,2024-10-03T09:19:20.387508,2024-09-30,2024-09-30,2025-09-30,170000.0,,False,,,Paulínia,SP,Municipal,Não se aplica,Contrato nº 516/2024,"Contratação de empresa especializada em apresentação musical, para a realização de show de encerramento em comemoração a Semana da Cultura Negra, no dia 20 de novembro de 2024, no bolsão ao lado do Theatro Municipal de Paulínia, com duração de 1 hora e meia, sem a cobrança de ingressos, e totalmente aberta ao público.",/contratos/45751435000106/2024/241
45751435000106-2-000280/2024,,2024,280,45751435000106,MUNICIPIO DE PAULINIA,MUNICIPIO DE PAULINIA,Inexigibilidade,Contrato (termo inicial),Ato que autoriza a Contratação Direta,Divulgada no PNCP,False,2024-11-07T15:02:38.035677,2024-11-07T15:03:50.131690,2024-11-07,2024-11-07,2025-05-02,4003.3,,False,,,Paulínia,SP,Municipal,Não se aplica,Contrato nº 561/2024,CONTRATAÇÃO DE SERVIÇO DE MANUTENÇÃO PREVENTIVA DE EQUIPAMENTO COM FORNECIMENTO DE PEÇAS.,/contratos/45751435000106/2024/280
45751435000106-2-000283/2024,,2024,283,45751435000106,MUNICIPIO DE PAULINIA,MUNICIPIO DE PAULINIA,Pregão - Eletrônico,Contrato (termo inicial),Edital,Divulgada no PNCP,False,2024-11-08T16:48:04.616390,2024-11-08T16:48:05.733580,2024-11-06,2024-11-06,2025-05-05,15550000.0,,False,,,Paulínia,SP,Municipal,Não se aplica,Contrato nº 560/2024,"CONTRATAÇÃO DE EMPRESA ESPECIALIZADA PARA A REALIZAÇÃO DA DECORAÇÃO NATALINA 2024, INCLUINDO MONTAGEM, INTERLIGAÇÃO E DERIVAÇÃO DA REDE ELÉTRICA, MANUTENÇÃO E DESMONTAGEM, COM TRANSPORTE DE IDA E VOLTA, CONSERTOS DIÁRIOS, SEGURANÇA E CONSERVAÇÃO DOS ELEMENTOS DECORATIVOS, MANUTENÇÃO E ASSISTÊNCIA TÉCNICA DURANTE TODA A REALIZAÇÃO DO EVENTO DE NATAL.",/contratos/45751435000106/2024/283
45751435000106-2-000034/2024,,2024,34,45751435000106,MUNICIPIO DE PAULINIA,Prefeitura Do Município De Paulínia,Dispensa,Contrato (termo inicial),Ato que autoriza a Contratação Direta,Divulgada no PNCP,False,2024-05-08T16:56:11.443168,2024-05-08T16:56:11.443168,2024-05-06,2024-05-06,2024-11-02,645.24,,False,,,Paulínia,SP,Municipal,Não se aplica,Contrato nº 226/2024,"AQUISIÇÃO DE MEDICAMENTOS PARA CUMPRIMENTO DE DIVERSAS AÇÕES JUDICIAIS SENDO: PROCESSO DIGITAL Nº 1005544-02.2018.8.26.0428 IMPETRANTE ""G.K.A.F"",  PROCESSO DIGITAL Nº 1000563-95.2016.8.26.0428 ""V.A.R"", PROCESSO DIGITAL  Nº 1001699-59.2018.8.26.0428 ""E.G.A"" E PROCESSO DIGITAL Nº 1004223-29.2018.8.26.0428 ""B.S.F"" IMPETRADO: PREFEITURA MUNICIPAL DE PAULÍNIA.",/contratos/45751435000106/2024/34
45751435000106-2-000035/2024,,2024,35,45751435000106,MUNICIPIO DE PAULINIA,Prefeitura Do Município De Paulínia,Dispensa,Contrato (termo inicial),Ato que autoriza a Contratação Direta,Divulgada no PNCP,False,2024-05-09T09:09:21.453164,2024-05-09T09:09:21.453164,2024-05-06,2024-05-06,2024-11-02,5535.0,,False,,,Paulínia,SP,Municipal,Não se aplica,Contrato nº 227/2024,"AQUISIÇÃO DE MEDICAMENTOS PARA CUMPRIMENTO DE DIVERSAS AÇÕES JUDICIAIS SENDO: PROCESSO DIGITAL Nº 1005544-02.2018.8.26.0428 IMPETRANTE ""G.K.A.F"",  PROCESSO DIGITAL Nº 1000563-95.2016.8.26.0428 ""V.A.R"", PROCESSO DIGITAL  Nº 1001699-59.2018.8.26.0428 ""E.G.A"" E PROCESSO DIGITAL Nº 1004223-29.2018.8.26.0428 ""B.S.F"" IMPETRADO: PREFEITURA MUNICIPAL DE PAULÍNIA.",/contratos/45751435000106/2024/35
45751435000106-2-000289/2024,,2024,289,45751435000106,MUNICIPIO DE PAULINIA,MUNICIPIO DE PAULINIA,Inexigibilidade,Contrato (termo inicial),Ato que autoriza a Contratação Direta,Divulgada no PNCP,False,2024-11-14T12:40:22.665360,2024-11-14T12:40:45.914115,2024-11-14,2024-11-14,2025-11-13,59958.76,,False,,,Paulínia,SP,Municipal,Não se aplica,Contrato nº 568/2024,CONTRATAÇÃO DE EMPRESA DE CONTROLE DE QUALIDADE.,/contratos/45751435000106/2024/289
45751435000106-2-000292/2024,,2024,292,45751435000106,MUNICIPIO DE PAULINIA,MUNICIPIO DE PAULINIA,Dispensa,Contrato (termo inicial),Ato que autoriza a Contratação Direta,Divulgada no PNCP,False,2024-11-21T11:36:27.706712,2024-11-21T11:36:27.706712,2024-11-19,2024-11-19,2024-11-19,24885.0,,False,,,Paulínia,SP,Municipal,Não se aplica,Contrato nº 570/2024,"TRATAMENTO DE SAÚDE PARA ATENDIMENTO A AÇÃO JUDICIAL Nº 002418-19.2022.8.26.028/01, REQUERENTE: ""B. T. N."" E REQUERIDO: PREFEITURA MUNICIPAL DE PAULÍNIA",/contratos/45751435000106/2024/292
45751435000106-2-000293/2024,,2024,293,45751435000106,MUNICIPIO DE PAULINIA,MUNICIPIO DE PAULINIA,Dispensa,Contrato (termo inicial),Ato que autoriza a Contratação Direta,Divulgada no PNCP,False,2024-11-21T11:45:35.175691,2024-11-21T11:45:35.175691,2024-11-19,2024-11-19,2025-11-18,49140.0,,False,,,Paulínia,SP,Municipal,Não se aplica,Contrato nº 571/2024,"TRATAMENTO DE SAÚDE PARA ATENDIMENTO A AÇÃO JUDICIAL Nº 002418-19.2022.8.26.028/01, REQUERENTE: ""B. T. N."" E REQUERIDO: PREFEITURA MUNICIPAL DE PAULÍNIA",/contratos/45751435000106/2024/293
45751435000106-2-000295/2024,,2024,295,45751435000106,MUNICIPIO DE PAULINIA,MUNICIPIO DE PAULINIA,Dispensa,Contrato (termo inicial),Ato que autoriza a Contratação Direta,Divulgada no PNCP,False,2024-11-21T11:58:30.589814,2024-11-21T11:58:30.589814,2024-11-19,2024-11-19,2025-11-18,32760.0,,False,,,Paulínia,SP,Municipal,Não se aplica,Contrato nº 573/2024,"CONTRATAÇÃO DE EMPRESA PARA TRATAMENTO DE SAUDE PARA ATENDIMENTO A AÇÃO JUDICIAL PROCESSO Nº 1000352-20.2020.8.26.0428, REQUERENTE: “B.T.N” E REQUERIDO: PREFEITURA MUNICIPAL DE PAULINIA.",/contratos/45751435000106/2024/295
45751435000106-2-000301/2024,,2024,301,45751435000106,MUNICIPIO DE PAULINIA,MUNICIPIO DE PAULINIA,Pregão - Eletrônico,Contrato (termo inicial),Edital,Divulgada no PNCP,False,2024-11-26T09:25:45.534915,2024-11-26T09:25:45.534915,2024-11-26,2024-11-26,2025-11-25,103595.76,,False,,,Paulínia,SP,Municipal,Não se aplica,Contrato nº 583/2024,"AQUISIÇÃO DE ROUPARIA PARA ATENDER AS NECESSIDADES DAS CRECHES E EMEIS DA REDE MUNICIPAL DE ENSINO, VINCULADO À ATA DE REGISTRO DE PREÇOS SOB Nº 559/2024",/contratos/45751435000106/2024/301
45751435000106-2-000343/2024,,2024,343,45751435000106,MUNICIPIO DE PAULINIA,MUNICIPIO DE PAULINIA,Pregão - Eletrônico,Contrato (termo inicial),Edital,Divulgada no PNCP,False,2024-12-19T15:34:02.788774,2024-12-19T15:34:02.788774,2024-12-19,2024-12-19,2027-06-18,154850000.0,,False,,,Paulínia,SP,Municipal,Não se aplica,Contrato nº 651/2024,"CONTRATAÇÃO DE EMPRESA OU CONSÓRCIO DE EMPRESAS ESPECIALIZADAS PARA FORNECIMENTO E IMPLANTAÇÃO DE SISTEMAS E SOFTWARES DE INTEGRAÇÃO DOS ELEMENTOS DE MOBILIDADE, BEM COMO DE MATERIAIS E EQUIPAMENTOS DESTINADOS A SINALIZAÇÃO HORIZONTAL, SINALIZAÇÃO SEMAFÓRICA, SINALIZAÇÃO VERTICAL, SERVIÇOS DE COMUNICAÇÃO, ELEMENTOS DE SEGURANÇA VIÁRIA, E SERVIÇOS DE OPERAÇÃO DE TRÂNSITO PARA O MUNICÍPIO DE PAULÍNIA– SP",/contratos/45751435000106/2024/343
45751435000106-2-000036/2024,,2024,36,45751435000106,MUNICIPIO DE PAULINIA,Prefeitura Do Município De Paulínia,Dispensa,Contrato (termo inicial),Ato que autoriza a Contratação Direta,Divulgada no PNCP,False,2024-05-09T09:22:35.305683,2024-05-09T09:22:35.305683,2024-05-06,2024-05-06,2024-11-02,750.6,,False,,,Paulínia,SP,Municipal,Não se aplica,Contrato nº 228/2024,"AQUISIÇÃO DE MEDICAMENTOS PARA CUMPRIMENTO DE DIVERSAS AÇÕES JUDICIAIS SENDO: PROCESSO DIGITAL Nº 1005544-02.2018.8.26.0428 IMPETRANTE ""G.K.A.F"",  PROCESSO DIGITAL Nº 1000563-95.2016.8.26.0428 ""V.A.R"", PROCESSO DIGITAL  Nº 1001699-59.2018.8.26.0428 ""E.G.A"" E PROCESSO DIGITAL Nº 1004223-29.2018.8.26.0428 ""B.S.F"" IMPETRADO: PREFEITURA MUNICIPAL DE PAULÍNIA.",/contratos/45751435000106/2024/36
45751435000106-2-000045/2024,,2024,45,45751435000106,MUNICIPIO DE PAULINIA,Prefeitura Do Município De Paulínia,Inexigibilidade,Contrato (termo inicial),Ato que autoriza a Contratação Direta,Divulgada no PNCP,False,2024-05-23T09:44:12.978971,2024-05-23T09:44:12.978971,2024-05-22,2024-05-22,2024-07-21,13230.0,,False,,,Paulínia,SP,Municipal,Não se aplica,Contrato nº 263/2024,"Participação no “XII SIMPÓSIO DE DIREITO TRIBUTÁRIO MUNICIPAL”, que acontece anualmente em Campinas, e será realizado nos dias 23/05/24 e 24/05/2024, conforme programação que segue anexa, descrita no Termo de Referência. Inscrição para 07 funcionários, incluindo o Secretario de Negócios da Receita e o Chefe de Gabinete.",/contratos/45751435000106/2024/45
45751435000106-2-000112/2024,,2024,112,45751435000106,MUNICIPIO DE PAULINIA,MUNICIPIO DE PAULINIA,Pregão - Eletrônico,Contrato (termo inicial),Edital,Divulgada no PNCP,False,2024-07-25T08:30:11.428789,2024-07-25T08:30:19.332633,2024-07-25,2024-07-25,2025-07-25,0.0,,False,,,Paulínia,SP,Municipal,Não se aplica,Contrato nº 368/2024,"CONTRATAÇÃO DE EMPRESA ESPECIALIZADA PARA MANUTENÇÃO MECANIZADA EM GRAMADO SINTÉTICO 50 MM, INCLUINDO VARRIÇÃO COM MAQUINÁRIO ESPECÍFICO, LEVANTAMENTO DE FIOS, FORNECIMENTO E APLICAÇÃO DE BORRACHA DE AMORTECIMENTO",/contratos/45751435000106/2024/112
45751435000106-2-000294/2024,,2024,294,45751435000106,MUNICIPIO DE PAULINIA,MUNICIPIO DE PAULINIA,Dispensa,Contrato (termo inicial),Ato que autoriza a Contratação Direta,Divulgada no PNCP,False,2024-11-21T11:52:05.939706,2024-11-21T11:52:05.939706,2024-11-19,2024-11-19,2025-11-18,32760.0,,False,,,Paulínia,SP,Municipal,Não se aplica,Contrato nº 572/2024,"CONTRATAÇÃO DE EMPRESA PARA TRATAMENTO DE SAUDE PARA ATENDIMENTO A AÇÃO JUDICIAL PROCESSO Nº 1000352-20.2020.8.26.0428, REQUERENTE: “B.T.N” E REQUERIDO: PREFEITURA MUNICIPAL DE PAULINIA.",/contratos/45751435000106/2024/294
45751435000106-2-000051/2024,,2024,51,45751435000106,MUNICIPIO DE PAULINIA,Prefeitura Do Município De Paulínia,Inexigibilidade,Contrato (termo inicial),Ato que autoriza a Contratação Direta,Divulgada no PNCP,False,2024-06-10T16:42:05.239189,2024-06-10T16:42:05.239189,2024-06-10,2024-06-10,2025-06-10,228712.32,,False,,,Paulínia,SP,Municipal,Não se aplica,Contrato nº 305/2024,"2ª CONTRATATAÇÃO DE TERAPIAIS 2024 - CI Nº 89/2024 - PARA INSTITUIÇÕES CREDENCIADAS - REFERENTE AO CHAMAMENTO PÚBLICO Nº 01/2022, EDITAL DE LICITAÇÃO Nº 65/2022. CREDENCIAMENTO DE INSTITUIÇÃO PARA PRESTAÇÃO DE
SERVIÇOS RELACIONADOS À EXECUÇÃO DO PROGRAMA MULTIDICIPLINAR DE ATENDIMENTO ÀS PESSOAS COM DEFICIÊNCIA DO MUNICÍPIO DE PAULÍNIA.",/contratos/45751435000106/2024/51
45751435000106-2-000139/2024,,2024,139,45751435000106,MUNICIPIO DE PAULINIA,MUNICIPIO DE PAULINIA,Pregão - Eletrônico,Contrato (termo inicial),Edital,Divulgada no PNCP,False,2024-08-09T14:32:45.809581,2024-08-09T14:34:22.388200,2024-08-08,2024-08-08,2025-08-08,0.0,,False,,,Paulínia,SP,Municipal,Não se aplica,Contrato nº 402/2024,"CONTRATAÇÃO DE EMPRESA COM QUALIFICAÇÃO TÉCNICA PARA A PRESTAÇÃO DE SERVIÇOS CONTINUADOS DE MANUTENÇÃO PREVENTIVA E CORRETIVA DE EQUIPAMENTOS MÉDICO-HOSPITALARES, LABORATORIAIS E DE DIAGNÓSTICO CLÍNICO, PERTENCENTES AO HOSPITAL MUNICIPAL DE PAULÍNIA, COM DISPONIBILIZAÇÃO DE EQUIPE TÉCNICA RESIDENTE ESPECIALIZADA, SISTEMA DE GERENCIAMENTO DE INFORMAÇÕES, SERVIÇOS DE AFERIÇÃO, CALIBRAÇÃO, TESTE DE SEGURANÇA ELÉTRICA, QUALIFICAÇÃO DE DESEMPENHO E EVENTUAL APLICAÇÃO DE PEÇAS/ACESSÓRIOS E DE PRESTAÇÃO DE SERVIÇOS ESPECIALIZADOS",/contratos/45751435000106/2024/139
45751435000106-2-000182/2024,,2024,182,45751435000106,MUNICIPIO DE PAULINIA,Prefeitura Do Município De Paulínia,Dispensa,Contrato (termo inicial),Ato que autoriza a Contratação Direta,Divulgada no PNCP,False,2024-08-28T08:24:48.091059,2024-08-28T08:24:59.199437,2024-08-27,2024-08-27,2025-02-21,7049.4,,False,,,Paulínia,SP,Municipal,Não se aplica,Contrato nº 449/2024,"Aquisição de DIETA ENTERAL NUTRICIONALMENTE COMPLETA, POLIMÉRICA, ISENTA DE LACTOSE, SACAROSE E GLÚTEN. DENSIDADE CALÓRICA DE 1,5 KCAL/ML. APRESENTAÇÃO LÍQUIDA PARA SISTEMA ABERTO. EMBALAGEM DE 1 LITRO. MARCA ESPECÍFICA: ISOSOURCE 1.5, para cumprimento de decisão judicial, processo eletrônico nº 1001637-53.2017.8.26.0428, requerente V. F. V. e requerido Prefeitura Municipal de Paulínia",/contratos/45751435000106/2024/182
45751435000106-2-000078/2024,,2024,78,45751435000106,MUNICIPIO DE PAULINIA,Prefeitura Do Município De Paulínia,Dispensa,Contrato (termo inicial),Ato que autoriza a Contratação Direta,Divulgada no PNCP,False,2024-06-21T15:05:27.952933,2024-06-21T15:05:27.952933,2024-05-28,2024-05-28,2025-05-28,90745269.26,,False,,,Paulínia,SP,Municipal,Não se aplica,Contrato nº 281/2024,"Lote 01: Coleta, transporte e disposição final ambientalmente adequada de resíduos domiciliares; coleta, transporte e disposição final ambientalmente adequada de materiais recicláveis; coleta, transporte e disposição final ambientalmente adequada de resíduos volumosos; coleta, transporte e disposição final ambientalmente adequada de resíduos da construção civil; coleta, transporte e disposição final ambientalmente adequada de resíduos dos serviços complementares de limpeza urbana; implantação, operação, manutenção e higienização de contêineres de 1.000 litros e de 3.000 litros, varrição manual e mecanizada de vias e logradouros públicos; varrição pontual e varrição de praças, parques e calçadões. 
",/contratos/45751435000106/2024/78
