numero_controle_pncp,numero,ano,numero_sequencial,orgao_cnpj,orgao_nome,unidade_nome,modalidade_licitacao_nome,tipo_contrato_nome,tipo_nome,situacao_nome,cancelado,data_publicacao_pncp,data_atualizacao_pncp,data_assinatura,data_inicio_vigencia,data_fim_vigencia,valor_global,fonte_orcamentaria_nome,exigencia_conteudo_nacional,permite_adesao,possui_emenda_parlamentar,municipio_nome,uf,esfera_nome,poder_nome,title,description,item_url
45751435000106-2-000007/2025,,2025,7,45751435000106,MUNICIPIO DE PAULINIA,MUNICIPIO DE PAULINIA,Dispensa,Contrato (termo inicial),Ato que autoriza a Contratação Direta,Divulgada no PNCP,False,2025-02-10T11:29:43.416637,2025-02-10T11:29:43.416637,2025-02-10,2025-02-10,2025-08-09,9137.04,,False,,,Paulínia,SP,Municipal,Não se aplica,Contrato nº 012/2025,MEDICAMENTO,/contratos/45751435000106/2025/7
45751435000106-2-000325/2025,,2025,325,45751435000106,MUNICIPIO DE PAULINIA,MUNICIPIO DE PAULINIA,Pregão - Eletrônico,Contrato (termo inicial),Edital,Divulgada no PNCP,False,2025-11-05T16:28:23.643469647,2025-11-05T16:28:23.643469647,2025-11-05,2025-11-05,2026-11-04,32990.0,,,,,Paulínia,SP,Municipal,Não se aplica,Contrato nº 347/2025,AQUISIÇÃO DE ÓCULOS,/contratos/45751435000106/2025/325
45751435000106-2-000028/2025,,2025,28,45751435000106,MUNICIPIO DE PAULINIA,MUNICIPIO DE PAULINIA,Dispensa,Contrato (termo inicial),Ato que autoriza a Contratação Direta,Divulgada no PNCP,False,2025-03-06T08:59:57.212214480,2025-03-06T08:59:57.212214480,2025-02-24,2025-02-24,2025-08-23,1720.8,,False,,,Paulínia,SP,Municipal,Não se aplica,Contrato nº 046/2025,6 - Medicamentos,/contratos/45751435000106/2025/28
45751435000106-2-000213/2025,,2025,213,45751435000106,MUNICIPIO DE PAULINIA,MUNICIPIO DE PAULINIA,Dispensa,Contrato (termo inicial),Ato que autoriza a Contratação Direta,Divulgada no PNCP,False,2025-08-06T08:29:46.475905623,2025-08-06T08:29:46.475905623,2025-08-05,2025-08-05,2026-08-04,80469.9,,,,,Paulínia,SP,Municipal,Não se aplica,Contrato nº 233/2025,6 - Medicamentos,/contratos/45751435000106/2025/213
45751435000106-2-000258/2025,,2025,258,45751435000106,MUNICIPIO DE PAULINIA,MUNICIPIO DE PAULINIA,Dispensa,Contrato (termo inicial),Ato que autoriza a Contratação Direta,Divulgada no PNCP,False,2025-09-05T16:57:54.939832540,2025-09-05T16:57:54.939832540,2025-09-05,2025-09-05,2026-09-04,21924.0,,,,,Paulínia,SP,Municipal,Não se aplica,Contrato nº 280/2025,6 - Medicamentos,/contratos/45751435000106/2025/258
45751435000106-2-000022/2025,,2025,22,45751435000106,MUNICIPIO DE PAULINIA,MUNICIPIO DE PAULINIA,Pregão - Eletrônico,Contrato (termo inicial),Edital,Divulgada no PNCP,False,2025-02-25T16:24:15.088091469,2025-02-25T16:24:15.088091469,2025-02-24,2025-02-24,2025-08-22,24000.0,,False,,,Paulínia,SP,Municipal,Não se aplica,Contrato nº 032/2025,"AQUISIÇÃO DE BOLO, REFRIGERANTE E SUCO",/contratos/45751435000106/2025/22
45751435000106-2-000053/2025,,2025,53,45751435000106,MUNICIPIO DE PAULINIA,MUNICIPIO DE PAULINIA,Dispensa,Contrato (termo inicial),Ato que autoriza a Contratação Direta,Divulgada no PNCP,False,2025-03-28T11:26:13.306964868,2025-03-28T11:26:13.306964868,2025-03-28,2025-03-28,2026-03-27,638.2,,False,,,Paulínia,SP,Municipal,Não se aplica,Contrato nº 068/2025,6 - Medicamentos,/contratos/45751435000106/2025/53
45751435000106-2-000054/2025,,2025,54,45751435000106,MUNICIPIO DE PAULINIA,MUNICIPIO DE PAULINIA,Dispensa,Contrato (termo inicial),Ato que autoriza a Contratação Direta,Divulgada no PNCP,False,2025-03-28T11:56:19.543652269,2025-03-28T11:56:19.543652269,2025-03-28,2025-03-28,2025-09-27,6864.0,,False,,,Paulínia,SP,Municipal,Não se aplica,Contrato nº 069/2025,3 - Gêneros alimentícios,/contratos/45751435000106/2025/54
45751435000106-2-000105/2025,,2025,105,45751435000106,MUNICIPIO DE PAULINIA,MUNICIPIO DE PAULINIA,Dispensa,Contrato (termo inicial),Ato que autoriza a Contratação Direta,Divulgada no PNCP,False,2025-05-22T15:35:12.698178140,2025-05-22T15:35:12.698178140,2025-05-19,2025-05-19,2026-05-18,4725.12,,False,,,Paulínia,SP,Municipal,Não se aplica,Contrato nº 121/2025,6 - Medicamentos,/contratos/45751435000106/2025/105
45751435000106-2-000203/2025,,2025,203,45751435000106,MUNICIPIO DE PAULINIA,MUNICIPIO DE PAULINIA,Dispensa,Contrato (termo inicial),Ato que autoriza a Contratação Direta,Divulgada no PNCP,False,2025-07-24T15:38:32.352243859,2025-07-24T15:38:32.352243859,2025-07-22,2025-07-22,2026-01-21,6864.0,,,,,Paulínia,SP,Municipal,Não se aplica,Contrato nº 219/2025,3 - Gêneros alimentícios,/contratos/45751435000106/2025/203
45751435000106-2-000204/2025,,2025,204,45751435000106,MUNICIPIO DE PAULINIA,MUNICIPIO DE PAULINIA,Dispensa,Contrato (termo inicial),Ato que autoriza a Contratação Direta,Divulgada no PNCP,False,2025-07-24T15:38:48.565631783,2025-07-24T15:38:48.565631783,2025-07-22,2025-07-22,2026-07-21,3258.0,,,,,Paulínia,SP,Municipal,Não se aplica,Contrato nº 220/2025,6 - Medicamentos,/contratos/45751435000106/2025/204
45751435000106-2-000206/2025,,2025,206,45751435000106,MUNICIPIO DE PAULINIA,MUNICIPIO DE PAULINIA,Dispensa,Contrato (termo inicial),Ato que autoriza a Contratação Direta,Divulgada no PNCP,False,2025-07-29T11:37:45.186887694,2025-07-29T11:37:45.186887694,2025-07-25,2025-07-25,2026-07-24,4347.0,,,,,Paulínia,SP,Municipal,Não se aplica,Contrato nº 222/2025,16 - Outros materias de consumo,/contratos/45751435000106/2025/206
45751435000106-2-000210/2025,,2025,210,45751435000106,MUNICIPIO DE PAULINIA,MUNICIPIO DE PAULINIA,Dispensa,Contrato (termo inicial),Ato que autoriza a Contratação Direta,Divulgada no PNCP,False,2025-07-31T11:48:44.349809029,2025-07-31T11:48:44.349809029,2025-07-30,2025-07-30,2026-07-29,4676.71,,,,,Paulínia,SP,Municipal,Não se aplica,Contrato nº 229/2025,6 - Medicamentos,/contratos/45751435000106/2025/210
45751435000106-2-000211/2025,,2025,211,45751435000106,MUNICIPIO DE PAULINIA,MUNICIPIO DE PAULINIA,Pregão - Eletrônico,Contrato (termo inicial),Edital,Divulgada no PNCP,False,2025-07-31T12:45:45.024900040,2025-07-31T12:45:45.024900040,2025-07-30,2025-07-30,2026-07-29,222100.0,,,,,Paulínia,SP,Municipal,Não se aplica,Contrato nº 230/2025,AQUISIÇÃO DE APARELHOS AUDITIVOS,/contratos/45751435000106/2025/211
45751435000106-2-000215/2025,,2025,215,45751435000106,MUNICIPIO DE PAULINIA,MUNICIPIO DE PAULINIA,Dispensa,Contrato (termo inicial),Ato que autoriza a Contratação Direta,Divulgada no PNCP,False,2025-08-06T17:44:46.445566167,2025-08-06T17:44:46.445566167,2025-08-06,2025-08-06,2026-08-05,654.8,,,,,Paulínia,SP,Municipal,Não se aplica,Contrato nº 234/2025,6 - Medicamentos,/contratos/45751435000106/2025/215
45751435000106-2-000237/2025,,2025,237,45751435000106,MUNICIPIO DE PAULINIA,MUNICIPIO DE PAULINIA,Pregão - Eletrônico,Contrato (termo inicial),Edital,Divulgada no PNCP,False,2025-08-22T17:05:28.543561832,2025-08-22T17:05:28.543561832,2025-08-20,2025-08-20,2026-08-19,93120.0,,,,,Paulínia,SP,Municipal,Não se aplica,Contrato nº 256/2025,AQUISIÇÃO DE PRÓTESES NÃO CIRÚRGICAS,/contratos/45751435000106/2025/237
45751435000106-2-000423/2025,,2025,423,45751435000106,MUNICIPIO DE PAULINIA,MUNICIPIO DE PAULINIA,Pregão - Eletrônico,Contrato (termo inicial),Edital,Divulgada no PNCP,False,2025-12-19T10:32:26.360212101,2025-12-19T10:32:26.360212101,2025-12-18,2025-12-18,2026-12-17,5916.49,,,,,Paulínia,SP,Municipal,Não se aplica,Contrato nº 444/2025,AQUISIÇÃO DE MÓVEIS E UTENSÍLIOS,/contratos/45751435000106/2025/423
45751435000106-2-000021/2025,,2025,21,45751435000106,MUNICIPIO DE PAULINIA,MUNICIPIO DE PAULINIA,Pregão - Eletrônico,Contrato (termo inicial),Edital,Divulgada no PNCP,False,2025-02-25T16:24:10.079263726,2025-02-25T16:24:10.079263726,2025-02-24,2025-02-24,2025-08-22,2999.0,,False,,,Paulínia,SP,Municipal,Não se aplica,Contrato nº 031/2025,"AQUISIÇÃO DE BOLO, REFRIGERANTE E SUCO",/contratos/45751435000106/2025/21
45751435000106-2-000051/2025,,2025,51,45751435000106,MUNICIPIO DE PAULINIA,MUNICIPIO DE PAULINIA,Dispensa,Contrato (termo inicial),Ato que autoriza a Contratação Direta,Divulgada no PNCP,False,2025-03-28T09:20:12.597913114,2025-03-28T09:20:12.597913114,2025-03-28,2025-03-28,2026-03-27,1823.6,,False,,,Paulínia,SP,Municipal,Não se aplica,Contrato nº 066/2025,6 - Medicamentos,/contratos/45751435000106/2025/51
45751435000106-2-000079/2025,,2025,79,45751435000106,MUNICIPIO DE PAULINIA,MUNICIPIO DE PAULINIA,Pregão - Eletrônico,Contrato (termo inicial),Edital,Divulgada no PNCP,False,2025-04-04T17:23:57.427232839,2025-04-04T17:23:57.427232839,2025-04-02,2025-04-02,2026-04-01,38000.0,,False,,,Paulínia,SP,Municipal,Não se aplica,Contrato nº 087/2025,AQUISIÇÃO DE INSTRUMENTAIS CIRÚRGICOS E DE VIDEOCIRURGIAS,/contratos/45751435000106/2025/79
45751435000106-2-000192/2025,,2025,192,45751435000106,MUNICIPIO DE PAULINIA,MUNICIPIO DE PAULINIA,Pregão - Eletrônico,Contrato (termo inicial),Edital,Divulgada no PNCP,False,2025-07-17T09:41:04.584574551,2025-07-17T09:41:04.584574551,2025-07-15,2025-07-15,2026-07-14,6399.7,,,,,Paulínia,SP,Municipal,Não se aplica,Contrato nº 203/2025,AQUISIÇÃO DE EQUIPAMENTOS DE PROTEÇÃO INDIVIDUAL (EPI),/contratos/45751435000106/2025/192
45751435000106-2-000269/2025,,2025,269,45751435000106,MUNICIPIO DE PAULINIA,MUNICIPIO DE PAULINIA,Dispensa,Contrato (termo inicial),Ato que autoriza a Contratação Direta,Divulgada no PNCP,False,2025-09-16T14:01:34.005061216,2025-09-16T14:01:34.005061216,2025-09-16,2025-09-16,2026-03-15,294182.5,,,,,Paulínia,SP,Municipal,Não se aplica,Contrato nº 289/2025,16 - Outros materiais de consumo,/contratos/45751435000106/2025/269
45751435000106-2-000273/2025,,2025,273,45751435000106,MUNICIPIO DE PAULINIA,MUNICIPIO DE PAULINIA,Pregão - Eletrônico,Contrato (termo inicial),Edital,Divulgada no PNCP,False,2025-09-19T07:36:44.598937179,2025-09-19T07:36:44.598937179,2025-09-16,2025-09-16,2026-09-15,340803.35,,,,,Paulínia,SP,Municipal,Não se aplica,Contrato nº 294/2025,AQUISIÇÃO DE PLAYGRROUND,/contratos/45751435000106/2025/273
45751435000106-2-000301/2025,,2025,301,45751435000106,MUNICIPIO DE PAULINIA,MUNICIPIO DE PAULINIA,Pregão - Eletrônico,Contrato (termo inicial),Edital,Divulgada no PNCP,False,2025-10-13T16:49:17.013488032,2025-10-13T16:49:17.013488032,2025-10-13,2025-10-13,2026-10-12,60470.0,,,,,Paulínia,SP,Municipal,Não se aplica,Contrato nº 321/2025,AQUISIÇÃO DE EQUIPAMENTOS ODONTOLÓGICOS,/contratos/45751435000106/2025/301
45751435000106-2-000386/2025,,2025,386,45751435000106,MUNICIPIO DE PAULINIA,MUNICIPIO DE PAULINIA,Pregão - Eletrônico,Contrato (termo inicial),Edital,Divulgada no PNCP,False,2025-12-09T10:59:56.314919415,2025-12-09T10:59:56.314919415,2025-12-05,2025-12-05,2026-12-04,2480.0,,,,,Paulínia,SP,Municipal,Não se aplica,Contrato nº 406/2025,AQUISIÇÃO DE MOBILIÁRIOS E ELETROELETRÔNICOS,/contratos/45751435000106/2025/386
45751435000106-2-000396/2025,,2025,396,45751435000106,MUNICIPIO DE PAULINIA,MUNICIPIO DE PAULINIA,Pregão - Eletrônico,Contrato (termo inicial),Edital,Divulgada no PNCP,False,2025-12-10T09:41:18.408137711,2025-12-10T09:41:18.408137711,2025-12-05,2025-12-05,2026-12-04,41404.24,,,,,Paulínia,SP,Municipal,Não se aplica,Contrato nº 412/2025,AQUISIÇÃO DE MOBILIÁRIOS E ELETROELETRÔNICOS,/contratos/45751435000106/2025/396
45751435000106-2-000401/2025,,2025,401,45751435000106,MUNICIPIO DE PAULINIA,MUNICIPIO DE PAULINIA,Pregão - Eletrônico,Contrato (termo inicial),Edital,Divulgada no PNCP,False,2025-12-10T10:36:26.210587221,2025-12-10T10:36:26.210587221,2025-12-05,2025-12-05,2026-12-04,6435.75,,,,,Paulínia,SP,Municipal,Não se aplica,Contrato nº 417/2025,AQUISIÇÃO DE MOBILIÁRIOS E ELETROELETRÔNICOS,/contratos/45751435000106/2025/401
45751435000106-2-000409/2025,,2025,409,45751435000106,MUNICIPIO DE PAULINIA,MUNICIPIO DE PAULINIA,Pregão - Eletrônico,Contrato (termo inicial),Edital,Divulgada no PNCP,False,2025-12-15T10:01:11.368341697,2025-12-15T10:01:11.368341697,2025-12-12,2025-12-12,2026-12-11,55460.0,,,,,Paulínia,SP,Municipal,Não se aplica,Contrato nº 428/2025,AQUISIÇÃO DE EQUIPAMENTOS DE OFTALMOLOGIA,/contratos/45751435000106/2025/409
45751435000106-2-000422/2025,,2025,422,45751435000106,MUNICIPIO DE PAULINIA,MUNICIPIO DE PAULINIA,Pregão - Eletrônico,Contrato (termo inicial),Edital,Divulgada no PNCP,False,2025-12-19T10:32:05.600414737,2025-12-19T10:32:05.600414737,2025-12-18,2025-12-18,2026-12-17,11700.0,,,,,Paulínia,SP,Municipal,Não se aplica,Contrato nº 443/2025,AQUISIÇÃO DE MÓVEIS E UTENSÍLIOS,/contratos/45751435000106/2025/422
45751435000106-2-000428/2025,,2025,428,45751435000106,MUNICIPIO DE PAULINIA,MUNICIPIO DE PAULINIA,Pregão - Eletrônico,Contrato (termo inicial),Edital,Divulgada no PNCP,False,2025-12-19T10:32:54.967761022,2025-12-19T10:32:54.967761022,2025-12-18,2025-12-18,2026-12-17,3337.5,,,,,Paulínia,SP,Municipal,Não se aplica,Contrato nº 450/2025,AQUISIÇÃO DE MÓVEIS E UTENSÍLIOS,/contratos/45751435000106/2025/428
45751435000106-2-000015/2025,,2025,15,45751435000106,MUNICIPIO DE PAULINIA,MUNICIPIO DE PAULINIA,Dispensa,Contrato (termo inicial),Ato que autoriza a Contratação Direta,Divulgada no PNCP,False,2025-02-14T14:48:06.316729,2025-02-14T14:48:06.316729,2025-02-14,2025-02-14,2026-02-13,20400.0,,False,,,Paulínia,SP,Municipal,Não se aplica,Contrato nº 022/2025,3 - Gêneros alimentícios,/contratos/45751435000106/2025/15
45751435000106-2-000019/2025,,2025,19,45751435000106,MUNICIPIO DE PAULINIA,MUNICIPIO DE PAULINIA,Inexigibilidade,Contrato (termo inicial),Ato que autoriza a Contratação Direta,Divulgada no PNCP,False,2025-02-21T14:51:15.307056302,2025-02-21T14:51:15.307056302,2025-02-19,2025-02-19,2025-08-18,45243.0,,False,,,Paulínia,SP,Municipal,Não se aplica,Contrato nº 028/2025,16 - Outros materias de consumo,/contratos/45751435000106/2025/19
45751435000106-2-000037/2025,,2025,37,45751435000106,MUNICIPIO DE PAULINIA,MUNICIPIO DE PAULINIA,Pregão - Eletrônico,Contrato (termo inicial),Edital,Divulgada no PNCP,False,2025-03-07T11:01:15.763009612,2025-03-07T11:01:15.763009612,2025-02-24,2025-02-24,2026-02-23,2202087.31,,False,,,Paulínia,SP,Municipal,Não se aplica,Contrato nº 43/2025,AQUISIÇÃO DE PLAYGROUND,/contratos/45751435000106/2025/37
45751435000106-2-000043/2025,,2025,43,45751435000106,MUNICIPIO DE PAULINIA,MUNICIPIO DE PAULINIA,Dispensa,Contrato (termo inicial),Ato que autoriza a Contratação Direta,Divulgada no PNCP,False,2025-03-18T09:28:12.730410895,2025-03-18T09:28:12.730410895,2025-03-14,2025-03-14,2026-03-13,7439.9,,False,,,Paulínia,SP,Municipal,Não se aplica,Contrato nº 056/2025,16 - Outros materias de consumo,/contratos/45751435000106/2025/43
45751435000106-2-000046/2025,,2025,46,45751435000106,MUNICIPIO DE PAULINIA,MUNICIPIO DE PAULINIA,Dispensa,Contrato (termo inicial),Ato que autoriza a Contratação Direta,Divulgada no PNCP,False,2025-03-25T10:33:33.737006682,2025-03-25T10:33:33.737006682,2025-03-25,2025-03-25,2026-03-24,45036.0,,False,,,Paulínia,SP,Municipal,Não se aplica,Contrato nº 059/2025,16 - Outros materias de consumo,/contratos/45751435000106/2025/46
45751435000106-2-000050/2025,,2025,50,45751435000106,MUNICIPIO DE PAULINIA,MUNICIPIO DE PAULINIA,Dispensa,Contrato (termo inicial),Ato que autoriza a Contratação Direta,Divulgada no PNCP,False,2025-03-28T08:25:19.643169260,2025-03-28T08:25:19.643169260,2025-03-28,2025-03-28,2026-03-27,9180.0,,False,,,Paulínia,SP,Municipal,Não se aplica,Contrato nº 065/2025,3 - Gêneros alimentícios,/contratos/45751435000106/2025/50
45751435000106-2-000074/2025,,2025,74,45751435000106,MUNICIPIO DE PAULINIA,MUNICIPIO DE PAULINIA,Pregão - Eletrônico,Contrato (termo inicial),Edital,Divulgada no PNCP,False,2025-04-04T17:19:35.690685633,2025-04-04T17:19:35.690685633,2025-04-02,2025-04-02,2026-04-01,5613.9,,False,,,Paulínia,SP,Municipal,Não se aplica,Contrato nº 088/2025,AQUISIÇÃO DE INSTRUMENTAIS CIRÚRGICOS E DE VIDEOCIRURGIAS,/contratos/45751435000106/2025/74
45751435000106-2-000078/2025,,2025,78,45751435000106,MUNICIPIO DE PAULINIA,MUNICIPIO DE PAULINIA,Pregão - Eletrônico,Contrato (termo inicial),Edital,Divulgada no PNCP,False,2025-04-04T17:21:46.676180187,2025-04-04T17:21:46.676180187,2025-04-02,2025-04-02,2026-04-01,27986.0,,False,,,Paulínia,SP,Municipal,Não se aplica,Contrato nº 090/2025,AQUISIÇÃO DE INSTRUMENTAIS CIRÚRGICOS E DE VIDEOCIRURGIAS,/contratos/45751435000106/2025/78
45751435000106-2-000114/2025,,2025,114,45751435000106,MUNICIPIO DE PAULINIA,MUNICIPIO DE PAULINIA,Pregão - Eletrônico,Contrato (termo inicial),Edital,Divulgada no PNCP,False,2025-05-30T12:48:12.225572126,2025-05-30T12:48:12.225572126,2025-05-26,2025-05-26,2026-05-25,5030.0,,False,,,Paulínia,SP,Municipal,Não se aplica,Contrato nº 130/2025,AQUISIÇÃO DE EQUIPAMENTOS PARA A REDE DE ATENÇÃO PSICOSSOCIAL,/contratos/45751435000106/2025/114
45751435000106-2-000115/2025,,2025,115,45751435000106,MUNICIPIO DE PAULINIA,MUNICIPIO DE PAULINIA,Pregão - Eletrônico,Contrato (termo inicial),Edital,Divulgada no PNCP,False,2025-05-30T14:10:42.597738167,2025-05-30T14:10:42.597738167,2025-05-26,2025-05-26,2026-05-25,1340.0,,False,,,Paulínia,SP,Municipal,Não se aplica,Contrato nº 131/2025,AQUISIÇÃO DE EQUIPAMENTOS PARA A REDE DE ATENÇÃO PSICOSSOCIAL,/contratos/45751435000106/2025/115
45751435000106-2-000118/2025,,2025,118,45751435000106,MUNICIPIO DE PAULINIA,MUNICIPIO DE PAULINIA,Pregão - Eletrônico,Contrato (termo inicial),Edital,Divulgada no PNCP,False,2025-05-30T15:41:50.157466977,2025-05-30T15:41:50.157466977,2025-05-26,2025-05-26,2026-05-25,2357.32,,False,,,Paulínia,SP,Municipal,Não se aplica,Contrato nº 134/2025,AQUISIÇÃO DE EQUIPAMENTOS PARA A REDE DE ATENÇÃO PSICOSSOCIAL,/contratos/45751435000106/2025/118
45751435000106-2-000182/2025,,2025,182,45751435000106,MUNICIPIO DE PAULINIA,MUNICIPIO DE PAULINIA,Pregão - Eletrônico,Contrato (termo inicial),Edital,Divulgada no PNCP,False,2025-07-15T08:21:37.887281361,2025-07-15T08:21:37.887281361,2025-07-04,2025-07-04,2026-07-03,2240860.93,,,,,Paulínia,SP,Municipal,Não se aplica,Contrato nº 197/2025,AQUISIÇÃO DE PLAYGROUND,/contratos/45751435000106/2025/182
45751435000106-2-000208/2025,,2025,208,45751435000106,MUNICIPIO DE PAULINIA,MUNICIPIO DE PAULINIA,Dispensa,Contrato (termo inicial),Ato que autoriza a Contratação Direta,Divulgada no PNCP,False,2025-07-29T17:41:13.425955985,2025-07-29T17:41:13.425955985,2025-07-28,2025-07-28,2026-07-27,87755.0,,,,,Paulínia,SP,Municipal,Não se aplica,Contrato nº 224/2025,16 - Outros materias de consumo,/contratos/45751435000106/2025/208
45751435000106-2-000223/2025,,2025,223,45751435000106,MUNICIPIO DE PAULINIA,MUNICIPIO DE PAULINIA,Pregão - Eletrônico,Contrato (termo inicial),Edital,Divulgada no PNCP,False,2025-08-13T12:36:59.200425166,2025-08-13T12:36:59.200425166,2025-08-11,2025-08-11,2026-08-10,191400.0,,,,,Paulínia,SP,Municipal,Não se aplica,Contrato nº 242/2025,AQUISIÇÃO DE CADEIRAS DE RODAS MOTORIZADAS,/contratos/45751435000106/2025/223
45751435000106-2-000226/2025,,2025,226,45751435000106,MUNICIPIO DE PAULINIA,MUNICIPIO DE PAULINIA,Dispensa,Contrato (termo inicial),Ato que autoriza a Contratação Direta,Divulgada no PNCP,False,2025-08-18T09:29:25.388236578,2025-08-18T09:29:25.388236578,2025-08-12,2025-08-12,2026-08-11,7000.0,,,,,Paulínia,SP,Municipal,Não se aplica,Contrato nº 245/2025,16 - Outros materias de consumo,/contratos/45751435000106/2025/226
45751435000106-2-000231/2025,,2025,231,45751435000106,MUNICIPIO DE PAULINIA,MUNICIPIO DE PAULINIA,Inexigibilidade,Contrato (termo inicial),Ato que autoriza a Contratação Direta,Divulgada no PNCP,False,2025-08-20T10:23:52.218111751,2025-08-20T10:23:52.218111751,2025-08-18,2025-08-18,2026-08-17,62232.0,,,,,Paulínia,SP,Municipal,Não se aplica,Contrato nº 250/2025,17 - Outras prestações de serviços,/contratos/45751435000106/2025/231
45751435000106-2-000233/2025,,2025,233,45751435000106,MUNICIPIO DE PAULINIA,MUNICIPIO DE PAULINIA,Inexigibilidade,Contrato (termo inicial),Ato que autoriza a Contratação Direta,Divulgada no PNCP,False,2025-08-20T10:24:07.142176753,2025-08-20T10:24:07.142176753,2025-08-18,2025-08-18,2026-08-17,990280.0,,,,,Paulínia,SP,Municipal,Não se aplica,Contrato nº 252/2025,16 - Outros materias de consumo,/contratos/45751435000106/2025/233
45751435000106-2-000234/2025,,2025,234,45751435000106,MUNICIPIO DE PAULINIA,MUNICIPIO DE PAULINIA,Dispensa,Contrato (termo inicial),Ato que autoriza a Contratação Direta,Divulgada no PNCP,False,2025-08-20T17:11:07.835167358,2025-08-20T17:11:07.835167358,2025-08-18,2025-08-18,2026-08-17,9747.4,,,,,Paulínia,SP,Municipal,Não se aplica,Contrato nº 253/2025,16 - Outros materias de consumo,/contratos/45751435000106/2025/234
45751435000106-2-000283/2025,,2025,283,45751435000106,MUNICIPIO DE PAULINIA,MUNICIPIO DE PAULINIA,Inexigibilidade,Contrato (termo inicial),Ato que autoriza a Contratação Direta,Divulgada no PNCP,False,2025-09-25T09:31:03.439325055,2025-09-25T09:31:03.439325055,2025-08-29,2025-08-29,2025-11-26,36500.0,,,,,Paulínia,SP,Municipal,Não se aplica,Contrato nº 264/2025,Palestrante A SAÚDE MENTAL DO SERVIDOR PÚBLICO,/contratos/45751435000106/2025/283
45751435000106-2-000294/2025,,2025,294,45751435000106,MUNICIPIO DE PAULINIA,MUNICIPIO DE PAULINIA,Pregão - Eletrônico,Contrato (termo inicial),Edital,Divulgada no PNCP,False,2025-10-03T10:18:17.895863340,2025-10-03T10:18:17.895863340,2025-10-03,2025-10-03,2026-10-02,309999.6,,,,,Paulínia,SP,Municipal,Não se aplica,Contrato nº 314/2025,AQUISIÇÃO DE NUTRIÇÃO PARENTERAL PROLONGADA - NPP,/contratos/45751435000106/2025/294
45751435000106-2-000298/2025,,2025,298,45751435000106,MUNICIPIO DE PAULINIA,MUNICIPIO DE PAULINIA,Pregão - Eletrônico,Contrato (termo inicial),Edital,Divulgada no PNCP,False,2025-10-13T16:07:48.346011110,2025-10-13T16:07:48.346011110,2025-10-13,2025-10-13,2026-10-12,8000.0,,,,,Paulínia,SP,Municipal,Não se aplica,Contrato nº 318/2025,AQUISIÇÃO DE EQUIPAMENTOS ODONTOLÓGICOS,/contratos/45751435000106/2025/298
45751435000106-2-000299/2025,,2025,299,45751435000106,MUNICIPIO DE PAULINIA,MUNICIPIO DE PAULINIA,Pregão - Eletrônico,Contrato (termo inicial),Edital,Divulgada no PNCP,False,2025-10-13T16:18:42.385532210,2025-10-13T16:18:42.385532210,2025-10-13,2025-10-13,2026-10-12,47820.0,,,,,Paulínia,SP,Municipal,Não se aplica,Contrato nº 319/2025,AQUISIÇÃO DE EQUIPAMENTOS ODONTOLÓGICOS,/contratos/45751435000106/2025/299
45751435000106-2-000391/2025,,2025,391,45751435000106,MUNICIPIO DE PAULINIA,MUNICIPIO DE PAULINIA,Pregão - Eletrônico,Contrato (termo inicial),Edital,Divulgada no PNCP,False,2025-12-10T08:15:57.641737047,2025-12-10T08:15:57.641737047,2025-12-05,2025-12-05,2026-12-04,15168.3,,,,,Paulínia,SP,Municipal,Não se aplica,Contrato nº 407/2025,AQUISIÇÃO DE MOBILIÁRIOS E ELETROELETRÔNICOS,/contratos/45751435000106/2025/391
45751435000106-2-000392/2025,,2025,392,45751435000106,MUNICIPIO DE PAULINIA,MUNICIPIO DE PAULINIA,Pregão - Eletrônico,Contrato (termo inicial),Edital,Divulgada no PNCP,False,2025-12-10T08:25:47.615418144,2025-12-10T08:25:47.615418144,2025-12-05,2025-12-05,2026-12-04,5940.0,,,,,Paulínia,SP,Municipal,Não se aplica,Contrato nº 408/2025,AQUISIÇÃO DE MOBILIÁRIOS E ELETROELETRÔNICOS,/contratos/45751435000106/2025/392
45751435000106-2-000393/2025,,2025,393,45751435000106,MUNICIPIO DE PAULINIA,MUNICIPIO DE PAULINIA,Pregão - Eletrônico,Contrato (termo inicial),Edital,Divulgada no PNCP,False,2025-12-10T08:49:20.307496833,2025-12-10T08:49:20.307496833,2025-12-05,2025-12-05,2026-12-04,7580.0,,,,,Paulínia,SP,Municipal,Não se aplica,Contrato nº 409/2025,AQUISIÇÃO DE MOBILIÁRIOS E ELETROELETRÔNICOS,/contratos/45751435000106/2025/393
45751435000106-2-000394/2025,,2025,394,45751435000106,MUNICIPIO DE PAULINIA,MUNICIPIO DE PAULINIA,Pregão - Eletrônico,Contrato (termo inicial),Edital,Divulgada no PNCP,False,2025-12-10T09:02:23.343431858,2025-12-10T09:02:23.343431858,2025-12-05,2025-12-05,2026-12-04,5218.0,,,,,Paulínia,SP,Municipal,Não se aplica,Contrato nº 410/2025,AQUISIÇÃO DE MOBILIÁRIOS E ELETROELETRÔNICOS,/contratos/45751435000106/2025/394
45751435000106-2-000410/2025,,2025,410,45751435000106,MUNICIPIO DE PAULINIA,MUNICIPIO DE PAULINIA,Pregão - Eletrônico,Contrato (termo inicial),Edital,Divulgada no PNCP,False,2025-12-15T11:26:57.477785570,2025-12-15T11:26:57.477785570,2025-12-12,2025-12-12,2026-12-11,2600.0,,,,,Paulínia,SP,Municipal,Não se aplica,Contrato nº 429/2025,AQUISIÇÃO DE EQUIPAMENTOS DE OFTALMOLOGIA,/contratos/45751435000106/2025/410
45751435000106-2-000425/2025,,2025,425,45751435000106,MUNICIPIO DE PAULINIA,MUNICIPIO DE PAULINIA,Pregão - Eletrônico,Contrato (termo inicial),Edital,Divulgada no PNCP,False,2025-12-19T10:32:38.358135703,2025-12-19T10:32:38.358135703,2025-12-18,2025-12-18,2026-12-17,8440.0,,,,,Paulínia,SP,Municipal,Não se aplica,Contrato nº 447/2025,AQUISIÇÃO DE MÓVEIS E UTENSÍLIOS,/contratos/45751435000106/2025/425
45751435000106-2-000431/2025,,2025,431,45751435000106,MUNICIPIO DE PAULINIA,MUNICIPIO DE PAULINIA,Pregão - Eletrônico,Contrato (termo inicial),Edital,Divulgada no PNCP,False,2025-12-19T10:34:12.085640007,2025-12-19T10:34:12.085640007,2025-12-18,2025-12-18,2026-12-17,16636.0,,,,,Paulínia,SP,Municipal,Não se aplica,Contrato nº 453/2025,AQUISIÇÃO DE MÓVEIS E UTENSÍLIOS,/contratos/45751435000106/2025/431
45751435000106-2-000435/2025,,2025,435,45751435000106,MUNICIPIO DE PAULINIA,MUNICIPIO DE PAULINIA,Pregão - Eletrônico,Contrato (termo inicial),Edital,Divulgada no PNCP,False,2025-12-19T10:52:39.660684628,2025-12-19T10:52:39.660684628,2025-12-18,2025-12-18,2026-12-17,7313.79,,,,,Paulínia,SP,Municipal,Não se aplica,Contrato nº 445/2025,AQUISIÇÃO DE MÓVEIS E UTENSÍLIOS,/contratos/45751435000106/2025/435
45751435000106-2-000438/2025,,2025,438,45751435000106,MUNICIPIO DE PAULINIA,MUNICIPIO DE PAULINIA,Pregão - Eletrônico,Contrato (termo inicial),Edital,Divulgada no PNCP,False,2025-12-19T14:57:26.777244121,2025-12-19T14:57:26.777244121,2025-12-18,2025-12-18,2026-12-17,484178.39,,,,,Paulínia,SP,Municipal,Não se aplica,Contrato nº 457/2025,AQUISIÇÃO DE PLAYGROUND,/contratos/45751435000106/2025/438
45751435000106-2-000002/2025,,2025,2,45751435000106,MUNICIPIO DE PAULINIA,MUNICIPIO DE PAULINIA,Dispensa,Contrato (termo inicial),Ato que autoriza a Contratação Direta,Divulgada no PNCP,False,2025-02-05T12:00:58.740948,2025-02-05T12:00:58.740948,2025-02-05,2025-02-05,2025-08-04,3330.0,,False,,,Paulínia,SP,Municipal,Não se aplica,Contrato nº 007/2025,6 - Medicamentos,/contratos/45751435000106/2025/2
45751435000106-2-000062/2025,,2025,62,45751435000106,MUNICIPIO DE PAULINIA,MUNICIPIO DE PAULINIA,Pregão - Eletrônico,Contrato (termo inicial),Edital,Divulgada no PNCP,False,2025-04-01T09:53:42.701358851,2025-04-01T09:53:42.701358851,2025-03-28,2025-03-28,2026-03-27,14236.0,,False,,,Paulínia,SP,Municipal,Não se aplica,Contrato nº 077/2025,AQUISIÇÃO DE ARTIGOS DE ARMARINHO E TECIDOS PARA OFICINAS TERAPÊUTICAS,/contratos/45751435000106/2025/62
45751435000106-2-000070/2025,,2025,70,45751435000106,MUNICIPIO DE PAULINIA,MUNICIPIO DE PAULINIA,Dispensa,Contrato (termo inicial),Ato que autoriza a Contratação Direta,Divulgada no PNCP,False,2025-04-04T09:24:27.251481586,2025-04-04T09:24:27.251481586,2025-04-01,2025-04-01,2025-09-30,48600.0,,False,,,Paulínia,SP,Municipal,Não se aplica,Contrato nº 084/2025,17 - Outras prestações de serviços,/contratos/45751435000106/2025/70
45751435000106-2-000075/2025,,2025,75,45751435000106,MUNICIPIO DE PAULINIA,MUNICIPIO DE PAULINIA,Pregão - Eletrônico,Contrato (termo inicial),Edital,Divulgada no PNCP,False,2025-04-04T17:19:44.157634006,2025-04-04T17:19:44.157634006,2025-04-02,2025-04-02,2026-04-01,2432.18,,False,,,Paulínia,SP,Municipal,Não se aplica,Contrato nº 089/2025,AQUISIÇÃO DE INSTRUMENTAIS CIRÚRGICOS E DE VIDEOCIRURGIAS,/contratos/45751435000106/2025/75
45751435000106-2-000090/2025,,2025,90,45751435000106,MUNICIPIO DE PAULINIA,MUNICIPIO DE PAULINIA,Pregão - Eletrônico,Contrato (termo inicial),Edital,Divulgada no PNCP,False,2025-04-24T10:16:59.810452857,2025-04-24T10:16:59.810452857,2025-04-15,2025-04-15,2026-04-14,26500.0,,False,,,Paulínia,SP,Municipal,Não se aplica,Contrato nº 104/2025,AQUISIÇÃO DE CORTINAS HOSPITALARES COM SERVIÇOS DE INSTALAÇÃO,/contratos/45751435000106/2025/90
45751435000106-2-000109/2025,,2025,109,45751435000106,MUNICIPIO DE PAULINIA,MUNICIPIO DE PAULINIA,Pregão - Eletrônico,Contrato (termo inicial),Edital,Divulgada no PNCP,False,2025-05-30T09:09:26.202500813,2025-05-30T09:09:26.202500813,2025-05-29,2025-05-29,2026-05-28,4376.0,,False,,,Paulínia,SP,Municipal,Não se aplica,Contrato nº 125/2025,AQUISIÇÃO DE EQUIPAMENTOS PARA A REDE DE ATENÇÃO PSICOSSOCIAL,/contratos/45751435000106/2025/109
45751435000106-2-000119/2025,,2025,119,45751435000106,MUNICIPIO DE PAULINIA,MUNICIPIO DE PAULINIA,Pregão - Eletrônico,Contrato (termo inicial),Edital,Divulgada no PNCP,False,2025-06-02T07:38:06.911539618,2025-06-02T07:38:06.911539618,2025-05-26,2025-05-26,2026-05-26,2154.88,,False,,,Paulínia,SP,Municipal,Não se aplica,Contrato nº 135/2025,AQUISIÇÃO DE EQUIPAMENTOS PARA A REDE DE ATENÇÃO PSICOSSOCIAL,/contratos/45751435000106/2025/119
45751435000106-2-000122/2025,,2025,122,45751435000106,MUNICIPIO DE PAULINIA,MUNICIPIO DE PAULINIA,Pregão - Eletrônico,Contrato (termo inicial),Edital,Divulgada no PNCP,False,2025-06-02T10:08:34.096722801,2025-06-02T10:08:34.096722801,2025-05-26,2025-05-26,2026-05-25,8625.93,,False,,,Paulínia,SP,Municipal,Não se aplica,Contrato nº 138/2025,AQUISIÇÃO DE EQUIPAMENTOS PARA A REDE DE ATENÇÃO PSICOSSOCIAL,/contratos/45751435000106/2025/122
45751435000106-2-000135/2025,,2025,135,45751435000106,MUNICIPIO DE PAULINIA,MUNICIPIO DE PAULINIA,Pregão - Eletrônico,Contrato (termo inicial),Edital,Divulgada no PNCP,False,2025-06-09T16:46:24.265024391,2025-06-09T16:46:24.265024391,2025-06-05,2025-06-05,2026-06-05,2078888.97,,False,,,Paulínia,SP,Municipal,Não se aplica,Contrato nº 151/2025,AQUISIÇÃO DE BRINQUEDOS PEDAGÓGICOS,/contratos/45751435000106/2025/135
45751435000106-2-000191/2025,,2025,191,45751435000106,MUNICIPIO DE PAULINIA,MUNICIPIO DE PAULINIA,Pregão - Eletrônico,Contrato (termo inicial),Edital,Divulgada no PNCP,False,2025-07-17T09:21:20.480253551,2025-07-17T09:21:20.480253551,2025-07-15,2025-07-15,2026-07-14,66564.45,,,,,Paulínia,SP,Municipal,Não se aplica,Contrato nº 205/2025,AQUISIÇÃO DE MATERIAIS DE ESCRITÓRIO,/contratos/45751435000106/2025/191
45751435000106-2-000200/2025,,2025,200,45751435000106,MUNICIPIO DE PAULINIA,MUNICIPIO DE PAULINIA,Pregão - Eletrônico,Contrato (termo inicial),Edital,Divulgada no PNCP,False,2025-07-23T12:36:09.559617970,2025-07-23T12:36:09.559617970,2025-07-21,2025-07-21,2026-07-20,279799.93,,,,,Paulínia,SP,Municipal,Não se aplica,Contrato nº 216/2025,AQUISIÇÃO DE BRINQUEDOS PEDAGÓGICOS,/contratos/45751435000106/2025/200
45751435000106-2-000267/2025,,2025,267,45751435000106,MUNICIPIO DE PAULINIA,MUNICIPIO DE PAULINIA,Pregão - Eletrônico,Contrato (termo inicial),Edital,Divulgada no PNCP,False,2025-09-12T16:46:36.301238636,2025-09-12T16:46:36.301238636,2025-09-10,2025-09-10,2026-03-08,50850.0,,,,,Paulínia,SP,Municipal,Não se aplica,Contrato nº 288/2025,AQUISIÇÃO DE MOBILIÁRIO EM GERAL DE MDF E DE AÇO,/contratos/45751435000106/2025/267
45751435000106-2-000300/2025,,2025,300,45751435000106,MUNICIPIO DE PAULINIA,MUNICIPIO DE PAULINIA,Pregão - Eletrônico,Contrato (termo inicial),Edital,Divulgada no PNCP,False,2025-10-13T16:37:37.449529255,2025-10-13T16:37:37.449529255,2025-10-13,2025-10-13,2026-10-12,14699.7,,,,,Paulínia,SP,Municipal,Não se aplica,Contrato nº 320/2025,AQUISIÇÃO DE EQUIPAMENTOS ODONTOLÓGICOS,/contratos/45751435000106/2025/300
45751435000106-2-000395/2025,,2025,395,45751435000106,MUNICIPIO DE PAULINIA,MUNICIPIO DE PAULINIA,Pregão - Eletrônico,Contrato (termo inicial),Edital,Divulgada no PNCP,False,2025-12-10T09:10:54.557620160,2025-12-10T09:10:54.557620160,2025-12-05,2025-12-05,2026-12-04,16109.99,,,,,Paulínia,SP,Municipal,Não se aplica,Contrato nº 411/2025,AQUISIÇÃO DE MOBILIÁRIOS E ELETROELETRÔNICOS,/contratos/45751435000106/2025/395
45751435000106-2-000398/2025,,2025,398,45751435000106,MUNICIPIO DE PAULINIA,MUNICIPIO DE PAULINIA,Pregão - Eletrônico,Contrato (termo inicial),Edital,Divulgada no PNCP,False,2025-12-10T10:08:08.007991570,2025-12-10T10:08:08.007991570,2025-12-05,2025-12-05,2026-12-04,4235.0,,,,,Paulínia,SP,Municipal,Não se aplica,Contrato nº 414/2025,AQUISIÇÃO DE MOBILIÁRIOS E ELETROELETRÔNICOS,/contratos/45751435000106/2025/398
45751435000106-2-000399/2025,,2025,399,45751435000106,MUNICIPIO DE PAULINIA,MUNICIPIO DE PAULINIA,Pregão - Eletrônico,Contrato (termo inicial),Edital,Divulgada no PNCP,False,2025-12-10T10:16:18.635878628,2025-12-10T10:16:18.635878628,2025-12-05,2025-12-05,2026-12-04,9088.0,,,,,Paulínia,SP,Municipal,Não se aplica,Contrato nº 415/2025,AQUISIÇÃO DE MOBILIÁRIOS E ELETROELETRÔNICOS,/contratos/45751435000106/2025/399
45751435000106-2-000400/2025,,2025,400,45751435000106,MUNICIPIO DE PAULINIA,MUNICIPIO DE PAULINIA,Pregão - Eletrônico,Contrato (termo inicial),Edital,Divulgada no PNCP,False,2025-12-10T10:26:32.001443838,2025-12-10T10:26:32.001443838,2025-12-05,2025-12-05,2026-12-04,5829.78,,,,,Paulínia,SP,Municipal,Não se aplica,Contrato nº 416/2025,AQUISIÇÃO DE MOBILIÁRIOS E ELETROELETRÔNICOS,/contratos/45751435000106/2025/400
45751435000106-2-000403/2025,,2025,403,45751435000106,MUNICIPIO DE PAULINIA,MUNICIPIO DE PAULINIA,Pregão - Eletrônico,Contrato (termo inicial),Edital,Divulgada no PNCP,False,2025-12-10T10:53:53.128129512,2025-12-10T10:53:53.128129512,2025-12-05,2025-12-05,2026-12-04,158667.3,,,,,Paulínia,SP,Municipal,Não se aplica,Contrato nº 419/2025,AQUISIÇÃO DE MOBILIÁRIOS E ELETROELETRÔNICOS,/contratos/45751435000106/2025/403
45751435000106-2-000413/2025,,2025,413,45751435000106,MUNICIPIO DE PAULINIA,MUNICIPIO DE PAULINIA,Pregão - Eletrônico,Contrato (termo inicial),Edital,Divulgada no PNCP,False,2025-12-16T13:51:46.636088528,2025-12-16T13:51:46.636088528,2025-12-16,2025-12-16,2026-12-15,15784.0,,,,,Paulínia,SP,Municipal,Não se aplica,Contrato nº 433/2025,AQUISIÇÃO DE CAMISETAS,/contratos/45751435000106/2025/413
45751435000106-2-000420/2025,,2025,420,45751435000106,MUNICIPIO DE PAULINIA,MUNICIPIO DE PAULINIA,Pregão - Eletrônico,Contrato (termo inicial),Edital,Divulgada no PNCP,False,2025-12-17T16:19:00.893566942,2025-12-17T16:19:00.893566942,2025-12-17,2025-12-17,2026-12-16,1650986.0,,,,,Paulínia,SP,Municipal,Não se aplica,Contrato nº 441/2025,“CONTRATAÇÃO DE EMPRESA / CONSÓRCIO DE EMPRESAS PARA PRESTAÇÃO DE SERVIÇOS DE NEFROLOGIA,/contratos/45751435000106/2025/420
45751435000106-2-000424/2025,,2025,424,45751435000106,MUNICIPIO DE PAULINIA,MUNICIPIO DE PAULINIA,Pregão - Eletrônico,Contrato (termo inicial),Edital,Divulgada no PNCP,False,2025-12-19T10:32:32.131435244,2025-12-19T10:32:32.131435244,2025-12-18,2025-12-18,2026-12-17,13548.62,,,,,Paulínia,SP,Municipal,Não se aplica,Contrato nº 446/2025,AQUISIÇÃO DE MÓVEIS E UTENSÍLIOS,/contratos/45751435000106/2025/424
45751435000106-2-000426/2025,,2025,426,45751435000106,MUNICIPIO DE PAULINIA,MUNICIPIO DE PAULINIA,Pregão - Eletrônico,Contrato (termo inicial),Edital,Divulgada no PNCP,False,2025-12-19T10:32:43.701333051,2025-12-19T10:32:43.701333051,2025-12-18,2025-12-18,2026-12-17,15822.0,,,,,Paulínia,SP,Municipal,Não se aplica,Contrato nº 448/2025,AQUISIÇÃO DE MÓVEIS E UTENSÍLIOS,/contratos/45751435000106/2025/426
45751435000106-2-000427/2025,,2025,427,45751435000106,MUNICIPIO DE PAULINIA,MUNICIPIO DE PAULINIA,Pregão - Eletrônico,Contrato (termo inicial),Edital,Divulgada no PNCP,False,2025-12-19T10:32:48.910800471,2025-12-19T10:32:48.910800471,2025-12-18,2025-12-18,2026-12-17,28908.0,,,,,Paulínia,SP,Municipal,Não se aplica,Contrato nº 449/2025,AQUISIÇÃO DE MÓVEIS E UTENSÍLIOS,/contratos/45751435000106/2025/427
45751435000106-2-000429/2025,,2025,429,45751435000106,MUNICIPIO DE PAULINIA,MUNICIPIO DE PAULINIA,Pregão - Eletrônico,Contrato (termo inicial),Edital,Divulgada no PNCP,False,2025-12-19T10:33:00.464198732,2025-12-19T10:33:00.464198732,2025-12-18,2025-12-18,2026-12-17,8859.12,,,,,Paulínia,SP,Municipal,Não se aplica,Contrato nº 451/2025,AQUISIÇÃO DE MÓVEIS E UTENSÍLIOS,/contratos/45751435000106/2025/429
45751435000106-2-000430/2025,,2025,430,45751435000106,MUNICIPIO DE PAULINIA,MUNICIPIO DE PAULINIA,Pregão - Eletrônico,Contrato (termo inicial),Edital,Divulgada no PNCP,False,2025-12-19T10:33:05.585412594,2025-12-19T10:33:05.585412594,2025-12-18,2025-12-18,2026-12-17,34938.46,,,,,Paulínia,SP,Municipal,Não se aplica,Contrato nº 452/2025,AQUISIÇÃO DE MÓVEIS E UTENSÍLIOS,/contratos/45751435000106/2025/430
45751435000106-2-000020/2025,,2025,20,45751435000106,MUNICIPIO DE PAULINIA,MUNICIPIO DE PAULINIA,Pregão - Eletrônico,Contrato (termo inicial),Edital,Divulgada no PNCP,False,2025-02-25T16:24:03.615289432,2025-02-25T16:24:03.615289432,2025-02-24,2025-02-24,2025-08-22,7700.0,,False,,,Paulínia,SP,Municipal,Não se aplica,Contrato nº 030/2025,"AQUISIÇÃO DE BOLO, REFRIGERANTE E SUCO",/contratos/45751435000106/2025/20
45751435000106-2-000023/2025,,2025,23,45751435000106,MUNICIPIO DE PAULINIA,MUNICIPIO DE PAULINIA,Pregão - Eletrônico,Contrato (termo inicial),Edital,Divulgada no PNCP,False,2025-02-25T16:24:20.182365911,2025-02-25T16:24:20.182365911,2025-02-24,2025-02-24,2025-08-22,115800.0,,False,,,Paulínia,SP,Municipal,Não se aplica,Contrato nº 033/2025,"AQUISIÇÃO DE BOLO, REFRIGERANTE E SUCO",/contratos/45751435000106/2025/23
45751435000106-2-000048/2025,,2025,48,45751435000106,MUNICIPIO DE PAULINIA,MUNICIPIO DE PAULINIA,Pregão - Eletrônico,Contrato (termo inicial),Edital,Divulgada no PNCP,False,2025-03-26T11:54:30.014799514,2025-03-26T11:54:30.014799514,2025-03-26,2025-03-26,2026-03-25,387500.0,,False,,,Paulínia,SP,Municipal,Não se aplica,Contrato nº 062/2025,REGISTRO DE PREÇOS PARA AQUISIÇÃO DE CAFÉ E AÇÚCAR,/contratos/45751435000106/2025/48
45751435000106-2-000059/2025,,2025,59,45751435000106,MUNICIPIO DE PAULINIA,MUNICIPIO DE PAULINIA,Pregão - Eletrônico,Contrato (termo inicial),Edital,Divulgada no PNCP,False,2025-04-01T09:53:21.872528124,2025-04-01T09:53:21.872528124,2025-03-28,2025-03-28,2026-03-27,683.23,,False,,,Paulínia,SP,Municipal,Não se aplica,Contrato nº 074/2025,AQUISIÇÃO DE ARTIGOS DE ARMARINHO E TECIDOS PARA OFICINAS TERAPÊUTICAS,/contratos/45751435000106/2025/59
45751435000106-2-000061/2025,,2025,61,45751435000106,MUNICIPIO DE PAULINIA,MUNICIPIO DE PAULINIA,Pregão - Eletrônico,Contrato (termo inicial),Edital,Divulgada no PNCP,False,2025-04-01T09:53:36.672909238,2025-04-01T09:53:36.672909238,2025-03-28,2025-03-28,2026-03-27,4012.49,,False,,,Paulínia,SP,Municipal,Não se aplica,Contrato nº 076/2025,AQUISIÇÃO DE ARTIGOS DE ARMARINHO E TECIDOS PARA OFICINAS TERAPÊUTICAS,/contratos/45751435000106/2025/61
45751435000106-2-000063/2025,,2025,63,45751435000106,MUNICIPIO DE PAULINIA,MUNICIPIO DE PAULINIA,Pregão - Eletrônico,Contrato (termo inicial),Edital,Divulgada no PNCP,False,2025-04-01T09:53:50.183654163,2025-04-01T09:53:50.183654163,2025-03-28,2025-03-28,2026-03-27,176.0,,False,,,Paulínia,SP,Municipal,Não se aplica,Contrato nº 078/2025,AQUISIÇÃO DE ARTIGOS DE ARMARINHO E TECIDOS PARA OFICINAS TERAPÊUTICAS,/contratos/45751435000106/2025/63
45751435000106-2-000082/2025,,2025,82,45751435000106,MUNICIPIO DE PAULINIA,MUNICIPIO DE PAULINIA,Pregão - Eletrônico,Contrato (termo inicial),Edital,Divulgada no PNCP,False,2025-04-16T15:14:48.397887932,2025-04-16T15:14:48.397887932,2025-04-03,2025-04-04,2026-04-03,749878.95,,False,,,Paulínia,SP,Municipal,Não se aplica,Contrato nº 95/2025,AQUISIÇÃO DE PLAYGROUND,/contratos/45751435000106/2025/82
45751435000106-2-000100/2025,,2025,100,45751435000106,MUNICIPIO DE PAULINIA,MUNICIPIO DE PAULINIA,Pregão - Eletrônico,Contrato (termo inicial),Edital,Divulgada no PNCP,False,2025-05-20T12:17:27.338267216,2025-05-20T12:17:27.338267216,2025-05-16,2025-05-16,2026-05-15,85899.79,,False,,,Paulínia,SP,Municipal,Não se aplica,Contrato nº 115/2025,AQUISIÇÃO DE CADEIRAS DE RODAS COM ADAPTAÇÕES POSTURAIS E MEIOS AUXILIARES DE LOCOMOÇÃO,/contratos/45751435000106/2025/100
45751435000106-2-000101/2025,,2025,101,45751435000106,MUNICIPIO DE PAULINIA,MUNICIPIO DE PAULINIA,Pregão - Eletrônico,Contrato (termo inicial),Edital,Divulgada no PNCP,False,2025-05-20T12:17:34.253902464,2025-05-20T12:17:34.253902464,2025-05-16,2025-05-16,2026-05-15,18400.0,,False,,,Paulínia,SP,Municipal,Não se aplica,Contrato nº 116/2025,AQUISIÇÃO DE CADEIRAS DE RODAS COM ADAPTAÇÕES POSTURAIS E MEIOS AUXILIARES DE LOCOMOÇÃO,/contratos/45751435000106/2025/101
45751435000106-2-000110/2025,,2025,110,45751435000106,MUNICIPIO DE PAULINIA,MUNICIPIO DE PAULINIA,Pregão - Eletrônico,Contrato (termo inicial),Edital,Divulgada no PNCP,False,2025-05-30T10:10:22.009940649,2025-05-30T10:10:22.009940649,2025-05-26,2025-05-26,2026-05-25,6270.43,,False,,,Paulínia,SP,Municipal,Não se aplica,Contrato nº 126/2025,AQUISIÇÃO DE EQUIPAMENTOS PARA A REDE DE ATENÇÃO PSICOSSOCIAL,/contratos/45751435000106/2025/110
45751435000106-2-000116/2025,,2025,116,45751435000106,MUNICIPIO DE PAULINIA,MUNICIPIO DE PAULINIA,Pregão - Eletrônico,Contrato (termo inicial),Edital,Divulgada no PNCP,False,2025-05-30T14:37:42.638882514,2025-05-30T14:37:42.638882514,2025-05-26,2025-05-26,2026-05-25,4360.7,,False,,,Paulínia,SP,Municipal,Não se aplica,Contrato nº 132/2025,AQUISIÇÃO DE EQUIPAMENTOS PARA A REDE DE ATENÇÃO PSICOSSOCIAL,/contratos/45751435000106/2025/116
45751435000106-2-000117/2025,,2025,117,45751435000106,MUNICIPIO DE PAULINIA,MUNICIPIO DE PAULINIA,Pregão - Eletrônico,Contrato (termo inicial),Edital,Divulgada no PNCP,False,2025-05-30T15:28:25.293200286,2025-05-30T15:28:25.293200286,2025-05-26,2025-05-26,2026-05-25,2582.0,,False,,,Paulínia,SP,Municipal,Não se aplica,Contrato nº 133/2025,AQUISIÇÃO DE EQUIPAMENTOS PARA A REDE DE ATENÇÃO PSICOSSOCIAL,/contratos/45751435000106/2025/117
45751435000106-2-000120/2025,,2025,120,45751435000106,MUNICIPIO DE PAULINIA,MUNICIPIO DE PAULINIA,Pregão - Eletrônico,Contrato (termo inicial),Edital,Divulgada no PNCP,False,2025-06-02T08:14:19.139194473,2025-06-02T08:14:19.139194473,2025-05-26,2025-05-26,2026-05-25,2402.0,,False,,,Paulínia,SP,Municipal,Não se aplica,Contrato nº 136/2025,AQUISIÇÃO DE EQUIPAMENTOS PARA A REDE DE ATENÇÃO PSICOSSOCIAL,/contratos/45751435000106/2025/120
45751435000106-2-000121/2025,,2025,121,45751435000106,MUNICIPIO DE PAULINIA,MUNICIPIO DE PAULINIA,Pregão - Eletrônico,Contrato (termo inicial),Edital,Divulgada no PNCP,False,2025-06-02T08:37:59.127136683,2025-06-02T08:37:59.127136683,2025-05-26,2025-05-26,2026-05-25,1900.0,,False,,,Paulínia,SP,Municipal,Não se aplica,Contrato nº 137/2025,AQUISIÇÃO DE EQUIPAMENTOS PARA A REDE DE ATENÇÃO PSICOSSOCIAL,/contratos/45751435000106/2025/121
45751435000106-2-000138/2025,,2025,138,45751435000106,MUNICIPIO DE PAULINIA,MUNICIPIO DE PAULINIA,Inexigibilidade,Contrato (termo inicial),Ato que autoriza a Contratação Direta,Divulgada no PNCP,False,2025-06-10T12:22:36.612888079,2025-06-10T12:22:36.612888079,2025-06-05,2025-06-05,2025-12-04,50835.24,,False,,,Paulínia,SP,Municipal,Não se aplica,Contrato nº 156/2025,AQUISIÇÃO DE PRÓTESE PARA PACIENTE A.C.S. ATENDIMENTO DE NECESSIDADES ESPECÍFICAS,/contratos/45751435000106/2025/138
45751435000106-2-000140/2025,,2025,140,45751435000106,MUNICIPIO DE PAULINIA,MUNICIPIO DE PAULINIA,Pregão - Eletrônico,Contrato (termo inicial),Edital,Divulgada no PNCP,False,2025-06-10T13:20:18.341249030,2025-06-10T13:20:18.341249030,2025-06-05,2025-06-05,2025-12-01,2625.0,,False,,,Paulínia,SP,Municipal,Não se aplica,Contrato nº 154/2025,AQUISIÇÃO DE MATERIAL DE EXPEDIENTE E JOGOS PEDAGÓGICOS,/contratos/45751435000106/2025/140
45751435000106-2-000145/2025,,2025,145,45751435000106,MUNICIPIO DE PAULINIA,MUNICIPIO DE PAULINIA,Pregão - Eletrônico,Contrato (termo inicial),Edital,Divulgada no PNCP,False,2025-06-12T17:20:41.037953996,2025-06-12T17:20:41.037953996,2025-06-10,2025-06-10,2026-06-09,9441.15,,False,,,Paulínia,SP,Municipal,Não se aplica,Contrato nº 160/2025,AQUISIÇÃO DE ARTIGOS DE PAPELARIA E ARTESANATO PARA UTILIZAÇÃO EM OFICINAS TERAPÊUTICAS,/contratos/45751435000106/2025/145
45751435000106-2-000148/2025,,2025,148,45751435000106,MUNICIPIO DE PAULINIA,MUNICIPIO DE PAULINIA,Pregão - Eletrônico,Contrato (termo inicial),Edital,Divulgada no PNCP,False,2025-06-12T17:21:08.993176785,2025-06-12T17:21:08.993176785,2025-06-10,2025-06-10,2026-06-09,8270.07,,False,,,Paulínia,SP,Municipal,Não se aplica,Contrato nº 163/2025,AQUISIÇÃO DE ARTIGOS DE PAPELARIA E ARTESANATO PARA UTILIZAÇÃO EM OFICINAS TERAPÊUTICAS,/contratos/45751435000106/2025/148
45751435000106-2-000149/2025,,2025,149,45751435000106,MUNICIPIO DE PAULINIA,MUNICIPIO DE PAULINIA,Pregão - Eletrônico,Contrato (termo inicial),Edital,Divulgada no PNCP,False,2025-06-12T17:21:16.667815393,2025-06-12T17:21:16.667815393,2025-06-10,2025-06-10,2026-06-09,7817.2,,False,,,Paulínia,SP,Municipal,Não se aplica,Contrato nº 164/2025,AQUISIÇÃO DE ARTIGOS DE PAPELARIA E ARTESANATO PARA UTILIZAÇÃO EM OFICINAS TERAPÊUTICAS,/contratos/45751435000106/2025/149
45751435000106-2-000169/2025,,2025,169,45751435000106,MUNICIPIO DE PAULINIA,MUNICIPIO DE PAULINIA,Pregão - Eletrônico,Contrato (termo inicial),Edital,Divulgada no PNCP,False,2025-07-02T10:39:20.394068294,2025-07-02T10:39:20.394068294,2025-06-26,2025-06-26,2026-06-25,66600.0,,,,,Paulínia,SP,Municipal,Não se aplica,Contrato nº 185/2025,REGISTRO DE PREÇOS PARA AQUISIÇÃO DE CAFÉ E AÇÚCAR,/contratos/45751435000106/2025/169
45751435000106-2-000195/2025,,2025,195,45751435000106,MUNICIPIO DE PAULINIA,MUNICIPIO DE PAULINIA,Pregão - Eletrônico,Contrato (termo inicial),Edital,Divulgada no PNCP,False,2025-07-17T14:56:15.709070639,2025-07-17T14:56:15.709070639,2025-07-15,2025-07-15,2026-07-14,813750.6,,,,,Paulínia,SP,Municipal,Não se aplica,Contrato nº 209/2025,PARA AQUISIÇÃO DE BRINQUEDOS PEDAGÓGICOS,/contratos/45751435000106/2025/195
45751435000106-2-000219/2025,,2025,219,45751435000106,MUNICIPIO DE PAULINIA,MUNICIPIO DE PAULINIA,Pregão - Eletrônico,Contrato (termo inicial),Edital,Divulgada no PNCP,False,2025-08-11T17:09:12.938009925,2025-08-11T17:09:12.938009925,2025-08-08,2025-08-08,2026-08-07,310.0,,,,,Paulínia,SP,Municipal,Não se aplica,Contrato nº 239/2025,AQUISIÇÃO DE EQUIPAMENTOS PARA A REDE DE ATENÇÃO PSICOSSOCIAL,/contratos/45751435000106/2025/219
45751435000106-2-000225/2025,,2025,225,45751435000106,MUNICIPIO DE PAULINIA,MUNICIPIO DE PAULINIA,Dispensa,Contrato (termo inicial),Ato que autoriza a Contratação Direta,Divulgada no PNCP,False,2025-08-18T09:27:36.098384372,2025-08-18T09:27:36.098384372,2025-08-12,2025-08-12,2026-08-11,2679.6,,,,,Paulínia,SP,Municipal,Não se aplica,Contrato nº 244/2025,16 - Outros materias de consumo,/contratos/45751435000106/2025/225
45751435000106-2-000243/2025,,2025,243,45751435000106,MUNICIPIO DE PAULINIA,MUNICIPIO DE PAULINIA,Pregão - Eletrônico,Contrato (termo inicial),Edital,Divulgada no PNCP,False,2025-09-01T16:00:29.131645451,2025-09-01T16:00:29.131645451,2025-08-29,2025-08-29,2026-08-28,67140.0,,,,,Paulínia,SP,Municipal,Não se aplica,Contrato nº 265/2025,AQUISIÇÃO DE MATERIAIS PARA A REALIZAÇÃO DE BIÓPSIA DE PRÓSTATA,/contratos/45751435000106/2025/243
45751435000106-2-000275/2025,,2025,275,45751435000106,MUNICIPIO DE PAULINIA,MUNICIPIO DE PAULINIA,Pregão - Eletrônico,Contrato (termo inicial),Edital,Divulgada no PNCP,False,2025-09-19T11:12:37.938318711,2025-09-19T11:12:37.938318711,2025-09-19,2025-09-19,2026-09-18,357788.55,,,,,Paulínia,SP,Municipal,Não se aplica,Contrato nº 296/2025,AQUISIÇÃO DE GASES MEDICINAIS LIQUEFEITOS E COMPRIMIDOS ARMAZENADOS EM CILINDROS,/contratos/45751435000106/2025/275
45751435000106-2-000296/2025,,2025,296,45751435000106,MUNICIPIO DE PAULINIA,MUNICIPIO DE PAULINIA,Dispensa,Contrato (termo inicial),Ato que autoriza a Contratação Direta,Divulgada no PNCP,False,2025-10-09T08:55:31.435648384,2025-10-09T08:55:31.435648384,2025-10-06,2025-10-06,2026-10-05,2880.0,,,,,Paulínia,SP,Municipal,Não se aplica,Contrato nº 316/2025,"AQUISIÇÃO DE TRATAMENTO ORTODÔNTICO - DISPENSA DE LICITAÇÃO. REQUERENTE ""M.S.M.F.C""",/contratos/45751435000106/2025/296
45751435000106-2-000368/2025,,2025,368,45751435000106,MUNICIPIO DE PAULINIA,MUNICIPIO DE PAULINIA,Dispensa,Contrato (termo inicial),Ato que autoriza a Contratação Direta,Divulgada no PNCP,False,2025-12-03T11:41:36.166690894,2025-12-03T11:41:36.166690894,2025-12-02,2025-12-02,2026-06-01,7416.0,,,,,Paulínia,SP,Municipal,Não se aplica,Contrato nº 388/2025,CUMPRIMENTO DE ACAO JUDICIAL SOB NUMERO 1002218.05.2016.8.26.0428. REQUERENTE J.G.B.,/contratos/45751435000106/2025/368
45751435000106-2-000369/2025,,2025,369,45751435000106,MUNICIPIO DE PAULINIA,MUNICIPIO DE PAULINIA,Dispensa,Contrato (termo inicial),Ato que autoriza a Contratação Direta,Divulgada no PNCP,False,2025-12-03T14:24:35.901132202,2025-12-03T14:24:35.901132202,2025-12-02,2025-12-02,2026-06-01,342.0,,,,,Paulínia,SP,Municipal,Não se aplica,Contrato nº 389/2025,CUMPRIMENTO DE AÇÃO JUDICIAL SOB NÚMERO 1004703.41.2017.8.26.0428. REQUERENTE R.C.D.,/contratos/45751435000106/2025/369
45751435000106-2-000397/2025,,2025,397,45751435000106,MUNICIPIO DE PAULINIA,MUNICIPIO DE PAULINIA,Pregão - Eletrônico,Contrato (termo inicial),Edital,Divulgada no PNCP,False,2025-12-10T09:58:27.510836368,2025-12-10T09:58:27.510836368,2025-12-05,2025-12-05,2026-12-04,9766.44,,,,,Paulínia,SP,Municipal,Não se aplica,Contrato nº 413/2025,AQUISIÇÃO DE MOBILIÁRIOS E ELETROELETRÔNICOS,/contratos/45751435000106/2025/397
45751435000106-2-000402/2025,,2025,402,45751435000106,MUNICIPIO DE PAULINIA,MUNICIPIO DE PAULINIA,Pregão - Eletrônico,Contrato (termo inicial),Edital,Divulgada no PNCP,False,2025-12-10T10:44:41.645167457,2025-12-10T10:44:41.645167457,2025-12-05,2025-12-05,2026-12-04,710.66,,,,,Paulínia,SP,Municipal,Não se aplica,Contrato nº 418/2025,AQUISIÇÃO DE MOBILIÁRIOS E ELETROELETRÔNICOS,/contratos/45751435000106/2025/402
45751435000106-2-000414/2025,,2025,414,45751435000106,MUNICIPIO DE PAULINIA,MUNICIPIO DE PAULINIA,Dispensa,Contrato (termo inicial),Ato que autoriza a Contratação Direta,Divulgada no PNCP,False,2025-12-16T15:29:58.545079006,2025-12-16T15:29:58.545079006,2025-12-16,2025-12-16,2026-12-15,10956.6,,,,,Paulínia,SP,Municipal,Não se aplica,Contrato nº 434/2025,CUMPRIMENTO DE AÇAO JUDICIAL SOB NUMERO 0002073.48.2025.8.26.0428. REQUERENTE A.B.S.A.,/contratos/45751435000106/2025/414
45751435000106-2-000432/2025,,2025,432,45751435000106,MUNICIPIO DE PAULINIA,MUNICIPIO DE PAULINIA,Pregão - Eletrônico,Contrato (termo inicial),Edital,Divulgada no PNCP,False,2025-12-19T10:34:17.083012120,2025-12-19T10:34:17.083012120,2025-12-18,2025-12-18,2026-12-17,1018.08,,,,,Paulínia,SP,Municipal,Não se aplica,Contrato nº 454/2025,AQUISIÇÃO DE MÓVEIS E UTENSÍLIOS,/contratos/45751435000106/2025/432
45751435000106-2-000006/2025,,2025,6,45751435000106,MUNICIPIO DE PAULINIA,MUNICIPIO DE PAULINIA,Pregão - Eletrônico,Contrato (termo inicial),Edital,Divulgada no PNCP,False,2025-02-07T09:17:23.936313,2025-02-07T09:17:23.936313,2025-02-07,2025-02-07,2026-02-06,78819.0,,False,,,Paulínia,SP,Municipal,Não se aplica,Contrato nº 011/2025,CONTRATAÇÃO DE EMPRESA/CONSÓRCIO DE EMPRESAS PARA PRESTAÇÃO DE SERVIÇOS GRÁFICOS,/contratos/45751435000106/2025/6
45751435000106-2-000014/2025,,2025,14,45751435000106,MUNICIPIO DE PAULINIA,MUNICIPIO DE PAULINIA,Inexigibilidade,Contrato (termo inicial),Ato que autoriza a Contratação Direta,Divulgada no PNCP,False,2025-02-12T16:36:50.810013,2025-02-12T16:36:50.810013,2025-02-11,2025-02-11,2026-02-10,953000.0,,False,,,Paulínia,SP,Municipal,Não se aplica,Contrato nº 020/2025,SHOW ARTÍSTICO EM COMEMORAÇÃO AO ANIVERSÁRIO DA CIDADE DE PAULÍNIA,/contratos/45751435000106/2025/14
45751435000106-2-000049/2025,,2025,49,45751435000106,MUNICIPIO DE PAULINIA,MUNICIPIO DE PAULINIA,Pregão - Eletrônico,Contrato (termo inicial),Edital,Divulgada no PNCP,False,2025-03-27T11:06:31.414808200,2025-03-27T11:06:31.414808200,2025-03-26,2025-03-26,2025-06-23,51670.0,,False,,,Paulínia,SP,Municipal,Não se aplica,Contrato nº 063/2025,AQUISIÇÃO DE LAVADORAS E SECADORAS DE ROUPAS PARA AS ESCOLAS MUNICIPAIS,/contratos/45751435000106/2025/49
45751435000106-2-000058/2025,,2025,58,45751435000106,MUNICIPIO DE PAULINIA,MUNICIPIO DE PAULINIA,Pregão - Eletrônico,Contrato (termo inicial),Edital,Divulgada no PNCP,False,2025-04-01T09:52:52.002919535,2025-04-01T09:52:52.002919535,2025-03-28,2025-03-28,2026-03-27,1336.08,,False,,,Paulínia,SP,Municipal,Não se aplica,Contrato nº 073/2025,AQUISIÇÃO DE ARTIGOS DE ARMARINHO E TECIDOS PARA OFICINAS TERAPÊUTICAS,/contratos/45751435000106/2025/58
45751435000106-2-000060/2025,,2025,60,45751435000106,MUNICIPIO DE PAULINIA,MUNICIPIO DE PAULINIA,Pregão - Eletrônico,Contrato (termo inicial),Edital,Divulgada no PNCP,False,2025-04-01T09:53:30.381158994,2025-04-01T09:53:30.381158994,2025-02-28,2025-03-28,2026-03-27,8288.16,,False,,,Paulínia,SP,Municipal,Não se aplica,Contrato nº 075/2025,AQUISIÇÃO DE ARTIGOS DE ARMARINHO E TECIDOS PARA OFICINAS TERAPÊUTICAS,/contratos/45751435000106/2025/60
45751435000106-2-000064/2025,,2025,64,45751435000106,MUNICIPIO DE PAULINIA,MUNICIPIO DE PAULINIA,Pregão - Eletrônico,Contrato (termo inicial),Edital,Divulgada no PNCP,False,2025-04-01T09:53:56.027262657,2025-04-01T09:53:56.027262657,2025-03-28,2025-03-28,2026-03-27,2119.52,,False,,,Paulínia,SP,Municipal,Não se aplica,Contrato nº 079/2025,AQUISIÇÃO DE ARTIGOS DE ARMARINHO E TECIDOS PARA OFICINAS TERAPÊUTICAS,/contratos/45751435000106/2025/64
45751435000106-2-000065/2025,,2025,65,45751435000106,MUNICIPIO DE PAULINIA,MUNICIPIO DE PAULINIA,Pregão - Eletrônico,Contrato (termo inicial),Edital,Divulgada no PNCP,False,2025-04-01T09:54:02.010125299,2025-04-01T09:54:02.010125299,2025-03-28,2025-03-28,2026-03-27,3264.4,,False,,,Paulínia,SP,Municipal,Não se aplica,Contrato nº 080/2025,AQUISIÇÃO DE ARTIGOS DE ARMARINHO E TECIDOS PARA OFICINAS TERAPÊUTICAS,/contratos/45751435000106/2025/65
45751435000106-2-000072/2025,,2025,72,45751435000106,MUNICIPIO DE PAULINIA,MUNICIPIO DE PAULINIA,Dispensa,Contrato (termo inicial),Ato que autoriza a Contratação Direta,Divulgada no PNCP,False,2025-04-04T14:39:02.931607496,2025-04-04T14:39:02.931607496,2025-04-01,2025-04-01,2025-09-30,921.6,,False,,,Paulínia,SP,Municipal,Não se aplica,Contrato nº 086/2025,Aquisição de medicamentos ação judicial 1003687-52.2017.8.26.0428 para M.S.P.,/contratos/45751435000106/2025/72
45751435000106-2-000077/2025,,2025,77,45751435000106,MUNICIPIO DE PAULINIA,MUNICIPIO DE PAULINIA,Pregão - Eletrônico,Contrato (termo inicial),Edital,Divulgada no PNCP,False,2025-04-04T17:20:12.674127763,2025-04-04T17:20:12.674127763,2025-04-01,2025-04-02,2026-04-01,14788.5,,False,,,Paulínia,SP,Municipal,Não se aplica,Contrato nº 091/2025,AQUISIÇÃO DE INSTRUMENTAIS CIRÚRGICOS E DE VIDEOCIRURGIAS,/contratos/45751435000106/2025/77
45751435000106-2-000112/2025,,2025,112,45751435000106,MUNICIPIO DE PAULINIA,MUNICIPIO DE PAULINIA,Pregão - Eletrônico,Contrato (termo inicial),Edital,Divulgada no PNCP,False,2025-05-30T12:03:36.905796195,2025-05-30T12:03:36.905796195,2025-05-26,2025-05-26,2026-05-25,2898.95,,False,,,Paulínia,SP,Municipal,Não se aplica,Contrato nº 128/2025,AQUISIÇÃO DE EQUIPAMENTOS PARA A REDE DE ATENÇÃO PSICOSSOCIAL,/contratos/45751435000106/2025/112
45751435000106-2-000113/2025,,2025,113,45751435000106,MUNICIPIO DE PAULINIA,MUNICIPIO DE PAULINIA,Pregão - Eletrônico,Contrato (termo inicial),Edital,Divulgada no PNCP,False,2025-05-30T12:19:13.672687062,2025-05-30T12:19:13.672687062,2025-05-26,2025-05-26,2026-05-25,2700.0,,False,,,Paulínia,SP,Municipal,Não se aplica,Contrato nº 129/2025,AQUISIÇÃO DE EQUIPAMENTOS PARA A REDE DE ATENÇÃO PSICOSSOCIAL,/contratos/45751435000106/2025/113
45751435000106-2-000130/2025,,2025,130,45751435000106,MUNICIPIO DE PAULINIA,MUNICIPIO DE PAULINIA,Inexigibilidade,Contrato (termo inicial),Ato que autoriza a Contratação Direta,Divulgada no PNCP,False,2025-06-04T16:59:31.435610410,2025-06-04T16:59:31.435610410,2025-05-29,2025-05-29,2025-07-27,170000.0,,False,,,Paulínia,SP,Municipal,Não se aplica,Contrato nº 147/2025,CONTRATAÇÃO DE EMPRESA PARA ORGANIZAÇÃO DE FEIRAS/EXPOSIÇÕES,/contratos/45751435000106/2025/130
45751435000106-2-000136/2025,,2025,136,45751435000106,MUNICIPIO DE PAULINIA,MUNICIPIO DE PAULINIA,Pregão - Eletrônico,Contrato (termo inicial),Edital,Divulgada no PNCP,False,2025-06-09T16:56:01.228015235,2025-06-09T16:56:01.228015235,2025-06-05,2025-06-05,2026-06-05,87190.78,,False,,,Paulínia,SP,Municipal,Não se aplica,Contrato nº 150/2025,AQUISIÇÃO DE EQUIPAMENTOS E MOBILIÁRIOS PARA UNIDADES ESCOLARES,/contratos/45751435000106/2025/136
45751435000106-2-000151/2025,,2025,151,45751435000106,MUNICIPIO DE PAULINIA,MUNICIPIO DE PAULINIA,Pregão - Eletrônico,Contrato (termo inicial),Edital,Divulgada no PNCP,False,2025-06-12T17:21:33.928562366,2025-06-12T17:21:33.928562366,2025-06-10,2025-06-10,2026-06-09,9387.21,,False,,,Paulínia,SP,Municipal,Não se aplica,Contrato nº 166/2025,AQUISIÇÃO DE ARTIGOS DE PAPELARIA E ARTESANATO PARA UTILIZAÇÃO EM OFICINAS TERAPÊUTICAS,/contratos/45751435000106/2025/151
45751435000106-2-000152/2025,,2025,152,45751435000106,MUNICIPIO DE PAULINIA,MUNICIPIO DE PAULINIA,Pregão - Eletrônico,Contrato (termo inicial),Edital,Divulgada no PNCP,False,2025-06-12T17:21:41.037536585,2025-06-12T17:21:41.037536585,2025-06-10,2025-06-10,2026-06-09,2721.17,,False,,,Paulínia,SP,Municipal,Não se aplica,Contrato nº 167/2025,AQUISIÇÃO DE ARTIGOS DE PAPELARIA E ARTESANATO PARA UTILIZAÇÃO EM OFICINAS TERAPÊUTICAS,/contratos/45751435000106/2025/152
45751435000106-2-000161/2025,,2025,161,45751435000106,MUNICIPIO DE PAULINIA,MUNICIPIO DE PAULINIA,Pregão - Eletrônico,Contrato (termo inicial),Edital,Divulgada no PNCP,False,2025-06-23T11:24:52.992300214,2025-06-23T11:24:52.992300214,2025-06-18,2025-06-18,2026-06-18,40564.1,,,,,Paulínia,SP,Municipal,Não se aplica,Contrato nº 176/2025, AQUISIÇÃO DE EQUIPAMENTOS E MOBILIÁRIOS PARA UNIDADES ESCOLARES,/contratos/45751435000106/2025/161
45751435000106-2-000188/2025,,2025,188,45751435000106,MUNICIPIO DE PAULINIA,MUNICIPIO DE PAULINIA,Pregão - Eletrônico,Contrato (termo inicial),Edital,Divulgada no PNCP,False,2025-07-17T07:58:26.378147632,2025-07-17T07:58:26.378147632,2025-07-15,2025-07-15,2026-07-14,22500.0,,,,,Paulínia,SP,Municipal,Não se aplica,Contrato nº 202/2025,AQUISIÇÃO DE EQUIPAMENTOS DE PROTEÇÃO INDIVIDUAL (EPI),/contratos/45751435000106/2025/188
45751435000106-2-000220/2025,,2025,220,45751435000106,MUNICIPIO DE PAULINIA,MUNICIPIO DE PAULINIA,Pregão - Eletrônico,Contrato (termo inicial),Edital,Divulgada no PNCP,False,2025-08-11T17:10:44.335270753,2025-08-11T17:10:44.335270753,2025-08-08,2025-08-08,2026-08-07,1472.0,,,,,Paulínia,SP,Municipal,Não se aplica,Contrato nº 238/2025,AQUISIÇÃO DE EQUIPAMENTOS PARA A REDE DE ATENÇÃO PSICOSSOCIAL,/contratos/45751435000106/2025/220
45751435000106-2-000250/2025,,2025,250,45751435000106,MUNICIPIO DE PAULINIA,MUNICIPIO DE PAULINIA,Pregão - Eletrônico,Contrato (termo inicial),Edital,Divulgada no PNCP,False,2025-09-04T13:00:58.520099020,2025-09-04T13:00:58.520099020,2025-09-01,2025-09-01,2026-08-31,21831.75,,,,,Paulínia,SP,Municipal,Não se aplica,Contrato nº 272/2025,AQUISIÇÃO DE EQUIPAMENTOS PERMANENTES PARA O LABORATÓRIO E AGÊNCIA TRANSFUSIONAL,/contratos/45751435000106/2025/250
45751435000106-2-000253/2025,,2025,253,45751435000106,MUNICIPIO DE PAULINIA,MUNICIPIO DE PAULINIA,Pregão - Eletrônico,Contrato (termo inicial),Edital,Divulgada no PNCP,False,2025-09-04T13:03:14.818115558,2025-09-04T13:03:14.818115558,2025-09-01,2025-09-01,2026-08-31,11390.0,,,,,Paulínia,SP,Municipal,Não se aplica,Contrato nº 275/2025,AQUISIÇÃO DE EQUIPAMENTOS PERMANENTES PARA O LABORATÓRIO E AGÊNCIA TRANSFUSIONAL,/contratos/45751435000106/2025/253
45751435000106-2-000254/2025,,2025,254,45751435000106,MUNICIPIO DE PAULINIA,MUNICIPIO DE PAULINIA,Pregão - Eletrônico,Contrato (termo inicial),Edital,Divulgada no PNCP,False,2025-09-04T13:05:46.346531050,2025-09-04T13:05:46.346531050,2025-09-01,2025-09-01,2026-08-31,21917.72,,,,,Paulínia,SP,Municipal,Não se aplica,Contrato nº 276/2025,AQUISIÇÃO DE EQUIPAMENTOS PERMANENTES PARA O LABORATÓRIO E AGÊNCIA TRANSFUSIONAL,/contratos/45751435000106/2025/254
45751435000106-2-000255/2025,,2025,255,45751435000106,MUNICIPIO DE PAULINIA,MUNICIPIO DE PAULINIA,Pregão - Eletrônico,Contrato (termo inicial),Edital,Divulgada no PNCP,False,2025-09-04T13:06:26.322757668,2025-09-04T13:06:26.322757668,2025-09-01,2025-09-01,2026-08-31,6879.66,,,,,Paulínia,SP,Municipal,Não se aplica,Contrato nº 277/2025,AQUISIÇÃO DE EQUIPAMENTOS PERMANENTES PARA O LABORATÓRIO E AGÊNCIA TRANSFUSIONAL,/contratos/45751435000106/2025/255
45751435000106-2-000266/2025,,2025,266,45751435000106,MUNICIPIO DE PAULINIA,MUNICIPIO DE PAULINIA,Pregão - Eletrônico,Contrato (termo inicial),Edital,Divulgada no PNCP,False,2025-09-11T10:03:51.801338071,2025-09-11T10:03:51.801338071,2025-09-10,2025-09-10,2026-09-09,1888999.95,,,,,Paulínia,SP,Municipal,Não se aplica,Contrato nº 287/2025,CONTRATAÇÃO DE EMPRESA ESPECIALIZADA PARA REALIZAÇÃO DE ANÁLISES ANATOMOPATOLÓGICAS,/contratos/45751435000106/2025/266
45751435000106-2-000268/2025,,2025,268,45751435000106,MUNICIPIO DE PAULINIA,MUNICIPIO DE PAULINIA,Inexigibilidade,Contrato (termo inicial),Ato que autoriza a Contratação Direta,Divulgada no PNCP,False,2025-09-16T13:22:14.281547143,2025-09-16T13:22:14.281547143,2025-09-16,2025-09-16,2026-09-15,58860.0,,,,,Paulínia,SP,Municipal,Não se aplica,Contrato nº 290/2025,17 - Outras prestações de serviços,/contratos/45751435000106/2025/268
45751435000106-2-000274/2025,,2025,274,45751435000106,MUNICIPIO DE PAULINIA,MUNICIPIO DE PAULINIA,Pregão - Eletrônico,Contrato (termo inicial),Edital,Divulgada no PNCP,False,2025-09-19T11:12:29.842363762,2025-09-19T11:12:29.842363762,2025-09-19,2025-09-19,2026-09-18,2809.2,,,,,Paulínia,SP,Municipal,Não se aplica,Contrato nº 295/2025,AQUISIÇÃO DE GASES MEDICINAIS LIQUEFEITOS E COMPRIMIDOS ARMAZENADOS EM CILINDROS,/contratos/45751435000106/2025/274
45751435000106-2-000278/2025,,2025,278,45751435000106,MUNICIPIO DE PAULINIA,MUNICIPIO DE PAULINIA,Pregão - Eletrônico,Contrato (termo inicial),Edital,Divulgada no PNCP,False,2025-09-25T07:47:53.527391980,2025-09-25T07:47:53.527391980,2025-09-24,2025-09-25,2026-09-24,18240.0,,,,,Paulínia,SP,Municipal,Não se aplica,Contrato nº 301/2025,"AQUISIÇÃO DE COLCHÕES, COLCHONETES HOSPITALARES E OUTROS MATERIAS UTILIZADOS EM PÓS-OPERATÓRIO",/contratos/45751435000106/2025/278
45751435000106-2-000285/2025,,2025,285,45751435000106,MUNICIPIO DE PAULINIA,MUNICIPIO DE PAULINIA,Pregão - Eletrônico,Contrato (termo inicial),Edital,Divulgada no PNCP,False,2025-09-25T10:05:23.460031420,2025-09-25T10:05:23.460031420,2025-09-24,2025-09-24,2026-09-23,4925.0,,,,,Paulínia,SP,Municipal,Não se aplica,Contrato nº 305/2025,"AQUISIÇÃO DE COLCHÕES, COLCHONETES HOSPITALARES E OUTROS MATERIAS UTILIZADOS EM PÓS-OPERATÓRIO",/contratos/45751435000106/2025/285
45751435000106-2-000295/2025,,2025,295,45751435000106,MUNICIPIO DE PAULINIA,MUNICIPIO DE PAULINIA,Inexigibilidade,Contrato (termo inicial),Ato que autoriza a Contratação Direta,Divulgada no PNCP,False,2025-10-06T08:02:31.062859174,2025-10-06T08:02:31.062859174,2025-10-03,2025-10-03,2026-10-02,151940.0,,,,,Paulínia,SP,Municipal,Não se aplica,Contrato nº 315/2025,AQUISIÇÃO DE INSUMOS PARA TERAPIA DE CPAP DE BOLHAS.,/contratos/45751435000106/2025/295
45751435000106-2-000317/2025,,2025,317,45751435000106,MUNICIPIO DE PAULINIA,MUNICIPIO DE PAULINIA,Dispensa,Contrato (termo inicial),Ato que autoriza a Contratação Direta,Divulgada no PNCP,False,2025-11-03T08:50:43.003286934,2025-11-03T08:50:43.003286934,2025-10-30,2025-10-30,2026-04-29,9952.8,,,,,Paulínia,SP,Municipal,Não se aplica,Contrato nº 343/2025,"CUMPRIMENTO DE AÇÃO JUDICIAL SOB Nº 3000461-44.2013.8.26.0428. REQUERENTE ""A.B.F.L"".",/contratos/45751435000106/2025/317
45751435000106-2-000328/2025,,2025,328,45751435000106,MUNICIPIO DE PAULINIA,MUNICIPIO DE PAULINIA,Dispensa,Contrato (termo inicial),Ato que autoriza a Contratação Direta,Divulgada no PNCP,False,2025-11-05T16:28:45.495253405,2025-11-05T16:28:45.495253405,2025-11-05,2025-11-05,2026-05-04,22500.0,,,,,Paulínia,SP,Municipal,Não se aplica,Contrato nº 350/2025,AQUISIÇÃO DE MEDICAMENTOS ESSENCIAIS EM CARATER EMERGENCIAL QUE SE ENCONTRAM EM DESABASTECIMENTO/ESTOQUE CRÍTICO NA REDE,/contratos/45751435000106/2025/328
45751435000106-2-000374/2025,,2025,374,45751435000106,MUNICIPIO DE PAULINIA,MUNICIPIO DE PAULINIA,Pregão - Eletrônico,Contrato (termo inicial),Edital,Divulgada no PNCP,False,2025-12-05T07:44:25.724248304,2025-12-05T07:44:25.724248304,2025-12-04,2025-12-04,2026-12-03,164500.0,,,,,Paulínia,SP,Municipal,Não se aplica,Contrato nº 395/2025,QUISIÇÃO DE EQUIPAMENTOS E MOBILIÁRIOS PARA UNIDADES ESCOLARES,/contratos/45751435000106/2025/374
45751435000106-2-000407/2025,,2025,407,45751435000106,MUNICIPIO DE PAULINIA,MUNICIPIO DE PAULINIA,Pregão - Eletrônico,Contrato (termo inicial),Edital,Divulgada no PNCP,False,2025-12-12T16:29:30.209469470,2025-12-12T16:29:30.209469470,2025-12-12,2025-12-12,2028-03-11,7367961.6,,,,,Paulínia,SP,Municipal,Não se aplica,Contrato nº 427/2025,CONTRATAÇÃO DE EMPRESA PARA FORNECIMENTO DE SOLUÇÃO DE DISPOSITIVO MÓVEL EDUCACIONAL,/contratos/45751435000106/2025/407
45751435000106-2-000001/2025,,2025,1,45751435000106,MUNICIPIO DE PAULINIA,MUNICIPIO DE PAULINIA,Dispensa,Contrato (termo inicial),Ato que autoriza a Contratação Direta,Divulgada no PNCP,False,2025-01-21T10:50:52.779974,2025-01-21T10:50:52.779974,2025-01-10,2025-01-10,2025-07-09,57360.0,,False,,,Paulínia,SP,Municipal,Não se aplica,Contrato nº 001/2025,"CUMPRIMENTO DA DECISÃO JUDICIAL DOS AUTOS DO PROC. Nº 0003399-92.2015.8.26.0428, PACIENTE: V.A.D.'.",/contratos/45751435000106/2025/1
45751435000106-2-000026/2025,,2025,26,45751435000106,MUNICIPIO DE PAULINIA,MUNICIPIO DE PAULINIA,Dispensa,Contrato (termo inicial),Ato que autoriza a Contratação Direta,Divulgada no PNCP,False,2025-03-06T08:47:58.665453102,2025-03-06T08:47:58.665453102,2025-02-24,2025-02-24,2025-08-23,1094.4,,False,,,Paulínia,SP,Municipal,Não se aplica,Contrato nº 045/2025,AQUISIÇÃO DE MEDICAMENTO PARA CUMPRIMENTO DE AÇÃO JUDICIAL PROCESSO 1005614-09.2024.8.26.0428 REQUERENTE D.O.,/contratos/45751435000106/2025/26
45751435000106-2-000066/2025,,2025,66,45751435000106,MUNICIPIO DE PAULINIA,MUNICIPIO DE PAULINIA,Dispensa,Contrato (termo inicial),Ato que autoriza a Contratação Direta,Divulgada no PNCP,False,2025-04-01T16:25:42.237554741,2025-04-01T16:25:42.237554741,2025-03-28,2025-03-28,2026-03-27,2943.6,,False,,,Paulínia,SP,Municipal,Não se aplica,Contrato nº 081/2025,"AQUISIÇÃO JUDICIAL PROCESSO 1003832-98.2023.8.26.0428 ""A.C.M.B."" PROTOCOLO 739/2025",/contratos/45751435000106/2025/66
45751435000106-2-000071/2025,,2025,71,45751435000106,MUNICIPIO DE PAULINIA,MUNICIPIO DE PAULINIA,Dispensa,Contrato (termo inicial),Ato que autoriza a Contratação Direta,Divulgada no PNCP,False,2025-04-04T11:06:27.312295340,2025-04-04T11:06:27.312295340,2025-04-01,2025-04-01,2025-09-30,1475.48,,False,,,Paulínia,SP,Municipal,Não se aplica,Contrato nº 085/2025,"MEDICAMENTO PARA CUMPRIMENTO DE AÇÃO JUDICIAL PROCESSO 1002428-75.2024.68.26.0428 - REQUERENTE ""V.Z.A.""",/contratos/45751435000106/2025/71
45751435000106-2-000081/2025,,2025,81,45751435000106,MUNICIPIO DE PAULINIA,MUNICIPIO DE PAULINIA,Dispensa,Contrato (termo inicial),Ato que autoriza a Contratação Direta,Divulgada no PNCP,False,2025-04-16T15:10:56.958766481,2025-04-16T15:10:56.958766481,2025-04-04,2025-04-04,2025-10-03,3914.4,,False,,,Paulínia,SP,Municipal,Não se aplica,Contrato nº 97/2025,"MEDICAMENTO PARA CUMPRIMENTO DE AÇÃO JUDICIAL PROCESSO 1002428-75.2024.68.26.0428 - REQUERENTE ""V.Z.A.""",/contratos/45751435000106/2025/81
45751435000106-2-000084/2025,,2025,84,45751435000106,MUNICIPIO DE PAULINIA,MUNICIPIO DE PAULINIA,Inexigibilidade,Contrato (termo inicial),Ato que autoriza a Contratação Direta,Divulgada no PNCP,False,2025-04-23T10:31:07.880901265,2025-04-23T10:31:07.880901265,2025-04-16,2025-04-16,2026-04-15,386115.98,,False,,,Paulínia,SP,Municipal,Não se aplica,Contrato nº 105/2025,CUMPRIMENTO DE DECISÃO JUDICIAL TRATAMENTO CIRÚRGICO PROCESSO Nº 1002553-77.2023.8.26.0428. REQUERENTE M.S.M.F.C.,/contratos/45751435000106/2025/84
45751435000106-2-000102/2025,,2025,102,45751435000106,MUNICIPIO DE PAULINIA,MUNICIPIO DE PAULINIA,Pregão - Eletrônico,Contrato (termo inicial),Edital,Divulgada no PNCP,False,2025-05-20T12:17:41.302656281,2025-05-20T12:17:41.302656281,2025-05-16,2025-05-16,2026-05-15,29200.0,,False,,,Paulínia,SP,Municipal,Não se aplica,Contrato nº 117/2025,AQUISIÇÃO DE CADEIRAS DE RODAS COM ADAPTAÇÕES POSTURAIS E MEIOS AUXILIARES DE LOCOMOÇÃO,/contratos/45751435000106/2025/102
45751435000106-2-000111/2025,,2025,111,45751435000106,MUNICIPIO DE PAULINIA,MUNICIPIO DE PAULINIA,Pregão - Eletrônico,Contrato (termo inicial),Edital,Divulgada no PNCP,False,2025-05-30T11:18:13.813674736,2025-05-30T11:18:13.813674736,2025-05-26,2025-05-26,2026-05-25,550.0,,False,,,Paulínia,SP,Municipal,Não se aplica,Contrato nº 127/2025,AQUISIÇÃO DE EQUIPAMENTOS PARA A REDE DE ATENÇÃO PSICOSSOCIAL,/contratos/45751435000106/2025/111
45751435000106-2-000144/2025,,2025,144,45751435000106,MUNICIPIO DE PAULINIA,MUNICIPIO DE PAULINIA,Pregão - Eletrônico,Contrato (termo inicial),Edital,Divulgada no PNCP,False,2025-06-12T17:20:22.168621748,2025-06-12T17:20:22.168621748,2025-06-10,2025-06-10,2026-06-09,1364.77,,False,,,Paulínia,SP,Municipal,Não se aplica,Contrato nº 159/2025,AQUISIÇÃO DE ARTIGOS DE PAPELARIA E ARTESANATO PARA UTILIZAÇÃO EM OFICINAS TERAPÊUTICAS,/contratos/45751435000106/2025/144
45751435000106-2-000146/2025,,2025,146,45751435000106,MUNICIPIO DE PAULINIA,MUNICIPIO DE PAULINIA,Pregão - Eletrônico,Contrato (termo inicial),Edital,Divulgada no PNCP,False,2025-06-12T17:20:53.773367309,2025-06-12T17:20:53.773367309,2025-06-10,2025-06-10,2026-06-09,4525.2,,False,,,Paulínia,SP,Municipal,Não se aplica,Contrato nº 161/2025,AQUISIÇÃO DE ARTIGOS DE PAPELARIA E ARTESANATO PARA UTILIZAÇÃO EM OFICINAS TERAPÊUTICAS,/contratos/45751435000106/2025/146
45751435000106-2-000147/2025,,2025,147,45751435000106,MUNICIPIO DE PAULINIA,MUNICIPIO DE PAULINIA,Pregão - Eletrônico,Contrato (termo inicial),Edital,Divulgada no PNCP,False,2025-06-12T17:21:01.631254105,2025-06-12T17:21:01.631254105,2025-06-10,2025-06-10,2026-06-09,96.8,,False,,,Paulínia,SP,Municipal,Não se aplica,Contrato nº 162/2025,AQUISIÇÃO DE ARTIGOS DE PAPELARIA E ARTESANATO PARA UTILIZAÇÃO EM OFICINAS TERAPÊUTICAS,/contratos/45751435000106/2025/147
45751435000106-2-000150/2025,,2025,150,45751435000106,MUNICIPIO DE PAULINIA,MUNICIPIO DE PAULINIA,Pregão - Eletrônico,Contrato (termo inicial),Edital,Divulgada no PNCP,False,2025-06-12T17:21:24.896847262,2025-06-12T17:21:24.896847262,2025-06-10,2025-06-10,2026-06-09,1404.48,,False,,,Paulínia,SP,Municipal,Não se aplica,Contrato nº 165/2025,AQUISIÇÃO DE ARTIGOS DE PAPELARIA E ARTESANATO PARA UTILIZAÇÃO EM OFICINAS TERAPÊUTICAS,/contratos/45751435000106/2025/150
45751435000106-2-000153/2025,,2025,153,45751435000106,MUNICIPIO DE PAULINIA,MUNICIPIO DE PAULINIA,Pregão - Eletrônico,Contrato (termo inicial),Edital,Divulgada no PNCP,False,2025-06-12T17:21:48.410708381,2025-06-12T17:21:48.410708381,2025-06-10,2025-06-10,2026-06-09,28182.25,,False,,,Paulínia,SP,Municipal,Não se aplica,Contrato nº 168/2025,AQUISIÇÃO DE ARTIGOS DE PAPELARIA E ARTESANATO PARA UTILIZAÇÃO EM OFICINAS TERAPÊUTICAS,/contratos/45751435000106/2025/153
45751435000106-2-000154/2025,,2025,154,45751435000106,MUNICIPIO DE PAULINIA,MUNICIPIO DE PAULINIA,Pregão - Eletrônico,Contrato (termo inicial),Edital,Divulgada no PNCP,False,2025-06-12T17:21:55.798757549,2025-06-12T17:21:55.798757549,2025-06-10,2025-06-10,2026-06-09,3580.5,,False,,,Paulínia,SP,Municipal,Não se aplica,Contrato nº 169/2025,AQUISIÇÃO DE ARTIGOS DE PAPELARIA E ARTESANATO PARA UTILIZAÇÃO EM OFICINAS TERAPÊUTICAS,/contratos/45751435000106/2025/154
45751435000106-2-000165/2025,,2025,165,45751435000106,MUNICIPIO DE PAULINIA,MUNICIPIO DE PAULINIA,Dispensa,Contrato (termo inicial),Ato que autoriza a Contratação Direta,Divulgada no PNCP,False,2025-06-26T08:42:26.710730813,2025-06-26T08:42:26.710730813,2025-06-23,2025-06-23,2026-06-22,5416.32,,,,,Paulínia,SP,Municipal,Não se aplica,Contrato nº 180/2025,"CUMPRIMENTO DE AÇÃO JUDICIAL PROCESSO Nº 0001040-23.2025.8.26.0428. REQUERENTE ""J.T.""",/contratos/45751435000106/2025/165
45751435000106-2-000178/2025,,2025,178,45751435000106,MUNICIPIO DE PAULINIA,MUNICIPIO DE PAULINIA,Pregão - Eletrônico,Contrato (termo inicial),Edital,Divulgada no PNCP,False,2025-07-11T09:38:54.918981872,2025-07-11T09:38:54.918981872,2025-07-11,2025-07-11,2026-07-10,0.0,,,,,Paulínia,SP,Municipal,Não se aplica,Contrato nº 192/2025,AQUISIÇÃO DE MATERIAIS DE LIMPEZA E DESCARTÁVEIS PARA ATENDIMENTO DOS DEPARTAMENTOS DA ADMINISTRAÇÃO MUNICIPAL,/contratos/45751435000106/2025/178
45751435000106-2-000183/2025,,2025,183,45751435000106,MUNICIPIO DE PAULINIA,MUNICIPIO DE PAULINIA,Pregão - Eletrônico,Contrato (termo inicial),Edital,Divulgada no PNCP,False,2025-07-15T16:23:56.282731572,2025-07-15T16:23:56.282731572,2025-07-04,2025-07-04,2026-07-03,119642.8,,,,,Paulínia,SP,Municipal,Não se aplica,Contrato nº 198/2025,AQUISIÇÃO DE MATERIAIS DE LIMPEZA E DESCARTÁVEIS PARA ATENDIMENTO DOS DEPARTAMENTOS DA ADMINISTRAÇÃO MUNICIPAL,/contratos/45751435000106/2025/183
45751435000106-2-000187/2025,,2025,187,45751435000106,MUNICIPIO DE PAULINIA,MUNICIPIO DE PAULINIA,Pregão - Eletrônico,Contrato (termo inicial),Edital,Divulgada no PNCP,False,2025-07-16T16:11:34.110250339,2025-07-16T16:11:34.110250339,2025-07-15,2025-07-15,2026-07-14,3997.7,,,,,Paulínia,SP,Municipal,Não se aplica,Contrato nº 201/2025,AQUISIÇÃO DE EQUIPAMENTOS DE PROTEÇÃO INDIVIDUAL (EPI),/contratos/45751435000106/2025/187
45751435000106-2-000194/2025,,2025,194,45751435000106,MUNICIPIO DE PAULINIA,MUNICIPIO DE PAULINIA,Dispensa,Contrato (termo inicial),Ato que autoriza a Contratação Direta,Divulgada no PNCP,False,2025-07-17T14:27:02.772226086,2025-07-17T14:27:02.772226086,2025-07-15,2025-07-15,2026-07-14,10122.3,,,,,Paulínia,SP,Municipal,Não se aplica,Contrato nº 208/2025,"AQUISIÇÃO CUMPRIMENTO DE AÇÃO JUDICIAL SOB Nº 1002695-52.2021.8.26.0428. REQUERENTE ""R.S.L.""",/contratos/45751435000106/2025/194
45751435000106-2-000212/2025,,2025,212,45751435000106,MUNICIPIO DE PAULINIA,MUNICIPIO DE PAULINIA,Pregão - Eletrônico,Contrato (termo inicial),Edital,Divulgada no PNCP,False,2025-07-31T12:45:51.282337950,2025-07-31T12:45:51.282337950,2025-07-30,2025-07-30,2026-07-29,172384.08,,,,,Paulínia,SP,Municipal,Não se aplica,Contrato nº 231/2025,"CONTRATAÇÃO DE EMPRESA OU PESSOA FÍSICA PARA SERVIÇOS DE MUSICOTERAPIA, PSICOLOGIA E FISIOTERAPIA",/contratos/45751435000106/2025/212
45751435000106-2-000222/2025,,2025,222,45751435000106,MUNICIPIO DE PAULINIA,MUNICIPIO DE PAULINIA,Pregão - Eletrônico,Contrato (termo inicial),Edital,Divulgada no PNCP,False,2025-08-13T08:26:43.304756882,2025-08-13T08:26:43.304756882,2025-08-11,2025-08-11,2026-08-10,60000.0,,,,,Paulínia,SP,Municipal,Não se aplica,Contrato nº 241/2025,CONTRATAÇÃO DE EMPRESA/CONSÓRCIO DE EMPRESAS PARA MANUTENÇÃO EM EQUIPAMENTOS DE PISCINAS,/contratos/45751435000106/2025/222
45751435000106-2-000241/2025,,2025,241,45751435000106,MUNICIPIO DE PAULINIA,MUNICIPIO DE PAULINIA,Dispensa,Contrato (termo inicial),Ato que autoriza a Contratação Direta,Divulgada no PNCP,False,2025-08-29T08:37:30.966072894,2025-08-29T08:37:30.966072894,2025-08-29,2025-08-29,2026-08-28,28983.24,,,,,Paulínia,SP,Municipal,Não se aplica,Contrato nº 262/2025,"AQUISIÇÃO DE MEDICAMENTO VIA AÇÃO JUDICIAL SOB Nº 1005544-02.2018.8.26.0428. REQUERENTE ""G.K.A.F.""",/contratos/45751435000106/2025/241
45751435000106-2-000244/2025,,2025,244,45751435000106,MUNICIPIO DE PAULINIA,MUNICIPIO DE PAULINIA,Pregão - Eletrônico,Contrato (termo inicial),Edital,Divulgada no PNCP,False,2025-09-02T09:00:09.824382859,2025-09-02T09:00:09.824382859,2025-08-29,2025-08-29,2026-08-28,936000.0,,,,,Paulínia,SP,Municipal,Não se aplica,Contrato nº 266/2025,CONTRATAÇÃO DE EMPRESA PARA LOCAÇÃO DE VENTILADORES MECÂNICOS PULMONARES,/contratos/45751435000106/2025/244
45751435000106-2-000249/2025,,2025,249,45751435000106,MUNICIPIO DE PAULINIA,MUNICIPIO DE PAULINIA,Pregão - Eletrônico,Contrato (termo inicial),Edital,Divulgada no PNCP,False,2025-09-04T12:59:49.636353108,2025-09-04T12:59:49.636353108,2025-09-01,2025-09-01,2026-08-31,26680.0,,,,,Paulínia,SP,Municipal,Não se aplica,Contrato nº 271/2025,AQUISIÇÃO DE EQUIPAMENTOS PERMANENTES PARA O LABORATÓRIO E AGÊNCIA TRANSFUSIONAL,/contratos/45751435000106/2025/249
45751435000106-2-000251/2025,,2025,251,45751435000106,MUNICIPIO DE PAULINIA,MUNICIPIO DE PAULINIA,Pregão - Eletrônico,Contrato (termo inicial),Edital,Divulgada no PNCP,False,2025-09-04T13:01:39.786367852,2025-09-04T13:01:39.786367852,2025-09-01,2025-09-01,2026-08-31,48000.0,,,,,Paulínia,SP,Municipal,Não se aplica,Contrato nº 273/2025,AQUISIÇÃO DE EQUIPAMENTOS PERMANENTES PARA O LABORATÓRIO E AGÊNCIA TRANSFUSIONAL,/contratos/45751435000106/2025/251
45751435000106-2-000252/2025,,2025,252,45751435000106,MUNICIPIO DE PAULINIA,MUNICIPIO DE PAULINIA,Pregão - Eletrônico,Contrato (termo inicial),Edital,Divulgada no PNCP,False,2025-09-04T13:02:28.311402321,2025-09-04T13:02:28.311402321,2025-09-01,2025-09-01,2026-08-31,5700.0,,,,,Paulínia,SP,Municipal,Não se aplica,Contrato nº 274/2025,AQUISIÇÃO DE EQUIPAMENTOS PERMANENTES PARA O LABORATÓRIO E AGÊNCIA TRANSFUSIONAL,/contratos/45751435000106/2025/252
45751435000106-2-000256/2025,,2025,256,45751435000106,MUNICIPIO DE PAULINIA,MUNICIPIO DE PAULINIA,Pregão - Eletrônico,Contrato (termo inicial),Edital,Divulgada no PNCP,False,2025-09-04T13:07:03.021565172,2025-09-04T13:07:03.021565172,2025-09-01,2025-09-01,2026-08-31,17999.99,,,,,Paulínia,SP,Municipal,Não se aplica,Contrato nº 278/2025,AQUISIÇÃO DE EQUIPAMENTOS PERMANENTES PARA O LABORATÓRIO E AGÊNCIA TRANSFUSIONAL,/contratos/45751435000106/2025/256
45751435000106-2-000270/2025,,2025,270,45751435000106,MUNICIPIO DE PAULINIA,MUNICIPIO DE PAULINIA,Pregão - Eletrônico,Contrato (termo inicial),Edital,Divulgada no PNCP,False,2025-09-16T16:48:03.592733920,2025-09-16T16:48:03.592733920,2025-09-16,2025-09-16,2028-09-15,257506.66,,,,,Paulínia,SP,Municipal,Não se aplica,Contrato nº 291/2025,CONTRATAÇÃO DE EMPRESA PARA O FORNECIMENTO DE LICENÇAS DE USO DE SOFTWARE,/contratos/45751435000106/2025/270
45751435000106-2-000272/2025,,2025,272,45751435000106,MUNICIPIO DE PAULINIA,MUNICIPIO DE PAULINIA,Dispensa,Contrato (termo inicial),Ato que autoriza a Contratação Direta,Divulgada no PNCP,False,2025-09-18T11:21:52.776472052,2025-09-18T11:21:52.776472052,2025-09-16,2025-09-16,2026-09-15,10122.3,,,,,Paulínia,SP,Municipal,Não se aplica,Contrato nº 293/2025,"CUIMPRIMENTO DE AÇÃO JUDICIAL SOB Nº 1003791-63.2025.8.26..0428. REQUERENTE ""C.D.F.D.S.""",/contratos/45751435000106/2025/272
45751435000106-2-000282/2025,,2025,282,45751435000106,MUNICIPIO DE PAULINIA,MUNICIPIO DE PAULINIA,Pregão - Eletrônico,Contrato (termo inicial),Edital,Divulgada no PNCP,False,2025-09-25T09:29:50.670708538,2025-09-25T09:29:50.670708538,2025-09-24,2025-09-24,2026-09-23,5100.0,,,,,Paulínia,SP,Municipal,Não se aplica,Contrato nº 303/2025,"AQUISIÇÃO DE COLCHÕES, COLCHONETES HOSPITALARES E OUTROS MATERIAS UTILIZADOS EM PÓS-OPERATÓRIO",/contratos/45751435000106/2025/282
45751435000106-2-000284/2025,,2025,284,45751435000106,MUNICIPIO DE PAULINIA,MUNICIPIO DE PAULINIA,Pregão - Eletrônico,Contrato (termo inicial),Edital,Divulgada no PNCP,False,2025-09-25T09:52:32.833851308,2025-09-25T09:52:32.833851308,2025-09-24,2025-09-24,2026-09-23,575.12,,,,,Paulínia,SP,Municipal,Não se aplica,Contrato nº 304/2025,"AQUISIÇÃO DE COLCHÕES, COLCHONETES HOSPITALARES E OUTROS MATERIAS UTILIZADOS EM PÓS-OPERATÓRIO",/contratos/45751435000106/2025/284
45751435000106-2-000287/2025,,2025,287,45751435000106,MUNICIPIO DE PAULINIA,MUNICIPIO DE PAULINIA,Dispensa,Contrato (termo inicial),Ato que autoriza a Contratação Direta,Divulgada no PNCP,False,2025-09-26T08:22:40.338181961,2025-09-26T08:22:40.338181961,2025-09-25,2025-09-25,2026-09-24,49285.2,,,,,Paulínia,SP,Municipal,Não se aplica,Contrato nº 307/2025,"CUMPRIMENTO DE AÇÃO JUDICIAL SOB Nº 1004556-73.2021.8.26.0428. REQURENTE ""C.P.S.""",/contratos/45751435000106/2025/287
45751435000106-2-000306/2025,,2025,306,45751435000106,MUNICIPIO DE PAULINIA,MUNICIPIO DE PAULINIA,Pregão - Eletrônico,Contrato (termo inicial),Edital,Divulgada no PNCP,False,2025-10-23T14:20:42.510646948,2025-10-23T14:20:42.510646948,2025-10-23,2025-10-23,2026-10-22,163460.0,,,,,Paulínia,SP,Municipal,Não se aplica,Contrato nº 327/2025,AQUISIÇÃO DE EQUIPAMENTOS E MOBILIÁRIOS PARA UNIDADES ESCOLARES,/contratos/45751435000106/2025/306
45751435000106-2-000311/2025,,2025,311,45751435000106,MUNICIPIO DE PAULINIA,MUNICIPIO DE PAULINIA,Inexigibilidade,Contrato (termo inicial),Ato que autoriza a Contratação Direta,Divulgada no PNCP,False,2025-10-29T17:02:14.799727239,2025-10-29T17:02:14.799727239,2025-10-24,2025-10-24,2026-10-23,63200.0,,,,,Paulínia,SP,Municipal,Não se aplica,Contrato nº 329/2025,"Contratação de palestra em comemoração a Semana da Cultura Negra, com Geraldo Rufino.",/contratos/45751435000106/2025/311
45751435000106-2-000321/2025,,2025,321,45751435000106,MUNICIPIO DE PAULINIA,MUNICIPIO DE PAULINIA,Pregão - Eletrônico,Contrato (termo inicial),Edital,Divulgada no PNCP,False,2025-11-03T11:08:37.375812439,2025-11-03T11:08:37.375812439,2025-10-30,2025-10-30,2026-10-29,137966.4,,,,,Paulínia,SP,Municipal,Não se aplica,Contrato nº 342/2025,CONTRATAÇÃO DE SERVIÇOS CONTÁBEIS PARA ELABORAÇÃO DE CÁLCULOS E PARECERES NA ESFERA JUDICIAL E ADMINISTRATIVA,/contratos/45751435000106/2025/321
45751435000106-2-000327/2025,,2025,327,45751435000106,MUNICIPIO DE PAULINIA,MUNICIPIO DE PAULINIA,Dispensa,Contrato (termo inicial),Ato que autoriza a Contratação Direta,Divulgada no PNCP,False,2025-11-05T16:28:37.731496626,2025-11-05T16:28:37.731496626,2025-11-05,2025-11-05,2026-05-04,33750.0,,,,,Paulínia,SP,Municipal,Não se aplica,Contrato nº 349/2025,AQUISIÇÃO DE MEDICAMENTOS ESSENCIAIS EM CARATER EMERGENCIAL QUE SE ENCONTRAM EM DESABASTECIMENTO/ESTOQUE CRÍTICO NA REDE,/contratos/45751435000106/2025/327
45751435000106-2-000329/2025,,2025,329,45751435000106,MUNICIPIO DE PAULINIA,MUNICIPIO DE PAULINIA,Dispensa,Contrato (termo inicial),Ato que autoriza a Contratação Direta,Divulgada no PNCP,False,2025-11-05T16:28:54.724053634,2025-11-05T16:28:54.724053634,2025-11-05,2025-11-05,2026-05-04,50760.0,,,,,Paulínia,SP,Municipal,Não se aplica,Contrato nº 351/2025,AQUISIÇÃO DE MEDICAMENTOS ESSENCIAIS EM CARATER EMERGENCIAL QUE SE ENCONTRAM EM DESABASTECIMENTO/ESTOQUE CRÍTICO NA REDE,/contratos/45751435000106/2025/329
45751435000106-2-000346/2025,,2025,346,45751435000106,MUNICIPIO DE PAULINIA,MUNICIPIO DE PAULINIA,Inexigibilidade,Contrato (termo inicial),Ato que autoriza a Contratação Direta,Divulgada no PNCP,False,2025-11-17T16:01:58.676800172,2025-11-17T16:01:58.676800172,2025-11-17,2025-11-17,2026-11-16,71315.0,,,,,Paulínia,SP,Municipal,Não se aplica,Contrato nº 369/2025,"CUMPRIMENTO DE AÇÃO JUDICIAL SOB Nº 1002540-10.2025.8.26.0428. REQUERENTE ""E.F.S.P.""",/contratos/45751435000106/2025/346
45751435000106-2-000376/2025,,2025,376,45751435000106,MUNICIPIO DE PAULINIA,MUNICIPIO DE PAULINIA,Dispensa,Contrato (termo inicial),Aviso de Contratação Direta,Divulgada no PNCP,False,2025-12-05T09:55:03.072140252,2025-12-05T09:55:03.072140252,2025-12-04,2025-12-04,2026-12-03,52683.0,,,,,Paulínia,SP,Municipal,Não se aplica,Contrato nº 401/2025,CONTRATAÇÃO DE EMPRESA ESPECIALIZADA EM ATRAÇÕES NATALINAS E ATIVIDADES LÚDICAS PARA O EVENTO DO NATAL.,/contratos/45751435000106/2025/376
45751435000106-2-000385/2025,,2025,385,45751435000106,MUNICIPIO DE PAULINIA,MUNICIPIO DE PAULINIA,Pregão - Eletrônico,Contrato (termo inicial),Edital,Divulgada no PNCP,False,2025-12-08T10:09:33.301132383,2025-12-08T10:09:33.301132383,2025-12-05,2025-12-05,2026-12-04,1338070.64,,,,,Paulínia,SP,Municipal,Não se aplica,Contrato nº 405/2025,AQUISIÇÃO DE EQUIPAMENTOS E MOBILIÁRIOS PARA UNIDADES ESCOLARES,/contratos/45751435000106/2025/385
45751435000106-2-000388/2025,,2025,388,45751435000106,MUNICIPIO DE PAULINIA,MUNICIPIO DE PAULINIA,Dispensa,Contrato (termo inicial),Ato que autoriza a Contratação Direta,Divulgada no PNCP,False,2025-12-09T15:17:40.108798234,2025-12-09T15:17:40.108798234,2025-12-05,2025-12-05,2026-12-04,16696.8,,,,,Paulínia,SP,Municipal,Não se aplica,Contrato nº 422/2025,CUMPRIMENTO DE DECISÃO JUDICIAL PROCESSO SOB Nº 0003399-92.2015.8.26.0428. REQUERENTE V.A.D.,/contratos/45751435000106/2025/388
45751435000106-2-000421/2025,,2025,421,45751435000106,MUNICIPIO DE PAULINIA,MUNICIPIO DE PAULINIA,Concorrência - Eletrônica,Contrato (termo inicial),Edital,Divulgada no PNCP,False,2025-12-18T13:41:22.944989034,2025-12-18T13:41:22.944989034,2025-12-18,2025-12-18,2026-07-17,64000.0,,,,,Paulínia,SP,Municipal,Não se aplica,Contrato nº 455/2025,CONTRATAÇÃO DE EMPRESA / CONSÓRCIO DE EMPRESAS PARA EXECUÇÃO DE REFORÇO ESTRUTURAL EM RESIDÊNCIA,/contratos/45751435000106/2025/421
45751435000106-2-000439/2025,,2025,439,45751435000106,MUNICIPIO DE PAULINIA,MUNICIPIO DE PAULINIA,Dispensa,Contrato (termo inicial),Ato que autoriza a Contratação Direta,Divulgada no PNCP,False,2026-02-11T17:03:44.708936940,2026-02-11T17:03:44.708936940,2026-02-11,2026-02-11,2027-02-10,4799.92,,,,,Paulínia,SP,Municipal,Não se aplica,Contrato nº 095/2025,CUMPRIMENTO DE AÇÃO JUDICIAL SOB NR. 1005361.84.2025.8.26.0428. REQUERENTE A.S.M.,/contratos/45751435000106/2025/439
45751435000106-2-000003/2025,,2025,3,45751435000106,MUNICIPIO DE PAULINIA,MUNICIPIO DE PAULINIA,Dispensa,Contrato (termo inicial),Ato que autoriza a Contratação Direta,Divulgada no PNCP,False,2025-02-05T12:25:39.991221,2025-02-05T12:25:39.991221,2025-02-05,2025-02-05,2025-08-03,399299.65,,False,,,Paulínia,SP,Municipal,Não se aplica,Contrato nº 008/2025,AQUISIÇÃO DE MEDICAMENTO PARA CUMPRIMENTO DE AÇÃO JUDICIAL PROCESSO Nº 1005951-95.2024.8.26.0428 - R.J.S.,/contratos/45751435000106/2025/3
45751435000106-2-000005/2025,,2025,5,45751435000106,MUNICIPIO DE PAULINIA,MUNICIPIO DE PAULINIA,Pregão - Eletrônico,Contrato (termo inicial),Edital,Divulgada no PNCP,False,2025-02-06T12:51:26.448340,2025-02-06T12:51:26.448340,2025-02-05,2025-02-05,2026-02-04,168000.0,,False,,,Paulínia,SP,Municipal,Não se aplica,Contrato nº 010/2025,AQUISIÇÃO DE ÁGUA NATURAL SEM GÁS PARA ATENDIMENTO DOS DEPARTAMENTOS DA ADMINISTRAÇÃO,/contratos/45751435000106/2025/5
45751435000106-2-000027/2025,,2025,27,45751435000106,MUNICIPIO DE PAULINIA,MUNICIPIO DE PAULINIA,Pregão - Eletrônico,Contrato (termo inicial),Edital,Divulgada no PNCP,False,2025-03-06T08:51:17.973327182,2025-03-06T08:51:17.973327182,2025-02-24,2025-02-24,2026-02-23,70500.0,,False,,,Paulínia,SP,Municipal,Não se aplica,Contrato nº 047/2025,AQUISIÇÃO DE MATERIAIS DE LIMPEZA E DESCARTÁVEIS PARA ATENDIMENTO DOS DEPARTAMENTOS DA ADMINISTRAÇÃO MUNICIPAL,/contratos/45751435000106/2025/27
45751435000106-2-000031/2025,,2025,31,45751435000106,MUNICIPIO DE PAULINIA,MUNICIPIO DE PAULINIA,Pregão - Eletrônico,Contrato (termo inicial),Edital,Divulgada no PNCP,False,2025-03-07T08:23:50.412914428,2025-03-07T08:23:50.412914428,2025-02-24,2025-02-24,2025-04-24,56889.0,,False,,,Paulínia,SP,Municipal,Não se aplica,Contrato nº 036/2025,"CONTRATAÇÃO DE EMPRESA/CONSÓRCIO DE EMPRESAS PARA LOCAÇÃO DE GALPÕES, PISOS, COBERTURAS, ESTRUTURAS, BANHEIROS QUÍMICOS E DEMAIS ITENS",/contratos/45751435000106/2025/31
45751435000106-2-000032/2025,,2025,32,45751435000106,MUNICIPIO DE PAULINIA,MUNICIPIO DE PAULINIA,Pregão - Eletrônico,Contrato (termo inicial),Edital,Divulgada no PNCP,False,2025-03-07T08:42:31.636144188,2025-03-07T08:42:31.636144188,2025-02-24,2025-02-24,2025-04-24,31100.0,,False,,,Paulínia,SP,Municipal,Não se aplica,Contrato nº 037/2025,"CONTRATAÇÃO DE EMPRESA/CONSÓRCIO DE EMPRESAS PARA LOCAÇÃO DE GALPÕES, PISOS, COBERTURAS, ESTRUTURAS, BANHEIROS QUÍMICOS E DEMAIS ITENS",/contratos/45751435000106/2025/32
45751435000106-2-000040/2025,,2025,40,45751435000106,MUNICIPIO DE PAULINIA,MUNICIPIO DE PAULINIA,Pregão - Eletrônico,Contrato (termo inicial),Edital,Divulgada no PNCP,False,2025-03-13T15:01:07.648297845,2025-03-13T15:01:07.648297845,2025-03-07,2025-03-07,2026-03-06,198324.0,,False,,,Paulínia,SP,Municipal,Não se aplica,Contrato nº 053/2025,CONTRATAÇÃO DE EMPRESA ESPECIALIZADA EM SERVIÇOS DE SEGURANÇA NÃO ARMADA PARA EVENTOS,/contratos/45751435000106/2025/40
45751435000106-2-000042/2025,,2025,42,45751435000106,MUNICIPIO DE PAULINIA,MUNICIPIO DE PAULINIA,Pregão - Eletrônico,Contrato (termo inicial),Edital,Divulgada no PNCP,False,2025-03-14T09:00:34.669750569,2025-03-14T09:00:34.669750569,2025-03-14,2025-03-14,2026-03-13,27800.0,,False,,,Paulínia,SP,Municipal,Não se aplica,Contrato nº 055/2025,"CONTRATAÇÃO DE EMPRESA / CONSÓRCIO DE EMPRESAS DE SERVIÇOS ESPECIALIZADOS EM DESINSETIZAÇÃO, DESRATIZAÇÃO E CONTROLE DE POMBOS NOS PRÓPRIOS DA SECRETARIA",/contratos/45751435000106/2025/42
45751435000106-2-000047/2025,,2025,47,45751435000106,MUNICIPIO DE PAULINIA,MUNICIPIO DE PAULINIA,Pregão - Eletrônico,Contrato (termo inicial),Edital,Divulgada no PNCP,False,2025-03-25T11:57:27.833210879,2025-03-25T11:57:27.833210879,2025-03-25,2025-03-25,2026-03-24,94440.0,,False,,,Paulínia,SP,Municipal,Não se aplica,Contrato nº 061/2025,CONTRATAÇÃO DE EMPRESA ESPECIALIZADA EM SERVIÇOS DE SEGURANÇA NÃO ARMADA PARA EVENTOS,/contratos/45751435000106/2025/47
45751435000106-2-000056/2025,,2025,56,45751435000106,MUNICIPIO DE PAULINIA,MUNICIPIO DE PAULINIA,Concorrência - Eletrônica,Contrato (termo inicial),Edital,Divulgada no PNCP,False,2025-03-28T14:55:38.562919880,2025-03-28T14:55:38.562919880,2025-03-28,2025-03-28,2025-09-27,159000.0,,False,,,Paulínia,SP,Municipal,Não se aplica,Contrato nº 071/2025,CONTRATAÇÃO DE EMPRESA OU CONSORCIO DE EMPRESAS ESPECIALIZADA PARA DEMOLIÇÃO DE RESIDÊNCIA SOB RISCO DE RUÍNA,/contratos/45751435000106/2025/56
45751435000106-2-000067/2025,,2025,67,45751435000106,MUNICIPIO DE PAULINIA,MUNICIPIO DE PAULINIA,Dispensa,Contrato (termo inicial),Ato que autoriza a Contratação Direta,Divulgada no PNCP,False,2025-04-03T12:14:47.248874731,2025-04-03T12:14:47.248874731,2025-04-01,2025-04-01,2025-09-30,10056.6,,False,,,Paulínia,SP,Municipal,Não se aplica,Contrato nº 082/2025,"Aquisição de medicamento para ação judicial. Requerentes D.J.L., Y.A.F, B.S.F. - Protocolo 1439/2025",/contratos/45751435000106/2025/67
45751435000106-2-000068/2025,,2025,68,45751435000106,MUNICIPIO DE PAULINIA,MUNICIPIO DE PAULINIA,Dispensa,Contrato (termo inicial),Ato que autoriza a Contratação Direta,Divulgada no PNCP,False,2025-04-03T14:04:38.060274003,2025-04-03T14:04:38.060274003,2025-04-01,2025-04-01,2025-09-30,6170.4,,False,,,Paulínia,SP,Municipal,Não se aplica,Contrato nº 083/2025,"Aquisição de medicamento para ação judicial. Requerentes D.J.L., Y.A.F, B.S.F. - Protocolo 1439/2025",/contratos/45751435000106/2025/68
45751435000106-2-000089/2025,,2025,89,45751435000106,MUNICIPIO DE PAULINIA,MUNICIPIO DE PAULINIA,Dispensa,Contrato (termo inicial),Ato que autoriza a Contratação Direta,Divulgada no PNCP,False,2025-04-24T09:06:15.471088541,2025-04-24T09:06:15.471088541,2025-04-15,2025-04-15,2026-04-14,1838.2,,False,,,Paulínia,SP,Municipal,Não se aplica,Contrato nº 103/2025,AQUISIÇÃO DE MEDICAMENTO PARA CUMPRIMENTO DE AÇÃO JUDICIAL. PROCESSO Nº 000.3399-92.2015.8.26.0428. REQUERENTE V.A.D.,/contratos/45751435000106/2025/89
45751435000106-2-000094/2025,,2025,94,45751435000106,MUNICIPIO DE PAULINIA,MUNICIPIO DE PAULINIA,Dispensa,Contrato (termo inicial),Ato que autoriza a Contratação Direta,Divulgada no PNCP,False,2025-04-28T14:44:54.086855285,2025-04-28T14:44:54.086855285,2025-04-16,2025-04-16,2025-10-15,4485.6,,False,,,Paulínia,SP,Municipal,Não se aplica,Contrato nº 109/2025,"AQUISIÇÃO DE MEDICAMENTO PARA CUMPRIMENTO DE AÇÃO JUDICIAL, PROCESSO Nº 1002218-05.2016.8.26.0428. REQUERENTE J.G.B",/contratos/45751435000106/2025/94
45751435000106-2-000095/2025,,2025,95,45751435000106,MUNICIPIO DE PAULINIA,MUNICIPIO DE PAULINIA,Pregão - Eletrônico,Contrato (termo inicial),Edital,Divulgada no PNCP,False,2025-04-29T11:49:34.416923170,2025-04-29T11:49:34.416923170,2025-04-22,2025-04-22,2026-04-21,197640.0,,False,,,Paulínia,SP,Municipal,Não se aplica,Contrato nº 110/2025,"AQUISIÇÃO DE GÁS LIQUEFEITO DE PETRÓLEO – GLP, COM CESSÃO GRATUITA E TEMPORÁRIA DE EQUIPAMENTOS EM REGIME DE COMODATO",/contratos/45751435000106/2025/95
45751435000106-2-000096/2025,,2025,96,45751435000106,MUNICIPIO DE PAULINIA,MUNICIPIO DE PAULINIA,Inexigibilidade,Contrato (termo inicial),Ato que autoriza a Contratação Direta,Divulgada no PNCP,False,2025-04-30T14:50:00.056833905,2025-04-30T14:50:00.056833905,2025-04-25,2025-04-25,2026-04-25,68040.0,,False,,,Paulínia,SP,Municipal,Não se aplica,Contrato nº 111/2025,CURSO DE CAPACITAÇÃO SUICIDOLOGIA E POLÍTICAS PÚBLICAS PARA SERVIDORES DA SAÚDE.,/contratos/45751435000106/2025/96
45751435000106-2-000106/2025,,2025,106,45751435000106,MUNICIPIO DE PAULINIA,MUNICIPIO DE PAULINIA,Pregão - Eletrônico,Contrato (termo inicial),Edital,Divulgada no PNCP,False,2025-05-22T15:41:23.075062467,2025-05-22T15:41:23.075062467,2025-05-19,2025-05-19,2026-05-18,220149.4,,False,,,Paulínia,SP,Municipal,Não se aplica,Contrato nº 120/2025, CONTRATAÇÃO DE EMPRESA PARA FORNECIMENTO DE MATERIAIS ELÉTRICOS PARA MANUTENÇÕES DE PRÉDIOS PRÓPRIOS MUNICIPAIS,/contratos/45751435000106/2025/106
45751435000106-2-000107/2025,,2025,107,45751435000106,MUNICIPIO DE PAULINIA,MUNICIPIO DE PAULINIA,Pregão - Eletrônico,Contrato (termo inicial),Edital,Divulgada no PNCP,False,2025-05-23T11:22:57.616902483,2025-05-23T11:22:57.616902483,2025-05-19,2025-05-19,2026-05-18,444000.0,,False,,,Paulínia,SP,Municipal,Não se aplica,Contrato nº 123/2025,CONTRATAÇÃO DE EMPRESA PARA FORNECIMENTO DE SOFTWARE PARA ÁREA TRIBUTÁRIA,/contratos/45751435000106/2025/107
45751435000106-2-000127/2025,,2025,127,45751435000106,MUNICIPIO DE PAULINIA,MUNICIPIO DE PAULINIA,Pregão - Eletrônico,Contrato (termo inicial),Edital,Divulgada no PNCP,False,2025-06-02T15:13:10.147755480,2025-06-02T15:13:10.147755480,2025-05-29,2025-05-29,2026-05-28,15340.0,,False,,,Paulínia,SP,Municipal,Não se aplica,Contrato nº 144/2025,"AQUISIÇÃO DE MATERIAIS PARA PRÁTICA DE AURICULOTERAPIA, ACUPUNTURA SISTÊMICA E MTC DA REDE DE ATENÇÃO PSICOSSOCIAL E AMBULATÓRIO DA DOR",/contratos/45751435000106/2025/127
45751435000106-2-000142/2025,,2025,142,45751435000106,MUNICIPIO DE PAULINIA,MUNICIPIO DE PAULINIA,Pregão - Eletrônico,Contrato (termo inicial),Edital,Divulgada no PNCP,False,2025-06-10T17:15:51.162290596,2025-06-10T17:15:51.162290596,2025-06-05,2025-06-05,2026-06-05,295680.0,,False,,,Paulínia,SP,Municipal,Não se aplica,Contrato nº 157/2025,AQUISIÇÃO DE ÁGUA NATURAL SEM GÁS PARA ATENDIMENTO DOS DEPARTAMENTOS DA ADMINISTRAÇÃO,/contratos/45751435000106/2025/142
45751435000106-2-000159/2025,,2025,159,45751435000106,MUNICIPIO DE PAULINIA,MUNICIPIO DE PAULINIA,Pregão - Eletrônico,Contrato (termo inicial),Edital,Divulgada no PNCP,False,2025-06-16T16:41:24.847978621,2025-06-16T16:41:24.847978621,2025-06-12,2025-06-12,2026-06-11,168000.0,,,,,Paulínia,SP,Municipal,Não se aplica,Contrato nº 174/2025,QUISIÇÃO DE ÁGUA NATURAL SEM GÁS PARA ATENDIMENTO DOS DEPARTAMENTOS DA ADMINISTRAÇÃO,/contratos/45751435000106/2025/159
45751435000106-2-000162/2025,,2025,162,45751435000106,MUNICIPIO DE PAULINIA,MUNICIPIO DE PAULINIA,Pregão - Eletrônico,Contrato (termo inicial),Edital,Divulgada no PNCP,False,2025-06-24T10:59:42.812618551,2025-06-24T10:59:42.812618551,2025-06-18,2025-06-18,2026-06-17,77700.0,,,,,Paulínia,SP,Municipal,Não se aplica,Contrato nº 177/2025,AQUISIÇÃO DE MATERIAIS DE LIMPEZA E DESCARTÁVEIS PARA ATENDIMENTO DOS DEPARTAMENTOS DA ADMINISTRAÇÃO MUNICIPAL,/contratos/45751435000106/2025/162
45751435000106-2-000163/2025,,2025,163,45751435000106,MUNICIPIO DE PAULINIA,MUNICIPIO DE PAULINIA,Pregão - Eletrônico,Contrato (termo inicial),Edital,Divulgada no PNCP,False,2025-06-24T14:42:25.651469839,2025-06-24T14:42:25.651469839,2025-06-18,2025-06-18,2026-06-17,77700.0,,,,,Paulínia,SP,Municipal,Não se aplica,Contrato nº 178/2025,AQUISIÇÃO DE MATERIAIS DE LIMPEZA E DESCARTÁVEIS PARA ATENDIMENTO DOS DEPARTAMENTOS DA ADMINISTRAÇÃO MUNICIPAL,/contratos/45751435000106/2025/163
45751435000106-2-000168/2025,,2025,168,45751435000106,MUNICIPIO DE PAULINIA,MUNICIPIO DE PAULINIA,Pregão - Eletrônico,Contrato (termo inicial),Edital,Divulgada no PNCP,False,2025-06-30T12:31:04.518822239,2025-06-30T12:31:04.518822239,2025-06-26,2025-06-26,2026-06-25,26212.0,,,,,Paulínia,SP,Municipal,Não se aplica,Contrato nº 184/2025,AQUISIÇÃO DE MATERIAIS DE LIMPEZA E DESCARTÁVEIS PARA ATENDIMENTO DOS DEPARTAMENTOS DA ADMINISTRAÇÃO MUNICIPAL,/contratos/45751435000106/2025/168
45751435000106-2-000170/2025,,2025,170,45751435000106,MUNICIPIO DE PAULINIA,MUNICIPIO DE PAULINIA,Pregão - Eletrônico,Contrato (termo inicial),Edital,Divulgada no PNCP,False,2025-07-02T12:48:49.924843859,2025-07-02T12:48:49.924843859,2025-06-26,2025-06-26,2026-06-25,68256.0,,,,,Paulínia,SP,Municipal,Não se aplica,Contrato nº 186/2025, AQUISIÇÃO DE MATERIAIS DE LIMPEZA E DESCARTÁVEIS PARA ATENDIMENTO DOS DEPARTAMENTOS DA ADMINISTRAÇÃO MUNICIPAL,/contratos/45751435000106/2025/170
45751435000106-2-000173/2025,,2025,173,45751435000106,MUNICIPIO DE PAULINIA,MUNICIPIO DE PAULINIA,Pregão - Eletrônico,Contrato (termo inicial),Edital,Divulgada no PNCP,False,2025-07-03T12:25:57.531358797,2025-07-03T12:25:57.531358797,2025-07-01,2025-07-01,2026-06-30,64170.0,,,,,Paulínia,SP,Municipal,Não se aplica,Contrato nº 189/2025, AQUISIÇÃO DE MATERIAIS DE LIMPEZA E DESCARTÁVEIS PARA ATENDIMENTO DOS DEPARTAMENTOS DA ADMINISTRAÇÃO MUNICIPAL,/contratos/45751435000106/2025/173
45751435000106-2-000174/2025,,2025,174,45751435000106,MUNICIPIO DE PAULINIA,MUNICIPIO DE PAULINIA,Pregão - Eletrônico,Contrato (termo inicial),Edital,Divulgada no PNCP,False,2025-07-03T14:21:01.521658272,2025-07-03T14:21:01.521658272,2025-07-01,2025-07-01,2026-06-30,81939.0,,,,,Paulínia,SP,Municipal,Não se aplica,Contrato nº 190/2025,AQUISIÇÃO DE MATERIAIS DE LIMPEZA E DESCARTÁVEIS PARA ATENDIMENTO DOS DEPARTAMENTOS DA ADMINISTRAÇÃO MUNICIPAL,/contratos/45751435000106/2025/174
45751435000106-2-000177/2025,,2025,177,45751435000106,MUNICIPIO DE PAULINIA,MUNICIPIO DE PAULINIA,Pregão - Eletrônico,Contrato (termo inicial),Edital,Divulgada no PNCP,False,2025-07-11T09:04:36.874047264,2025-07-11T09:04:36.874047264,2025-07-11,2025-07-11,2026-07-10,0.0,,,,,Paulínia,SP,Municipal,Não se aplica,Contrato nº 193/2025,AQUISIÇÃO DE MATERIAIS DE LIMPEZA E DESCARTÁVEIS PARA ATENDIMENTO DOS DEPARTAMENTOS DA ADMINISTRAÇÃO MUNICIPAL,/contratos/45751435000106/2025/177
45751435000106-2-000179/2025,,2025,179,45751435000106,MUNICIPIO DE PAULINIA,MUNICIPIO DE PAULINIA,Pregão - Eletrônico,Contrato (termo inicial),Edital,Divulgada no PNCP,False,2025-07-11T09:59:36.645987128,2025-07-11T09:59:36.645987128,2025-07-11,2025-07-11,2026-07-10,0.0,,,,,Paulínia,SP,Municipal,Não se aplica,Contrato nº 194/2025,AQUISIÇÃO DE MATERIAIS DE LIMPEZA E DESCARTÁVEIS PARA ATENDIMENTO DOS DEPARTAMENTOS DA ADMINISTRAÇÃO MUNICIPAL,/contratos/45751435000106/2025/179
45751435000106-2-000190/2025,,2025,190,45751435000106,MUNICIPIO DE PAULINIA,MUNICIPIO DE PAULINIA,Dispensa,Contrato (termo inicial),Ato que autoriza a Contratação Direta,Divulgada no PNCP,False,2025-07-17T09:18:18.569742586,2025-07-17T09:18:18.569742586,2025-07-15,2025-07-15,2026-01-14,1649.05,,,,,Paulínia,SP,Municipal,Não se aplica,Contrato nº 206/2025,"CUMPRIMENTO DE DECISÃO JUDICIAL PROCESSO Nº 1001699-59.2018.8.26.0428. REQUERENTE ""E.G.A."" PRAZO CONTRATUAL 6 MESES.",/contratos/45751435000106/2025/190
45751435000106-2-000193/2025,,2025,193,45751435000106,MUNICIPIO DE PAULINIA,MUNICIPIO DE PAULINIA,Pregão - Eletrônico,Contrato (termo inicial),Edital,Divulgada no PNCP,False,2025-07-17T14:06:18.652584061,2025-07-17T14:06:18.652584061,2025-07-15,2025-07-15,2026-07-14,131500.0,,,,,Paulínia,SP,Municipal,Não se aplica,Contrato nº 207/2025,AQUISIÇÃO DE KITS LANCHE PARA REALIZAÇÃO DE EVENTOS NO MUNICÍPIO DE PAULÍNIA,/contratos/45751435000106/2025/193
45751435000106-2-000199/2025,,2025,199,45751435000106,MUNICIPIO DE PAULINIA,MUNICIPIO DE PAULINIA,Inexigibilidade,Contrato (termo inicial),Ato que autoriza a Contratação Direta,Divulgada no PNCP,False,2025-07-22T15:33:57.064114904,2025-07-22T15:33:57.064114904,2025-07-21,2025-07-21,2026-07-20,8661.7,,,,,Paulínia,SP,Municipal,Não se aplica,Contrato nº 215/2025,Aquisição de licença de uso na consulta de preços praticados de materiais e serviços.,/contratos/45751435000106/2025/199
45751435000106-2-000216/2025,,2025,216,45751435000106,MUNICIPIO DE PAULINIA,MUNICIPIO DE PAULINIA,Pregão - Eletrônico,Contrato (termo inicial),Edital,Divulgada no PNCP,False,2025-08-07T11:29:44.672823074,2025-08-07T11:29:44.672823074,2025-08-06,2025-08-06,2026-08-05,92899.62,,,,,Paulínia,SP,Municipal,Não se aplica,Contrato nº 235/2025,CONTRATAÇÃO DE EMPRESA OU CONSÓRCIO DE EMPRESAS PARA TROCA DE REFIS DOS FILTROS E TROCA DOS FILTROS,/contratos/45751435000106/2025/216
45751435000106-2-000245/2025,,2025,245,45751435000106,MUNICIPIO DE PAULINIA,MUNICIPIO DE PAULINIA,Dispensa,Contrato (termo inicial),Ato que autoriza a Contratação Direta,Divulgada no PNCP,False,2025-09-02T16:14:16.862002793,2025-09-02T16:14:16.862002793,2025-08-29,2025-08-29,2026-08-28,30190.0,,,,,Paulínia,SP,Municipal,Não se aplica,Contrato nº 267/2025,"CUMPRIMENTO DE AÇÃO JUDICIAL PROCESSO SOB Nº 1006908-96.2024.8.26.0428. REQUERENTE ""L.H.M""",/contratos/45751435000106/2025/245
45751435000106-2-000281/2025,,2025,281,45751435000106,MUNICIPIO DE PAULINIA,MUNICIPIO DE PAULINIA,Pregão - Eletrônico,Contrato (termo inicial),Edital,Divulgada no PNCP,False,2025-09-25T08:43:00.889553215,2025-09-25T08:43:00.889553215,2025-09-24,2025-09-24,2026-09-23,3546.84,,,,,Paulínia,SP,Municipal,Não se aplica,Contrato nº 302/2025,"AQUISIÇÃO DE COLCHÕES, COLCHONETES HOSPITALARES E OUTROS MATERIAS UTILIZADOS EM PÓS-OPERATÓRIO",/contratos/45751435000106/2025/281
45751435000106-2-000291/2025,,2025,291,45751435000106,MUNICIPIO DE PAULINIA,MUNICIPIO DE PAULINIA,Pregão - Eletrônico,Contrato (termo inicial),Edital,Divulgada no PNCP,False,2025-10-02T12:00:53.543271665,2025-10-02T12:00:53.543271665,2025-10-02,2025-10-02,2026-10-01,92600.0,,,,,Paulínia,SP,Municipal,Não se aplica,Contrato nº 311/2025,AQUISIÇÃO DE KITS LANCHE PARA REALIZAÇÃO DE EVENTOS NO MUNICÍPIO DE PAULÍNIA,/contratos/45751435000106/2025/291
45751435000106-2-000312/2025,,2025,312,45751435000106,MUNICIPIO DE PAULINIA,MUNICIPIO DE PAULINIA,Concorrência - Eletrônica,Contrato (termo inicial),Edital,Divulgada no PNCP,False,2025-10-30T12:23:38.216778521,2025-10-30T12:23:38.216778521,2025-10-30,2025-10-30,2027-04-29,3000000.0,,,,,Paulínia,SP,Municipal,Não se aplica,Contrato nº 337/2025,CONTRATAÇÃO DE EMPRESA/CONSÓRCIO DE EMPRESAS PARA CONSTRUÇÃO DO CRAS NO BAIRRO BOM RETIRO,/contratos/45751435000106/2025/312
45751435000106-2-000313/2025,,2025,313,45751435000106,MUNICIPIO DE PAULINIA,MUNICIPIO DE PAULINIA,Concorrência - Eletrônica,Contrato (termo inicial),Edital,Divulgada no PNCP,False,2025-10-30T15:39:13.823232100,2025-10-30T15:39:13.823232100,2025-10-30,2025-10-30,2027-10-29,8838442.0,,,,,Paulínia,SP,Municipal,Não se aplica,Contrato nº 338/2025,CONTRATAÇÃO DE EMPRESA/CONSÓRCIO DE ATÉ DUAS EMPRESAS PARA CONSTRUÇÃO DE UNIDADE ESCOLAR,/contratos/45751435000106/2025/313
45751435000106-2-000318/2025,,2025,318,45751435000106,MUNICIPIO DE PAULINIA,MUNICIPIO DE PAULINIA,Pregão - Eletrônico,Contrato (termo inicial),Edital,Divulgada no PNCP,False,2025-11-03T11:08:18.741048988,2025-11-03T11:08:18.741048988,2025-10-30,2025-10-30,2026-01-27,29400.0,,,,,Paulínia,SP,Municipal,Não se aplica,Contrato nº 339/2025,CONTRATAÇÃO DE EMPRESA PARA AQUISIÇÃO DE CONJUNTO LEGO E NOTEBOOK PARA ATENDIMENTO AOS ALUNOS DA REDE MUNICIPAL DE PAULÍNIA,/contratos/45751435000106/2025/318
45751435000106-2-000320/2025,,2025,320,45751435000106,MUNICIPIO DE PAULINIA,MUNICIPIO DE PAULINIA,Pregão - Eletrônico,Contrato (termo inicial),Edital,Divulgada no PNCP,False,2025-11-03T11:08:30.388482173,2025-11-03T11:08:30.388482173,2025-10-30,2025-10-30,2026-10-29,3999028.38,,,,,Paulínia,SP,Municipal,Não se aplica,Contrato nº 341/2025,REGISTRO DE PREÇOS PARA PRESTAÇÃO DE SERVIÇOS DE MANUTENÇÃO E PEQUENOS REPAROS NO SISTEMA DE DRENAGEM URBANA,/contratos/45751435000106/2025/320
45751435000106-2-000326/2025,,2025,326,45751435000106,MUNICIPIO DE PAULINIA,MUNICIPIO DE PAULINIA,Dispensa,Contrato (termo inicial),Ato que autoriza a Contratação Direta,Divulgada no PNCP,False,2025-11-05T16:28:31.579145230,2025-11-05T16:28:31.579145230,2025-11-05,2025-11-05,2026-05-04,6048.0,,,,,Paulínia,SP,Municipal,Não se aplica,Contrato nº 348/2025,CUMPRIMENTO DE AÇÃO JUDICIAL SOB Nº 3000461-44.2013.8.26.0428. PRAZO DE 06 (SEIS) MESES.,/contratos/45751435000106/2025/326
45751435000106-2-000330/2025,,2025,330,45751435000106,MUNICIPIO DE PAULINIA,MUNICIPIO DE PAULINIA,Dispensa,Contrato (termo inicial),Ato que autoriza a Contratação Direta,Divulgada no PNCP,False,2025-11-05T16:29:00.493349848,2025-11-05T16:29:00.493349848,2025-11-05,2025-11-05,2026-05-04,16393.5,,,,,Paulínia,SP,Municipal,Não se aplica,Contrato nº 352/2025,AQUISIÇÃO DE MEDICAMENTOS ESSENCIAIS EM CARATER EMERGENCIAL QUE SE ENCONTRAM EM DESABASTECIMENTO/ESTOQUE CRÍTICO NA REDE,/contratos/45751435000106/2025/330
45751435000106-2-000331/2025,,2025,331,45751435000106,MUNICIPIO DE PAULINIA,MUNICIPIO DE PAULINIA,Dispensa,Contrato (termo inicial),Ato que autoriza a Contratação Direta,Divulgada no PNCP,False,2025-11-05T16:29:07.613579477,2025-11-05T16:29:07.613579477,2025-11-05,2025-11-05,2026-05-04,2660.0,,,,,Paulínia,SP,Municipal,Não se aplica,Contrato nº 353/2025,AQUISIÇÃO DE MEDICAMENTOS ESSENCIAIS EM CARATER EMERGENCIAL QUE SE ENCONTRAM EM DESABASTECIMENTO/ESTOQUE CRÍTICO NA REDE,/contratos/45751435000106/2025/331
45751435000106-2-000339/2025,,2025,339,45751435000106,MUNICIPIO DE PAULINIA,MUNICIPIO DE PAULINIA,Dispensa,Contrato (termo inicial),Ato que autoriza a Contratação Direta,Divulgada no PNCP,False,2025-11-15T07:40:13.065279580,2025-11-15T07:40:13.065279580,2025-11-14,2025-11-14,2026-05-13,2916.55,,,,,Paulínia,SP,Municipal,Não se aplica,Contrato nº 365/2025,"CUMPRIMENTO DE AÇÃO JUDICIAL SOB Nº 1000563-95.2016.8.26.0428. REQUERENTE ""V.A.R."" . PRAZO CONTRATUAL DE 06 (SEIS) MESES.",/contratos/45751435000106/2025/339
45751435000106-2-000370/2025,,2025,370,45751435000106,MUNICIPIO DE PAULINIA,MUNICIPIO DE PAULINIA,Pregão - Eletrônico,Contrato (termo inicial),Edital,Divulgada no PNCP,False,2025-12-04T17:36:36.921890974,2025-12-04T17:36:36.921890974,2025-12-04,2025-12-04,2026-12-04,94440.0,,,,,Paulínia,SP,Municipal,Não se aplica,Contrato nº 402/2025,ONTRATAÇÃO DE EMPRESA ESPECIALIZADA EM SERVIÇOS DE SEGURANÇA NÃO ARMADA PARA EVENTOS,/contratos/45751435000106/2025/370
45751435000106-2-000016/2025,,2025,16,45751435000106,MUNICIPIO DE PAULINIA,MUNICIPIO DE PAULINIA,Inexigibilidade,Contrato (termo inicial),Ato que autoriza a Contratação Direta,Divulgada no PNCP,False,2025-02-14T14:48:13.162571,2025-02-14T14:48:13.162571,2025-02-14,2025-02-14,2025-04-14,180000.0,,False,,,Paulínia,SP,Municipal,Não se aplica,Contrato nº 023/2025,"Contratação de show artístico com a Banda Morada, em comemoração da semana do 61º Aniversário da cidade de Paulínia.",/contratos/45751435000106/2025/16
45751435000106-2-000029/2025,,2025,29,45751435000106,MUNICIPIO DE PAULINIA,MUNICIPIO DE PAULINIA,Pregão - Eletrônico,Contrato (termo inicial),Edital,Divulgada no PNCP,False,2025-03-07T08:23:36.688069597,2025-03-07T08:23:36.688069597,2025-02-24,2025-02-24,2025-04-24,102270.0,,False,,,Paulínia,SP,Municipal,Não se aplica,Contrato nº 034/2025,"CONTRATAÇÃO DE EMPRESA/CONSÓRCIO DE EMPRESAS PARA LOCAÇÃO DE GALPÕES, PISOS, COBERTURAS, ESTRUTURAS, BANHEIROS QUÍMICOS E DEMAIS ITENS",/contratos/45751435000106/2025/29
45751435000106-2-000030/2025,,2025,30,45751435000106,MUNICIPIO DE PAULINIA,MUNICIPIO DE PAULINIA,Pregão - Eletrônico,Contrato (termo inicial),Edital,Divulgada no PNCP,False,2025-03-07T08:23:43.970236198,2025-03-07T08:23:43.970236198,2025-02-24,2025-02-24,2025-04-24,22500.0,,False,,,Paulínia,SP,Municipal,Não se aplica,Contrato nº 035/2025,"CONTRATAÇÃO DE EMPRESA/CONSÓRCIO DE EMPRESAS PARA LOCAÇÃO DE GALPÕES, PISOS, COBERTURAS, ESTRUTURAS, BANHEIROS QUÍMICOS E DEMAIS ITENS",/contratos/45751435000106/2025/30
45751435000106-2-000033/2025,,2025,33,45751435000106,MUNICIPIO DE PAULINIA,MUNICIPIO DE PAULINIA,Pregão - Eletrônico,Contrato (termo inicial),Edital,Divulgada no PNCP,False,2025-03-07T08:55:29.079188591,2025-03-07T08:55:29.079188591,2025-02-24,2025-02-24,2025-04-24,104895.0,,False,,,Paulínia,SP,Municipal,Não se aplica,Contrato nº 38/2025,"CONTRATAÇÃO DE EMPRESA/CONSÓRCIO DE EMPRESAS PARA LOCAÇÃO DE GALPÕES, PISOS, COBERTURAS, ESTRUTURAS, BANHEIROS QUÍMICOS E DEMAIS ITENS",/contratos/45751435000106/2025/33
45751435000106-2-000034/2025,,2025,34,45751435000106,MUNICIPIO DE PAULINIA,MUNICIPIO DE PAULINIA,Pregão - Eletrônico,Contrato (termo inicial),Edital,Divulgada no PNCP,False,2025-03-07T09:04:13.763181103,2025-03-07T09:04:13.763181103,2025-02-24,2025-02-24,2025-04-24,457500.0,,False,,,Paulínia,SP,Municipal,Não se aplica,Contrato nº 39/2025,"CONTRATAÇÃO DE EMPRESA/CONSÓRCIO DE EMPRESAS PARA LOCAÇÃO DE GALPÕES, PISOS, COBERTURAS, ESTRUTURAS, BANHEIROS QUÍMICOS E DEMAIS ITENS",/contratos/45751435000106/2025/34
45751435000106-2-000039/2025,,2025,39,45751435000106,MUNICIPIO DE PAULINIA,MUNICIPIO DE PAULINIA,Concorrência - Eletrônica,Contrato (termo inicial),Edital,Divulgada no PNCP,False,2025-03-13T10:47:28.169469024,2025-03-13T10:47:28.169469024,2025-02-26,2025-02-26,2028-08-25,189950000.0,,False,,,Paulínia,SP,Municipal,Não se aplica,Contrato nº 049/2025,"CONTRATAÇÃO DE EMPRESA PARA PRESTAÇÃO DE SERVIÇOS DE INFRAESTRURUA, DRENAGEM E SERVIÇOS COMPLEMENTARES NO BAIRRO SÃO JOSÉ",/contratos/45751435000106/2025/39
45751435000106-2-000052/2025,,2025,52,45751435000106,MUNICIPIO DE PAULINIA,MUNICIPIO DE PAULINIA,Dispensa,Contrato (termo inicial),Ato que autoriza a Contratação Direta,Divulgada no PNCP,False,2025-03-28T10:29:07.957656677,2025-03-28T10:29:07.957656677,2025-03-28,2025-03-28,2026-03-27,6120.0,,False,,,Paulínia,SP,Municipal,Não se aplica,Contrato nº 067/2025,"AQUISIÇÃO DE AGULHAS PARA AÇÕES JUDICIAIS. PARA L.D.C., G.S.S. E N.M.T. PROCESSO 1456/2025",/contratos/45751435000106/2025/52
45751435000106-2-000057/2025,,2025,57,45751435000106,MUNICIPIO DE PAULINIA,MUNICIPIO DE PAULINIA,Dispensa,Contrato (termo inicial),Ato que autoriza a Contratação Direta,Divulgada no PNCP,False,2025-03-31T09:34:56.530655952,2025-03-31T09:34:56.530655952,2025-03-28,2025-03-28,2025-09-27,4873.7,,False,,,Paulínia,SP,Municipal,Não se aplica,Contrato nº 072/2025,"Aquisição de materiais para cumprimento de ação judicial, processo nº 0004482-31.2024.8.26.0428. Paciente M.L.F.S.",/contratos/45751435000106/2025/57
45751435000106-2-000087/2025,,2025,87,45751435000106,MUNICIPIO DE PAULINIA,MUNICIPIO DE PAULINIA,Pregão - Eletrônico,Contrato (termo inicial),Edital,Divulgada no PNCP,False,2025-04-23T17:04:55.518599344,2025-04-23T17:04:55.518599344,2025-04-15,2025-04-15,2027-07-14,2140000.0,,False,,,Paulínia,SP,Municipal,Não se aplica,Contrato nº 102/2025,CONTRATAÇÃO DE EMPRESA ESPECIALIZADA/CONSÓRCIO DE EMPRESAS PARA O FORNECIMENTO DE SOLUÇÃO WEB PARA GESTÃO URBANA,/contratos/45751435000106/2025/87
45751435000106-2-000097/2025,,2025,97,45751435000106,MUNICIPIO DE PAULINIA,MUNICIPIO DE PAULINIA,Dispensa,Contrato (termo inicial),Ato que autoriza a Contratação Direta,Divulgada no PNCP,False,2025-05-05T12:23:50.376340278,2025-05-05T12:23:50.376340278,2025-04-25,2025-04-25,2026-04-24,18264.0,,False,,,Paulínia,SP,Municipal,Não se aplica,Contrato nº 112/2025,AQUISIÇÃO DE MEDICAMENTO CUMPRIMENTO AÇÃO JUDICIAL 105126-54.2024.8.26.0428. AGRAVO DE INSTRUMENTO 2301995-04.2024.8.26.0000 - AGRAVANTE R.P.,/contratos/45751435000106/2025/97
45751435000106-2-000104/2025,,2025,104,45751435000106,MUNICIPIO DE PAULINIA,MUNICIPIO DE PAULINIA,Dispensa,Contrato (termo inicial),Ato que autoriza a Contratação Direta,Divulgada no PNCP,False,2025-05-21T16:30:26.283521706,2025-05-21T16:30:26.283521706,2025-05-16,2025-05-16,2026-05-15,18000.0,,False,,,Paulínia,SP,Municipal,Não se aplica,Contrato nº 119/2025,AQUISIÇÃO JUDICIAL DE PRÓTESE NÃO CIRÚRGICA A PROVA DÁGUA PROCESSO 100113366.2025.8.26.0428. REQUERENTE N.L.F.S,/contratos/45751435000106/2025/104
45751435000106-2-000126/2025,,2025,126,45751435000106,MUNICIPIO DE PAULINIA,MUNICIPIO DE PAULINIA,Pregão - Eletrônico,Contrato (termo inicial),Edital,Divulgada no PNCP,False,2025-06-02T15:12:58.672067046,2025-06-02T15:12:58.672067046,2025-05-29,2025-05-29,2026-05-28,956.8,,False,,,Paulínia,SP,Municipal,Não se aplica,Contrato nº 143/2025,"AQUISIÇÃO DE MATERIAIS PARA PRÁTICA DE AURICULOTERAPIA, ACUPUNTURA SISTÊMICA E MTC DA REDE DE ATENÇÃO PSICOSSOCIAL E AMBULATÓRIO DA DOR",/contratos/45751435000106/2025/126
45751435000106-2-000128/2025,,2025,128,45751435000106,MUNICIPIO DE PAULINIA,MUNICIPIO DE PAULINIA,Pregão - Eletrônico,Contrato (termo inicial),Edital,Divulgada no PNCP,False,2025-06-02T15:13:42.905557352,2025-06-02T15:13:42.905557352,2025-05-29,2025-05-29,2026-05-28,2290.1,,False,,,Paulínia,SP,Municipal,Não se aplica,Contrato nº 145/2025,"AQUISIÇÃO DE MATERIAIS PARA PRÁTICA DE AURICULOTERAPIA, ACUPUNTURA SISTÊMICA E MTC DA REDE DE ATENÇÃO PSICOSSOCIAL E AMBULATÓRIO DA DOR",/contratos/45751435000106/2025/128
45751435000106-2-000157/2025,,2025,157,45751435000106,MUNICIPIO DE PAULINIA,MUNICIPIO DE PAULINIA,Pregão - Eletrônico,Contrato (termo inicial),Edital,Divulgada no PNCP,False,2025-06-16T14:59:22.299339669,2025-06-16T14:59:22.299339669,2025-06-11,2025-06-11,2026-06-10,4549.94,,,,,Paulínia,SP,Municipal,Não se aplica,Contrato nº 172/2025,AQUISIÇÃO DE MATERIAIS E EQUIPAMENTOS EDUCATIVOS PARA A IMPLANTAÇÃO DE SALA DE ESTIMULAÇÃO SENSORIAL JUNTO AOS ALUNOS COM DEFICIÊNCIA E TRANSTORNO DO ESPECTRO AUTISTA,/contratos/45751435000106/2025/157
45751435000106-2-000166/2025,,2025,166,45751435000106,MUNICIPIO DE PAULINIA,MUNICIPIO DE PAULINIA,Concorrência - Eletrônica,Contrato (termo inicial),Edital,Divulgada no PNCP,False,2025-06-26T10:46:07.523707828,2025-06-26T10:46:07.523707828,2025-06-24,2025-06-24,2027-03-23,13800000.0,,,,,Paulínia,SP,Municipal,Não se aplica,Contrato nº 182/2025,CONTRATAÇÃO DE EMPRESA OU CONSÓRCIO DE EMPRESAS ESPECIALIZADAS PARA EXECUÇÃO DE OBRA DE INTERVENÇÕES DE MICRODRENAGEM NO BAIRRO MORUMBI,/contratos/45751435000106/2025/166
45751435000106-2-000171/2025,,2025,171,45751435000106,MUNICIPIO DE PAULINIA,MUNICIPIO DE PAULINIA,Pregão - Eletrônico,Contrato (termo inicial),Edital,Divulgada no PNCP,False,2025-07-02T14:13:58.580765249,2025-07-02T14:13:58.580765249,2025-06-26,2025-06-26,2026-06-26,2612595.99,,,,,Paulínia,SP,Municipal,Não se aplica,Contrato nº 187/2025,CONTRATAÇÃO DE EMPRESA ESPECIALIZADA OU CONSÓRCIO DE EMPRESAS PARA PRESTAÇÃO DE SERVIÇOS DE READEQUAÇÃO E MANUTENÇÃO DOS PASSEIOS PÚBLICOS DO MUNICÍPIO DE PAULÍNIA,/contratos/45751435000106/2025/171
45751435000106-2-000175/2025,,2025,175,45751435000106,MUNICIPIO DE PAULINIA,MUNICIPIO DE PAULINIA,Pregão - Eletrônico,Contrato (termo inicial),Edital,Divulgada no PNCP,False,2025-07-07T11:47:02.372925554,2025-07-07T11:47:02.372925554,2025-07-03,2025-07-03,2025-09-30,63872.5,,,,,Paulínia,SP,Municipal,Não se aplica,Contrato nº 191/2025,CONTRATAÇÃO DE EMPRESA/CONSÓRCIO DE EMPRESAS PARA FORNECIMENTO DE ALIMENTAÇÃO NOS JOGOS REGIONAIS DE BRAGANÇA PAULISTA - SP,/contratos/45751435000106/2025/175
45751435000106-2-000198/2025,,2025,198,45751435000106,MUNICIPIO DE PAULINIA,MUNICIPIO DE PAULINIA,Pregão - Eletrônico,Contrato (termo inicial),Edital,Divulgada no PNCP,False,2025-07-21T16:07:15.933120707,2025-07-21T16:07:15.933120707,2025-07-17,2025-07-17,2026-07-16,193200.0,,,,,Paulínia,SP,Municipal,Não se aplica,Contrato nº 212/2025,CONTRATAÇÃO DE EMPRESA PARA LOCAÇÃO DE CARDIOVERSOR E VENTILADOR PULMONAR MECÂNICO DE TRANSPORTE E VENTILADOR MECÂNICO PULMONAR,/contratos/45751435000106/2025/198
45751435000106-2-000201/2025,,2025,201,45751435000106,MUNICIPIO DE PAULINIA,MUNICIPIO DE PAULINIA,Pregão - Eletrônico,Contrato (termo inicial),Edital,Divulgada no PNCP,False,2025-07-23T17:14:30.452777934,2025-07-23T17:14:30.452777934,2025-07-22,2025-07-22,2026-07-21,225813.24,,,,,Paulínia,SP,Municipal,Não se aplica,Contrato nº 217/2025,REGISTRO DE PREÇOS PARA CONTRATAÇÃO DE EMPRESA OU CONSÓRCIO DE EMPRESAS PARA AQUISIÇÃO DE MATERIAIS ESPORTIVOS,/contratos/45751435000106/2025/201
45751435000106-2-000221/2025,,2025,221,45751435000106,MUNICIPIO DE PAULINIA,MUNICIPIO DE PAULINIA,Pregão - Eletrônico,Contrato (termo inicial),Edital,Divulgada no PNCP,False,2025-08-12T12:51:32.787681767,2025-08-12T12:51:32.787681767,2025-08-11,2025-08-11,2026-08-11,1655164.3,,,,,Paulínia,SP,Municipal,Não se aplica,Contrato nº 240/2025,CONTRATAÇÃO DE EMPRESA ESPECIALIZADA OU CONSÓRCIO DE EMPRESAS PARA PRESTAÇÃO DE SERVIÇOS DE READEQUAÇÃO E MANUTENÇÃO DOS PASSEIOS PÚBLICOS DO MUNICÍPIO DE PAULÍNIA,/contratos/45751435000106/2025/221
45751435000106-2-000246/2025,,2025,246,45751435000106,MUNICIPIO DE PAULINIA,MUNICIPIO DE PAULINIA,Dispensa,Contrato (termo inicial),Ato que autoriza a Contratação Direta,Divulgada no PNCP,False,2025-09-02T16:15:21.839629282,2025-09-02T16:15:21.839629282,2025-08-29,2025-08-29,2026-08-28,90605.0,,,,,Paulínia,SP,Municipal,Não se aplica,Contrato nº 268/2025,"CUMPRIMENTO DE AÇÃO JUDICIAL PROCESSO SOB Nº 1006908-96.2024.8.26.0428. REQUERENTE ""L.H.M""",/contratos/45751435000106/2025/246
45751435000106-2-000265/2025,,2025,265,45751435000106,MUNICIPIO DE PAULINIA,MUNICIPIO DE PAULINIA,Inexigibilidade,Contrato (termo inicial),Ato que autoriza a Contratação Direta,Divulgada no PNCP,False,2025-09-11T09:15:47.161868718,2025-09-11T09:15:47.161868718,2025-09-10,2025-09-10,2025-11-08,79000.0,,,,,Paulínia,SP,Municipal,Não se aplica,Contrato nº 286/2025,"Contratação de show artístico com o espetáculo MUNDO BITA, em comemoração ao Dia das Crianças, no dia 12/10/2025",/contratos/45751435000106/2025/265
45751435000106-2-000280/2025,,2025,280,45751435000106,MUNICIPIO DE PAULINIA,MUNICIPIO DE PAULINIA,Inexigibilidade,Contrato (termo inicial),Ato que autoriza a Contratação Direta,Divulgada no PNCP,False,2025-09-25T08:18:53.795888948,2025-09-25T08:18:53.795888948,2025-09-23,2025-09-23,2025-11-21,225000.0,,,,,Paulínia,SP,Municipal,Não se aplica,Contrato nº 297/2025,"Contratação de show artístico com a Banda Falamansa em comemoração a Festa Nordestina, para o dia 25/10/2025 (sábado)",/contratos/45751435000106/2025/280
45751435000106-2-000288/2025,,2025,288,45751435000106,MUNICIPIO DE PAULINIA,MUNICIPIO DE PAULINIA,Inexigibilidade,Contrato (termo inicial),Ato que autoriza a Contratação Direta,Divulgada no PNCP,False,2025-09-26T10:02:34.726543135,2025-09-26T10:02:34.726543135,2025-09-25,2025-09-25,2025-11-23,58000.0,,,,,Paulínia,SP,Municipal,Não se aplica,Contrato nº 308/2025,"CONTRATAÇÃO DE PALESTRANTES COM NOTÁVEL SABER PARA MINISTRAR PALESTRA SOBRE SUPERAÇÃO, DETERMINAÇÃO, LEGADO, CONSISTÊNCIA, INSPIRAÇÃO E PIONEIRISMO.",/contratos/45751435000106/2025/288
45751435000106-2-000308/2025,,2025,308,45751435000106,MUNICIPIO DE PAULINIA,MUNICIPIO DE PAULINIA,Pregão - Eletrônico,Contrato (termo inicial),Edital,Divulgada no PNCP,False,2025-10-29T16:12:53.877401693,2025-10-29T16:12:53.877401693,2025-10-24,2025-10-24,2026-10-23,128200.0,,,,,Paulínia,SP,Municipal,Não se aplica,Contrato nº 330/2025,REGISTRO DE PREÇO PARA CONTRATAÇÃO DE EMPRESA PARA LOCAÇÃO DE ESTRUTURA NECESSÁRIA PARA MONTAGEM E REALIZAÇÃO DE EVENTOS,/contratos/45751435000106/2025/308
45751435000106-2-000309/2025,,2025,309,45751435000106,MUNICIPIO DE PAULINIA,MUNICIPIO DE PAULINIA,Pregão - Eletrônico,Contrato (termo inicial),Edital,Divulgada no PNCP,False,2025-10-29T16:13:06.134331083,2025-10-29T16:13:06.134331083,2025-10-24,2025-10-24,2026-10-23,62850.0,,,,,Paulínia,SP,Municipal,Não se aplica,Contrato nº 331/2025,REGISTRO DE PREÇO PARA CONTRATAÇÃO DE EMPRESA PARA LOCAÇÃO DE ESTRUTURA NECESSÁRIA PARA MONTAGEM E REALIZAÇÃO DE EVENTOS,/contratos/45751435000106/2025/309
45751435000106-2-000310/2025,,2025,310,45751435000106,MUNICIPIO DE PAULINIA,MUNICIPIO DE PAULINIA,Pregão - Eletrônico,Contrato (termo inicial),Edital,Divulgada no PNCP,False,2025-10-29T16:13:11.210046168,2025-10-29T16:13:11.210046168,2025-10-24,2025-10-24,2026-10-23,550900.0,,,,,Paulínia,SP,Municipal,Não se aplica,Contrato nº 332/2025,REGISTRO DE PREÇO PARA CONTRATAÇÃO DE EMPRESA PARA LOCAÇÃO DE ESTRUTURA NECESSÁRIA PARA MONTAGEM E REALIZAÇÃO DE EVENTOS,/contratos/45751435000106/2025/310
45751435000106-2-000314/2025,,2025,314,45751435000106,MUNICIPIO DE PAULINIA,MUNICIPIO DE PAULINIA,Dispensa,Contrato (termo inicial),Ato que autoriza a Contratação Direta,Divulgada no PNCP,False,2025-10-31T10:02:49.699902319,2025-10-31T10:02:49.699902319,2025-10-24,2025-10-24,2026-04-21,51000.0,,,,,Paulínia,SP,Municipal,Não se aplica,Contrato nº 333/2025,Contratação emergencial de vaga em serviço de acolhimento institucional na modalidade residencia inclusiva para jovens e ou adultos com deficiencia.,/contratos/45751435000106/2025/314
45751435000106-2-000315/2025,,2025,315,45751435000106,MUNICIPIO DE PAULINIA,MUNICIPIO DE PAULINIA,Pregão - Eletrônico,Contrato (termo inicial),Edital,Divulgada no PNCP,False,2025-10-31T10:14:20.725610186,2025-10-31T10:14:20.725610186,2025-10-24,2025-10-24,2026-10-23,195775.0,,,,,Paulínia,SP,Municipal,Não se aplica,Contrato nº 334/2025,REGISTRO DE PREÇO PARA CONTRATAÇÃO DE EMPRESA PARA LOCAÇÃO DE ESTRUTURA NECESSÁRIA PARA MONTAGEM E REALIZAÇÃO DE EVENTOS,/contratos/45751435000106/2025/315
45751435000106-2-000316/2025,,2025,316,45751435000106,MUNICIPIO DE PAULINIA,MUNICIPIO DE PAULINIA,Pregão - Eletrônico,Contrato (termo inicial),Edital,Divulgada no PNCP,False,2025-10-31T10:16:16.090020277,2025-10-31T10:16:16.090020277,2025-10-24,2025-10-24,2026-10-23,852450.0,,,,,Paulínia,SP,Municipal,Não se aplica,Contrato nº 336/2025,REGISTRO DE PREÇO PARA CONTRATAÇÃO DE EMPRESA PARA LOCAÇÃO DE ESTRUTURA NECESSÁRIA PARA MONTAGEM E REALIZAÇÃO DE EVENTOS,/contratos/45751435000106/2025/316
45751435000106-2-000319/2025,,2025,319,45751435000106,MUNICIPIO DE PAULINIA,MUNICIPIO DE PAULINIA,Pregão - Eletrônico,Contrato (termo inicial),Edital,Divulgada no PNCP,False,2025-11-03T11:08:24.081493302,2025-11-03T11:08:24.081493302,2025-10-30,2025-10-30,2026-01-27,79120.0,,,,,Paulínia,SP,Municipal,Não se aplica,Contrato nº 340/2025,CONTRATAÇÃO DE EMPRESA PARA AQUISIÇÃO DE CONJUNTO LEGO E NOTEBOOK PARA ATENDIMENTO AOS ALUNOS DA REDE MUNICIPAL DE PAULÍNIA,/contratos/45751435000106/2025/319
45751435000106-2-000322/2025,,2025,322,45751435000106,MUNICIPIO DE PAULINIA,MUNICIPIO DE PAULINIA,Pregão - Eletrônico,Contrato (termo inicial),Edital,Divulgada no PNCP,False,2025-11-03T17:33:28.243106226,2025-11-03T17:33:28.243106226,2025-10-24,2025-10-24,2026-10-23,435310.0,,,,,Paulínia,SP,Municipal,Não se aplica,Contrato nº 335/2025,REGISTRO DE PREÇO PARA CONTRATAÇÃO DE EMPRESA PARA LOCAÇÃO DE ESTRUTURA NECESSÁRIA PARA MONTAGEM E REALIZAÇÃO DE EVENTOS,/contratos/45751435000106/2025/322
45751435000106-2-000333/2025,,2025,333,45751435000106,MUNICIPIO DE PAULINIA,MUNICIPIO DE PAULINIA,Pregão - Eletrônico,Contrato (termo inicial),Edital,Divulgada no PNCP,False,2025-11-11T09:37:44.610984847,2025-11-11T09:37:44.610984847,2025-11-07,2025-11-07,2026-11-06,12420.0,,,,,Paulínia,SP,Municipal,Não se aplica,Contrato nº 356/2025,"AQUISIÇÃO DE MATERIAIS PARA CIRURGIA ORTOPÉDICA E OUTROS PROCEDIMENTOS, EM SISTEMA DE CONSIGNAÇÃO, PADRONIZADOS PELA TABELA SUS",/contratos/45751435000106/2025/333
45751435000106-2-000334/2025,,2025,334,45751435000106,MUNICIPIO DE PAULINIA,MUNICIPIO DE PAULINIA,Pregão - Eletrônico,Contrato (termo inicial),Edital,Divulgada no PNCP,False,2025-11-11T10:33:35.060782632,2025-11-11T10:33:35.060782632,2025-11-11,2025-11-11,2026-11-10,18000.0,,,,,Paulínia,SP,Municipal,Não se aplica,Contrato nº 357/2025,REGISTRO DE PREÇO PARA CONTRATAÇÃO DE EMPRESA PARA LOCAÇÃO DE ESTRUTURA NECESSÁRIA PARA MONTAGEM E REALIZAÇÃO DE EVENTOS,/contratos/45751435000106/2025/334
45751435000106-2-000342/2025,,2025,342,45751435000106,MUNICIPIO DE PAULINIA,MUNICIPIO DE PAULINIA,Dispensa,Contrato (termo inicial),Ato que autoriza a Contratação Direta,Divulgada no PNCP,False,2025-11-17T09:23:37.343262711,2025-11-17T09:23:37.343262711,2025-11-13,2025-11-13,2026-11-12,51810.0,,,,,Paulínia,SP,Municipal,Não se aplica,Contrato nº 362/2025,"CUMPRIMENTO DE DECISÃO JUDICIAL TENDO EM VISTA CONTINUIDADE DO TRATAMENTO DE TERAPIAS PROCESSO 002418-19.2022.8.26.028/01. REQUERENTE ""B.T.N.""",/contratos/45751435000106/2025/342
45751435000106-2-000343/2025,,2025,343,45751435000106,MUNICIPIO DE PAULINIA,MUNICIPIO DE PAULINIA,Dispensa,Contrato (termo inicial),Ato que autoriza a Contratação Direta,Divulgada no PNCP,False,2025-11-17T09:23:42.984687553,2025-11-17T09:23:42.984687553,2025-11-13,2025-11-13,2026-11-12,25792.0,,,,,Paulínia,SP,Municipal,Não se aplica,Contrato nº 363/2025,"CUMPRIMENTO DE DECISÃO JUDICIAL TENDO EM VISTA CONTINUIDADE DO TRATAMENTO DE TERAPIAS PROCESSO 002418-19.2022.8.26.028/01. REQUERENTE ""B.T.N.""",/contratos/45751435000106/2025/343
45751435000106-2-000348/2025,,2025,348,45751435000106,MUNICIPIO DE PAULINIA,MUNICIPIO DE PAULINIA,Inexigibilidade,Contrato (termo inicial),Ato que autoriza a Contratação Direta,Divulgada no PNCP,False,2025-11-17T16:26:43.637778823,2025-11-17T16:26:43.637778823,2025-11-04,2025-11-04,2026-02-01,3194.0,,,,,Paulínia,SP,Municipal,Não se aplica,Contrato nº 355/2025,"Curso sobre o tema Substituição da DIRF: Adequações Fiscais e Trabalhistas, a ser ministrado pela Empresa ELOTECH",/contratos/45751435000106/2025/348
45751435000106-2-000349/2025,,2025,349,45751435000106,MUNICIPIO DE PAULINIA,MUNICIPIO DE PAULINIA,Pregão - Eletrônico,Contrato (termo inicial),Edital,Divulgada no PNCP,False,2025-11-18T10:01:36.352114885,2025-11-18T10:01:36.352114885,2025-11-17,2025-11-17,2026-11-16,97200.0,,,,,Paulínia,SP,Municipal,Não se aplica,Contrato nº 371/2025,REGISTRO DE PREÇO PARA CONTRATAÇÃO DE EMPRESA PARA LOCAÇÃO DE ESTRUTURA NECESSÁRIA PARA MONTAGEM E REALIZAÇÃO DE EVENTOS,/contratos/45751435000106/2025/349
45751435000106-2-000351/2025,,2025,351,45751435000106,MUNICIPIO DE PAULINIA,MUNICIPIO DE PAULINIA,Pregão - Eletrônico,Contrato (termo inicial),Edital,Divulgada no PNCP,False,2025-11-18T14:15:04.513328223,2025-11-18T14:15:04.513328223,2025-11-17,2025-11-17,2026-11-16,85200.0,,,,,Paulínia,SP,Municipal,Não se aplica,Contrato nº 373/2025,REGISTRO DE PREÇO PARA CONTRATAÇÃO DE EMPRESA PARA LOCAÇÃO DE ESTRUTURA NECESSÁRIA PARA MONTAGEM E REALIZAÇÃO DE EVENTOS,/contratos/45751435000106/2025/351
45751435000106-2-000352/2025,,2025,352,45751435000106,MUNICIPIO DE PAULINIA,MUNICIPIO DE PAULINIA,Pregão - Eletrônico,Contrato (termo inicial),Edital,Divulgada no PNCP,False,2025-11-18T14:15:13.729465467,2025-11-18T14:15:13.729465467,2025-11-17,2025-11-17,2026-11-16,165475.0,,,,,Paulínia,SP,Municipal,Não se aplica,Contrato nº 374/2025,REGISTRO DE PREÇO PARA CONTRATAÇÃO DE EMPRESA PARA LOCAÇÃO DE ESTRUTURA NECESSÁRIA PARA MONTAGEM E REALIZAÇÃO DE EVENTOS,/contratos/45751435000106/2025/352
45751435000106-2-000355/2025,,2025,355,45751435000106,MUNICIPIO DE PAULINIA,MUNICIPIO DE PAULINIA,Pregão - Eletrônico,Contrato (termo inicial),Edital,Divulgada no PNCP,False,2025-11-19T10:32:07.134563465,2025-11-19T10:32:07.134563465,2025-11-18,2025-11-18,2026-11-17,115095.0,,,,,Paulínia,SP,Municipal,Não se aplica,Contrato nº 377/2025,REGISTRO DE PREÇO PARA CONTRATAÇÃO DE EMPRESA PARA LOCAÇÃO DE ESTRUTURA NECESSÁRIA PARA MONTAGEM E REALIZAÇÃO DE EVENTOS,/contratos/45751435000106/2025/355
45751435000106-2-000361/2025,,2025,361,45751435000106,MUNICIPIO DE PAULINIA,MUNICIPIO DE PAULINIA,Pregão - Eletrônico,Contrato (termo inicial),Edital,Divulgada no PNCP,False,2025-11-26T16:46:54.714779651,2025-11-26T16:46:54.714779651,2025-11-26,2025-11-26,2026-11-25,83000.0,,,,,Paulínia,SP,Municipal,Não se aplica,Contrato nº 383/2025,"AQUISIÇÃO DE LAVADORAS TERMODESINFECTORAS, ESTERILIZADORAS A VAPOR AUTOCLAVE E GABINETE DE SECAGEM PARA PRODUTOS PARA SAÚDE",/contratos/45751435000106/2025/361
45751435000106-2-000364/2025,,2025,364,45751435000106,MUNICIPIO DE PAULINIA,MUNICIPIO DE PAULINIA,Dispensa,Contrato (termo inicial),Ato que autoriza a Contratação Direta,Divulgada no PNCP,False,2025-12-01T18:18:43.779514916,2025-12-01T18:18:43.779514916,2025-11-28,2025-11-28,2026-11-27,932073.0,,,,,Paulínia,SP,Municipal,Não se aplica,Contrato nº 384/2025,AQUISIÇÃO DE UNIFORMES PARA OS SERVIDORES DA GUARDA CIVIL MUNICIPAL E GUARDA PATRIMONIAL DE PAULÍNIA,/contratos/45751435000106/2025/364
45751435000106-2-000378/2025,,2025,378,45751435000106,MUNICIPIO DE PAULINIA,MUNICIPIO DE PAULINIA,Pregão - Eletrônico,Contrato (termo inicial),Edital,Divulgada no PNCP,False,2025-12-05T09:55:14.972073878,2025-12-05T09:55:14.972073878,2025-12-04,2025-12-04,2026-12-03,9000.0,,,,,Paulínia,SP,Municipal,Não se aplica,Contrato nº 397/2025,REGISTRO DE PREÇO PARA CONTRATAÇÃO DE EMPRESA PARA LOCAÇÃO DE ESTRUTURA NECESSÁRIA PARA MONTAGEM E REALIZAÇÃO DE EVENTOS,/contratos/45751435000106/2025/378
45751435000106-2-000379/2025,,2025,379,45751435000106,MUNICIPIO DE PAULINIA,MUNICIPIO DE PAULINIA,Pregão - Eletrônico,Contrato (termo inicial),Edital,Divulgada no PNCP,False,2025-12-05T09:55:19.703308502,2025-12-05T09:55:19.703308502,2025-12-04,2025-12-04,2026-12-03,112800.0,,,,,Paulínia,SP,Municipal,Não se aplica,Contrato nº 394/2025,REGISTRO DE PREÇO PARA CONTRATAÇÃO DE EMPRESA PARA LOCAÇÃO DE ESTRUTURA NECESSÁRIA PARA MONTAGEM E REALIZAÇÃO DE EVENTOS,/contratos/45751435000106/2025/379
45751435000106-2-000380/2025,,2025,380,45751435000106,MUNICIPIO DE PAULINIA,MUNICIPIO DE PAULINIA,Pregão - Eletrônico,Contrato (termo inicial),Edital,Divulgada no PNCP,False,2025-12-05T09:55:24.781350749,2025-12-05T09:55:24.781350749,2025-12-04,2025-12-04,2026-12-03,124720.0,,,,,Paulínia,SP,Municipal,Não se aplica,Contrato nº 393/2025,REGISTRO DE PREÇO PARA CONTRATAÇÃO DE EMPRESA PARA LOCAÇÃO DE ESTRUTURA NECESSÁRIA PARA MONTAGEM E REALIZAÇÃO DE EVENTOS,/contratos/45751435000106/2025/380
45751435000106-2-000381/2025,,2025,381,45751435000106,MUNICIPIO DE PAULINIA,MUNICIPIO DE PAULINIA,Pregão - Eletrônico,Contrato (termo inicial),Edital,Divulgada no PNCP,False,2025-12-05T09:55:31.039563562,2025-12-05T09:55:31.039563562,2025-12-04,2025-12-04,2026-12-03,200840.0,,,,,Paulínia,SP,Municipal,Não se aplica,Contrato nº 392/2025,REGISTRO DE PREÇO PARA CONTRATAÇÃO DE EMPRESA PARA LOCAÇÃO DE ESTRUTURA NECESSÁRIA PARA MONTAGEM E REALIZAÇÃO DE EVENTOS,/contratos/45751435000106/2025/381
45751435000106-2-000382/2025,,2025,382,45751435000106,MUNICIPIO DE PAULINIA,MUNICIPIO DE PAULINIA,Pregão - Eletrônico,Contrato (termo inicial),Edital,Divulgada no PNCP,False,2025-12-05T09:55:35.892023926,2025-12-05T09:55:35.892023926,2025-12-04,2025-12-04,2026-12-03,614130.0,,,,,Paulínia,SP,Municipal,Não se aplica,Contrato nº 391/2025,REGISTRO DE PREÇO PARA CONTRATAÇÃO DE EMPRESA PARA LOCAÇÃO DE ESTRUTURA NECESSÁRIA PARA MONTAGEM E REALIZAÇÃO DE EVENTOS,/contratos/45751435000106/2025/382
45751435000106-2-000383/2025,,2025,383,45751435000106,MUNICIPIO DE PAULINIA,MUNICIPIO DE PAULINIA,Pregão - Eletrônico,Contrato (termo inicial),Edital,Divulgada no PNCP,False,2025-12-05T09:55:41.166471753,2025-12-05T09:55:41.166471753,2025-12-03,2025-12-03,2026-12-02,251425.0,,,,,Paulínia,SP,Municipal,Não se aplica,Contrato nº 390/2025,REGISTRO DE PREÇO PARA CONTRATAÇÃO DE EMPRESA PARA LOCAÇÃO DE ESTRUTURA NECESSÁRIA PARA MONTAGEM E REALIZAÇÃO DE EVENTOS,/contratos/45751435000106/2025/383
45751435000106-2-000387/2025,,2025,387,45751435000106,MUNICIPIO DE PAULINIA,MUNICIPIO DE PAULINIA,Pregão - Eletrônico,Contrato (termo inicial),Edital,Divulgada no PNCP,False,2025-12-09T15:16:32.605466161,2025-12-09T15:16:32.605466161,2025-12-05,2025-12-05,2026-12-04,863859.11,,,,,Paulínia,SP,Municipal,Não se aplica,Contrato nº 421/2025,REGISTRO DE PREÇOS PARA CONTRATAÇÃO DE EMPRESA ESPECIALIZADA OU CONSÓRCIO DE EMPRESAS PARA FORNECIMENTO DE MEDICAMENTOS MANIPULADOS PARA TERAPIAS ANTINEOPLÁSICAS,/contratos/45751435000106/2025/387
45751435000106-2-000406/2025,,2025,406,45751435000106,MUNICIPIO DE PAULINIA,MUNICIPIO DE PAULINIA,Dispensa,Contrato (termo inicial),Ato que autoriza a Contratação Direta,Divulgada no PNCP,False,2025-12-12T14:15:09.810239039,2025-12-12T14:15:09.810239039,2025-12-12,2025-12-12,2026-12-11,111939.78,,,,,Paulínia,SP,Municipal,Não se aplica,Contrato nº 430/2025,"CONTRATAÇÃO DO SERVIÇO NACIONAL DE APRENDIZAGEM COMERCIAL – SENAC, PARA EXECUÇÃO DO PROGRAMA MUNICIPAL DE CAPACITAÇÃO PROFISSIONAL.",/contratos/45751435000106/2025/406
45751435000106-2-000412/2025,,2025,412,45751435000106,MUNICIPIO DE PAULINIA,MUNICIPIO DE PAULINIA,Pregão - Eletrônico,Contrato (termo inicial),Edital,Divulgada no PNCP,False,2025-12-16T11:29:05.682878476,2025-12-16T11:29:05.682878476,2025-12-16,2025-12-16,2025-12-16,0.0,,,,,Paulínia,SP,Municipal,Não se aplica,Contrato nº 432/2025,"AQUISIÇÃO DE BRINQUEDOS PEDAGÓGICOS, VINCULADO À ATA DE REGISTRO DE PREÇOS SOB Nº 112/2025",/contratos/45751435000106/2025/412
45751435000106-2-000416/2025,,2025,416,45751435000106,MUNICIPIO DE PAULINIA,MUNICIPIO DE PAULINIA,Inexigibilidade,Contrato (termo inicial),Ato que autoriza a Contratação Direta,Divulgada no PNCP,False,2025-12-16T17:55:07.198761301,2025-12-16T17:55:07.198761301,2025-12-16,2025-12-16,2026-01-14,20000.0,,,,,Paulínia,SP,Municipal,Não se aplica,Contrato nº 436/2025,"Contratação da palestra presencial Eu parei de andar e aprendi a voar, ministrada por Andrea Schwarz.",/contratos/45751435000106/2025/416
45751435000106-2-000134/2025,,2025,134,45751435000106,MUNICIPIO DE PAULINIA,MUNICIPIO DE PAULINIA,Concorrência - Eletrônica,Contrato (termo inicial),Edital,Divulgada no PNCP,False,2025-06-09T14:22:30.667879,2026-05-19T15:08:56.953151328,2025-06-05,2025-06-05,2027-03-04,4919924.1,,,,,Paulínia,SP,Municipal,Não se aplica,Contrato nº 149/2025,CONTRATAÇÃO DE EMPRESA/CONSÓRCIO DE EMPRESAS PARA CONSTRUÇÃO DE UNIDADE BÁSICA DE SAÚDE (UBS) NO BAIRRO BOM RETIRO,/contratos/45751435000106/2025/134
45751435000106-2-000004/2025,,2025,4,45751435000106,MUNICIPIO DE PAULINIA,MUNICIPIO DE PAULINIA,Inexigibilidade,Contrato (termo inicial),Ato que autoriza a Contratação Direta,Divulgada no PNCP,False,2025-02-05T14:41:25.673391,2025-02-05T14:41:25.673391,2025-02-05,2025-02-05,2026-02-04,38400.0,,False,,,Paulínia,SP,Municipal,Não se aplica,Contrato nº 009/2025,CAPACITAÇÃO DE PROFISSIONAIS DA SAÚDE PARA PARTICIPAÇÃO DO CURSO ALSO - SUPORTE AVANÇADO DE VIDA EM OBSTETRÍCIA. FORNECIMENTO DE ACESSO AO MANUAL ALSO ONLINE,/contratos/45751435000106/2025/4
45751435000106-2-000008/2025,,2025,8,45751435000106,MUNICIPIO DE PAULINIA,MUNICIPIO DE PAULINIA,Pregão - Eletrônico,Contrato (termo inicial),Edital,Divulgada no PNCP,False,2025-02-10T12:20:47.529898,2025-02-10T12:20:47.529898,2025-02-10,2025-02-10,2026-02-09,295432.4,,False,,,Paulínia,SP,Municipal,Não se aplica,Contrato nº 013/2025,AQUISIÇÃO DE MATERIAIS PARA CIRURGIAS ORTOPÉDICAS – PRÓTESES ACOMPANHADAS DE INSTRUMENTAIS/EQUIPAMENTOS CIRÚRGICOS EM SISTEMA DE COMODATO,/contratos/45751435000106/2025/8
45751435000106-2-000009/2025,,2025,9,45751435000106,MUNICIPIO DE PAULINIA,MUNICIPIO DE PAULINIA,Pregão - Eletrônico,Contrato (termo inicial),Edital,Divulgada no PNCP,False,2025-02-10T14:49:20.428167,2025-02-10T14:49:20.428167,2025-02-10,2025-02-10,2026-02-09,125000.0,,False,,,Paulínia,SP,Municipal,Não se aplica,Contrato nº 014/2025,"SERVIÇOS ESPECIALIZADOS EM ARBITRAGEM PARA PLANEJAR, ARBITRAR, SUPERVISIONAR E EXECUTAR CAMPEONATOS E FESTIVAIS DESPORTIVOS NAS MODALIDADES FUTSAL E FUTEBOL",/contratos/45751435000106/2025/9
45751435000106-2-000012/2025,,2025,12,45751435000106,MUNICIPIO DE PAULINIA,MUNICIPIO DE PAULINIA,Pregão - Eletrônico,Contrato (termo inicial),Edital,Divulgada no PNCP,False,2025-02-11T11:42:55.316680,2025-02-11T11:42:55.316680,2025-02-11,2025-02-11,2026-02-10,1800.0,,False,,,Paulínia,SP,Municipal,Não se aplica,Contrato nº 017/2025,AQUISIÇÃO DE MATERIAIS PARA A PRODUÇÃO DE PRANCHAS DE COMUNICAÇÃO ALTERNATIVA/AUMENTATIVA NAS SALAS DE RECURSOS MULTIFUNCIONAIS E MATERIAIS PARA A SALA DE RECURSOS DE ALTAS HABILIDADES/SUPERDOTAÇÃO,/contratos/45751435000106/2025/12
45751435000106-2-000017/2025,,2025,17,45751435000106,MUNICIPIO DE PAULINIA,MUNICIPIO DE PAULINIA,Pregão - Eletrônico,Contrato (termo inicial),Edital,Divulgada no PNCP,False,2025-02-18T11:11:58.106599,2025-02-18T11:11:58.106599,2025-02-18,2025-02-18,2026-02-17,2540.47,,False,,,Paulínia,SP,Municipal,Não se aplica,Contrato nº 025/2025,AQUISIÇÃO DE MATERIAIS E EQUIPAMENTOS EDUCATIVOS PARA A IMPLANTAÇÃO DE SALA DE ESTIMULAÇÃO SENSORIAL JUNTO AOS ALUNOS COM DEFICIÊNCIA E TRANSTORNO DO ESPECTRO AUTISTA,/contratos/45751435000106/2025/17
45751435000106-2-000038/2025,,2025,38,45751435000106,MUNICIPIO DE PAULINIA,MUNICIPIO DE PAULINIA,Pregão - Eletrônico,Contrato (termo inicial),Edital,Divulgada no PNCP,False,2025-03-13T09:51:18.425468763,2025-03-13T09:51:18.425468763,2025-02-26,2025-02-26,2026-02-25,254000.0,,False,,,Paulínia,SP,Municipal,Não se aplica,Contrato nº 048/2025,"LOCAÇÃO DE GALPÕES, PISOS, COBERTURAS ESPECIAIS, ESTRUTURAS DE BOX TRUS E DEMAIS ITENS PARA REALIZAÇÃO DE EVENTOS NO MUNICIPIO DE PAULÍNIA",/contratos/45751435000106/2025/38
45751435000106-2-000041/2025,,2025,41,45751435000106,MUNICIPIO DE PAULINIA,MUNICIPIO DE PAULINIA,Pregão - Eletrônico,Contrato (termo inicial),Edital,Divulgada no PNCP,False,2025-03-13T16:25:44.607365635,2025-03-13T16:25:44.607365635,2025-03-13,2025-03-13,2026-03-12,30000.0,,False,,,Paulínia,SP,Municipal,Não se aplica,Contrato nº 054/2025,"CONTRATAÇÃO DE EMPRESA ESPECIALIZADA PARA PRESTAÇÃO DE SERVIÇOS PARA CAPACITAÇÃO/FORMAÇÃO CONTINUADA, DA EQUIPE DE CRAS – CENTRO DE REFERÊNCIA DA ASSISTÊNCIA SOCIAL",/contratos/45751435000106/2025/41
45751435000106-2-000045/2025,,2025,45,45751435000106,MUNICIPIO DE PAULINIA,MUNICIPIO DE PAULINIA,Pregão - Eletrônico,Contrato (termo inicial),Edital,Divulgada no PNCP,False,2025-03-25T09:54:54.800380156,2025-03-25T09:54:54.800380156,2025-03-25,2025-03-25,2026-03-24,346800.0,,False,,,Paulínia,SP,Municipal,Não se aplica,Contrato nº 058/2025,"AQUISIÇÃO DE PRÓTESES DENTÁRIAS TOTAIS E PRÓTESES DENTÁRIAS PARCIAIS REMOVÍVEIS, INCLUINDO MATERIAL E SERVIÇO PROTÉTICO LABORATORIAL DAS ETAPAS INTERMEDIÁRIAS",/contratos/45751435000106/2025/45
45751435000106-2-000055/2025,,2025,55,45751435000106,MUNICIPIO DE PAULINIA,MUNICIPIO DE PAULINIA,Pregão - Eletrônico,Contrato (termo inicial),Edital,Divulgada no PNCP,False,2025-03-28T12:35:25.956739414,2025-03-28T12:35:25.956739414,2025-03-28,2025-03-28,2026-03-27,3641016.5,,False,,,Paulínia,SP,Municipal,Não se aplica,Contrato nº 070/2025,REGISTRO DE PREÇOS PARA AQUISIÇÃO DE KITS DE MATERIAIS ESCOLARES PARA ALUNOS DA REDE MUNICIPAL DE ENSINO DE PAULÍNIA E PROEB,/contratos/45751435000106/2025/55
45751435000106-2-000083/2025,,2025,83,45751435000106,MUNICIPIO DE PAULINIA,MUNICIPIO DE PAULINIA,Inexigibilidade,Contrato (termo inicial),Ato que autoriza a Contratação Direta,Divulgada no PNCP,False,2025-04-23T09:36:57.407636362,2025-04-23T09:36:57.407636362,2025-04-14,2025-04-14,2026-04-13,14950.0,,False,,,Paulínia,SP,Municipal,Não se aplica,Contrato nº 98/2025,Contratação de empresa especializada no fornecimento de assinatura de ferramenta de pesquisa e comparação de preços praticados pela Administração Pública.,/contratos/45751435000106/2025/83
45751435000106-2-000124/2025,,2025,124,45751435000106,MUNICIPIO DE PAULINIA,MUNICIPIO DE PAULINIA,Pregão - Eletrônico,Contrato (termo inicial),Edital,Divulgada no PNCP,False,2025-06-02T15:12:41.925032010,2025-06-02T15:12:41.925032010,2025-05-29,2025-05-29,2026-05-28,1130.0,,False,,,Paulínia,SP,Municipal,Não se aplica,Contrato nº 141/2025,"AQUISIÇÃO DE MATERIAIS PARA PRÁTICA DE AURICULOTERAPIA, ACUPUNTURA SISTÊMICA E MTC DA REDE DE ATENÇÃO PSICOSSOCIAL E AMBULATÓRIO DA DOR",/contratos/45751435000106/2025/124
45751435000106-2-000125/2025,,2025,125,45751435000106,MUNICIPIO DE PAULINIA,MUNICIPIO DE PAULINIA,Pregão - Eletrônico,Contrato (termo inicial),Edital,Divulgada no PNCP,False,2025-06-02T15:12:51.132677688,2025-06-02T15:12:51.132677688,2025-05-29,2025-05-29,2026-05-28,13221.3,,False,,,Paulínia,SP,Municipal,Não se aplica,Contrato nº 142/2025,"AQUISIÇÃO DE MATERIAIS PARA PRÁTICA DE AURICULOTERAPIA, ACUPUNTURA SISTÊMICA E MTC DA REDE DE ATENÇÃO PSICOSSOCIAL E AMBULATÓRIO DA DOR",/contratos/45751435000106/2025/125
45751435000106-2-000155/2025,,2025,155,45751435000106,MUNICIPIO DE PAULINIA,MUNICIPIO DE PAULINIA,Dispensa,Contrato (termo inicial),Ato que autoriza a Contratação Direta,Divulgada no PNCP,False,2025-06-13T12:33:09.487048208,2025-06-13T12:33:09.487048208,2025-06-11,2025-06-11,2026-06-10,92503212.48,,False,,,Paulínia,SP,Municipal,Não se aplica,Contrato nº 171/2025,"SERVIÇOS ESSENCIAIS DE LIMPEZA URBANA, ABRANGENDO A COLETA E DESTINAÇÃO DE RESÍDUOS, MANUTENÇÃO DE ÁREAS VERDES E CONSERVAÇÃO DE CEMITÉRIOS NO MUNICÍPIO DE PAULÍNIA.",/contratos/45751435000106/2025/155
45751435000106-2-000160/2025,,2025,160,45751435000106,MUNICIPIO DE PAULINIA,MUNICIPIO DE PAULINIA,Pregão - Eletrônico,Contrato (termo inicial),Edital,Divulgada no PNCP,False,2025-06-17T12:05:17.064237983,2025-06-17T12:05:17.064237983,2025-06-12,2025-06-12,2026-06-11,2449996.1,,,,,Paulínia,SP,Municipal,Não se aplica,Contrato nº 175/2025,CONTRATAÇÃO DE EMPRESA PARA PRESTAÇÃO DE SERVIÇOS DE EXAMES DE ULTRASSONOGRAFIA PARA APOIO DIAGNÓSTICO A PACIENTES ATENDIDOS NA REDE AMBULATORIAL,/contratos/45751435000106/2025/160
45751435000106-2-000167/2025,,2025,167,45751435000106,MUNICIPIO DE PAULINIA,MUNICIPIO DE PAULINIA,Dispensa,Contrato (termo inicial),Ato que autoriza a Contratação Direta,Divulgada no PNCP,False,2025-06-30T11:43:30.158111082,2025-06-30T11:43:30.158111082,2025-06-26,2025-06-26,2025-12-25,74000.0,,,,,Paulínia,SP,Municipal,Não se aplica,Contrato nº 183/2025,"CUMPRIMENTO DE DECISÃO JUDICIAL PROCESSO Nº 1002592-06.2025.8.26.0428. REQUERENTE ""A.C.J.""",/contratos/45751435000106/2025/167
45751435000106-2-000172/2025,,2025,172,45751435000106,MUNICIPIO DE PAULINIA,MUNICIPIO DE PAULINIA,Inexigibilidade,Contrato (termo inicial),Ato que autoriza a Contratação Direta,Divulgada no PNCP,False,2025-07-03T11:14:38.110458153,2025-07-03T11:14:38.110458153,2025-06-30,2025-06-30,2026-06-29,45000.0,,,,,Paulínia,SP,Municipal,Não se aplica,Contrato nº 188/2025,CONTRATAÇÃO DE SERVIÇO DE CONSULTORIA PARA REALIZAÇÃO DE PLANEJAMENTO ESTRATÉGICO DA SECRETARIA MUNICIPAL DE SAÚDE 2025/2029,/contratos/45751435000106/2025/172
45751435000106-2-000181/2025,,2025,181,45751435000106,MUNICIPIO DE PAULINIA,MUNICIPIO DE PAULINIA,Pregão - Eletrônico,Contrato (termo inicial),Edital,Divulgada no PNCP,False,2025-07-14T16:08:37.125908938,2025-07-14T16:08:37.125908938,2025-07-04,2025-07-04,2026-07-03,89458.25,,,,,Paulínia,SP,Municipal,Não se aplica,Contrato nº 196/2025,REGISTRO DE PREÇOS PARA CONTRATAÇÃO DE EMPRESA/CONSÓRCIO DE EMPRESAS PARA FORNECIMENTO DE AGREGADOS GRAÚDOS E MIÚDOS,/contratos/45751435000106/2025/181
45751435000106-2-000189/2025,,2025,189,45751435000106,MUNICIPIO DE PAULINIA,MUNICIPIO DE PAULINIA,Pregão - Eletrônico,Contrato (termo inicial),Edital,Divulgada no PNCP,False,2025-07-17T09:18:09.382437717,2025-07-17T09:18:09.382437717,2025-07-15,2025-07-15,2026-07-14,83542.75,,,,,Paulínia,SP,Municipal,Não se aplica,Contrato nº 204/2025,REGISTRO DE PREÇOS PARA CONTRATAÇÃO DE EMPRESA/CONSÓRCIO DE EMPRESAS PARA FORNECIMENTO DE AGREGADOS GRAÚDOS E MIÚDOS,/contratos/45751435000106/2025/189
45751435000106-2-000196/2025,,2025,196,45751435000106,MUNICIPIO DE PAULINIA,MUNICIPIO DE PAULINIA,Inexigibilidade,Contrato (termo inicial),Ato que autoriza a Contratação Direta,Divulgada no PNCP,False,2025-07-17T16:42:19.978030253,2025-07-17T16:42:19.978030253,2025-07-14,2025-07-14,2026-07-14,2646000.0,,,,,Paulínia,SP,Municipal,Não se aplica,Contrato nº 9912707843/2025,Contratação dos serviços postais junto à Empresa Brasileira de Correios e Telégrafos (ECT) pela Secretaria Municipal de Segurança Pública,/contratos/45751435000106/2025/196
45751435000106-2-000209/2025,,2025,209,45751435000106,MUNICIPIO DE PAULINIA,MUNICIPIO DE PAULINIA,Pregão - Eletrônico,Contrato (termo inicial),Edital,Divulgada no PNCP,False,2025-07-30T17:10:35.152800066,2025-07-30T17:10:35.152800066,2025-07-28,2025-07-28,2026-07-28,113450.0,,,,,Paulínia,SP,Municipal,Não se aplica,Contrato nº 225/2025,"SERVIÇOS ESPECIALIZADOS EM ARBITRAGEM PARA PLANEJAR, ARBITRAR, SUPERVISIONAR E EXECUTAR CAMPEONATOS E FESTIVAIS DESPORTIVOS NAS MODALIDADES FUTSAL E FUTEBOL",/contratos/45751435000106/2025/209
45751435000106-2-000214/2025,,2025,214,45751435000106,MUNICIPIO DE PAULINIA,MUNICIPIO DE PAULINIA,Inexigibilidade,Contrato (termo inicial),Ato que autoriza a Contratação Direta,Divulgada no PNCP,False,2025-08-06T09:31:33.671414503,2025-08-06T09:31:33.671414503,2025-08-05,2025-08-05,2026-08-04,25000.0,,,,,Paulínia,SP,Municipal,Não se aplica,Contrato nº 232/2025,CONTRATAÇÃO DE PALESTRANTE PARA PROFERIR PALESTRA CUJO TEMA É ENCONTRE SUA VOZ A SER MINISTRADA NA ABERTURA DA CAMPANHA AGOSTO LILÁS,/contratos/45751435000106/2025/214
45751435000106-2-000235/2025,,2025,235,45751435000106,MUNICIPIO DE PAULINIA,MUNICIPIO DE PAULINIA,Dispensa,Contrato (termo inicial),Aviso de Contratação Direta,Divulgada no PNCP,False,2025-08-20T17:11:16.471654238,2025-08-20T17:11:16.471654238,2025-08-18,2025-08-18,2026-08-17,1350.0,,,,,Paulínia,SP,Municipal,Não se aplica,Contrato nº 254/2025,"Aquisição de 1 (uma) licença de uso do software “Adobe Acrobat Pro for teams”, pelo período de 12 (doze) meses.",/contratos/45751435000106/2025/235
45751435000106-2-000236/2025,,2025,236,45751435000106,MUNICIPIO DE PAULINIA,MUNICIPIO DE PAULINIA,Pregão - Eletrônico,Contrato (termo inicial),Edital,Divulgada no PNCP,False,2025-08-22T17:05:22.759265657,2025-08-22T17:05:22.759265657,2025-08-20,2025-08-20,2033-02-19,51755.0,,,,,Paulínia,SP,Municipal,Não se aplica,Contrato nº 255/2025,CONTRATAÇÃO DE EMPRESA PARA A IMPRESSÃO DE MATERIAIS DIDÁTICOS PARA TRABALHOS DE CONSCIENTIZAÇÃO DA DEFESA CIVIL JUNTO À COMUNIDADE,/contratos/45751435000106/2025/236
45751435000106-2-000261/2025,,2025,261,45751435000106,MUNICIPIO DE PAULINIA,MUNICIPIO DE PAULINIA,Pregão - Eletrônico,Contrato (termo inicial),Edital,Divulgada no PNCP,False,2025-09-09T14:16:19.203887600,2025-09-09T14:16:19.203887600,2025-09-08,2025-09-08,2026-09-07,5988.3,,,,,Paulínia,SP,Municipal,Não se aplica,Contrato nº 282/2025,"AQUISIÇÃO ANUAL DE REAGENTES IMUNO-HEMATOLÓGICOS E OUTROS INSUMOS PARA A AGÊNCIA TRANSFUSIONAL DO HOSPITAL MUNICIPAL DE PAULÍNIA, COM FORNECIMENTO DE EQUIPAMENTOS EM COMODATO",/contratos/45751435000106/2025/261
45751435000106-2-000263/2025,,2025,263,45751435000106,MUNICIPIO DE PAULINIA,MUNICIPIO DE PAULINIA,Pregão - Eletrônico,Contrato (termo inicial),Edital,Divulgada no PNCP,False,2025-09-09T14:17:20.946484351,2025-09-09T14:17:20.946484351,2025-09-08,2025-09-08,2026-09-07,195575.5,,,,,Paulínia,SP,Municipal,Não se aplica,Contrato nº 284/2025,"AQUISIÇÃO ANUAL DE REAGENTES IMUNO-HEMATOLÓGICOS E OUTROS INSUMOS PARA A AGÊNCIA TRANSFUSIONAL DO HOSPITAL MUNICIPAL DE PAULÍNIA, COM FORNECIMENTO DE EQUIPAMENTOS EM COMODATO",/contratos/45751435000106/2025/263
45751435000106-2-000277/2025,,2025,277,45751435000106,MUNICIPIO DE PAULINIA,MUNICIPIO DE PAULINIA,Pregão - Eletrônico,Contrato (termo inicial),Edital,Divulgada no PNCP,False,2025-09-24T16:06:55.273534475,2025-09-24T16:06:55.273534475,2025-09-24,2025-09-24,2026-09-23,5948029.5,,,,,Paulínia,SP,Municipal,Não se aplica,Contrato nº 300/2025,"CONTRATAÇÃO DE EMPRESA/CONSÓRCIO DE EMPRESAS PARA LOCAÇÃO DE SISTEMA ANALÍTICO COM FORNECIMENTO DE TESTES DE BIOQUÍMICA, ENDOCRINOLOGIA E MARCADORES TUMORAIS E INFLAMATÓRIOS",/contratos/45751435000106/2025/277
45751435000106-2-000332/2025,,2025,332,45751435000106,MUNICIPIO DE PAULINIA,MUNICIPIO DE PAULINIA,Inexigibilidade,Contrato (termo inicial),Ato que autoriza a Contratação Direta,Divulgada no PNCP,False,2025-11-10T10:52:11.274520431,2025-11-10T10:52:11.274520431,2025-11-07,2025-11-07,2026-11-06,100481.52,,,,,Paulínia,SP,Municipal,Não se aplica,Contrato nº 354/2025,EMPRESA ESPECIALIZADA EM CONTROLE DE QUALIDADE EXTERNO PARA LABORATÓRIO HMP. PRAZO DE 12 (DOZE) MESES,/contratos/45751435000106/2025/332
45751435000106-2-000350/2025,,2025,350,45751435000106,MUNICIPIO DE PAULINIA,MUNICIPIO DE PAULINIA,Dispensa,Contrato (termo inicial),Aviso de Contratação Direta,Divulgada no PNCP,False,2025-11-18T12:21:20.456826930,2025-11-18T12:21:20.456826930,2025-11-17,2025-11-17,2026-11-16,37824.0,,,,,Paulínia,SP,Municipal,Não se aplica,Contrato nº 372/2025,"AQUISIÇÃO DE PAPEL HIGIÊNICO BRANCO (ROLÃO), ROLO COM 300 METROS, NEUTRO, ACONDICIONADOS EM CAIXA DE PAPELÃO CONTENDO 08 ROLOS CADA CAIXA.",/contratos/45751435000106/2025/350
45751435000106-2-000354/2025,,2025,354,45751435000106,MUNICIPIO DE PAULINIA,MUNICIPIO DE PAULINIA,Pregão - Eletrônico,Contrato (termo inicial),Edital,Divulgada no PNCP,False,2025-11-19T09:11:00.070710095,2025-11-19T09:11:00.070710095,2025-11-18,2025-11-18,2026-11-17,350400.0,,,,,Paulínia,SP,Municipal,Não se aplica,Contrato nº 376/2025,CONTRATAÇÃO DE EMPRESA / CONSÓRCIO DE EMPRESAS PARA PRESTAÇÃO DE SERVIÇO DE LOCAÇÃO DE EQUIPAMENTO DE IMAGEM – RAIO X FIXO E RAIO X MÓVEL,/contratos/45751435000106/2025/354
45751435000106-2-000359/2025,,2025,359,45751435000106,MUNICIPIO DE PAULINIA,MUNICIPIO DE PAULINIA,Pregão - Eletrônico,Contrato (termo inicial),Edital,Divulgada no PNCP,False,2025-11-25T12:04:32.803319243,2025-11-25T12:04:32.803319243,2025-11-24,2025-11-24,2026-11-23,218668.23,,,,,Paulínia,SP,Municipal,Não se aplica,Contrato nº 381/2025,AQUISIÇÃO DE MATERIAIS PARA CIRURGIAS ORTOPÉDICAS – PRÓTESES ACOMPANHADAS DE INSTRUMENTAIS/EQUIPAMENTOS CIRÚRGICOS EM SISTEMA DE COMODATO,/contratos/45751435000106/2025/359
45751435000106-2-000373/2025,,2025,373,45751435000106,MUNICIPIO DE PAULINIA,MUNICIPIO DE PAULINIA,Pregão - Eletrônico,Contrato (termo inicial),Edital,Divulgada no PNCP,False,2025-12-05T07:41:44.751807320,2025-12-05T07:41:44.751807320,2025-12-04,2025-12-04,2026-12-03,1399234.35,,,,,Paulínia,SP,Municipal,Não se aplica,Contrato nº 396/2025,REGISTRO DE PREÇOS PARA AQUISIÇÃO DE KITS DE MATERIAIS ESCOLARES PARA ALUNOS DA REDE MUNICIPAL DE ENSINO DE PAULÍNIA E PROEB,/contratos/45751435000106/2025/373
45751435000106-2-000377/2025,,2025,377,45751435000106,MUNICIPIO DE PAULINIA,MUNICIPIO DE PAULINIA,Pregão - Eletrônico,Contrato (termo inicial),Edital,Divulgada no PNCP,False,2025-12-05T09:55:08.476080564,2025-12-05T09:55:08.476080564,2025-12-04,2025-12-04,2026-12-03,45780.0,,,,,Paulínia,SP,Municipal,Não se aplica,Contrato nº 398/2025,REGISTRO DE PREÇO PARA CONTRATAÇÃO DE EMPRESA PARA LOCAÇÃO DE ESTRUTURA NECESSÁRIA PARA MONTAGEM E REALIZAÇÃO DE EVENTOS,/contratos/45751435000106/2025/377
45751435000106-2-000390/2025,,2025,390,45751435000106,MUNICIPIO DE PAULINIA,MUNICIPIO DE PAULINIA,Pregão - Eletrônico,Contrato (termo inicial),Edital,Divulgada no PNCP,False,2025-12-10T07:26:02.865320403,2025-12-10T07:26:02.865320403,2025-12-05,2025-12-05,2026-12-05,49873.0,,,,,Paulínia,SP,Municipal,Não se aplica,Contrato nº 420/2025,AQUISIÇÃO DE MATERIAIS PARA CIRURGIAS ORTOPÉDICAS – PRÓTESES ACOMPANHADAS DE INSTRUMENTAIS/EQUIPAMENTOS CIRÚRGICOS EM SISTEMA DE COMODATO,/contratos/45751435000106/2025/390
45751435000106-2-000408/2025,,2025,408,45751435000106,MUNICIPIO DE PAULINIA,MUNICIPIO DE PAULINIA,Dispensa,Contrato (termo inicial),Aviso de Contratação Direta,Divulgada no PNCP,False,2025-12-12T17:13:27.446937484,2025-12-12T17:13:27.446937484,2025-12-12,2025-12-12,2026-02-09,45773.84,,,,,Paulínia,SP,Municipal,Não se aplica,Contrato nº 431/2025,"Contratação de empresa de locação de trenzinho para passeio turístico no período do evento Natal, a ser utilizado através da SMCTE.",/contratos/45751435000106/2025/408
45751435000106-2-000411/2025,,2025,411,45751435000106,MUNICIPIO DE PAULINIA,MUNICIPIO DE PAULINIA,Pregão - Eletrônico,Contrato (termo inicial),Edital,Divulgada no PNCP,False,2025-12-15T16:21:50.724353808,2025-12-15T16:21:50.724353808,2025-12-15,2025-12-15,2025-12-15,0.0,,,,,Paulínia,SP,Municipal,Não se aplica,Contrato nº 425/2025,"AQUISIÇÃO DE EQUIPAMENTOS E MOBILIÁRIOS PARA UNIDADES ESCOLARES, VINCULADO À ATA DE REGISTRO DE PREÇOS SOB Nº 83/2025",/contratos/45751435000106/2025/411
45751435000106-2-000415/2025,,2025,415,45751435000106,MUNICIPIO DE PAULINIA,MUNICIPIO DE PAULINIA,Dispensa,Contrato (termo inicial),Ato que autoriza a Contratação Direta,Divulgada no PNCP,False,2025-12-16T16:58:54.066486913,2025-12-16T16:58:54.066486913,2025-12-16,2025-12-16,2026-12-15,17000.0,,,,,Paulínia,SP,Municipal,Não se aplica,Contrato nº 435/2025,AQUISIÇÃO VIA DISPENSA DE LICITAÇÃO DE MATERIAIS PARA CIRURGIA DE ARTROPLASTIA TOTAL DE QUADRIL. REQUERENTE N.A.S.,/contratos/45751435000106/2025/415
45751435000106-2-000417/2025,,2025,417,45751435000106,MUNICIPIO DE PAULINIA,MUNICIPIO DE PAULINIA,Pregão - Eletrônico,Contrato (termo inicial),Edital,Divulgada no PNCP,False,2025-12-17T09:58:01.791667356,2025-12-17T09:58:01.791667356,2025-12-16,2025-12-16,2026-12-15,477152.99,,,,,Paulínia,SP,Municipal,Não se aplica,Contrato nº 437/2025,"REGISTRO DE PREÇOS PARA PRESTAÇÃO DE SERVIÇOS DE MANUTENÇÃO, CONSERVAÇÃO E PEQUENOS SERVIÇOS NOS IMÓVEIS OCUPADOS PELA REDE MUNICIPAL DE ENSINO",/contratos/45751435000106/2025/417
45751435000106-2-000418/2025,,2025,418,45751435000106,MUNICIPIO DE PAULINIA,MUNICIPIO DE PAULINIA,Pregão - Eletrônico,Contrato (termo inicial),Edital,Divulgada no PNCP,False,2025-12-17T09:58:08.969882526,2025-12-17T09:58:08.969882526,2025-12-16,2025-12-16,2026-12-15,1237772.5,,,,,Paulínia,SP,Municipal,Não se aplica,Contrato nº 438/2025,"REGISTRO DE PREÇOS PARA PRESTAÇÃO DE SERVIÇOS DE MANUTENÇÃO, CONSERVAÇÃO E PEQUENOS SERVIÇOS NOS IMÓVEIS OCUPADOS PELA REDE MUNICIPAL DE ENSINO",/contratos/45751435000106/2025/418
45751435000106-2-000434/2025,,2025,434,45751435000106,MUNICIPIO DE PAULINIA,MUNICIPIO DE PAULINIA,Pregão - Eletrônico,Contrato (termo inicial),Edital,Divulgada no PNCP,False,2025-12-19T10:41:56.113285986,2025-12-19T10:41:56.113285986,2025-12-18,2025-12-18,2026-12-17,365350.0,,,,,Paulínia,SP,Municipal,Não se aplica,Contrato nº 456/2025,"REGISTRO DE PREÇOS PARA PRESTAÇÃO DE SERVIÇOS DE MANUTENÇÃO, CONSERVAÇÃO E PEQUENOS SERVIÇOS NOS IMÓVEIS OCUPADOS PELA REDE MUNICIPAL DE ENSINO",/contratos/45751435000106/2025/434
45751435000106-2-000405/2025,,2025,405,45751435000106,MUNICIPIO DE PAULINIA,MUNICIPIO DE PAULINIA,Inexigibilidade,Contrato (termo inicial),Ato que autoriza a Contratação Direta,Divulgada no PNCP,False,2025-12-12T11:44:46.709359,2026-03-02T09:30:17.154030192,2025-12-08,2025-12-11,2026-12-10,600000.0,,,,,Paulínia,SP,Municipal,Não se aplica,Contrato nº 9912591074/2025,"Contratação da Empresa Brasileira de Correios e Telégrafos para prestação de serviços, visando atendimento à Secretaria Municipal dos Negócios da Receita.",/contratos/45751435000106/2025/405
45751435000106-2-000010/2025,,2025,10,45751435000106,MUNICIPIO DE PAULINIA,MUNICIPIO DE PAULINIA,Pregão - Eletrônico,Contrato (termo inicial),Edital,Divulgada no PNCP,False,2025-02-11T11:27:11.022308,2025-02-11T11:27:11.022308,2025-02-11,2025-02-11,2026-02-10,6532.13,,False,,,Paulínia,SP,Municipal,Não se aplica,Contrato nº 015/2025,AQUISIÇÃO DE MATERIAIS PARA A PRODUÇÃO DE PRANCHAS DE COMUNICAÇÃO ALTERNATIVA/AUMENTATIVA NAS SALAS DE RECURSOS MULTIFUNCIONAIS E MATERIAIS PARA A SALA DE RECURSOS DE ALTAS HABILIDADES/SUPERDOTAÇÃO,/contratos/45751435000106/2025/10
45751435000106-2-000011/2025,,2025,11,45751435000106,MUNICIPIO DE PAULINIA,MUNICIPIO DE PAULINIA,Pregão - Eletrônico,Contrato (termo inicial),Edital,Divulgada no PNCP,False,2025-02-11T11:33:50.109371,2025-02-11T11:33:50.109371,2025-02-11,2025-02-11,2026-02-10,3178.6,,False,,,Paulínia,SP,Municipal,Não se aplica,Contrato nº 016/2025,AQUISIÇÃO DE MATERIAIS PARA A PRODUÇÃO DE PRANCHAS DE COMUNICAÇÃO ALTERNATIVA/AUMENTATIVA NAS SALAS DE RECURSOS MULTIFUNCIONAIS E MATERIAIS PARA A SALA DE RECURSOS DE ALTAS HABILIDADES/SUPERDOTAÇÃO,/contratos/45751435000106/2025/11
45751435000106-2-000013/2025,,2025,13,45751435000106,MUNICIPIO DE PAULINIA,MUNICIPIO DE PAULINIA,Pregão - Eletrônico,Contrato (termo inicial),Edital,Divulgada no PNCP,False,2025-02-11T15:59:54.773884,2025-02-11T15:59:54.773884,2025-02-11,2025-02-11,2026-02-10,4119574.85,,False,,,Paulínia,SP,Municipal,Não se aplica,Contrato nº 019/2025,CONTRATAÇÃO DE EMPRESA ESPECIALIZADA PARA A PRESTAÇÃO DE SERVIÇOS DE MANUTENÇÃO DAS INSTALAÇÕES DOS SISTEMAS DE PREVENÇÃO E COMBATE A INCÊNDIOS DOS IMÓVEIS PRÓPRIOS DO MUNICÍPIO,/contratos/45751435000106/2025/13
45751435000106-2-000091/2025,,2025,91,45751435000106,MUNICIPIO DE PAULINIA,MUNICIPIO DE PAULINIA,Inexigibilidade,Contrato (termo inicial),Ato que autoriza a Contratação Direta,Divulgada no PNCP,False,2025-04-25T11:50:33.078802231,2025-04-25T11:50:33.078802231,2025-04-16,2025-04-16,2027-04-15,3500.0,,False,,,Paulínia,SP,Municipal,Não se aplica,Contrato nº 106/2025,"Contratação para acesso aos produtos técnicos, tabela de preços e catálogos, fornecidos exclusivamente pela empresa FDE pelo período de 24 meses.",/contratos/45751435000106/2025/91
45751435000106-2-000123/2025,,2025,123,45751435000106,MUNICIPIO DE PAULINIA,MUNICIPIO DE PAULINIA,Dispensa,Contrato (termo inicial),Ato que autoriza a Contratação Direta,Divulgada no PNCP,False,2025-06-02T10:55:06.630561622,2025-06-02T10:55:06.630561622,2025-05-28,2025-05-28,2025-11-27,1330560.0,,False,,,Paulínia,SP,Municipal,Não se aplica,Contrato nº 140/2025,"CONTRATAÇÃO DE SERVIÇOS TÉCNICOS ESPECIALIZADOS DE CONSULTORIA, POR MEIO DE INSTITUIÇÃO SEM FINS LUCRATIVOS, VISANDO A ANÁLISE CRÍTICA E AVALIAÇÃO DE CONFORMIDADE DO INSTRUMENTO CONTRATUAL 275-2024.",/contratos/45751435000106/2025/123
45751435000106-2-000129/2025,,2025,129,45751435000106,MUNICIPIO DE PAULINIA,MUNICIPIO DE PAULINIA,Pregão - Eletrônico,Contrato (termo inicial),Edital,Divulgada no PNCP,False,2025-06-04T10:15:42.980234910,2025-06-04T10:15:42.980234910,2025-06-02,2025-06-02,2026-06-01,0.0,,False,,,Paulínia,SP,Municipal,Não se aplica,Contrato nº 146/2025,"AQUISIÇÃO DE EQUIPAMENTOS E MOBILIÁRIOS PARA UNIDADES ESCOLARES, VINCULADO À ATA DE REGISTRO DE PREÇOS SOB Nº 82/2025",/contratos/45751435000106/2025/129
45751435000106-2-000158/2025,,2025,158,45751435000106,MUNICIPIO DE PAULINIA,MUNICIPIO DE PAULINIA,Inexigibilidade,Contrato (termo inicial),Ato que autoriza a Contratação Direta,Divulgada no PNCP,False,2025-06-16T15:33:52.185175432,2025-06-16T15:33:52.185175432,2025-06-11,2025-06-11,2025-08-09,100000.0,,,,,Paulínia,SP,Municipal,Não se aplica,Contrato nº 173/2025,"Contratação de show artístico com a Banda Rosa de Saron, em comemoração ao Dia do Padroeiro de Paulínia, para o dia 27/06/2025 (sexta-feira).",/contratos/45751435000106/2025/158
45751435000106-2-000197/2025,,2025,197,45751435000106,MUNICIPIO DE PAULINIA,MUNICIPIO DE PAULINIA,Pregão - Eletrônico,Contrato (termo inicial),Edital,Divulgada no PNCP,False,2025-07-21T16:06:35.572509019,2025-07-21T16:06:35.572509019,2025-07-17,2025-07-17,2026-07-16,84000.0,,,,,Paulínia,SP,Municipal,Não se aplica,Contrato nº 211/2025,CONTRATAÇÃO DE EMPRESA PARA LOCAÇÃO DE CARDIOVERSOR E VENTILADOR PULMONAR MECÂNICO DE TRANSPORTE E VENTILADOR MECÂNICO PULMONAR,/contratos/45751435000106/2025/197
45751435000106-2-000238/2025,,2025,238,45751435000106,MUNICIPIO DE PAULINIA,MUNICIPIO DE PAULINIA,Pregão - Eletrônico,Contrato (termo inicial),Edital,Divulgada no PNCP,False,2025-08-26T11:51:00.442078284,2025-08-26T11:51:00.442078284,2025-08-20,2025-08-20,2026-08-19,53290.0,,,,,Paulínia,SP,Municipal,Não se aplica,Contrato nº 258/2025,REGISTRO DE PREÇOS PARA CONTRATAÇÃO DE EMPRESA/CONSÓRCIO DE EMPRESAS PARA FORNECIMENTO DE CONCRETO USINADO A SER UTILIZADO PELA SECRETARIA MUNICIPAL DE OBRAS,/contratos/45751435000106/2025/238
45751435000106-2-000257/2025,,2025,257,45751435000106,MUNICIPIO DE PAULINIA,MUNICIPIO DE PAULINIA,Dispensa,Contrato (termo inicial),Ato que autoriza a Contratação Direta,Divulgada no PNCP,False,2025-09-05T10:38:15.175783858,2025-09-05T10:38:15.175783858,2025-09-03,2025-09-03,2026-03-01,7600.0,,,,,Paulínia,SP,Municipal,Não se aplica,Contrato nº 279/2025,"CUMPRIMENTO DE AÇÕES JUDICIAIS SOB Nº 1001771-36.2024.8.26.0428 - REQUERENTE ""C.K"" / Nº 1005273-51.2022.8.26.0428 - REQUERENTE ""G.T.N"" / Nº 1003339-92.2021.8.26.0428 - REQUERENTE ""M.E.B.B.S.""",/contratos/45751435000106/2025/257
45751435000106-2-000289/2025,,2025,289,45751435000106,MUNICIPIO DE PAULINIA,MUNICIPIO DE PAULINIA,Pregão - Eletrônico,Contrato (termo inicial),Edital,Divulgada no PNCP,False,2025-09-29T09:43:07.283996030,2025-09-29T09:43:07.283996030,2025-09-25,2025-09-25,2026-09-24,49691.7,,,,,Paulínia,SP,Municipal,Não se aplica,Contrato nº 309/2025,"AQUISIÇÃO DE MATERIAIS PARA CIRURGIA ORTOPÉDICA E OUTROS PROCEDIMENTOS, EM SISTEMA DE CONSIGNAÇÃO, PADRONIZADOS PELA TABELA SUS",/contratos/45751435000106/2025/289
45751435000106-2-000293/2025,,2025,293,45751435000106,MUNICIPIO DE PAULINIA,MUNICIPIO DE PAULINIA,Concorrência - Eletrônica,Contrato (termo inicial),Edital,Divulgada no PNCP,False,2025-10-02T16:50:04.776110723,2025-10-02T16:50:04.776110723,2025-10-02,2025-10-02,2027-01-01,989892.16,,,,,Paulínia,SP,Municipal,Não se aplica,Contrato nº 313/2025,CONTRATAÇÃO DE EMPRESA OU CONSORCIO DE EMPRESAS ESPECIALIZADA NO RAMO DE ENGENHARIA PARA PRESTAÇÃO DE SERVIÇOS DE OPERAÇÃO INTEGRAL DO SISTEMA DE ILUMINAÇÃO PÚBLICA,/contratos/45751435000106/2025/293
45751435000106-2-000338/2025,,2025,338,45751435000106,MUNICIPIO DE PAULINIA,MUNICIPIO DE PAULINIA,Dispensa,Contrato (termo inicial),Aviso de Contratação Direta,Divulgada no PNCP,False,2025-11-14T15:56:58.288718130,2025-11-14T15:56:58.288718130,2025-11-14,2025-11-14,2026-11-13,36301.2,,,,,Paulínia,SP,Municipal,Não se aplica,Contrato nº 366/2025,"Aquisição de frutas, legumes, vegetais e ovos, para dieta dos animais do Parque Ecológico Municipal Armando Muller do município de Paulínia, de forma parcelada.",/contratos/45751435000106/2025/338
45751435000106-2-000341/2025,,2025,341,45751435000106,MUNICIPIO DE PAULINIA,MUNICIPIO DE PAULINIA,Dispensa,Contrato (termo inicial),Ato que autoriza a Contratação Direta,Divulgada no PNCP,False,2025-11-17T09:23:30.007835467,2025-11-17T09:23:30.007835467,2025-11-13,2025-11-13,2026-11-12,34650.0,,,,,Paulínia,SP,Municipal,Não se aplica,Contrato nº 361/2025,"CUMPRIMENTO DE DECISÃO JUDICIAL TENDO EM VISTA CONTINUIDADE DO TRATAMENTO DE TERAPIAS PROCESSO 002418-19.2022.8.26.028/01. REQUERENTE ""B.T.N.""",/contratos/45751435000106/2025/341
45751435000106-2-000344/2025,,2025,344,45751435000106,MUNICIPIO DE PAULINIA,MUNICIPIO DE PAULINIA,Dispensa,Contrato (termo inicial),Ato que autoriza a Contratação Direta,Divulgada no PNCP,False,2025-11-17T11:26:33.278445961,2025-11-17T11:26:33.278445961,2025-11-17,2025-11-17,2026-11-16,34650.0,,,,,Paulínia,SP,Municipal,Não se aplica,Contrato nº 367/2025,"CUMPRIMENTO DE DECISÃO JUDICIAL TENDO EM VISTA CONTINUIDADE DO TRATAMENTO DE TERAPIAS PROCESSO 002418-19.2022.8.26.028/01. REQUERENTE ""B.T.N.""",/contratos/45751435000106/2025/344
45751435000106-2-000345/2025,,2025,345,45751435000106,MUNICIPIO DE PAULINIA,MUNICIPIO DE PAULINIA,Pregão - Eletrônico,Contrato (termo inicial),Edital,Divulgada no PNCP,False,2025-11-17T16:01:36.041553358,2025-11-17T16:01:36.041553358,2025-11-17,2025-11-17,2026-11-16,1703.76,,,,,Paulínia,SP,Municipal,Não se aplica,Contrato nº 368/2025,AQUISIÇÃO DE MATERIAIS E EQUIPAMENTOS EDUCATIVOS PARA A IMPLANTAÇÃO DE SALA DE ESTIMULAÇÃO SENSORIAL JUNTO AOS ALUNOS COM DEFICIÊNCIA E TRANSTORNO DO ESPECTRO AUTISTA,/contratos/45751435000106/2025/345
45751435000106-2-000347/2025,,2025,347,45751435000106,MUNICIPIO DE PAULINIA,MUNICIPIO DE PAULINIA,Pregão - Eletrônico,Contrato (termo inicial),Edital,Divulgada no PNCP,False,2025-11-17T16:02:08.851079837,2025-11-17T16:02:08.851079837,2025-11-17,2025-11-17,2026-11-16,33600.0,,,,,Paulínia,SP,Municipal,Não se aplica,Contrato nº 370/2025,CONTRATAÇÃO DE EMPRESA ESPECIALIZADA PARA PRESTAÇÃO DE SERVIÇOS DE MANUTENÇÃO PREVENTIVA E CORRETIVA DAS CABINES PRIMÁRIAS DE MEDIÇÃO E SECUNDÁRIA DE TRANSFORMAÇÃO PARA O HOSPITAL MUNICIPAL DE PAULÍNIA,/contratos/45751435000106/2025/347
45751435000106-2-000353/2025,,2025,353,45751435000106,MUNICIPIO DE PAULINIA,MUNICIPIO DE PAULINIA,Pregão - Eletrônico,Contrato (termo inicial),Edital,Divulgada no PNCP,False,2025-11-19T09:10:53.284156806,2025-11-19T09:10:53.284156806,2025-11-18,2025-11-18,2026-11-17,123000.0,,,,,Paulínia,SP,Municipal,Não se aplica,Contrato nº 375/2025,CONTRATAÇÃO DE EMPRESA / CONSÓRCIO DE EMPRESAS PARA PRESTAÇÃO DE SERVIÇO DE LOCAÇÃO DE EQUIPAMENTO DE IMAGEM – RAIO X FIXO E RAIO X MÓVEL,/contratos/45751435000106/2025/353
45751435000106-2-000404/2025,,2025,404,45751435000106,MUNICIPIO DE PAULINIA,MUNICIPIO DE PAULINIA,Concorrência - Eletrônica,Contrato (termo inicial),Edital,Suspensa,False,2025-12-11T14:44:07.697971162,2025-12-11T14:44:07.697971162,2025-12-11,2025-12-11,2026-09-10,1622000.0,,,,,Paulínia,SP,Municipal,Não se aplica,Contrato nº 424/2025,CONTRATAÇÃO DE EMPRESA OU CONSÓRCIO DE EMPRESAS ESPECIALIZADA PARA EXECUÇÃO DE SERVIÇOS DE SUBSTITUIÇÃO DE GRAMADO NATURAL POR GRAMADO SINTÉTICO EM CAMPOS DE FUTEBOL DO MUNICÍPIO DE PAULÍNIA,/contratos/45751435000106/2025/404
45751435000106-2-000419/2025,,2025,419,45751435000106,MUNICIPIO DE PAULINIA,MUNICIPIO DE PAULINIA,Inexigibilidade,Contrato (termo inicial),Ato que autoriza a Contratação Direta,Divulgada no PNCP,False,2025-12-17T14:08:11.562988140,2025-12-17T14:08:11.562988140,2025-12-17,2025-12-17,2026-02-14,250000.0,,,,,Paulínia,SP,Municipal,Não se aplica,Contrato nº 440/2025,"Contratação de empresa especializada na concepção, produção e execução de show artístico da trupe circense Universo Casua, para apresentação na programação natalina de Paulinia",/contratos/45751435000106/2025/419
45751435000106-2-000437/2025,,2025,437,45751435000106,MUNICIPIO DE PAULINIA,MUNICIPIO DE PAULINIA,Pregão - Eletrônico,Contrato (termo inicial),Edital,Divulgada no PNCP,False,2025-12-19T14:20:53.521837899,2025-12-19T14:20:53.521837899,2025-12-19,2025-12-19,2027-05-18,63000.0,,,,,Paulínia,SP,Municipal,Não se aplica,Contrato nº 458/2025,CONTRATAÇÃO DE EMPRESA ESPECIALIZADA OU CONSÓRCIO DE EMPRESAS PARA PRESTAÇÃO DE SERVIÇOS DE CAPACITAÇÃO/FORMAÇÃO E SUPERVISÃO DA EQUIPE DO CREAS - CENTRO DE REFERÊNCIA ESPECIALIZADO DE ASSISTÊNCIA SOCIAL,/contratos/45751435000106/2025/437
45751435000106-2-000018/2025,,2025,18,45751435000106,MUNICIPIO DE PAULINIA,MUNICIPIO DE PAULINIA,Pregão - Eletrônico,Contrato (termo inicial),Edital,Divulgada no PNCP,False,2025-02-18T12:02:04.228208,2025-02-18T12:02:04.228208,2025-02-18,2025-02-18,2026-02-17,22859.0,,False,,,Paulínia,SP,Municipal,Não se aplica,Contrato nº 026/2025,AQUISIÇÃO DE MATERIAIS E EQUIPAMENTOS EDUCATIVOS PARA A IMPLANTAÇÃO DE SALA DE ESTIMULAÇÃO SENSORIAL JUNTO AOS ALUNOS COM DEFICIÊNCIA E TRANSTORNO DO ESPECTRO AUTISTA,/contratos/45751435000106/2025/18
45751435000106-2-000035/2025,,2025,35,45751435000106,MUNICIPIO DE PAULINIA,MUNICIPIO DE PAULINIA,Pregão - Eletrônico,Contrato (termo inicial),Edital,Divulgada no PNCP,False,2025-03-07T10:16:14.534949458,2025-03-07T10:16:14.534949458,2025-02-24,2025-02-24,2025-04-24,27350.0,,False,,,Paulínia,SP,Municipal,Não se aplica,Contrato nº 41/2025,CONTRATAÇÃO DE EMPRESA/CONSÓRCIO DE EMPRESAS ESPECIALIZADA NA PRESTAÇÃO DE SERVIÇOS DE BOMBEIRO PROFISSIONAL CIVIL PARA EVENTOS DE ANIVERSÁRIO DA CIDADE E CARNAVAL 2025 NO MUNICÍPIO DE PAULÍNIA,/contratos/45751435000106/2025/35
45751435000106-2-000036/2025,,2025,36,45751435000106,MUNICIPIO DE PAULINIA,MUNICIPIO DE PAULINIA,Pregão - Eletrônico,Contrato (termo inicial),Edital,Divulgada no PNCP,False,2025-03-07T10:16:37.362888342,2025-03-07T10:16:37.362888342,2025-02-24,2025-02-24,2025-04-23,45000.0,,False,,,Paulínia,SP,Municipal,Não se aplica,Contrato nº 42/2025,"CONTRATAÇÃO DE EMPRESA/CONSÓRCIO DE EMPRESAS ESPECIALIZADA EM INSPEÇÕES E AVALIAÇÕES DE CONFORMIDADE DE SEGURANÇA E RESPECTIVAS NORMAS REGULAMENTADORAS PARA INSTALAÇÕES DE ESTRUTURAS, EQUIPAMENTOS, RECURSOS HUMANOS DE PRESTADORES DE SERVIÇOS",/contratos/45751435000106/2025/36
45751435000106-2-000099/2025,,2025,99,45751435000106,MUNICIPIO DE PAULINIA,MUNICIPIO DE PAULINIA,Pregão - Eletrônico,Contrato (termo inicial),Edital,Divulgada no PNCP,False,2025-05-19T08:57:11.113902711,2025-05-19T08:57:11.113902711,2025-05-13,2025-05-13,2026-05-12,660000.0,,False,,,Paulínia,SP,Municipal,Não se aplica,Contrato nº 114/2025,CONTRATAÇÃO DE EMPRESA OU CONSÓRCIO DE EMPRESAS PARA PRESTAÇÃO DE SERVIÇO DE MANUTENÇÃO PREVENTIVA E CORRETIVA DE EQUIPAMENTOS MÉDICO HOSPITALARES E ODONTOLÓGICOS DA REDE AMBULATORIAL COM FORNECIMENTO DE PEÇAS,/contratos/45751435000106/2025/99
45751435000106-2-000180/2025,,2025,180,45751435000106,MUNICIPIO DE PAULINIA,MUNICIPIO DE PAULINIA,Pregão - Eletrônico,Contrato (termo inicial),Edital,Divulgada no PNCP,False,2025-07-11T16:00:21.204898183,2025-07-11T16:00:21.204898183,2025-07-04,2025-07-04,2026-07-03,4923180.67,,,,,Paulínia,SP,Municipal,Não se aplica,Contrato nº 195/2025,REGISTRO DE PREÇOS PARA FUTURA E EVENTUAL AQUISIÇÃO DE KITS DE UNIFORMES ESCOLARES PARA SEREM ENTREGUES AOS ALUNOS DA REDE MUNICIPAL DE ENSINO DE PAULÍNIA E PROEB,/contratos/45751435000106/2025/180
45751435000106-2-000184/2025,,2025,184,45751435000106,MUNICIPIO DE PAULINIA,MUNICIPIO DE PAULINIA,Pregão - Eletrônico,Contrato (termo inicial),Edital,Divulgada no PNCP,False,2025-07-15T17:35:23.776241061,2025-07-15T17:35:23.776241061,2025-07-04,2025-07-04,2026-07-03,241800.0,,,,,Paulínia,SP,Municipal,Não se aplica,Contrato nº 199/2025,CONTRATAÇÃO DE EMPRESA ESPECIALIZADA PARA REALIZAÇÃO DE PROCEDIMENTOS DE COLANGIOPANCREATOGRAFIAS ENDOSCÓPICAS RETRÓGRADAS (CPRE) PARA APOIO DIAGNÓSTICO E TERAPÊUTICO À PACIENTES ATENDIDOS NO HOSPITAL MUNICIPAL DE PAULÍNIA,/contratos/45751435000106/2025/184
45751435000106-2-000218/2025,,2025,218,45751435000106,MUNICIPIO DE PAULINIA,MUNICIPIO DE PAULINIA,Pregão - Eletrônico,Contrato (termo inicial),Edital,Divulgada no PNCP,False,2025-08-11T12:31:15.784806827,2025-08-11T12:31:15.784806827,2025-08-08,2025-08-08,2026-08-07,12949.0,,,,,Paulínia,SP,Municipal,Não se aplica,Contrato nº 237/2025,CONTRATAÇÃO DE EMPRESA ESPECIALIZADA NA PRESTAÇÃO DE SERVIÇOS DE SUPORTE E CONSULTORIA NA INSTRUMENTALIZAÇÃO DOS RECURSOS PROVENIENTES DA LEI COMPLEMENTAR Nº 14.399/2022 - POLITICA NACIONAL ALDIR BLANC - PNAB,/contratos/45751435000106/2025/218
45751435000106-2-000232/2025,,2025,232,45751435000106,MUNICIPIO DE PAULINIA,MUNICIPIO DE PAULINIA,Inexigibilidade,Contrato (termo inicial),Ato que autoriza a Contratação Direta,Divulgada no PNCP,False,2025-08-20T10:23:59.650739991,2025-08-20T10:23:59.650739991,2025-08-18,2025-08-18,2026-08-17,48900.0,,,,,Paulínia,SP,Municipal,Não se aplica,Contrato nº 251/2025,"CONTRATAÇAO DE ENTIDADE PARA MINISTRAR CAPACITAÇÃO DE SERVIDORES NO SISTEMA MANCHESTER DE CLASSIFICAÇÃO DE RISCO, NO PRONTO SOCORRO DO HOSPITAL MUNICIPAL DE PAULÍNIA.",/contratos/45751435000106/2025/232
45751435000106-2-000262/2025,,2025,262,45751435000106,MUNICIPIO DE PAULINIA,MUNICIPIO DE PAULINIA,Pregão - Eletrônico,Contrato (termo inicial),Edital,Divulgada no PNCP,False,2025-09-09T14:17:13.493136255,2025-09-09T14:17:13.493136255,2025-09-08,2025-09-08,2026-09-07,39977.0,,,,,Paulínia,SP,Municipal,Não se aplica,Contrato nº 283/2025,"AQUISIÇÃO ANUAL DE REAGENTES IMUNO-HEMATOLÓGICOS E OUTROS INSUMOS PARA A AGÊNCIA TRANSFUSIONAL DO HOSPITAL MUNICIPAL DE PAULÍNIA, COM FORNECIMENTO DE EQUIPAMENTOS EM COMODATO",/contratos/45751435000106/2025/262
45751435000106-2-000264/2025,,2025,264,45751435000106,MUNICIPIO DE PAULINIA,MUNICIPIO DE PAULINIA,Pregão - Eletrônico,Contrato (termo inicial),Edital,Divulgada no PNCP,False,2025-09-09T14:17:30.110020595,2025-09-09T14:17:30.110020595,2025-09-08,2025-09-08,2026-09-07,3000.0,,,,,Paulínia,SP,Municipal,Não se aplica,Contrato nº 285/2025,"AQUISIÇÃO ANUAL DE REAGENTES IMUNO-HEMATOLÓGICOS E OUTROS INSUMOS PARA A AGÊNCIA TRANSFUSIONAL DO HOSPITAL MUNICIPAL DE PAULÍNIA, COM FORNECIMENTO DE EQUIPAMENTOS EM COMODATO",/contratos/45751435000106/2025/264
45751435000106-2-000271/2025,,2025,271,45751435000106,MUNICIPIO DE PAULINIA,MUNICIPIO DE PAULINIA,Pregão - Eletrônico,Contrato (termo inicial),Edital,Divulgada no PNCP,False,2025-09-17T11:54:24.882797543,2025-09-17T11:54:24.882797543,2025-09-16,2025-09-16,2026-09-15,205479.8,,,,,Paulínia,SP,Municipal,Não se aplica,Contrato nº 292/2025,"REGISTRO DE PREÇOS PARA AQUISIÇÃO DE PRÓTESE DE QUADRIL CERÂMICA PARA USO EM CIRURGIAS DE MÉDIA E ALTA COMPLEXIDADE, BEM COMO EM CIRURGIAS ORTOPÉDICAS.",/contratos/45751435000106/2025/271
45751435000106-2-000297/2025,,2025,297,45751435000106,MUNICIPIO DE PAULINIA,MUNICIPIO DE PAULINIA,Pregão - Eletrônico,Contrato (termo inicial),Edital,Divulgada no PNCP,False,2025-10-09T12:04:36.042047529,2025-10-09T12:04:36.042047529,2025-10-09,2025-10-09,2026-10-08,331211.86,,,,,Paulínia,SP,Municipal,Não se aplica,Contrato nº 317/2025,REGISTRO DE PREÇOS PARA FUTURA E EVENTUAL AQUISIÇÃO DE KITS DE UNIFORMES ESCOLARES PARA SEREM ENTREGUES AOS ALUNOS DA REDE MUNICIPAL DE ENSINO DE PAULÍNIA E PROEB,/contratos/45751435000106/2025/297
45751435000106-2-000303/2025,,2025,303,45751435000106,MUNICIPIO DE PAULINIA,MUNICIPIO DE PAULINIA,Inexigibilidade,Contrato (termo inicial),Ato que autoriza a Contratação Direta,Divulgada no PNCP,False,2025-10-21T10:10:29.904040098,2025-10-21T10:10:29.904040098,2025-10-21,2025-10-21,2025-12-19,120000.0,,,,,Paulínia,SP,Municipal,Não se aplica,Contrato nº 323/2025,"Contratação de show artístico da cantora Eyshila, para realização do evento Marcha para Jesus, em Paulínia no dia 24/10/2025 (sexta-feira).",/contratos/45751435000106/2025/303
45751435000106-2-000336/2025,,2025,336,45751435000106,MUNICIPIO DE PAULINIA,MUNICIPIO DE PAULINIA,Inexigibilidade,Contrato (termo inicial),Ato que autoriza a Contratação Direta,Divulgada no PNCP,False,2025-11-12T10:06:37.942781651,2025-11-12T10:06:37.942781651,2025-11-12,2025-11-12,2026-01-10,300000.0,,,,,Paulínia,SP,Municipal,Não se aplica,Contrato nº 359/2025,"Contratação de show artístico do Grupo Pixote, para realização do evento Semana da Cultura Negra, em Paulínia no dia 20/11/2025 (quinta-feira).",/contratos/45751435000106/2025/336
45751435000106-2-000356/2025,,2025,356,45751435000106,MUNICIPIO DE PAULINIA,MUNICIPIO DE PAULINIA,Pregão - Eletrônico,Contrato (termo inicial),Edital,Divulgada no PNCP,False,2025-11-20T11:47:23.841195210,2025-11-20T11:47:23.841195210,2025-11-19,2025-11-19,2026-11-18,576900.0,,,,,Paulínia,SP,Municipal,Não se aplica,Contrato nº 378/2025,CONTRATAÇÃO DE EMPRESA / CONSÓRCIO DE EMPRESAS PARA LOCAÇÃO DE 02 (DOIS) SISTEMAS TOTALMENTE AUTOMATIZADOS COM AQUISIÇÃO DE TESTES PARA REALIZAÇÃO DE ENSAIOS COAGULOMÉTRICOS,/contratos/45751435000106/2025/356
45751435000106-2-000357/2025,,2025,357,45751435000106,MUNICIPIO DE PAULINIA,MUNICIPIO DE PAULINIA,Pregão - Eletrônico,Contrato (termo inicial),Edital,Divulgada no PNCP,False,2025-11-24T11:27:20.542045958,2025-11-24T11:27:20.542045958,2025-11-24,2025-11-24,2026-11-23,4607455.72,,,,,Paulínia,SP,Municipal,Não se aplica,Contrato nº 379/2025,REGISTRO DE PREÇOS PARA FUTURA E EVENTUAL AQUISIÇÃO DE KITS DE UNIFORMES ESCOLARES PARA SEREM ENTREGUES AOS ALUNOS DA REDE MUNICIPAL DE ENSINO DE PAULÍNIA E PROEB,/contratos/45751435000106/2025/357
45751435000106-2-000365/2025,,2025,365,45751435000106,MUNICIPIO DE PAULINIA,MUNICIPIO DE PAULINIA,Inexigibilidade,Contrato (termo inicial),Ato que autoriza a Contratação Direta,Divulgada no PNCP,False,2025-12-03T07:27:29.222777438,2025-12-03T07:27:29.222777438,2025-12-02,2025-12-02,2026-01-30,100000.0,,,,,Paulínia,SP,Municipal,Não se aplica,Contrato nº 387/2025,Contratação de show artístico da cantora Luiza Possi para compor a programação oficial das celebrações de Natal em Paulinia/SP no dia 14/12/2025.,/contratos/45751435000106/2025/365
45751435000106-2-000371/2025,,2025,371,45751435000106,MUNICIPIO DE PAULINIA,MUNICIPIO DE PAULINIA,Inexigibilidade,Contrato (termo inicial),Ato que autoriza a Contratação Direta,Divulgada no PNCP,False,2025-12-04T18:28:39.016783304,2025-12-04T18:28:39.016783304,2025-12-04,2025-12-04,2026-12-03,2198.0,,,,,Paulínia,SP,Municipal,Não se aplica,Contrato nº 399/2025,"Sistema informatizado de bases de preços e custos para confecção de orçamentos, composições de custos, curva ABC e cronograma de contratos, fornecido exclusivamente pela empresa 3F LTDA, como fantasia ORÇAFASCIO",/contratos/45751435000106/2025/371
45751435000106-2-000024/2025,,2025,24,45751435000106,MUNICIPIO DE PAULINIA,MUNICIPIO DE PAULINIA,Pregão - Eletrônico,Contrato (termo inicial),Edital,Divulgada no PNCP,False,2025-02-27T09:57:04.037018837,2025-02-27T09:57:04.037018837,2025-02-24,2025-02-24,2026-05-23,36444000.0,,False,,,Paulínia,SP,Municipal,Não se aplica,Contrato nº 044/2025,"CONTRATAÇÃO DE EMPRESA OU CONSÓRCIO DE EMPRESAS PARA LOCAÇÃO DE EQUIPAMENTOS ESTRUTURANTES DE TECNOLOGIA, ALÉM DA DISPONIBILIZAÇÃO DOS EQUIPAMENTOS, A INSTALAÇÃO, A CONFIGURAÇÃO, SUPORTE E TREINAMENTO AOS USUÁRIOS E A MANUTENÇÃO PREVENTIVA E CORRETIVA DOS EQUIPAMENTOS",/contratos/45751435000106/2025/24
45751435000106-2-000025/2025,,2025,25,45751435000106,MUNICIPIO DE PAULINIA,MUNICIPIO DE PAULINIA,Pregão - Eletrônico,Contrato (termo inicial),Edital,Divulgada no PNCP,False,2025-02-27T10:49:42.938838250,2025-02-27T10:49:42.938838250,2025-02-24,2025-02-24,2026-02-23,3209495.64,,False,,,Paulínia,SP,Municipal,Não se aplica,Contrato nº 040/2025,"CONTRATAÇÃO DE EMPRESA ESPECIALIZADA OU CONSÓRCIO DE EMPRESAS PARA PRESTAÇÃO DE SERVIÇOS DE MANUTENÇÃO PREDIAL, CONSERVAÇÃO, REFORMA E PEQUENOS REPAROS NOS IMÓVEIS OCUPADOS PELA SECRETARIA MUNICIPAL DE SAÚDE",/contratos/45751435000106/2025/25
45751435000106-2-000044/2025,,2025,44,45751435000106,MUNICIPIO DE PAULINIA,MUNICIPIO DE PAULINIA,Dispensa,Contrato (termo inicial),Ato que autoriza a Contratação Direta,Divulgada no PNCP,False,2025-03-25T08:50:53.854529338,2025-03-25T08:50:53.854529338,2025-03-25,2025-03-25,2026-03-24,9120.0,,False,,,Paulínia,SP,Municipal,Não se aplica,Contrato nº 057/2025,"AQUISIÇÃO DE MEDICAMENTO MANIPULADO PARA CUMPRIMENTO DE AÇÃO JUDICIAL - PROCESSO Nº 0003399-92,215.8.26.0428 - Requerente ""V.A.D"" HIDROXICOBALAMINA, SOLUÇÃO 20MG/ML, AMPOLA DE 2ML - AMP",/contratos/45751435000106/2025/44
45751435000106-2-000085/2025,,2025,85,45751435000106,MUNICIPIO DE PAULINIA,MUNICIPIO DE PAULINIA,Pregão - Eletrônico,Contrato (termo inicial),Edital,Divulgada no PNCP,False,2025-04-23T12:33:28.094378826,2025-04-23T12:33:28.094378826,2025-04-15,2025-04-15,2026-04-14,300000.0,,False,,,Paulínia,SP,Municipal,Não se aplica,Contrato nº 99/2025,"CONTRATAÇÃO DE EMPRESA ESPECIALIZADA OU CONSÓRCIO DE EMPRESAS PARA PRESTAÇÃO DE SERVIÇOS DE MANUTENÇÃO PREDIAL, CONSERVAÇÃO, REFORMA E PEQUENOS REPAROS NOS IMÓVEIS OCUPADOS PELA SECRETARIA MUNICIPAL DE SAÚDE",/contratos/45751435000106/2025/85
45751435000106-2-000086/2025,,2025,86,45751435000106,MUNICIPIO DE PAULINIA,MUNICIPIO DE PAULINIA,Pregão - Eletrônico,Contrato (termo inicial),Edital,Divulgada no PNCP,False,2025-04-23T16:15:07.155304722,2025-04-23T16:15:07.155304722,2025-04-15,2025-04-15,2026-04-14,1002926.88,,False,,,Paulínia,SP,Municipal,Não se aplica,Contrato nº 100/2025," CONTRATAÇÃO DE EMPRESA ESPECIALIZADA OU CONSÓRCIO DE EMPRESAS PARA PRESTAÇÃO DE SERVIÇOS DE MANUTENÇÃO PREDIAL, CONSERVAÇÃO, REFORMA E PEQUENOS REPAROS NOS IMÓVEIS OCUPADOS PELA SECRETARIA MUNICIPAL DE SAÚDE",/contratos/45751435000106/2025/86
45751435000106-2-000088/2025,,2025,88,45751435000106,MUNICIPIO DE PAULINIA,MUNICIPIO DE PAULINIA,Pregão - Eletrônico,Contrato (termo inicial),Edital,Divulgada no PNCP,False,2025-04-23T18:09:28.130598770,2025-04-23T18:09:28.130598770,2025-04-15,2025-04-15,2026-04-14,1085951.1,,False,,,Paulínia,SP,Municipal,Não se aplica,Contrato nº 101/2025,"CONTRATAÇÃO DE EMPRESA ESPECIALIZADA OU CONSÓRCIO DE EMPRESAS PARA PRESTAÇÃO DE SERVIÇOS DE MANUTENÇÃO PREDIAL, CONSERVAÇÃO, REFORMA E PEQUENOS REPAROS NOS IMÓVEIS OCUPADOS PELA SECRETARIA MUNICIPAL DE SAÚDE",/contratos/45751435000106/2025/88
45751435000106-2-000092/2025,,2025,92,45751435000106,MUNICIPIO DE PAULINIA,MUNICIPIO DE PAULINIA,Pregão - Eletrônico,Contrato (termo inicial),Edital,Divulgada no PNCP,False,2025-04-25T12:38:31.879026425,2025-04-25T12:38:31.879026425,2025-04-16,2025-04-16,2026-04-15,1000000.0,,False,,,Paulínia,SP,Municipal,Não se aplica,Contrato nº 107/2025,"CONTRATAÇÃO DE EMPRESA ESPECIALIZADA OU CONSÓRCIO DE EMPRESAS PARA PRESTAÇÃO DE SERVIÇOS DE MANUTENÇÃO PREDIAL, CONSERVAÇÃO, REFORMA E PEQUENOS REPAROS NOS IMÓVEIS OCUPADOS PELA SECRETARIA MUNICIPAL DE SAÚDE",/contratos/45751435000106/2025/92
45751435000106-2-000093/2025,,2025,93,45751435000106,MUNICIPIO DE PAULINIA,MUNICIPIO DE PAULINIA,Pregão - Eletrônico,Contrato (termo inicial),Edital,Divulgada no PNCP,False,2025-04-25T14:36:07.075626377,2025-04-25T14:36:07.075626377,2025-04-16,2025-04-16,2026-04-15,1730306.89,,False,,,Paulínia,SP,Municipal,Não se aplica,Contrato nº 108/2025,"CONTRATAÇÃO DE EMPRESA ESPECIALIZADA OU CONSÓRCIO DE EMPRESAS PARA PRESTAÇÃO DE SERVIÇOS DE MANUTENÇÃO PREDIAL, CONSERVAÇÃO, REFORMA E PEQUENOS REPAROS NOS IMÓVEIS OCUPADOS PELA SECRETARIA MUNICIPAL DE SAÚDE",/contratos/45751435000106/2025/93
45751435000106-2-000139/2025,,2025,139,45751435000106,MUNICIPIO DE PAULINIA,MUNICIPIO DE PAULINIA,Pregão - Eletrônico,Contrato (termo inicial),Edital,Divulgada no PNCP,False,2025-06-10T12:53:59.714948179,2025-06-10T12:53:59.714948179,2025-06-05,2025-06-05,2025-12-01,17285.1,,False,,,Paulínia,SP,Municipal,Não se aplica,Contrato nº 153/2025,AQUISIÇÃO DE MATERIAL DE EXPEDIENTE E JOGOS PEDAGÓGICOS,/contratos/45751435000106/2025/139
45751435000106-2-000143/2025,,2025,143,45751435000106,MUNICIPIO DE PAULINIA,MUNICIPIO DE PAULINIA,Dispensa,Contrato (termo inicial),Aviso de Contratação Direta,Divulgada no PNCP,False,2025-06-12T08:19:05.409113421,2025-06-12T08:19:05.409113421,2025-06-10,2025-06-10,2025-09-07,3000.0,,False,,,Paulínia,SP,Municipal,Não se aplica,Contrato nº 158/2025,Contratação de Serviço de Perícia Médica em Psiquiatria para elaboração e emissão de Laudo Médico Psiquiátrico para avaliar as condições de saúde de candidata aprovada em concurso público.,/contratos/45751435000106/2025/143
45751435000106-2-000207/2025,,2025,207,45751435000106,MUNICIPIO DE PAULINIA,MUNICIPIO DE PAULINIA,Pregão - Eletrônico,Contrato (termo inicial),Edital,Divulgada no PNCP,False,2025-07-29T15:59:53.915734636,2025-07-29T15:59:53.915734636,2025-07-28,2025-07-28,2026-07-27,227799.96,,,,,Paulínia,SP,Municipal,Não se aplica,Contrato nº 223/2025,"CONTRATAÇÃO DE EMPRESA OU CONSORCIO DE EMPRESAS PARA PRESTAÇÃO DE SERVIÇOS ESPECIALIZADOS EM MANUTENÇÃO, TRATAMENTO DE ÁGUA E LIMPEZA DAS PISCINAS, COM FORNECIMENTO DE MÃO DE OBRA ESPECIALIZADA, FERRAMENTAS, EQUIPAMENTOS E PRODUTOS QUÍMICOS",/contratos/45751435000106/2025/207
45751435000106-2-000227/2025,,2025,227,45751435000106,MUNICIPIO DE PAULINIA,MUNICIPIO DE PAULINIA,Pregão - Eletrônico,Contrato (termo inicial),Edital,Divulgada no PNCP,False,2025-08-18T10:15:24.859385356,2025-08-18T10:15:24.859385356,2025-08-12,2025-08-12,2026-08-11,1430172.39,,,,,Paulínia,SP,Municipal,Não se aplica,Contrato nº 246/2025,"CONTRATAÇÃO DE EMPRESA ESPECIALIZADA OU CONSÓRCIO DE EMPRESAS PARA PRESTAÇÃO DE SERVIÇOS DE MANUTENÇÃO PREDIAL, CONSERVAÇÃO, REFORMA E PEQUENOS REPAROS NOS IMÓVEIS OCUPADOS PELA SECRETARIA MUNICIPAL DE SAÚDE",/contratos/45751435000106/2025/227
45751435000106-2-000228/2025,,2025,228,45751435000106,MUNICIPIO DE PAULINIA,MUNICIPIO DE PAULINIA,Pregão - Eletrônico,Contrato (termo inicial),Edital,Divulgada no PNCP,False,2025-08-18T10:17:57.324548323,2025-08-18T10:17:57.324548323,2025-08-12,2025-08-12,2026-08-11,100000.01,,,,,Paulínia,SP,Municipal,Não se aplica,Contrato nº 247/2025,"CONTRATAÇÃO DE EMPRESA ESPECIALIZADA OU CONSÓRCIO DE EMPRESAS PARA PRESTAÇÃO DE SERVIÇOS DE MANUTENÇÃO PREDIAL, CONSERVAÇÃO, REFORMA E PEQUENOS REPAROS NOS IMÓVEIS OCUPADOS PELA SECRETARIA MUNICIPAL DE SAÚDE",/contratos/45751435000106/2025/228
45751435000106-2-000229/2025,,2025,229,45751435000106,MUNICIPIO DE PAULINIA,MUNICIPIO DE PAULINIA,Pregão - Eletrônico,Contrato (termo inicial),Edital,Divulgada no PNCP,False,2025-08-18T10:20:06.281737312,2025-08-18T10:20:06.281737312,2025-08-12,2025-08-12,2026-08-11,1200000.0,,,,,Paulínia,SP,Municipal,Não se aplica,Contrato nº 248/2025,"CONTRATAÇÃO DE EMPRESA ESPECIALIZADA OU CONSÓRCIO DE EMPRESAS PARA PRESTAÇÃO DE SERVIÇOS DE MANUTENÇÃO PREDIAL, CONSERVAÇÃO, REFORMA E PEQUENOS REPAROS NOS IMÓVEIS OCUPADOS PELA SECRETARIA MUNICIPAL DE SAÚDE",/contratos/45751435000106/2025/229
45751435000106-2-000230/2025,,2025,230,45751435000106,MUNICIPIO DE PAULINIA,MUNICIPIO DE PAULINIA,Pregão - Eletrônico,Contrato (termo inicial),Edital,Divulgada no PNCP,False,2025-08-18T10:21:51.215686653,2025-08-18T10:21:51.215686653,2025-08-12,2025-08-12,2026-08-11,749892.93,,,,,Paulínia,SP,Municipal,Não se aplica,Contrato nº 249/2025,"CONTRATAÇÃO DE EMPRESA ESPECIALIZADA OU CONSÓRCIO DE EMPRESAS PARA PRESTAÇÃO DE SERVIÇOS DE MANUTENÇÃO PREDIAL, CONSERVAÇÃO, REFORMA E PEQUENOS REPAROS NOS IMÓVEIS OCUPADOS PELA SECRETARIA MUNICIPAL DE SAÚDE",/contratos/45751435000106/2025/230
45751435000106-2-000239/2025,,2025,239,45751435000106,MUNICIPIO DE PAULINIA,MUNICIPIO DE PAULINIA,Dispensa,Contrato (termo inicial),Aviso de Contratação Direta,Divulgada no PNCP,False,2025-08-26T15:53:07.945835860,2025-08-26T15:53:07.945835860,2025-08-22,2025-08-22,2026-08-21,41000.0,,,,,Paulínia,SP,Municipal,Não se aplica,Contrato nº 259/2025,"Contratação de empresa especializada para a execução de serviços de manutenção preventiva e corretiva, recarga e testes hidrostáticos de extintores de incêndio instalados em todos os próprios públicos do Município de Paulínia.",/contratos/45751435000106/2025/239
45751435000106-2-000276/2025,,2025,276,45751435000106,MUNICIPIO DE PAULINIA,MUNICIPIO DE PAULINIA,Inexigibilidade,Contrato (termo inicial),Ato que autoriza a Contratação Direta,Divulgada no PNCP,False,2025-09-24T15:33:44.080119471,2025-09-24T15:33:44.080119471,2025-09-24,2025-09-24,2025-12-22,31052.42,,,,,Paulínia,SP,Municipal,Não se aplica,Contrato nº 299/2025,"Contratação do Prof. Guilherme de Almeida, Presidente da Associação Nacional para Inclusão das Pessoas Autistas – Autistas Brasil, para ministrar palestras que integram a programação do Setembro Verde.",/contratos/45751435000106/2025/276
45751435000106-2-000290/2025,,2025,290,45751435000106,MUNICIPIO DE PAULINIA,MUNICIPIO DE PAULINIA,Inexigibilidade,Contrato (termo inicial),Ato que autoriza a Contratação Direta,Divulgada no PNCP,False,2025-09-29T17:53:26.961852546,2025-09-29T17:53:26.961852546,2025-09-25,2025-09-25,2030-09-24,45231.6,,,,,Paulínia,SP,Municipal,Não se aplica,Contrato nº 310/2025,"Contratação do sistema portal de cadastros RFB - Cooperação Institucional (PCAD), permitindo consultas a dados das bases da Receita Federal, como o Cadastro de Pessoa Física e o Cadastro de Pessoa Jurídica.",/contratos/45751435000106/2025/290
45751435000106-2-000302/2025,,2025,302,45751435000106,MUNICIPIO DE PAULINIA,MUNICIPIO DE PAULINIA,Inexigibilidade,Contrato (termo inicial),Ato que autoriza a Contratação Direta,Divulgada no PNCP,False,2025-10-17T16:13:30.150872063,2025-10-17T16:13:30.150872063,2025-10-17,2025-10-17,2025-12-15,292657.0,,,,,Paulínia,SP,Municipal,Não se aplica,Contrato nº 322/2025,"Serviço de instalação/implantação de Estande de Simulador de Tiro Tático Virtual, com capacidade mínima para 04 (quatro) linhas de tiro simultâneas, destinado a Guarda Civil Municipal de Paulínia.",/contratos/45751435000106/2025/302
45751435000106-2-000337/2025,,2025,337,45751435000106,MUNICIPIO DE PAULINIA,MUNICIPIO DE PAULINIA,Inexigibilidade,Contrato (termo inicial),Ato que autoriza a Contratação Direta,Divulgada no PNCP,False,2025-11-13T12:37:41.418220436,2025-11-13T12:37:41.418220436,2025-11-13,2025-11-13,2026-02-10,4250.0,,,,,Paulínia,SP,Municipal,Não se aplica,Contrato nº 360/2025,"Pagamento de taxa de inscrição para a participação de 10 servidores no 18 Congresso Brasileiro de Assistência Social - CBAS, no município de Salvador –BA",/contratos/45751435000106/2025/337
45751435000106-2-000372/2025,,2025,372,45751435000106,MUNICIPIO DE PAULINIA,MUNICIPIO DE PAULINIA,Pregão - Eletrônico,Contrato (termo inicial),Edital,Divulgada no PNCP,False,2025-12-04T18:28:47.670656003,2025-12-04T18:28:47.670656003,2025-12-04,2025-12-04,2026-12-03,29640.0,,,,,Paulínia,SP,Municipal,Não se aplica,Contrato nº 400/2025,"CONTRATAÇÃO DE EMPRESA VISANDO A DISPONIBILIZAÇÃO DE LICENÇA DE USO PARA UTILIZAÇÃO DE SISTEMA DE GESTÃO EM HEMOTERAPIA, COM FORNECIMENTO DE INSUMOS E EQUIPAMENTOS EM REGIME DE COMODATO",/contratos/45751435000106/2025/372
45751435000106-2-000389/2025,,2025,389,45751435000106,MUNICIPIO DE PAULINIA,MUNICIPIO DE PAULINIA,Pregão - Eletrônico,Contrato (termo inicial),Edital,Divulgada no PNCP,False,2025-12-09T15:17:44.686402069,2025-12-09T15:17:44.686402069,2025-12-08,2025-12-08,2026-06-07,75480.0,,,,,Paulínia,SP,Municipal,Não se aplica,Contrato nº 423/2025,CONTRATAÇÃO DE EMPRESA ESPECIALIZADA PARA PRESTAÇÃO DE AGENCIAMENTO DE HOSPEDAGEM EM HOTEL COM PENSÃO COMPLETA NA CIDADE DE RIBEIRÃO PRETO PARA PARTICIPAÇÃO DAS MODALIDADES CLASSIFICADAS PARA OS 87º JOGOS ABERTOS DO INTERIOR,/contratos/45751435000106/2025/389
45751435000106-2-000098/2025,,2025,98,45751435000106,MUNICIPIO DE PAULINIA,MUNICIPIO DE PAULINIA,Pregão - Eletrônico,Contrato (termo inicial),Edital,Divulgada no PNCP,False,2025-05-16T15:11:10.206632104,2025-05-16T15:11:10.206632104,2025-05-13,2025-05-13,2026-05-12,236650.0,,False,,,Paulínia,SP,Municipal,Não se aplica,Contrato nº 113/2025,"CONTRATAÇÃO DE SERVIÇOS ESPECIALIZADOS EM ARBITRAGEM PARA PLANEJAR, ARBITRAR, SUPERVISIONAR E EXECUTAR CAMPEONATOS E FESTIVAIS DESPORTIVOS NAS MODALIDADES FUTSAL E FUTEBOL, VINCULADO À ATA DE REGISTRO DE PREÇOS SOB Nº 527/2024.",/contratos/45751435000106/2025/98
45751435000106-2-000103/2025,,2025,103,45751435000106,MUNICIPIO DE PAULINIA,MUNICIPIO DE PAULINIA,Inexigibilidade,Contrato (termo inicial),Ato que autoriza a Contratação Direta,Divulgada no PNCP,False,2025-05-21T08:34:13.420258154,2025-05-21T08:34:13.420258154,2025-05-16,2025-05-16,2026-05-15,72000.0,,False,,,Paulínia,SP,Municipal,Não se aplica,Contrato nº 118/2025,"A presente contratação tem por objeto a prestação de capacitação, por empresa especializada, voltada à formação prática de servidores públicos municipais na aplicação da lei 14133 de 2021, com ênfase na fase preparatória das contratações públicas.",/contratos/45751435000106/2025/103
45751435000106-2-000108/2025,,2025,108,45751435000106,MUNICIPIO DE PAULINIA,MUNICIPIO DE PAULINIA,Pregão - Eletrônico,Contrato (termo inicial),Edital,Divulgada no PNCP,False,2025-05-27T09:26:43.713734691,2025-05-27T09:26:43.713734691,2025-05-23,2025-05-23,2026-08-22,48000.0,,False,,,Paulínia,SP,Municipal,Não se aplica,Contrato nº 124/2025,"CONTRATAÇÃO DE EMPRESA/CONSÓRCIO DE EMPRESAS PARA PRESTAÇÃO DE SERVIÇO CONTINUADO DE ASSISTÊNCIA TÉCNICA, INSTALAÇÃO, MANUTENÇÃO PREVENTIVA E CORRETIVA, COM FORNECIMENTO TOTAL DE MÃO DE OBRA, INSUMOS, MATERIAIS, PEÇAS, COMPONENTES E ACESSÓRIOS, EM CÂMARA FRIA MORTUÁRIA",/contratos/45751435000106/2025/108
45751435000106-2-000137/2025,,2025,137,45751435000106,MUNICIPIO DE PAULINIA,MUNICIPIO DE PAULINIA,Pregão - Eletrônico,Contrato (termo inicial),Edital,Divulgada no PNCP,False,2025-06-10T11:49:10.342766626,2025-06-10T11:49:10.342766626,2025-06-05,2025-06-05,2025-12-01,2884.0,,False,,,Paulínia,SP,Municipal,Não se aplica,Contrato nº 152/2025,AQUISIÇÃO DE MATERIAL DE EXPEDIENTE E JOGOS PEDAGÓGICOS,/contratos/45751435000106/2025/137
45751435000106-2-000141/2025,,2025,141,45751435000106,MUNICIPIO DE PAULINIA,MUNICIPIO DE PAULINIA,Pregão - Eletrônico,Contrato (termo inicial),Edital,Divulgada no PNCP,False,2025-06-10T13:41:33.267810937,2025-06-10T13:41:33.267810937,2025-06-05,2025-06-05,2025-12-01,11164.3,,False,,,Paulínia,SP,Municipal,Não se aplica,Contrato nº 155/2025,AQUISIÇÃO DE MATERIAL DE EXPEDIENTE E JOGOS PEDAGÓGICOS,/contratos/45751435000106/2025/141
45751435000106-2-000156/2025,,2025,156,45751435000106,MUNICIPIO DE PAULINIA,MUNICIPIO DE PAULINIA,Pregão - Eletrônico,Contrato (termo inicial),Edital,Divulgada no PNCP,False,2025-06-13T14:53:11.299144041,2025-06-13T14:53:11.299144041,2025-06-10,2025-06-10,2026-06-09,52800.0,,False,,,Paulínia,SP,Municipal,Não se aplica,Contrato nº 170/2025,"CONTRATAÇÃO DE EMPRESA DO RAMO DE TECNOLOGIA DA INFORMAÇÃO PARA PRESTAÇÃO DE SERVIÇOS DE CESSÃO DE USO DE SOFTWARE DE SOLUÇÃO INTEGRADA DESTINADA AO APOIO A AGENTES PÚBLICOS NO DESENVOLVIMENTO E NA INSTRUÇÃO DAS DIVERSAS FASES DAS CONTRATAÇÕES ADMINISTRATIVAS, ESPECIALMENTE EM SUA ETAPA PREPARATÓRIA",/contratos/45751435000106/2025/156
45751435000106-2-000202/2025,,2025,202,45751435000106,MUNICIPIO DE PAULINIA,MUNICIPIO DE PAULINIA,Inexigibilidade,Contrato (termo inicial),Ato que autoriza a Contratação Direta,Divulgada no PNCP,False,2025-07-24T15:38:20.283249158,2025-07-24T15:38:20.283249158,2025-07-22,2025-07-22,2026-07-21,17040.0,,,,,Paulínia,SP,Municipal,Não se aplica,Contrato nº 218/2025,"PAGAMENTO DE TAXA DE INSCRIÇÃO DAS EQUIPES SUPERLIGA VOLEI MELHOR IDADE PAULÍNIA NO SUPERLIGA MELHOR IDADE 2025 REGIONAL, NAS CATEGORIAS 45, 58 E 68, FEMININO E MASCULINO, REFERENTE AO ANO DE 2025.",/contratos/45751435000106/2025/202
45751435000106-2-000224/2025,,2025,224,45751435000106,MUNICIPIO DE PAULINIA,MUNICIPIO DE PAULINIA,Inexigibilidade,Contrato (termo inicial),Ato que autoriza a Contratação Direta,Divulgada no PNCP,False,2025-08-16T10:00:50.676070978,2025-08-16T10:00:50.676070978,2025-08-12,2025-08-12,2026-08-11,290352.2,,,,,Paulínia,SP,Municipal,Não se aplica,Contrato nº 243/2025,Aquisição de equipamentos de tecnologia assistiva para serem utilizadas em Sala de Recursos Multifuncionais e CREAPI - Centro de Referência Educacional de Apoio à Inclusão para estudantes com deficiência visual e baixa visão nas Unidades Escolares da rede municipal de educação.,/contratos/45751435000106/2025/224
45751435000106-2-000279/2025,,2025,279,45751435000106,MUNICIPIO DE PAULINIA,MUNICIPIO DE PAULINIA,Inexigibilidade,Contrato (termo inicial),Ato que autoriza a Contratação Direta,Divulgada no PNCP,False,2025-09-25T07:52:14.748521574,2025-09-25T07:52:14.748521574,2025-09-23,2025-09-23,2026-01-22,20000.0,,,,,Paulínia,SP,Municipal,Não se aplica,Contrato nº 298/2025,Locação do espaço da Associação Esportiva Paulinense nos dias 25 e 26 de setembro de 2025 e 18 e 19 de novembro de 2025 para realização da Palestra de Formação Educacional Setembro Verde e Palestra na semana da Consciência Negra.,/contratos/45751435000106/2025/279
45751435000106-2-000304/2025,,2025,304,45751435000106,MUNICIPIO DE PAULINIA,MUNICIPIO DE PAULINIA,Inexigibilidade,Contrato (termo inicial),Ato que autoriza a Contratação Direta,Divulgada no PNCP,False,2025-10-21T14:45:21.224230083,2025-10-21T14:45:21.224230083,2025-10-21,2025-10-21,2025-12-19,100000.0,,,,,Paulínia,SP,Municipal,Não se aplica,Contrato nº 324/2025,"Contratação de show artístico do cantor Lukas Agustinho, para realização do evento Marcha para Jesus, em Paulínia no dia 24/10/2025 (sexta-feira).",/contratos/45751435000106/2025/304
45751435000106-2-000305/2025,,2025,305,45751435000106,MUNICIPIO DE PAULINIA,MUNICIPIO DE PAULINIA,Inexigibilidade,Contrato (termo inicial),Ato que autoriza a Contratação Direta,Divulgada no PNCP,False,2025-10-22T08:33:54.448851647,2025-10-22T08:33:54.448851647,2025-10-22,2025-10-22,2026-01-19,37600.0,,,,,Paulínia,SP,Municipal,Não se aplica,Contrato nº 325/2025,"Contratação de palestrante para proferir palestra cujo tema é A IMPORTÂNCIA DA EDUCAÇÃO ANTIRRACISTA E SUA IMPORTÂNCIA PARA A CONSTRUÇÃO DE UMA SOCIEDADE MAIS JUSTA E IGUALITÁRIA, a ser ministrada na Semana da Consciência Negra do Município de Paulínia, conforme descrições neste Termo de Referência.",/contratos/45751435000106/2025/305
45751435000106-2-000307/2025,,2025,307,45751435000106,MUNICIPIO DE PAULINIA,MUNICIPIO DE PAULINIA,Concorrência - Eletrônica,Contrato (termo inicial),Edital,Divulgada no PNCP,False,2025-10-23T15:07:01.750171191,2025-10-23T15:07:01.750171191,2025-10-23,2025-10-23,2027-07-22,4825999.0,,,,,Paulínia,SP,Municipal,Não se aplica,Contrato nº 328/2025,CONTRATAÇÃO DE EMPRESA OU CONSÓRCIO DE ATÉ DUAS EMPRESAS ESPECIALIZADAS NO RAMO DE CONSTRUÇÃO CIVIL PARA CONSTRUÇÃO DE UMA UNIDADE ESCOLAR NO BAIRRO MORRO ALTO,/contratos/45751435000106/2025/307
45751435000106-2-000358/2025,,2025,358,45751435000106,MUNICIPIO DE PAULINIA,MUNICIPIO DE PAULINIA,Inexigibilidade,Contrato (termo inicial),Ato que autoriza a Contratação Direta,Divulgada no PNCP,False,2025-11-25T09:06:38.186373302,2025-11-25T09:06:38.186373302,2025-11-24,2025-11-24,2026-11-23,37470.9,,,,,Paulínia,SP,Municipal,Não se aplica,Contrato nº 380/2025,Contratação de empresa para prestação de serviços técnico-especializados de organização e execução do Sistema de Avaliação de Rendimento Escolar do Estado de São Paulo – (SARESP) – 2025.,/contratos/45751435000106/2025/358
45751435000106-2-000132/2025,,2025,132,45751435000106,MUNICIPIO DE PAULINIA,MUNICIPIO DE PAULINIA,Pregão - Eletrônico,Contrato (termo inicial),Edital,Divulgada no PNCP,False,2025-06-05T17:08:37.638508254,2025-06-05T17:08:37.638508254,2025-06-03,2025-06-03,2026-06-02,0.0,,False,,,Paulínia,SP,Municipal,Não se aplica,Contrato nº 148/2025,"CONTRATAÇÃO DE EMPRESA ESPECIALIZADA OU CONSÓRCIO DE EMPRESAS PARA PRESTAÇÃO DE SERVIÇOS DE MANUTENÇÃO PREDIAL, CONSERVAÇÃO, REFORMA E PEQUENOS REPAROS NOS IMÓVEIS OCUPADOS PELA SECRETARIA MUNICIPAL DE SAÚDE, VINCULADO À ATA DE REGISTRO DE PREÇOS SOB Nº 575/2024",/contratos/45751435000106/2025/132
45751435000106-2-000217/2025,,2025,217,45751435000106,MUNICIPIO DE PAULINIA,MUNICIPIO DE PAULINIA,Pregão - Eletrônico,Contrato (termo inicial),Edital,Divulgada no PNCP,False,2025-08-11T10:35:18.685055909,2025-08-11T10:35:18.685055909,2025-08-08,2025-08-08,2026-08-07,604268.98,,,,,Paulínia,SP,Municipal,Não se aplica,Contrato nº 236/2025,"REGISTRO DE PREÇOS PARA CONTRATAÇÃO DE EMPRESA ESPECIALIZADA OU CONSÓRCIO DE EMPRESAS PARA PRESTAÇÃO DE SERVIÇOS DE REFORMA E MANUTENÇÃO DE SUBESTAÇÕES DE CONSUMIDOR INSTALADAS EM PRÓPRIOS PÚBLICOS, COM FORNECIMENTO DE MÃO DE OBRA, MATERIAIS, EQUIPAMENTOS, FERRAMENTAS, INSTRUMENTOS E VEÍCULOS",/contratos/45751435000106/2025/217
45751435000106-2-000240/2025,,2025,240,45751435000106,MUNICIPIO DE PAULINIA,MUNICIPIO DE PAULINIA,Inexigibilidade,Contrato (termo inicial),Ato que autoriza a Contratação Direta,Divulgada no PNCP,False,2025-08-27T11:29:47.616632551,2025-08-27T11:29:47.616632551,2025-08-25,2025-08-25,2026-02-24,49942.23,,,,,Paulínia,SP,Municipal,Não se aplica,Contrato nº 261/2025,"Contratação de pessoa jurídica ou profissional com notória especialização para prestação de serviços de formação continuada e assessoria pedagógica especializada às equipes escolares da rede municipal de ensino de Paulínia/SP, com foco na expansão da política de educação integral.",/contratos/45751435000106/2025/240
45751435000106-2-000242/2025,,2025,242,45751435000106,MUNICIPIO DE PAULINIA,MUNICIPIO DE PAULINIA,Pregão - Eletrônico,Contrato (termo inicial),Edital,Divulgada no PNCP,False,2025-09-01T11:39:31.769128250,2025-09-01T11:39:31.769128250,2025-08-29,2025-08-29,2026-08-28,0.0,,,,,Paulínia,SP,Municipal,Não se aplica,Contrato nº 263/2025,"LOCAÇÃO DE GALPÕES, PISOS, COBERTURAS ESPECIAIS, ESTRUTURAS DE BOX TRUS E DEMAIS ITENS PARA REALIZAÇÃO DE EVENTOS NO MUNICÍPIO DE PAULÍNIA”, VINCULADO À ATA DE REGISTRO DE PREÇOS SOB Nº 819/2024, objeto do PREGÃO ELETRÔNICO nº 179/2024",/contratos/45751435000106/2025/242
45751435000106-2-000292/2025,,2025,292,45751435000106,MUNICIPIO DE PAULINIA,MUNICIPIO DE PAULINIA,Pregão - Eletrônico,Contrato (termo inicial),Edital,Divulgada no PNCP,False,2025-10-02T12:49:40.461509772,2025-10-02T12:49:40.461509772,2025-10-02,2025-10-02,2027-01-01,578000.0,,,,,Paulínia,SP,Municipal,Não se aplica,Contrato nº 312/2025,"CONTRATAÇÃO DE EMPRESA ESPECIALIZADA PARA PRESTAÇÃO DE SERVIÇOS DE ASSISTÊNCIA TÉCNICA, INSTALAÇÕES, MANUTENÇÃO PREVENTIVA E CORRETIVA EM EQUIPAMENTOS E SISTEMAS DIVERSOS DE AR CONDICIONADO E CLIMATIZADORES EM PRÓPRIOS PÚBLICOS, COM FORNECIMENTO DE MÃO DE OBRA, MATERIAIS, EQUIPAMENTOS, FERRAMENTAS, INSTRUMENTOS, PEÇAS E VEÍCULOS",/contratos/45751435000106/2025/292
45751435000106-2-000360/2025,,2025,360,45751435000106,MUNICIPIO DE PAULINIA,MUNICIPIO DE PAULINIA,Dispensa,Contrato (termo inicial),Aviso de Contratação Direta,Divulgada no PNCP,False,2025-11-25T14:20:03.029763554,2025-11-25T14:20:03.029763554,2025-11-24,2025-11-24,2026-05-23,50250.0,,,,,Paulínia,SP,Municipal,Não se aplica,Contrato nº 382/2025,"CONTRATAÇÃO DE EMPRESA ESPECIALIZADA PARA AQUISIÇÃO E INSTALAÇÃO DE GRAMA SINTÉTICA NA CRECHE ANTONIA JOANA BARSI FERREIRA, localizada na cidade de Paulínia, incluindo o fornecimento de mão de obra, materiais, peças e ferramentas necessárias para a completa execução dos serviços.",/contratos/45751435000106/2025/360
45751435000106-2-000375/2025,,2025,375,45751435000106,MUNICIPIO DE PAULINIA,MUNICIPIO DE PAULINIA,Inexigibilidade,Contrato (termo inicial),Ato que autoriza a Contratação Direta,Divulgada no PNCP,False,2025-12-05T08:19:14.053676609,2025-12-05T08:19:14.053676609,2025-12-04,2025-12-04,2026-02-01,85000.0,,,,,Paulínia,SP,Municipal,Não se aplica,Contrato nº 403/2025,"Contratação de empresa especializada na concepção, produção e execução do show artístico do grupo Fat Family – 25 anos, com apresentação ao vivo e formação completa, para realização da abertura oficial do Natal 2025 do Município de Paulínia.",/contratos/45751435000106/2025/375
45751435000106-2-000323/2025,,2025,323,45751435000106,MUNICIPIO DE PAULINIA,MUNICIPIO DE PAULINIA,Inexigibilidade,Contrato (termo inicial),Ato que autoriza a Contratação Direta,Divulgada no PNCP,False,2025-11-04T15:59:18.525255437,2025-11-04T15:59:18.525255437,2025-10-31,2025-10-31,2026-10-30,270000.0,,,,,Paulínia,SP,Municipal,Não se aplica,Contrato nº 345/2025,"Contratação de locação de imóvel, por inexigibilidade de licitação, para abrigar a instalação e o funcionamento da unidade da Faculdade de Tecnologia, FATEC, no Município de Paulínia, em regime de convênio com o Centro Estadual de Educação Tecnológica Paula Souza (CPS), conforme as especificações, quantidades e exigências estabelecidas neste Termo de Referência.",/contratos/45751435000106/2025/323
45751435000106-2-000324/2025,,2025,324,45751435000106,MUNICIPIO DE PAULINIA,MUNICIPIO DE PAULINIA,Inexigibilidade,Contrato (termo inicial),Ato que autoriza a Contratação Direta,Divulgada no PNCP,False,2025-11-04T16:18:46.668760226,2025-11-04T16:18:46.668760226,2025-10-31,2025-10-31,2026-10-30,270000.0,,,,,Paulínia,SP,Municipal,Não se aplica,Contrato nº 346/2025,"Contratação de locação de imóvel, por inexigibilidade de licitação, para abrigar a instalação e o funcionamento da unidade da Faculdade de Tecnologia, FATEC, no Município de Paulínia, em regime de convênio com o Centro Estadual de Educação Tecnológica Paula Souza (CPS), conforme as especificações, quantidades e exigências estabelecidas neste Termo de Referência.",/contratos/45751435000106/2025/324
45751435000106-2-000340/2025,,2025,340,45751435000106,MUNICIPIO DE PAULINIA,MUNICIPIO DE PAULINIA,Pregão - Eletrônico,Contrato (termo inicial),Edital,Divulgada no PNCP,False,2025-11-17T08:19:55.539353987,2025-11-17T08:19:55.539353987,2025-11-13,2025-11-13,2026-11-12,8180000.0,,,,,Paulínia,SP,Municipal,Não se aplica,Contrato nº 364/2025,"CONTRATAÇÃO DE EMPRESA ESPECIALIZADA PARA A REALIZAÇÃO DA DECORAÇÃO NATALINA 2025, INCLUINDO MONTAGEM, INTERLIGAÇÃO E DERIVAÇÃO DA REDE ELÉTRICA, MANUTENÇÃO E DESMONTAGEM, COM TRANSPORTE DE IDA E VOLTA, CONSERTOS DIÁRIOS, SEGURANÇA E CONSERVAÇÃO DOS ELEMENTOS DECORATIVOS, MANUTENÇÃO E ASSISTÊNCIA TÉCNICA DURANTE TODA A REALIZAÇÃO DO EVENTO DE NATAL",/contratos/45751435000106/2025/340
45751435000106-2-000362/2025,,2025,362,45751435000106,MUNICIPIO DE PAULINIA,MUNICIPIO DE PAULINIA,Pregão - Eletrônico,Contrato (termo inicial),Edital,Divulgada no PNCP,False,2025-11-28T13:34:51.140880100,2025-11-28T13:34:51.140880100,2025-11-28,2025-11-28,2026-11-27,998896.5,,,,,Paulínia,SP,Municipal,Não se aplica,Contrato nº 385/2025,"REGISTRO DE PREÇOS PARA CONTRATAÇÃO DE EMPRESA ESPECIALIZADA NO RAMO DE ENGENHARIA PARA A PRESTAÇÃO DE SERVIÇOS DE REPARO EM REDES, CIRCUITOS, INFRAESTRUTURA E INSTALAÇÕES DO PARQUE DE ILUMINAÇÃO PÚBLICA DO MUNICÍPIO DE PAULÍNIA, COM FORNECIMENTO DE MÃO DE OBRA, MATERIAIS, EQUIPAMENTOS, PEÇAS, FERRAMENTAS, INSTRUMENTOS E VEÍCULOS",/contratos/45751435000106/2025/362
45751435000106-2-000363/2025,,2025,363,45751435000106,MUNICIPIO DE PAULINIA,MUNICIPIO DE PAULINIA,Concorrência - Eletrônica,Contrato (termo inicial),Edital,Divulgada no PNCP,False,2025-11-28T15:28:14.233945547,2025-11-28T15:28:14.233945547,2025-11-28,2025-11-28,2026-06-27,1049999.38,,,,,Paulínia,SP,Municipal,Não se aplica,Contrato nº 386/2025,"CONTRATAÇÃO DE EMPRESA ESPECIALIZADA OU CONSÓRCIO DE EMPRESAS NO RAMO DE ENGENHARIA PARA A PRESTAÇÃO DE SERVIÇOS DE REFORMA E AMPLIAÇÃO DE ILUMINAÇÃO NA PRAÇA DE ESPORTES VEREADOR JOSÉ MOTTA E CENTRO DE RECREAÇÃO POLIESPORTIVO ÉTTORE DI BLÁSIO, COM FORNECIMENTO TOTAL DE MÃO DE OBRA, MATERIAIS, EQUIPAMENTOS, FERRAMENTAS, INSTRUMENTOS E VEÍCULOS",/contratos/45751435000106/2025/363
45751435000106-2-000286/2025,,2025,286,45751435000106,MUNICIPIO DE PAULINIA,MUNICIPIO DE PAULINIA,Inexigibilidade,Contrato (termo inicial),Ato que autoriza a Contratação Direta,Divulgada no PNCP,False,2025-09-25T11:05:31.770717648,2025-09-25T11:05:31.770717648,2025-09-25,2025-09-25,2026-09-24,182400.0,,,,,Paulínia,SP,Municipal,Não se aplica,Contrato nº 306/2025,"Contratação de empresa para prestação de serviços especializado da tecnologia da informação, de forma continuada, de Processamento de Dados referentes às Notificações Eletrônicas de Trânsito através do Sistema de Notificação Eletrônica, SNE do Departamento Nacional de Trânsito, DENATRAN, subsistema do Registro Nacional de Infrações de Trânsito, RENAINF, conforme especificações neste Termo de Referência.",/contratos/45751435000106/2025/286
45751435000106-2-000335/2025,,2025,335,45751435000106,MUNICIPIO DE PAULINIA,MUNICIPIO DE PAULINIA,Inexigibilidade,Contrato (termo inicial),Ato que autoriza a Contratação Direta,Divulgada no PNCP,False,2025-11-11T12:05:17.681484496,2025-11-11T12:05:17.681484496,2025-11-11,2025-11-11,2026-11-10,282900.0,,,,,Paulínia,SP,Municipal,Não se aplica,Contrato nº 358/2025,"Aquisição de rastreador ocular e demais equipamentos de tecnologia assistiva de alta complexidade para serem utilizadas em Sala de Recursos Multifuncionais e no laboratório de Tecnologia Assistiva do Centro de Referência Educacional de Apoio à Inclusão - CREAPI- para estudantes com deficiência visual, físicas e múltiplas nas Unidades Escolares da rede municipal de educação.",/contratos/45751435000106/2025/335
45751435000106-2-000260/2025,,2025,260,45751435000106,MUNICIPIO DE PAULINIA,MUNICIPIO DE PAULINIA,Inexigibilidade,Contrato (termo inicial),Ato que autoriza a Contratação Direta,Divulgada no PNCP,False,2025-09-06T10:22:33.078459850,2025-09-06T10:22:33.078459850,2025-09-05,2025-09-05,2025-12-03,36000.0,,,,,Paulínia,SP,Municipal,Não se aplica,Contrato nº 281/2025,"Contratação de empresa especializada para a prestação de serviços de organização e execução completa de 2 (dois) campeonatos de esportes eletrônicos (e-Sports), quais sejam, Free Fire e Counter-Strike 2, no âmbito da ""Arena e-Sports Paulínia"", a ser realizada durante a 1ª Virada Tecnológica de Paulínia, conforme especificações deste Termo de Referência.",/contratos/45751435000106/2025/260
45751435000106-2-000133/2025,,2025,133,45751435000106,MUNICIPIO DE PAULINIA,MUNICIPIO DE PAULINIA,Dispensa,Contrato (termo inicial),Ato que autoriza a Contratação Direta,Divulgada no PNCP,False,2025-06-06T12:39:29.198730485,2025-06-06T12:39:29.198730485,2025-05-29,2025-05-29,2026-05-28,1873512.0,,False,,,Paulínia,SP,Municipal,Não se aplica,Contrato nº 139/2025,"A contratação emergencial de empresa especializada para a prestação dos serviços de coleta, transporte e destinação final ambientalmente adequada de Resíduos de Serviços de Saúde (RSS) dos Grupos e de animais mortos de pequeno, médio e grande porte, no Municipio de Paulínia, é motivada pela necessidade urgente de evitar riscos iminentes à saúde pública e ao meio ambiente, decorrentes do acúmulo desses resíduos.",/contratos/45751435000106/2025/133
45751435000106-2-000205/2025,,2025,205,45751435000106,MUNICIPIO DE PAULINIA,MUNICIPIO DE PAULINIA,Dispensa,Contrato (termo inicial),Ato que autoriza a Contratação Direta,Divulgada no PNCP,False,2025-07-28T14:37:40.453710655,2025-07-28T14:37:40.453710655,2025-07-25,2025-07-25,2026-07-24,153264.0,,,,,Paulínia,SP,Municipal,Não se aplica,Contrato nº 221/2025,"O presente Termo de Referência tem como objeto a contratação de pessoa jurídica especializada com condições técnicas e estruturais que possibilite a prestação de serviços de Agente de Integração de Estágio da Prefeitura Municipal de Paulínia, objetivando o preenchimento de vagas de estágio, não obrigatório, remunerado, por estudantes regularmente matriculados e com frequência constante em curso de nível médio e educação superior, conforme condições e exigências estabelecidas neste Termo de Referência.",/contratos/45751435000106/2025/205
45751435000106-2-000248/2025,,2025,248,45751435000106,MUNICIPIO DE PAULINIA,MUNICIPIO DE PAULINIA,Dispensa,Contrato (termo inicial),Aviso de Contratação Direta,Divulgada no PNCP,False,2025-09-03T11:13:03.868554704,2025-09-03T11:13:03.868554704,2025-08-29,2025-08-29,2026-08-28,8700.0,,,,,Paulínia,SP,Municipal,Não se aplica,Contrato nº 270/2025,"2 LICENÇAS ADOBE CREATIVE CLOUD ALL APPS e 2 LICENÇAS LCCDGSSUBII COREL DRAW. Este Termo de Referência tem como objeto aquisição de 2 (duas) licenças de uso do software Adobe Creative Cloud All Apps e 2 (duas) licenças de uso do software Corel Draw pelo período de 12 meses para atender as necessidades dos setores de comunicação e imprensa, visando atender as necessidades desta secretaria, conforme descrição neste Termo de Referência.",/contratos/45751435000106/2025/248
45751435000106-2-000259/2025,,2025,259,45751435000106,MUNICIPIO DE PAULINIA,MUNICIPIO DE PAULINIA,Dispensa,Contrato (termo inicial),Aviso de Contratação Direta,Divulgada no PNCP,False,2025-09-05T17:00:21.596064338,2025-09-05T17:00:21.596064338,2025-08-29,2025-08-29,2026-08-28,3314.0,,,,,Paulínia,SP,Municipal,Não se aplica,Contrato nº 269/2025,"2 LICENÇAS ADOBE CREATIVE CLOUD ALL APPS e 2 LICENÇAS LCCDGSSUBII COREL DRAW. Este Termo de Referência tem como objeto aquisição de 2 (duas) licenças de uso do software Adobe Creative Cloud All Apps e 2 (duas) licenças de uso do software Corel Draw pelo período de 12 meses para atender as necessidades dos setores de comunicação e imprensa, visando atender as necessidades desta secretaria, conforme descrição neste Termo de Referência.",/contratos/45751435000106/2025/259
45751435000106-2-000186/2025,,2025,186,45751435000106,MUNICIPIO DE PAULINIA,MUNICIPIO DE PAULINIA,Dispensa,Contrato (termo inicial),Ato que autoriza a Contratação Direta,Divulgada no PNCP,False,2025-07-16T12:07:41.858655736,2025-07-16T12:07:41.858655736,2025-07-15,2025-07-15,2027-07-14,3651872.4,,,,,Paulínia,SP,Municipal,Não se aplica,Contrato nº 200/2025,"Contratação de Instituição sem Fins Lucrativos, inscrita no Cadastro Nacional de Aprendizagem do Ministério do Trabalho e Emprego, para implementação do Programa Conecta Jovem, auxiliando nos serviços administrativos voltado para a formação técnico-profissional, conforme especificações constantes neste Termo de Referência. Conforme avaliação da viabilidade da contratação avaliada no Estudo Técnico Preliminar (ETP) o Centro de Integração Empresa-Escola (CIEE), CNPJ 61.600.839/0001-55, foi escolhido para a gestão do Programa Conecta Jovem.",/contratos/45751435000106/2025/186
45751435000106-2-000164/2025,,2025,164,45751435000106,MUNICIPIO DE PAULINIA,MUNICIPIO DE PAULINIA,Inexigibilidade,Contrato (termo inicial),Ato que autoriza a Contratação Direta,Divulgada no PNCP,False,2025-06-25T17:49:44.272070607,2025-06-25T17:49:44.272070607,2025-06-23,2025-06-23,2026-06-22,228000.0,,,,,Paulínia,SP,Municipal,Não se aplica,Contrato nº 179/2025,"Locação do imóvel para uso do departamento de Políticas Públicas para a Mulher, a fim de desenvolver e implementar programas, ações e políticas públicas voltadas à mulher - desenvolver e implementar programas, ações e políticas públicas voltadas à mulher; fiscalizar e exigir o cumprimento da legislação que assegure os direitos da mulher, promover cursos, atividades esportivas e de lazer, seminários, congressos e outros eventos que proporcionem uma maior integração entre as mulheres do Município de Paulínia; promover políticas que desenvolvam a autonomia financeira da mulher, bem como de combate à violência e da respectiva promoção de sua segurança e bem-estar.",/contratos/45751435000106/2025/164
45751435000106-2-000080/2025,,2025,80,45751435000106,MUNICIPIO DE PAULINIA,MUNICIPIO DE PAULINIA,Inexigibilidade,Contrato (termo inicial),Ato que autoriza a Contratação Direta,Divulgada no PNCP,False,2025-04-15T10:18:52.791209980,2025-04-15T10:18:52.791209980,2025-04-04,2025-04-04,2026-04-03,1108199.88,,False,,,Paulínia,SP,Municipal,Não se aplica,Contrato nº 96/2025,"Objeto da presente licitação é a contratação de locação de espaço para realocação dos alunos advindos da EMESFM Vítor Szczepasnki Souza e Silva que atualmente atende 699 alunos regularmente matriculados do 6 ao 9 ano do Ensino Fundamental II. A unidade de ensino necessita de trabalhos de revitalização estrutural e será interditada para iniciar os serviços de obras de reforma e ampliação. Diante do exposto, a Secretaria municipal de Educação, tem a necessidade da reforma e ampliação das dependências do prédio escolar, com o objetivo de oferecer espaços adequados para facilitar o aprendizado, a socialização e a formação cultural e assim contribuir para o desenvolvimento do alunado atendido pela Escola. Considerando que ainda será iniciado o processo licitatório para tal contratação de reestruturação do prédio escolar, faz-se necessário a locação de um imóvel para o funcionamento provisório da Escola. O imóvel que atenderá esta demanda necessita dispor de um espaço interno suficiente para atender o número de alunos que se encontram matriculados na referida Escola, que possa oferecer comodidade e segurança ao alunado e condições suficiente para que os profissionais desenvolvam suas atividades administrativas e pedagógicas.",/contratos/45751435000106/2025/80
