ano_coleta,fonte_url_pagina,fonte_url_arquivo,arquivo_origem,BLOCO,GRUPO,ESTRATEGIA,UF,MUNICIPIO,CO_MUNICIPIO_IBGE,QT_POPULACAO,NU_ANO_REFERENCIA_IBGE,CNPJ,ENTIDADE,BANCO,AGENCIA,CONTA,TP_REPASSE,TP_REPASSE_ESTADO,ST_FAF,ST_HU,DT_ULTIMA_LIBERACAO,VL_BRUTO,VL_LIQUIDO,VL_SALDO_CONTA,DT_SALDO_CONTA
2025,https://portalfns.saude.gov.br/wp-content/uploads/2026/01/REPASSE-FAF-COM-POPULACAO-2025.xlsx,https://portalfns.saude.gov.br/wp-content/uploads/2026/01/REPASSE-FAF-COM-POPULACAO-2025.xlsx,/home/neologos/anatomia-do-gasto-sprint2/data/raw/_nacional/fns/repasses_faf_com_populacao/2025/REPASSE-FAF-COM-POPULACAO-2025.xlsx,Manutenção Das Ações E Serviços Públicos De Saúde,ATENÇÃO DE MÉDIA E ALTA COMPLEXIDADE AMBULATORIAL E HOSPITALAR,EMENDA - INCREMENTO TEMPORÁRIO AO CUSTEIO DOS SERVIÇOS DE ASSISTÊNCIA HOSPITALAR E AMBULATORIAL,PR,CURITIBA,410690,1830795,2025,08597121000174,FUNDO ESTADUAL DE SAUDE DO PARANA - FUNSAUDE,001,037931,00162094,ESTADUAL,S,S,N,46022,997663,997663,-,-
2025,https://portalfns.saude.gov.br/wp-content/uploads/2026/01/REPASSE-FAF-COM-POPULACAO-2025.xlsx,https://portalfns.saude.gov.br/wp-content/uploads/2026/01/REPASSE-FAF-COM-POPULACAO-2025.xlsx,/home/neologos/anatomia-do-gasto-sprint2/data/raw/_nacional/fns/repasses_faf_com_populacao/2025/REPASSE-FAF-COM-POPULACAO-2025.xlsx,Manutenção Das Ações E Serviços Públicos De Saúde,ATENÇÃO DE MÉDIA E ALTA COMPLEXIDADE AMBULATORIAL E HOSPITALAR,EMENDA - INCREMENTO TEMPORÁRIO AO CUSTEIO DOS SERVIÇOS DE ASSISTÊNCIA HOSPITALAR E AMBULATORIAL,PR,CURITIBA,410690,1830795,2025,08597121000174,FUNDO ESTADUAL DE SAUDE DO PARANA - FUNSAUDE,001,037931,00162116,ESTADUAL,S,S,N,46022,200000,200000,-,-
2025,https://portalfns.saude.gov.br/wp-content/uploads/2026/01/REPASSE-FAF-COM-POPULACAO-2025.xlsx,https://portalfns.saude.gov.br/wp-content/uploads/2026/01/REPASSE-FAF-COM-POPULACAO-2025.xlsx,/home/neologos/anatomia-do-gasto-sprint2/data/raw/_nacional/fns/repasses_faf_com_populacao/2025/REPASSE-FAF-COM-POPULACAO-2025.xlsx,Manutenção Das Ações E Serviços Públicos De Saúde,ATENÇÃO DE MÉDIA E ALTA COMPLEXIDADE AMBULATORIAL E HOSPITALAR,EMENDA - INCREMENTO TEMPORÁRIO AO CUSTEIO DOS SERVIÇOS DE ASSISTÊNCIA HOSPITALAR E AMBULATORIAL,PR,CURITIBA,410690,1830795,2025,13792329000184,FUNDO MUNICIPAL DA SAUDE,001,037931,00161764,MUNICIPAL,N,S,N,46022,4750000,4750000,-,-
2025,https://portalfns.saude.gov.br/wp-content/uploads/2026/01/REPASSE-FAF-COM-POPULACAO-2025.xlsx,https://portalfns.saude.gov.br/wp-content/uploads/2026/01/REPASSE-FAF-COM-POPULACAO-2025.xlsx,/home/neologos/anatomia-do-gasto-sprint2/data/raw/_nacional/fns/repasses_faf_com_populacao/2025/REPASSE-FAF-COM-POPULACAO-2025.xlsx,Manutenção Das Ações E Serviços Públicos De Saúde,VIGILÂNCIA EM SAÚDE,"INCENTIVO FINANCEIRO AOS ESTADOS, DISTRITO FEDERAL E MUNICÍPIOS PARA A VIGILÂNCIA EM SAÚDE - DESPESAS DIVERSAS",PR,CURITIBA,410690,1830795,2025,08597121000174,FUNDO ESTADUAL DE SAUDE DO PARANA - FUNSAUDE,001,037931,00000011958X,ESTADUAL,S,S,N,46022,16183316.65,16183316.65,482600135.30000001,45991
2025,https://portalfns.saude.gov.br/wp-content/uploads/2026/01/REPASSE-FAF-COM-POPULACAO-2025.xlsx,https://portalfns.saude.gov.br/wp-content/uploads/2026/01/REPASSE-FAF-COM-POPULACAO-2025.xlsx,/home/neologos/anatomia-do-gasto-sprint2/data/raw/_nacional/fns/repasses_faf_com_populacao/2025/REPASSE-FAF-COM-POPULACAO-2025.xlsx,Manutenção Das Ações E Serviços Públicos De Saúde,VIGILÂNCIA EM SAÚDE,"INCENTIVO FINANCEIRO AOS ESTADOS, DISTRITO FEDERAL E MUNICÍPIOS PARA A VIGILÂNCIA EM SAÚDE - DESPESAS DIVERSAS",PR,CURITIBA,410690,1830795,2025,13792329000184,FUNDO MUNICIPAL DA SAUDE,001,037931,000000139947,MUNICIPAL,N,S,N,46022,7843850.629999999,7843850.629999999,81102183.269999996,45991
2025,https://portalfns.saude.gov.br/wp-content/uploads/2026/01/REPASSE-FAF-COM-POPULACAO-2025.xlsx,https://portalfns.saude.gov.br/wp-content/uploads/2026/01/REPASSE-FAF-COM-POPULACAO-2025.xlsx,/home/neologos/anatomia-do-gasto-sprint2/data/raw/_nacional/fns/repasses_faf_com_populacao/2025/REPASSE-FAF-COM-POPULACAO-2025.xlsx,Manutenção Das Ações E Serviços Públicos De Saúde,ATENÇÃO DE MÉDIA E ALTA COMPLEXIDADE AMBULATORIAL E HOSPITALAR,ATENÇÃO À SAÚDE DA POPULAÇÃO PARA PROCEDIMENTOS NO MAC,PR,CURITIBA,410690,1830795,2025,08597121000174,FUNDO ESTADUAL DE SAUDE DO PARANA - FUNSAUDE,001,037931,00000011958X,ESTADUAL,S,S,N,46021,1432923987.5599999,1286014637.24,482600135.30000001,45991
2025,https://portalfns.saude.gov.br/wp-content/uploads/2026/01/REPASSE-FAF-COM-POPULACAO-2025.xlsx,https://portalfns.saude.gov.br/wp-content/uploads/2026/01/REPASSE-FAF-COM-POPULACAO-2025.xlsx,/home/neologos/anatomia-do-gasto-sprint2/data/raw/_nacional/fns/repasses_faf_com_populacao/2025/REPASSE-FAF-COM-POPULACAO-2025.xlsx,Manutenção Das Ações E Serviços Públicos De Saúde,ATENÇÃO DE MÉDIA E ALTA COMPLEXIDADE AMBULATORIAL E HOSPITALAR,ATENÇÃO À SAÚDE DA POPULAÇÃO PARA PROCEDIMENTOS NO MAC,PR,CURITIBA,410690,1830795,2025,13792329000184,FUNDO MUNICIPAL DA SAUDE,001,037931,000000139947,MUNICIPAL,N,S,N,46021,1028752714.76,847963042.70999992,81102183.269999996,45991
2025,https://portalfns.saude.gov.br/wp-content/uploads/2026/01/REPASSE-FAF-COM-POPULACAO-2025.xlsx,https://portalfns.saude.gov.br/wp-content/uploads/2026/01/REPASSE-FAF-COM-POPULACAO-2025.xlsx,/home/neologos/anatomia-do-gasto-sprint2/data/raw/_nacional/fns/repasses_faf_com_populacao/2025/REPASSE-FAF-COM-POPULACAO-2025.xlsx,Manutenção Das Ações E Serviços Públicos De Saúde,ATENÇÃO DE MÉDIA E ALTA COMPLEXIDADE AMBULATORIAL E HOSPITALAR,FAEC - ALTA COMPLEXIDADE EM CARDIOLOGIA,PR,CURITIBA,410690,1830795,2025,08597121000174,FUNDO ESTADUAL DE SAUDE DO PARANA - FUNSAUDE,001,037931,00000011958X,ESTADUAL,S,S,N,46021,78838379.620000005,78838379.620000005,482600135.30000001,45991
2025,https://portalfns.saude.gov.br/wp-content/uploads/2026/01/REPASSE-FAF-COM-POPULACAO-2025.xlsx,https://portalfns.saude.gov.br/wp-content/uploads/2026/01/REPASSE-FAF-COM-POPULACAO-2025.xlsx,/home/neologos/anatomia-do-gasto-sprint2/data/raw/_nacional/fns/repasses_faf_com_populacao/2025/REPASSE-FAF-COM-POPULACAO-2025.xlsx,Manutenção Das Ações E Serviços Públicos De Saúde,ATENÇÃO DE MÉDIA E ALTA COMPLEXIDADE AMBULATORIAL E HOSPITALAR,FAEC - ALTA COMPLEXIDADE EM CARDIOLOGIA,PR,CURITIBA,410690,1830795,2025,13792329000184,FUNDO MUNICIPAL DA SAUDE,001,037931,000000139947,MUNICIPAL,N,S,N,46021,23346965.690000001,21200615.539999999,81102183.269999996,45991
2025,https://portalfns.saude.gov.br/wp-content/uploads/2026/01/REPASSE-FAF-COM-POPULACAO-2025.xlsx,https://portalfns.saude.gov.br/wp-content/uploads/2026/01/REPASSE-FAF-COM-POPULACAO-2025.xlsx,/home/neologos/anatomia-do-gasto-sprint2/data/raw/_nacional/fns/repasses_faf_com_populacao/2025/REPASSE-FAF-COM-POPULACAO-2025.xlsx,Manutenção Das Ações E Serviços Públicos De Saúde,ATENÇÃO DE MÉDIA E ALTA COMPLEXIDADE AMBULATORIAL E HOSPITALAR,FAEC - ATENÇÃO ESPECIALIZADA EM SAÚDE AUDITIVA,PR,CURITIBA,410690,1830795,2025,13792329000184,FUNDO MUNICIPAL DA SAUDE,001,037931,000000139947,MUNICIPAL,N,S,N,46021,1912951.03,1617850.49,81102183.269999996,45991
2025,https://portalfns.saude.gov.br/wp-content/uploads/2026/01/REPASSE-FAF-COM-POPULACAO-2025.xlsx,https://portalfns.saude.gov.br/wp-content/uploads/2026/01/REPASSE-FAF-COM-POPULACAO-2025.xlsx,/home/neologos/anatomia-do-gasto-sprint2/data/raw/_nacional/fns/repasses_faf_com_populacao/2025/REPASSE-FAF-COM-POPULACAO-2025.xlsx,Manutenção Das Ações E Serviços Públicos De Saúde,ATENÇÃO DE MÉDIA E ALTA COMPLEXIDADE AMBULATORIAL E HOSPITALAR,FAEC - CADEIRAS DE RODAS,PR,CURITIBA,410690,1830795,2025,08597121000174,FUNDO ESTADUAL DE SAUDE DO PARANA - FUNSAUDE,001,037931,00000011958X,ESTADUAL,S,S,N,46021,5536810.0300000003,5536810.0300000003,482600135.30000001,45991
2025,https://portalfns.saude.gov.br/wp-content/uploads/2026/01/REPASSE-FAF-COM-POPULACAO-2025.xlsx,https://portalfns.saude.gov.br/wp-content/uploads/2026/01/REPASSE-FAF-COM-POPULACAO-2025.xlsx,/home/neologos/anatomia-do-gasto-sprint2/data/raw/_nacional/fns/repasses_faf_com_populacao/2025/REPASSE-FAF-COM-POPULACAO-2025.xlsx,Manutenção Das Ações E Serviços Públicos De Saúde,ATENÇÃO DE MÉDIA E ALTA COMPLEXIDADE AMBULATORIAL E HOSPITALAR,FAEC - CADEIRAS DE RODAS,PR,CURITIBA,410690,1830795,2025,13792329000184,FUNDO MUNICIPAL DA SAUDE,001,037931,000000139947,MUNICIPAL,N,S,N,46021,185327.51,185327.51,81102183.269999996,45991
2025,https://portalfns.saude.gov.br/wp-content/uploads/2026/01/REPASSE-FAF-COM-POPULACAO-2025.xlsx,https://portalfns.saude.gov.br/wp-content/uploads/2026/01/REPASSE-FAF-COM-POPULACAO-2025.xlsx,/home/neologos/anatomia-do-gasto-sprint2/data/raw/_nacional/fns/repasses_faf_com_populacao/2025/REPASSE-FAF-COM-POPULACAO-2025.xlsx,Manutenção Das Ações E Serviços Públicos De Saúde,ATENÇÃO DE MÉDIA E ALTA COMPLEXIDADE AMBULATORIAL E HOSPITALAR,FAEC - CENTRAL NACIONAL DE REGULAÇÃO DE ALTA COMPLEXIDADE,PR,CURITIBA,410690,1830795,2025,08597121000174,FUNDO ESTADUAL DE SAUDE DO PARANA - FUNSAUDE,001,037931,00000011958X,ESTADUAL,S,S,N,46021,1163888.43,1163888.43,482600135.30000001,45991
2025,https://portalfns.saude.gov.br/wp-content/uploads/2026/01/REPASSE-FAF-COM-POPULACAO-2025.xlsx,https://portalfns.saude.gov.br/wp-content/uploads/2026/01/REPASSE-FAF-COM-POPULACAO-2025.xlsx,/home/neologos/anatomia-do-gasto-sprint2/data/raw/_nacional/fns/repasses_faf_com_populacao/2025/REPASSE-FAF-COM-POPULACAO-2025.xlsx,Manutenção Das Ações E Serviços Públicos De Saúde,ATENÇÃO DE MÉDIA E ALTA COMPLEXIDADE AMBULATORIAL E HOSPITALAR,FAEC - CIRURGIA BARIATRICA,PR,CURITIBA,410690,1830795,2025,08597121000174,FUNDO ESTADUAL DE SAUDE DO PARANA - FUNSAUDE,001,037931,00000011958X,ESTADUAL,S,S,N,46021,4765546.0199999996,4765546.0199999996,482600135.30000001,45991
2025,https://portalfns.saude.gov.br/wp-content/uploads/2026/01/REPASSE-FAF-COM-POPULACAO-2025.xlsx,https://portalfns.saude.gov.br/wp-content/uploads/2026/01/REPASSE-FAF-COM-POPULACAO-2025.xlsx,/home/neologos/anatomia-do-gasto-sprint2/data/raw/_nacional/fns/repasses_faf_com_populacao/2025/REPASSE-FAF-COM-POPULACAO-2025.xlsx,Manutenção Das Ações E Serviços Públicos De Saúde,ATENÇÃO DE MÉDIA E ALTA COMPLEXIDADE AMBULATORIAL E HOSPITALAR,FAEC - CIRURGIA BARIATRICA,PR,CURITIBA,410690,1830795,2025,13792329000184,FUNDO MUNICIPAL DA SAUDE,001,037931,000000139947,MUNICIPAL,N,S,N,46021,6305512.2199999997,5493657.9700000007,81102183.269999996,45991
2025,https://portalfns.saude.gov.br/wp-content/uploads/2026/01/REPASSE-FAF-COM-POPULACAO-2025.xlsx,https://portalfns.saude.gov.br/wp-content/uploads/2026/01/REPASSE-FAF-COM-POPULACAO-2025.xlsx,/home/neologos/anatomia-do-gasto-sprint2/data/raw/_nacional/fns/repasses_faf_com_populacao/2025/REPASSE-FAF-COM-POPULACAO-2025.xlsx,Manutenção Das Ações E Serviços Públicos De Saúde,ATENÇÃO DE MÉDIA E ALTA COMPLEXIDADE AMBULATORIAL E HOSPITALAR,FAEC - CIRURGIA CARDÍACA PEDIÁTRICA,PR,CURITIBA,410690,1830795,2025,08597121000174,FUNDO ESTADUAL DE SAUDE DO PARANA - FUNSAUDE,001,037931,00000011958X,ESTADUAL,S,S,N,46021,1050483.7,1050483.7,482600135.30000001,45991
2025,https://portalfns.saude.gov.br/wp-content/uploads/2026/01/REPASSE-FAF-COM-POPULACAO-2025.xlsx,https://portalfns.saude.gov.br/wp-content/uploads/2026/01/REPASSE-FAF-COM-POPULACAO-2025.xlsx,/home/neologos/anatomia-do-gasto-sprint2/data/raw/_nacional/fns/repasses_faf_com_populacao/2025/REPASSE-FAF-COM-POPULACAO-2025.xlsx,Manutenção Das Ações E Serviços Públicos De Saúde,ATENÇÃO DE MÉDIA E ALTA COMPLEXIDADE AMBULATORIAL E HOSPITALAR,FAEC - CIRURGIA CARDÍACA PEDIÁTRICA,PR,CURITIBA,410690,1830795,2025,13792329000184,FUNDO MUNICIPAL DA SAUDE,001,037931,000000139947,MUNICIPAL,N,S,N,46021,7570570.2600000016,7536419.4199999999,81102183.269999996,45991
2025,https://portalfns.saude.gov.br/wp-content/uploads/2026/01/REPASSE-FAF-COM-POPULACAO-2025.xlsx,https://portalfns.saude.gov.br/wp-content/uploads/2026/01/REPASSE-FAF-COM-POPULACAO-2025.xlsx,/home/neologos/anatomia-do-gasto-sprint2/data/raw/_nacional/fns/repasses_faf_com_populacao/2025/REPASSE-FAF-COM-POPULACAO-2025.xlsx,Manutenção Das Ações E Serviços Públicos De Saúde,ATENÇÃO DE MÉDIA E ALTA COMPLEXIDADE AMBULATORIAL E HOSPITALAR,FAEC - DIAGNÓSTICO DE TROMBOFILIA EM GESTANTE,PR,CURITIBA,410690,1830795,2025,08597121000174,FUNDO ESTADUAL DE SAUDE DO PARANA - FUNSAUDE,001,037931,00000011958X,ESTADUAL,S,S,N,46021,17821.5,17821.5,482600135.30000001,45991
2025,https://portalfns.saude.gov.br/wp-content/uploads/2026/01/REPASSE-FAF-COM-POPULACAO-2025.xlsx,https://portalfns.saude.gov.br/wp-content/uploads/2026/01/REPASSE-FAF-COM-POPULACAO-2025.xlsx,/home/neologos/anatomia-do-gasto-sprint2/data/raw/_nacional/fns/repasses_faf_com_populacao/2025/REPASSE-FAF-COM-POPULACAO-2025.xlsx,Manutenção Das Ações E Serviços Públicos De Saúde,ATENÇÃO DE MÉDIA E ALTA COMPLEXIDADE AMBULATORIAL E HOSPITALAR,FAEC - DIAGNÓSTICO DE TROMBOFILIA EM GESTANTE,PR,CURITIBA,410690,1830795,2025,13792329000184,FUNDO MUNICIPAL DA SAUDE,001,037931,000000139947,MUNICIPAL,N,S,N,46021,148127.5,67127.5,81102183.269999996,45991
2025,https://portalfns.saude.gov.br/wp-content/uploads/2026/01/REPASSE-FAF-COM-POPULACAO-2025.xlsx,https://portalfns.saude.gov.br/wp-content/uploads/2026/01/REPASSE-FAF-COM-POPULACAO-2025.xlsx,/home/neologos/anatomia-do-gasto-sprint2/data/raw/_nacional/fns/repasses_faf_com_populacao/2025/REPASSE-FAF-COM-POPULACAO-2025.xlsx,Manutenção Das Ações E Serviços Públicos De Saúde,ATENÇÃO DE MÉDIA E ALTA COMPLEXIDADE AMBULATORIAL E HOSPITALAR,FAEC - DIAGNÓSTICO/TRATAMENTO EM ONCOLOGIA,PR,CURITIBA,410690,1830795,2025,08597121000174,FUNDO ESTADUAL DE SAUDE DO PARANA - FUNSAUDE,001,037931,00000011958X,ESTADUAL,S,S,N,46021,10130437.060000001,10130437.060000001,482600135.30000001,45991
2025,https://portalfns.saude.gov.br/wp-content/uploads/2026/01/REPASSE-FAF-COM-POPULACAO-2025.xlsx,https://portalfns.saude.gov.br/wp-content/uploads/2026/01/REPASSE-FAF-COM-POPULACAO-2025.xlsx,/home/neologos/anatomia-do-gasto-sprint2/data/raw/_nacional/fns/repasses_faf_com_populacao/2025/REPASSE-FAF-COM-POPULACAO-2025.xlsx,Manutenção Das Ações E Serviços Públicos De Saúde,ATENÇÃO DE MÉDIA E ALTA COMPLEXIDADE AMBULATORIAL E HOSPITALAR,FAEC - DIAGNÓSTICO/TRATAMENTO EM ONCOLOGIA,PR,CURITIBA,410690,1830795,2025,13792329000184,FUNDO MUNICIPAL DA SAUDE,001,037931,000000139947,MUNICIPAL,N,S,N,46021,8531017.8699999992,7350730.9000000004,81102183.269999996,45991
2025,https://portalfns.saude.gov.br/wp-content/uploads/2026/01/REPASSE-FAF-COM-POPULACAO-2025.xlsx,https://portalfns.saude.gov.br/wp-content/uploads/2026/01/REPASSE-FAF-COM-POPULACAO-2025.xlsx,/home/neologos/anatomia-do-gasto-sprint2/data/raw/_nacional/fns/repasses_faf_com_populacao/2025/REPASSE-FAF-COM-POPULACAO-2025.xlsx,Manutenção Das Ações E Serviços Públicos De Saúde,ATENÇÃO DE MÉDIA E ALTA COMPLEXIDADE AMBULATORIAL E HOSPITALAR,FAEC - DOENÇAS RARAS,PR,CURITIBA,410690,1830795,2025,13792329000184,FUNDO MUNICIPAL DA SAUDE,001,037931,000000139947,MUNICIPAL,N,S,N,46021,4826900,4654820,81102183.269999996,45991
2025,https://portalfns.saude.gov.br/wp-content/uploads/2026/01/REPASSE-FAF-COM-POPULACAO-2025.xlsx,https://portalfns.saude.gov.br/wp-content/uploads/2026/01/REPASSE-FAF-COM-POPULACAO-2025.xlsx,/home/neologos/anatomia-do-gasto-sprint2/data/raw/_nacional/fns/repasses_faf_com_populacao/2025/REPASSE-FAF-COM-POPULACAO-2025.xlsx,Manutenção Das Ações E Serviços Públicos De Saúde,ATENÇÃO DE MÉDIA E ALTA COMPLEXIDADE AMBULATORIAL E HOSPITALAR,FAEC - HEMODINÂMICA EM ATENDIMENTO DE URGÊNCIA,PR,CURITIBA,410690,1830795,2025,08597121000174,FUNDO ESTADUAL DE SAUDE DO PARANA - FUNSAUDE,001,037931,00000011958X,ESTADUAL,S,S,N,46021,20866716.98,20866716.98,482600135.30000001,45991
2025,https://portalfns.saude.gov.br/wp-content/uploads/2026/01/REPASSE-FAF-COM-POPULACAO-2025.xlsx,https://portalfns.saude.gov.br/wp-content/uploads/2026/01/REPASSE-FAF-COM-POPULACAO-2025.xlsx,/home/neologos/anatomia-do-gasto-sprint2/data/raw/_nacional/fns/repasses_faf_com_populacao/2025/REPASSE-FAF-COM-POPULACAO-2025.xlsx,Manutenção Das Ações E Serviços Públicos De Saúde,ATENÇÃO DE MÉDIA E ALTA COMPLEXIDADE AMBULATORIAL E HOSPITALAR,FAEC - HEMODINÂMICA EM ATENDIMENTO DE URGÊNCIA,PR,CURITIBA,410690,1830795,2025,13792329000184,FUNDO MUNICIPAL DA SAUDE,001,037931,000000139947,MUNICIPAL,N,S,N,46021,7209080.5999999996,6580025.4400000004,81102183.269999996,45991
2025,https://portalfns.saude.gov.br/wp-content/uploads/2026/01/REPASSE-FAF-COM-POPULACAO-2025.xlsx,https://portalfns.saude.gov.br/wp-content/uploads/2026/01/REPASSE-FAF-COM-POPULACAO-2025.xlsx,/home/neologos/anatomia-do-gasto-sprint2/data/raw/_nacional/fns/repasses_faf_com_populacao/2025/REPASSE-FAF-COM-POPULACAO-2025.xlsx,Manutenção Das Ações E Serviços Públicos De Saúde,ATENÇÃO DE MÉDIA E ALTA COMPLEXIDADE AMBULATORIAL E HOSPITALAR,FAEC - NEFROLOGIA,PR,CURITIBA,410690,1830795,2025,08597121000174,FUNDO ESTADUAL DE SAUDE DO PARANA - FUNSAUDE,001,037931,00000011958X,ESTADUAL,S,S,N,46021,123971154.04000001,123971154.04000001,482600135.30000001,45991
2025,https://portalfns.saude.gov.br/wp-content/uploads/2026/01/REPASSE-FAF-COM-POPULACAO-2025.xlsx,https://portalfns.saude.gov.br/wp-content/uploads/2026/01/REPASSE-FAF-COM-POPULACAO-2025.xlsx,/home/neologos/anatomia-do-gasto-sprint2/data/raw/_nacional/fns/repasses_faf_com_populacao/2025/REPASSE-FAF-COM-POPULACAO-2025.xlsx,Manutenção Das Ações E Serviços Públicos De Saúde,ATENÇÃO DE MÉDIA E ALTA COMPLEXIDADE AMBULATORIAL E HOSPITALAR,FAEC - NEFROLOGIA,PR,CURITIBA,410690,1830795,2025,13792329000184,FUNDO MUNICIPAL DA SAUDE,001,037931,000000139947,MUNICIPAL,N,S,N,46021,46272276.900000013,44374042.289999999,81102183.269999996,45991
2025,https://portalfns.saude.gov.br/wp-content/uploads/2026/01/REPASSE-FAF-COM-POPULACAO-2025.xlsx,https://portalfns.saude.gov.br/wp-content/uploads/2026/01/REPASSE-FAF-COM-POPULACAO-2025.xlsx,/home/neologos/anatomia-do-gasto-sprint2/data/raw/_nacional/fns/repasses_faf_com_populacao/2025/REPASSE-FAF-COM-POPULACAO-2025.xlsx,Manutenção Das Ações E Serviços Públicos De Saúde,ATENÇÃO DE MÉDIA E ALTA COMPLEXIDADE AMBULATORIAL E HOSPITALAR,FAEC - NEUROCIRURGIAS,PR,CURITIBA,410690,1830795,2025,08597121000174,FUNDO ESTADUAL DE SAUDE DO PARANA - FUNSAUDE,001,037931,00000011958X,ESTADUAL,S,S,N,46021,238302.97,238302.97,482600135.30000001,45991
2025,https://portalfns.saude.gov.br/wp-content/uploads/2026/01/REPASSE-FAF-COM-POPULACAO-2025.xlsx,https://portalfns.saude.gov.br/wp-content/uploads/2026/01/REPASSE-FAF-COM-POPULACAO-2025.xlsx,/home/neologos/anatomia-do-gasto-sprint2/data/raw/_nacional/fns/repasses_faf_com_populacao/2025/REPASSE-FAF-COM-POPULACAO-2025.xlsx,Manutenção Das Ações E Serviços Públicos De Saúde,ATENÇÃO DE MÉDIA E ALTA COMPLEXIDADE AMBULATORIAL E HOSPITALAR,FAEC - OPME NÃO RELACIONADOS AO ATO CIRÚRGICO,PR,CURITIBA,410690,1830795,2025,08597121000174,FUNDO ESTADUAL DE SAUDE DO PARANA - FUNSAUDE,001,037931,00000011958X,ESTADUAL,S,S,N,46021,24498.76,24498.76,482600135.30000001,45991
2025,https://portalfns.saude.gov.br/wp-content/uploads/2026/01/REPASSE-FAF-COM-POPULACAO-2025.xlsx,https://portalfns.saude.gov.br/wp-content/uploads/2026/01/REPASSE-FAF-COM-POPULACAO-2025.xlsx,/home/neologos/anatomia-do-gasto-sprint2/data/raw/_nacional/fns/repasses_faf_com_populacao/2025/REPASSE-FAF-COM-POPULACAO-2025.xlsx,Manutenção Das Ações E Serviços Públicos De Saúde,ATENÇÃO DE MÉDIA E ALTA COMPLEXIDADE AMBULATORIAL E HOSPITALAR,FAEC - OPME NÃO RELACIONADOS AO ATO CIRÚRGICO,PR,CURITIBA,410690,1830795,2025,13792329000184,FUNDO MUNICIPAL DA SAUDE,001,037931,000000139947,MUNICIPAL,N,S,N,46021,28953.08,28953.08,81102183.269999996,45991
2025,https://portalfns.saude.gov.br/wp-content/uploads/2026/01/REPASSE-FAF-COM-POPULACAO-2025.xlsx,https://portalfns.saude.gov.br/wp-content/uploads/2026/01/REPASSE-FAF-COM-POPULACAO-2025.xlsx,/home/neologos/anatomia-do-gasto-sprint2/data/raw/_nacional/fns/repasses_faf_com_populacao/2025/REPASSE-FAF-COM-POPULACAO-2025.xlsx,Manutenção Das Ações E Serviços Públicos De Saúde,ATENÇÃO DE MÉDIA E ALTA COMPLEXIDADE AMBULATORIAL E HOSPITALAR,FAEC - PRÉ-CIRÚRGICO EM CIRURGIAS PRIORITÁRIAS,PR,CURITIBA,410690,1830795,2025,08597121000174,FUNDO ESTADUAL DE SAUDE DO PARANA - FUNSAUDE,001,037931,00000011958X,ESTADUAL,S,S,N,46021,2222516.71,2222516.71,482600135.30000001,45991
2025,https://portalfns.saude.gov.br/wp-content/uploads/2026/01/REPASSE-FAF-COM-POPULACAO-2025.xlsx,https://portalfns.saude.gov.br/wp-content/uploads/2026/01/REPASSE-FAF-COM-POPULACAO-2025.xlsx,/home/neologos/anatomia-do-gasto-sprint2/data/raw/_nacional/fns/repasses_faf_com_populacao/2025/REPASSE-FAF-COM-POPULACAO-2025.xlsx,Manutenção Das Ações E Serviços Públicos De Saúde,ATENÇÃO DE MÉDIA E ALTA COMPLEXIDADE AMBULATORIAL E HOSPITALAR,FAEC - PRÉ-CIRÚRGICO EM CIRURGIAS PRIORITÁRIAS,PR,CURITIBA,410690,1830795,2025,13792329000184,FUNDO MUNICIPAL DA SAUDE,001,037931,000000139947,MUNICIPAL,N,S,N,46021,178684.35,178684.35,81102183.269999996,45991
2025,https://portalfns.saude.gov.br/wp-content/uploads/2026/01/REPASSE-FAF-COM-POPULACAO-2025.xlsx,https://portalfns.saude.gov.br/wp-content/uploads/2026/01/REPASSE-FAF-COM-POPULACAO-2025.xlsx,/home/neologos/anatomia-do-gasto-sprint2/data/raw/_nacional/fns/repasses_faf_com_populacao/2025/REPASSE-FAF-COM-POPULACAO-2025.xlsx,Manutenção Das Ações E Serviços Públicos De Saúde,ATENÇÃO DE MÉDIA E ALTA COMPLEXIDADE AMBULATORIAL E HOSPITALAR,FAEC - REABILITAÇÃO PÓS-COVID-19,PR,CURITIBA,410690,1830795,2025,08597121000174,FUNDO ESTADUAL DE SAUDE DO PARANA - FUNSAUDE,001,037931,00000011958X,ESTADUAL,S,S,N,46021,10931.76,10931.76,482600135.30000001,45991
2025,https://portalfns.saude.gov.br/wp-content/uploads/2026/01/REPASSE-FAF-COM-POPULACAO-2025.xlsx,https://portalfns.saude.gov.br/wp-content/uploads/2026/01/REPASSE-FAF-COM-POPULACAO-2025.xlsx,/home/neologos/anatomia-do-gasto-sprint2/data/raw/_nacional/fns/repasses_faf_com_populacao/2025/REPASSE-FAF-COM-POPULACAO-2025.xlsx,Manutenção Das Ações E Serviços Públicos De Saúde,ATENÇÃO DE MÉDIA E ALTA COMPLEXIDADE AMBULATORIAL E HOSPITALAR,FAEC - REABILITAÇÃO PÓS-COVID-19,PR,CURITIBA,410690,1830795,2025,13792329000184,FUNDO MUNICIPAL DA SAUDE,001,037931,000000139947,MUNICIPAL,N,S,N,46021,12384.99,12384.99,81102183.269999996,45991
2025,https://portalfns.saude.gov.br/wp-content/uploads/2026/01/REPASSE-FAF-COM-POPULACAO-2025.xlsx,https://portalfns.saude.gov.br/wp-content/uploads/2026/01/REPASSE-FAF-COM-POPULACAO-2025.xlsx,/home/neologos/anatomia-do-gasto-sprint2/data/raw/_nacional/fns/repasses_faf_com_populacao/2025/REPASSE-FAF-COM-POPULACAO-2025.xlsx,Manutenção Das Ações E Serviços Públicos De Saúde,ATENÇÃO DE MÉDIA E ALTA COMPLEXIDADE AMBULATORIAL E HOSPITALAR,FAEC - REDESIGNAÇÃO E ACOMPANHAMENTO,PR,CURITIBA,410690,1830795,2025,13792329000184,FUNDO MUNICIPAL DA SAUDE,001,037931,000000139947,MUNICIPAL,N,S,N,46021,326322.74,326322.74,81102183.269999996,45991
2025,https://portalfns.saude.gov.br/wp-content/uploads/2026/01/REPASSE-FAF-COM-POPULACAO-2025.xlsx,https://portalfns.saude.gov.br/wp-content/uploads/2026/01/REPASSE-FAF-COM-POPULACAO-2025.xlsx,/home/neologos/anatomia-do-gasto-sprint2/data/raw/_nacional/fns/repasses_faf_com_populacao/2025/REPASSE-FAF-COM-POPULACAO-2025.xlsx,Manutenção Das Ações E Serviços Públicos De Saúde,ATENÇÃO DE MÉDIA E ALTA COMPLEXIDADE AMBULATORIAL E HOSPITALAR,FAEC - TERAPIAS ESPECIALIZADAS EM ANGIOLOGIA,PR,CURITIBA,410690,1830795,2025,08597121000174,FUNDO ESTADUAL DE SAUDE DO PARANA - FUNSAUDE,001,037931,00000011958X,ESTADUAL,S,S,N,46021,14748184.5,14748184.5,482600135.30000001,45991
2025,https://portalfns.saude.gov.br/wp-content/uploads/2026/01/REPASSE-FAF-COM-POPULACAO-2025.xlsx,https://portalfns.saude.gov.br/wp-content/uploads/2026/01/REPASSE-FAF-COM-POPULACAO-2025.xlsx,/home/neologos/anatomia-do-gasto-sprint2/data/raw/_nacional/fns/repasses_faf_com_populacao/2025/REPASSE-FAF-COM-POPULACAO-2025.xlsx,Manutenção Das Ações E Serviços Públicos De Saúde,ATENÇÃO DE MÉDIA E ALTA COMPLEXIDADE AMBULATORIAL E HOSPITALAR,FAEC - TERAPIAS ESPECIALIZADAS EM ANGIOLOGIA,PR,CURITIBA,410690,1830795,2025,13792329000184,FUNDO MUNICIPAL DA SAUDE,001,037931,000000139947,MUNICIPAL,N,S,N,46021,1639441.38,1634036.54,81102183.269999996,45991
2025,https://portalfns.saude.gov.br/wp-content/uploads/2026/01/REPASSE-FAF-COM-POPULACAO-2025.xlsx,https://portalfns.saude.gov.br/wp-content/uploads/2026/01/REPASSE-FAF-COM-POPULACAO-2025.xlsx,/home/neologos/anatomia-do-gasto-sprint2/data/raw/_nacional/fns/repasses_faf_com_populacao/2025/REPASSE-FAF-COM-POPULACAO-2025.xlsx,Manutenção Das Ações E Serviços Públicos De Saúde,ATENÇÃO DE MÉDIA E ALTA COMPLEXIDADE AMBULATORIAL E HOSPITALAR,"FAEC - TRANSPLANTES DE ORGÃOS, TECIDOS E CELULAS",PR,CURITIBA,410690,1830795,2025,08597121000174,FUNDO ESTADUAL DE SAUDE DO PARANA - FUNSAUDE,001,037931,00000011958X,ESTADUAL,S,S,N,46021,39968234.760000013,39968234.760000013,482600135.30000001,45991
2025,https://portalfns.saude.gov.br/wp-content/uploads/2026/01/REPASSE-FAF-COM-POPULACAO-2025.xlsx,https://portalfns.saude.gov.br/wp-content/uploads/2026/01/REPASSE-FAF-COM-POPULACAO-2025.xlsx,/home/neologos/anatomia-do-gasto-sprint2/data/raw/_nacional/fns/repasses_faf_com_populacao/2025/REPASSE-FAF-COM-POPULACAO-2025.xlsx,Manutenção Das Ações E Serviços Públicos De Saúde,ATENÇÃO DE MÉDIA E ALTA COMPLEXIDADE AMBULATORIAL E HOSPITALAR,"FAEC - TRANSPLANTES DE ORGÃOS, TECIDOS E CELULAS",PR,CURITIBA,410690,1830795,2025,13792329000184,FUNDO MUNICIPAL DA SAUDE,001,037931,000000139947,MUNICIPAL,N,S,N,46021,89672742.159999996,76893500.629999995,81102183.269999996,45991
2025,https://portalfns.saude.gov.br/wp-content/uploads/2026/01/REPASSE-FAF-COM-POPULACAO-2025.xlsx,https://portalfns.saude.gov.br/wp-content/uploads/2026/01/REPASSE-FAF-COM-POPULACAO-2025.xlsx,/home/neologos/anatomia-do-gasto-sprint2/data/raw/_nacional/fns/repasses_faf_com_populacao/2025/REPASSE-FAF-COM-POPULACAO-2025.xlsx,Manutenção Das Ações E Serviços Públicos De Saúde,ATENÇÃO DE MÉDIA E ALTA COMPLEXIDADE AMBULATORIAL E HOSPITALAR,FAEC - TRATAMENTO DE DOENÇA MACULAR,PR,CURITIBA,410690,1830795,2025,08597121000174,FUNDO ESTADUAL DE SAUDE DO PARANA - FUNSAUDE,001,037931,00000011958X,ESTADUAL,S,S,N,46021,16402483.279999999,16402483.279999999,482600135.30000001,45991
2025,https://portalfns.saude.gov.br/wp-content/uploads/2026/01/REPASSE-FAF-COM-POPULACAO-2025.xlsx,https://portalfns.saude.gov.br/wp-content/uploads/2026/01/REPASSE-FAF-COM-POPULACAO-2025.xlsx,/home/neologos/anatomia-do-gasto-sprint2/data/raw/_nacional/fns/repasses_faf_com_populacao/2025/REPASSE-FAF-COM-POPULACAO-2025.xlsx,Manutenção Das Ações E Serviços Públicos De Saúde,ATENÇÃO DE MÉDIA E ALTA COMPLEXIDADE AMBULATORIAL E HOSPITALAR,FAEC - TRATAMENTO DE DOENÇA MACULAR,PR,CURITIBA,410690,1830795,2025,13792329000184,FUNDO MUNICIPAL DA SAUDE,001,037931,000000139947,MUNICIPAL,N,S,N,46021,5159284.2399999993,4836201.3600000003,81102183.269999996,45991
2025,https://portalfns.saude.gov.br/wp-content/uploads/2026/01/REPASSE-FAF-COM-POPULACAO-2025.xlsx,https://portalfns.saude.gov.br/wp-content/uploads/2026/01/REPASSE-FAF-COM-POPULACAO-2025.xlsx,/home/neologos/anatomia-do-gasto-sprint2/data/raw/_nacional/fns/repasses_faf_com_populacao/2025/REPASSE-FAF-COM-POPULACAO-2025.xlsx,Manutenção Das Ações E Serviços Públicos De Saúde,GESTÃO DO SUS,"ASSISTÊNCIA FINANCEIRA COMPLEMENTAR AOS ESTADOS, DF E MUNICÍPIOS P/ O PAG DO PISO SALARIAL DOS PROFISSIONAIS DA ENFERMAGEM",PR,CURITIBA,410690,1830795,2025,08597121000174,FUNDO ESTADUAL DE SAUDE DO PARANA - FUNSAUDE,001,037931,000000143529,ESTADUAL,S,S,N,46021,232078363.46000001,232078363.46000001,6100754.21,45991
2025,https://portalfns.saude.gov.br/wp-content/uploads/2026/01/REPASSE-FAF-COM-POPULACAO-2025.xlsx,https://portalfns.saude.gov.br/wp-content/uploads/2026/01/REPASSE-FAF-COM-POPULACAO-2025.xlsx,/home/neologos/anatomia-do-gasto-sprint2/data/raw/_nacional/fns/repasses_faf_com_populacao/2025/REPASSE-FAF-COM-POPULACAO-2025.xlsx,Manutenção Das Ações E Serviços Públicos De Saúde,GESTÃO DO SUS,"ASSISTÊNCIA FINANCEIRA COMPLEMENTAR AOS ESTADOS, DF E MUNICÍPIOS P/ O PAG DO PISO SALARIAL DOS PROFISSIONAIS DA ENFERMAGEM",PR,CURITIBA,410690,1830795,2025,13792329000184,FUNDO MUNICIPAL DA SAUDE,001,037931,000000143537,MUNICIPAL,N,S,N,46021,22830823.960000001,22830823.960000001,3909583.86,45991
2025,https://portalfns.saude.gov.br/wp-content/uploads/2026/01/REPASSE-FAF-COM-POPULACAO-2025.xlsx,https://portalfns.saude.gov.br/wp-content/uploads/2026/01/REPASSE-FAF-COM-POPULACAO-2025.xlsx,/home/neologos/anatomia-do-gasto-sprint2/data/raw/_nacional/fns/repasses_faf_com_populacao/2025/REPASSE-FAF-COM-POPULACAO-2025.xlsx,Manutenção Das Ações E Serviços Públicos De Saúde,ATENÇÃO DE MÉDIA E ALTA COMPLEXIDADE AMBULATORIAL E HOSPITALAR,EMENDA - INCREMENTO TEMPORÁRIO AO CUSTEIO DOS SERVIÇOS DE ASSISTÊNCIA HOSPITALAR E AMBULATORIAL,PR,CURITIBA,410690,1830795,2025,08597121000174,FUNDO ESTADUAL DE SAUDE DO PARANA - FUNSAUDE,001,037931,0016173X,ESTADUAL,S,S,N,46020,600000,600000,-,-
2025,https://portalfns.saude.gov.br/wp-content/uploads/2026/01/REPASSE-FAF-COM-POPULACAO-2025.xlsx,https://portalfns.saude.gov.br/wp-content/uploads/2026/01/REPASSE-FAF-COM-POPULACAO-2025.xlsx,/home/neologos/anatomia-do-gasto-sprint2/data/raw/_nacional/fns/repasses_faf_com_populacao/2025/REPASSE-FAF-COM-POPULACAO-2025.xlsx,Manutenção Das Ações E Serviços Públicos De Saúde,ATENÇÃO DE MÉDIA E ALTA COMPLEXIDADE AMBULATORIAL E HOSPITALAR,EMENDA - INCREMENTO TEMPORÁRIO AO CUSTEIO DOS SERVIÇOS DE ASSISTÊNCIA HOSPITALAR E AMBULATORIAL,PR,CURITIBA,410690,1830795,2025,08597121000174,FUNDO ESTADUAL DE SAUDE DO PARANA - FUNSAUDE,001,037931,00161705,ESTADUAL,S,S,N,46020,466978,466978,-,-
2025,https://portalfns.saude.gov.br/wp-content/uploads/2026/01/REPASSE-FAF-COM-POPULACAO-2025.xlsx,https://portalfns.saude.gov.br/wp-content/uploads/2026/01/REPASSE-FAF-COM-POPULACAO-2025.xlsx,/home/neologos/anatomia-do-gasto-sprint2/data/raw/_nacional/fns/repasses_faf_com_populacao/2025/REPASSE-FAF-COM-POPULACAO-2025.xlsx,Manutenção Das Ações E Serviços Públicos De Saúde,ATENÇÃO DE MÉDIA E ALTA COMPLEXIDADE AMBULATORIAL E HOSPITALAR,EMENDA - INCREMENTO TEMPORÁRIO AO CUSTEIO DOS SERVIÇOS DE ASSISTÊNCIA HOSPITALAR E AMBULATORIAL,PR,CURITIBA,410690,1830795,2025,08597121000174,FUNDO ESTADUAL DE SAUDE DO PARANA - FUNSAUDE,001,037931,00161713,ESTADUAL,S,S,N,46020,500000,500000,-,-
2025,https://portalfns.saude.gov.br/wp-content/uploads/2026/01/REPASSE-FAF-COM-POPULACAO-2025.xlsx,https://portalfns.saude.gov.br/wp-content/uploads/2026/01/REPASSE-FAF-COM-POPULACAO-2025.xlsx,/home/neologos/anatomia-do-gasto-sprint2/data/raw/_nacional/fns/repasses_faf_com_populacao/2025/REPASSE-FAF-COM-POPULACAO-2025.xlsx,Manutenção Das Ações E Serviços Públicos De Saúde,ATENÇÃO DE MÉDIA E ALTA COMPLEXIDADE AMBULATORIAL E HOSPITALAR,EMENDA - INCREMENTO TEMPORÁRIO AO CUSTEIO DOS SERVIÇOS DE ASSISTÊNCIA HOSPITALAR E AMBULATORIAL,PR,CURITIBA,410690,1830795,2025,08597121000174,FUNDO ESTADUAL DE SAUDE DO PARANA - FUNSAUDE,001,037931,00161721,ESTADUAL,S,S,N,46020,200000,200000,-,-
2025,https://portalfns.saude.gov.br/wp-content/uploads/2026/01/REPASSE-FAF-COM-POPULACAO-2025.xlsx,https://portalfns.saude.gov.br/wp-content/uploads/2026/01/REPASSE-FAF-COM-POPULACAO-2025.xlsx,/home/neologos/anatomia-do-gasto-sprint2/data/raw/_nacional/fns/repasses_faf_com_populacao/2025/REPASSE-FAF-COM-POPULACAO-2025.xlsx,Manutenção Das Ações E Serviços Públicos De Saúde,ATENÇÃO DE MÉDIA E ALTA COMPLEXIDADE AMBULATORIAL E HOSPITALAR,EMENDA - INCREMENTO TEMPORÁRIO AO CUSTEIO DOS SERVIÇOS DE ASSISTÊNCIA HOSPITALAR E AMBULATORIAL,PR,CURITIBA,410690,1830795,2025,08597121000174,FUNDO ESTADUAL DE SAUDE DO PARANA - FUNSAUDE,001,037931,00162078,ESTADUAL,S,S,N,46020,167296,167296,-,-
2025,https://portalfns.saude.gov.br/wp-content/uploads/2026/01/REPASSE-FAF-COM-POPULACAO-2025.xlsx,https://portalfns.saude.gov.br/wp-content/uploads/2026/01/REPASSE-FAF-COM-POPULACAO-2025.xlsx,/home/neologos/anatomia-do-gasto-sprint2/data/raw/_nacional/fns/repasses_faf_com_populacao/2025/REPASSE-FAF-COM-POPULACAO-2025.xlsx,Manutenção Das Ações E Serviços Públicos De Saúde,ATENÇÃO DE MÉDIA E ALTA COMPLEXIDADE AMBULATORIAL E HOSPITALAR,EMENDA - INCREMENTO TEMPORÁRIO AO CUSTEIO DOS SERVIÇOS DE ASSISTÊNCIA HOSPITALAR E AMBULATORIAL,PR,CURITIBA,410690,1830795,2025,08597121000174,FUNDO ESTADUAL DE SAUDE DO PARANA - FUNSAUDE,001,037931,00162086,ESTADUAL,S,S,N,46020,132717,132717,-,-
2025,https://portalfns.saude.gov.br/wp-content/uploads/2026/01/REPASSE-FAF-COM-POPULACAO-2025.xlsx,https://portalfns.saude.gov.br/wp-content/uploads/2026/01/REPASSE-FAF-COM-POPULACAO-2025.xlsx,/home/neologos/anatomia-do-gasto-sprint2/data/raw/_nacional/fns/repasses_faf_com_populacao/2025/REPASSE-FAF-COM-POPULACAO-2025.xlsx,Manutenção Das Ações E Serviços Públicos De Saúde,ATENÇÃO DE MÉDIA E ALTA COMPLEXIDADE AMBULATORIAL E HOSPITALAR,EMENDA - INCREMENTO TEMPORÁRIO AO CUSTEIO DOS SERVIÇOS DE ASSISTÊNCIA HOSPITALAR E AMBULATORIAL,PR,CURITIBA,410690,1830795,2025,13792329000184,FUNDO MUNICIPAL DA SAUDE,001,037931,00161748,MUNICIPAL,N,S,N,46020,500000,500000,-,-
2025,https://portalfns.saude.gov.br/wp-content/uploads/2026/01/REPASSE-FAF-COM-POPULACAO-2025.xlsx,https://portalfns.saude.gov.br/wp-content/uploads/2026/01/REPASSE-FAF-COM-POPULACAO-2025.xlsx,/home/neologos/anatomia-do-gasto-sprint2/data/raw/_nacional/fns/repasses_faf_com_populacao/2025/REPASSE-FAF-COM-POPULACAO-2025.xlsx,Manutenção Das Ações E Serviços Públicos De Saúde,ATENÇÃO PRIMÁRIA,INCENTIVO COMPENSATÓRIO DE TRANSIÇÃO,PR,CURITIBA,410690,1830795,2025,13792329000184,FUNDO MUNICIPAL DA SAUDE,001,037931,000000139947,MUNICIPAL,N,S,N,46020,27051701.800000001,27051701.800000001,81102183.269999996,45991
2025,https://portalfns.saude.gov.br/wp-content/uploads/2026/01/REPASSE-FAF-COM-POPULACAO-2025.xlsx,https://portalfns.saude.gov.br/wp-content/uploads/2026/01/REPASSE-FAF-COM-POPULACAO-2025.xlsx,/home/neologos/anatomia-do-gasto-sprint2/data/raw/_nacional/fns/repasses_faf_com_populacao/2025/REPASSE-FAF-COM-POPULACAO-2025.xlsx,Manutenção Das Ações E Serviços Públicos De Saúde,VIGILÂNCIA EM SAÚDE,TRANSFERÊNCIA AOS ENTES FEDERATIVOS PARA O PAGAMENTO DOS VENCIMENTOS DOS AGENTES DE COMBATE ÀS ENDEMIAS,PR,CURITIBA,410690,1830795,2025,13792329000184,FUNDO MUNICIPAL DA SAUDE,001,037931,000000139947,MUNICIPAL,N,S,N,46017,4186644,4186644,81102183.269999996,45991
2025,https://portalfns.saude.gov.br/wp-content/uploads/2026/01/REPASSE-FAF-COM-POPULACAO-2025.xlsx,https://portalfns.saude.gov.br/wp-content/uploads/2026/01/REPASSE-FAF-COM-POPULACAO-2025.xlsx,/home/neologos/anatomia-do-gasto-sprint2/data/raw/_nacional/fns/repasses_faf_com_populacao/2025/REPASSE-FAF-COM-POPULACAO-2025.xlsx,Manutenção Das Ações E Serviços Públicos De Saúde,ATENÇÃO DE MÉDIA E ALTA COMPLEXIDADE AMBULATORIAL E HOSPITALAR,EMENDA - INCREMENTO TEMPORÁRIO AO CUSTEIO DOS SERVIÇOS DE ASSISTÊNCIA HOSPITALAR E AMBULATORIAL,PR,CURITIBA,410690,1830795,2025,08597121000174,FUNDO ESTADUAL DE SAUDE DO PARANA - FUNSAUDE,001,037931,0016061X,ESTADUAL,S,S,N,46014,1000000,1000000,-,-
2025,https://portalfns.saude.gov.br/wp-content/uploads/2026/01/REPASSE-FAF-COM-POPULACAO-2025.xlsx,https://portalfns.saude.gov.br/wp-content/uploads/2026/01/REPASSE-FAF-COM-POPULACAO-2025.xlsx,/home/neologos/anatomia-do-gasto-sprint2/data/raw/_nacional/fns/repasses_faf_com_populacao/2025/REPASSE-FAF-COM-POPULACAO-2025.xlsx,Manutenção Das Ações E Serviços Públicos De Saúde,ATENÇÃO DE MÉDIA E ALTA COMPLEXIDADE AMBULATORIAL E HOSPITALAR,EMENDA - INCREMENTO TEMPORÁRIO AO CUSTEIO DOS SERVIÇOS DE ASSISTÊNCIA HOSPITALAR E AMBULATORIAL,PR,CURITIBA,410690,1830795,2025,08597121000174,FUNDO ESTADUAL DE SAUDE DO PARANA - FUNSAUDE,001,037931,0016108X,ESTADUAL,S,S,N,46014,425000,425000,-,-
2025,https://portalfns.saude.gov.br/wp-content/uploads/2026/01/REPASSE-FAF-COM-POPULACAO-2025.xlsx,https://portalfns.saude.gov.br/wp-content/uploads/2026/01/REPASSE-FAF-COM-POPULACAO-2025.xlsx,/home/neologos/anatomia-do-gasto-sprint2/data/raw/_nacional/fns/repasses_faf_com_populacao/2025/REPASSE-FAF-COM-POPULACAO-2025.xlsx,Manutenção Das Ações E Serviços Públicos De Saúde,ATENÇÃO DE MÉDIA E ALTA COMPLEXIDADE AMBULATORIAL E HOSPITALAR,EMENDA - INCREMENTO TEMPORÁRIO AO CUSTEIO DOS SERVIÇOS DE ASSISTÊNCIA HOSPITALAR E AMBULATORIAL,PR,CURITIBA,410690,1830795,2025,08597121000174,FUNDO ESTADUAL DE SAUDE DO PARANA - FUNSAUDE,001,037931,0016111X,ESTADUAL,S,S,N,46014,384392,384392,-,-
2025,https://portalfns.saude.gov.br/wp-content/uploads/2026/01/REPASSE-FAF-COM-POPULACAO-2025.xlsx,https://portalfns.saude.gov.br/wp-content/uploads/2026/01/REPASSE-FAF-COM-POPULACAO-2025.xlsx,/home/neologos/anatomia-do-gasto-sprint2/data/raw/_nacional/fns/repasses_faf_com_populacao/2025/REPASSE-FAF-COM-POPULACAO-2025.xlsx,Manutenção Das Ações E Serviços Públicos De Saúde,ATENÇÃO DE MÉDIA E ALTA COMPLEXIDADE AMBULATORIAL E HOSPITALAR,EMENDA - INCREMENTO TEMPORÁRIO AO CUSTEIO DOS SERVIÇOS DE ASSISTÊNCIA HOSPITALAR E AMBULATORIAL,PR,CURITIBA,410690,1830795,2025,08597121000174,FUNDO ESTADUAL DE SAUDE DO PARANA - FUNSAUDE,001,037931,0016142X,ESTADUAL,S,S,N,46014,5000000,5000000,-,-
2025,https://portalfns.saude.gov.br/wp-content/uploads/2026/01/REPASSE-FAF-COM-POPULACAO-2025.xlsx,https://portalfns.saude.gov.br/wp-content/uploads/2026/01/REPASSE-FAF-COM-POPULACAO-2025.xlsx,/home/neologos/anatomia-do-gasto-sprint2/data/raw/_nacional/fns/repasses_faf_com_populacao/2025/REPASSE-FAF-COM-POPULACAO-2025.xlsx,Manutenção Das Ações E Serviços Públicos De Saúde,ATENÇÃO DE MÉDIA E ALTA COMPLEXIDADE AMBULATORIAL E HOSPITALAR,EMENDA - INCREMENTO TEMPORÁRIO AO CUSTEIO DOS SERVIÇOS DE ASSISTÊNCIA HOSPITALAR E AMBULATORIAL,PR,CURITIBA,410690,1830795,2025,08597121000174,FUNDO ESTADUAL DE SAUDE DO PARANA - FUNSAUDE,001,037931,0016156X,ESTADUAL,S,S,N,46014,350000,350000,-,-
2025,https://portalfns.saude.gov.br/wp-content/uploads/2026/01/REPASSE-FAF-COM-POPULACAO-2025.xlsx,https://portalfns.saude.gov.br/wp-content/uploads/2026/01/REPASSE-FAF-COM-POPULACAO-2025.xlsx,/home/neologos/anatomia-do-gasto-sprint2/data/raw/_nacional/fns/repasses_faf_com_populacao/2025/REPASSE-FAF-COM-POPULACAO-2025.xlsx,Manutenção Das Ações E Serviços Públicos De Saúde,ATENÇÃO DE MÉDIA E ALTA COMPLEXIDADE AMBULATORIAL E HOSPITALAR,EMENDA - INCREMENTO TEMPORÁRIO AO CUSTEIO DOS SERVIÇOS DE ASSISTÊNCIA HOSPITALAR E AMBULATORIAL,PR,CURITIBA,410690,1830795,2025,08597121000174,FUNDO ESTADUAL DE SAUDE DO PARANA - FUNSAUDE,001,037931,00159883,ESTADUAL,S,S,N,46014,1000000,1000000,-,-
2025,https://portalfns.saude.gov.br/wp-content/uploads/2026/01/REPASSE-FAF-COM-POPULACAO-2025.xlsx,https://portalfns.saude.gov.br/wp-content/uploads/2026/01/REPASSE-FAF-COM-POPULACAO-2025.xlsx,/home/neologos/anatomia-do-gasto-sprint2/data/raw/_nacional/fns/repasses_faf_com_populacao/2025/REPASSE-FAF-COM-POPULACAO-2025.xlsx,Manutenção Das Ações E Serviços Públicos De Saúde,ATENÇÃO DE MÉDIA E ALTA COMPLEXIDADE AMBULATORIAL E HOSPITALAR,EMENDA - INCREMENTO TEMPORÁRIO AO CUSTEIO DOS SERVIÇOS DE ASSISTÊNCIA HOSPITALAR E AMBULATORIAL,PR,CURITIBA,410690,1830795,2025,08597121000174,FUNDO ESTADUAL DE SAUDE DO PARANA - FUNSAUDE,001,037931,00160067,ESTADUAL,S,S,N,46014,200000,200000,-,-
2025,https://portalfns.saude.gov.br/wp-content/uploads/2026/01/REPASSE-FAF-COM-POPULACAO-2025.xlsx,https://portalfns.saude.gov.br/wp-content/uploads/2026/01/REPASSE-FAF-COM-POPULACAO-2025.xlsx,/home/neologos/anatomia-do-gasto-sprint2/data/raw/_nacional/fns/repasses_faf_com_populacao/2025/REPASSE-FAF-COM-POPULACAO-2025.xlsx,Manutenção Das Ações E Serviços Públicos De Saúde,ATENÇÃO DE MÉDIA E ALTA COMPLEXIDADE AMBULATORIAL E HOSPITALAR,EMENDA - INCREMENTO TEMPORÁRIO AO CUSTEIO DOS SERVIÇOS DE ASSISTÊNCIA HOSPITALAR E AMBULATORIAL,PR,CURITIBA,410690,1830795,2025,08597121000174,FUNDO ESTADUAL DE SAUDE DO PARANA - FUNSAUDE,001,037931,00160199,ESTADUAL,S,S,N,46014,200000,200000,-,-
2025,https://portalfns.saude.gov.br/wp-content/uploads/2026/01/REPASSE-FAF-COM-POPULACAO-2025.xlsx,https://portalfns.saude.gov.br/wp-content/uploads/2026/01/REPASSE-FAF-COM-POPULACAO-2025.xlsx,/home/neologos/anatomia-do-gasto-sprint2/data/raw/_nacional/fns/repasses_faf_com_populacao/2025/REPASSE-FAF-COM-POPULACAO-2025.xlsx,Manutenção Das Ações E Serviços Públicos De Saúde,ATENÇÃO DE MÉDIA E ALTA COMPLEXIDADE AMBULATORIAL E HOSPITALAR,EMENDA - INCREMENTO TEMPORÁRIO AO CUSTEIO DOS SERVIÇOS DE ASSISTÊNCIA HOSPITALAR E AMBULATORIAL,PR,CURITIBA,410690,1830795,2025,08597121000174,FUNDO ESTADUAL DE SAUDE DO PARANA - FUNSAUDE,001,037931,00160202,ESTADUAL,S,S,N,46014,200000,200000,-,-
2025,https://portalfns.saude.gov.br/wp-content/uploads/2026/01/REPASSE-FAF-COM-POPULACAO-2025.xlsx,https://portalfns.saude.gov.br/wp-content/uploads/2026/01/REPASSE-FAF-COM-POPULACAO-2025.xlsx,/home/neologos/anatomia-do-gasto-sprint2/data/raw/_nacional/fns/repasses_faf_com_populacao/2025/REPASSE-FAF-COM-POPULACAO-2025.xlsx,Manutenção Das Ações E Serviços Públicos De Saúde,ATENÇÃO DE MÉDIA E ALTA COMPLEXIDADE AMBULATORIAL E HOSPITALAR,EMENDA - INCREMENTO TEMPORÁRIO AO CUSTEIO DOS SERVIÇOS DE ASSISTÊNCIA HOSPITALAR E AMBULATORIAL,PR,CURITIBA,410690,1830795,2025,08597121000174,FUNDO ESTADUAL DE SAUDE DO PARANA - FUNSAUDE,001,037931,00160210,ESTADUAL,S,S,N,46014,200000,200000,-,-
2025,https://portalfns.saude.gov.br/wp-content/uploads/2026/01/REPASSE-FAF-COM-POPULACAO-2025.xlsx,https://portalfns.saude.gov.br/wp-content/uploads/2026/01/REPASSE-FAF-COM-POPULACAO-2025.xlsx,/home/neologos/anatomia-do-gasto-sprint2/data/raw/_nacional/fns/repasses_faf_com_populacao/2025/REPASSE-FAF-COM-POPULACAO-2025.xlsx,Manutenção Das Ações E Serviços Públicos De Saúde,ATENÇÃO DE MÉDIA E ALTA COMPLEXIDADE AMBULATORIAL E HOSPITALAR,EMENDA - INCREMENTO TEMPORÁRIO AO CUSTEIO DOS SERVIÇOS DE ASSISTÊNCIA HOSPITALAR E AMBULATORIAL,PR,CURITIBA,410690,1830795,2025,08597121000174,FUNDO ESTADUAL DE SAUDE DO PARANA - FUNSAUDE,001,037931,00160598,ESTADUAL,S,S,N,46014,400000,400000,-,-
2025,https://portalfns.saude.gov.br/wp-content/uploads/2026/01/REPASSE-FAF-COM-POPULACAO-2025.xlsx,https://portalfns.saude.gov.br/wp-content/uploads/2026/01/REPASSE-FAF-COM-POPULACAO-2025.xlsx,/home/neologos/anatomia-do-gasto-sprint2/data/raw/_nacional/fns/repasses_faf_com_populacao/2025/REPASSE-FAF-COM-POPULACAO-2025.xlsx,Manutenção Das Ações E Serviços Públicos De Saúde,ATENÇÃO DE MÉDIA E ALTA COMPLEXIDADE AMBULATORIAL E HOSPITALAR,EMENDA - INCREMENTO TEMPORÁRIO AO CUSTEIO DOS SERVIÇOS DE ASSISTÊNCIA HOSPITALAR E AMBULATORIAL,PR,CURITIBA,410690,1830795,2025,08597121000174,FUNDO ESTADUAL DE SAUDE DO PARANA - FUNSAUDE,001,037931,00160601,ESTADUAL,S,S,N,46014,800000,800000,-,-
2025,https://portalfns.saude.gov.br/wp-content/uploads/2026/01/REPASSE-FAF-COM-POPULACAO-2025.xlsx,https://portalfns.saude.gov.br/wp-content/uploads/2026/01/REPASSE-FAF-COM-POPULACAO-2025.xlsx,/home/neologos/anatomia-do-gasto-sprint2/data/raw/_nacional/fns/repasses_faf_com_populacao/2025/REPASSE-FAF-COM-POPULACAO-2025.xlsx,Manutenção Das Ações E Serviços Públicos De Saúde,ATENÇÃO DE MÉDIA E ALTA COMPLEXIDADE AMBULATORIAL E HOSPITALAR,EMENDA - INCREMENTO TEMPORÁRIO AO CUSTEIO DOS SERVIÇOS DE ASSISTÊNCIA HOSPITALAR E AMBULATORIAL,PR,CURITIBA,410690,1830795,2025,08597121000174,FUNDO ESTADUAL DE SAUDE DO PARANA - FUNSAUDE,001,037931,00160628,ESTADUAL,S,S,N,46014,1000000,1000000,-,-
2025,https://portalfns.saude.gov.br/wp-content/uploads/2026/01/REPASSE-FAF-COM-POPULACAO-2025.xlsx,https://portalfns.saude.gov.br/wp-content/uploads/2026/01/REPASSE-FAF-COM-POPULACAO-2025.xlsx,/home/neologos/anatomia-do-gasto-sprint2/data/raw/_nacional/fns/repasses_faf_com_populacao/2025/REPASSE-FAF-COM-POPULACAO-2025.xlsx,Manutenção Das Ações E Serviços Públicos De Saúde,ATENÇÃO DE MÉDIA E ALTA COMPLEXIDADE AMBULATORIAL E HOSPITALAR,EMENDA - INCREMENTO TEMPORÁRIO AO CUSTEIO DOS SERVIÇOS DE ASSISTÊNCIA HOSPITALAR E AMBULATORIAL,PR,CURITIBA,410690,1830795,2025,08597121000174,FUNDO ESTADUAL DE SAUDE DO PARANA - FUNSAUDE,001,037931,00160695,ESTADUAL,S,S,N,46014,700000,700000,-,-
2025,https://portalfns.saude.gov.br/wp-content/uploads/2026/01/REPASSE-FAF-COM-POPULACAO-2025.xlsx,https://portalfns.saude.gov.br/wp-content/uploads/2026/01/REPASSE-FAF-COM-POPULACAO-2025.xlsx,/home/neologos/anatomia-do-gasto-sprint2/data/raw/_nacional/fns/repasses_faf_com_populacao/2025/REPASSE-FAF-COM-POPULACAO-2025.xlsx,Manutenção Das Ações E Serviços Públicos De Saúde,ATENÇÃO DE MÉDIA E ALTA COMPLEXIDADE AMBULATORIAL E HOSPITALAR,EMENDA - INCREMENTO TEMPORÁRIO AO CUSTEIO DOS SERVIÇOS DE ASSISTÊNCIA HOSPITALAR E AMBULATORIAL,PR,CURITIBA,410690,1830795,2025,08597121000174,FUNDO ESTADUAL DE SAUDE DO PARANA - FUNSAUDE,001,037931,00160725,ESTADUAL,S,S,N,46014,700000,700000,-,-
2025,https://portalfns.saude.gov.br/wp-content/uploads/2026/01/REPASSE-FAF-COM-POPULACAO-2025.xlsx,https://portalfns.saude.gov.br/wp-content/uploads/2026/01/REPASSE-FAF-COM-POPULACAO-2025.xlsx,/home/neologos/anatomia-do-gasto-sprint2/data/raw/_nacional/fns/repasses_faf_com_populacao/2025/REPASSE-FAF-COM-POPULACAO-2025.xlsx,Manutenção Das Ações E Serviços Públicos De Saúde,ATENÇÃO DE MÉDIA E ALTA COMPLEXIDADE AMBULATORIAL E HOSPITALAR,EMENDA - INCREMENTO TEMPORÁRIO AO CUSTEIO DOS SERVIÇOS DE ASSISTÊNCIA HOSPITALAR E AMBULATORIAL,PR,CURITIBA,410690,1830795,2025,08597121000174,FUNDO ESTADUAL DE SAUDE DO PARANA - FUNSAUDE,001,037931,00161012,ESTADUAL,S,S,N,46014,270000,270000,-,-
2025,https://portalfns.saude.gov.br/wp-content/uploads/2026/01/REPASSE-FAF-COM-POPULACAO-2025.xlsx,https://portalfns.saude.gov.br/wp-content/uploads/2026/01/REPASSE-FAF-COM-POPULACAO-2025.xlsx,/home/neologos/anatomia-do-gasto-sprint2/data/raw/_nacional/fns/repasses_faf_com_populacao/2025/REPASSE-FAF-COM-POPULACAO-2025.xlsx,Manutenção Das Ações E Serviços Públicos De Saúde,ATENÇÃO DE MÉDIA E ALTA COMPLEXIDADE AMBULATORIAL E HOSPITALAR,EMENDA - INCREMENTO TEMPORÁRIO AO CUSTEIO DOS SERVIÇOS DE ASSISTÊNCIA HOSPITALAR E AMBULATORIAL,PR,CURITIBA,410690,1830795,2025,08597121000174,FUNDO ESTADUAL DE SAUDE DO PARANA - FUNSAUDE,001,037931,00161055,ESTADUAL,S,S,N,46014,786336,786336,-,-
2025,https://portalfns.saude.gov.br/wp-content/uploads/2026/01/REPASSE-FAF-COM-POPULACAO-2025.xlsx,https://portalfns.saude.gov.br/wp-content/uploads/2026/01/REPASSE-FAF-COM-POPULACAO-2025.xlsx,/home/neologos/anatomia-do-gasto-sprint2/data/raw/_nacional/fns/repasses_faf_com_populacao/2025/REPASSE-FAF-COM-POPULACAO-2025.xlsx,Manutenção Das Ações E Serviços Públicos De Saúde,ATENÇÃO DE MÉDIA E ALTA COMPLEXIDADE AMBULATORIAL E HOSPITALAR,EMENDA - INCREMENTO TEMPORÁRIO AO CUSTEIO DOS SERVIÇOS DE ASSISTÊNCIA HOSPITALAR E AMBULATORIAL,PR,CURITIBA,410690,1830795,2025,08597121000174,FUNDO ESTADUAL DE SAUDE DO PARANA - FUNSAUDE,001,037931,00161098,ESTADUAL,S,S,N,46014,350000,350000,-,-
2025,https://portalfns.saude.gov.br/wp-content/uploads/2026/01/REPASSE-FAF-COM-POPULACAO-2025.xlsx,https://portalfns.saude.gov.br/wp-content/uploads/2026/01/REPASSE-FAF-COM-POPULACAO-2025.xlsx,/home/neologos/anatomia-do-gasto-sprint2/data/raw/_nacional/fns/repasses_faf_com_populacao/2025/REPASSE-FAF-COM-POPULACAO-2025.xlsx,Manutenção Das Ações E Serviços Públicos De Saúde,ATENÇÃO DE MÉDIA E ALTA COMPLEXIDADE AMBULATORIAL E HOSPITALAR,EMENDA - INCREMENTO TEMPORÁRIO AO CUSTEIO DOS SERVIÇOS DE ASSISTÊNCIA HOSPITALAR E AMBULATORIAL,PR,CURITIBA,410690,1830795,2025,08597121000174,FUNDO ESTADUAL DE SAUDE DO PARANA - FUNSAUDE,001,037931,00161101,ESTADUAL,S,S,N,46014,217978,217978,-,-
2025,https://portalfns.saude.gov.br/wp-content/uploads/2026/01/REPASSE-FAF-COM-POPULACAO-2025.xlsx,https://portalfns.saude.gov.br/wp-content/uploads/2026/01/REPASSE-FAF-COM-POPULACAO-2025.xlsx,/home/neologos/anatomia-do-gasto-sprint2/data/raw/_nacional/fns/repasses_faf_com_populacao/2025/REPASSE-FAF-COM-POPULACAO-2025.xlsx,Manutenção Das Ações E Serviços Públicos De Saúde,ATENÇÃO DE MÉDIA E ALTA COMPLEXIDADE AMBULATORIAL E HOSPITALAR,EMENDA - INCREMENTO TEMPORÁRIO AO CUSTEIO DOS SERVIÇOS DE ASSISTÊNCIA HOSPITALAR E AMBULATORIAL,PR,CURITIBA,410690,1830795,2025,08597121000174,FUNDO ESTADUAL DE SAUDE DO PARANA - FUNSAUDE,001,037931,00161128,ESTADUAL,S,S,N,46014,250000,250000,-,-
2025,https://portalfns.saude.gov.br/wp-content/uploads/2026/01/REPASSE-FAF-COM-POPULACAO-2025.xlsx,https://portalfns.saude.gov.br/wp-content/uploads/2026/01/REPASSE-FAF-COM-POPULACAO-2025.xlsx,/home/neologos/anatomia-do-gasto-sprint2/data/raw/_nacional/fns/repasses_faf_com_populacao/2025/REPASSE-FAF-COM-POPULACAO-2025.xlsx,Manutenção Das Ações E Serviços Públicos De Saúde,ATENÇÃO DE MÉDIA E ALTA COMPLEXIDADE AMBULATORIAL E HOSPITALAR,EMENDA - INCREMENTO TEMPORÁRIO AO CUSTEIO DOS SERVIÇOS DE ASSISTÊNCIA HOSPITALAR E AMBULATORIAL,PR,CURITIBA,410690,1830795,2025,08597121000174,FUNDO ESTADUAL DE SAUDE DO PARANA - FUNSAUDE,001,037931,00161144,ESTADUAL,S,S,N,46014,700000,700000,-,-
2025,https://portalfns.saude.gov.br/wp-content/uploads/2026/01/REPASSE-FAF-COM-POPULACAO-2025.xlsx,https://portalfns.saude.gov.br/wp-content/uploads/2026/01/REPASSE-FAF-COM-POPULACAO-2025.xlsx,/home/neologos/anatomia-do-gasto-sprint2/data/raw/_nacional/fns/repasses_faf_com_populacao/2025/REPASSE-FAF-COM-POPULACAO-2025.xlsx,Manutenção Das Ações E Serviços Públicos De Saúde,ATENÇÃO DE MÉDIA E ALTA COMPLEXIDADE AMBULATORIAL E HOSPITALAR,EMENDA - INCREMENTO TEMPORÁRIO AO CUSTEIO DOS SERVIÇOS DE ASSISTÊNCIA HOSPITALAR E AMBULATORIAL,PR,CURITIBA,410690,1830795,2025,08597121000174,FUNDO ESTADUAL DE SAUDE DO PARANA - FUNSAUDE,001,037931,00161152,ESTADUAL,S,S,N,46014,100000,100000,-,-
2025,https://portalfns.saude.gov.br/wp-content/uploads/2026/01/REPASSE-FAF-COM-POPULACAO-2025.xlsx,https://portalfns.saude.gov.br/wp-content/uploads/2026/01/REPASSE-FAF-COM-POPULACAO-2025.xlsx,/home/neologos/anatomia-do-gasto-sprint2/data/raw/_nacional/fns/repasses_faf_com_populacao/2025/REPASSE-FAF-COM-POPULACAO-2025.xlsx,Manutenção Das Ações E Serviços Públicos De Saúde,ATENÇÃO DE MÉDIA E ALTA COMPLEXIDADE AMBULATORIAL E HOSPITALAR,EMENDA - INCREMENTO TEMPORÁRIO AO CUSTEIO DOS SERVIÇOS DE ASSISTÊNCIA HOSPITALAR E AMBULATORIAL,PR,CURITIBA,410690,1830795,2025,08597121000174,FUNDO ESTADUAL DE SAUDE DO PARANA - FUNSAUDE,001,037931,00161160,ESTADUAL,S,S,N,46014,200000,200000,-,-
2025,https://portalfns.saude.gov.br/wp-content/uploads/2026/01/REPASSE-FAF-COM-POPULACAO-2025.xlsx,https://portalfns.saude.gov.br/wp-content/uploads/2026/01/REPASSE-FAF-COM-POPULACAO-2025.xlsx,/home/neologos/anatomia-do-gasto-sprint2/data/raw/_nacional/fns/repasses_faf_com_populacao/2025/REPASSE-FAF-COM-POPULACAO-2025.xlsx,Manutenção Das Ações E Serviços Públicos De Saúde,ATENÇÃO DE MÉDIA E ALTA COMPLEXIDADE AMBULATORIAL E HOSPITALAR,EMENDA - INCREMENTO TEMPORÁRIO AO CUSTEIO DOS SERVIÇOS DE ASSISTÊNCIA HOSPITALAR E AMBULATORIAL,PR,CURITIBA,410690,1830795,2025,08597121000174,FUNDO ESTADUAL DE SAUDE DO PARANA - FUNSAUDE,001,037931,00161179,ESTADUAL,S,S,N,46014,200000,200000,-,-
2025,https://portalfns.saude.gov.br/wp-content/uploads/2026/01/REPASSE-FAF-COM-POPULACAO-2025.xlsx,https://portalfns.saude.gov.br/wp-content/uploads/2026/01/REPASSE-FAF-COM-POPULACAO-2025.xlsx,/home/neologos/anatomia-do-gasto-sprint2/data/raw/_nacional/fns/repasses_faf_com_populacao/2025/REPASSE-FAF-COM-POPULACAO-2025.xlsx,Manutenção Das Ações E Serviços Públicos De Saúde,ATENÇÃO DE MÉDIA E ALTA COMPLEXIDADE AMBULATORIAL E HOSPITALAR,EMENDA - INCREMENTO TEMPORÁRIO AO CUSTEIO DOS SERVIÇOS DE ASSISTÊNCIA HOSPITALAR E AMBULATORIAL,PR,CURITIBA,410690,1830795,2025,08597121000174,FUNDO ESTADUAL DE SAUDE DO PARANA - FUNSAUDE,001,037931,00161187,ESTADUAL,S,S,N,46014,300000,300000,-,-
2025,https://portalfns.saude.gov.br/wp-content/uploads/2026/01/REPASSE-FAF-COM-POPULACAO-2025.xlsx,https://portalfns.saude.gov.br/wp-content/uploads/2026/01/REPASSE-FAF-COM-POPULACAO-2025.xlsx,/home/neologos/anatomia-do-gasto-sprint2/data/raw/_nacional/fns/repasses_faf_com_populacao/2025/REPASSE-FAF-COM-POPULACAO-2025.xlsx,Manutenção Das Ações E Serviços Públicos De Saúde,ATENÇÃO DE MÉDIA E ALTA COMPLEXIDADE AMBULATORIAL E HOSPITALAR,EMENDA - INCREMENTO TEMPORÁRIO AO CUSTEIO DOS SERVIÇOS DE ASSISTÊNCIA HOSPITALAR E AMBULATORIAL,PR,CURITIBA,410690,1830795,2025,08597121000174,FUNDO ESTADUAL DE SAUDE DO PARANA - FUNSAUDE,001,037931,00161195,ESTADUAL,S,S,N,46014,140646,140646,-,-
2025,https://portalfns.saude.gov.br/wp-content/uploads/2026/01/REPASSE-FAF-COM-POPULACAO-2025.xlsx,https://portalfns.saude.gov.br/wp-content/uploads/2026/01/REPASSE-FAF-COM-POPULACAO-2025.xlsx,/home/neologos/anatomia-do-gasto-sprint2/data/raw/_nacional/fns/repasses_faf_com_populacao/2025/REPASSE-FAF-COM-POPULACAO-2025.xlsx,Manutenção Das Ações E Serviços Públicos De Saúde,ATENÇÃO DE MÉDIA E ALTA COMPLEXIDADE AMBULATORIAL E HOSPITALAR,EMENDA - INCREMENTO TEMPORÁRIO AO CUSTEIO DOS SERVIÇOS DE ASSISTÊNCIA HOSPITALAR E AMBULATORIAL,PR,CURITIBA,410690,1830795,2025,08597121000174,FUNDO ESTADUAL DE SAUDE DO PARANA - FUNSAUDE,001,037931,00161403,ESTADUAL,S,S,N,46014,50000,50000,-,-
2025,https://portalfns.saude.gov.br/wp-content/uploads/2026/01/REPASSE-FAF-COM-POPULACAO-2025.xlsx,https://portalfns.saude.gov.br/wp-content/uploads/2026/01/REPASSE-FAF-COM-POPULACAO-2025.xlsx,/home/neologos/anatomia-do-gasto-sprint2/data/raw/_nacional/fns/repasses_faf_com_populacao/2025/REPASSE-FAF-COM-POPULACAO-2025.xlsx,Manutenção Das Ações E Serviços Públicos De Saúde,ATENÇÃO DE MÉDIA E ALTA COMPLEXIDADE AMBULATORIAL E HOSPITALAR,EMENDA - INCREMENTO TEMPORÁRIO AO CUSTEIO DOS SERVIÇOS DE ASSISTÊNCIA HOSPITALAR E AMBULATORIAL,PR,CURITIBA,410690,1830795,2025,08597121000174,FUNDO ESTADUAL DE SAUDE DO PARANA - FUNSAUDE,001,037931,00161411,ESTADUAL,S,S,N,46014,700000,700000,-,-
2025,https://portalfns.saude.gov.br/wp-content/uploads/2026/01/REPASSE-FAF-COM-POPULACAO-2025.xlsx,https://portalfns.saude.gov.br/wp-content/uploads/2026/01/REPASSE-FAF-COM-POPULACAO-2025.xlsx,/home/neologos/anatomia-do-gasto-sprint2/data/raw/_nacional/fns/repasses_faf_com_populacao/2025/REPASSE-FAF-COM-POPULACAO-2025.xlsx,Manutenção Das Ações E Serviços Públicos De Saúde,ATENÇÃO DE MÉDIA E ALTA COMPLEXIDADE AMBULATORIAL E HOSPITALAR,EMENDA - INCREMENTO TEMPORÁRIO AO CUSTEIO DOS SERVIÇOS DE ASSISTÊNCIA HOSPITALAR E AMBULATORIAL,PR,CURITIBA,410690,1830795,2025,08597121000174,FUNDO ESTADUAL DE SAUDE DO PARANA - FUNSAUDE,001,037931,00161438,ESTADUAL,S,S,N,46014,500000,500000,-,-
2025,https://portalfns.saude.gov.br/wp-content/uploads/2026/01/REPASSE-FAF-COM-POPULACAO-2025.xlsx,https://portalfns.saude.gov.br/wp-content/uploads/2026/01/REPASSE-FAF-COM-POPULACAO-2025.xlsx,/home/neologos/anatomia-do-gasto-sprint2/data/raw/_nacional/fns/repasses_faf_com_populacao/2025/REPASSE-FAF-COM-POPULACAO-2025.xlsx,Manutenção Das Ações E Serviços Públicos De Saúde,ATENÇÃO DE MÉDIA E ALTA COMPLEXIDADE AMBULATORIAL E HOSPITALAR,EMENDA - INCREMENTO TEMPORÁRIO AO CUSTEIO DOS SERVIÇOS DE ASSISTÊNCIA HOSPITALAR E AMBULATORIAL,PR,CURITIBA,410690,1830795,2025,08597121000174,FUNDO ESTADUAL DE SAUDE DO PARANA - FUNSAUDE,001,037931,00161519,ESTADUAL,S,S,N,46014,250000,250000,-,-
2025,https://portalfns.saude.gov.br/wp-content/uploads/2026/01/REPASSE-FAF-COM-POPULACAO-2025.xlsx,https://portalfns.saude.gov.br/wp-content/uploads/2026/01/REPASSE-FAF-COM-POPULACAO-2025.xlsx,/home/neologos/anatomia-do-gasto-sprint2/data/raw/_nacional/fns/repasses_faf_com_populacao/2025/REPASSE-FAF-COM-POPULACAO-2025.xlsx,Manutenção Das Ações E Serviços Públicos De Saúde,ATENÇÃO DE MÉDIA E ALTA COMPLEXIDADE AMBULATORIAL E HOSPITALAR,EMENDA - INCREMENTO TEMPORÁRIO AO CUSTEIO DOS SERVIÇOS DE ASSISTÊNCIA HOSPITALAR E AMBULATORIAL,PR,CURITIBA,410690,1830795,2025,08597121000174,FUNDO ESTADUAL DE SAUDE DO PARANA - FUNSAUDE,001,037931,00161527,ESTADUAL,S,S,N,46014,300000,300000,-,-
2025,https://portalfns.saude.gov.br/wp-content/uploads/2026/01/REPASSE-FAF-COM-POPULACAO-2025.xlsx,https://portalfns.saude.gov.br/wp-content/uploads/2026/01/REPASSE-FAF-COM-POPULACAO-2025.xlsx,/home/neologos/anatomia-do-gasto-sprint2/data/raw/_nacional/fns/repasses_faf_com_populacao/2025/REPASSE-FAF-COM-POPULACAO-2025.xlsx,Manutenção Das Ações E Serviços Públicos De Saúde,ATENÇÃO DE MÉDIA E ALTA COMPLEXIDADE AMBULATORIAL E HOSPITALAR,EMENDA - INCREMENTO TEMPORÁRIO AO CUSTEIO DOS SERVIÇOS DE ASSISTÊNCIA HOSPITALAR E AMBULATORIAL,PR,CURITIBA,410690,1830795,2025,08597121000174,FUNDO ESTADUAL DE SAUDE DO PARANA - FUNSAUDE,001,037931,00161535,ESTADUAL,S,S,N,46014,1231747,1231747,-,-
2025,https://portalfns.saude.gov.br/wp-content/uploads/2026/01/REPASSE-FAF-COM-POPULACAO-2025.xlsx,https://portalfns.saude.gov.br/wp-content/uploads/2026/01/REPASSE-FAF-COM-POPULACAO-2025.xlsx,/home/neologos/anatomia-do-gasto-sprint2/data/raw/_nacional/fns/repasses_faf_com_populacao/2025/REPASSE-FAF-COM-POPULACAO-2025.xlsx,Manutenção Das Ações E Serviços Públicos De Saúde,ATENÇÃO DE MÉDIA E ALTA COMPLEXIDADE AMBULATORIAL E HOSPITALAR,EMENDA - INCREMENTO TEMPORÁRIO AO CUSTEIO DOS SERVIÇOS DE ASSISTÊNCIA HOSPITALAR E AMBULATORIAL,PR,CURITIBA,410690,1830795,2025,08597121000174,FUNDO ESTADUAL DE SAUDE DO PARANA - FUNSAUDE,001,037931,00161543,ESTADUAL,S,S,N,46014,117634,117634,-,-
2025,https://portalfns.saude.gov.br/wp-content/uploads/2026/01/REPASSE-FAF-COM-POPULACAO-2025.xlsx,https://portalfns.saude.gov.br/wp-content/uploads/2026/01/REPASSE-FAF-COM-POPULACAO-2025.xlsx,/home/neologos/anatomia-do-gasto-sprint2/data/raw/_nacional/fns/repasses_faf_com_populacao/2025/REPASSE-FAF-COM-POPULACAO-2025.xlsx,Manutenção Das Ações E Serviços Públicos De Saúde,ATENÇÃO DE MÉDIA E ALTA COMPLEXIDADE AMBULATORIAL E HOSPITALAR,EMENDA - INCREMENTO TEMPORÁRIO AO CUSTEIO DOS SERVIÇOS DE ASSISTÊNCIA HOSPITALAR E AMBULATORIAL,PR,CURITIBA,410690,1830795,2025,08597121000174,FUNDO ESTADUAL DE SAUDE DO PARANA - FUNSAUDE,001,037931,00161616,ESTADUAL,S,S,N,46014,50000,50000,-,-
2025,https://portalfns.saude.gov.br/wp-content/uploads/2026/01/REPASSE-FAF-COM-POPULACAO-2025.xlsx,https://portalfns.saude.gov.br/wp-content/uploads/2026/01/REPASSE-FAF-COM-POPULACAO-2025.xlsx,/home/neologos/anatomia-do-gasto-sprint2/data/raw/_nacional/fns/repasses_faf_com_populacao/2025/REPASSE-FAF-COM-POPULACAO-2025.xlsx,Manutenção Das Ações E Serviços Públicos De Saúde,ATENÇÃO DE MÉDIA E ALTA COMPLEXIDADE AMBULATORIAL E HOSPITALAR,EMENDA - INCREMENTO TEMPORÁRIO AO CUSTEIO DOS SERVIÇOS DE ASSISTÊNCIA HOSPITALAR E AMBULATORIAL,PR,CURITIBA,410690,1830795,2025,08597121000174,FUNDO ESTADUAL DE SAUDE DO PARANA - FUNSAUDE,001,037931,00161624,ESTADUAL,S,S,N,46014,196569,196569,-,-
2025,https://portalfns.saude.gov.br/wp-content/uploads/2026/01/REPASSE-FAF-COM-POPULACAO-2025.xlsx,https://portalfns.saude.gov.br/wp-content/uploads/2026/01/REPASSE-FAF-COM-POPULACAO-2025.xlsx,/home/neologos/anatomia-do-gasto-sprint2/data/raw/_nacional/fns/repasses_faf_com_populacao/2025/REPASSE-FAF-COM-POPULACAO-2025.xlsx,Manutenção Das Ações E Serviços Públicos De Saúde,ATENÇÃO DE MÉDIA E ALTA COMPLEXIDADE AMBULATORIAL E HOSPITALAR,EMENDA - INCREMENTO TEMPORÁRIO AO CUSTEIO DOS SERVIÇOS DE ASSISTÊNCIA HOSPITALAR E AMBULATORIAL,PR,CURITIBA,410690,1830795,2025,08597121000174,FUNDO ESTADUAL DE SAUDE DO PARANA - FUNSAUDE,001,037931,00161632,ESTADUAL,S,S,N,46014,300000,300000,-,-
2025,https://portalfns.saude.gov.br/wp-content/uploads/2026/01/REPASSE-FAF-COM-POPULACAO-2025.xlsx,https://portalfns.saude.gov.br/wp-content/uploads/2026/01/REPASSE-FAF-COM-POPULACAO-2025.xlsx,/home/neologos/anatomia-do-gasto-sprint2/data/raw/_nacional/fns/repasses_faf_com_populacao/2025/REPASSE-FAF-COM-POPULACAO-2025.xlsx,Manutenção Das Ações E Serviços Públicos De Saúde,ATENÇÃO DE MÉDIA E ALTA COMPLEXIDADE AMBULATORIAL E HOSPITALAR,EMENDA - INCREMENTO TEMPORÁRIO AO CUSTEIO DOS SERVIÇOS DE ASSISTÊNCIA HOSPITALAR E AMBULATORIAL,PR,CURITIBA,410690,1830795,2025,08597121000174,FUNDO ESTADUAL DE SAUDE DO PARANA - FUNSAUDE,001,037931,00161640,ESTADUAL,S,S,N,46014,32935,32935,-,-
2025,https://portalfns.saude.gov.br/wp-content/uploads/2026/01/REPASSE-FAF-COM-POPULACAO-2025.xlsx,https://portalfns.saude.gov.br/wp-content/uploads/2026/01/REPASSE-FAF-COM-POPULACAO-2025.xlsx,/home/neologos/anatomia-do-gasto-sprint2/data/raw/_nacional/fns/repasses_faf_com_populacao/2025/REPASSE-FAF-COM-POPULACAO-2025.xlsx,Manutenção Das Ações E Serviços Públicos De Saúde,ATENÇÃO DE MÉDIA E ALTA COMPLEXIDADE AMBULATORIAL E HOSPITALAR,EMENDA - INCREMENTO TEMPORÁRIO AO CUSTEIO DOS SERVIÇOS DE ASSISTÊNCIA HOSPITALAR E AMBULATORIAL,PR,CURITIBA,410690,1830795,2025,13792329000184,FUNDO MUNICIPAL DA SAUDE,001,037931,00160032,MUNICIPAL,N,S,N,46014,700000,700000,-,-
2025,https://portalfns.saude.gov.br/wp-content/uploads/2026/01/REPASSE-FAF-COM-POPULACAO-2025.xlsx,https://portalfns.saude.gov.br/wp-content/uploads/2026/01/REPASSE-FAF-COM-POPULACAO-2025.xlsx,/home/neologos/anatomia-do-gasto-sprint2/data/raw/_nacional/fns/repasses_faf_com_populacao/2025/REPASSE-FAF-COM-POPULACAO-2025.xlsx,Manutenção Das Ações E Serviços Públicos De Saúde,ATENÇÃO DE MÉDIA E ALTA COMPLEXIDADE AMBULATORIAL E HOSPITALAR,EMENDA - INCREMENTO TEMPORÁRIO AO CUSTEIO DOS SERVIÇOS DE ASSISTÊNCIA HOSPITALAR E AMBULATORIAL,PR,CURITIBA,410690,1830795,2025,13792329000184,FUNDO MUNICIPAL DA SAUDE,001,037931,00160075,MUNICIPAL,N,S,N,46014,700000,700000,-,-
2025,https://portalfns.saude.gov.br/wp-content/uploads/2026/01/REPASSE-FAF-COM-POPULACAO-2025.xlsx,https://portalfns.saude.gov.br/wp-content/uploads/2026/01/REPASSE-FAF-COM-POPULACAO-2025.xlsx,/home/neologos/anatomia-do-gasto-sprint2/data/raw/_nacional/fns/repasses_faf_com_populacao/2025/REPASSE-FAF-COM-POPULACAO-2025.xlsx,Manutenção Das Ações E Serviços Públicos De Saúde,ATENÇÃO DE MÉDIA E ALTA COMPLEXIDADE AMBULATORIAL E HOSPITALAR,EMENDA - INCREMENTO TEMPORÁRIO AO CUSTEIO DOS SERVIÇOS DE ASSISTÊNCIA HOSPITALAR E AMBULATORIAL,PR,CURITIBA,410690,1830795,2025,13792329000184,FUNDO MUNICIPAL DA SAUDE,001,037931,00160083,MUNICIPAL,N,S,N,46014,700000,700000,-,-
2025,https://portalfns.saude.gov.br/wp-content/uploads/2026/01/REPASSE-FAF-COM-POPULACAO-2025.xlsx,https://portalfns.saude.gov.br/wp-content/uploads/2026/01/REPASSE-FAF-COM-POPULACAO-2025.xlsx,/home/neologos/anatomia-do-gasto-sprint2/data/raw/_nacional/fns/repasses_faf_com_populacao/2025/REPASSE-FAF-COM-POPULACAO-2025.xlsx,Manutenção Das Ações E Serviços Públicos De Saúde,ATENÇÃO DE MÉDIA E ALTA COMPLEXIDADE AMBULATORIAL E HOSPITALAR,EMENDA - INCREMENTO TEMPORÁRIO AO CUSTEIO DOS SERVIÇOS DE ASSISTÊNCIA HOSPITALAR E AMBULATORIAL,PR,CURITIBA,410690,1830795,2025,13792329000184,FUNDO MUNICIPAL DA SAUDE,001,037931,00160288,MUNICIPAL,N,S,N,46014,880000,880000,-,-
2025,https://portalfns.saude.gov.br/wp-content/uploads/2026/01/REPASSE-FAF-COM-POPULACAO-2025.xlsx,https://portalfns.saude.gov.br/wp-content/uploads/2026/01/REPASSE-FAF-COM-POPULACAO-2025.xlsx,/home/neologos/anatomia-do-gasto-sprint2/data/raw/_nacional/fns/repasses_faf_com_populacao/2025/REPASSE-FAF-COM-POPULACAO-2025.xlsx,Manutenção Das Ações E Serviços Públicos De Saúde,ATENÇÃO DE MÉDIA E ALTA COMPLEXIDADE AMBULATORIAL E HOSPITALAR,EMENDA - INCREMENTO TEMPORÁRIO AO CUSTEIO DOS SERVIÇOS DE ASSISTÊNCIA HOSPITALAR E AMBULATORIAL,PR,CURITIBA,410690,1830795,2025,13792329000184,FUNDO MUNICIPAL DA SAUDE,001,037931,00160296,MUNICIPAL,N,S,N,46014,228695,228695,-,-
2025,https://portalfns.saude.gov.br/wp-content/uploads/2026/01/REPASSE-FAF-COM-POPULACAO-2025.xlsx,https://portalfns.saude.gov.br/wp-content/uploads/2026/01/REPASSE-FAF-COM-POPULACAO-2025.xlsx,/home/neologos/anatomia-do-gasto-sprint2/data/raw/_nacional/fns/repasses_faf_com_populacao/2025/REPASSE-FAF-COM-POPULACAO-2025.xlsx,Manutenção Das Ações E Serviços Públicos De Saúde,ATENÇÃO DE MÉDIA E ALTA COMPLEXIDADE AMBULATORIAL E HOSPITALAR,EMENDA - INCREMENTO TEMPORÁRIO AO CUSTEIO DOS SERVIÇOS DE ASSISTÊNCIA HOSPITALAR E AMBULATORIAL,PR,CURITIBA,410690,1830795,2025,13792329000184,FUNDO MUNICIPAL DA SAUDE,001,037931,00161020,MUNICIPAL,N,S,N,46014,6137985,6137985,-,-
2025,https://portalfns.saude.gov.br/wp-content/uploads/2026/01/REPASSE-FAF-COM-POPULACAO-2025.xlsx,https://portalfns.saude.gov.br/wp-content/uploads/2026/01/REPASSE-FAF-COM-POPULACAO-2025.xlsx,/home/neologos/anatomia-do-gasto-sprint2/data/raw/_nacional/fns/repasses_faf_com_populacao/2025/REPASSE-FAF-COM-POPULACAO-2025.xlsx,Manutenção Das Ações E Serviços Públicos De Saúde,ATENÇÃO DE MÉDIA E ALTA COMPLEXIDADE AMBULATORIAL E HOSPITALAR,EMENDA - INCREMENTO TEMPORÁRIO AO CUSTEIO DOS SERVIÇOS DE ASSISTÊNCIA HOSPITALAR E AMBULATORIAL,PR,CURITIBA,410690,1830795,2025,13792329000184,FUNDO MUNICIPAL DA SAUDE,001,037931,00161039,MUNICIPAL,N,S,N,46014,100000,100000,-,-
2025,https://portalfns.saude.gov.br/wp-content/uploads/2026/01/REPASSE-FAF-COM-POPULACAO-2025.xlsx,https://portalfns.saude.gov.br/wp-content/uploads/2026/01/REPASSE-FAF-COM-POPULACAO-2025.xlsx,/home/neologos/anatomia-do-gasto-sprint2/data/raw/_nacional/fns/repasses_faf_com_populacao/2025/REPASSE-FAF-COM-POPULACAO-2025.xlsx,Manutenção Das Ações E Serviços Públicos De Saúde,ATENÇÃO DE MÉDIA E ALTA COMPLEXIDADE AMBULATORIAL E HOSPITALAR,EMENDA - INCREMENTO TEMPORÁRIO AO CUSTEIO DOS SERVIÇOS DE ASSISTÊNCIA HOSPITALAR E AMBULATORIAL,PR,CURITIBA,410690,1830795,2025,13792329000184,FUNDO MUNICIPAL DA SAUDE,001,037931,00161047,MUNICIPAL,N,S,N,46014,100000,100000,-,-
2025,https://portalfns.saude.gov.br/wp-content/uploads/2026/01/REPASSE-FAF-COM-POPULACAO-2025.xlsx,https://portalfns.saude.gov.br/wp-content/uploads/2026/01/REPASSE-FAF-COM-POPULACAO-2025.xlsx,/home/neologos/anatomia-do-gasto-sprint2/data/raw/_nacional/fns/repasses_faf_com_populacao/2025/REPASSE-FAF-COM-POPULACAO-2025.xlsx,Manutenção Das Ações E Serviços Públicos De Saúde,ATENÇÃO DE MÉDIA E ALTA COMPLEXIDADE AMBULATORIAL E HOSPITALAR,EMENDA - INCREMENTO TEMPORÁRIO AO CUSTEIO DOS SERVIÇOS DE ASSISTÊNCIA HOSPITALAR E AMBULATORIAL,PR,CURITIBA,410690,1830795,2025,13792329000184,FUNDO MUNICIPAL DA SAUDE,001,037931,00161063,MUNICIPAL,N,S,N,46014,1650000,1650000,-,-
2025,https://portalfns.saude.gov.br/wp-content/uploads/2026/01/REPASSE-FAF-COM-POPULACAO-2025.xlsx,https://portalfns.saude.gov.br/wp-content/uploads/2026/01/REPASSE-FAF-COM-POPULACAO-2025.xlsx,/home/neologos/anatomia-do-gasto-sprint2/data/raw/_nacional/fns/repasses_faf_com_populacao/2025/REPASSE-FAF-COM-POPULACAO-2025.xlsx,Estruturação Da Rede De Serviços Públicos De Saúde,ATENÇÃO ESPECIALIZADA,EMENDA - ESTRUTURAÇÃO DE UNIDADES DE ATENÇÃO ESPECIALIZADA EM SAÚDE,PR,CURITIBA,410690,1830795,2025,13792329000184,FUNDO MUNICIPAL DA SAUDE,001,037931,00161578,MUNICIPAL,N,S,N,46014,500000,500000,-,-
2025,https://portalfns.saude.gov.br/wp-content/uploads/2026/01/REPASSE-FAF-COM-POPULACAO-2025.xlsx,https://portalfns.saude.gov.br/wp-content/uploads/2026/01/REPASSE-FAF-COM-POPULACAO-2025.xlsx,/home/neologos/anatomia-do-gasto-sprint2/data/raw/_nacional/fns/repasses_faf_com_populacao/2025/REPASSE-FAF-COM-POPULACAO-2025.xlsx,Manutenção Das Ações E Serviços Públicos De Saúde,ATENÇÃO PRIMÁRIA,EMENDA - INCREMENTO TEMPORÁRIO AO CUSTEIO DOS SERVIÇOS DE ATENÇÃO PRIMÁRIA EM SAÚDE,PR,CURITIBA,410690,1830795,2025,13792329000184,FUNDO MUNICIPAL DA SAUDE,001,037931,00161551,MUNICIPAL,N,S,N,46013,1000000,1000000,-,-
2025,https://portalfns.saude.gov.br/wp-content/uploads/2026/01/REPASSE-FAF-COM-POPULACAO-2025.xlsx,https://portalfns.saude.gov.br/wp-content/uploads/2026/01/REPASSE-FAF-COM-POPULACAO-2025.xlsx,/home/neologos/anatomia-do-gasto-sprint2/data/raw/_nacional/fns/repasses_faf_com_populacao/2025/REPASSE-FAF-COM-POPULACAO-2025.xlsx,Estruturação Da Rede De Serviços Públicos De Saúde,GESTÃO DO SUS,NOVO PAC - ESTRUT.E FUNC. DOS NUCLEOS DE TELESSAUDE PARA INST. E OFERTA DE ACOES E SERVICOS DE SAUDE DIGITAL E INOVACAO,PR,CURITIBA,410690,1830795,2025,08597121000174,FUNDO ESTADUAL DE SAUDE DO PARANA - FUNSAUDE,001,037931,000000119660,ESTADUAL,S,S,N,46010,1203148,1203148,73237300.430000007,45991
2025,https://portalfns.saude.gov.br/wp-content/uploads/2026/01/REPASSE-FAF-COM-POPULACAO-2025.xlsx,https://portalfns.saude.gov.br/wp-content/uploads/2026/01/REPASSE-FAF-COM-POPULACAO-2025.xlsx,/home/neologos/anatomia-do-gasto-sprint2/data/raw/_nacional/fns/repasses_faf_com_populacao/2025/REPASSE-FAF-COM-POPULACAO-2025.xlsx,Manutenção Das Ações E Serviços Públicos De Saúde,ATENÇÃO DE MÉDIA E ALTA COMPLEXIDADE AMBULATORIAL E HOSPITALAR,OPERACIONALIZAÇÃO DO SISTEMA NACIONAL DE TRANSPLANTES,PR,CURITIBA,410690,1830795,2025,08597121000174,FUNDO ESTADUAL DE SAUDE DO PARANA - FUNSAUDE,001,037931,00000011958X,ESTADUAL,S,S,N,46008,600000,600000,482600135.30000001,45991
2025,https://portalfns.saude.gov.br/wp-content/uploads/2026/01/REPASSE-FAF-COM-POPULACAO-2025.xlsx,https://portalfns.saude.gov.br/wp-content/uploads/2026/01/REPASSE-FAF-COM-POPULACAO-2025.xlsx,/home/neologos/anatomia-do-gasto-sprint2/data/raw/_nacional/fns/repasses_faf_com_populacao/2025/REPASSE-FAF-COM-POPULACAO-2025.xlsx,Manutenção Das Ações E Serviços Públicos De Saúde,VIGILÂNCIA EM SAÚDE,INCENTIVO FINANCEIRO ÀS AÇÕES DE VIGILÂNCIA E PREVENÇÃO E CONTROLE DAS DST/AIDS E HEPATITES VIRAIS,PR,CURITIBA,410690,1830795,2025,08597121000174,FUNDO ESTADUAL DE SAUDE DO PARANA - FUNSAUDE,001,037931,00000011958X,ESTADUAL,S,S,N,46008,1725618.7200000009,1725618.7200000009,482600135.30000001,45991
2025,https://portalfns.saude.gov.br/wp-content/uploads/2026/01/REPASSE-FAF-COM-POPULACAO-2025.xlsx,https://portalfns.saude.gov.br/wp-content/uploads/2026/01/REPASSE-FAF-COM-POPULACAO-2025.xlsx,/home/neologos/anatomia-do-gasto-sprint2/data/raw/_nacional/fns/repasses_faf_com_populacao/2025/REPASSE-FAF-COM-POPULACAO-2025.xlsx,Manutenção Das Ações E Serviços Públicos De Saúde,VIGILÂNCIA EM SAÚDE,INCENTIVO FINANCEIRO ÀS AÇÕES DE VIGILÂNCIA E PREVENÇÃO E CONTROLE DAS DST/AIDS E HEPATITES VIRAIS,PR,CURITIBA,410690,1830795,2025,13792329000184,FUNDO MUNICIPAL DA SAUDE,001,037931,000000139947,MUNICIPAL,N,S,N,46008,2145780.7200000002,2145780.7200000002,81102183.269999996,45991
2025,https://portalfns.saude.gov.br/wp-content/uploads/2026/01/REPASSE-FAF-COM-POPULACAO-2025.xlsx,https://portalfns.saude.gov.br/wp-content/uploads/2026/01/REPASSE-FAF-COM-POPULACAO-2025.xlsx,/home/neologos/anatomia-do-gasto-sprint2/data/raw/_nacional/fns/repasses_faf_com_populacao/2025/REPASSE-FAF-COM-POPULACAO-2025.xlsx,Manutenção Das Ações E Serviços Públicos De Saúde,ASSISTÊNCIA FARMACÊUTICA,"RECURSOS FINANCEIROS A TRANSFERIR PARA AQUISICAO PELAS SECRETARIAS DE SAUDE DOS ESTADOS, MUNICIPIOS E DO DISTRITO FEDERAL",PR,CURITIBA,410690,1830795,2025,08597121000174,FUNDO ESTADUAL DE SAUDE DO PARANA - FUNSAUDE,001,037931,00000011958X,ESTADUAL,S,S,N,46006,80690527.200000003,80690527.200000003,482600135.30000001,45991
2025,https://portalfns.saude.gov.br/wp-content/uploads/2026/01/REPASSE-FAF-COM-POPULACAO-2025.xlsx,https://portalfns.saude.gov.br/wp-content/uploads/2026/01/REPASSE-FAF-COM-POPULACAO-2025.xlsx,/home/neologos/anatomia-do-gasto-sprint2/data/raw/_nacional/fns/repasses_faf_com_populacao/2025/REPASSE-FAF-COM-POPULACAO-2025.xlsx,Manutenção Das Ações E Serviços Públicos De Saúde,ASSISTÊNCIA FARMACÊUTICA,"RECURSOS FINANCEIROS A TRANSFERIR PARA AQUISICAO PELAS SECRETARIAS DE SAUDE DOS ESTADOS, MUNICIPIOS E DO DISTRITO FEDERAL",PR,CURITIBA,410690,1830795,2025,13792329000184,FUNDO MUNICIPAL DA SAUDE,001,037931,000000139947,MUNICIPAL,N,S,N,46006,14544488.4,14544488.4,81102183.269999996,45991
2025,https://portalfns.saude.gov.br/wp-content/uploads/2026/01/REPASSE-FAF-COM-POPULACAO-2025.xlsx,https://portalfns.saude.gov.br/wp-content/uploads/2026/01/REPASSE-FAF-COM-POPULACAO-2025.xlsx,/home/neologos/anatomia-do-gasto-sprint2/data/raw/_nacional/fns/repasses_faf_com_populacao/2025/REPASSE-FAF-COM-POPULACAO-2025.xlsx,Manutenção Das Ações E Serviços Públicos De Saúde,ATENÇÃO PRIMÁRIA,INCENTIVO FINANCEIRO DA APS - ATENCAO A SAUDE BUCAL,PR,CURITIBA,410690,1830795,2025,08597121000174,FUNDO ESTADUAL DE SAUDE DO PARANA - FUNSAUDE,001,037931,00000011958X,ESTADUAL,S,S,N,46006,6463948.6799999997,6463948.6799999997,482600135.30000001,45991
2025,https://portalfns.saude.gov.br/wp-content/uploads/2026/01/REPASSE-FAF-COM-POPULACAO-2025.xlsx,https://portalfns.saude.gov.br/wp-content/uploads/2026/01/REPASSE-FAF-COM-POPULACAO-2025.xlsx,/home/neologos/anatomia-do-gasto-sprint2/data/raw/_nacional/fns/repasses_faf_com_populacao/2025/REPASSE-FAF-COM-POPULACAO-2025.xlsx,Manutenção Das Ações E Serviços Públicos De Saúde,ATENÇÃO PRIMÁRIA,INCENTIVO FINANCEIRO DA APS - ATENCAO A SAUDE BUCAL,PR,CURITIBA,410690,1830795,2025,13792329000184,FUNDO MUNICIPAL DA SAUDE,001,037931,000000139947,MUNICIPAL,N,S,N,46006,12969057.300000001,12969057.300000001,81102183.269999996,45991
2025,https://portalfns.saude.gov.br/wp-content/uploads/2026/01/REPASSE-FAF-COM-POPULACAO-2025.xlsx,https://portalfns.saude.gov.br/wp-content/uploads/2026/01/REPASSE-FAF-COM-POPULACAO-2025.xlsx,/home/neologos/anatomia-do-gasto-sprint2/data/raw/_nacional/fns/repasses_faf_com_populacao/2025/REPASSE-FAF-COM-POPULACAO-2025.xlsx,Manutenção Das Ações E Serviços Públicos De Saúde,ATENÇÃO PRIMÁRIA,INCENTIVO FINANCEIRO DA APS - COMPONENTE PER CAPITA DE BASE POPULACIONAL,PR,CURITIBA,410690,1830795,2025,13792329000184,FUNDO MUNICIPAL DA SAUDE,001,037931,000000139947,MUNICIPAL,N,S,N,46006,10883888.76,10883888.76,81102183.269999996,45991
2025,https://portalfns.saude.gov.br/wp-content/uploads/2026/01/REPASSE-FAF-COM-POPULACAO-2025.xlsx,https://portalfns.saude.gov.br/wp-content/uploads/2026/01/REPASSE-FAF-COM-POPULACAO-2025.xlsx,/home/neologos/anatomia-do-gasto-sprint2/data/raw/_nacional/fns/repasses_faf_com_populacao/2025/REPASSE-FAF-COM-POPULACAO-2025.xlsx,Manutenção Das Ações E Serviços Públicos De Saúde,ATENÇÃO PRIMÁRIA,"INCENTIVO FINANCEIRO DA APS - DEMAIS PROGRAMAS, SERVIÇOS E EQUIPES DA ATENÇÃO PRIMÁRIA À SAÚDE",PR,CURITIBA,410690,1830795,2025,13792329000184,FUNDO MUNICIPAL DA SAUDE,001,037931,000000139947,MUNICIPAL,N,S,N,46006,3737058,3737058,81102183.269999996,45991
2025,https://portalfns.saude.gov.br/wp-content/uploads/2026/01/REPASSE-FAF-COM-POPULACAO-2025.xlsx,https://portalfns.saude.gov.br/wp-content/uploads/2026/01/REPASSE-FAF-COM-POPULACAO-2025.xlsx,/home/neologos/anatomia-do-gasto-sprint2/data/raw/_nacional/fns/repasses_faf_com_populacao/2025/REPASSE-FAF-COM-POPULACAO-2025.xlsx,Manutenção Das Ações E Serviços Públicos De Saúde,ATENÇÃO PRIMÁRIA,INCENTIVO FINANCEIRO DA APS - EQUIPES DE SAÚDE DA FAMÍLIA/ESF E EQUIPES DE ATENÇÃO PRIMÁRIA/EAP,PR,CURITIBA,410690,1830795,2025,13792329000184,FUNDO MUNICIPAL DA SAUDE,001,037931,000000139947,MUNICIPAL,N,S,N,46006,77151684.379999995,77151684.379999995,81102183.269999996,45991
2025,https://portalfns.saude.gov.br/wp-content/uploads/2026/01/REPASSE-FAF-COM-POPULACAO-2025.xlsx,https://portalfns.saude.gov.br/wp-content/uploads/2026/01/REPASSE-FAF-COM-POPULACAO-2025.xlsx,/home/neologos/anatomia-do-gasto-sprint2/data/raw/_nacional/fns/repasses_faf_com_populacao/2025/REPASSE-FAF-COM-POPULACAO-2025.xlsx,Manutenção Das Ações E Serviços Públicos De Saúde,ATENÇÃO PRIMÁRIA,INCENTIVO FINANCEIRO DA APS - EQUIPES MULTIPROFISSIONAIS - EMULTI,PR,CURITIBA,410690,1830795,2025,13792329000184,FUNDO MUNICIPAL DA SAUDE,001,037931,000000139947,MUNICIPAL,N,S,N,46006,5643875,5643875,81102183.269999996,45991
2025,https://portalfns.saude.gov.br/wp-content/uploads/2026/01/REPASSE-FAF-COM-POPULACAO-2025.xlsx,https://portalfns.saude.gov.br/wp-content/uploads/2026/01/REPASSE-FAF-COM-POPULACAO-2025.xlsx,/home/neologos/anatomia-do-gasto-sprint2/data/raw/_nacional/fns/repasses_faf_com_populacao/2025/REPASSE-FAF-COM-POPULACAO-2025.xlsx,Manutenção Das Ações E Serviços Públicos De Saúde,ATENÇÃO PRIMÁRIA,AGENTES COMUNITÁRIOS DE SAÚDE,PR,CURITIBA,410690,1830795,2025,13792329000184,FUNDO MUNICIPAL DA SAUDE,001,037931,000000139947,MUNICIPAL,N,S,N,46002,21473628,21473628,81102183.269999996,45991
2025,https://portalfns.saude.gov.br/wp-content/uploads/2026/01/REPASSE-FAF-COM-POPULACAO-2025.xlsx,https://portalfns.saude.gov.br/wp-content/uploads/2026/01/REPASSE-FAF-COM-POPULACAO-2025.xlsx,/home/neologos/anatomia-do-gasto-sprint2/data/raw/_nacional/fns/repasses_faf_com_populacao/2025/REPASSE-FAF-COM-POPULACAO-2025.xlsx,Manutenção Das Ações E Serviços Públicos De Saúde,ATENÇÃO PRIMÁRIA,IMPLEMENTAÇÃO DA SEGURANÇA ALIMENTAR E NUTRICIONAL NA SAÚDE,PR,CURITIBA,410690,1830795,2025,08597121000174,FUNDO ESTADUAL DE SAUDE DO PARANA - FUNSAUDE,001,037931,00000011958X,ESTADUAL,S,S,N,46002,345000,345000,482600135.30000001,45991
2025,https://portalfns.saude.gov.br/wp-content/uploads/2026/01/REPASSE-FAF-COM-POPULACAO-2025.xlsx,https://portalfns.saude.gov.br/wp-content/uploads/2026/01/REPASSE-FAF-COM-POPULACAO-2025.xlsx,/home/neologos/anatomia-do-gasto-sprint2/data/raw/_nacional/fns/repasses_faf_com_populacao/2025/REPASSE-FAF-COM-POPULACAO-2025.xlsx,Manutenção Das Ações E Serviços Públicos De Saúde,ATENÇÃO PRIMÁRIA,IMPLEMENTAÇÃO DA SEGURANÇA ALIMENTAR E NUTRICIONAL NA SAÚDE,PR,CURITIBA,410690,1830795,2025,13792329000184,FUNDO MUNICIPAL DA SAUDE,001,037931,000000139947,MUNICIPAL,N,S,N,46002,149147.69,149147.69,81102183.269999996,45991
2025,https://portalfns.saude.gov.br/wp-content/uploads/2026/01/REPASSE-FAF-COM-POPULACAO-2025.xlsx,https://portalfns.saude.gov.br/wp-content/uploads/2026/01/REPASSE-FAF-COM-POPULACAO-2025.xlsx,/home/neologos/anatomia-do-gasto-sprint2/data/raw/_nacional/fns/repasses_faf_com_populacao/2025/REPASSE-FAF-COM-POPULACAO-2025.xlsx,Manutenção Das Ações E Serviços Públicos De Saúde,ASSISTÊNCIA FARMACÊUTICA,COMPONENTE ESPECIALIZADO DA ASSISTÊNCIA FARMACÊUTICA,PR,CURITIBA,410690,1830795,2025,08597121000174,FUNDO ESTADUAL DE SAUDE DO PARANA - FUNSAUDE,001,037931,00000011958X,ESTADUAL,S,S,N,46000,233193012.27000001,233193012.27000001,482600135.30000001,45991
2025,https://portalfns.saude.gov.br/wp-content/uploads/2026/01/REPASSE-FAF-COM-POPULACAO-2025.xlsx,https://portalfns.saude.gov.br/wp-content/uploads/2026/01/REPASSE-FAF-COM-POPULACAO-2025.xlsx,/home/neologos/anatomia-do-gasto-sprint2/data/raw/_nacional/fns/repasses_faf_com_populacao/2025/REPASSE-FAF-COM-POPULACAO-2025.xlsx,Manutenção Das Ações E Serviços Públicos De Saúde,VIGILÂNCIA EM SAÚDE,"INCENTIVO FINANCEIRO AOS ESTADOS, DISTRITO FEDERAL E MUNICÍPIOS EXECUÇÃO AÇÕES VIGILÂNCIA SANITÁRIA",PR,CURITIBA,410690,1830795,2025,08597121000174,FUNDO ESTADUAL DE SAUDE DO PARANA - FUNSAUDE,001,037931,00000011958X,ESTADUAL,S,S,N,46000,4630620,4630620,482600135.30000001,45991
2025,https://portalfns.saude.gov.br/wp-content/uploads/2026/01/REPASSE-FAF-COM-POPULACAO-2025.xlsx,https://portalfns.saude.gov.br/wp-content/uploads/2026/01/REPASSE-FAF-COM-POPULACAO-2025.xlsx,/home/neologos/anatomia-do-gasto-sprint2/data/raw/_nacional/fns/repasses_faf_com_populacao/2025/REPASSE-FAF-COM-POPULACAO-2025.xlsx,Manutenção Das Ações E Serviços Públicos De Saúde,VIGILÂNCIA EM SAÚDE,"INCENTIVO FINANCEIRO AOS ESTADOS, DISTRITO FEDERAL E MUNICÍPIOS EXECUÇÃO AÇÕES VIGILÂNCIA SANITÁRIA",PR,CURITIBA,410690,1830795,2025,13792329000184,FUNDO MUNICIPAL DA SAUDE,001,037931,000000139947,MUNICIPAL,N,S,N,46000,1080057,1080057,81102183.269999996,45991
2025,https://portalfns.saude.gov.br/wp-content/uploads/2026/01/REPASSE-FAF-COM-POPULACAO-2025.xlsx,https://portalfns.saude.gov.br/wp-content/uploads/2026/01/REPASSE-FAF-COM-POPULACAO-2025.xlsx,/home/neologos/anatomia-do-gasto-sprint2/data/raw/_nacional/fns/repasses_faf_com_populacao/2025/REPASSE-FAF-COM-POPULACAO-2025.xlsx,Manutenção Das Ações E Serviços Públicos De Saúde,ATENÇÃO DE MÉDIA E ALTA COMPLEXIDADE AMBULATORIAL E HOSPITALAR,SAMU 192,PR,CURITIBA,410690,1830795,2025,13792329000184,FUNDO MUNICIPAL DA SAUDE,001,037931,000000139947,MUNICIPAL,N,S,N,45995,14614056.6,14614056.6,81102183.269999996,45991
2025,https://portalfns.saude.gov.br/wp-content/uploads/2026/01/REPASSE-FAF-COM-POPULACAO-2025.xlsx,https://portalfns.saude.gov.br/wp-content/uploads/2026/01/REPASSE-FAF-COM-POPULACAO-2025.xlsx,/home/neologos/anatomia-do-gasto-sprint2/data/raw/_nacional/fns/repasses_faf_com_populacao/2025/REPASSE-FAF-COM-POPULACAO-2025.xlsx,Manutenção Das Ações E Serviços Públicos De Saúde,ATENÇÃO DE MÉDIA E ALTA COMPLEXIDADE AMBULATORIAL E HOSPITALAR,FAEC - EXAMES SOROLÓGICOS E IMUNOLÓGICOS,PR,CURITIBA,410690,1830795,2025,13792329000184,FUNDO MUNICIPAL DA SAUDE,001,037931,000000139947,MUNICIPAL,N,S,N,45987,1622.23,0,81102183.269999996,45991
2025,https://portalfns.saude.gov.br/wp-content/uploads/2026/01/REPASSE-FAF-COM-POPULACAO-2025.xlsx,https://portalfns.saude.gov.br/wp-content/uploads/2026/01/REPASSE-FAF-COM-POPULACAO-2025.xlsx,/home/neologos/anatomia-do-gasto-sprint2/data/raw/_nacional/fns/repasses_faf_com_populacao/2025/REPASSE-FAF-COM-POPULACAO-2025.xlsx,Manutenção Das Ações E Serviços Públicos De Saúde,ATENÇÃO DE MÉDIA E ALTA COMPLEXIDADE AMBULATORIAL E HOSPITALAR,EMENDA - INCREMENTO TEMPORÁRIO AO CUSTEIO DOS SERVIÇOS DE ASSISTÊNCIA HOSPITALAR E AMBULATORIAL,PR,CURITIBA,410690,1830795,2025,13792329000184,FUNDO MUNICIPAL DA SAUDE,001,037931,00159077,MUNICIPAL,N,S,N,45960,1500000,1500000,-,-
2025,https://portalfns.saude.gov.br/wp-content/uploads/2026/01/REPASSE-FAF-COM-POPULACAO-2025.xlsx,https://portalfns.saude.gov.br/wp-content/uploads/2026/01/REPASSE-FAF-COM-POPULACAO-2025.xlsx,/home/neologos/anatomia-do-gasto-sprint2/data/raw/_nacional/fns/repasses_faf_com_populacao/2025/REPASSE-FAF-COM-POPULACAO-2025.xlsx,Manutenção Das Ações E Serviços Públicos De Saúde,ATENÇÃO DE MÉDIA E ALTA COMPLEXIDADE AMBULATORIAL E HOSPITALAR,FAEC - ATENÇÃO ESPECIALIZADA EM SAÚDE AUDITIVA,PR,CURITIBA,410690,1830795,2025,08597121000174,FUNDO ESTADUAL DE SAUDE DO PARANA - FUNSAUDE,001,037931,00000011958X,ESTADUAL,S,S,N,45959,1955238.25,1955238.25,482600135.30000001,45991
2025,https://portalfns.saude.gov.br/wp-content/uploads/2026/01/REPASSE-FAF-COM-POPULACAO-2025.xlsx,https://portalfns.saude.gov.br/wp-content/uploads/2026/01/REPASSE-FAF-COM-POPULACAO-2025.xlsx,/home/neologos/anatomia-do-gasto-sprint2/data/raw/_nacional/fns/repasses_faf_com_populacao/2025/REPASSE-FAF-COM-POPULACAO-2025.xlsx,Manutenção Das Ações E Serviços Públicos De Saúde,ATENÇÃO DE MÉDIA E ALTA COMPLEXIDADE AMBULATORIAL E HOSPITALAR,FAEC - NEUROCIRURGIAS,PR,CURITIBA,410690,1830795,2025,13792329000184,FUNDO MUNICIPAL DA SAUDE,001,037931,000000139947,MUNICIPAL,N,S,N,45958,348479.05,0,81102183.269999996,45991
2025,https://portalfns.saude.gov.br/wp-content/uploads/2026/01/REPASSE-FAF-COM-POPULACAO-2025.xlsx,https://portalfns.saude.gov.br/wp-content/uploads/2026/01/REPASSE-FAF-COM-POPULACAO-2025.xlsx,/home/neologos/anatomia-do-gasto-sprint2/data/raw/_nacional/fns/repasses_faf_com_populacao/2025/REPASSE-FAF-COM-POPULACAO-2025.xlsx,Manutenção Das Ações E Serviços Públicos De Saúde,ATENÇÃO DE MÉDIA E ALTA COMPLEXIDADE AMBULATORIAL E HOSPITALAR,EMENDA - INCREMENTO TEMPORÁRIO AO CUSTEIO DOS SERVIÇOS DE ASSISTÊNCIA HOSPITALAR E AMBULATORIAL,PR,CURITIBA,410690,1830795,2025,08597121000174,FUNDO ESTADUAL DE SAUDE DO PARANA - FUNSAUDE,001,037931,000000156779,ESTADUAL,S,S,N,45957,200000,200000,201898.1,45991
2025,https://portalfns.saude.gov.br/wp-content/uploads/2026/01/REPASSE-FAF-COM-POPULACAO-2025.xlsx,https://portalfns.saude.gov.br/wp-content/uploads/2026/01/REPASSE-FAF-COM-POPULACAO-2025.xlsx,/home/neologos/anatomia-do-gasto-sprint2/data/raw/_nacional/fns/repasses_faf_com_populacao/2025/REPASSE-FAF-COM-POPULACAO-2025.xlsx,Manutenção Das Ações E Serviços Públicos De Saúde,ATENÇÃO DE MÉDIA E ALTA COMPLEXIDADE AMBULATORIAL E HOSPITALAR,EMENDA - INCREMENTO TEMPORÁRIO AO CUSTEIO DOS SERVIÇOS DE ASSISTÊNCIA HOSPITALAR E AMBULATORIAL,PR,CURITIBA,410690,1830795,2025,08597121000174,FUNDO ESTADUAL DE SAUDE DO PARANA - FUNSAUDE,001,037931,000000156787,ESTADUAL,S,S,N,45957,450000,450000,454270.73,45991
2025,https://portalfns.saude.gov.br/wp-content/uploads/2026/01/REPASSE-FAF-COM-POPULACAO-2025.xlsx,https://portalfns.saude.gov.br/wp-content/uploads/2026/01/REPASSE-FAF-COM-POPULACAO-2025.xlsx,/home/neologos/anatomia-do-gasto-sprint2/data/raw/_nacional/fns/repasses_faf_com_populacao/2025/REPASSE-FAF-COM-POPULACAO-2025.xlsx,Manutenção Das Ações E Serviços Públicos De Saúde,ATENÇÃO DE MÉDIA E ALTA COMPLEXIDADE AMBULATORIAL E HOSPITALAR,EMENDA - INCREMENTO TEMPORÁRIO AO CUSTEIO DOS SERVIÇOS DE ASSISTÊNCIA HOSPITALAR E AMBULATORIAL,PR,CURITIBA,410690,1830795,2025,08597121000174,FUNDO ESTADUAL DE SAUDE DO PARANA - FUNSAUDE,001,037931,000000156795,ESTADUAL,S,S,N,45957,200000,200000,201898.1,45991
2025,https://portalfns.saude.gov.br/wp-content/uploads/2026/01/REPASSE-FAF-COM-POPULACAO-2025.xlsx,https://portalfns.saude.gov.br/wp-content/uploads/2026/01/REPASSE-FAF-COM-POPULACAO-2025.xlsx,/home/neologos/anatomia-do-gasto-sprint2/data/raw/_nacional/fns/repasses_faf_com_populacao/2025/REPASSE-FAF-COM-POPULACAO-2025.xlsx,Manutenção Das Ações E Serviços Públicos De Saúde,ATENÇÃO DE MÉDIA E ALTA COMPLEXIDADE AMBULATORIAL E HOSPITALAR,EMENDA - INCREMENTO TEMPORÁRIO AO CUSTEIO DOS SERVIÇOS DE ASSISTÊNCIA HOSPITALAR E AMBULATORIAL,PR,CURITIBA,410690,1830795,2025,08597121000174,FUNDO ESTADUAL DE SAUDE DO PARANA - FUNSAUDE,001,037931,000000156817,ESTADUAL,S,S,N,45957,200000,200000,201898.1,45991
2025,https://portalfns.saude.gov.br/wp-content/uploads/2026/01/REPASSE-FAF-COM-POPULACAO-2025.xlsx,https://portalfns.saude.gov.br/wp-content/uploads/2026/01/REPASSE-FAF-COM-POPULACAO-2025.xlsx,/home/neologos/anatomia-do-gasto-sprint2/data/raw/_nacional/fns/repasses_faf_com_populacao/2025/REPASSE-FAF-COM-POPULACAO-2025.xlsx,Manutenção Das Ações E Serviços Públicos De Saúde,ATENÇÃO DE MÉDIA E ALTA COMPLEXIDADE AMBULATORIAL E HOSPITALAR,EMENDA - INCREMENTO TEMPORÁRIO AO CUSTEIO DOS SERVIÇOS DE ASSISTÊNCIA HOSPITALAR E AMBULATORIAL,PR,CURITIBA,410690,1830795,2025,08597121000174,FUNDO ESTADUAL DE SAUDE DO PARANA - FUNSAUDE,001,037931,000000156825,ESTADUAL,S,S,N,45957,200000,200000,201898.1,45991
2025,https://portalfns.saude.gov.br/wp-content/uploads/2026/01/REPASSE-FAF-COM-POPULACAO-2025.xlsx,https://portalfns.saude.gov.br/wp-content/uploads/2026/01/REPASSE-FAF-COM-POPULACAO-2025.xlsx,/home/neologos/anatomia-do-gasto-sprint2/data/raw/_nacional/fns/repasses_faf_com_populacao/2025/REPASSE-FAF-COM-POPULACAO-2025.xlsx,Manutenção Das Ações E Serviços Públicos De Saúde,ATENÇÃO DE MÉDIA E ALTA COMPLEXIDADE AMBULATORIAL E HOSPITALAR,EMENDA - INCREMENTO TEMPORÁRIO AO CUSTEIO DOS SERVIÇOS DE ASSISTÊNCIA HOSPITALAR E AMBULATORIAL,PR,CURITIBA,410690,1830795,2025,08597121000174,FUNDO ESTADUAL DE SAUDE DO PARANA - FUNSAUDE,001,037931,000000156868,ESTADUAL,S,S,N,45957,200000,200000,201898.1,45991
2025,https://portalfns.saude.gov.br/wp-content/uploads/2026/01/REPASSE-FAF-COM-POPULACAO-2025.xlsx,https://portalfns.saude.gov.br/wp-content/uploads/2026/01/REPASSE-FAF-COM-POPULACAO-2025.xlsx,/home/neologos/anatomia-do-gasto-sprint2/data/raw/_nacional/fns/repasses_faf_com_populacao/2025/REPASSE-FAF-COM-POPULACAO-2025.xlsx,Manutenção Das Ações E Serviços Públicos De Saúde,ATENÇÃO DE MÉDIA E ALTA COMPLEXIDADE AMBULATORIAL E HOSPITALAR,EMENDA - INCREMENTO TEMPORÁRIO AO CUSTEIO DOS SERVIÇOS DE ASSISTÊNCIA HOSPITALAR E AMBULATORIAL,PR,CURITIBA,410690,1830795,2025,08597121000174,FUNDO ESTADUAL DE SAUDE DO PARANA - FUNSAUDE,001,037931,00158755,ESTADUAL,S,S,N,45957,800000,800000,-,-
2025,https://portalfns.saude.gov.br/wp-content/uploads/2026/01/REPASSE-FAF-COM-POPULACAO-2025.xlsx,https://portalfns.saude.gov.br/wp-content/uploads/2026/01/REPASSE-FAF-COM-POPULACAO-2025.xlsx,/home/neologos/anatomia-do-gasto-sprint2/data/raw/_nacional/fns/repasses_faf_com_populacao/2025/REPASSE-FAF-COM-POPULACAO-2025.xlsx,Manutenção Das Ações E Serviços Públicos De Saúde,ATENÇÃO DE MÉDIA E ALTA COMPLEXIDADE AMBULATORIAL E HOSPITALAR,EMENDA - INCREMENTO TEMPORÁRIO AO CUSTEIO DOS SERVIÇOS DE ASSISTÊNCIA HOSPITALAR E AMBULATORIAL,PR,CURITIBA,410690,1830795,2025,08597121000174,FUNDO ESTADUAL DE SAUDE DO PARANA - FUNSAUDE,001,037931,00158887,ESTADUAL,S,S,N,45957,1000000,1000000,-,-
2025,https://portalfns.saude.gov.br/wp-content/uploads/2026/01/REPASSE-FAF-COM-POPULACAO-2025.xlsx,https://portalfns.saude.gov.br/wp-content/uploads/2026/01/REPASSE-FAF-COM-POPULACAO-2025.xlsx,/home/neologos/anatomia-do-gasto-sprint2/data/raw/_nacional/fns/repasses_faf_com_populacao/2025/REPASSE-FAF-COM-POPULACAO-2025.xlsx,Manutenção Das Ações E Serviços Públicos De Saúde,ATENÇÃO DE MÉDIA E ALTA COMPLEXIDADE AMBULATORIAL E HOSPITALAR,EMENDA - INCREMENTO TEMPORÁRIO AO CUSTEIO DOS SERVIÇOS DE ASSISTÊNCIA HOSPITALAR E AMBULATORIAL,PR,CURITIBA,410690,1830795,2025,08597121000174,FUNDO ESTADUAL DE SAUDE DO PARANA - FUNSAUDE,001,037931,00158933,ESTADUAL,S,S,N,45957,200000,200000,-,-
2025,https://portalfns.saude.gov.br/wp-content/uploads/2026/01/REPASSE-FAF-COM-POPULACAO-2025.xlsx,https://portalfns.saude.gov.br/wp-content/uploads/2026/01/REPASSE-FAF-COM-POPULACAO-2025.xlsx,/home/neologos/anatomia-do-gasto-sprint2/data/raw/_nacional/fns/repasses_faf_com_populacao/2025/REPASSE-FAF-COM-POPULACAO-2025.xlsx,Manutenção Das Ações E Serviços Públicos De Saúde,ATENÇÃO DE MÉDIA E ALTA COMPLEXIDADE AMBULATORIAL E HOSPITALAR,EMENDA - INCREMENTO TEMPORÁRIO AO CUSTEIO DOS SERVIÇOS DE ASSISTÊNCIA HOSPITALAR E AMBULATORIAL,PR,CURITIBA,410690,1830795,2025,08597121000174,FUNDO ESTADUAL DE SAUDE DO PARANA - FUNSAUDE,001,037931,00158941,ESTADUAL,S,S,N,45957,5000000,5000000,-,-
2025,https://portalfns.saude.gov.br/wp-content/uploads/2026/01/REPASSE-FAF-COM-POPULACAO-2025.xlsx,https://portalfns.saude.gov.br/wp-content/uploads/2026/01/REPASSE-FAF-COM-POPULACAO-2025.xlsx,/home/neologos/anatomia-do-gasto-sprint2/data/raw/_nacional/fns/repasses_faf_com_populacao/2025/REPASSE-FAF-COM-POPULACAO-2025.xlsx,Manutenção Das Ações E Serviços Públicos De Saúde,ATENÇÃO DE MÉDIA E ALTA COMPLEXIDADE AMBULATORIAL E HOSPITALAR,EMENDA - INCREMENTO TEMPORÁRIO AO CUSTEIO DOS SERVIÇOS DE ASSISTÊNCIA HOSPITALAR E AMBULATORIAL,PR,CURITIBA,410690,1830795,2025,08597121000174,FUNDO ESTADUAL DE SAUDE DO PARANA - FUNSAUDE,001,037931,00158968,ESTADUAL,S,S,N,45957,2800000,2800000,-,-
2025,https://portalfns.saude.gov.br/wp-content/uploads/2026/01/REPASSE-FAF-COM-POPULACAO-2025.xlsx,https://portalfns.saude.gov.br/wp-content/uploads/2026/01/REPASSE-FAF-COM-POPULACAO-2025.xlsx,/home/neologos/anatomia-do-gasto-sprint2/data/raw/_nacional/fns/repasses_faf_com_populacao/2025/REPASSE-FAF-COM-POPULACAO-2025.xlsx,Manutenção Das Ações E Serviços Públicos De Saúde,ATENÇÃO DE MÉDIA E ALTA COMPLEXIDADE AMBULATORIAL E HOSPITALAR,EMENDA - INCREMENTO TEMPORÁRIO AO CUSTEIO DOS SERVIÇOS DE ASSISTÊNCIA HOSPITALAR E AMBULATORIAL,PR,CURITIBA,410690,1830795,2025,08597121000174,FUNDO ESTADUAL DE SAUDE DO PARANA - FUNSAUDE,001,037931,00159298,ESTADUAL,S,S,N,45957,250000,250000,-,-
2025,https://portalfns.saude.gov.br/wp-content/uploads/2026/01/REPASSE-FAF-COM-POPULACAO-2025.xlsx,https://portalfns.saude.gov.br/wp-content/uploads/2026/01/REPASSE-FAF-COM-POPULACAO-2025.xlsx,/home/neologos/anatomia-do-gasto-sprint2/data/raw/_nacional/fns/repasses_faf_com_populacao/2025/REPASSE-FAF-COM-POPULACAO-2025.xlsx,Manutenção Das Ações E Serviços Públicos De Saúde,ATENÇÃO DE MÉDIA E ALTA COMPLEXIDADE AMBULATORIAL E HOSPITALAR,EMENDA - INCREMENTO TEMPORÁRIO AO CUSTEIO DOS SERVIÇOS DE ASSISTÊNCIA HOSPITALAR E AMBULATORIAL,PR,CURITIBA,410690,1830795,2025,13792329000184,FUNDO MUNICIPAL DA SAUDE,001,037931,000000157457,MUNICIPAL,N,S,N,45957,2800000,2800000,2826573.46,45991
2025,https://portalfns.saude.gov.br/wp-content/uploads/2026/01/REPASSE-FAF-COM-POPULACAO-2025.xlsx,https://portalfns.saude.gov.br/wp-content/uploads/2026/01/REPASSE-FAF-COM-POPULACAO-2025.xlsx,/home/neologos/anatomia-do-gasto-sprint2/data/raw/_nacional/fns/repasses_faf_com_populacao/2025/REPASSE-FAF-COM-POPULACAO-2025.xlsx,Manutenção Das Ações E Serviços Públicos De Saúde,ATENÇÃO DE MÉDIA E ALTA COMPLEXIDADE AMBULATORIAL E HOSPITALAR,EMENDA - INCREMENTO TEMPORÁRIO AO CUSTEIO DOS SERVIÇOS DE ASSISTÊNCIA HOSPITALAR E AMBULATORIAL,PR,CURITIBA,410690,1830795,2025,13792329000184,FUNDO MUNICIPAL DA SAUDE,001,037931,00159085,MUNICIPAL,N,S,N,45957,500000,500000,-,-
2025,https://portalfns.saude.gov.br/wp-content/uploads/2026/01/REPASSE-FAF-COM-POPULACAO-2025.xlsx,https://portalfns.saude.gov.br/wp-content/uploads/2026/01/REPASSE-FAF-COM-POPULACAO-2025.xlsx,/home/neologos/anatomia-do-gasto-sprint2/data/raw/_nacional/fns/repasses_faf_com_populacao/2025/REPASSE-FAF-COM-POPULACAO-2025.xlsx,Manutenção Das Ações E Serviços Públicos De Saúde,ATENÇÃO DE MÉDIA E ALTA COMPLEXIDADE AMBULATORIAL E HOSPITALAR,EMENDA - INCREMENTO TEMPORÁRIO AO CUSTEIO DOS SERVIÇOS DE ASSISTÊNCIA HOSPITALAR E AMBULATORIAL,PR,CURITIBA,410690,1830795,2025,13792329000184,FUNDO MUNICIPAL DA SAUDE,001,037931,00159115,MUNICIPAL,N,S,N,45957,600000,600000,-,-
2025,https://portalfns.saude.gov.br/wp-content/uploads/2026/01/REPASSE-FAF-COM-POPULACAO-2025.xlsx,https://portalfns.saude.gov.br/wp-content/uploads/2026/01/REPASSE-FAF-COM-POPULACAO-2025.xlsx,/home/neologos/anatomia-do-gasto-sprint2/data/raw/_nacional/fns/repasses_faf_com_populacao/2025/REPASSE-FAF-COM-POPULACAO-2025.xlsx,Manutenção Das Ações E Serviços Públicos De Saúde,ATENÇÃO DE MÉDIA E ALTA COMPLEXIDADE AMBULATORIAL E HOSPITALAR,EMENDA - INCREMENTO TEMPORÁRIO AO CUSTEIO DOS SERVIÇOS DE ASSISTÊNCIA HOSPITALAR E AMBULATORIAL,PR,CURITIBA,410690,1830795,2025,08597121000174,FUNDO ESTADUAL DE SAUDE DO PARANA - FUNSAUDE,001,037931,000000156671,ESTADUAL,S,S,N,45939,500000,500000,507352.65,45991
2025,https://portalfns.saude.gov.br/wp-content/uploads/2026/01/REPASSE-FAF-COM-POPULACAO-2025.xlsx,https://portalfns.saude.gov.br/wp-content/uploads/2026/01/REPASSE-FAF-COM-POPULACAO-2025.xlsx,/home/neologos/anatomia-do-gasto-sprint2/data/raw/_nacional/fns/repasses_faf_com_populacao/2025/REPASSE-FAF-COM-POPULACAO-2025.xlsx,Manutenção Das Ações E Serviços Públicos De Saúde,ATENÇÃO DE MÉDIA E ALTA COMPLEXIDADE AMBULATORIAL E HOSPITALAR,EMENDA - INCREMENTO TEMPORÁRIO AO CUSTEIO DOS SERVIÇOS DE ASSISTÊNCIA HOSPITALAR E AMBULATORIAL,PR,CURITIBA,410690,1830795,2025,08597121000174,FUNDO ESTADUAL DE SAUDE DO PARANA - FUNSAUDE,001,037931,000000157619,ESTADUAL,S,S,N,45939,4000000,4000000,4058821.22,45991
2025,https://portalfns.saude.gov.br/wp-content/uploads/2026/01/REPASSE-FAF-COM-POPULACAO-2025.xlsx,https://portalfns.saude.gov.br/wp-content/uploads/2026/01/REPASSE-FAF-COM-POPULACAO-2025.xlsx,/home/neologos/anatomia-do-gasto-sprint2/data/raw/_nacional/fns/repasses_faf_com_populacao/2025/REPASSE-FAF-COM-POPULACAO-2025.xlsx,Manutenção Das Ações E Serviços Públicos De Saúde,ATENÇÃO DE MÉDIA E ALTA COMPLEXIDADE AMBULATORIAL E HOSPITALAR,EMENDA - INCREMENTO TEMPORÁRIO AO CUSTEIO DOS SERVIÇOS DE ASSISTÊNCIA HOSPITALAR E AMBULATORIAL,PR,CURITIBA,410690,1830795,2025,08597121000174,FUNDO ESTADUAL DE SAUDE DO PARANA - FUNSAUDE,001,037931,000000157686,ESTADUAL,S,S,N,45939,1000000,1000000,1014705.3,45991
2025,https://portalfns.saude.gov.br/wp-content/uploads/2026/01/REPASSE-FAF-COM-POPULACAO-2025.xlsx,https://portalfns.saude.gov.br/wp-content/uploads/2026/01/REPASSE-FAF-COM-POPULACAO-2025.xlsx,/home/neologos/anatomia-do-gasto-sprint2/data/raw/_nacional/fns/repasses_faf_com_populacao/2025/REPASSE-FAF-COM-POPULACAO-2025.xlsx,Manutenção Das Ações E Serviços Públicos De Saúde,ATENÇÃO DE MÉDIA E ALTA COMPLEXIDADE AMBULATORIAL E HOSPITALAR,EMENDA - INCREMENTO TEMPORÁRIO AO CUSTEIO DOS SERVIÇOS DE ASSISTÊNCIA HOSPITALAR E AMBULATORIAL,PR,CURITIBA,410690,1830795,2025,08597121000174,FUNDO ESTADUAL DE SAUDE DO PARANA - FUNSAUDE,001,037931,00158682,ESTADUAL,S,S,N,45939,200000,200000,-,-
2025,https://portalfns.saude.gov.br/wp-content/uploads/2026/01/REPASSE-FAF-COM-POPULACAO-2025.xlsx,https://portalfns.saude.gov.br/wp-content/uploads/2026/01/REPASSE-FAF-COM-POPULACAO-2025.xlsx,/home/neologos/anatomia-do-gasto-sprint2/data/raw/_nacional/fns/repasses_faf_com_populacao/2025/REPASSE-FAF-COM-POPULACAO-2025.xlsx,Manutenção Das Ações E Serviços Públicos De Saúde,ATENÇÃO DE MÉDIA E ALTA COMPLEXIDADE AMBULATORIAL E HOSPITALAR,FAEC - REDUÇÃO DAS FILAS DE CIRURGIAS (ELETIVAS),PR,CURITIBA,410690,1830795,2025,08597121000174,FUNDO ESTADUAL DE SAUDE DO PARANA - FUNSAUDE,001,037931,00000011958X,ESTADUAL,S,S,N,45939,46476740.360000007,46476740.360000007,482600135.30000001,45991
2025,https://portalfns.saude.gov.br/wp-content/uploads/2026/01/REPASSE-FAF-COM-POPULACAO-2025.xlsx,https://portalfns.saude.gov.br/wp-content/uploads/2026/01/REPASSE-FAF-COM-POPULACAO-2025.xlsx,/home/neologos/anatomia-do-gasto-sprint2/data/raw/_nacional/fns/repasses_faf_com_populacao/2025/REPASSE-FAF-COM-POPULACAO-2025.xlsx,Manutenção Das Ações E Serviços Públicos De Saúde,ATENÇÃO DE MÉDIA E ALTA COMPLEXIDADE AMBULATORIAL E HOSPITALAR,EMENDA - INCREMENTO TEMPORÁRIO AO CUSTEIO DOS SERVIÇOS DE ASSISTÊNCIA HOSPITALAR E AMBULATORIAL,PR,CURITIBA,410690,1830795,2025,08597121000174,FUNDO ESTADUAL DE SAUDE DO PARANA - FUNSAUDE,001,037931,00158240,ESTADUAL,S,S,N,45938,400000,400000,-,-
2025,https://portalfns.saude.gov.br/wp-content/uploads/2026/01/REPASSE-FAF-COM-POPULACAO-2025.xlsx,https://portalfns.saude.gov.br/wp-content/uploads/2026/01/REPASSE-FAF-COM-POPULACAO-2025.xlsx,/home/neologos/anatomia-do-gasto-sprint2/data/raw/_nacional/fns/repasses_faf_com_populacao/2025/REPASSE-FAF-COM-POPULACAO-2025.xlsx,Manutenção Das Ações E Serviços Públicos De Saúde,ATENÇÃO DE MÉDIA E ALTA COMPLEXIDADE AMBULATORIAL E HOSPITALAR,EMENDA - INCREMENTO TEMPORÁRIO AO CUSTEIO DOS SERVIÇOS DE ASSISTÊNCIA HOSPITALAR E AMBULATORIAL,PR,CURITIBA,410690,1830795,2025,08597121000174,FUNDO ESTADUAL DE SAUDE DO PARANA - FUNSAUDE,001,037931,00158984,ESTADUAL,S,S,N,45938,500000,500000,-,-
2025,https://portalfns.saude.gov.br/wp-content/uploads/2026/01/REPASSE-FAF-COM-POPULACAO-2025.xlsx,https://portalfns.saude.gov.br/wp-content/uploads/2026/01/REPASSE-FAF-COM-POPULACAO-2025.xlsx,/home/neologos/anatomia-do-gasto-sprint2/data/raw/_nacional/fns/repasses_faf_com_populacao/2025/REPASSE-FAF-COM-POPULACAO-2025.xlsx,Manutenção Das Ações E Serviços Públicos De Saúde,ATENÇÃO DE MÉDIA E ALTA COMPLEXIDADE AMBULATORIAL E HOSPITALAR,EMENDA - INCREMENTO TEMPORÁRIO AO CUSTEIO DOS SERVIÇOS DE ASSISTÊNCIA HOSPITALAR E AMBULATORIAL,PR,CURITIBA,410690,1830795,2025,08597121000174,FUNDO ESTADUAL DE SAUDE DO PARANA - FUNSAUDE,001,037931,0015900X,ESTADUAL,S,S,N,45930,300000,300000,-,-
2025,https://portalfns.saude.gov.br/wp-content/uploads/2026/01/REPASSE-FAF-COM-POPULACAO-2025.xlsx,https://portalfns.saude.gov.br/wp-content/uploads/2026/01/REPASSE-FAF-COM-POPULACAO-2025.xlsx,/home/neologos/anatomia-do-gasto-sprint2/data/raw/_nacional/fns/repasses_faf_com_populacao/2025/REPASSE-FAF-COM-POPULACAO-2025.xlsx,Manutenção Das Ações E Serviços Públicos De Saúde,ATENÇÃO DE MÉDIA E ALTA COMPLEXIDADE AMBULATORIAL E HOSPITALAR,EMENDA - INCREMENTO TEMPORÁRIO AO CUSTEIO DOS SERVIÇOS DE ASSISTÊNCIA HOSPITALAR E AMBULATORIAL,PR,CURITIBA,410690,1830795,2025,08597121000174,FUNDO ESTADUAL DE SAUDE DO PARANA - FUNSAUDE,001,037931,0015928X,ESTADUAL,S,S,N,45930,1000000,1000000,-,-
2025,https://portalfns.saude.gov.br/wp-content/uploads/2026/01/REPASSE-FAF-COM-POPULACAO-2025.xlsx,https://portalfns.saude.gov.br/wp-content/uploads/2026/01/REPASSE-FAF-COM-POPULACAO-2025.xlsx,/home/neologos/anatomia-do-gasto-sprint2/data/raw/_nacional/fns/repasses_faf_com_populacao/2025/REPASSE-FAF-COM-POPULACAO-2025.xlsx,Manutenção Das Ações E Serviços Públicos De Saúde,ATENÇÃO DE MÉDIA E ALTA COMPLEXIDADE AMBULATORIAL E HOSPITALAR,EMENDA - INCREMENTO TEMPORÁRIO AO CUSTEIO DOS SERVIÇOS DE ASSISTÊNCIA HOSPITALAR E AMBULATORIAL,PR,CURITIBA,410690,1830795,2025,08597121000174,FUNDO ESTADUAL DE SAUDE DO PARANA - FUNSAUDE,001,037931,00158267,ESTADUAL,S,S,N,45930,300000,300000,-,-
2025,https://portalfns.saude.gov.br/wp-content/uploads/2026/01/REPASSE-FAF-COM-POPULACAO-2025.xlsx,https://portalfns.saude.gov.br/wp-content/uploads/2026/01/REPASSE-FAF-COM-POPULACAO-2025.xlsx,/home/neologos/anatomia-do-gasto-sprint2/data/raw/_nacional/fns/repasses_faf_com_populacao/2025/REPASSE-FAF-COM-POPULACAO-2025.xlsx,Manutenção Das Ações E Serviços Públicos De Saúde,ATENÇÃO DE MÉDIA E ALTA COMPLEXIDADE AMBULATORIAL E HOSPITALAR,EMENDA - INCREMENTO TEMPORÁRIO AO CUSTEIO DOS SERVIÇOS DE ASSISTÊNCIA HOSPITALAR E AMBULATORIAL,PR,CURITIBA,410690,1830795,2025,08597121000174,FUNDO ESTADUAL DE SAUDE DO PARANA - FUNSAUDE,001,037931,00158569,ESTADUAL,S,S,N,45930,400000,400000,-,-
2025,https://portalfns.saude.gov.br/wp-content/uploads/2026/01/REPASSE-FAF-COM-POPULACAO-2025.xlsx,https://portalfns.saude.gov.br/wp-content/uploads/2026/01/REPASSE-FAF-COM-POPULACAO-2025.xlsx,/home/neologos/anatomia-do-gasto-sprint2/data/raw/_nacional/fns/repasses_faf_com_populacao/2025/REPASSE-FAF-COM-POPULACAO-2025.xlsx,Manutenção Das Ações E Serviços Públicos De Saúde,ATENÇÃO DE MÉDIA E ALTA COMPLEXIDADE AMBULATORIAL E HOSPITALAR,EMENDA - INCREMENTO TEMPORÁRIO AO CUSTEIO DOS SERVIÇOS DE ASSISTÊNCIA HOSPITALAR E AMBULATORIAL,PR,CURITIBA,410690,1830795,2025,08597121000174,FUNDO ESTADUAL DE SAUDE DO PARANA - FUNSAUDE,001,037931,00158585,ESTADUAL,S,S,N,45930,250000,250000,-,-
2025,https://portalfns.saude.gov.br/wp-content/uploads/2026/01/REPASSE-FAF-COM-POPULACAO-2025.xlsx,https://portalfns.saude.gov.br/wp-content/uploads/2026/01/REPASSE-FAF-COM-POPULACAO-2025.xlsx,/home/neologos/anatomia-do-gasto-sprint2/data/raw/_nacional/fns/repasses_faf_com_populacao/2025/REPASSE-FAF-COM-POPULACAO-2025.xlsx,Manutenção Das Ações E Serviços Públicos De Saúde,ATENÇÃO DE MÉDIA E ALTA COMPLEXIDADE AMBULATORIAL E HOSPITALAR,EMENDA - INCREMENTO TEMPORÁRIO AO CUSTEIO DOS SERVIÇOS DE ASSISTÊNCIA HOSPITALAR E AMBULATORIAL,PR,CURITIBA,410690,1830795,2025,08597121000174,FUNDO ESTADUAL DE SAUDE DO PARANA - FUNSAUDE,001,037931,00158704,ESTADUAL,S,S,N,45930,250000,250000,-,-
2025,https://portalfns.saude.gov.br/wp-content/uploads/2026/01/REPASSE-FAF-COM-POPULACAO-2025.xlsx,https://portalfns.saude.gov.br/wp-content/uploads/2026/01/REPASSE-FAF-COM-POPULACAO-2025.xlsx,/home/neologos/anatomia-do-gasto-sprint2/data/raw/_nacional/fns/repasses_faf_com_populacao/2025/REPASSE-FAF-COM-POPULACAO-2025.xlsx,Manutenção Das Ações E Serviços Públicos De Saúde,ATENÇÃO DE MÉDIA E ALTA COMPLEXIDADE AMBULATORIAL E HOSPITALAR,EMENDA - INCREMENTO TEMPORÁRIO AO CUSTEIO DOS SERVIÇOS DE ASSISTÊNCIA HOSPITALAR E AMBULATORIAL,PR,CURITIBA,410690,1830795,2025,08597121000174,FUNDO ESTADUAL DE SAUDE DO PARANA - FUNSAUDE,001,037931,00158739,ESTADUAL,S,S,N,45930,500000,500000,-,-
2025,https://portalfns.saude.gov.br/wp-content/uploads/2026/01/REPASSE-FAF-COM-POPULACAO-2025.xlsx,https://portalfns.saude.gov.br/wp-content/uploads/2026/01/REPASSE-FAF-COM-POPULACAO-2025.xlsx,/home/neologos/anatomia-do-gasto-sprint2/data/raw/_nacional/fns/repasses_faf_com_populacao/2025/REPASSE-FAF-COM-POPULACAO-2025.xlsx,Manutenção Das Ações E Serviços Públicos De Saúde,ATENÇÃO DE MÉDIA E ALTA COMPLEXIDADE AMBULATORIAL E HOSPITALAR,EMENDA - INCREMENTO TEMPORÁRIO AO CUSTEIO DOS SERVIÇOS DE ASSISTÊNCIA HOSPITALAR E AMBULATORIAL,PR,CURITIBA,410690,1830795,2025,08597121000174,FUNDO ESTADUAL DE SAUDE DO PARANA - FUNSAUDE,001,037931,00158798,ESTADUAL,S,S,N,45930,520000,520000,-,-
2025,https://portalfns.saude.gov.br/wp-content/uploads/2026/01/REPASSE-FAF-COM-POPULACAO-2025.xlsx,https://portalfns.saude.gov.br/wp-content/uploads/2026/01/REPASSE-FAF-COM-POPULACAO-2025.xlsx,/home/neologos/anatomia-do-gasto-sprint2/data/raw/_nacional/fns/repasses_faf_com_populacao/2025/REPASSE-FAF-COM-POPULACAO-2025.xlsx,Manutenção Das Ações E Serviços Públicos De Saúde,ATENÇÃO DE MÉDIA E ALTA COMPLEXIDADE AMBULATORIAL E HOSPITALAR,EMENDA - INCREMENTO TEMPORÁRIO AO CUSTEIO DOS SERVIÇOS DE ASSISTÊNCIA HOSPITALAR E AMBULATORIAL,PR,CURITIBA,410690,1830795,2025,08597121000174,FUNDO ESTADUAL DE SAUDE DO PARANA - FUNSAUDE,001,037931,00158801,ESTADUAL,S,S,N,45930,400000,400000,-,-
2025,https://portalfns.saude.gov.br/wp-content/uploads/2026/01/REPASSE-FAF-COM-POPULACAO-2025.xlsx,https://portalfns.saude.gov.br/wp-content/uploads/2026/01/REPASSE-FAF-COM-POPULACAO-2025.xlsx,/home/neologos/anatomia-do-gasto-sprint2/data/raw/_nacional/fns/repasses_faf_com_populacao/2025/REPASSE-FAF-COM-POPULACAO-2025.xlsx,Manutenção Das Ações E Serviços Públicos De Saúde,ATENÇÃO DE MÉDIA E ALTA COMPLEXIDADE AMBULATORIAL E HOSPITALAR,EMENDA - INCREMENTO TEMPORÁRIO AO CUSTEIO DOS SERVIÇOS DE ASSISTÊNCIA HOSPITALAR E AMBULATORIAL,PR,CURITIBA,410690,1830795,2025,08597121000174,FUNDO ESTADUAL DE SAUDE DO PARANA - FUNSAUDE,001,037931,00158852,ESTADUAL,S,S,N,45930,300000,300000,-,-
2025,https://portalfns.saude.gov.br/wp-content/uploads/2026/01/REPASSE-FAF-COM-POPULACAO-2025.xlsx,https://portalfns.saude.gov.br/wp-content/uploads/2026/01/REPASSE-FAF-COM-POPULACAO-2025.xlsx,/home/neologos/anatomia-do-gasto-sprint2/data/raw/_nacional/fns/repasses_faf_com_populacao/2025/REPASSE-FAF-COM-POPULACAO-2025.xlsx,Manutenção Das Ações E Serviços Públicos De Saúde,ATENÇÃO DE MÉDIA E ALTA COMPLEXIDADE AMBULATORIAL E HOSPITALAR,EMENDA - INCREMENTO TEMPORÁRIO AO CUSTEIO DOS SERVIÇOS DE ASSISTÊNCIA HOSPITALAR E AMBULATORIAL,PR,CURITIBA,410690,1830795,2025,08597121000174,FUNDO ESTADUAL DE SAUDE DO PARANA - FUNSAUDE,001,037931,00159360,ESTADUAL,S,S,N,45930,450000,450000,-,-
2025,https://portalfns.saude.gov.br/wp-content/uploads/2026/01/REPASSE-FAF-COM-POPULACAO-2025.xlsx,https://portalfns.saude.gov.br/wp-content/uploads/2026/01/REPASSE-FAF-COM-POPULACAO-2025.xlsx,/home/neologos/anatomia-do-gasto-sprint2/data/raw/_nacional/fns/repasses_faf_com_populacao/2025/REPASSE-FAF-COM-POPULACAO-2025.xlsx,Manutenção Das Ações E Serviços Públicos De Saúde,ATENÇÃO DE MÉDIA E ALTA COMPLEXIDADE AMBULATORIAL E HOSPITALAR,EMENDA - INCREMENTO TEMPORÁRIO AO CUSTEIO DOS SERVIÇOS DE ASSISTÊNCIA HOSPITALAR E AMBULATORIAL,PR,CURITIBA,410690,1830795,2025,13792329000184,FUNDO MUNICIPAL DA SAUDE,001,037931,00158321,MUNICIPAL,N,S,N,45930,200000,200000,-,-
2025,https://portalfns.saude.gov.br/wp-content/uploads/2026/01/REPASSE-FAF-COM-POPULACAO-2025.xlsx,https://portalfns.saude.gov.br/wp-content/uploads/2026/01/REPASSE-FAF-COM-POPULACAO-2025.xlsx,/home/neologos/anatomia-do-gasto-sprint2/data/raw/_nacional/fns/repasses_faf_com_populacao/2025/REPASSE-FAF-COM-POPULACAO-2025.xlsx,Manutenção Das Ações E Serviços Públicos De Saúde,ATENÇÃO DE MÉDIA E ALTA COMPLEXIDADE AMBULATORIAL E HOSPITALAR,EMENDA - INCREMENTO TEMPORÁRIO AO CUSTEIO DOS SERVIÇOS DE ASSISTÊNCIA HOSPITALAR E AMBULATORIAL,PR,CURITIBA,410690,1830795,2025,13792329000184,FUNDO MUNICIPAL DA SAUDE,001,037931,00159026,MUNICIPAL,N,S,N,45930,4425000,4425000,-,-
2025,https://portalfns.saude.gov.br/wp-content/uploads/2026/01/REPASSE-FAF-COM-POPULACAO-2025.xlsx,https://portalfns.saude.gov.br/wp-content/uploads/2026/01/REPASSE-FAF-COM-POPULACAO-2025.xlsx,/home/neologos/anatomia-do-gasto-sprint2/data/raw/_nacional/fns/repasses_faf_com_populacao/2025/REPASSE-FAF-COM-POPULACAO-2025.xlsx,Manutenção Das Ações E Serviços Públicos De Saúde,ATENÇÃO DE MÉDIA E ALTA COMPLEXIDADE AMBULATORIAL E HOSPITALAR,EMENDA - INCREMENTO TEMPORÁRIO AO CUSTEIO DOS SERVIÇOS DE ASSISTÊNCIA HOSPITALAR E AMBULATORIAL,PR,CURITIBA,410690,1830795,2025,13792329000184,FUNDO MUNICIPAL DA SAUDE,001,037931,00159034,MUNICIPAL,N,S,N,45930,1000000,1000000,-,-
2025,https://portalfns.saude.gov.br/wp-content/uploads/2026/01/REPASSE-FAF-COM-POPULACAO-2025.xlsx,https://portalfns.saude.gov.br/wp-content/uploads/2026/01/REPASSE-FAF-COM-POPULACAO-2025.xlsx,/home/neologos/anatomia-do-gasto-sprint2/data/raw/_nacional/fns/repasses_faf_com_populacao/2025/REPASSE-FAF-COM-POPULACAO-2025.xlsx,Manutenção Das Ações E Serviços Públicos De Saúde,ATENÇÃO DE MÉDIA E ALTA COMPLEXIDADE AMBULATORIAL E HOSPITALAR,EMENDA - INCREMENTO TEMPORÁRIO AO CUSTEIO DOS SERVIÇOS DE ASSISTÊNCIA HOSPITALAR E AMBULATORIAL,PR,CURITIBA,410690,1830795,2025,13792329000184,FUNDO MUNICIPAL DA SAUDE,001,037931,00159042,MUNICIPAL,N,S,N,45930,500000,500000,-,-
2025,https://portalfns.saude.gov.br/wp-content/uploads/2026/01/REPASSE-FAF-COM-POPULACAO-2025.xlsx,https://portalfns.saude.gov.br/wp-content/uploads/2026/01/REPASSE-FAF-COM-POPULACAO-2025.xlsx,/home/neologos/anatomia-do-gasto-sprint2/data/raw/_nacional/fns/repasses_faf_com_populacao/2025/REPASSE-FAF-COM-POPULACAO-2025.xlsx,Manutenção Das Ações E Serviços Públicos De Saúde,ATENÇÃO DE MÉDIA E ALTA COMPLEXIDADE AMBULATORIAL E HOSPITALAR,EMENDA - INCREMENTO TEMPORÁRIO AO CUSTEIO DOS SERVIÇOS DE ASSISTÊNCIA HOSPITALAR E AMBULATORIAL,PR,CURITIBA,410690,1830795,2025,13792329000184,FUNDO MUNICIPAL DA SAUDE,001,037931,00159050,MUNICIPAL,N,S,N,45930,1000000,1000000,-,-
2025,https://portalfns.saude.gov.br/wp-content/uploads/2026/01/REPASSE-FAF-COM-POPULACAO-2025.xlsx,https://portalfns.saude.gov.br/wp-content/uploads/2026/01/REPASSE-FAF-COM-POPULACAO-2025.xlsx,/home/neologos/anatomia-do-gasto-sprint2/data/raw/_nacional/fns/repasses_faf_com_populacao/2025/REPASSE-FAF-COM-POPULACAO-2025.xlsx,Manutenção Das Ações E Serviços Públicos De Saúde,ATENÇÃO DE MÉDIA E ALTA COMPLEXIDADE AMBULATORIAL E HOSPITALAR,EMENDA - INCREMENTO TEMPORÁRIO AO CUSTEIO DOS SERVIÇOS DE ASSISTÊNCIA HOSPITALAR E AMBULATORIAL,PR,CURITIBA,410690,1830795,2025,13792329000184,FUNDO MUNICIPAL DA SAUDE,001,037931,00159093,MUNICIPAL,N,S,N,45930,200000,200000,-,-
2025,https://portalfns.saude.gov.br/wp-content/uploads/2026/01/REPASSE-FAF-COM-POPULACAO-2025.xlsx,https://portalfns.saude.gov.br/wp-content/uploads/2026/01/REPASSE-FAF-COM-POPULACAO-2025.xlsx,/home/neologos/anatomia-do-gasto-sprint2/data/raw/_nacional/fns/repasses_faf_com_populacao/2025/REPASSE-FAF-COM-POPULACAO-2025.xlsx,Manutenção Das Ações E Serviços Públicos De Saúde,ATENÇÃO DE MÉDIA E ALTA COMPLEXIDADE AMBULATORIAL E HOSPITALAR,EMENDA - INCREMENTO TEMPORÁRIO AO CUSTEIO DOS SERVIÇOS DE ASSISTÊNCIA HOSPITALAR E AMBULATORIAL,PR,CURITIBA,410690,1830795,2025,13792329000184,FUNDO MUNICIPAL DA SAUDE,001,037931,00159107,MUNICIPAL,N,S,N,45930,634000,634000,-,-
2025,https://portalfns.saude.gov.br/wp-content/uploads/2026/01/REPASSE-FAF-COM-POPULACAO-2025.xlsx,https://portalfns.saude.gov.br/wp-content/uploads/2026/01/REPASSE-FAF-COM-POPULACAO-2025.xlsx,/home/neologos/anatomia-do-gasto-sprint2/data/raw/_nacional/fns/repasses_faf_com_populacao/2025/REPASSE-FAF-COM-POPULACAO-2025.xlsx,Manutenção Das Ações E Serviços Públicos De Saúde,ATENÇÃO DE MÉDIA E ALTA COMPLEXIDADE AMBULATORIAL E HOSPITALAR,EMENDA - INCREMENTO TEMPORÁRIO AO CUSTEIO DOS SERVIÇOS DE ASSISTÊNCIA HOSPITALAR E AMBULATORIAL,PR,CURITIBA,410690,1830795,2025,08597121000174,FUNDO ESTADUAL DE SAUDE DO PARANA - FUNSAUDE,001,037931,00000015685X,ESTADUAL,S,S,N,45926,1000000,1000000,1018625.7,45991
2025,https://portalfns.saude.gov.br/wp-content/uploads/2026/01/REPASSE-FAF-COM-POPULACAO-2025.xlsx,https://portalfns.saude.gov.br/wp-content/uploads/2026/01/REPASSE-FAF-COM-POPULACAO-2025.xlsx,/home/neologos/anatomia-do-gasto-sprint2/data/raw/_nacional/fns/repasses_faf_com_populacao/2025/REPASSE-FAF-COM-POPULACAO-2025.xlsx,Manutenção Das Ações E Serviços Públicos De Saúde,ATENÇÃO DE MÉDIA E ALTA COMPLEXIDADE AMBULATORIAL E HOSPITALAR,EMENDA - INCREMENTO TEMPORÁRIO AO CUSTEIO DOS SERVIÇOS DE ASSISTÊNCIA HOSPITALAR E AMBULATORIAL,PR,CURITIBA,410690,1830795,2025,08597121000174,FUNDO ESTADUAL DE SAUDE DO PARANA - FUNSAUDE,001,037931,00000015752X,ESTADUAL,S,S,N,45926,400000,400000,407450.28,45991
2025,https://portalfns.saude.gov.br/wp-content/uploads/2026/01/REPASSE-FAF-COM-POPULACAO-2025.xlsx,https://portalfns.saude.gov.br/wp-content/uploads/2026/01/REPASSE-FAF-COM-POPULACAO-2025.xlsx,/home/neologos/anatomia-do-gasto-sprint2/data/raw/_nacional/fns/repasses_faf_com_populacao/2025/REPASSE-FAF-COM-POPULACAO-2025.xlsx,Manutenção Das Ações E Serviços Públicos De Saúde,ATENÇÃO DE MÉDIA E ALTA COMPLEXIDADE AMBULATORIAL E HOSPITALAR,EMENDA - INCREMENTO TEMPORÁRIO AO CUSTEIO DOS SERVIÇOS DE ASSISTÊNCIA HOSPITALAR E AMBULATORIAL,PR,CURITIBA,410690,1830795,2025,08597121000174,FUNDO ESTADUAL DE SAUDE DO PARANA - FUNSAUDE,001,037931,00000015766X,ESTADUAL,S,S,N,45926,200000,200000,2259.98,45991
2025,https://portalfns.saude.gov.br/wp-content/uploads/2026/01/REPASSE-FAF-COM-POPULACAO-2025.xlsx,https://portalfns.saude.gov.br/wp-content/uploads/2026/01/REPASSE-FAF-COM-POPULACAO-2025.xlsx,/home/neologos/anatomia-do-gasto-sprint2/data/raw/_nacional/fns/repasses_faf_com_populacao/2025/REPASSE-FAF-COM-POPULACAO-2025.xlsx,Manutenção Das Ações E Serviços Públicos De Saúde,ATENÇÃO DE MÉDIA E ALTA COMPLEXIDADE AMBULATORIAL E HOSPITALAR,EMENDA - INCREMENTO TEMPORÁRIO AO CUSTEIO DOS SERVIÇOS DE ASSISTÊNCIA HOSPITALAR E AMBULATORIAL,PR,CURITIBA,410690,1830795,2025,08597121000174,FUNDO ESTADUAL DE SAUDE DO PARANA - FUNSAUDE,001,037931,000000156698,ESTADUAL,S,S,N,45926,2900000,2900000,2954014.53,45991
2025,https://portalfns.saude.gov.br/wp-content/uploads/2026/01/REPASSE-FAF-COM-POPULACAO-2025.xlsx,https://portalfns.saude.gov.br/wp-content/uploads/2026/01/REPASSE-FAF-COM-POPULACAO-2025.xlsx,/home/neologos/anatomia-do-gasto-sprint2/data/raw/_nacional/fns/repasses_faf_com_populacao/2025/REPASSE-FAF-COM-POPULACAO-2025.xlsx,Manutenção Das Ações E Serviços Públicos De Saúde,ATENÇÃO DE MÉDIA E ALTA COMPLEXIDADE AMBULATORIAL E HOSPITALAR,EMENDA - INCREMENTO TEMPORÁRIO AO CUSTEIO DOS SERVIÇOS DE ASSISTÊNCIA HOSPITALAR E AMBULATORIAL,PR,CURITIBA,410690,1830795,2025,08597121000174,FUNDO ESTADUAL DE SAUDE DO PARANA - FUNSAUDE,001,037931,000000157546,ESTADUAL,S,S,N,45926,300000,300000,305587.71000000002,45991
2025,https://portalfns.saude.gov.br/wp-content/uploads/2026/01/REPASSE-FAF-COM-POPULACAO-2025.xlsx,https://portalfns.saude.gov.br/wp-content/uploads/2026/01/REPASSE-FAF-COM-POPULACAO-2025.xlsx,/home/neologos/anatomia-do-gasto-sprint2/data/raw/_nacional/fns/repasses_faf_com_populacao/2025/REPASSE-FAF-COM-POPULACAO-2025.xlsx,Manutenção Das Ações E Serviços Públicos De Saúde,ATENÇÃO DE MÉDIA E ALTA COMPLEXIDADE AMBULATORIAL E HOSPITALAR,EMENDA - INCREMENTO TEMPORÁRIO AO CUSTEIO DOS SERVIÇOS DE ASSISTÊNCIA HOSPITALAR E AMBULATORIAL,PR,CURITIBA,410690,1830795,2025,08597121000174,FUNDO ESTADUAL DE SAUDE DO PARANA - FUNSAUDE,001,037931,000000157554,ESTADUAL,S,S,N,45926,500000,500000,6081.51,45991
2025,https://portalfns.saude.gov.br/wp-content/uploads/2026/01/REPASSE-FAF-COM-POPULACAO-2025.xlsx,https://portalfns.saude.gov.br/wp-content/uploads/2026/01/REPASSE-FAF-COM-POPULACAO-2025.xlsx,/home/neologos/anatomia-do-gasto-sprint2/data/raw/_nacional/fns/repasses_faf_com_populacao/2025/REPASSE-FAF-COM-POPULACAO-2025.xlsx,Manutenção Das Ações E Serviços Públicos De Saúde,ATENÇÃO DE MÉDIA E ALTA COMPLEXIDADE AMBULATORIAL E HOSPITALAR,EMENDA - INCREMENTO TEMPORÁRIO AO CUSTEIO DOS SERVIÇOS DE ASSISTÊNCIA HOSPITALAR E AMBULATORIAL,PR,CURITIBA,410690,1830795,2025,08597121000174,FUNDO ESTADUAL DE SAUDE DO PARANA - FUNSAUDE,001,037931,000000157635,ESTADUAL,S,S,N,45926,300000,300000,305587.71000000002,45991
2025,https://portalfns.saude.gov.br/wp-content/uploads/2026/01/REPASSE-FAF-COM-POPULACAO-2025.xlsx,https://portalfns.saude.gov.br/wp-content/uploads/2026/01/REPASSE-FAF-COM-POPULACAO-2025.xlsx,/home/neologos/anatomia-do-gasto-sprint2/data/raw/_nacional/fns/repasses_faf_com_populacao/2025/REPASSE-FAF-COM-POPULACAO-2025.xlsx,Manutenção Das Ações E Serviços Públicos De Saúde,ATENÇÃO DE MÉDIA E ALTA COMPLEXIDADE AMBULATORIAL E HOSPITALAR,EMENDA - INCREMENTO TEMPORÁRIO AO CUSTEIO DOS SERVIÇOS DE ASSISTÊNCIA HOSPITALAR E AMBULATORIAL,PR,CURITIBA,410690,1830795,2025,08597121000174,FUNDO ESTADUAL DE SAUDE DO PARANA - FUNSAUDE,001,037931,000000157643,ESTADUAL,S,S,N,45926,500000,500000,509312.85,45991
2025,https://portalfns.saude.gov.br/wp-content/uploads/2026/01/REPASSE-FAF-COM-POPULACAO-2025.xlsx,https://portalfns.saude.gov.br/wp-content/uploads/2026/01/REPASSE-FAF-COM-POPULACAO-2025.xlsx,/home/neologos/anatomia-do-gasto-sprint2/data/raw/_nacional/fns/repasses_faf_com_populacao/2025/REPASSE-FAF-COM-POPULACAO-2025.xlsx,Manutenção Das Ações E Serviços Públicos De Saúde,ATENÇÃO DE MÉDIA E ALTA COMPLEXIDADE AMBULATORIAL E HOSPITALAR,EMENDA - INCREMENTO TEMPORÁRIO AO CUSTEIO DOS SERVIÇOS DE ASSISTÊNCIA HOSPITALAR E AMBULATORIAL,PR,CURITIBA,410690,1830795,2025,08597121000174,FUNDO ESTADUAL DE SAUDE DO PARANA - FUNSAUDE,001,037931,000000157651,ESTADUAL,S,S,N,45926,400000,400000,407450.28,45991
2025,https://portalfns.saude.gov.br/wp-content/uploads/2026/01/REPASSE-FAF-COM-POPULACAO-2025.xlsx,https://portalfns.saude.gov.br/wp-content/uploads/2026/01/REPASSE-FAF-COM-POPULACAO-2025.xlsx,/home/neologos/anatomia-do-gasto-sprint2/data/raw/_nacional/fns/repasses_faf_com_populacao/2025/REPASSE-FAF-COM-POPULACAO-2025.xlsx,Manutenção Das Ações E Serviços Públicos De Saúde,ATENÇÃO DE MÉDIA E ALTA COMPLEXIDADE AMBULATORIAL E HOSPITALAR,EMENDA - INCREMENTO TEMPORÁRIO AO CUSTEIO DOS SERVIÇOS DE ASSISTÊNCIA HOSPITALAR E AMBULATORIAL,PR,CURITIBA,410690,1830795,2025,08597121000174,FUNDO ESTADUAL DE SAUDE DO PARANA - FUNSAUDE,001,037931,000000157678,ESTADUAL,S,S,N,45926,300000,300000,1831.47,45991
2025,https://portalfns.saude.gov.br/wp-content/uploads/2026/01/REPASSE-FAF-COM-POPULACAO-2025.xlsx,https://portalfns.saude.gov.br/wp-content/uploads/2026/01/REPASSE-FAF-COM-POPULACAO-2025.xlsx,/home/neologos/anatomia-do-gasto-sprint2/data/raw/_nacional/fns/repasses_faf_com_populacao/2025/REPASSE-FAF-COM-POPULACAO-2025.xlsx,Manutenção Das Ações E Serviços Públicos De Saúde,ATENÇÃO PRIMÁRIA,EMENDA - INCREMENTO TEMPORÁRIO AO CUSTEIO DOS SERVIÇOS DE ATENÇÃO PRIMÁRIA EM SAÚDE,PR,CURITIBA,410690,1830795,2025,13792329000184,FUNDO MUNICIPAL DA SAUDE,001,037931,00158348,MUNICIPAL,N,S,N,45926,1000000,1000000,-,-
2025,https://portalfns.saude.gov.br/wp-content/uploads/2026/01/REPASSE-FAF-COM-POPULACAO-2025.xlsx,https://portalfns.saude.gov.br/wp-content/uploads/2026/01/REPASSE-FAF-COM-POPULACAO-2025.xlsx,/home/neologos/anatomia-do-gasto-sprint2/data/raw/_nacional/fns/repasses_faf_com_populacao/2025/REPASSE-FAF-COM-POPULACAO-2025.xlsx,Manutenção Das Ações E Serviços Públicos De Saúde,ATENÇÃO DE MÉDIA E ALTA COMPLEXIDADE AMBULATORIAL E HOSPITALAR,FAEC - REDUÇÃO DAS FILAS DE CIRURGIAS (ELETIVAS),PR,CURITIBA,410690,1830795,2025,13792329000184,FUNDO MUNICIPAL DA SAUDE,001,037931,000000139947,MUNICIPAL,N,S,N,45925,5912898.1900000004,5777421.5,81102183.269999996,45991
2025,https://portalfns.saude.gov.br/wp-content/uploads/2026/01/REPASSE-FAF-COM-POPULACAO-2025.xlsx,https://portalfns.saude.gov.br/wp-content/uploads/2026/01/REPASSE-FAF-COM-POPULACAO-2025.xlsx,/home/neologos/anatomia-do-gasto-sprint2/data/raw/_nacional/fns/repasses_faf_com_populacao/2025/REPASSE-FAF-COM-POPULACAO-2025.xlsx,Manutenção Das Ações E Serviços Públicos De Saúde,ATENÇÃO PRIMÁRIA,IMPLEMENTACÃO DE POLÍTICAS PARA A REDE ALYNE,PR,CURITIBA,410690,1830795,2025,08597121000174,FUNDO ESTADUAL DE SAUDE DO PARANA - FUNSAUDE,001,037931,00000011958X,ESTADUAL,S,S,N,45925,900000,900000,482600135.30000001,45991
2025,https://portalfns.saude.gov.br/wp-content/uploads/2026/01/REPASSE-FAF-COM-POPULACAO-2025.xlsx,https://portalfns.saude.gov.br/wp-content/uploads/2026/01/REPASSE-FAF-COM-POPULACAO-2025.xlsx,/home/neologos/anatomia-do-gasto-sprint2/data/raw/_nacional/fns/repasses_faf_com_populacao/2025/REPASSE-FAF-COM-POPULACAO-2025.xlsx,Manutenção Das Ações E Serviços Públicos De Saúde,ATENÇÃO PRIMÁRIA,IMPLEMENTACÃO DE POLÍTICAS PARA A REDE ALYNE,PR,CURITIBA,410690,1830795,2025,13792329000184,FUNDO MUNICIPAL DA SAUDE,001,037931,000000139947,MUNICIPAL,N,S,N,45925,690046.3,690046.3,81102183.269999996,45991
2025,https://portalfns.saude.gov.br/wp-content/uploads/2026/01/REPASSE-FAF-COM-POPULACAO-2025.xlsx,https://portalfns.saude.gov.br/wp-content/uploads/2026/01/REPASSE-FAF-COM-POPULACAO-2025.xlsx,/home/neologos/anatomia-do-gasto-sprint2/data/raw/_nacional/fns/repasses_faf_com_populacao/2025/REPASSE-FAF-COM-POPULACAO-2025.xlsx,Manutenção Das Ações E Serviços Públicos De Saúde,ATENÇÃO DE MÉDIA E ALTA COMPLEXIDADE AMBULATORIAL E HOSPITALAR,EMENDA - INCREMENTO TEMPORÁRIO AO CUSTEIO DOS SERVIÇOS DE ASSISTÊNCIA HOSPITALAR E AMBULATORIAL,PR,CURITIBA,410690,1830795,2025,08597121000174,FUNDO ESTADUAL DE SAUDE DO PARANA - FUNSAUDE,001,037931,00000015699X,ESTADUAL,S,S,N,45916,300000,300000,306638.87,45991
2025,https://portalfns.saude.gov.br/wp-content/uploads/2026/01/REPASSE-FAF-COM-POPULACAO-2025.xlsx,https://portalfns.saude.gov.br/wp-content/uploads/2026/01/REPASSE-FAF-COM-POPULACAO-2025.xlsx,/home/neologos/anatomia-do-gasto-sprint2/data/raw/_nacional/fns/repasses_faf_com_populacao/2025/REPASSE-FAF-COM-POPULACAO-2025.xlsx,Manutenção Das Ações E Serviços Públicos De Saúde,ATENÇÃO DE MÉDIA E ALTA COMPLEXIDADE AMBULATORIAL E HOSPITALAR,EMENDA - INCREMENTO TEMPORÁRIO AO CUSTEIO DOS SERVIÇOS DE ASSISTÊNCIA HOSPITALAR E AMBULATORIAL,PR,CURITIBA,410690,1830795,2025,08597121000174,FUNDO ESTADUAL DE SAUDE DO PARANA - FUNSAUDE,001,037931,00000015704X,ESTADUAL,S,S,N,45916,200000,200000,204425.91,45991
2025,https://portalfns.saude.gov.br/wp-content/uploads/2026/01/REPASSE-FAF-COM-POPULACAO-2025.xlsx,https://portalfns.saude.gov.br/wp-content/uploads/2026/01/REPASSE-FAF-COM-POPULACAO-2025.xlsx,/home/neologos/anatomia-do-gasto-sprint2/data/raw/_nacional/fns/repasses_faf_com_populacao/2025/REPASSE-FAF-COM-POPULACAO-2025.xlsx,Manutenção Das Ações E Serviços Públicos De Saúde,ATENÇÃO DE MÉDIA E ALTA COMPLEXIDADE AMBULATORIAL E HOSPITALAR,EMENDA - INCREMENTO TEMPORÁRIO AO CUSTEIO DOS SERVIÇOS DE ASSISTÊNCIA HOSPITALAR E AMBULATORIAL,PR,CURITIBA,410690,1830795,2025,08597121000174,FUNDO ESTADUAL DE SAUDE DO PARANA - FUNSAUDE,001,037931,00000015735X,ESTADUAL,S,S,N,45916,500000,500000,511064.79,45991
2025,https://portalfns.saude.gov.br/wp-content/uploads/2026/01/REPASSE-FAF-COM-POPULACAO-2025.xlsx,https://portalfns.saude.gov.br/wp-content/uploads/2026/01/REPASSE-FAF-COM-POPULACAO-2025.xlsx,/home/neologos/anatomia-do-gasto-sprint2/data/raw/_nacional/fns/repasses_faf_com_populacao/2025/REPASSE-FAF-COM-POPULACAO-2025.xlsx,Manutenção Das Ações E Serviços Públicos De Saúde,ATENÇÃO DE MÉDIA E ALTA COMPLEXIDADE AMBULATORIAL E HOSPITALAR,EMENDA - INCREMENTO TEMPORÁRIO AO CUSTEIO DOS SERVIÇOS DE ASSISTÊNCIA HOSPITALAR E AMBULATORIAL,PR,CURITIBA,410690,1830795,2025,08597121000174,FUNDO ESTADUAL DE SAUDE DO PARANA - FUNSAUDE,001,037931,000000156973,ESTADUAL,S,S,N,45916,500000,500000,511064.79,45991
2025,https://portalfns.saude.gov.br/wp-content/uploads/2026/01/REPASSE-FAF-COM-POPULACAO-2025.xlsx,https://portalfns.saude.gov.br/wp-content/uploads/2026/01/REPASSE-FAF-COM-POPULACAO-2025.xlsx,/home/neologos/anatomia-do-gasto-sprint2/data/raw/_nacional/fns/repasses_faf_com_populacao/2025/REPASSE-FAF-COM-POPULACAO-2025.xlsx,Manutenção Das Ações E Serviços Públicos De Saúde,ATENÇÃO DE MÉDIA E ALTA COMPLEXIDADE AMBULATORIAL E HOSPITALAR,EMENDA - INCREMENTO TEMPORÁRIO AO CUSTEIO DOS SERVIÇOS DE ASSISTÊNCIA HOSPITALAR E AMBULATORIAL,PR,CURITIBA,410690,1830795,2025,08597121000174,FUNDO ESTADUAL DE SAUDE DO PARANA - FUNSAUDE,001,037931,000000157015,ESTADUAL,S,S,N,45916,300000,300000,306638.87,45991
2025,https://portalfns.saude.gov.br/wp-content/uploads/2026/01/REPASSE-FAF-COM-POPULACAO-2025.xlsx,https://portalfns.saude.gov.br/wp-content/uploads/2026/01/REPASSE-FAF-COM-POPULACAO-2025.xlsx,/home/neologos/anatomia-do-gasto-sprint2/data/raw/_nacional/fns/repasses_faf_com_populacao/2025/REPASSE-FAF-COM-POPULACAO-2025.xlsx,Manutenção Das Ações E Serviços Públicos De Saúde,ATENÇÃO DE MÉDIA E ALTA COMPLEXIDADE AMBULATORIAL E HOSPITALAR,EMENDA - INCREMENTO TEMPORÁRIO AO CUSTEIO DOS SERVIÇOS DE ASSISTÊNCIA HOSPITALAR E AMBULATORIAL,PR,CURITIBA,410690,1830795,2025,08597121000174,FUNDO ESTADUAL DE SAUDE DO PARANA - FUNSAUDE,001,037931,000000157023,ESTADUAL,S,S,N,45916,800000,800000,817703.66,45991
2025,https://portalfns.saude.gov.br/wp-content/uploads/2026/01/REPASSE-FAF-COM-POPULACAO-2025.xlsx,https://portalfns.saude.gov.br/wp-content/uploads/2026/01/REPASSE-FAF-COM-POPULACAO-2025.xlsx,/home/neologos/anatomia-do-gasto-sprint2/data/raw/_nacional/fns/repasses_faf_com_populacao/2025/REPASSE-FAF-COM-POPULACAO-2025.xlsx,Manutenção Das Ações E Serviços Públicos De Saúde,ATENÇÃO DE MÉDIA E ALTA COMPLEXIDADE AMBULATORIAL E HOSPITALAR,EMENDA - INCREMENTO TEMPORÁRIO AO CUSTEIO DOS SERVIÇOS DE ASSISTÊNCIA HOSPITALAR E AMBULATORIAL,PR,CURITIBA,410690,1830795,2025,08597121000174,FUNDO ESTADUAL DE SAUDE DO PARANA - FUNSAUDE,001,037931,000000157031,ESTADUAL,S,S,N,45916,250000,250000,255532.39,45991
2025,https://portalfns.saude.gov.br/wp-content/uploads/2026/01/REPASSE-FAF-COM-POPULACAO-2025.xlsx,https://portalfns.saude.gov.br/wp-content/uploads/2026/01/REPASSE-FAF-COM-POPULACAO-2025.xlsx,/home/neologos/anatomia-do-gasto-sprint2/data/raw/_nacional/fns/repasses_faf_com_populacao/2025/REPASSE-FAF-COM-POPULACAO-2025.xlsx,Manutenção Das Ações E Serviços Públicos De Saúde,ATENÇÃO DE MÉDIA E ALTA COMPLEXIDADE AMBULATORIAL E HOSPITALAR,EMENDA - INCREMENTO TEMPORÁRIO AO CUSTEIO DOS SERVIÇOS DE ASSISTÊNCIA HOSPITALAR E AMBULATORIAL,PR,CURITIBA,410690,1830795,2025,08597121000174,FUNDO ESTADUAL DE SAUDE DO PARANA - FUNSAUDE,001,037931,000000157074,ESTADUAL,S,S,N,45916,300000,300000,306638.87,45991
2025,https://portalfns.saude.gov.br/wp-content/uploads/2026/01/REPASSE-FAF-COM-POPULACAO-2025.xlsx,https://portalfns.saude.gov.br/wp-content/uploads/2026/01/REPASSE-FAF-COM-POPULACAO-2025.xlsx,/home/neologos/anatomia-do-gasto-sprint2/data/raw/_nacional/fns/repasses_faf_com_populacao/2025/REPASSE-FAF-COM-POPULACAO-2025.xlsx,Manutenção Das Ações E Serviços Públicos De Saúde,ATENÇÃO DE MÉDIA E ALTA COMPLEXIDADE AMBULATORIAL E HOSPITALAR,EMENDA - INCREMENTO TEMPORÁRIO AO CUSTEIO DOS SERVIÇOS DE ASSISTÊNCIA HOSPITALAR E AMBULATORIAL,PR,CURITIBA,410690,1830795,2025,08597121000174,FUNDO ESTADUAL DE SAUDE DO PARANA - FUNSAUDE,001,037931,000000157341,ESTADUAL,S,S,N,45916,400000,400000,6266.76,45991
2025,https://portalfns.saude.gov.br/wp-content/uploads/2026/01/REPASSE-FAF-COM-POPULACAO-2025.xlsx,https://portalfns.saude.gov.br/wp-content/uploads/2026/01/REPASSE-FAF-COM-POPULACAO-2025.xlsx,/home/neologos/anatomia-do-gasto-sprint2/data/raw/_nacional/fns/repasses_faf_com_populacao/2025/REPASSE-FAF-COM-POPULACAO-2025.xlsx,Manutenção Das Ações E Serviços Públicos De Saúde,ATENÇÃO DE MÉDIA E ALTA COMPLEXIDADE AMBULATORIAL E HOSPITALAR,EMENDA - INCREMENTO TEMPORÁRIO AO CUSTEIO DOS SERVIÇOS DE ASSISTÊNCIA HOSPITALAR E AMBULATORIAL,PR,CURITIBA,410690,1830795,2025,08597121000174,FUNDO ESTADUAL DE SAUDE DO PARANA - FUNSAUDE,001,037931,000000157368,ESTADUAL,S,S,N,45916,300000,300000,306638.87,45991
2025,https://portalfns.saude.gov.br/wp-content/uploads/2026/01/REPASSE-FAF-COM-POPULACAO-2025.xlsx,https://portalfns.saude.gov.br/wp-content/uploads/2026/01/REPASSE-FAF-COM-POPULACAO-2025.xlsx,/home/neologos/anatomia-do-gasto-sprint2/data/raw/_nacional/fns/repasses_faf_com_populacao/2025/REPASSE-FAF-COM-POPULACAO-2025.xlsx,Manutenção Das Ações E Serviços Públicos De Saúde,ATENÇÃO DE MÉDIA E ALTA COMPLEXIDADE AMBULATORIAL E HOSPITALAR,EMENDA - INCREMENTO TEMPORÁRIO AO CUSTEIO DOS SERVIÇOS DE ASSISTÊNCIA HOSPITALAR E AMBULATORIAL,PR,CURITIBA,410690,1830795,2025,08597121000174,FUNDO ESTADUAL DE SAUDE DO PARANA - FUNSAUDE,001,037931,000000157376,ESTADUAL,S,S,N,45916,300000,300000,306638.87,45991
2025,https://portalfns.saude.gov.br/wp-content/uploads/2026/01/REPASSE-FAF-COM-POPULACAO-2025.xlsx,https://portalfns.saude.gov.br/wp-content/uploads/2026/01/REPASSE-FAF-COM-POPULACAO-2025.xlsx,/home/neologos/anatomia-do-gasto-sprint2/data/raw/_nacional/fns/repasses_faf_com_populacao/2025/REPASSE-FAF-COM-POPULACAO-2025.xlsx,Manutenção Das Ações E Serviços Públicos De Saúde,ATENÇÃO DE MÉDIA E ALTA COMPLEXIDADE AMBULATORIAL E HOSPITALAR,EMENDA - INCREMENTO TEMPORÁRIO AO CUSTEIO DOS SERVIÇOS DE ASSISTÊNCIA HOSPITALAR E AMBULATORIAL,PR,CURITIBA,410690,1830795,2025,08597121000174,FUNDO ESTADUAL DE SAUDE DO PARANA - FUNSAUDE,001,037931,000000157392,ESTADUAL,S,S,N,45916,204000,204000,208514.43,45991
2025,https://portalfns.saude.gov.br/wp-content/uploads/2026/01/REPASSE-FAF-COM-POPULACAO-2025.xlsx,https://portalfns.saude.gov.br/wp-content/uploads/2026/01/REPASSE-FAF-COM-POPULACAO-2025.xlsx,/home/neologos/anatomia-do-gasto-sprint2/data/raw/_nacional/fns/repasses_faf_com_populacao/2025/REPASSE-FAF-COM-POPULACAO-2025.xlsx,Manutenção Das Ações E Serviços Públicos De Saúde,ATENÇÃO DE MÉDIA E ALTA COMPLEXIDADE AMBULATORIAL E HOSPITALAR,EMENDA - INCREMENTO TEMPORÁRIO AO CUSTEIO DOS SERVIÇOS DE ASSISTÊNCIA HOSPITALAR E AMBULATORIAL,PR,CURITIBA,410690,1830795,2025,08597121000174,FUNDO ESTADUAL DE SAUDE DO PARANA - FUNSAUDE,001,037931,000000157406,ESTADUAL,S,S,N,45916,400000,400000,408851.83,45991
2025,https://portalfns.saude.gov.br/wp-content/uploads/2026/01/REPASSE-FAF-COM-POPULACAO-2025.xlsx,https://portalfns.saude.gov.br/wp-content/uploads/2026/01/REPASSE-FAF-COM-POPULACAO-2025.xlsx,/home/neologos/anatomia-do-gasto-sprint2/data/raw/_nacional/fns/repasses_faf_com_populacao/2025/REPASSE-FAF-COM-POPULACAO-2025.xlsx,Manutenção Das Ações E Serviços Públicos De Saúde,ATENÇÃO DE MÉDIA E ALTA COMPLEXIDADE AMBULATORIAL E HOSPITALAR,EMENDA - INCREMENTO TEMPORÁRIO AO CUSTEIO DOS SERVIÇOS DE ASSISTÊNCIA HOSPITALAR E AMBULATORIAL,PR,CURITIBA,410690,1830795,2025,08597121000174,FUNDO ESTADUAL DE SAUDE DO PARANA - FUNSAUDE,001,037931,000000157422,ESTADUAL,S,S,N,45916,300000,300000,306638.87,45991
2025,https://portalfns.saude.gov.br/wp-content/uploads/2026/01/REPASSE-FAF-COM-POPULACAO-2025.xlsx,https://portalfns.saude.gov.br/wp-content/uploads/2026/01/REPASSE-FAF-COM-POPULACAO-2025.xlsx,/home/neologos/anatomia-do-gasto-sprint2/data/raw/_nacional/fns/repasses_faf_com_populacao/2025/REPASSE-FAF-COM-POPULACAO-2025.xlsx,Manutenção Das Ações E Serviços Públicos De Saúde,ATENÇÃO DE MÉDIA E ALTA COMPLEXIDADE AMBULATORIAL E HOSPITALAR,EMENDA - INCREMENTO TEMPORÁRIO AO CUSTEIO DOS SERVIÇOS DE ASSISTÊNCIA HOSPITALAR E AMBULATORIAL,PR,CURITIBA,410690,1830795,2025,08597121000174,FUNDO ESTADUAL DE SAUDE DO PARANA - FUNSAUDE,001,037931,00158666,ESTADUAL,S,S,N,45916,400000,400000,-,-
2025,https://portalfns.saude.gov.br/wp-content/uploads/2026/01/REPASSE-FAF-COM-POPULACAO-2025.xlsx,https://portalfns.saude.gov.br/wp-content/uploads/2026/01/REPASSE-FAF-COM-POPULACAO-2025.xlsx,/home/neologos/anatomia-do-gasto-sprint2/data/raw/_nacional/fns/repasses_faf_com_populacao/2025/REPASSE-FAF-COM-POPULACAO-2025.xlsx,Manutenção Das Ações E Serviços Públicos De Saúde,ATENÇÃO DE MÉDIA E ALTA COMPLEXIDADE AMBULATORIAL E HOSPITALAR,EMENDA - INCREMENTO TEMPORÁRIO AO CUSTEIO DOS SERVIÇOS DE ASSISTÊNCIA HOSPITALAR E AMBULATORIAL,PR,CURITIBA,410690,1830795,2025,08597121000174,FUNDO ESTADUAL DE SAUDE DO PARANA - FUNSAUDE,001,037931,00158690,ESTADUAL,S,S,N,45916,500000,500000,-,-
2025,https://portalfns.saude.gov.br/wp-content/uploads/2026/01/REPASSE-FAF-COM-POPULACAO-2025.xlsx,https://portalfns.saude.gov.br/wp-content/uploads/2026/01/REPASSE-FAF-COM-POPULACAO-2025.xlsx,/home/neologos/anatomia-do-gasto-sprint2/data/raw/_nacional/fns/repasses_faf_com_populacao/2025/REPASSE-FAF-COM-POPULACAO-2025.xlsx,Manutenção Das Ações E Serviços Públicos De Saúde,ATENÇÃO DE MÉDIA E ALTA COMPLEXIDADE AMBULATORIAL E HOSPITALAR,EMENDA - INCREMENTO TEMPORÁRIO AO CUSTEIO DOS SERVIÇOS DE ASSISTÊNCIA HOSPITALAR E AMBULATORIAL,PR,CURITIBA,410690,1830795,2025,08597121000174,FUNDO ESTADUAL DE SAUDE DO PARANA - FUNSAUDE,001,037931,00158712,ESTADUAL,S,S,N,45916,300000,300000,-,-
2025,https://portalfns.saude.gov.br/wp-content/uploads/2026/01/REPASSE-FAF-COM-POPULACAO-2025.xlsx,https://portalfns.saude.gov.br/wp-content/uploads/2026/01/REPASSE-FAF-COM-POPULACAO-2025.xlsx,/home/neologos/anatomia-do-gasto-sprint2/data/raw/_nacional/fns/repasses_faf_com_populacao/2025/REPASSE-FAF-COM-POPULACAO-2025.xlsx,Manutenção Das Ações E Serviços Públicos De Saúde,ATENÇÃO DE MÉDIA E ALTA COMPLEXIDADE AMBULATORIAL E HOSPITALAR,EMENDA - INCREMENTO TEMPORÁRIO AO CUSTEIO DOS SERVIÇOS DE ASSISTÊNCIA HOSPITALAR E AMBULATORIAL,PR,CURITIBA,410690,1830795,2025,08597121000174,FUNDO ESTADUAL DE SAUDE DO PARANA - FUNSAUDE,001,037931,000000157538,ESTADUAL,S,S,N,45911,50000,50000,51172.38,45991
2025,https://portalfns.saude.gov.br/wp-content/uploads/2026/01/REPASSE-FAF-COM-POPULACAO-2025.xlsx,https://portalfns.saude.gov.br/wp-content/uploads/2026/01/REPASSE-FAF-COM-POPULACAO-2025.xlsx,/home/neologos/anatomia-do-gasto-sprint2/data/raw/_nacional/fns/repasses_faf_com_populacao/2025/REPASSE-FAF-COM-POPULACAO-2025.xlsx,Manutenção Das Ações E Serviços Públicos De Saúde,ATENÇÃO DE MÉDIA E ALTA COMPLEXIDADE AMBULATORIAL E HOSPITALAR,EMENDA - INCREMENTO TEMPORÁRIO AO CUSTEIO DOS SERVIÇOS DE ASSISTÊNCIA HOSPITALAR E AMBULATORIAL,PR,CURITIBA,410690,1830795,2025,13792329000184,FUNDO MUNICIPAL DA SAUDE,001,037931,00159069,MUNICIPAL,N,S,N,45911,3137993,3137993,-,-
2025,https://portalfns.saude.gov.br/wp-content/uploads/2026/01/REPASSE-FAF-COM-POPULACAO-2025.xlsx,https://portalfns.saude.gov.br/wp-content/uploads/2026/01/REPASSE-FAF-COM-POPULACAO-2025.xlsx,/home/neologos/anatomia-do-gasto-sprint2/data/raw/_nacional/fns/repasses_faf_com_populacao/2025/REPASSE-FAF-COM-POPULACAO-2025.xlsx,Manutenção Das Ações E Serviços Públicos De Saúde,ATENÇÃO DE MÉDIA E ALTA COMPLEXIDADE AMBULATORIAL E HOSPITALAR,EMENDA - INCREMENTO TEMPORÁRIO AO CUSTEIO DOS SERVIÇOS DE ASSISTÊNCIA HOSPITALAR E AMBULATORIAL,PR,CURITIBA,410690,1830795,2025,08597121000174,FUNDO ESTADUAL DE SAUDE DO PARANA - FUNSAUDE,001,037931,00158305,ESTADUAL,S,S,N,45909,100000,100000,-,-
2025,https://portalfns.saude.gov.br/wp-content/uploads/2026/01/REPASSE-FAF-COM-POPULACAO-2025.xlsx,https://portalfns.saude.gov.br/wp-content/uploads/2026/01/REPASSE-FAF-COM-POPULACAO-2025.xlsx,/home/neologos/anatomia-do-gasto-sprint2/data/raw/_nacional/fns/repasses_faf_com_populacao/2025/REPASSE-FAF-COM-POPULACAO-2025.xlsx,Manutenção Das Ações E Serviços Públicos De Saúde,ATENÇÃO DE MÉDIA E ALTA COMPLEXIDADE AMBULATORIAL E HOSPITALAR,EMENDA - INCREMENTO TEMPORÁRIO AO CUSTEIO DOS SERVIÇOS DE ASSISTÊNCIA HOSPITALAR E AMBULATORIAL,PR,CURITIBA,410690,1830795,2025,08597121000174,FUNDO ESTADUAL DE SAUDE DO PARANA - FUNSAUDE,001,037931,0015864X,ESTADUAL,S,S,N,45905,500000,500000,-,-
2025,https://portalfns.saude.gov.br/wp-content/uploads/2026/01/REPASSE-FAF-COM-POPULACAO-2025.xlsx,https://portalfns.saude.gov.br/wp-content/uploads/2026/01/REPASSE-FAF-COM-POPULACAO-2025.xlsx,/home/neologos/anatomia-do-gasto-sprint2/data/raw/_nacional/fns/repasses_faf_com_populacao/2025/REPASSE-FAF-COM-POPULACAO-2025.xlsx,Manutenção Das Ações E Serviços Públicos De Saúde,ATENÇÃO DE MÉDIA E ALTA COMPLEXIDADE AMBULATORIAL E HOSPITALAR,EMENDA - INCREMENTO TEMPORÁRIO AO CUSTEIO DOS SERVIÇOS DE ASSISTÊNCIA HOSPITALAR E AMBULATORIAL,PR,CURITIBA,410690,1830795,2025,08597121000174,FUNDO ESTADUAL DE SAUDE DO PARANA - FUNSAUDE,001,037931,0015881X,ESTADUAL,S,S,N,45905,100000,100000,-,-
2025,https://portalfns.saude.gov.br/wp-content/uploads/2026/01/REPASSE-FAF-COM-POPULACAO-2025.xlsx,https://portalfns.saude.gov.br/wp-content/uploads/2026/01/REPASSE-FAF-COM-POPULACAO-2025.xlsx,/home/neologos/anatomia-do-gasto-sprint2/data/raw/_nacional/fns/repasses_faf_com_populacao/2025/REPASSE-FAF-COM-POPULACAO-2025.xlsx,Manutenção Das Ações E Serviços Públicos De Saúde,ATENÇÃO DE MÉDIA E ALTA COMPLEXIDADE AMBULATORIAL E HOSPITALAR,EMENDA - INCREMENTO TEMPORÁRIO AO CUSTEIO DOS SERVIÇOS DE ASSISTÊNCIA HOSPITALAR E AMBULATORIAL,PR,CURITIBA,410690,1830795,2025,08597121000174,FUNDO ESTADUAL DE SAUDE DO PARANA - FUNSAUDE,001,037931,0015895X,ESTADUAL,S,S,N,45905,500000,500000,-,-
2025,https://portalfns.saude.gov.br/wp-content/uploads/2026/01/REPASSE-FAF-COM-POPULACAO-2025.xlsx,https://portalfns.saude.gov.br/wp-content/uploads/2026/01/REPASSE-FAF-COM-POPULACAO-2025.xlsx,/home/neologos/anatomia-do-gasto-sprint2/data/raw/_nacional/fns/repasses_faf_com_populacao/2025/REPASSE-FAF-COM-POPULACAO-2025.xlsx,Manutenção Das Ações E Serviços Públicos De Saúde,ATENÇÃO DE MÉDIA E ALTA COMPLEXIDADE AMBULATORIAL E HOSPITALAR,EMENDA - INCREMENTO TEMPORÁRIO AO CUSTEIO DOS SERVIÇOS DE ASSISTÊNCIA HOSPITALAR E AMBULATORIAL,PR,CURITIBA,410690,1830795,2025,08597121000174,FUNDO ESTADUAL DE SAUDE DO PARANA - FUNSAUDE,001,037931,00158259,ESTADUAL,S,S,N,45905,1000000,1000000,-,-
2025,https://portalfns.saude.gov.br/wp-content/uploads/2026/01/REPASSE-FAF-COM-POPULACAO-2025.xlsx,https://portalfns.saude.gov.br/wp-content/uploads/2026/01/REPASSE-FAF-COM-POPULACAO-2025.xlsx,/home/neologos/anatomia-do-gasto-sprint2/data/raw/_nacional/fns/repasses_faf_com_populacao/2025/REPASSE-FAF-COM-POPULACAO-2025.xlsx,Manutenção Das Ações E Serviços Públicos De Saúde,ATENÇÃO DE MÉDIA E ALTA COMPLEXIDADE AMBULATORIAL E HOSPITALAR,EMENDA - INCREMENTO TEMPORÁRIO AO CUSTEIO DOS SERVIÇOS DE ASSISTÊNCIA HOSPITALAR E AMBULATORIAL,PR,CURITIBA,410690,1830795,2025,08597121000174,FUNDO ESTADUAL DE SAUDE DO PARANA - FUNSAUDE,001,037931,00158534,ESTADUAL,S,S,N,45905,84000,84000,-,-
2025,https://portalfns.saude.gov.br/wp-content/uploads/2026/01/REPASSE-FAF-COM-POPULACAO-2025.xlsx,https://portalfns.saude.gov.br/wp-content/uploads/2026/01/REPASSE-FAF-COM-POPULACAO-2025.xlsx,/home/neologos/anatomia-do-gasto-sprint2/data/raw/_nacional/fns/repasses_faf_com_populacao/2025/REPASSE-FAF-COM-POPULACAO-2025.xlsx,Manutenção Das Ações E Serviços Públicos De Saúde,ATENÇÃO DE MÉDIA E ALTA COMPLEXIDADE AMBULATORIAL E HOSPITALAR,EMENDA - INCREMENTO TEMPORÁRIO AO CUSTEIO DOS SERVIÇOS DE ASSISTÊNCIA HOSPITALAR E AMBULATORIAL,PR,CURITIBA,410690,1830795,2025,08597121000174,FUNDO ESTADUAL DE SAUDE DO PARANA - FUNSAUDE,001,037931,00158542,ESTADUAL,S,S,N,45905,200000,200000,-,-
2025,https://portalfns.saude.gov.br/wp-content/uploads/2026/01/REPASSE-FAF-COM-POPULACAO-2025.xlsx,https://portalfns.saude.gov.br/wp-content/uploads/2026/01/REPASSE-FAF-COM-POPULACAO-2025.xlsx,/home/neologos/anatomia-do-gasto-sprint2/data/raw/_nacional/fns/repasses_faf_com_populacao/2025/REPASSE-FAF-COM-POPULACAO-2025.xlsx,Manutenção Das Ações E Serviços Públicos De Saúde,ATENÇÃO DE MÉDIA E ALTA COMPLEXIDADE AMBULATORIAL E HOSPITALAR,EMENDA - INCREMENTO TEMPORÁRIO AO CUSTEIO DOS SERVIÇOS DE ASSISTÊNCIA HOSPITALAR E AMBULATORIAL,PR,CURITIBA,410690,1830795,2025,08597121000174,FUNDO ESTADUAL DE SAUDE DO PARANA - FUNSAUDE,001,037931,00158550,ESTADUAL,S,S,N,45905,500000,500000,-,-
2025,https://portalfns.saude.gov.br/wp-content/uploads/2026/01/REPASSE-FAF-COM-POPULACAO-2025.xlsx,https://portalfns.saude.gov.br/wp-content/uploads/2026/01/REPASSE-FAF-COM-POPULACAO-2025.xlsx,/home/neologos/anatomia-do-gasto-sprint2/data/raw/_nacional/fns/repasses_faf_com_populacao/2025/REPASSE-FAF-COM-POPULACAO-2025.xlsx,Manutenção Das Ações E Serviços Públicos De Saúde,ATENÇÃO DE MÉDIA E ALTA COMPLEXIDADE AMBULATORIAL E HOSPITALAR,EMENDA - INCREMENTO TEMPORÁRIO AO CUSTEIO DOS SERVIÇOS DE ASSISTÊNCIA HOSPITALAR E AMBULATORIAL,PR,CURITIBA,410690,1830795,2025,08597121000174,FUNDO ESTADUAL DE SAUDE DO PARANA - FUNSAUDE,001,037931,00158577,ESTADUAL,S,S,N,45905,200000,200000,-,-
2025,https://portalfns.saude.gov.br/wp-content/uploads/2026/01/REPASSE-FAF-COM-POPULACAO-2025.xlsx,https://portalfns.saude.gov.br/wp-content/uploads/2026/01/REPASSE-FAF-COM-POPULACAO-2025.xlsx,/home/neologos/anatomia-do-gasto-sprint2/data/raw/_nacional/fns/repasses_faf_com_populacao/2025/REPASSE-FAF-COM-POPULACAO-2025.xlsx,Manutenção Das Ações E Serviços Públicos De Saúde,ATENÇÃO DE MÉDIA E ALTA COMPLEXIDADE AMBULATORIAL E HOSPITALAR,EMENDA - INCREMENTO TEMPORÁRIO AO CUSTEIO DOS SERVIÇOS DE ASSISTÊNCIA HOSPITALAR E AMBULATORIAL,PR,CURITIBA,410690,1830795,2025,08597121000174,FUNDO ESTADUAL DE SAUDE DO PARANA - FUNSAUDE,001,037931,00158593,ESTADUAL,S,S,N,45905,50000,50000,-,-
2025,https://portalfns.saude.gov.br/wp-content/uploads/2026/01/REPASSE-FAF-COM-POPULACAO-2025.xlsx,https://portalfns.saude.gov.br/wp-content/uploads/2026/01/REPASSE-FAF-COM-POPULACAO-2025.xlsx,/home/neologos/anatomia-do-gasto-sprint2/data/raw/_nacional/fns/repasses_faf_com_populacao/2025/REPASSE-FAF-COM-POPULACAO-2025.xlsx,Manutenção Das Ações E Serviços Públicos De Saúde,ATENÇÃO DE MÉDIA E ALTA COMPLEXIDADE AMBULATORIAL E HOSPITALAR,EMENDA - INCREMENTO TEMPORÁRIO AO CUSTEIO DOS SERVIÇOS DE ASSISTÊNCIA HOSPITALAR E AMBULATORIAL,PR,CURITIBA,410690,1830795,2025,08597121000174,FUNDO ESTADUAL DE SAUDE DO PARANA - FUNSAUDE,001,037931,00158607,ESTADUAL,S,S,N,45905,500000,500000,-,-
2025,https://portalfns.saude.gov.br/wp-content/uploads/2026/01/REPASSE-FAF-COM-POPULACAO-2025.xlsx,https://portalfns.saude.gov.br/wp-content/uploads/2026/01/REPASSE-FAF-COM-POPULACAO-2025.xlsx,/home/neologos/anatomia-do-gasto-sprint2/data/raw/_nacional/fns/repasses_faf_com_populacao/2025/REPASSE-FAF-COM-POPULACAO-2025.xlsx,Manutenção Das Ações E Serviços Públicos De Saúde,ATENÇÃO DE MÉDIA E ALTA COMPLEXIDADE AMBULATORIAL E HOSPITALAR,EMENDA - INCREMENTO TEMPORÁRIO AO CUSTEIO DOS SERVIÇOS DE ASSISTÊNCIA HOSPITALAR E AMBULATORIAL,PR,CURITIBA,410690,1830795,2025,08597121000174,FUNDO ESTADUAL DE SAUDE DO PARANA - FUNSAUDE,001,037931,00158615,ESTADUAL,S,S,N,45905,50000,50000,-,-
2025,https://portalfns.saude.gov.br/wp-content/uploads/2026/01/REPASSE-FAF-COM-POPULACAO-2025.xlsx,https://portalfns.saude.gov.br/wp-content/uploads/2026/01/REPASSE-FAF-COM-POPULACAO-2025.xlsx,/home/neologos/anatomia-do-gasto-sprint2/data/raw/_nacional/fns/repasses_faf_com_populacao/2025/REPASSE-FAF-COM-POPULACAO-2025.xlsx,Manutenção Das Ações E Serviços Públicos De Saúde,ATENÇÃO DE MÉDIA E ALTA COMPLEXIDADE AMBULATORIAL E HOSPITALAR,EMENDA - INCREMENTO TEMPORÁRIO AO CUSTEIO DOS SERVIÇOS DE ASSISTÊNCIA HOSPITALAR E AMBULATORIAL,PR,CURITIBA,410690,1830795,2025,08597121000174,FUNDO ESTADUAL DE SAUDE DO PARANA - FUNSAUDE,001,037931,00158623,ESTADUAL,S,S,N,45905,500000,500000,-,-
2025,https://portalfns.saude.gov.br/wp-content/uploads/2026/01/REPASSE-FAF-COM-POPULACAO-2025.xlsx,https://portalfns.saude.gov.br/wp-content/uploads/2026/01/REPASSE-FAF-COM-POPULACAO-2025.xlsx,/home/neologos/anatomia-do-gasto-sprint2/data/raw/_nacional/fns/repasses_faf_com_populacao/2025/REPASSE-FAF-COM-POPULACAO-2025.xlsx,Manutenção Das Ações E Serviços Públicos De Saúde,ATENÇÃO DE MÉDIA E ALTA COMPLEXIDADE AMBULATORIAL E HOSPITALAR,EMENDA - INCREMENTO TEMPORÁRIO AO CUSTEIO DOS SERVIÇOS DE ASSISTÊNCIA HOSPITALAR E AMBULATORIAL,PR,CURITIBA,410690,1830795,2025,08597121000174,FUNDO ESTADUAL DE SAUDE DO PARANA - FUNSAUDE,001,037931,00158631,ESTADUAL,S,S,N,45905,187367,187367,-,-
2025,https://portalfns.saude.gov.br/wp-content/uploads/2026/01/REPASSE-FAF-COM-POPULACAO-2025.xlsx,https://portalfns.saude.gov.br/wp-content/uploads/2026/01/REPASSE-FAF-COM-POPULACAO-2025.xlsx,/home/neologos/anatomia-do-gasto-sprint2/data/raw/_nacional/fns/repasses_faf_com_populacao/2025/REPASSE-FAF-COM-POPULACAO-2025.xlsx,Manutenção Das Ações E Serviços Públicos De Saúde,ATENÇÃO DE MÉDIA E ALTA COMPLEXIDADE AMBULATORIAL E HOSPITALAR,EMENDA - INCREMENTO TEMPORÁRIO AO CUSTEIO DOS SERVIÇOS DE ASSISTÊNCIA HOSPITALAR E AMBULATORIAL,PR,CURITIBA,410690,1830795,2025,08597121000174,FUNDO ESTADUAL DE SAUDE DO PARANA - FUNSAUDE,001,037931,00158658,ESTADUAL,S,S,N,45905,200000,200000,-,-
2025,https://portalfns.saude.gov.br/wp-content/uploads/2026/01/REPASSE-FAF-COM-POPULACAO-2025.xlsx,https://portalfns.saude.gov.br/wp-content/uploads/2026/01/REPASSE-FAF-COM-POPULACAO-2025.xlsx,/home/neologos/anatomia-do-gasto-sprint2/data/raw/_nacional/fns/repasses_faf_com_populacao/2025/REPASSE-FAF-COM-POPULACAO-2025.xlsx,Manutenção Das Ações E Serviços Públicos De Saúde,ATENÇÃO DE MÉDIA E ALTA COMPLEXIDADE AMBULATORIAL E HOSPITALAR,EMENDA - INCREMENTO TEMPORÁRIO AO CUSTEIO DOS SERVIÇOS DE ASSISTÊNCIA HOSPITALAR E AMBULATORIAL,PR,CURITIBA,410690,1830795,2025,08597121000174,FUNDO ESTADUAL DE SAUDE DO PARANA - FUNSAUDE,001,037931,00158674,ESTADUAL,S,S,N,45905,200000,200000,-,-
2025,https://portalfns.saude.gov.br/wp-content/uploads/2026/01/REPASSE-FAF-COM-POPULACAO-2025.xlsx,https://portalfns.saude.gov.br/wp-content/uploads/2026/01/REPASSE-FAF-COM-POPULACAO-2025.xlsx,/home/neologos/anatomia-do-gasto-sprint2/data/raw/_nacional/fns/repasses_faf_com_populacao/2025/REPASSE-FAF-COM-POPULACAO-2025.xlsx,Manutenção Das Ações E Serviços Públicos De Saúde,ATENÇÃO DE MÉDIA E ALTA COMPLEXIDADE AMBULATORIAL E HOSPITALAR,EMENDA - INCREMENTO TEMPORÁRIO AO CUSTEIO DOS SERVIÇOS DE ASSISTÊNCIA HOSPITALAR E AMBULATORIAL,PR,CURITIBA,410690,1830795,2025,08597121000174,FUNDO ESTADUAL DE SAUDE DO PARANA - FUNSAUDE,001,037931,00158720,ESTADUAL,S,S,N,45905,400000,400000,-,-
2025,https://portalfns.saude.gov.br/wp-content/uploads/2026/01/REPASSE-FAF-COM-POPULACAO-2025.xlsx,https://portalfns.saude.gov.br/wp-content/uploads/2026/01/REPASSE-FAF-COM-POPULACAO-2025.xlsx,/home/neologos/anatomia-do-gasto-sprint2/data/raw/_nacional/fns/repasses_faf_com_populacao/2025/REPASSE-FAF-COM-POPULACAO-2025.xlsx,Manutenção Das Ações E Serviços Públicos De Saúde,ATENÇÃO DE MÉDIA E ALTA COMPLEXIDADE AMBULATORIAL E HOSPITALAR,EMENDA - INCREMENTO TEMPORÁRIO AO CUSTEIO DOS SERVIÇOS DE ASSISTÊNCIA HOSPITALAR E AMBULATORIAL,PR,CURITIBA,410690,1830795,2025,08597121000174,FUNDO ESTADUAL DE SAUDE DO PARANA - FUNSAUDE,001,037931,00158747,ESTADUAL,S,S,N,45905,200000,200000,-,-
2025,https://portalfns.saude.gov.br/wp-content/uploads/2026/01/REPASSE-FAF-COM-POPULACAO-2025.xlsx,https://portalfns.saude.gov.br/wp-content/uploads/2026/01/REPASSE-FAF-COM-POPULACAO-2025.xlsx,/home/neologos/anatomia-do-gasto-sprint2/data/raw/_nacional/fns/repasses_faf_com_populacao/2025/REPASSE-FAF-COM-POPULACAO-2025.xlsx,Manutenção Das Ações E Serviços Públicos De Saúde,ATENÇÃO DE MÉDIA E ALTA COMPLEXIDADE AMBULATORIAL E HOSPITALAR,EMENDA - INCREMENTO TEMPORÁRIO AO CUSTEIO DOS SERVIÇOS DE ASSISTÊNCIA HOSPITALAR E AMBULATORIAL,PR,CURITIBA,410690,1830795,2025,08597121000174,FUNDO ESTADUAL DE SAUDE DO PARANA - FUNSAUDE,001,037931,00158828,ESTADUAL,S,S,N,45905,50000,50000,-,-
2025,https://portalfns.saude.gov.br/wp-content/uploads/2026/01/REPASSE-FAF-COM-POPULACAO-2025.xlsx,https://portalfns.saude.gov.br/wp-content/uploads/2026/01/REPASSE-FAF-COM-POPULACAO-2025.xlsx,/home/neologos/anatomia-do-gasto-sprint2/data/raw/_nacional/fns/repasses_faf_com_populacao/2025/REPASSE-FAF-COM-POPULACAO-2025.xlsx,Manutenção Das Ações E Serviços Públicos De Saúde,ATENÇÃO DE MÉDIA E ALTA COMPLEXIDADE AMBULATORIAL E HOSPITALAR,EMENDA - INCREMENTO TEMPORÁRIO AO CUSTEIO DOS SERVIÇOS DE ASSISTÊNCIA HOSPITALAR E AMBULATORIAL,PR,CURITIBA,410690,1830795,2025,08597121000174,FUNDO ESTADUAL DE SAUDE DO PARANA - FUNSAUDE,001,037931,00158836,ESTADUAL,S,S,N,45905,600000,600000,-,-
2025,https://portalfns.saude.gov.br/wp-content/uploads/2026/01/REPASSE-FAF-COM-POPULACAO-2025.xlsx,https://portalfns.saude.gov.br/wp-content/uploads/2026/01/REPASSE-FAF-COM-POPULACAO-2025.xlsx,/home/neologos/anatomia-do-gasto-sprint2/data/raw/_nacional/fns/repasses_faf_com_populacao/2025/REPASSE-FAF-COM-POPULACAO-2025.xlsx,Manutenção Das Ações E Serviços Públicos De Saúde,ATENÇÃO DE MÉDIA E ALTA COMPLEXIDADE AMBULATORIAL E HOSPITALAR,EMENDA - INCREMENTO TEMPORÁRIO AO CUSTEIO DOS SERVIÇOS DE ASSISTÊNCIA HOSPITALAR E AMBULATORIAL,PR,CURITIBA,410690,1830795,2025,08597121000174,FUNDO ESTADUAL DE SAUDE DO PARANA - FUNSAUDE,001,037931,00158844,ESTADUAL,S,S,N,45905,150000,150000,-,-
2025,https://portalfns.saude.gov.br/wp-content/uploads/2026/01/REPASSE-FAF-COM-POPULACAO-2025.xlsx,https://portalfns.saude.gov.br/wp-content/uploads/2026/01/REPASSE-FAF-COM-POPULACAO-2025.xlsx,/home/neologos/anatomia-do-gasto-sprint2/data/raw/_nacional/fns/repasses_faf_com_populacao/2025/REPASSE-FAF-COM-POPULACAO-2025.xlsx,Manutenção Das Ações E Serviços Públicos De Saúde,ATENÇÃO DE MÉDIA E ALTA COMPLEXIDADE AMBULATORIAL E HOSPITALAR,EMENDA - INCREMENTO TEMPORÁRIO AO CUSTEIO DOS SERVIÇOS DE ASSISTÊNCIA HOSPITALAR E AMBULATORIAL,PR,CURITIBA,410690,1830795,2025,08597121000174,FUNDO ESTADUAL DE SAUDE DO PARANA - FUNSAUDE,001,037931,00158879,ESTADUAL,S,S,N,45905,50000,50000,-,-
2025,https://portalfns.saude.gov.br/wp-content/uploads/2026/01/REPASSE-FAF-COM-POPULACAO-2025.xlsx,https://portalfns.saude.gov.br/wp-content/uploads/2026/01/REPASSE-FAF-COM-POPULACAO-2025.xlsx,/home/neologos/anatomia-do-gasto-sprint2/data/raw/_nacional/fns/repasses_faf_com_populacao/2025/REPASSE-FAF-COM-POPULACAO-2025.xlsx,Manutenção Das Ações E Serviços Públicos De Saúde,ATENÇÃO DE MÉDIA E ALTA COMPLEXIDADE AMBULATORIAL E HOSPITALAR,EMENDA - INCREMENTO TEMPORÁRIO AO CUSTEIO DOS SERVIÇOS DE ASSISTÊNCIA HOSPITALAR E AMBULATORIAL,PR,CURITIBA,410690,1830795,2025,08597121000174,FUNDO ESTADUAL DE SAUDE DO PARANA - FUNSAUDE,001,037931,00158895,ESTADUAL,S,S,N,45905,50000,50000,-,-
2025,https://portalfns.saude.gov.br/wp-content/uploads/2026/01/REPASSE-FAF-COM-POPULACAO-2025.xlsx,https://portalfns.saude.gov.br/wp-content/uploads/2026/01/REPASSE-FAF-COM-POPULACAO-2025.xlsx,/home/neologos/anatomia-do-gasto-sprint2/data/raw/_nacional/fns/repasses_faf_com_populacao/2025/REPASSE-FAF-COM-POPULACAO-2025.xlsx,Manutenção Das Ações E Serviços Públicos De Saúde,ATENÇÃO DE MÉDIA E ALTA COMPLEXIDADE AMBULATORIAL E HOSPITALAR,EMENDA - INCREMENTO TEMPORÁRIO AO CUSTEIO DOS SERVIÇOS DE ASSISTÊNCIA HOSPITALAR E AMBULATORIAL,PR,CURITIBA,410690,1830795,2025,08597121000174,FUNDO ESTADUAL DE SAUDE DO PARANA - FUNSAUDE,001,037931,00158917,ESTADUAL,S,S,N,45905,188000,188000,-,-
2025,https://portalfns.saude.gov.br/wp-content/uploads/2026/01/REPASSE-FAF-COM-POPULACAO-2025.xlsx,https://portalfns.saude.gov.br/wp-content/uploads/2026/01/REPASSE-FAF-COM-POPULACAO-2025.xlsx,/home/neologos/anatomia-do-gasto-sprint2/data/raw/_nacional/fns/repasses_faf_com_populacao/2025/REPASSE-FAF-COM-POPULACAO-2025.xlsx,Manutenção Das Ações E Serviços Públicos De Saúde,ATENÇÃO DE MÉDIA E ALTA COMPLEXIDADE AMBULATORIAL E HOSPITALAR,EMENDA - INCREMENTO TEMPORÁRIO AO CUSTEIO DOS SERVIÇOS DE ASSISTÊNCIA HOSPITALAR E AMBULATORIAL,PR,CURITIBA,410690,1830795,2025,08597121000174,FUNDO ESTADUAL DE SAUDE DO PARANA - FUNSAUDE,001,037931,00158925,ESTADUAL,S,S,N,45905,500000,500000,-,-
2025,https://portalfns.saude.gov.br/wp-content/uploads/2026/01/REPASSE-FAF-COM-POPULACAO-2025.xlsx,https://portalfns.saude.gov.br/wp-content/uploads/2026/01/REPASSE-FAF-COM-POPULACAO-2025.xlsx,/home/neologos/anatomia-do-gasto-sprint2/data/raw/_nacional/fns/repasses_faf_com_populacao/2025/REPASSE-FAF-COM-POPULACAO-2025.xlsx,Manutenção Das Ações E Serviços Públicos De Saúde,ATENÇÃO DE MÉDIA E ALTA COMPLEXIDADE AMBULATORIAL E HOSPITALAR,EMENDA - INCREMENTO TEMPORÁRIO AO CUSTEIO DOS SERVIÇOS DE ASSISTÊNCIA HOSPITALAR E AMBULATORIAL,PR,CURITIBA,410690,1830795,2025,08597121000174,FUNDO ESTADUAL DE SAUDE DO PARANA - FUNSAUDE,001,037931,00158992,ESTADUAL,S,S,N,45905,50000,50000,-,-
2025,https://portalfns.saude.gov.br/wp-content/uploads/2026/01/REPASSE-FAF-COM-POPULACAO-2025.xlsx,https://portalfns.saude.gov.br/wp-content/uploads/2026/01/REPASSE-FAF-COM-POPULACAO-2025.xlsx,/home/neologos/anatomia-do-gasto-sprint2/data/raw/_nacional/fns/repasses_faf_com_populacao/2025/REPASSE-FAF-COM-POPULACAO-2025.xlsx,Manutenção Das Ações E Serviços Públicos De Saúde,ATENÇÃO DE MÉDIA E ALTA COMPLEXIDADE AMBULATORIAL E HOSPITALAR,EMENDA - INCREMENTO TEMPORÁRIO AO CUSTEIO DOS SERVIÇOS DE ASSISTÊNCIA HOSPITALAR E AMBULATORIAL,PR,CURITIBA,410690,1830795,2025,08597121000174,FUNDO ESTADUAL DE SAUDE DO PARANA - FUNSAUDE,001,037931,00159018,ESTADUAL,S,S,N,45905,150000,150000,-,-
2025,https://portalfns.saude.gov.br/wp-content/uploads/2026/01/REPASSE-FAF-COM-POPULACAO-2025.xlsx,https://portalfns.saude.gov.br/wp-content/uploads/2026/01/REPASSE-FAF-COM-POPULACAO-2025.xlsx,/home/neologos/anatomia-do-gasto-sprint2/data/raw/_nacional/fns/repasses_faf_com_populacao/2025/REPASSE-FAF-COM-POPULACAO-2025.xlsx,Manutenção Das Ações E Serviços Públicos De Saúde,ATENÇÃO DE MÉDIA E ALTA COMPLEXIDADE AMBULATORIAL E HOSPITALAR,EMENDA - INCREMENTO TEMPORÁRIO AO CUSTEIO DOS SERVIÇOS DE ASSISTÊNCIA HOSPITALAR E AMBULATORIAL,PR,CURITIBA,410690,1830795,2025,08597121000174,FUNDO ESTADUAL DE SAUDE DO PARANA - FUNSAUDE,001,037931,00159247,ESTADUAL,S,S,N,45905,200000,200000,-,-
2025,https://portalfns.saude.gov.br/wp-content/uploads/2026/01/REPASSE-FAF-COM-POPULACAO-2025.xlsx,https://portalfns.saude.gov.br/wp-content/uploads/2026/01/REPASSE-FAF-COM-POPULACAO-2025.xlsx,/home/neologos/anatomia-do-gasto-sprint2/data/raw/_nacional/fns/repasses_faf_com_populacao/2025/REPASSE-FAF-COM-POPULACAO-2025.xlsx,Manutenção Das Ações E Serviços Públicos De Saúde,ATENÇÃO DE MÉDIA E ALTA COMPLEXIDADE AMBULATORIAL E HOSPITALAR,EMENDA - INCREMENTO TEMPORÁRIO AO CUSTEIO DOS SERVIÇOS DE ASSISTÊNCIA HOSPITALAR E AMBULATORIAL,PR,CURITIBA,410690,1830795,2025,08597121000174,FUNDO ESTADUAL DE SAUDE DO PARANA - FUNSAUDE,001,037931,00159255,ESTADUAL,S,S,N,45905,300000,300000,-,-
2025,https://portalfns.saude.gov.br/wp-content/uploads/2026/01/REPASSE-FAF-COM-POPULACAO-2025.xlsx,https://portalfns.saude.gov.br/wp-content/uploads/2026/01/REPASSE-FAF-COM-POPULACAO-2025.xlsx,/home/neologos/anatomia-do-gasto-sprint2/data/raw/_nacional/fns/repasses_faf_com_populacao/2025/REPASSE-FAF-COM-POPULACAO-2025.xlsx,Manutenção Das Ações E Serviços Públicos De Saúde,ATENÇÃO DE MÉDIA E ALTA COMPLEXIDADE AMBULATORIAL E HOSPITALAR,EMENDA - INCREMENTO TEMPORÁRIO AO CUSTEIO DOS SERVIÇOS DE ASSISTÊNCIA HOSPITALAR E AMBULATORIAL,PR,CURITIBA,410690,1830795,2025,08597121000174,FUNDO ESTADUAL DE SAUDE DO PARANA - FUNSAUDE,001,037931,00159263,ESTADUAL,S,S,N,45905,200000,200000,-,-
2025,https://portalfns.saude.gov.br/wp-content/uploads/2026/01/REPASSE-FAF-COM-POPULACAO-2025.xlsx,https://portalfns.saude.gov.br/wp-content/uploads/2026/01/REPASSE-FAF-COM-POPULACAO-2025.xlsx,/home/neologos/anatomia-do-gasto-sprint2/data/raw/_nacional/fns/repasses_faf_com_populacao/2025/REPASSE-FAF-COM-POPULACAO-2025.xlsx,Manutenção Das Ações E Serviços Públicos De Saúde,ATENÇÃO DE MÉDIA E ALTA COMPLEXIDADE AMBULATORIAL E HOSPITALAR,EMENDA - INCREMENTO TEMPORÁRIO AO CUSTEIO DOS SERVIÇOS DE ASSISTÊNCIA HOSPITALAR E AMBULATORIAL,PR,CURITIBA,410690,1830795,2025,08597121000174,FUNDO ESTADUAL DE SAUDE DO PARANA - FUNSAUDE,001,037931,00159271,ESTADUAL,S,S,N,45905,200000,200000,-,-
2025,https://portalfns.saude.gov.br/wp-content/uploads/2026/01/REPASSE-FAF-COM-POPULACAO-2025.xlsx,https://portalfns.saude.gov.br/wp-content/uploads/2026/01/REPASSE-FAF-COM-POPULACAO-2025.xlsx,/home/neologos/anatomia-do-gasto-sprint2/data/raw/_nacional/fns/repasses_faf_com_populacao/2025/REPASSE-FAF-COM-POPULACAO-2025.xlsx,Manutenção Das Ações E Serviços Públicos De Saúde,ATENÇÃO DE MÉDIA E ALTA COMPLEXIDADE AMBULATORIAL E HOSPITALAR,EMENDA - INCREMENTO TEMPORÁRIO AO CUSTEIO DOS SERVIÇOS DE ASSISTÊNCIA HOSPITALAR E AMBULATORIAL,PR,CURITIBA,410690,1830795,2025,13792329000184,FUNDO MUNICIPAL DA SAUDE,001,037931,0015878X,MUNICIPAL,N,S,N,45905,1944250,1944250,-,-
2025,https://portalfns.saude.gov.br/wp-content/uploads/2026/01/REPASSE-FAF-COM-POPULACAO-2025.xlsx,https://portalfns.saude.gov.br/wp-content/uploads/2026/01/REPASSE-FAF-COM-POPULACAO-2025.xlsx,/home/neologos/anatomia-do-gasto-sprint2/data/raw/_nacional/fns/repasses_faf_com_populacao/2025/REPASSE-FAF-COM-POPULACAO-2025.xlsx,Manutenção Das Ações E Serviços Públicos De Saúde,ATENÇÃO DE MÉDIA E ALTA COMPLEXIDADE AMBULATORIAL E HOSPITALAR,EMENDA - INCREMENTO TEMPORÁRIO AO CUSTEIO DOS SERVIÇOS DE ASSISTÊNCIA HOSPITALAR E AMBULATORIAL,PR,CURITIBA,410690,1830795,2025,13792329000184,FUNDO MUNICIPAL DA SAUDE,001,037931,00158771,MUNICIPAL,N,S,N,45905,55750,55750,-,-
2025,https://portalfns.saude.gov.br/wp-content/uploads/2026/01/REPASSE-FAF-COM-POPULACAO-2025.xlsx,https://portalfns.saude.gov.br/wp-content/uploads/2026/01/REPASSE-FAF-COM-POPULACAO-2025.xlsx,/home/neologos/anatomia-do-gasto-sprint2/data/raw/_nacional/fns/repasses_faf_com_populacao/2025/REPASSE-FAF-COM-POPULACAO-2025.xlsx,Manutenção Das Ações E Serviços Públicos De Saúde,ATENÇÃO DE MÉDIA E ALTA COMPLEXIDADE AMBULATORIAL E HOSPITALAR,EMENDA - INCREMENTO TEMPORÁRIO AO CUSTEIO DOS SERVIÇOS DE ASSISTÊNCIA HOSPITALAR E AMBULATORIAL,PR,CURITIBA,410690,1830795,2025,13792329000184,FUNDO MUNICIPAL DA SAUDE,001,037931,00158860,MUNICIPAL,N,S,N,45905,15237993,15237993,-,-
2025,https://portalfns.saude.gov.br/wp-content/uploads/2026/01/REPASSE-FAF-COM-POPULACAO-2025.xlsx,https://portalfns.saude.gov.br/wp-content/uploads/2026/01/REPASSE-FAF-COM-POPULACAO-2025.xlsx,/home/neologos/anatomia-do-gasto-sprint2/data/raw/_nacional/fns/repasses_faf_com_populacao/2025/REPASSE-FAF-COM-POPULACAO-2025.xlsx,Manutenção Das Ações E Serviços Públicos De Saúde,ATENÇÃO DE MÉDIA E ALTA COMPLEXIDADE AMBULATORIAL E HOSPITALAR,EMENDA - INCREMENTO TEMPORÁRIO AO CUSTEIO DOS SERVIÇOS DE ASSISTÊNCIA HOSPITALAR E AMBULATORIAL,PR,CURITIBA,410690,1830795,2025,08597121000174,FUNDO ESTADUAL DE SAUDE DO PARANA - FUNSAUDE,001,037931,00158275,ESTADUAL,S,S,N,45902,1000000,1000000,-,-
2025,https://portalfns.saude.gov.br/wp-content/uploads/2026/01/REPASSE-FAF-COM-POPULACAO-2025.xlsx,https://portalfns.saude.gov.br/wp-content/uploads/2026/01/REPASSE-FAF-COM-POPULACAO-2025.xlsx,/home/neologos/anatomia-do-gasto-sprint2/data/raw/_nacional/fns/repasses_faf_com_populacao/2025/REPASSE-FAF-COM-POPULACAO-2025.xlsx,Manutenção Das Ações E Serviços Públicos De Saúde,ATENÇÃO DE MÉDIA E ALTA COMPLEXIDADE AMBULATORIAL E HOSPITALAR,EMENDA - INCREMENTO TEMPORÁRIO AO CUSTEIO DOS SERVIÇOS DE ASSISTÊNCIA HOSPITALAR E AMBULATORIAL,PR,CURITIBA,410690,1830795,2025,08597121000174,FUNDO ESTADUAL DE SAUDE DO PARANA - FUNSAUDE,001,037931,00158283,ESTADUAL,S,S,N,45902,150000,150000,-,-
2025,https://portalfns.saude.gov.br/wp-content/uploads/2026/01/REPASSE-FAF-COM-POPULACAO-2025.xlsx,https://portalfns.saude.gov.br/wp-content/uploads/2026/01/REPASSE-FAF-COM-POPULACAO-2025.xlsx,/home/neologos/anatomia-do-gasto-sprint2/data/raw/_nacional/fns/repasses_faf_com_populacao/2025/REPASSE-FAF-COM-POPULACAO-2025.xlsx,Manutenção Das Ações E Serviços Públicos De Saúde,ATENÇÃO DE MÉDIA E ALTA COMPLEXIDADE AMBULATORIAL E HOSPITALAR,EMENDA - INCREMENTO TEMPORÁRIO AO CUSTEIO DOS SERVIÇOS DE ASSISTÊNCIA HOSPITALAR E AMBULATORIAL,PR,CURITIBA,410690,1830795,2025,08597121000174,FUNDO ESTADUAL DE SAUDE DO PARANA - FUNSAUDE,001,037931,00158291,ESTADUAL,S,S,N,45902,50000,50000,-,-
2025,https://portalfns.saude.gov.br/wp-content/uploads/2026/01/REPASSE-FAF-COM-POPULACAO-2025.xlsx,https://portalfns.saude.gov.br/wp-content/uploads/2026/01/REPASSE-FAF-COM-POPULACAO-2025.xlsx,/home/neologos/anatomia-do-gasto-sprint2/data/raw/_nacional/fns/repasses_faf_com_populacao/2025/REPASSE-FAF-COM-POPULACAO-2025.xlsx,Manutenção Das Ações E Serviços Públicos De Saúde,ATENÇÃO DE MÉDIA E ALTA COMPLEXIDADE AMBULATORIAL E HOSPITALAR,EMENDA - INCREMENTO TEMPORÁRIO AO CUSTEIO DOS SERVIÇOS DE ASSISTÊNCIA HOSPITALAR E AMBULATORIAL,PR,CURITIBA,410690,1830795,2025,08597121000174,FUNDO ESTADUAL DE SAUDE DO PARANA - FUNSAUDE,001,037931,00158313,ESTADUAL,S,S,N,45902,100000,100000,-,-
2025,https://portalfns.saude.gov.br/wp-content/uploads/2026/01/REPASSE-FAF-COM-POPULACAO-2025.xlsx,https://portalfns.saude.gov.br/wp-content/uploads/2026/01/REPASSE-FAF-COM-POPULACAO-2025.xlsx,/home/neologos/anatomia-do-gasto-sprint2/data/raw/_nacional/fns/repasses_faf_com_populacao/2025/REPASSE-FAF-COM-POPULACAO-2025.xlsx,Manutenção Das Ações E Serviços Públicos De Saúde,ATENÇÃO DE MÉDIA E ALTA COMPLEXIDADE AMBULATORIAL E HOSPITALAR,EMENDA - INCREMENTO TEMPORÁRIO AO CUSTEIO DOS SERVIÇOS DE ASSISTÊNCIA HOSPITALAR E AMBULATORIAL,PR,CURITIBA,410690,1830795,2025,08597121000174,FUNDO ESTADUAL DE SAUDE DO PARANA - FUNSAUDE,001,037931,00158909,ESTADUAL,S,S,N,45902,50000,50000,-,-
2025,https://portalfns.saude.gov.br/wp-content/uploads/2026/01/REPASSE-FAF-COM-POPULACAO-2025.xlsx,https://portalfns.saude.gov.br/wp-content/uploads/2026/01/REPASSE-FAF-COM-POPULACAO-2025.xlsx,/home/neologos/anatomia-do-gasto-sprint2/data/raw/_nacional/fns/repasses_faf_com_populacao/2025/REPASSE-FAF-COM-POPULACAO-2025.xlsx,Manutenção Das Ações E Serviços Públicos De Saúde,ATENÇÃO DE MÉDIA E ALTA COMPLEXIDADE AMBULATORIAL E HOSPITALAR,EMENDA - INCREMENTO TEMPORÁRIO AO CUSTEIO DOS SERVIÇOS DE ASSISTÊNCIA HOSPITALAR E AMBULATORIAL,PR,CURITIBA,410690,1830795,2025,08597121000174,FUNDO ESTADUAL DE SAUDE DO PARANA - FUNSAUDE,001,037931,00158976,ESTADUAL,S,S,N,45902,150000,150000,-,-
2025,https://portalfns.saude.gov.br/wp-content/uploads/2026/01/REPASSE-FAF-COM-POPULACAO-2025.xlsx,https://portalfns.saude.gov.br/wp-content/uploads/2026/01/REPASSE-FAF-COM-POPULACAO-2025.xlsx,/home/neologos/anatomia-do-gasto-sprint2/data/raw/_nacional/fns/repasses_faf_com_populacao/2025/REPASSE-FAF-COM-POPULACAO-2025.xlsx,Manutenção Das Ações E Serviços Públicos De Saúde,ATENÇÃO PRIMÁRIA,EMENDA - INCREMENTO TEMPORÁRIO AO CUSTEIO DOS SERVIÇOS DE ATENÇÃO PRIMÁRIA EM SAÚDE,PR,CURITIBA,410690,1830795,2025,13792329000184,FUNDO MUNICIPAL DA SAUDE,001,037931,0015833X,MUNICIPAL,N,S,N,45898,350000,350000,-,-
2025,https://portalfns.saude.gov.br/wp-content/uploads/2026/01/REPASSE-FAF-COM-POPULACAO-2025.xlsx,https://portalfns.saude.gov.br/wp-content/uploads/2026/01/REPASSE-FAF-COM-POPULACAO-2025.xlsx,/home/neologos/anatomia-do-gasto-sprint2/data/raw/_nacional/fns/repasses_faf_com_populacao/2025/REPASSE-FAF-COM-POPULACAO-2025.xlsx,Manutenção Das Ações E Serviços Públicos De Saúde,ATENÇÃO DE MÉDIA E ALTA COMPLEXIDADE AMBULATORIAL E HOSPITALAR,EMENDA - INCREMENTO TEMPORÁRIO AO CUSTEIO DOS SERVIÇOS DE ASSISTÊNCIA HOSPITALAR E AMBULATORIAL,PR,CURITIBA,410690,1830795,2025,08597121000174,FUNDO ESTADUAL DE SAUDE DO PARANA - FUNSAUDE,001,037931,00000015668X,ESTADUAL,S,S,N,45896,1000000,1000000,1028288.18,45991
2025,https://portalfns.saude.gov.br/wp-content/uploads/2026/01/REPASSE-FAF-COM-POPULACAO-2025.xlsx,https://portalfns.saude.gov.br/wp-content/uploads/2026/01/REPASSE-FAF-COM-POPULACAO-2025.xlsx,/home/neologos/anatomia-do-gasto-sprint2/data/raw/_nacional/fns/repasses_faf_com_populacao/2025/REPASSE-FAF-COM-POPULACAO-2025.xlsx,Manutenção Das Ações E Serviços Públicos De Saúde,ATENÇÃO DE MÉDIA E ALTA COMPLEXIDADE AMBULATORIAL E HOSPITALAR,EMENDA - INCREMENTO TEMPORÁRIO AO CUSTEIO DOS SERVIÇOS DE ASSISTÊNCIA HOSPITALAR E AMBULATORIAL,PR,CURITIBA,410690,1830795,2025,08597121000174,FUNDO ESTADUAL DE SAUDE DO PARANA - FUNSAUDE,001,037931,000000156760,ESTADUAL,S,S,N,45896,100000,100000,102828.81,45991
2025,https://portalfns.saude.gov.br/wp-content/uploads/2026/01/REPASSE-FAF-COM-POPULACAO-2025.xlsx,https://portalfns.saude.gov.br/wp-content/uploads/2026/01/REPASSE-FAF-COM-POPULACAO-2025.xlsx,/home/neologos/anatomia-do-gasto-sprint2/data/raw/_nacional/fns/repasses_faf_com_populacao/2025/REPASSE-FAF-COM-POPULACAO-2025.xlsx,Manutenção Das Ações E Serviços Públicos De Saúde,ATENÇÃO DE MÉDIA E ALTA COMPLEXIDADE AMBULATORIAL E HOSPITALAR,EMENDA - INCREMENTO TEMPORÁRIO AO CUSTEIO DOS SERVIÇOS DE ASSISTÊNCIA HOSPITALAR E AMBULATORIAL,PR,CURITIBA,410690,1830795,2025,08597121000174,FUNDO ESTADUAL DE SAUDE DO PARANA - FUNSAUDE,001,037931,000000156809,ESTADUAL,S,S,N,45896,100000,100000,102828.81,45991
2025,https://portalfns.saude.gov.br/wp-content/uploads/2026/01/REPASSE-FAF-COM-POPULACAO-2025.xlsx,https://portalfns.saude.gov.br/wp-content/uploads/2026/01/REPASSE-FAF-COM-POPULACAO-2025.xlsx,/home/neologos/anatomia-do-gasto-sprint2/data/raw/_nacional/fns/repasses_faf_com_populacao/2025/REPASSE-FAF-COM-POPULACAO-2025.xlsx,Manutenção Das Ações E Serviços Públicos De Saúde,ATENÇÃO DE MÉDIA E ALTA COMPLEXIDADE AMBULATORIAL E HOSPITALAR,EMENDA - INCREMENTO TEMPORÁRIO AO CUSTEIO DOS SERVIÇOS DE ASSISTÊNCIA HOSPITALAR E AMBULATORIAL,PR,CURITIBA,410690,1830795,2025,08597121000174,FUNDO ESTADUAL DE SAUDE DO PARANA - FUNSAUDE,001,037931,000000156833,ESTADUAL,S,S,N,45896,500000,500000,514144.09,45991
2025,https://portalfns.saude.gov.br/wp-content/uploads/2026/01/REPASSE-FAF-COM-POPULACAO-2025.xlsx,https://portalfns.saude.gov.br/wp-content/uploads/2026/01/REPASSE-FAF-COM-POPULACAO-2025.xlsx,/home/neologos/anatomia-do-gasto-sprint2/data/raw/_nacional/fns/repasses_faf_com_populacao/2025/REPASSE-FAF-COM-POPULACAO-2025.xlsx,Manutenção Das Ações E Serviços Públicos De Saúde,ATENÇÃO DE MÉDIA E ALTA COMPLEXIDADE AMBULATORIAL E HOSPITALAR,EMENDA - INCREMENTO TEMPORÁRIO AO CUSTEIO DOS SERVIÇOS DE ASSISTÊNCIA HOSPITALAR E AMBULATORIAL,PR,CURITIBA,410690,1830795,2025,08597121000174,FUNDO ESTADUAL DE SAUDE DO PARANA - FUNSAUDE,001,037931,000000156841,ESTADUAL,S,S,N,45896,113800,113800,117019.19,45991
2025,https://portalfns.saude.gov.br/wp-content/uploads/2026/01/REPASSE-FAF-COM-POPULACAO-2025.xlsx,https://portalfns.saude.gov.br/wp-content/uploads/2026/01/REPASSE-FAF-COM-POPULACAO-2025.xlsx,/home/neologos/anatomia-do-gasto-sprint2/data/raw/_nacional/fns/repasses_faf_com_populacao/2025/REPASSE-FAF-COM-POPULACAO-2025.xlsx,Manutenção Das Ações E Serviços Públicos De Saúde,ATENÇÃO DE MÉDIA E ALTA COMPLEXIDADE AMBULATORIAL E HOSPITALAR,EMENDA - INCREMENTO TEMPORÁRIO AO CUSTEIO DOS SERVIÇOS DE ASSISTÊNCIA HOSPITALAR E AMBULATORIAL,PR,CURITIBA,410690,1830795,2025,08597121000174,FUNDO ESTADUAL DE SAUDE DO PARANA - FUNSAUDE,001,037931,000000156957,ESTADUAL,S,S,N,45896,300000,300000,308486.45,45991
2025,https://portalfns.saude.gov.br/wp-content/uploads/2026/01/REPASSE-FAF-COM-POPULACAO-2025.xlsx,https://portalfns.saude.gov.br/wp-content/uploads/2026/01/REPASSE-FAF-COM-POPULACAO-2025.xlsx,/home/neologos/anatomia-do-gasto-sprint2/data/raw/_nacional/fns/repasses_faf_com_populacao/2025/REPASSE-FAF-COM-POPULACAO-2025.xlsx,Manutenção Das Ações E Serviços Públicos De Saúde,ATENÇÃO DE MÉDIA E ALTA COMPLEXIDADE AMBULATORIAL E HOSPITALAR,EMENDA - INCREMENTO TEMPORÁRIO AO CUSTEIO DOS SERVIÇOS DE ASSISTÊNCIA HOSPITALAR E AMBULATORIAL,PR,CURITIBA,410690,1830795,2025,08597121000174,FUNDO ESTADUAL DE SAUDE DO PARANA - FUNSAUDE,001,037931,000000156965,ESTADUAL,S,S,N,45896,200000,200000,4365.71,45991
2025,https://portalfns.saude.gov.br/wp-content/uploads/2026/01/REPASSE-FAF-COM-POPULACAO-2025.xlsx,https://portalfns.saude.gov.br/wp-content/uploads/2026/01/REPASSE-FAF-COM-POPULACAO-2025.xlsx,/home/neologos/anatomia-do-gasto-sprint2/data/raw/_nacional/fns/repasses_faf_com_populacao/2025/REPASSE-FAF-COM-POPULACAO-2025.xlsx,Manutenção Das Ações E Serviços Públicos De Saúde,ATENÇÃO DE MÉDIA E ALTA COMPLEXIDADE AMBULATORIAL E HOSPITALAR,EMENDA - INCREMENTO TEMPORÁRIO AO CUSTEIO DOS SERVIÇOS DE ASSISTÊNCIA HOSPITALAR E AMBULATORIAL,PR,CURITIBA,410690,1830795,2025,08597121000174,FUNDO ESTADUAL DE SAUDE DO PARANA - FUNSAUDE,001,037931,000000156981,ESTADUAL,S,S,N,45896,500000,500000,514144.09,45991
2025,https://portalfns.saude.gov.br/wp-content/uploads/2026/01/REPASSE-FAF-COM-POPULACAO-2025.xlsx,https://portalfns.saude.gov.br/wp-content/uploads/2026/01/REPASSE-FAF-COM-POPULACAO-2025.xlsx,/home/neologos/anatomia-do-gasto-sprint2/data/raw/_nacional/fns/repasses_faf_com_populacao/2025/REPASSE-FAF-COM-POPULACAO-2025.xlsx,Manutenção Das Ações E Serviços Públicos De Saúde,ATENÇÃO DE MÉDIA E ALTA COMPLEXIDADE AMBULATORIAL E HOSPITALAR,EMENDA - INCREMENTO TEMPORÁRIO AO CUSTEIO DOS SERVIÇOS DE ASSISTÊNCIA HOSPITALAR E AMBULATORIAL,PR,CURITIBA,410690,1830795,2025,08597121000174,FUNDO ESTADUAL DE SAUDE DO PARANA - FUNSAUDE,001,037931,000000157007,ESTADUAL,S,S,N,45896,100000,100000,102828.81,45991
2025,https://portalfns.saude.gov.br/wp-content/uploads/2026/01/REPASSE-FAF-COM-POPULACAO-2025.xlsx,https://portalfns.saude.gov.br/wp-content/uploads/2026/01/REPASSE-FAF-COM-POPULACAO-2025.xlsx,/home/neologos/anatomia-do-gasto-sprint2/data/raw/_nacional/fns/repasses_faf_com_populacao/2025/REPASSE-FAF-COM-POPULACAO-2025.xlsx,Manutenção Das Ações E Serviços Públicos De Saúde,ATENÇÃO DE MÉDIA E ALTA COMPLEXIDADE AMBULATORIAL E HOSPITALAR,EMENDA - INCREMENTO TEMPORÁRIO AO CUSTEIO DOS SERVIÇOS DE ASSISTÊNCIA HOSPITALAR E AMBULATORIAL,PR,CURITIBA,410690,1830795,2025,08597121000174,FUNDO ESTADUAL DE SAUDE DO PARANA - FUNSAUDE,001,037931,000000157058,ESTADUAL,S,S,N,45896,150000,150000,154243.22,45991
2025,https://portalfns.saude.gov.br/wp-content/uploads/2026/01/REPASSE-FAF-COM-POPULACAO-2025.xlsx,https://portalfns.saude.gov.br/wp-content/uploads/2026/01/REPASSE-FAF-COM-POPULACAO-2025.xlsx,/home/neologos/anatomia-do-gasto-sprint2/data/raw/_nacional/fns/repasses_faf_com_populacao/2025/REPASSE-FAF-COM-POPULACAO-2025.xlsx,Manutenção Das Ações E Serviços Públicos De Saúde,ATENÇÃO DE MÉDIA E ALTA COMPLEXIDADE AMBULATORIAL E HOSPITALAR,EMENDA - INCREMENTO TEMPORÁRIO AO CUSTEIO DOS SERVIÇOS DE ASSISTÊNCIA HOSPITALAR E AMBULATORIAL,PR,CURITIBA,410690,1830795,2025,08597121000174,FUNDO ESTADUAL DE SAUDE DO PARANA - FUNSAUDE,001,037931,000000157066,ESTADUAL,S,S,N,45896,200000,200000,205657.63,45991
2025,https://portalfns.saude.gov.br/wp-content/uploads/2026/01/REPASSE-FAF-COM-POPULACAO-2025.xlsx,https://portalfns.saude.gov.br/wp-content/uploads/2026/01/REPASSE-FAF-COM-POPULACAO-2025.xlsx,/home/neologos/anatomia-do-gasto-sprint2/data/raw/_nacional/fns/repasses_faf_com_populacao/2025/REPASSE-FAF-COM-POPULACAO-2025.xlsx,Manutenção Das Ações E Serviços Públicos De Saúde,ATENÇÃO DE MÉDIA E ALTA COMPLEXIDADE AMBULATORIAL E HOSPITALAR,EMENDA - INCREMENTO TEMPORÁRIO AO CUSTEIO DOS SERVIÇOS DE ASSISTÊNCIA HOSPITALAR E AMBULATORIAL,PR,CURITIBA,410690,1830795,2025,08597121000174,FUNDO ESTADUAL DE SAUDE DO PARANA - FUNSAUDE,001,037931,000000157384,ESTADUAL,S,S,N,45896,500000,500000,10912.75,45991
2025,https://portalfns.saude.gov.br/wp-content/uploads/2026/01/REPASSE-FAF-COM-POPULACAO-2025.xlsx,https://portalfns.saude.gov.br/wp-content/uploads/2026/01/REPASSE-FAF-COM-POPULACAO-2025.xlsx,/home/neologos/anatomia-do-gasto-sprint2/data/raw/_nacional/fns/repasses_faf_com_populacao/2025/REPASSE-FAF-COM-POPULACAO-2025.xlsx,Manutenção Das Ações E Serviços Públicos De Saúde,ATENÇÃO DE MÉDIA E ALTA COMPLEXIDADE AMBULATORIAL E HOSPITALAR,EMENDA - INCREMENTO TEMPORÁRIO AO CUSTEIO DOS SERVIÇOS DE ASSISTÊNCIA HOSPITALAR E AMBULATORIAL,PR,CURITIBA,410690,1830795,2025,08597121000174,FUNDO ESTADUAL DE SAUDE DO PARANA - FUNSAUDE,001,037931,000000157414,ESTADUAL,S,S,N,45896,200000,200000,205657.63,45991
2025,https://portalfns.saude.gov.br/wp-content/uploads/2026/01/REPASSE-FAF-COM-POPULACAO-2025.xlsx,https://portalfns.saude.gov.br/wp-content/uploads/2026/01/REPASSE-FAF-COM-POPULACAO-2025.xlsx,/home/neologos/anatomia-do-gasto-sprint2/data/raw/_nacional/fns/repasses_faf_com_populacao/2025/REPASSE-FAF-COM-POPULACAO-2025.xlsx,Manutenção Das Ações E Serviços Públicos De Saúde,ATENÇÃO DE MÉDIA E ALTA COMPLEXIDADE AMBULATORIAL E HOSPITALAR,EMENDA - INCREMENTO TEMPORÁRIO AO CUSTEIO DOS SERVIÇOS DE ASSISTÊNCIA HOSPITALAR E AMBULATORIAL,PR,CURITIBA,410690,1830795,2025,08597121000174,FUNDO ESTADUAL DE SAUDE DO PARANA - FUNSAUDE,001,037931,000000157430,ESTADUAL,S,S,N,45896,250000,250000,257072.04,45991
2025,https://portalfns.saude.gov.br/wp-content/uploads/2026/01/REPASSE-FAF-COM-POPULACAO-2025.xlsx,https://portalfns.saude.gov.br/wp-content/uploads/2026/01/REPASSE-FAF-COM-POPULACAO-2025.xlsx,/home/neologos/anatomia-do-gasto-sprint2/data/raw/_nacional/fns/repasses_faf_com_populacao/2025/REPASSE-FAF-COM-POPULACAO-2025.xlsx,Manutenção Das Ações E Serviços Públicos De Saúde,ATENÇÃO DE MÉDIA E ALTA COMPLEXIDADE AMBULATORIAL E HOSPITALAR,EMENDA - INCREMENTO TEMPORÁRIO AO CUSTEIO DOS SERVIÇOS DE ASSISTÊNCIA HOSPITALAR E AMBULATORIAL,PR,CURITIBA,410690,1830795,2025,08597121000174,FUNDO ESTADUAL DE SAUDE DO PARANA - FUNSAUDE,001,037931,000000157562,ESTADUAL,S,S,N,45896,2000000,2000000,2056576.36,45991
2025,https://portalfns.saude.gov.br/wp-content/uploads/2026/01/REPASSE-FAF-COM-POPULACAO-2025.xlsx,https://portalfns.saude.gov.br/wp-content/uploads/2026/01/REPASSE-FAF-COM-POPULACAO-2025.xlsx,/home/neologos/anatomia-do-gasto-sprint2/data/raw/_nacional/fns/repasses_faf_com_populacao/2025/REPASSE-FAF-COM-POPULACAO-2025.xlsx,Manutenção Das Ações E Serviços Públicos De Saúde,ATENÇÃO DE MÉDIA E ALTA COMPLEXIDADE AMBULATORIAL E HOSPITALAR,EMENDA - INCREMENTO TEMPORÁRIO AO CUSTEIO DOS SERVIÇOS DE ASSISTÊNCIA HOSPITALAR E AMBULATORIAL,PR,CURITIBA,410690,1830795,2025,08597121000174,FUNDO ESTADUAL DE SAUDE DO PARANA - FUNSAUDE,001,037931,000000157570,ESTADUAL,S,S,N,45896,400000,400000,411315.27,45991
2025,https://portalfns.saude.gov.br/wp-content/uploads/2026/01/REPASSE-FAF-COM-POPULACAO-2025.xlsx,https://portalfns.saude.gov.br/wp-content/uploads/2026/01/REPASSE-FAF-COM-POPULACAO-2025.xlsx,/home/neologos/anatomia-do-gasto-sprint2/data/raw/_nacional/fns/repasses_faf_com_populacao/2025/REPASSE-FAF-COM-POPULACAO-2025.xlsx,Manutenção Das Ações E Serviços Públicos De Saúde,ATENÇÃO DE MÉDIA E ALTA COMPLEXIDADE AMBULATORIAL E HOSPITALAR,EMENDA - INCREMENTO TEMPORÁRIO AO CUSTEIO DOS SERVIÇOS DE ASSISTÊNCIA HOSPITALAR E AMBULATORIAL,PR,CURITIBA,410690,1830795,2025,08597121000174,FUNDO ESTADUAL DE SAUDE DO PARANA - FUNSAUDE,001,037931,000000157589,ESTADUAL,S,S,N,45896,100000,100000,102828.81,45991
2025,https://portalfns.saude.gov.br/wp-content/uploads/2026/01/REPASSE-FAF-COM-POPULACAO-2025.xlsx,https://portalfns.saude.gov.br/wp-content/uploads/2026/01/REPASSE-FAF-COM-POPULACAO-2025.xlsx,/home/neologos/anatomia-do-gasto-sprint2/data/raw/_nacional/fns/repasses_faf_com_populacao/2025/REPASSE-FAF-COM-POPULACAO-2025.xlsx,Manutenção Das Ações E Serviços Públicos De Saúde,ATENÇÃO DE MÉDIA E ALTA COMPLEXIDADE AMBULATORIAL E HOSPITALAR,EMENDA - INCREMENTO TEMPORÁRIO AO CUSTEIO DOS SERVIÇOS DE ASSISTÊNCIA HOSPITALAR E AMBULATORIAL,PR,CURITIBA,410690,1830795,2025,08597121000174,FUNDO ESTADUAL DE SAUDE DO PARANA - FUNSAUDE,001,037931,000000157597,ESTADUAL,S,S,N,45896,200000,200000,205657.63,45991
2025,https://portalfns.saude.gov.br/wp-content/uploads/2026/01/REPASSE-FAF-COM-POPULACAO-2025.xlsx,https://portalfns.saude.gov.br/wp-content/uploads/2026/01/REPASSE-FAF-COM-POPULACAO-2025.xlsx,/home/neologos/anatomia-do-gasto-sprint2/data/raw/_nacional/fns/repasses_faf_com_populacao/2025/REPASSE-FAF-COM-POPULACAO-2025.xlsx,Manutenção Das Ações E Serviços Públicos De Saúde,ATENÇÃO DE MÉDIA E ALTA COMPLEXIDADE AMBULATORIAL E HOSPITALAR,EMENDA - INCREMENTO TEMPORÁRIO AO CUSTEIO DOS SERVIÇOS DE ASSISTÊNCIA HOSPITALAR E AMBULATORIAL,PR,CURITIBA,410690,1830795,2025,08597121000174,FUNDO ESTADUAL DE SAUDE DO PARANA - FUNSAUDE,001,037931,000000157600,ESTADUAL,S,S,N,45896,100000,100000,102828.81,45991
2025,https://portalfns.saude.gov.br/wp-content/uploads/2026/01/REPASSE-FAF-COM-POPULACAO-2025.xlsx,https://portalfns.saude.gov.br/wp-content/uploads/2026/01/REPASSE-FAF-COM-POPULACAO-2025.xlsx,/home/neologos/anatomia-do-gasto-sprint2/data/raw/_nacional/fns/repasses_faf_com_populacao/2025/REPASSE-FAF-COM-POPULACAO-2025.xlsx,Manutenção Das Ações E Serviços Públicos De Saúde,ATENÇÃO DE MÉDIA E ALTA COMPLEXIDADE AMBULATORIAL E HOSPITALAR,EMENDA - INCREMENTO TEMPORÁRIO AO CUSTEIO DOS SERVIÇOS DE ASSISTÊNCIA HOSPITALAR E AMBULATORIAL,PR,CURITIBA,410690,1830795,2025,08597121000174,FUNDO ESTADUAL DE SAUDE DO PARANA - FUNSAUDE,001,037931,000000157627,ESTADUAL,S,S,N,45896,300000,300000,308486.45,45991
2025,https://portalfns.saude.gov.br/wp-content/uploads/2026/01/REPASSE-FAF-COM-POPULACAO-2025.xlsx,https://portalfns.saude.gov.br/wp-content/uploads/2026/01/REPASSE-FAF-COM-POPULACAO-2025.xlsx,/home/neologos/anatomia-do-gasto-sprint2/data/raw/_nacional/fns/repasses_faf_com_populacao/2025/REPASSE-FAF-COM-POPULACAO-2025.xlsx,Manutenção Das Ações E Serviços Públicos De Saúde,ATENÇÃO DE MÉDIA E ALTA COMPLEXIDADE AMBULATORIAL E HOSPITALAR,EMENDA - INCREMENTO TEMPORÁRIO AO CUSTEIO DOS SERVIÇOS DE ASSISTÊNCIA HOSPITALAR E AMBULATORIAL,PR,CURITIBA,410690,1830795,2025,13792329000184,FUNDO MUNICIPAL DA SAUDE,001,037931,00000015671X,MUNICIPAL,N,S,N,45896,191585,191585,197004.59,45991
2025,https://portalfns.saude.gov.br/wp-content/uploads/2026/01/REPASSE-FAF-COM-POPULACAO-2025.xlsx,https://portalfns.saude.gov.br/wp-content/uploads/2026/01/REPASSE-FAF-COM-POPULACAO-2025.xlsx,/home/neologos/anatomia-do-gasto-sprint2/data/raw/_nacional/fns/repasses_faf_com_populacao/2025/REPASSE-FAF-COM-POPULACAO-2025.xlsx,Manutenção Das Ações E Serviços Públicos De Saúde,ATENÇÃO DE MÉDIA E ALTA COMPLEXIDADE AMBULATORIAL E HOSPITALAR,EMENDA - INCREMENTO TEMPORÁRIO AO CUSTEIO DOS SERVIÇOS DE ASSISTÊNCIA HOSPITALAR E AMBULATORIAL,PR,CURITIBA,410690,1830795,2025,13792329000184,FUNDO MUNICIPAL DA SAUDE,001,037931,000000156701,MUNICIPAL,N,S,N,45896,500000,500000,514144.09,45991
2025,https://portalfns.saude.gov.br/wp-content/uploads/2026/01/REPASSE-FAF-COM-POPULACAO-2025.xlsx,https://portalfns.saude.gov.br/wp-content/uploads/2026/01/REPASSE-FAF-COM-POPULACAO-2025.xlsx,/home/neologos/anatomia-do-gasto-sprint2/data/raw/_nacional/fns/repasses_faf_com_populacao/2025/REPASSE-FAF-COM-POPULACAO-2025.xlsx,Manutenção Das Ações E Serviços Públicos De Saúde,ATENÇÃO DE MÉDIA E ALTA COMPLEXIDADE AMBULATORIAL E HOSPITALAR,EMENDA - INCREMENTO TEMPORÁRIO AO CUSTEIO DOS SERVIÇOS DE ASSISTÊNCIA HOSPITALAR E AMBULATORIAL,PR,CURITIBA,410690,1830795,2025,13792329000184,FUNDO MUNICIPAL DA SAUDE,001,037931,000000156728,MUNICIPAL,N,S,N,45896,1585000,1585000,1629836.77,45991
2025,https://portalfns.saude.gov.br/wp-content/uploads/2026/01/REPASSE-FAF-COM-POPULACAO-2025.xlsx,https://portalfns.saude.gov.br/wp-content/uploads/2026/01/REPASSE-FAF-COM-POPULACAO-2025.xlsx,/home/neologos/anatomia-do-gasto-sprint2/data/raw/_nacional/fns/repasses_faf_com_populacao/2025/REPASSE-FAF-COM-POPULACAO-2025.xlsx,Manutenção Das Ações E Serviços Públicos De Saúde,ATENÇÃO DE MÉDIA E ALTA COMPLEXIDADE AMBULATORIAL E HOSPITALAR,EMENDA - INCREMENTO TEMPORÁRIO AO CUSTEIO DOS SERVIÇOS DE ASSISTÊNCIA HOSPITALAR E AMBULATORIAL,PR,CURITIBA,410690,1830795,2025,13792329000184,FUNDO MUNICIPAL DA SAUDE,001,037931,000000156736,MUNICIPAL,N,S,N,45896,1117552,1117552,1149165.51,45991
2025,https://portalfns.saude.gov.br/wp-content/uploads/2026/01/REPASSE-FAF-COM-POPULACAO-2025.xlsx,https://portalfns.saude.gov.br/wp-content/uploads/2026/01/REPASSE-FAF-COM-POPULACAO-2025.xlsx,/home/neologos/anatomia-do-gasto-sprint2/data/raw/_nacional/fns/repasses_faf_com_populacao/2025/REPASSE-FAF-COM-POPULACAO-2025.xlsx,Manutenção Das Ações E Serviços Públicos De Saúde,ATENÇÃO DE MÉDIA E ALTA COMPLEXIDADE AMBULATORIAL E HOSPITALAR,EMENDA - INCREMENTO TEMPORÁRIO AO CUSTEIO DOS SERVIÇOS DE ASSISTÊNCIA HOSPITALAR E AMBULATORIAL,PR,CURITIBA,410690,1830795,2025,13792329000184,FUNDO MUNICIPAL DA SAUDE,001,037931,000000156876,MUNICIPAL,N,S,N,45896,100000,100000,102828.81,45991
2025,https://portalfns.saude.gov.br/wp-content/uploads/2026/01/REPASSE-FAF-COM-POPULACAO-2025.xlsx,https://portalfns.saude.gov.br/wp-content/uploads/2026/01/REPASSE-FAF-COM-POPULACAO-2025.xlsx,/home/neologos/anatomia-do-gasto-sprint2/data/raw/_nacional/fns/repasses_faf_com_populacao/2025/REPASSE-FAF-COM-POPULACAO-2025.xlsx,Manutenção Das Ações E Serviços Públicos De Saúde,ATENÇÃO DE MÉDIA E ALTA COMPLEXIDADE AMBULATORIAL E HOSPITALAR,EMENDA - INCREMENTO TEMPORÁRIO AO CUSTEIO DOS SERVIÇOS DE ASSISTÊNCIA HOSPITALAR E AMBULATORIAL,PR,CURITIBA,410690,1830795,2025,13792329000184,FUNDO MUNICIPAL DA SAUDE,001,037931,000000156922,MUNICIPAL,N,S,N,45896,300000,300000,308486.45,45991
2025,https://portalfns.saude.gov.br/wp-content/uploads/2026/01/REPASSE-FAF-COM-POPULACAO-2025.xlsx,https://portalfns.saude.gov.br/wp-content/uploads/2026/01/REPASSE-FAF-COM-POPULACAO-2025.xlsx,/home/neologos/anatomia-do-gasto-sprint2/data/raw/_nacional/fns/repasses_faf_com_populacao/2025/REPASSE-FAF-COM-POPULACAO-2025.xlsx,Manutenção Das Ações E Serviços Públicos De Saúde,ATENÇÃO DE MÉDIA E ALTA COMPLEXIDADE AMBULATORIAL E HOSPITALAR,EMENDA - INCREMENTO TEMPORÁRIO AO CUSTEIO DOS SERVIÇOS DE ASSISTÊNCIA HOSPITALAR E AMBULATORIAL,PR,CURITIBA,410690,1830795,2025,13792329000184,FUNDO MUNICIPAL DA SAUDE,001,037931,000000157082,MUNICIPAL,N,S,N,45896,400000,400000,411315.27,45991
2025,https://portalfns.saude.gov.br/wp-content/uploads/2026/01/REPASSE-FAF-COM-POPULACAO-2025.xlsx,https://portalfns.saude.gov.br/wp-content/uploads/2026/01/REPASSE-FAF-COM-POPULACAO-2025.xlsx,/home/neologos/anatomia-do-gasto-sprint2/data/raw/_nacional/fns/repasses_faf_com_populacao/2025/REPASSE-FAF-COM-POPULACAO-2025.xlsx,Manutenção Das Ações E Serviços Públicos De Saúde,ATENÇÃO DE MÉDIA E ALTA COMPLEXIDADE AMBULATORIAL E HOSPITALAR,EMENDA - INCREMENTO TEMPORÁRIO AO CUSTEIO DOS SERVIÇOS DE ASSISTÊNCIA HOSPITALAR E AMBULATORIAL,PR,CURITIBA,410690,1830795,2025,13792329000184,FUNDO MUNICIPAL DA SAUDE,001,037931,000000157449,MUNICIPAL,N,S,N,45896,32448,32448,33365.89,45991
2025,https://portalfns.saude.gov.br/wp-content/uploads/2026/01/REPASSE-FAF-COM-POPULACAO-2025.xlsx,https://portalfns.saude.gov.br/wp-content/uploads/2026/01/REPASSE-FAF-COM-POPULACAO-2025.xlsx,/home/neologos/anatomia-do-gasto-sprint2/data/raw/_nacional/fns/repasses_faf_com_populacao/2025/REPASSE-FAF-COM-POPULACAO-2025.xlsx,Manutenção Das Ações E Serviços Públicos De Saúde,ATENÇÃO DE MÉDIA E ALTA COMPLEXIDADE AMBULATORIAL E HOSPITALAR,EMENDA - INCREMENTO TEMPORÁRIO AO CUSTEIO DOS SERVIÇOS DE ASSISTÊNCIA HOSPITALAR E AMBULATORIAL,PR,CURITIBA,410690,1830795,2025,13792329000184,FUNDO MUNICIPAL DA SAUDE,001,037931,000000157503,MUNICIPAL,N,S,N,45896,50000,50000,51414.400000000001,45991
2025,https://portalfns.saude.gov.br/wp-content/uploads/2026/01/REPASSE-FAF-COM-POPULACAO-2025.xlsx,https://portalfns.saude.gov.br/wp-content/uploads/2026/01/REPASSE-FAF-COM-POPULACAO-2025.xlsx,/home/neologos/anatomia-do-gasto-sprint2/data/raw/_nacional/fns/repasses_faf_com_populacao/2025/REPASSE-FAF-COM-POPULACAO-2025.xlsx,Estruturação Da Rede De Serviços Públicos De Saúde,ATENÇÃO ESPECIALIZADA,VIVER SEM LIMITES,PR,CURITIBA,410690,1830795,2025,08597121000174,FUNDO ESTADUAL DE SAUDE DO PARANA - FUNSAUDE,001,037931,000000119660,ESTADUAL,S,S,N,45870,7861000,7861000,73237300.430000007,45991
2025,https://portalfns.saude.gov.br/wp-content/uploads/2026/01/REPASSE-FAF-COM-POPULACAO-2025.xlsx,https://portalfns.saude.gov.br/wp-content/uploads/2026/01/REPASSE-FAF-COM-POPULACAO-2025.xlsx,/home/neologos/anatomia-do-gasto-sprint2/data/raw/_nacional/fns/repasses_faf_com_populacao/2025/REPASSE-FAF-COM-POPULACAO-2025.xlsx,Manutenção Das Ações E Serviços Públicos De Saúde,ASSISTÊNCIA FARMACÊUTICA,PNAISP - PROMOÇÃO DA ASSISTÊNCIA FARMACÊUTICA E INSUMOS ESTRATÉGICOS NA ATENÇÃO BÁSICA EM SAÚDE,PR,CURITIBA,410690,1830795,2025,08597121000174,FUNDO ESTADUAL DE SAUDE DO PARANA - FUNSAUDE,001,037931,00000011958X,ESTADUAL,S,S,N,45868,521084.7,521084.7,482600135.30000001,45991
2025,https://portalfns.saude.gov.br/wp-content/uploads/2026/01/REPASSE-FAF-COM-POPULACAO-2025.xlsx,https://portalfns.saude.gov.br/wp-content/uploads/2026/01/REPASSE-FAF-COM-POPULACAO-2025.xlsx,/home/neologos/anatomia-do-gasto-sprint2/data/raw/_nacional/fns/repasses_faf_com_populacao/2025/REPASSE-FAF-COM-POPULACAO-2025.xlsx,Manutenção Das Ações E Serviços Públicos De Saúde,ATENÇÃO DE MÉDIA E ALTA COMPLEXIDADE AMBULATORIAL E HOSPITALAR,EMENDA - INCREMENTO TEMPORÁRIO AO CUSTEIO DOS SERVIÇOS DE ASSISTÊNCIA HOSPITALAR E AMBULATORIAL,PR,CURITIBA,410690,1830795,2025,08597121000174,FUNDO ESTADUAL DE SAUDE DO PARANA - FUNSAUDE,001,037931,000000155659,ESTADUAL,S,S,N,45807,124969,124969,131958.35,45991
2025,https://portalfns.saude.gov.br/wp-content/uploads/2026/01/REPASSE-FAF-COM-POPULACAO-2025.xlsx,https://portalfns.saude.gov.br/wp-content/uploads/2026/01/REPASSE-FAF-COM-POPULACAO-2025.xlsx,/home/neologos/anatomia-do-gasto-sprint2/data/raw/_nacional/fns/repasses_faf_com_populacao/2025/REPASSE-FAF-COM-POPULACAO-2025.xlsx,Manutenção Das Ações E Serviços Públicos De Saúde,ATENÇÃO DE MÉDIA E ALTA COMPLEXIDADE AMBULATORIAL E HOSPITALAR,FAEC - CENTRAL NACIONAL DE REGULAÇÃO DE ALTA COMPLEXIDADE,PR,CURITIBA,410690,1830795,2025,13792329000184,FUNDO MUNICIPAL DA SAUDE,001,037931,000000139947,MUNICIPAL,N,S,N,45804,46549.14,0,81102183.269999996,45991
2025,https://portalfns.saude.gov.br/wp-content/uploads/2026/01/REPASSE-FAF-COM-POPULACAO-2025.xlsx,https://portalfns.saude.gov.br/wp-content/uploads/2026/01/REPASSE-FAF-COM-POPULACAO-2025.xlsx,/home/neologos/anatomia-do-gasto-sprint2/data/raw/_nacional/fns/repasses_faf_com_populacao/2025/REPASSE-FAF-COM-POPULACAO-2025.xlsx,Manutenção Das Ações E Serviços Públicos De Saúde,ATENÇÃO DE MÉDIA E ALTA COMPLEXIDADE AMBULATORIAL E HOSPITALAR,FAEC - EXAMES SOROLÓGICOS E IMUNOLÓGICOS,PR,CURITIBA,410690,1830795,2025,08597121000174,FUNDO ESTADUAL DE SAUDE DO PARANA - FUNSAUDE,001,037931,00000011958X,ESTADUAL,S,S,N,45775,86.2,86.2,482600135.30000001,45991
2025,https://portalfns.saude.gov.br/wp-content/uploads/2026/01/REPASSE-FAF-COM-POPULACAO-2025.xlsx,https://portalfns.saude.gov.br/wp-content/uploads/2026/01/REPASSE-FAF-COM-POPULACAO-2025.xlsx,/home/neologos/anatomia-do-gasto-sprint2/data/raw/_nacional/fns/repasses_faf_com_populacao/2025/REPASSE-FAF-COM-POPULACAO-2025.xlsx,Manutenção Das Ações E Serviços Públicos De Saúde,ATENÇÃO DE MÉDIA E ALTA COMPLEXIDADE AMBULATORIAL E HOSPITALAR,EMENDA - INCREMENTO TEMPORÁRIO AO CUSTEIO DOS SERVIÇOS DE ASSISTÊNCIA HOSPITALAR E AMBULATORIAL,PR,CURITIBA,410690,1830795,2025,08597121000174,FUNDO ESTADUAL DE SAUDE DO PARANA - FUNSAUDE,001,037931,00000015265X,ESTADUAL,S,S,N,45707,546000,546000,27326.43,45991
2025,https://portalfns.saude.gov.br/wp-content/uploads/2026/01/REPASSE-FAF-COM-POPULACAO-2025.xlsx,https://portalfns.saude.gov.br/wp-content/uploads/2026/01/REPASSE-FAF-COM-POPULACAO-2025.xlsx,/home/neologos/anatomia-do-gasto-sprint2/data/raw/_nacional/fns/repasses_faf_com_populacao/2025/REPASSE-FAF-COM-POPULACAO-2025.xlsx,Manutenção Das Ações E Serviços Públicos De Saúde,ATENÇÃO DE MÉDIA E ALTA COMPLEXIDADE AMBULATORIAL E HOSPITALAR,EMENDA - INCREMENTO TEMPORÁRIO AO CUSTEIO DOS SERVIÇOS DE ASSISTÊNCIA HOSPITALAR E AMBULATORIAL,PR,CURITIBA,410690,1830795,2025,08597121000174,FUNDO ESTADUAL DE SAUDE DO PARANA - FUNSAUDE,001,037931,000000152587,ESTADUAL,S,S,N,45707,1500000,1500000,122138.9,45991
2025,https://portalfns.saude.gov.br/wp-content/uploads/2026/01/REPASSE-FAF-COM-POPULACAO-2025.xlsx,https://portalfns.saude.gov.br/wp-content/uploads/2026/01/REPASSE-FAF-COM-POPULACAO-2025.xlsx,/home/neologos/anatomia-do-gasto-sprint2/data/raw/_nacional/fns/repasses_faf_com_populacao/2025/REPASSE-FAF-COM-POPULACAO-2025.xlsx,Manutenção Das Ações E Serviços Públicos De Saúde,ATENÇÃO DE MÉDIA E ALTA COMPLEXIDADE AMBULATORIAL E HOSPITALAR,EMENDA - INCREMENTO TEMPORÁRIO AO CUSTEIO DOS SERVIÇOS DE ASSISTÊNCIA HOSPITALAR E AMBULATORIAL,PR,CURITIBA,410690,1830795,2025,08597121000174,FUNDO ESTADUAL DE SAUDE DO PARANA - FUNSAUDE,001,037931,000000152595,ESTADUAL,S,S,N,45707,3849145,3849145,255024.28,45991
2025,https://portalfns.saude.gov.br/wp-content/uploads/2026/01/REPASSE-FAF-COM-POPULACAO-2025.xlsx,https://portalfns.saude.gov.br/wp-content/uploads/2026/01/REPASSE-FAF-COM-POPULACAO-2025.xlsx,/home/neologos/anatomia-do-gasto-sprint2/data/raw/_nacional/fns/repasses_faf_com_populacao/2025/REPASSE-FAF-COM-POPULACAO-2025.xlsx,Manutenção Das Ações E Serviços Públicos De Saúde,ATENÇÃO DE MÉDIA E ALTA COMPLEXIDADE AMBULATORIAL E HOSPITALAR,EMENDA - INCREMENTO TEMPORÁRIO AO CUSTEIO DOS SERVIÇOS DE ASSISTÊNCIA HOSPITALAR E AMBULATORIAL,PR,CURITIBA,410690,1830795,2025,08597121000174,FUNDO ESTADUAL DE SAUDE DO PARANA - FUNSAUDE,001,037931,000000152609,ESTADUAL,S,S,N,45707,1000000,1000000,68853.789999999994,45991
2025,https://portalfns.saude.gov.br/wp-content/uploads/2026/01/REPASSE-FAF-COM-POPULACAO-2025.xlsx,https://portalfns.saude.gov.br/wp-content/uploads/2026/01/REPASSE-FAF-COM-POPULACAO-2025.xlsx,/home/neologos/anatomia-do-gasto-sprint2/data/raw/_nacional/fns/repasses_faf_com_populacao/2025/REPASSE-FAF-COM-POPULACAO-2025.xlsx,Manutenção Das Ações E Serviços Públicos De Saúde,ATENÇÃO DE MÉDIA E ALTA COMPLEXIDADE AMBULATORIAL E HOSPITALAR,EMENDA - INCREMENTO TEMPORÁRIO AO CUSTEIO DOS SERVIÇOS DE ASSISTÊNCIA HOSPITALAR E AMBULATORIAL,PR,CURITIBA,410690,1830795,2025,08597121000174,FUNDO ESTADUAL DE SAUDE DO PARANA - FUNSAUDE,001,037931,000000152617,ESTADUAL,S,S,N,45707,500000,500000,16252.58,45991
2025,https://portalfns.saude.gov.br/wp-content/uploads/2026/01/REPASSE-FAF-COM-POPULACAO-2025.xlsx,https://portalfns.saude.gov.br/wp-content/uploads/2026/01/REPASSE-FAF-COM-POPULACAO-2025.xlsx,/home/neologos/anatomia-do-gasto-sprint2/data/raw/_nacional/fns/repasses_faf_com_populacao/2025/REPASSE-FAF-COM-POPULACAO-2025.xlsx,Manutenção Das Ações E Serviços Públicos De Saúde,ATENÇÃO DE MÉDIA E ALTA COMPLEXIDADE AMBULATORIAL E HOSPITALAR,EMENDA - INCREMENTO TEMPORÁRIO AO CUSTEIO DOS SERVIÇOS DE ASSISTÊNCIA HOSPITALAR E AMBULATORIAL,PR,CURITIBA,410690,1830795,2025,08597121000174,FUNDO ESTADUAL DE SAUDE DO PARANA - FUNSAUDE,001,037931,000000152625,ESTADUAL,S,S,N,45707,100000,100000,5003.8100000000004,45991
2025,https://portalfns.saude.gov.br/wp-content/uploads/2026/01/REPASSE-FAF-COM-POPULACAO-2025.xlsx,https://portalfns.saude.gov.br/wp-content/uploads/2026/01/REPASSE-FAF-COM-POPULACAO-2025.xlsx,/home/neologos/anatomia-do-gasto-sprint2/data/raw/_nacional/fns/repasses_faf_com_populacao/2025/REPASSE-FAF-COM-POPULACAO-2025.xlsx,Manutenção Das Ações E Serviços Públicos De Saúde,ATENÇÃO DE MÉDIA E ALTA COMPLEXIDADE AMBULATORIAL E HOSPITALAR,EMENDA - INCREMENTO TEMPORÁRIO AO CUSTEIO DOS SERVIÇOS DE ASSISTÊNCIA HOSPITALAR E AMBULATORIAL,PR,CURITIBA,410690,1830795,2025,08597121000174,FUNDO ESTADUAL DE SAUDE DO PARANA - FUNSAUDE,001,037931,000000152633,ESTADUAL,S,S,N,45707,300000,300000,5718.85,45991
2025,https://portalfns.saude.gov.br/wp-content/uploads/2026/01/REPASSE-FAF-COM-POPULACAO-2025.xlsx,https://portalfns.saude.gov.br/wp-content/uploads/2026/01/REPASSE-FAF-COM-POPULACAO-2025.xlsx,/home/neologos/anatomia-do-gasto-sprint2/data/raw/_nacional/fns/repasses_faf_com_populacao/2025/REPASSE-FAF-COM-POPULACAO-2025.xlsx,Manutenção Das Ações E Serviços Públicos De Saúde,ATENÇÃO DE MÉDIA E ALTA COMPLEXIDADE AMBULATORIAL E HOSPITALAR,EMENDA - INCREMENTO TEMPORÁRIO AO CUSTEIO DOS SERVIÇOS DE ASSISTÊNCIA HOSPITALAR E AMBULATORIAL,PR,CURITIBA,410690,1830795,2025,08597121000174,FUNDO ESTADUAL DE SAUDE DO PARANA - FUNSAUDE,001,037931,000000152641,ESTADUAL,S,S,N,45707,600000,600000,41312.300000000003,45991
2025,https://portalfns.saude.gov.br/wp-content/uploads/2026/01/REPASSE-FAF-COM-POPULACAO-2025.xlsx,https://portalfns.saude.gov.br/wp-content/uploads/2026/01/REPASSE-FAF-COM-POPULACAO-2025.xlsx,/home/neologos/anatomia-do-gasto-sprint2/data/raw/_nacional/fns/repasses_faf_com_populacao/2025/REPASSE-FAF-COM-POPULACAO-2025.xlsx,Manutenção Das Ações E Serviços Públicos De Saúde,ATENÇÃO DE MÉDIA E ALTA COMPLEXIDADE AMBULATORIAL E HOSPITALAR,EMENDA - INCREMENTO TEMPORÁRIO AO CUSTEIO DOS SERVIÇOS DE ASSISTÊNCIA HOSPITALAR E AMBULATORIAL,PR,CURITIBA,410690,1830795,2025,08597121000174,FUNDO ESTADUAL DE SAUDE DO PARANA - FUNSAUDE,001,037931,000000152668,ESTADUAL,S,S,N,45707,134760,134760,13377.55,45991
2025,https://portalfns.saude.gov.br/wp-content/uploads/2026/01/REPASSE-FAF-COM-POPULACAO-2025.xlsx,https://portalfns.saude.gov.br/wp-content/uploads/2026/01/REPASSE-FAF-COM-POPULACAO-2025.xlsx,/home/neologos/anatomia-do-gasto-sprint2/data/raw/_nacional/fns/repasses_faf_com_populacao/2025/REPASSE-FAF-COM-POPULACAO-2025.xlsx,Manutenção Das Ações E Serviços Públicos De Saúde,ATENÇÃO DE MÉDIA E ALTA COMPLEXIDADE AMBULATORIAL E HOSPITALAR,EMENDA - INCREMENTO TEMPORÁRIO AO CUSTEIO DOS SERVIÇOS DE ASSISTÊNCIA HOSPITALAR E AMBULATORIAL,PR,CURITIBA,410690,1830795,2025,08597121000174,FUNDO ESTADUAL DE SAUDE DO PARANA - FUNSAUDE,001,037931,000000152676,ESTADUAL,S,S,N,45707,2500000,2500000,2711077.78,45991
2025,https://portalfns.saude.gov.br/wp-content/uploads/2026/01/REPASSE-FAF-COM-POPULACAO-2025.xlsx,https://portalfns.saude.gov.br/wp-content/uploads/2026/01/REPASSE-FAF-COM-POPULACAO-2025.xlsx,/home/neologos/anatomia-do-gasto-sprint2/data/raw/_nacional/fns/repasses_faf_com_populacao/2025/REPASSE-FAF-COM-POPULACAO-2025.xlsx,Manutenção Das Ações E Serviços Públicos De Saúde,ATENÇÃO DE MÉDIA E ALTA COMPLEXIDADE AMBULATORIAL E HOSPITALAR,EMENDA - INCREMENTO TEMPORÁRIO AO CUSTEIO DOS SERVIÇOS DE ASSISTÊNCIA HOSPITALAR E AMBULATORIAL,PR,CURITIBA,410690,1830795,2025,08597121000174,FUNDO ESTADUAL DE SAUDE DO PARANA - FUNSAUDE,001,037931,000000152684,ESTADUAL,S,S,N,45707,200000,200000,216886.22,45991
2025,https://portalfns.saude.gov.br/wp-content/uploads/2026/01/REPASSE-FAF-COM-POPULACAO-2025.xlsx,https://portalfns.saude.gov.br/wp-content/uploads/2026/01/REPASSE-FAF-COM-POPULACAO-2025.xlsx,/home/neologos/anatomia-do-gasto-sprint2/data/raw/_nacional/fns/repasses_faf_com_populacao/2025/REPASSE-FAF-COM-POPULACAO-2025.xlsx,Manutenção Das Ações E Serviços Públicos De Saúde,ATENÇÃO DE MÉDIA E ALTA COMPLEXIDADE AMBULATORIAL E HOSPITALAR,EMENDA - INCREMENTO TEMPORÁRIO AO CUSTEIO DOS SERVIÇOS DE ASSISTÊNCIA HOSPITALAR E AMBULATORIAL,PR,CURITIBA,410690,1830795,2025,08597121000174,FUNDO ESTADUAL DE SAUDE DO PARANA - FUNSAUDE,001,037931,000000152692,ESTADUAL,S,S,N,45707,5600000,5600000,6072814.2300000004,45991
2025,https://portalfns.saude.gov.br/wp-content/uploads/2026/01/REPASSE-FAF-COM-POPULACAO-2025.xlsx,https://portalfns.saude.gov.br/wp-content/uploads/2026/01/REPASSE-FAF-COM-POPULACAO-2025.xlsx,/home/neologos/anatomia-do-gasto-sprint2/data/raw/_nacional/fns/repasses_faf_com_populacao/2025/REPASSE-FAF-COM-POPULACAO-2025.xlsx,Manutenção Das Ações E Serviços Públicos De Saúde,ATENÇÃO DE MÉDIA E ALTA COMPLEXIDADE AMBULATORIAL E HOSPITALAR,EMENDA - INCREMENTO TEMPORÁRIO AO CUSTEIO DOS SERVIÇOS DE ASSISTÊNCIA HOSPITALAR E AMBULATORIAL,PR,CURITIBA,410690,1830795,2025,08597121000174,FUNDO ESTADUAL DE SAUDE DO PARANA - FUNSAUDE,001,037931,000000152706,ESTADUAL,S,S,N,45707,300000,300000,325329.33,45991
2025,https://portalfns.saude.gov.br/wp-content/uploads/2026/01/REPASSE-FAF-COM-POPULACAO-2025.xlsx,https://portalfns.saude.gov.br/wp-content/uploads/2026/01/REPASSE-FAF-COM-POPULACAO-2025.xlsx,/home/neologos/anatomia-do-gasto-sprint2/data/raw/_nacional/fns/repasses_faf_com_populacao/2025/REPASSE-FAF-COM-POPULACAO-2025.xlsx,Manutenção Das Ações E Serviços Públicos De Saúde,ATENÇÃO DE MÉDIA E ALTA COMPLEXIDADE AMBULATORIAL E HOSPITALAR,EMENDA - INCREMENTO TEMPORÁRIO AO CUSTEIO DOS SERVIÇOS DE ASSISTÊNCIA HOSPITALAR E AMBULATORIAL,PR,CURITIBA,410690,1830795,2025,08597121000174,FUNDO ESTADUAL DE SAUDE DO PARANA - FUNSAUDE,001,037931,000000152714,ESTADUAL,S,S,N,45707,1200000,1200000,1301317.33,45991
2025,https://portalfns.saude.gov.br/wp-content/uploads/2026/01/REPASSE-FAF-COM-POPULACAO-2025.xlsx,https://portalfns.saude.gov.br/wp-content/uploads/2026/01/REPASSE-FAF-COM-POPULACAO-2025.xlsx,/home/neologos/anatomia-do-gasto-sprint2/data/raw/_nacional/fns/repasses_faf_com_populacao/2025/REPASSE-FAF-COM-POPULACAO-2025.xlsx,Manutenção Das Ações E Serviços Públicos De Saúde,ATENÇÃO DE MÉDIA E ALTA COMPLEXIDADE AMBULATORIAL E HOSPITALAR,"CUSTEIO DE SERVIÇOS PRESTADOS POR ENTIDADES PRIVADAS SEM FINS LUCRATIVOS QUE COMPLEMENTEM O SUS, CONFORME A LEI COMPLEMENTAR Nº 197",PR,CURITIBA,410690,1830795,2025,08597121000174,FUNDO ESTADUAL DE SAUDE DO PARANA - FUNSAUDE,001,037931,00000011958X,ESTADUAL,S,S,N,45693,181301.34,181301.34,482600135.30000001,45991
2025,https://portalfns.saude.gov.br/wp-content/uploads/2026/01/REPASSE-FAF-COM-POPULACAO-2025.xlsx,https://portalfns.saude.gov.br/wp-content/uploads/2026/01/REPASSE-FAF-COM-POPULACAO-2025.xlsx,/home/neologos/anatomia-do-gasto-sprint2/data/raw/_nacional/fns/repasses_faf_com_populacao/2025/REPASSE-FAF-COM-POPULACAO-2025.xlsx,Manutenção Das Ações E Serviços Públicos De Saúde,ATENÇÃO PRIMÁRIA,INCENTIVO FINANCEIRO PARA ATENÇÃO À SAÚDE BUCAL,PR,CURITIBA,410690,1830795,2025,13792329000184,FUNDO MUNICIPAL DA SAUDE,001,037931,000000139947,MUNICIPAL,N,S,N,45680,214364.14,214364.14,81102183.269999996,45991
2025,https://portalfns.saude.gov.br/wp-content/uploads/2026/01/REPASSE-FAF-COM-POPULACAO-2025.xlsx,https://portalfns.saude.gov.br/wp-content/uploads/2026/01/REPASSE-FAF-COM-POPULACAO-2025.xlsx,/home/neologos/anatomia-do-gasto-sprint2/data/raw/_nacional/fns/repasses_faf_com_populacao/2025/REPASSE-FAF-COM-POPULACAO-2025.xlsx,Manutenção Das Ações E Serviços Públicos De Saúde,ATENÇÃO DE MÉDIA E ALTA COMPLEXIDADE AMBULATORIAL E HOSPITALAR,FAEC - PROGRAMA MAIS ACESSO A ESPECIALISTAS (PMAE),PR,CURITIBA,410690,1830795,2025,08597121000174,FUNDO ESTADUAL DE SAUDE DO PARANA - FUNSAUDE,001,037931,00000011958X,ESTADUAL,S,S,N,45670,22185909.059999999,22185909.059999999,482600135.30000001,45991
2025,https://portalfns.saude.gov.br/wp-content/uploads/2026/01/REPASSE-FAF-COM-POPULACAO-2025.xlsx,https://portalfns.saude.gov.br/wp-content/uploads/2026/01/REPASSE-FAF-COM-POPULACAO-2025.xlsx,/home/neologos/anatomia-do-gasto-sprint2/data/raw/_nacional/fns/repasses_faf_com_populacao/2025/REPASSE-FAF-COM-POPULACAO-2025.xlsx,Manutenção Das Ações E Serviços Públicos De Saúde,ATENÇÃO DE MÉDIA E ALTA COMPLEXIDADE AMBULATORIAL E HOSPITALAR,FAEC - PROGRAMA MAIS ACESSO A ESPECIALISTAS (PMAE),PR,CURITIBA,410690,1830795,2025,13792329000184,FUNDO MUNICIPAL DA SAUDE,001,037931,000000139947,MUNICIPAL,N,S,N,45670,10799009.76,10799009.76,81102183.269999996,45991
