ano_coleta,fonte_url_pagina,fonte_url_arquivo,arquivo_origem,BLOCO,GRUPO,ESTRATEGIA,UF,MUNICIPIO,CO_MUNICIPIO_IBGE,QT_POPULACAO,NU_ANO_REFERENCIA_IBGE,CNPJ,ENTIDADE,BANCO,AGENCIA,CONTA,TP_REPASSE,TP_REPASSE_ESTADO,ST_FAF,ST_HU,DT_ULTIMA_LIBERACAO,VL_BRUTO,VL_LIQUIDO,VL_SALDO_CONTA,DT_SALDO_CONTA
2026,https://portalfns.saude.gov.br/idg_download/repasse-faf-com-populacao-2026-acumulado-ate-julho/,https://portalfns.saude.gov.br/wp-content/uploads/2026/08/Repasse-FAF-com-POPULACAO-2026-acumulado-ate-julho.xlsx,/home/neologos/anatomia-do-gasto-sprint2/data/raw/_nacional/fns/repasses_faf_com_populacao/2026/Repasse-FAF-com-POPULACAO-2026-acumulado-ate-julho.xlsx,Manutenção Das Ações E Serviços Públicos De Saúde,ASSISTÊNCIA FARMACÊUTICA,"CBAF - RECURSOS FINANCEIROS A TRANSFERIR PARA AQUISICAO PELAS SECRETARIAS DE SAUDE DOS ESTADOS, MUNICIPIOS E DO DISTRITO FEDERAL",PR,CURITIBA,410690,1830795,2026,08597121000174,FUNDO ESTADUAL DE SAUDE DO PARANA - FUNSAUDE,001,037931,00000011958X,ESTADUAL,S,S,N,46219,48657438.900000013,48657438.900000013,259187936.87,46203
2026,https://portalfns.saude.gov.br/idg_download/repasse-faf-com-populacao-2026-acumulado-ate-julho/,https://portalfns.saude.gov.br/wp-content/uploads/2026/08/Repasse-FAF-com-POPULACAO-2026-acumulado-ate-julho.xlsx,/home/neologos/anatomia-do-gasto-sprint2/data/raw/_nacional/fns/repasses_faf_com_populacao/2026/Repasse-FAF-com-POPULACAO-2026-acumulado-ate-julho.xlsx,Manutenção Das Ações E Serviços Públicos De Saúde,ASSISTÊNCIA FARMACÊUTICA,"CBAF - RECURSOS FINANCEIROS A TRANSFERIR PARA AQUISICAO PELAS SECRETARIAS DE SAUDE DOS ESTADOS, MUNICIPIOS E DO DISTRITO FEDERAL",PR,CURITIBA,410690,1830795,2026,13792329000184,FUNDO MUNICIPAL DA SAUDE,001,037931,000000139947,MUNICIPAL,N,S,N,46219,8749793.5,8749793.5,74262181.579999998,46203
2026,https://portalfns.saude.gov.br/idg_download/repasse-faf-com-populacao-2026-acumulado-ate-julho/,https://portalfns.saude.gov.br/wp-content/uploads/2026/08/Repasse-FAF-com-POPULACAO-2026-acumulado-ate-julho.xlsx,/home/neologos/anatomia-do-gasto-sprint2/data/raw/_nacional/fns/repasses_faf_com_populacao/2026/Repasse-FAF-com-POPULACAO-2026-acumulado-ate-julho.xlsx,Manutenção Das Ações E Serviços Públicos De Saúde,ATENÇÃO DE MÉDIA E ALTA COMPLEXIDADE AMBULATORIAL E HOSPITALAR,OPERACIONALIZAÇÃO DO SISTEMA NACIONAL DE TRANSPLANTES,PR,CURITIBA,410690,1830795,2026,08597121000174,FUNDO ESTADUAL DE SAUDE DO PARANA - FUNSAUDE,001,037931,00000011958X,ESTADUAL,S,S,N,46219,350000,350000,259187936.87,46203
2026,https://portalfns.saude.gov.br/idg_download/repasse-faf-com-populacao-2026-acumulado-ate-julho/,https://portalfns.saude.gov.br/wp-content/uploads/2026/08/Repasse-FAF-com-POPULACAO-2026-acumulado-ate-julho.xlsx,/home/neologos/anatomia-do-gasto-sprint2/data/raw/_nacional/fns/repasses_faf_com_populacao/2026/Repasse-FAF-com-POPULACAO-2026-acumulado-ate-julho.xlsx,Manutenção Das Ações E Serviços Públicos De Saúde,ATENÇÃO PRIMÁRIA,INCENTIVO FINANCEIRO DA APS - COMPONENTE PER CAPITA DE BASE POPULACIONAL,PR,CURITIBA,410690,1830795,2026,13792329000184,FUNDO MUNICIPAL DA SAUDE,001,037931,000000139947,MUNICIPAL,N,S,N,46219,6354384.3299999991,6354384.3299999991,74262181.579999998,46203
2026,https://portalfns.saude.gov.br/idg_download/repasse-faf-com-populacao-2026-acumulado-ate-julho/,https://portalfns.saude.gov.br/wp-content/uploads/2026/08/Repasse-FAF-com-POPULACAO-2026-acumulado-ate-julho.xlsx,/home/neologos/anatomia-do-gasto-sprint2/data/raw/_nacional/fns/repasses_faf_com_populacao/2026/Repasse-FAF-com-POPULACAO-2026-acumulado-ate-julho.xlsx,Manutenção Das Ações E Serviços Públicos De Saúde,ATENÇÃO PRIMÁRIA,AGENTES COMUNITÁRIOS DE SAÚDE,PR,CURITIBA,410690,1830795,2026,13792329000184,FUNDO MUNICIPAL DA SAUDE,001,037931,000000139947,MUNICIPAL,N,S,N,46217,11927318,11927318,74262181.579999998,46203
2026,https://portalfns.saude.gov.br/idg_download/repasse-faf-com-populacao-2026-acumulado-ate-julho/,https://portalfns.saude.gov.br/wp-content/uploads/2026/08/Repasse-FAF-com-POPULACAO-2026-acumulado-ate-julho.xlsx,/home/neologos/anatomia-do-gasto-sprint2/data/raw/_nacional/fns/repasses_faf_com_populacao/2026/Repasse-FAF-com-POPULACAO-2026-acumulado-ate-julho.xlsx,Manutenção Das Ações E Serviços Públicos De Saúde,ATENÇÃO PRIMÁRIA,INCENTIVO COMPENSATÓRIO DE TRANSIÇÃO,PR,CURITIBA,410690,1830795,2026,13792329000184,FUNDO MUNICIPAL DA SAUDE,001,037931,000000139947,MUNICIPAL,N,S,N,46217,16111073,16111073,74262181.579999998,46203
2026,https://portalfns.saude.gov.br/idg_download/repasse-faf-com-populacao-2026-acumulado-ate-julho/,https://portalfns.saude.gov.br/wp-content/uploads/2026/08/Repasse-FAF-com-POPULACAO-2026-acumulado-ate-julho.xlsx,/home/neologos/anatomia-do-gasto-sprint2/data/raw/_nacional/fns/repasses_faf_com_populacao/2026/Repasse-FAF-com-POPULACAO-2026-acumulado-ate-julho.xlsx,Manutenção Das Ações E Serviços Públicos De Saúde,ATENÇÃO PRIMÁRIA,INCENTIVO FINANCEIRO DA APS - ATENCAO A SAUDE BUCAL,PR,CURITIBA,410690,1830795,2026,08597121000174,FUNDO ESTADUAL DE SAUDE DO PARANA - FUNSAUDE,001,037931,00000011958X,ESTADUAL,S,S,N,46217,3776042.14,3776042.14,259187936.87,46203
2026,https://portalfns.saude.gov.br/idg_download/repasse-faf-com-populacao-2026-acumulado-ate-julho/,https://portalfns.saude.gov.br/wp-content/uploads/2026/08/Repasse-FAF-com-POPULACAO-2026-acumulado-ate-julho.xlsx,/home/neologos/anatomia-do-gasto-sprint2/data/raw/_nacional/fns/repasses_faf_com_populacao/2026/Repasse-FAF-com-POPULACAO-2026-acumulado-ate-julho.xlsx,Manutenção Das Ações E Serviços Públicos De Saúde,ATENÇÃO PRIMÁRIA,INCENTIVO FINANCEIRO DA APS - ATENCAO A SAUDE BUCAL,PR,CURITIBA,410690,1830795,2026,13792329000184,FUNDO MUNICIPAL DA SAUDE,001,037931,000000139947,MUNICIPAL,N,S,N,46217,8362670.0499999989,8362670.0499999989,74262181.579999998,46203
2026,https://portalfns.saude.gov.br/idg_download/repasse-faf-com-populacao-2026-acumulado-ate-julho/,https://portalfns.saude.gov.br/wp-content/uploads/2026/08/Repasse-FAF-com-POPULACAO-2026-acumulado-ate-julho.xlsx,/home/neologos/anatomia-do-gasto-sprint2/data/raw/_nacional/fns/repasses_faf_com_populacao/2026/Repasse-FAF-com-POPULACAO-2026-acumulado-ate-julho.xlsx,Manutenção Das Ações E Serviços Públicos De Saúde,ATENÇÃO PRIMÁRIA,"INCENTIVO FINANCEIRO DA APS - DEMAIS PROGRAMAS, SERVIÇOS E EQUIPES DA ATENÇÃO PRIMÁRIA À SAÚDE",PR,CURITIBA,410690,1830795,2026,13792329000184,FUNDO MUNICIPAL DA SAUDE,001,037931,000000139947,MUNICIPAL,N,S,N,46217,2365341,2365341,74262181.579999998,46203
2026,https://portalfns.saude.gov.br/idg_download/repasse-faf-com-populacao-2026-acumulado-ate-julho/,https://portalfns.saude.gov.br/wp-content/uploads/2026/08/Repasse-FAF-com-POPULACAO-2026-acumulado-ate-julho.xlsx,/home/neologos/anatomia-do-gasto-sprint2/data/raw/_nacional/fns/repasses_faf_com_populacao/2026/Repasse-FAF-com-POPULACAO-2026-acumulado-ate-julho.xlsx,Manutenção Das Ações E Serviços Públicos De Saúde,ATENÇÃO PRIMÁRIA,INCENTIVO FINANCEIRO DA APS - EQUIPES DE SAÚDE DA FAMÍLIA/ESF E EQUIPES DE ATENÇÃO PRIMÁRIA/EAP,PR,CURITIBA,410690,1830795,2026,13792329000184,FUNDO MUNICIPAL DA SAUDE,001,037931,000000139947,MUNICIPAL,N,S,N,46217,46847437.5,46847437.5,74262181.579999998,46203
2026,https://portalfns.saude.gov.br/idg_download/repasse-faf-com-populacao-2026-acumulado-ate-julho/,https://portalfns.saude.gov.br/wp-content/uploads/2026/08/Repasse-FAF-com-POPULACAO-2026-acumulado-ate-julho.xlsx,/home/neologos/anatomia-do-gasto-sprint2/data/raw/_nacional/fns/repasses_faf_com_populacao/2026/Repasse-FAF-com-POPULACAO-2026-acumulado-ate-julho.xlsx,Manutenção Das Ações E Serviços Públicos De Saúde,ATENÇÃO PRIMÁRIA,INCENTIVO FINANCEIRO DA APS - EQUIPES MULTIPROFISSIONAIS - EMULTI,PR,CURITIBA,410690,1830795,2026,13792329000184,FUNDO MUNICIPAL DA SAUDE,001,037931,000000139947,MUNICIPAL,N,S,N,46217,4150125,4150125,74262181.579999998,46203
2026,https://portalfns.saude.gov.br/idg_download/repasse-faf-com-populacao-2026-acumulado-ate-julho/,https://portalfns.saude.gov.br/wp-content/uploads/2026/08/Repasse-FAF-com-POPULACAO-2026-acumulado-ate-julho.xlsx,/home/neologos/anatomia-do-gasto-sprint2/data/raw/_nacional/fns/repasses_faf_com_populacao/2026/Repasse-FAF-com-POPULACAO-2026-acumulado-ate-julho.xlsx,Manutenção Das Ações E Serviços Públicos De Saúde,ATENÇÃO PRIMÁRIA,INCENTIVO FINANCEIRO DA APS - PROMOCAO À SAÚDE,PR,CURITIBA,410690,1830795,2026,13792329000184,FUNDO MUNICIPAL DA SAUDE,001,037931,000000139947,MUNICIPAL,N,S,N,46217,51500,51500,74262181.579999998,46203
2026,https://portalfns.saude.gov.br/idg_download/repasse-faf-com-populacao-2026-acumulado-ate-julho/,https://portalfns.saude.gov.br/wp-content/uploads/2026/08/Repasse-FAF-com-POPULACAO-2026-acumulado-ate-julho.xlsx,/home/neologos/anatomia-do-gasto-sprint2/data/raw/_nacional/fns/repasses_faf_com_populacao/2026/Repasse-FAF-com-POPULACAO-2026-acumulado-ate-julho.xlsx,Manutenção Das Ações E Serviços Públicos De Saúde,VIGILÂNCIA EM SAÚDE,"INCENTIVO FINANCEIRO AOS ESTADOS, DISTRITO FEDERAL E MUNICÍPIOS PARA A VIGILÂNCIA EM SAÚDE - DESPESAS DIVERSAS",PR,CURITIBA,410690,1830795,2026,08597121000174,FUNDO ESTADUAL DE SAUDE DO PARANA - FUNSAUDE,001,037931,00000011958X,ESTADUAL,S,S,N,46217,9333455.6099999994,9333455.6099999994,259187936.87,46203
2026,https://portalfns.saude.gov.br/idg_download/repasse-faf-com-populacao-2026-acumulado-ate-julho/,https://portalfns.saude.gov.br/wp-content/uploads/2026/08/Repasse-FAF-com-POPULACAO-2026-acumulado-ate-julho.xlsx,/home/neologos/anatomia-do-gasto-sprint2/data/raw/_nacional/fns/repasses_faf_com_populacao/2026/Repasse-FAF-com-POPULACAO-2026-acumulado-ate-julho.xlsx,Manutenção Das Ações E Serviços Públicos De Saúde,VIGILÂNCIA EM SAÚDE,"INCENTIVO FINANCEIRO AOS ESTADOS, DISTRITO FEDERAL E MUNICÍPIOS PARA A VIGILÂNCIA EM SAÚDE - DESPESAS DIVERSAS",PR,CURITIBA,410690,1830795,2026,13792329000184,FUNDO MUNICIPAL DA SAUDE,001,037931,000000139947,MUNICIPAL,N,S,N,46217,4161799.85,4161799.85,74262181.579999998,46203
2026,https://portalfns.saude.gov.br/idg_download/repasse-faf-com-populacao-2026-acumulado-ate-julho/,https://portalfns.saude.gov.br/wp-content/uploads/2026/08/Repasse-FAF-com-POPULACAO-2026-acumulado-ate-julho.xlsx,/home/neologos/anatomia-do-gasto-sprint2/data/raw/_nacional/fns/repasses_faf_com_populacao/2026/Repasse-FAF-com-POPULACAO-2026-acumulado-ate-julho.xlsx,Manutenção Das Ações E Serviços Públicos De Saúde,ATENÇÃO DE MÉDIA E ALTA COMPLEXIDADE AMBULATORIAL E HOSPITALAR,CUSTEIO DO PROGRAMA AGORA TEM ESPECIALISTAS MAC - COMPONENTE AMBULATORIAL,PR,CURITIBA,410690,1830795,2026,08597121000174,FUNDO ESTADUAL DE SAUDE DO PARANA - FUNSAUDE,001,037931,00000011958X,ESTADUAL,S,S,N,46213,5397131,5397131,259187936.87,46203
2026,https://portalfns.saude.gov.br/idg_download/repasse-faf-com-populacao-2026-acumulado-ate-julho/,https://portalfns.saude.gov.br/wp-content/uploads/2026/08/Repasse-FAF-com-POPULACAO-2026-acumulado-ate-julho.xlsx,/home/neologos/anatomia-do-gasto-sprint2/data/raw/_nacional/fns/repasses_faf_com_populacao/2026/Repasse-FAF-com-POPULACAO-2026-acumulado-ate-julho.xlsx,Manutenção Das Ações E Serviços Públicos De Saúde,ATENÇÃO DE MÉDIA E ALTA COMPLEXIDADE AMBULATORIAL E HOSPITALAR,CUSTEIO DO PROGRAMA AGORA TEM ESPECIALISTAS MAC - COMPONENTE AMBULATORIAL,PR,CURITIBA,410690,1830795,2026,13792329000184,FUNDO MUNICIPAL DA SAUDE,001,037931,000000139947,MUNICIPAL,N,S,N,46213,4546885,4491365,74262181.579999998,46203
2026,https://portalfns.saude.gov.br/idg_download/repasse-faf-com-populacao-2026-acumulado-ate-julho/,https://portalfns.saude.gov.br/wp-content/uploads/2026/08/Repasse-FAF-com-POPULACAO-2026-acumulado-ate-julho.xlsx,/home/neologos/anatomia-do-gasto-sprint2/data/raw/_nacional/fns/repasses_faf_com_populacao/2026/Repasse-FAF-com-POPULACAO-2026-acumulado-ate-julho.xlsx,Manutenção Das Ações E Serviços Públicos De Saúde,ATENÇÃO DE MÉDIA E ALTA COMPLEXIDADE AMBULATORIAL E HOSPITALAR,CUSTEIO DO PROGRAMA AGORA TEM ESPECIALISTAS MAC - COMPONENTE CIRÚRGICO,PR,CURITIBA,410690,1830795,2026,08597121000174,FUNDO ESTADUAL DE SAUDE DO PARANA - FUNSAUDE,001,037931,00000011958X,ESTADUAL,S,S,N,46213,28519908.190000001,28519908.190000001,259187936.87,46203
2026,https://portalfns.saude.gov.br/idg_download/repasse-faf-com-populacao-2026-acumulado-ate-julho/,https://portalfns.saude.gov.br/wp-content/uploads/2026/08/Repasse-FAF-com-POPULACAO-2026-acumulado-ate-julho.xlsx,/home/neologos/anatomia-do-gasto-sprint2/data/raw/_nacional/fns/repasses_faf_com_populacao/2026/Repasse-FAF-com-POPULACAO-2026-acumulado-ate-julho.xlsx,Manutenção Das Ações E Serviços Públicos De Saúde,ATENÇÃO DE MÉDIA E ALTA COMPLEXIDADE AMBULATORIAL E HOSPITALAR,CUSTEIO DO PROGRAMA AGORA TEM ESPECIALISTAS MAC - MUTIRÃO,PR,CURITIBA,410690,1830795,2026,08597121000174,FUNDO ESTADUAL DE SAUDE DO PARANA - FUNSAUDE,001,037931,00000011958X,ESTADUAL,S,S,N,46213,219824.66,219824.66,259187936.87,46203
2026,https://portalfns.saude.gov.br/idg_download/repasse-faf-com-populacao-2026-acumulado-ate-julho/,https://portalfns.saude.gov.br/wp-content/uploads/2026/08/Repasse-FAF-com-POPULACAO-2026-acumulado-ate-julho.xlsx,/home/neologos/anatomia-do-gasto-sprint2/data/raw/_nacional/fns/repasses_faf_com_populacao/2026/Repasse-FAF-com-POPULACAO-2026-acumulado-ate-julho.xlsx,Manutenção Das Ações E Serviços Públicos De Saúde,ATENÇÃO DE MÉDIA E ALTA COMPLEXIDADE AMBULATORIAL E HOSPITALAR,CUSTEIO DO PROGRAMA AGORA TEM ESPECIALISTAS MAC - MUTIRÃO,PR,CURITIBA,410690,1830795,2026,13792329000184,FUNDO MUNICIPAL DA SAUDE,001,037931,000000139947,MUNICIPAL,N,S,N,46213,286546.27,286546.27,74262181.579999998,46203
2026,https://portalfns.saude.gov.br/idg_download/repasse-faf-com-populacao-2026-acumulado-ate-julho/,https://portalfns.saude.gov.br/wp-content/uploads/2026/08/Repasse-FAF-com-POPULACAO-2026-acumulado-ate-julho.xlsx,/home/neologos/anatomia-do-gasto-sprint2/data/raw/_nacional/fns/repasses_faf_com_populacao/2026/Repasse-FAF-com-POPULACAO-2026-acumulado-ate-julho.xlsx,Manutenção Das Ações E Serviços Públicos De Saúde,ATENÇÃO DE MÉDIA E ALTA COMPLEXIDADE AMBULATORIAL E HOSPITALAR,SAMU 192,PR,CURITIBA,410690,1830795,2026,13792329000184,FUNDO MUNICIPAL DA SAUDE,001,037931,000000139947,MUNICIPAL,N,S,N,46213,9921935.4000000004,9921935.4000000004,74262181.579999998,46203
2026,https://portalfns.saude.gov.br/idg_download/repasse-faf-com-populacao-2026-acumulado-ate-julho/,https://portalfns.saude.gov.br/wp-content/uploads/2026/08/Repasse-FAF-com-POPULACAO-2026-acumulado-ate-julho.xlsx,/home/neologos/anatomia-do-gasto-sprint2/data/raw/_nacional/fns/repasses_faf_com_populacao/2026/Repasse-FAF-com-POPULACAO-2026-acumulado-ate-julho.xlsx,Manutenção Das Ações E Serviços Públicos De Saúde,VIGILÂNCIA EM SAÚDE,TRANSFERÊNCIA AOS ENTES FEDERATIVOS PARA O PAGAMENTO DOS VENCIMENTOS DOS AGENTES DE COMBATE ÀS ENDEMIAS,PR,CURITIBA,410690,1830795,2026,13792329000184,FUNDO MUNICIPAL DA SAUDE,001,037931,000000139947,MUNICIPAL,N,S,N,46213,2343966,2343966,74262181.579999998,46203
2026,https://portalfns.saude.gov.br/idg_download/repasse-faf-com-populacao-2026-acumulado-ate-julho/,https://portalfns.saude.gov.br/wp-content/uploads/2026/08/Repasse-FAF-com-POPULACAO-2026-acumulado-ate-julho.xlsx,/home/neologos/anatomia-do-gasto-sprint2/data/raw/_nacional/fns/repasses_faf_com_populacao/2026/Repasse-FAF-com-POPULACAO-2026-acumulado-ate-julho.xlsx,Manutenção Das Ações E Serviços Públicos De Saúde,ATENÇÃO DE MÉDIA E ALTA COMPLEXIDADE AMBULATORIAL E HOSPITALAR,ATENÇÃO À SAÚDE DA POPULAÇÃO PARA PROCEDIMENTOS NO MAC,PR,CURITIBA,410690,1830795,2026,08597121000174,FUNDO ESTADUAL DE SAUDE DO PARANA - FUNSAUDE,001,037931,00000011958X,ESTADUAL,S,S,N,46212,791940189.64999998,703528330.92999995,259187936.87,46203
2026,https://portalfns.saude.gov.br/idg_download/repasse-faf-com-populacao-2026-acumulado-ate-julho/,https://portalfns.saude.gov.br/wp-content/uploads/2026/08/Repasse-FAF-com-POPULACAO-2026-acumulado-ate-julho.xlsx,/home/neologos/anatomia-do-gasto-sprint2/data/raw/_nacional/fns/repasses_faf_com_populacao/2026/Repasse-FAF-com-POPULACAO-2026-acumulado-ate-julho.xlsx,Manutenção Das Ações E Serviços Públicos De Saúde,ATENÇÃO DE MÉDIA E ALTA COMPLEXIDADE AMBULATORIAL E HOSPITALAR,ATENÇÃO À SAÚDE DA POPULAÇÃO PARA PROCEDIMENTOS NO MAC,PR,CURITIBA,410690,1830795,2026,13792329000184,FUNDO MUNICIPAL DA SAUDE,001,037931,000000139947,MUNICIPAL,N,S,N,46212,634499265.91000009,525721581.42999989,74262181.579999998,46203
2026,https://portalfns.saude.gov.br/idg_download/repasse-faf-com-populacao-2026-acumulado-ate-julho/,https://portalfns.saude.gov.br/wp-content/uploads/2026/08/Repasse-FAF-com-POPULACAO-2026-acumulado-ate-julho.xlsx,/home/neologos/anatomia-do-gasto-sprint2/data/raw/_nacional/fns/repasses_faf_com_populacao/2026/Repasse-FAF-com-POPULACAO-2026-acumulado-ate-julho.xlsx,Manutenção Das Ações E Serviços Públicos De Saúde,VIGILÂNCIA EM SAÚDE,INCENTIVO FINANCEIRO ÀS AÇÕES DE VIGILÂNCIA E PREVENÇÃO E CONTROLE DAS DST/AIDS E HEPATITES VIRAIS,PR,CURITIBA,410690,1830795,2026,08597121000174,FUNDO ESTADUAL DE SAUDE DO PARANA - FUNSAUDE,001,037931,00000011958X,ESTADUAL,S,S,N,46212,862809.35999999987,862809.35999999987,259187936.87,46203
2026,https://portalfns.saude.gov.br/idg_download/repasse-faf-com-populacao-2026-acumulado-ate-julho/,https://portalfns.saude.gov.br/wp-content/uploads/2026/08/Repasse-FAF-com-POPULACAO-2026-acumulado-ate-julho.xlsx,/home/neologos/anatomia-do-gasto-sprint2/data/raw/_nacional/fns/repasses_faf_com_populacao/2026/Repasse-FAF-com-POPULACAO-2026-acumulado-ate-julho.xlsx,Manutenção Das Ações E Serviços Públicos De Saúde,VIGILÂNCIA EM SAÚDE,INCENTIVO FINANCEIRO ÀS AÇÕES DE VIGILÂNCIA E PREVENÇÃO E CONTROLE DAS DST/AIDS E HEPATITES VIRAIS,PR,CURITIBA,410690,1830795,2026,13792329000184,FUNDO MUNICIPAL DA SAUDE,001,037931,000000139947,MUNICIPAL,N,S,N,46212,1072890.3600000001,1072890.3600000001,74262181.579999998,46203
2026,https://portalfns.saude.gov.br/idg_download/repasse-faf-com-populacao-2026-acumulado-ate-julho/,https://portalfns.saude.gov.br/wp-content/uploads/2026/08/Repasse-FAF-com-POPULACAO-2026-acumulado-ate-julho.xlsx,/home/neologos/anatomia-do-gasto-sprint2/data/raw/_nacional/fns/repasses_faf_com_populacao/2026/Repasse-FAF-com-POPULACAO-2026-acumulado-ate-julho.xlsx,Manutenção Das Ações E Serviços Públicos De Saúde,ASSISTÊNCIA FARMACÊUTICA,COMPONENTE ESPECIALIZADO DA ASSISTÊNCIA FARMACÊUTICA,PR,CURITIBA,410690,1830795,2026,08597121000174,FUNDO ESTADUAL DE SAUDE DO PARANA - FUNSAUDE,001,037931,00000011958X,ESTADUAL,S,S,N,46210,118384656.78,118384656.78,259187936.87,46203
2026,https://portalfns.saude.gov.br/idg_download/repasse-faf-com-populacao-2026-acumulado-ate-julho/,https://portalfns.saude.gov.br/wp-content/uploads/2026/08/Repasse-FAF-com-POPULACAO-2026-acumulado-ate-julho.xlsx,/home/neologos/anatomia-do-gasto-sprint2/data/raw/_nacional/fns/repasses_faf_com_populacao/2026/Repasse-FAF-com-POPULACAO-2026-acumulado-ate-julho.xlsx,Manutenção Das Ações E Serviços Públicos De Saúde,ATENÇÃO DE MÉDIA E ALTA COMPLEXIDADE AMBULATORIAL E HOSPITALAR,EMENDA - INCREMENTO TEMPORÁRIO AO CUSTEIO DOS SERVIÇOS DE ASSISTÊNCIA HOSPITALAR E AMBULATORIAL,PR,CURITIBA,410690,1830795,2026,08597121000174,FUNDO ESTADUAL DE SAUDE DO PARANA - FUNSAUDE,001,037931,00000016965X,ESTADUAL,S,S,N,46206,967753,967753,-,-
2026,https://portalfns.saude.gov.br/idg_download/repasse-faf-com-populacao-2026-acumulado-ate-julho/,https://portalfns.saude.gov.br/wp-content/uploads/2026/08/Repasse-FAF-com-POPULACAO-2026-acumulado-ate-julho.xlsx,/home/neologos/anatomia-do-gasto-sprint2/data/raw/_nacional/fns/repasses_faf_com_populacao/2026/Repasse-FAF-com-POPULACAO-2026-acumulado-ate-julho.xlsx,Manutenção Das Ações E Serviços Públicos De Saúde,ATENÇÃO DE MÉDIA E ALTA COMPLEXIDADE AMBULATORIAL E HOSPITALAR,EMENDA - INCREMENTO TEMPORÁRIO AO CUSTEIO DOS SERVIÇOS DE ASSISTÊNCIA HOSPITALAR E AMBULATORIAL,PR,CURITIBA,410690,1830795,2026,08597121000174,FUNDO ESTADUAL DE SAUDE DO PARANA - FUNSAUDE,001,037931,000000168513,ESTADUAL,S,S,N,46206,200000,200000,-,-
2026,https://portalfns.saude.gov.br/idg_download/repasse-faf-com-populacao-2026-acumulado-ate-julho/,https://portalfns.saude.gov.br/wp-content/uploads/2026/08/Repasse-FAF-com-POPULACAO-2026-acumulado-ate-julho.xlsx,/home/neologos/anatomia-do-gasto-sprint2/data/raw/_nacional/fns/repasses_faf_com_populacao/2026/Repasse-FAF-com-POPULACAO-2026-acumulado-ate-julho.xlsx,Manutenção Das Ações E Serviços Públicos De Saúde,ATENÇÃO DE MÉDIA E ALTA COMPLEXIDADE AMBULATORIAL E HOSPITALAR,EMENDA - INCREMENTO TEMPORÁRIO AO CUSTEIO DOS SERVIÇOS DE ASSISTÊNCIA HOSPITALAR E AMBULATORIAL,PR,CURITIBA,410690,1830795,2026,08597121000174,FUNDO ESTADUAL DE SAUDE DO PARANA - FUNSAUDE,001,037931,000000169129,ESTADUAL,S,S,N,46206,1000000,1000000,-,-
2026,https://portalfns.saude.gov.br/idg_download/repasse-faf-com-populacao-2026-acumulado-ate-julho/,https://portalfns.saude.gov.br/wp-content/uploads/2026/08/Repasse-FAF-com-POPULACAO-2026-acumulado-ate-julho.xlsx,/home/neologos/anatomia-do-gasto-sprint2/data/raw/_nacional/fns/repasses_faf_com_populacao/2026/Repasse-FAF-com-POPULACAO-2026-acumulado-ate-julho.xlsx,Manutenção Das Ações E Serviços Públicos De Saúde,ATENÇÃO DE MÉDIA E ALTA COMPLEXIDADE AMBULATORIAL E HOSPITALAR,EMENDA - INCREMENTO TEMPORÁRIO AO CUSTEIO DOS SERVIÇOS DE ASSISTÊNCIA HOSPITALAR E AMBULATORIAL,PR,CURITIBA,410690,1830795,2026,08597121000174,FUNDO ESTADUAL DE SAUDE DO PARANA - FUNSAUDE,001,037931,000000169730,ESTADUAL,S,S,N,46206,1750000,1750000,-,-
2026,https://portalfns.saude.gov.br/idg_download/repasse-faf-com-populacao-2026-acumulado-ate-julho/,https://portalfns.saude.gov.br/wp-content/uploads/2026/08/Repasse-FAF-com-POPULACAO-2026-acumulado-ate-julho.xlsx,/home/neologos/anatomia-do-gasto-sprint2/data/raw/_nacional/fns/repasses_faf_com_populacao/2026/Repasse-FAF-com-POPULACAO-2026-acumulado-ate-julho.xlsx,Manutenção Das Ações E Serviços Públicos De Saúde,ATENÇÃO DE MÉDIA E ALTA COMPLEXIDADE AMBULATORIAL E HOSPITALAR,EMENDA - INCREMENTO TEMPORÁRIO AO CUSTEIO DOS SERVIÇOS DE ASSISTÊNCIA HOSPITALAR E AMBULATORIAL,PR,CURITIBA,410690,1830795,2026,08597121000174,FUNDO ESTADUAL DE SAUDE DO PARANA - FUNSAUDE,001,037931,000000169773,ESTADUAL,S,S,N,46206,500000,500000,-,-
2026,https://portalfns.saude.gov.br/idg_download/repasse-faf-com-populacao-2026-acumulado-ate-julho/,https://portalfns.saude.gov.br/wp-content/uploads/2026/08/Repasse-FAF-com-POPULACAO-2026-acumulado-ate-julho.xlsx,/home/neologos/anatomia-do-gasto-sprint2/data/raw/_nacional/fns/repasses_faf_com_populacao/2026/Repasse-FAF-com-POPULACAO-2026-acumulado-ate-julho.xlsx,Manutenção Das Ações E Serviços Públicos De Saúde,ATENÇÃO DE MÉDIA E ALTA COMPLEXIDADE AMBULATORIAL E HOSPITALAR,EMENDA - INCREMENTO TEMPORÁRIO AO CUSTEIO DOS SERVIÇOS DE ASSISTÊNCIA HOSPITALAR E AMBULATORIAL,PR,CURITIBA,410690,1830795,2026,13792329000184,FUNDO MUNICIPAL DA SAUDE,001,037931,00000016819X,MUNICIPAL,N,S,N,46206,130000,130000,-,-
2026,https://portalfns.saude.gov.br/idg_download/repasse-faf-com-populacao-2026-acumulado-ate-julho/,https://portalfns.saude.gov.br/wp-content/uploads/2026/08/Repasse-FAF-com-POPULACAO-2026-acumulado-ate-julho.xlsx,/home/neologos/anatomia-do-gasto-sprint2/data/raw/_nacional/fns/repasses_faf_com_populacao/2026/Repasse-FAF-com-POPULACAO-2026-acumulado-ate-julho.xlsx,Manutenção Das Ações E Serviços Públicos De Saúde,ATENÇÃO DE MÉDIA E ALTA COMPLEXIDADE AMBULATORIAL E HOSPITALAR,EMENDA - INCREMENTO TEMPORÁRIO AO CUSTEIO DOS SERVIÇOS DE ASSISTÊNCIA HOSPITALAR E AMBULATORIAL,PR,CURITIBA,410690,1830795,2026,13792329000184,FUNDO MUNICIPAL DA SAUDE,001,037931,00000016920X,MUNICIPAL,N,S,N,46206,300000,300000,-,-
2026,https://portalfns.saude.gov.br/idg_download/repasse-faf-com-populacao-2026-acumulado-ate-julho/,https://portalfns.saude.gov.br/wp-content/uploads/2026/08/Repasse-FAF-com-POPULACAO-2026-acumulado-ate-julho.xlsx,/home/neologos/anatomia-do-gasto-sprint2/data/raw/_nacional/fns/repasses_faf_com_populacao/2026/Repasse-FAF-com-POPULACAO-2026-acumulado-ate-julho.xlsx,Manutenção Das Ações E Serviços Públicos De Saúde,ATENÇÃO DE MÉDIA E ALTA COMPLEXIDADE AMBULATORIAL E HOSPITALAR,EMENDA - INCREMENTO TEMPORÁRIO AO CUSTEIO DOS SERVIÇOS DE ASSISTÊNCIA HOSPITALAR E AMBULATORIAL,PR,CURITIBA,410690,1830795,2026,13792329000184,FUNDO MUNICIPAL DA SAUDE,001,037931,000000168173,MUNICIPAL,N,S,N,46206,104000,104000,-,-
2026,https://portalfns.saude.gov.br/idg_download/repasse-faf-com-populacao-2026-acumulado-ate-julho/,https://portalfns.saude.gov.br/wp-content/uploads/2026/08/Repasse-FAF-com-POPULACAO-2026-acumulado-ate-julho.xlsx,/home/neologos/anatomia-do-gasto-sprint2/data/raw/_nacional/fns/repasses_faf_com_populacao/2026/Repasse-FAF-com-POPULACAO-2026-acumulado-ate-julho.xlsx,Manutenção Das Ações E Serviços Públicos De Saúde,ATENÇÃO DE MÉDIA E ALTA COMPLEXIDADE AMBULATORIAL E HOSPITALAR,EMENDA - INCREMENTO TEMPORÁRIO AO CUSTEIO DOS SERVIÇOS DE ASSISTÊNCIA HOSPITALAR E AMBULATORIAL,PR,CURITIBA,410690,1830795,2026,13792329000184,FUNDO MUNICIPAL DA SAUDE,001,037931,000000168181,MUNICIPAL,N,S,N,46206,300000,300000,-,-
2026,https://portalfns.saude.gov.br/idg_download/repasse-faf-com-populacao-2026-acumulado-ate-julho/,https://portalfns.saude.gov.br/wp-content/uploads/2026/08/Repasse-FAF-com-POPULACAO-2026-acumulado-ate-julho.xlsx,/home/neologos/anatomia-do-gasto-sprint2/data/raw/_nacional/fns/repasses_faf_com_populacao/2026/Repasse-FAF-com-POPULACAO-2026-acumulado-ate-julho.xlsx,Manutenção Das Ações E Serviços Públicos De Saúde,ATENÇÃO DE MÉDIA E ALTA COMPLEXIDADE AMBULATORIAL E HOSPITALAR,EMENDA - INCREMENTO TEMPORÁRIO AO CUSTEIO DOS SERVIÇOS DE ASSISTÊNCIA HOSPITALAR E AMBULATORIAL,PR,CURITIBA,410690,1830795,2026,13792329000184,FUNDO MUNICIPAL DA SAUDE,001,037931,000000168211,MUNICIPAL,N,S,N,46206,100000,100000,-,-
2026,https://portalfns.saude.gov.br/idg_download/repasse-faf-com-populacao-2026-acumulado-ate-julho/,https://portalfns.saude.gov.br/wp-content/uploads/2026/08/Repasse-FAF-com-POPULACAO-2026-acumulado-ate-julho.xlsx,/home/neologos/anatomia-do-gasto-sprint2/data/raw/_nacional/fns/repasses_faf_com_populacao/2026/Repasse-FAF-com-POPULACAO-2026-acumulado-ate-julho.xlsx,Manutenção Das Ações E Serviços Públicos De Saúde,ATENÇÃO DE MÉDIA E ALTA COMPLEXIDADE AMBULATORIAL E HOSPITALAR,EMENDA - INCREMENTO TEMPORÁRIO AO CUSTEIO DOS SERVIÇOS DE ASSISTÊNCIA HOSPITALAR E AMBULATORIAL,PR,CURITIBA,410690,1830795,2026,13792329000184,FUNDO MUNICIPAL DA SAUDE,001,037931,000000168378,MUNICIPAL,N,S,N,46206,350000,350000,-,-
2026,https://portalfns.saude.gov.br/idg_download/repasse-faf-com-populacao-2026-acumulado-ate-julho/,https://portalfns.saude.gov.br/wp-content/uploads/2026/08/Repasse-FAF-com-POPULACAO-2026-acumulado-ate-julho.xlsx,/home/neologos/anatomia-do-gasto-sprint2/data/raw/_nacional/fns/repasses_faf_com_populacao/2026/Repasse-FAF-com-POPULACAO-2026-acumulado-ate-julho.xlsx,Manutenção Das Ações E Serviços Públicos De Saúde,ATENÇÃO DE MÉDIA E ALTA COMPLEXIDADE AMBULATORIAL E HOSPITALAR,EMENDA - INCREMENTO TEMPORÁRIO AO CUSTEIO DOS SERVIÇOS DE ASSISTÊNCIA HOSPITALAR E AMBULATORIAL,PR,CURITIBA,410690,1830795,2026,13792329000184,FUNDO MUNICIPAL DA SAUDE,001,037931,000000168424,MUNICIPAL,N,S,N,46206,400000,400000,-,-
2026,https://portalfns.saude.gov.br/idg_download/repasse-faf-com-populacao-2026-acumulado-ate-julho/,https://portalfns.saude.gov.br/wp-content/uploads/2026/08/Repasse-FAF-com-POPULACAO-2026-acumulado-ate-julho.xlsx,/home/neologos/anatomia-do-gasto-sprint2/data/raw/_nacional/fns/repasses_faf_com_populacao/2026/Repasse-FAF-com-POPULACAO-2026-acumulado-ate-julho.xlsx,Manutenção Das Ações E Serviços Públicos De Saúde,ATENÇÃO DE MÉDIA E ALTA COMPLEXIDADE AMBULATORIAL E HOSPITALAR,EMENDA - INCREMENTO TEMPORÁRIO AO CUSTEIO DOS SERVIÇOS DE ASSISTÊNCIA HOSPITALAR E AMBULATORIAL,PR,CURITIBA,410690,1830795,2026,13792329000184,FUNDO MUNICIPAL DA SAUDE,001,037931,000000168548,MUNICIPAL,N,S,N,46206,500000,500000,-,-
2026,https://portalfns.saude.gov.br/idg_download/repasse-faf-com-populacao-2026-acumulado-ate-julho/,https://portalfns.saude.gov.br/wp-content/uploads/2026/08/Repasse-FAF-com-POPULACAO-2026-acumulado-ate-julho.xlsx,/home/neologos/anatomia-do-gasto-sprint2/data/raw/_nacional/fns/repasses_faf_com_populacao/2026/Repasse-FAF-com-POPULACAO-2026-acumulado-ate-julho.xlsx,Manutenção Das Ações E Serviços Públicos De Saúde,ATENÇÃO DE MÉDIA E ALTA COMPLEXIDADE AMBULATORIAL E HOSPITALAR,EMENDA - INCREMENTO TEMPORÁRIO AO CUSTEIO DOS SERVIÇOS DE ASSISTÊNCIA HOSPITALAR E AMBULATORIAL,PR,CURITIBA,410690,1830795,2026,13792329000184,FUNDO MUNICIPAL DA SAUDE,001,037931,000000168556,MUNICIPAL,N,S,N,46206,200000,200000,-,-
2026,https://portalfns.saude.gov.br/idg_download/repasse-faf-com-populacao-2026-acumulado-ate-julho/,https://portalfns.saude.gov.br/wp-content/uploads/2026/08/Repasse-FAF-com-POPULACAO-2026-acumulado-ate-julho.xlsx,/home/neologos/anatomia-do-gasto-sprint2/data/raw/_nacional/fns/repasses_faf_com_populacao/2026/Repasse-FAF-com-POPULACAO-2026-acumulado-ate-julho.xlsx,Manutenção Das Ações E Serviços Públicos De Saúde,ATENÇÃO DE MÉDIA E ALTA COMPLEXIDADE AMBULATORIAL E HOSPITALAR,EMENDA - INCREMENTO TEMPORÁRIO AO CUSTEIO DOS SERVIÇOS DE ASSISTÊNCIA HOSPITALAR E AMBULATORIAL,PR,CURITIBA,410690,1830795,2026,13792329000184,FUNDO MUNICIPAL DA SAUDE,001,037931,000000168564,MUNICIPAL,N,S,N,46206,170000,170000,-,-
2026,https://portalfns.saude.gov.br/idg_download/repasse-faf-com-populacao-2026-acumulado-ate-julho/,https://portalfns.saude.gov.br/wp-content/uploads/2026/08/Repasse-FAF-com-POPULACAO-2026-acumulado-ate-julho.xlsx,/home/neologos/anatomia-do-gasto-sprint2/data/raw/_nacional/fns/repasses_faf_com_populacao/2026/Repasse-FAF-com-POPULACAO-2026-acumulado-ate-julho.xlsx,Manutenção Das Ações E Serviços Públicos De Saúde,ATENÇÃO DE MÉDIA E ALTA COMPLEXIDADE AMBULATORIAL E HOSPITALAR,EMENDA - INCREMENTO TEMPORÁRIO AO CUSTEIO DOS SERVIÇOS DE ASSISTÊNCIA HOSPITALAR E AMBULATORIAL,PR,CURITIBA,410690,1830795,2026,13792329000184,FUNDO MUNICIPAL DA SAUDE,001,037931,000000168572,MUNICIPAL,N,S,N,46206,164000,164000,-,-
2026,https://portalfns.saude.gov.br/idg_download/repasse-faf-com-populacao-2026-acumulado-ate-julho/,https://portalfns.saude.gov.br/wp-content/uploads/2026/08/Repasse-FAF-com-POPULACAO-2026-acumulado-ate-julho.xlsx,/home/neologos/anatomia-do-gasto-sprint2/data/raw/_nacional/fns/repasses_faf_com_populacao/2026/Repasse-FAF-com-POPULACAO-2026-acumulado-ate-julho.xlsx,Manutenção Das Ações E Serviços Públicos De Saúde,ATENÇÃO DE MÉDIA E ALTA COMPLEXIDADE AMBULATORIAL E HOSPITALAR,EMENDA - INCREMENTO TEMPORÁRIO AO CUSTEIO DOS SERVIÇOS DE ASSISTÊNCIA HOSPITALAR E AMBULATORIAL,PR,CURITIBA,410690,1830795,2026,13792329000184,FUNDO MUNICIPAL DA SAUDE,001,037931,000000168580,MUNICIPAL,N,S,N,46206,750000,750000,-,-
2026,https://portalfns.saude.gov.br/idg_download/repasse-faf-com-populacao-2026-acumulado-ate-julho/,https://portalfns.saude.gov.br/wp-content/uploads/2026/08/Repasse-FAF-com-POPULACAO-2026-acumulado-ate-julho.xlsx,/home/neologos/anatomia-do-gasto-sprint2/data/raw/_nacional/fns/repasses_faf_com_populacao/2026/Repasse-FAF-com-POPULACAO-2026-acumulado-ate-julho.xlsx,Manutenção Das Ações E Serviços Públicos De Saúde,ATENÇÃO DE MÉDIA E ALTA COMPLEXIDADE AMBULATORIAL E HOSPITALAR,EMENDA - INCREMENTO TEMPORÁRIO AO CUSTEIO DOS SERVIÇOS DE ASSISTÊNCIA HOSPITALAR E AMBULATORIAL,PR,CURITIBA,410690,1830795,2026,13792329000184,FUNDO MUNICIPAL DA SAUDE,001,037931,000000168637,MUNICIPAL,N,S,N,46206,500000,500000,-,-
2026,https://portalfns.saude.gov.br/idg_download/repasse-faf-com-populacao-2026-acumulado-ate-julho/,https://portalfns.saude.gov.br/wp-content/uploads/2026/08/Repasse-FAF-com-POPULACAO-2026-acumulado-ate-julho.xlsx,/home/neologos/anatomia-do-gasto-sprint2/data/raw/_nacional/fns/repasses_faf_com_populacao/2026/Repasse-FAF-com-POPULACAO-2026-acumulado-ate-julho.xlsx,Manutenção Das Ações E Serviços Públicos De Saúde,ATENÇÃO DE MÉDIA E ALTA COMPLEXIDADE AMBULATORIAL E HOSPITALAR,EMENDA - INCREMENTO TEMPORÁRIO AO CUSTEIO DOS SERVIÇOS DE ASSISTÊNCIA HOSPITALAR E AMBULATORIAL,PR,CURITIBA,410690,1830795,2026,13792329000184,FUNDO MUNICIPAL DA SAUDE,001,037931,000000168645,MUNICIPAL,N,S,N,46206,250000,250000,-,-
2026,https://portalfns.saude.gov.br/idg_download/repasse-faf-com-populacao-2026-acumulado-ate-julho/,https://portalfns.saude.gov.br/wp-content/uploads/2026/08/Repasse-FAF-com-POPULACAO-2026-acumulado-ate-julho.xlsx,/home/neologos/anatomia-do-gasto-sprint2/data/raw/_nacional/fns/repasses_faf_com_populacao/2026/Repasse-FAF-com-POPULACAO-2026-acumulado-ate-julho.xlsx,Manutenção Das Ações E Serviços Públicos De Saúde,ATENÇÃO DE MÉDIA E ALTA COMPLEXIDADE AMBULATORIAL E HOSPITALAR,EMENDA - INCREMENTO TEMPORÁRIO AO CUSTEIO DOS SERVIÇOS DE ASSISTÊNCIA HOSPITALAR E AMBULATORIAL,PR,CURITIBA,410690,1830795,2026,13792329000184,FUNDO MUNICIPAL DA SAUDE,001,037931,000000169196,MUNICIPAL,N,S,N,46206,200000,200000,-,-
2026,https://portalfns.saude.gov.br/idg_download/repasse-faf-com-populacao-2026-acumulado-ate-julho/,https://portalfns.saude.gov.br/wp-content/uploads/2026/08/Repasse-FAF-com-POPULACAO-2026-acumulado-ate-julho.xlsx,/home/neologos/anatomia-do-gasto-sprint2/data/raw/_nacional/fns/repasses_faf_com_populacao/2026/Repasse-FAF-com-POPULACAO-2026-acumulado-ate-julho.xlsx,Manutenção Das Ações E Serviços Públicos De Saúde,ATENÇÃO DE MÉDIA E ALTA COMPLEXIDADE AMBULATORIAL E HOSPITALAR,EMENDA - INCREMENTO TEMPORÁRIO AO CUSTEIO DOS SERVIÇOS DE ASSISTÊNCIA HOSPITALAR E AMBULATORIAL,PR,CURITIBA,410690,1830795,2026,13792329000184,FUNDO MUNICIPAL DA SAUDE,001,037931,000000169218,MUNICIPAL,N,S,N,46206,500000,500000,-,-
2026,https://portalfns.saude.gov.br/idg_download/repasse-faf-com-populacao-2026-acumulado-ate-julho/,https://portalfns.saude.gov.br/wp-content/uploads/2026/08/Repasse-FAF-com-POPULACAO-2026-acumulado-ate-julho.xlsx,/home/neologos/anatomia-do-gasto-sprint2/data/raw/_nacional/fns/repasses_faf_com_populacao/2026/Repasse-FAF-com-POPULACAO-2026-acumulado-ate-julho.xlsx,Manutenção Das Ações E Serviços Públicos De Saúde,ATENÇÃO DE MÉDIA E ALTA COMPLEXIDADE AMBULATORIAL E HOSPITALAR,CUSTEIO DO PROGRAMA AGORA TEM ESPECIALISTAS MAC - COMPONENTE CIRÚRGICO,PR,CURITIBA,410690,1830795,2026,13792329000184,FUNDO MUNICIPAL DA SAUDE,001,037931,000000139947,MUNICIPAL,N,S,N,46205,8051318.71,8030329.96,74262181.579999998,46203
2026,https://portalfns.saude.gov.br/idg_download/repasse-faf-com-populacao-2026-acumulado-ate-julho/,https://portalfns.saude.gov.br/wp-content/uploads/2026/08/Repasse-FAF-com-POPULACAO-2026-acumulado-ate-julho.xlsx,/home/neologos/anatomia-do-gasto-sprint2/data/raw/_nacional/fns/repasses_faf_com_populacao/2026/Repasse-FAF-com-POPULACAO-2026-acumulado-ate-julho.xlsx,Manutenção Das Ações E Serviços Públicos De Saúde,ATENÇÃO DE MÉDIA E ALTA COMPLEXIDADE AMBULATORIAL E HOSPITALAR,FAEC - ALTA COMPLEXIDADE EM CARDIOLOGIA,PR,CURITIBA,410690,1830795,2026,13792329000184,FUNDO MUNICIPAL DA SAUDE,001,037931,000000139947,MUNICIPAL,N,S,N,46205,11569776.289999999,10072541.98,74262181.579999998,46203
2026,https://portalfns.saude.gov.br/idg_download/repasse-faf-com-populacao-2026-acumulado-ate-julho/,https://portalfns.saude.gov.br/wp-content/uploads/2026/08/Repasse-FAF-com-POPULACAO-2026-acumulado-ate-julho.xlsx,/home/neologos/anatomia-do-gasto-sprint2/data/raw/_nacional/fns/repasses_faf_com_populacao/2026/Repasse-FAF-com-POPULACAO-2026-acumulado-ate-julho.xlsx,Manutenção Das Ações E Serviços Públicos De Saúde,ATENÇÃO DE MÉDIA E ALTA COMPLEXIDADE AMBULATORIAL E HOSPITALAR,FAEC - ATENÇÃO ESPECIALIZADA EM SAÚDE AUDITIVA,PR,CURITIBA,410690,1830795,2026,13792329000184,FUNDO MUNICIPAL DA SAUDE,001,037931,000000139947,MUNICIPAL,N,S,N,46205,365085.28,270602.12,74262181.579999998,46203
2026,https://portalfns.saude.gov.br/idg_download/repasse-faf-com-populacao-2026-acumulado-ate-julho/,https://portalfns.saude.gov.br/wp-content/uploads/2026/08/Repasse-FAF-com-POPULACAO-2026-acumulado-ate-julho.xlsx,/home/neologos/anatomia-do-gasto-sprint2/data/raw/_nacional/fns/repasses_faf_com_populacao/2026/Repasse-FAF-com-POPULACAO-2026-acumulado-ate-julho.xlsx,Manutenção Das Ações E Serviços Públicos De Saúde,ATENÇÃO DE MÉDIA E ALTA COMPLEXIDADE AMBULATORIAL E HOSPITALAR,FAEC - CIRURGIA BARIATRICA,PR,CURITIBA,410690,1830795,2026,13792329000184,FUNDO MUNICIPAL DA SAUDE,001,037931,000000139947,MUNICIPAL,N,S,N,46205,2209964.08,1878176.56,74262181.579999998,46203
2026,https://portalfns.saude.gov.br/idg_download/repasse-faf-com-populacao-2026-acumulado-ate-julho/,https://portalfns.saude.gov.br/wp-content/uploads/2026/08/Repasse-FAF-com-POPULACAO-2026-acumulado-ate-julho.xlsx,/home/neologos/anatomia-do-gasto-sprint2/data/raw/_nacional/fns/repasses_faf_com_populacao/2026/Repasse-FAF-com-POPULACAO-2026-acumulado-ate-julho.xlsx,Manutenção Das Ações E Serviços Públicos De Saúde,ATENÇÃO DE MÉDIA E ALTA COMPLEXIDADE AMBULATORIAL E HOSPITALAR,FAEC - DIAGNÓSTICO DE TROMBOFILIA EM GESTANTE,PR,CURITIBA,410690,1830795,2026,13792329000184,FUNDO MUNICIPAL DA SAUDE,001,037931,000000139947,MUNICIPAL,N,S,N,46205,69877.5,43502.5,74262181.579999998,46203
2026,https://portalfns.saude.gov.br/idg_download/repasse-faf-com-populacao-2026-acumulado-ate-julho/,https://portalfns.saude.gov.br/wp-content/uploads/2026/08/Repasse-FAF-com-POPULACAO-2026-acumulado-ate-julho.xlsx,/home/neologos/anatomia-do-gasto-sprint2/data/raw/_nacional/fns/repasses_faf_com_populacao/2026/Repasse-FAF-com-POPULACAO-2026-acumulado-ate-julho.xlsx,Manutenção Das Ações E Serviços Públicos De Saúde,ATENÇÃO DE MÉDIA E ALTA COMPLEXIDADE AMBULATORIAL E HOSPITALAR,FAEC - DIAGNÓSTICO/TRATAMENTO EM ONCOLOGIA,PR,CURITIBA,410690,1830795,2026,13792329000184,FUNDO MUNICIPAL DA SAUDE,001,037931,000000139947,MUNICIPAL,N,S,N,46205,5640481.4700000007,4774822.17,74262181.579999998,46203
2026,https://portalfns.saude.gov.br/idg_download/repasse-faf-com-populacao-2026-acumulado-ate-julho/,https://portalfns.saude.gov.br/wp-content/uploads/2026/08/Repasse-FAF-com-POPULACAO-2026-acumulado-ate-julho.xlsx,/home/neologos/anatomia-do-gasto-sprint2/data/raw/_nacional/fns/repasses_faf_com_populacao/2026/Repasse-FAF-com-POPULACAO-2026-acumulado-ate-julho.xlsx,Manutenção Das Ações E Serviços Públicos De Saúde,ATENÇÃO DE MÉDIA E ALTA COMPLEXIDADE AMBULATORIAL E HOSPITALAR,FAEC - DOENÇAS RARAS,PR,CURITIBA,410690,1830795,2026,13792329000184,FUNDO MUNICIPAL DA SAUDE,001,037931,000000139947,MUNICIPAL,N,S,N,46205,2297810,2196060,74262181.579999998,46203
2026,https://portalfns.saude.gov.br/idg_download/repasse-faf-com-populacao-2026-acumulado-ate-julho/,https://portalfns.saude.gov.br/wp-content/uploads/2026/08/Repasse-FAF-com-POPULACAO-2026-acumulado-ate-julho.xlsx,/home/neologos/anatomia-do-gasto-sprint2/data/raw/_nacional/fns/repasses_faf_com_populacao/2026/Repasse-FAF-com-POPULACAO-2026-acumulado-ate-julho.xlsx,Manutenção Das Ações E Serviços Públicos De Saúde,ATENÇÃO DE MÉDIA E ALTA COMPLEXIDADE AMBULATORIAL E HOSPITALAR,FAEC - EXAMES SOROLÓGICOS E IMUNOLÓGICOS,PR,CURITIBA,410690,1830795,2026,13792329000184,FUNDO MUNICIPAL DA SAUDE,001,037931,000000139947,MUNICIPAL,N,S,N,46205,2197.86,0,74262181.579999998,46203
2026,https://portalfns.saude.gov.br/idg_download/repasse-faf-com-populacao-2026-acumulado-ate-julho/,https://portalfns.saude.gov.br/wp-content/uploads/2026/08/Repasse-FAF-com-POPULACAO-2026-acumulado-ate-julho.xlsx,/home/neologos/anatomia-do-gasto-sprint2/data/raw/_nacional/fns/repasses_faf_com_populacao/2026/Repasse-FAF-com-POPULACAO-2026-acumulado-ate-julho.xlsx,Manutenção Das Ações E Serviços Públicos De Saúde,ATENÇÃO DE MÉDIA E ALTA COMPLEXIDADE AMBULATORIAL E HOSPITALAR,FAEC - HEMODINÂMICA EM ATENDIMENTO DE URGÊNCIA,PR,CURITIBA,410690,1830795,2026,13792329000184,FUNDO MUNICIPAL DA SAUDE,001,037931,000000139947,MUNICIPAL,N,S,N,46205,3783227.27,3594036.94,74262181.579999998,46203
2026,https://portalfns.saude.gov.br/idg_download/repasse-faf-com-populacao-2026-acumulado-ate-julho/,https://portalfns.saude.gov.br/wp-content/uploads/2026/08/Repasse-FAF-com-POPULACAO-2026-acumulado-ate-julho.xlsx,/home/neologos/anatomia-do-gasto-sprint2/data/raw/_nacional/fns/repasses_faf_com_populacao/2026/Repasse-FAF-com-POPULACAO-2026-acumulado-ate-julho.xlsx,Manutenção Das Ações E Serviços Públicos De Saúde,ATENÇÃO DE MÉDIA E ALTA COMPLEXIDADE AMBULATORIAL E HOSPITALAR,FAEC - NEFROLOGIA,PR,CURITIBA,410690,1830795,2026,13792329000184,FUNDO MUNICIPAL DA SAUDE,001,037931,000000139947,MUNICIPAL,N,S,N,46205,23660525.550000001,22171895.73,74262181.579999998,46203
2026,https://portalfns.saude.gov.br/idg_download/repasse-faf-com-populacao-2026-acumulado-ate-julho/,https://portalfns.saude.gov.br/wp-content/uploads/2026/08/Repasse-FAF-com-POPULACAO-2026-acumulado-ate-julho.xlsx,/home/neologos/anatomia-do-gasto-sprint2/data/raw/_nacional/fns/repasses_faf_com_populacao/2026/Repasse-FAF-com-POPULACAO-2026-acumulado-ate-julho.xlsx,Manutenção Das Ações E Serviços Públicos De Saúde,ATENÇÃO DE MÉDIA E ALTA COMPLEXIDADE AMBULATORIAL E HOSPITALAR,FAEC - NEUROCIRURGIAS,PR,CURITIBA,410690,1830795,2026,13792329000184,FUNDO MUNICIPAL DA SAUDE,001,037931,000000139947,MUNICIPAL,N,S,N,46205,403574.85999999993,0,74262181.579999998,46203
2026,https://portalfns.saude.gov.br/idg_download/repasse-faf-com-populacao-2026-acumulado-ate-julho/,https://portalfns.saude.gov.br/wp-content/uploads/2026/08/Repasse-FAF-com-POPULACAO-2026-acumulado-ate-julho.xlsx,/home/neologos/anatomia-do-gasto-sprint2/data/raw/_nacional/fns/repasses_faf_com_populacao/2026/Repasse-FAF-com-POPULACAO-2026-acumulado-ate-julho.xlsx,Manutenção Das Ações E Serviços Públicos De Saúde,ATENÇÃO DE MÉDIA E ALTA COMPLEXIDADE AMBULATORIAL E HOSPITALAR,FAEC - RADIOTERAPIA,PR,CURITIBA,410690,1830795,2026,13792329000184,FUNDO MUNICIPAL DA SAUDE,001,037931,000000139947,MUNICIPAL,N,S,N,46205,5407981.3700000001,5235054.0699999994,74262181.579999998,46203
2026,https://portalfns.saude.gov.br/idg_download/repasse-faf-com-populacao-2026-acumulado-ate-julho/,https://portalfns.saude.gov.br/wp-content/uploads/2026/08/Repasse-FAF-com-POPULACAO-2026-acumulado-ate-julho.xlsx,/home/neologos/anatomia-do-gasto-sprint2/data/raw/_nacional/fns/repasses_faf_com_populacao/2026/Repasse-FAF-com-POPULACAO-2026-acumulado-ate-julho.xlsx,Manutenção Das Ações E Serviços Públicos De Saúde,ATENÇÃO DE MÉDIA E ALTA COMPLEXIDADE AMBULATORIAL E HOSPITALAR,FAEC - TERAPIAS ESPECIALIZADAS EM ANGIOLOGIA,PR,CURITIBA,410690,1830795,2026,13792329000184,FUNDO MUNICIPAL DA SAUDE,001,037931,000000139947,MUNICIPAL,N,S,N,46205,992406.22,984411.46,74262181.579999998,46203
2026,https://portalfns.saude.gov.br/idg_download/repasse-faf-com-populacao-2026-acumulado-ate-julho/,https://portalfns.saude.gov.br/wp-content/uploads/2026/08/Repasse-FAF-com-POPULACAO-2026-acumulado-ate-julho.xlsx,/home/neologos/anatomia-do-gasto-sprint2/data/raw/_nacional/fns/repasses_faf_com_populacao/2026/Repasse-FAF-com-POPULACAO-2026-acumulado-ate-julho.xlsx,Manutenção Das Ações E Serviços Públicos De Saúde,ATENÇÃO DE MÉDIA E ALTA COMPLEXIDADE AMBULATORIAL E HOSPITALAR,"FAEC - TRANSPLANTES DE ORGÃOS, TECIDOS E CELULAS",PR,CURITIBA,410690,1830795,2026,13792329000184,FUNDO MUNICIPAL DA SAUDE,001,037931,000000139947,MUNICIPAL,N,S,N,46205,44314067.590000004,36868226.289999999,74262181.579999998,46203
2026,https://portalfns.saude.gov.br/idg_download/repasse-faf-com-populacao-2026-acumulado-ate-julho/,https://portalfns.saude.gov.br/wp-content/uploads/2026/08/Repasse-FAF-com-POPULACAO-2026-acumulado-ate-julho.xlsx,/home/neologos/anatomia-do-gasto-sprint2/data/raw/_nacional/fns/repasses_faf_com_populacao/2026/Repasse-FAF-com-POPULACAO-2026-acumulado-ate-julho.xlsx,Manutenção Das Ações E Serviços Públicos De Saúde,ATENÇÃO DE MÉDIA E ALTA COMPLEXIDADE AMBULATORIAL E HOSPITALAR,FAEC - TRATAMENTO DE DOENÇA MACULAR,PR,CURITIBA,410690,1830795,2026,13792329000184,FUNDO MUNICIPAL DA SAUDE,001,037931,000000139947,MUNICIPAL,N,S,N,46205,2887331.44,2565301.2799999998,74262181.579999998,46203
2026,https://portalfns.saude.gov.br/idg_download/repasse-faf-com-populacao-2026-acumulado-ate-julho/,https://portalfns.saude.gov.br/wp-content/uploads/2026/08/Repasse-FAF-com-POPULACAO-2026-acumulado-ate-julho.xlsx,/home/neologos/anatomia-do-gasto-sprint2/data/raw/_nacional/fns/repasses_faf_com_populacao/2026/Repasse-FAF-com-POPULACAO-2026-acumulado-ate-julho.xlsx,Manutenção Das Ações E Serviços Públicos De Saúde,GESTÃO DO SUS,"ASSISTÊNCIA FINANCEIRA COMPLEMENTAR AOS ESTADOS, DF E MUNICÍPIOS P/ O PAG DO PISO SALARIAL DOS PROFISSIONAIS DA ENFERMAGEM",PR,CURITIBA,410690,1830795,2026,08597121000174,FUNDO ESTADUAL DE SAUDE DO PARANA - FUNSAUDE,001,037931,000000143529,ESTADUAL,S,S,N,46205,97141643.839999989,97141643.839999989,5248469.3,46203
2026,https://portalfns.saude.gov.br/idg_download/repasse-faf-com-populacao-2026-acumulado-ate-julho/,https://portalfns.saude.gov.br/wp-content/uploads/2026/08/Repasse-FAF-com-POPULACAO-2026-acumulado-ate-julho.xlsx,/home/neologos/anatomia-do-gasto-sprint2/data/raw/_nacional/fns/repasses_faf_com_populacao/2026/Repasse-FAF-com-POPULACAO-2026-acumulado-ate-julho.xlsx,Manutenção Das Ações E Serviços Públicos De Saúde,GESTÃO DO SUS,"ASSISTÊNCIA FINANCEIRA COMPLEMENTAR AOS ESTADOS, DF E MUNICÍPIOS P/ O PAG DO PISO SALARIAL DOS PROFISSIONAIS DA ENFERMAGEM",PR,CURITIBA,410690,1830795,2026,13792329000184,FUNDO MUNICIPAL DA SAUDE,001,037931,000000143537,MUNICIPAL,N,S,N,46205,12852464.73,12852464.73,4236627.24,46203
2026,https://portalfns.saude.gov.br/idg_download/repasse-faf-com-populacao-2026-acumulado-ate-julho/,https://portalfns.saude.gov.br/wp-content/uploads/2026/08/Repasse-FAF-com-POPULACAO-2026-acumulado-ate-julho.xlsx,/home/neologos/anatomia-do-gasto-sprint2/data/raw/_nacional/fns/repasses_faf_com_populacao/2026/Repasse-FAF-com-POPULACAO-2026-acumulado-ate-julho.xlsx,Manutenção Das Ações E Serviços Públicos De Saúde,ATENÇÃO DE MÉDIA E ALTA COMPLEXIDADE AMBULATORIAL E HOSPITALAR,EMENDA - INCREMENTO TEMPORÁRIO AO CUSTEIO DOS SERVIÇOS DE ASSISTÊNCIA HOSPITALAR E AMBULATORIAL,PR,CURITIBA,410690,1830795,2026,08597121000174,FUNDO ESTADUAL DE SAUDE DO PARANA - FUNSAUDE,001,037931,00000016853X,ESTADUAL,S,S,N,46202,138312,138312,-,-
2026,https://portalfns.saude.gov.br/idg_download/repasse-faf-com-populacao-2026-acumulado-ate-julho/,https://portalfns.saude.gov.br/wp-content/uploads/2026/08/Repasse-FAF-com-POPULACAO-2026-acumulado-ate-julho.xlsx,/home/neologos/anatomia-do-gasto-sprint2/data/raw/_nacional/fns/repasses_faf_com_populacao/2026/Repasse-FAF-com-POPULACAO-2026-acumulado-ate-julho.xlsx,Manutenção Das Ações E Serviços Públicos De Saúde,ATENÇÃO DE MÉDIA E ALTA COMPLEXIDADE AMBULATORIAL E HOSPITALAR,EMENDA - INCREMENTO TEMPORÁRIO AO CUSTEIO DOS SERVIÇOS DE ASSISTÊNCIA HOSPITALAR E AMBULATORIAL,PR,CURITIBA,410690,1830795,2026,08597121000174,FUNDO ESTADUAL DE SAUDE DO PARANA - FUNSAUDE,001,037931,000000165123,ESTADUAL,S,S,N,46202,200000,200000,-,-
2026,https://portalfns.saude.gov.br/idg_download/repasse-faf-com-populacao-2026-acumulado-ate-julho/,https://portalfns.saude.gov.br/wp-content/uploads/2026/08/Repasse-FAF-com-POPULACAO-2026-acumulado-ate-julho.xlsx,/home/neologos/anatomia-do-gasto-sprint2/data/raw/_nacional/fns/repasses_faf_com_populacao/2026/Repasse-FAF-com-POPULACAO-2026-acumulado-ate-julho.xlsx,Manutenção Das Ações E Serviços Públicos De Saúde,ATENÇÃO DE MÉDIA E ALTA COMPLEXIDADE AMBULATORIAL E HOSPITALAR,EMENDA - INCREMENTO TEMPORÁRIO AO CUSTEIO DOS SERVIÇOS DE ASSISTÊNCIA HOSPITALAR E AMBULATORIAL,PR,CURITIBA,410690,1830795,2026,08597121000174,FUNDO ESTADUAL DE SAUDE DO PARANA - FUNSAUDE,001,037931,000000165832,ESTADUAL,S,S,N,46202,200000,200000,-,-
2026,https://portalfns.saude.gov.br/idg_download/repasse-faf-com-populacao-2026-acumulado-ate-julho/,https://portalfns.saude.gov.br/wp-content/uploads/2026/08/Repasse-FAF-com-POPULACAO-2026-acumulado-ate-julho.xlsx,/home/neologos/anatomia-do-gasto-sprint2/data/raw/_nacional/fns/repasses_faf_com_populacao/2026/Repasse-FAF-com-POPULACAO-2026-acumulado-ate-julho.xlsx,Manutenção Das Ações E Serviços Públicos De Saúde,ATENÇÃO DE MÉDIA E ALTA COMPLEXIDADE AMBULATORIAL E HOSPITALAR,EMENDA - INCREMENTO TEMPORÁRIO AO CUSTEIO DOS SERVIÇOS DE ASSISTÊNCIA HOSPITALAR E AMBULATORIAL,PR,CURITIBA,410690,1830795,2026,08597121000174,FUNDO ESTADUAL DE SAUDE DO PARANA - FUNSAUDE,001,037931,000000168521,ESTADUAL,S,S,N,46202,45392,45392,-,-
2026,https://portalfns.saude.gov.br/idg_download/repasse-faf-com-populacao-2026-acumulado-ate-julho/,https://portalfns.saude.gov.br/wp-content/uploads/2026/08/Repasse-FAF-com-POPULACAO-2026-acumulado-ate-julho.xlsx,/home/neologos/anatomia-do-gasto-sprint2/data/raw/_nacional/fns/repasses_faf_com_populacao/2026/Repasse-FAF-com-POPULACAO-2026-acumulado-ate-julho.xlsx,Manutenção Das Ações E Serviços Públicos De Saúde,ATENÇÃO DE MÉDIA E ALTA COMPLEXIDADE AMBULATORIAL E HOSPITALAR,EMENDA - INCREMENTO TEMPORÁRIO AO CUSTEIO DOS SERVIÇOS DE ASSISTÊNCIA HOSPITALAR E AMBULATORIAL,PR,CURITIBA,410690,1830795,2026,08597121000174,FUNDO ESTADUAL DE SAUDE DO PARANA - FUNSAUDE,001,037931,000000168629,ESTADUAL,S,S,N,46202,150000,150000,-,-
2026,https://portalfns.saude.gov.br/idg_download/repasse-faf-com-populacao-2026-acumulado-ate-julho/,https://portalfns.saude.gov.br/wp-content/uploads/2026/08/Repasse-FAF-com-POPULACAO-2026-acumulado-ate-julho.xlsx,/home/neologos/anatomia-do-gasto-sprint2/data/raw/_nacional/fns/repasses_faf_com_populacao/2026/Repasse-FAF-com-POPULACAO-2026-acumulado-ate-julho.xlsx,Manutenção Das Ações E Serviços Públicos De Saúde,ATENÇÃO DE MÉDIA E ALTA COMPLEXIDADE AMBULATORIAL E HOSPITALAR,FAEC - ALTA COMPLEXIDADE EM CARDIOLOGIA,PR,CURITIBA,410690,1830795,2026,08597121000174,FUNDO ESTADUAL DE SAUDE DO PARANA - FUNSAUDE,001,037931,00000011958X,ESTADUAL,S,S,N,46202,46703104.809999987,46703104.809999987,259187936.87,46203
2026,https://portalfns.saude.gov.br/idg_download/repasse-faf-com-populacao-2026-acumulado-ate-julho/,https://portalfns.saude.gov.br/wp-content/uploads/2026/08/Repasse-FAF-com-POPULACAO-2026-acumulado-ate-julho.xlsx,/home/neologos/anatomia-do-gasto-sprint2/data/raw/_nacional/fns/repasses_faf_com_populacao/2026/Repasse-FAF-com-POPULACAO-2026-acumulado-ate-julho.xlsx,Manutenção Das Ações E Serviços Públicos De Saúde,ATENÇÃO DE MÉDIA E ALTA COMPLEXIDADE AMBULATORIAL E HOSPITALAR,FAEC - ATENÇÃO ESPECIALIZADA EM SAÚDE AUDITIVA,PR,CURITIBA,410690,1830795,2026,08597121000174,FUNDO ESTADUAL DE SAUDE DO PARANA - FUNSAUDE,001,037931,00000011958X,ESTADUAL,S,S,N,46202,831294.33,831294.33,259187936.87,46203
2026,https://portalfns.saude.gov.br/idg_download/repasse-faf-com-populacao-2026-acumulado-ate-julho/,https://portalfns.saude.gov.br/wp-content/uploads/2026/08/Repasse-FAF-com-POPULACAO-2026-acumulado-ate-julho.xlsx,/home/neologos/anatomia-do-gasto-sprint2/data/raw/_nacional/fns/repasses_faf_com_populacao/2026/Repasse-FAF-com-POPULACAO-2026-acumulado-ate-julho.xlsx,Manutenção Das Ações E Serviços Públicos De Saúde,ATENÇÃO DE MÉDIA E ALTA COMPLEXIDADE AMBULATORIAL E HOSPITALAR,FAEC - CADEIRAS DE RODAS,PR,CURITIBA,410690,1830795,2026,08597121000174,FUNDO ESTADUAL DE SAUDE DO PARANA - FUNSAUDE,001,037931,00000011958X,ESTADUAL,S,S,N,46202,2929908.8,2929908.8,259187936.87,46203
2026,https://portalfns.saude.gov.br/idg_download/repasse-faf-com-populacao-2026-acumulado-ate-julho/,https://portalfns.saude.gov.br/wp-content/uploads/2026/08/Repasse-FAF-com-POPULACAO-2026-acumulado-ate-julho.xlsx,/home/neologos/anatomia-do-gasto-sprint2/data/raw/_nacional/fns/repasses_faf_com_populacao/2026/Repasse-FAF-com-POPULACAO-2026-acumulado-ate-julho.xlsx,Manutenção Das Ações E Serviços Públicos De Saúde,ATENÇÃO DE MÉDIA E ALTA COMPLEXIDADE AMBULATORIAL E HOSPITALAR,FAEC - CADEIRAS DE RODAS,PR,CURITIBA,410690,1830795,2026,13792329000184,FUNDO MUNICIPAL DA SAUDE,001,037931,000000139947,MUNICIPAL,N,S,N,46202,62389.69,62389.69,74262181.579999998,46203
2026,https://portalfns.saude.gov.br/idg_download/repasse-faf-com-populacao-2026-acumulado-ate-julho/,https://portalfns.saude.gov.br/wp-content/uploads/2026/08/Repasse-FAF-com-POPULACAO-2026-acumulado-ate-julho.xlsx,/home/neologos/anatomia-do-gasto-sprint2/data/raw/_nacional/fns/repasses_faf_com_populacao/2026/Repasse-FAF-com-POPULACAO-2026-acumulado-ate-julho.xlsx,Manutenção Das Ações E Serviços Públicos De Saúde,ATENÇÃO DE MÉDIA E ALTA COMPLEXIDADE AMBULATORIAL E HOSPITALAR,FAEC - CENTRAL NACIONAL DE REGULAÇÃO DE ALTA COMPLEXIDADE,PR,CURITIBA,410690,1830795,2026,08597121000174,FUNDO ESTADUAL DE SAUDE DO PARANA - FUNSAUDE,001,037931,00000011958X,ESTADUAL,S,S,N,46202,528654.57000000007,528654.57000000007,259187936.87,46203
2026,https://portalfns.saude.gov.br/idg_download/repasse-faf-com-populacao-2026-acumulado-ate-julho/,https://portalfns.saude.gov.br/wp-content/uploads/2026/08/Repasse-FAF-com-POPULACAO-2026-acumulado-ate-julho.xlsx,/home/neologos/anatomia-do-gasto-sprint2/data/raw/_nacional/fns/repasses_faf_com_populacao/2026/Repasse-FAF-com-POPULACAO-2026-acumulado-ate-julho.xlsx,Manutenção Das Ações E Serviços Públicos De Saúde,ATENÇÃO DE MÉDIA E ALTA COMPLEXIDADE AMBULATORIAL E HOSPITALAR,FAEC - CIRURGIA BARIATRICA,PR,CURITIBA,410690,1830795,2026,08597121000174,FUNDO ESTADUAL DE SAUDE DO PARANA - FUNSAUDE,001,037931,00000011958X,ESTADUAL,S,S,N,46202,2761949.78,2761949.78,259187936.87,46203
2026,https://portalfns.saude.gov.br/idg_download/repasse-faf-com-populacao-2026-acumulado-ate-julho/,https://portalfns.saude.gov.br/wp-content/uploads/2026/08/Repasse-FAF-com-POPULACAO-2026-acumulado-ate-julho.xlsx,/home/neologos/anatomia-do-gasto-sprint2/data/raw/_nacional/fns/repasses_faf_com_populacao/2026/Repasse-FAF-com-POPULACAO-2026-acumulado-ate-julho.xlsx,Manutenção Das Ações E Serviços Públicos De Saúde,ATENÇÃO DE MÉDIA E ALTA COMPLEXIDADE AMBULATORIAL E HOSPITALAR,FAEC - CIRURGIA CARDÍACA PEDIÁTRICA,PR,CURITIBA,410690,1830795,2026,08597121000174,FUNDO ESTADUAL DE SAUDE DO PARANA - FUNSAUDE,001,037931,00000011958X,ESTADUAL,S,S,N,46202,544639.29,544639.29,259187936.87,46203
2026,https://portalfns.saude.gov.br/idg_download/repasse-faf-com-populacao-2026-acumulado-ate-julho/,https://portalfns.saude.gov.br/wp-content/uploads/2026/08/Repasse-FAF-com-POPULACAO-2026-acumulado-ate-julho.xlsx,/home/neologos/anatomia-do-gasto-sprint2/data/raw/_nacional/fns/repasses_faf_com_populacao/2026/Repasse-FAF-com-POPULACAO-2026-acumulado-ate-julho.xlsx,Manutenção Das Ações E Serviços Públicos De Saúde,ATENÇÃO DE MÉDIA E ALTA COMPLEXIDADE AMBULATORIAL E HOSPITALAR,FAEC - CIRURGIA CARDÍACA PEDIÁTRICA,PR,CURITIBA,410690,1830795,2026,13792329000184,FUNDO MUNICIPAL DA SAUDE,001,037931,000000139947,MUNICIPAL,N,S,N,46202,2900352.37,2806108.27,74262181.579999998,46203
2026,https://portalfns.saude.gov.br/idg_download/repasse-faf-com-populacao-2026-acumulado-ate-julho/,https://portalfns.saude.gov.br/wp-content/uploads/2026/08/Repasse-FAF-com-POPULACAO-2026-acumulado-ate-julho.xlsx,/home/neologos/anatomia-do-gasto-sprint2/data/raw/_nacional/fns/repasses_faf_com_populacao/2026/Repasse-FAF-com-POPULACAO-2026-acumulado-ate-julho.xlsx,Manutenção Das Ações E Serviços Públicos De Saúde,ATENÇÃO DE MÉDIA E ALTA COMPLEXIDADE AMBULATORIAL E HOSPITALAR,FAEC - DIAGNÓSTICO DE TROMBOFILIA EM GESTANTE,PR,CURITIBA,410690,1830795,2026,08597121000174,FUNDO ESTADUAL DE SAUDE DO PARANA - FUNSAUDE,001,037931,00000011958X,ESTADUAL,S,S,N,46202,24986.25,24986.25,259187936.87,46203
2026,https://portalfns.saude.gov.br/idg_download/repasse-faf-com-populacao-2026-acumulado-ate-julho/,https://portalfns.saude.gov.br/wp-content/uploads/2026/08/Repasse-FAF-com-POPULACAO-2026-acumulado-ate-julho.xlsx,/home/neologos/anatomia-do-gasto-sprint2/data/raw/_nacional/fns/repasses_faf_com_populacao/2026/Repasse-FAF-com-POPULACAO-2026-acumulado-ate-julho.xlsx,Manutenção Das Ações E Serviços Públicos De Saúde,ATENÇÃO DE MÉDIA E ALTA COMPLEXIDADE AMBULATORIAL E HOSPITALAR,FAEC - DIAGNÓSTICO/TRATAMENTO EM ONCOLOGIA,PR,CURITIBA,410690,1830795,2026,08597121000174,FUNDO ESTADUAL DE SAUDE DO PARANA - FUNSAUDE,001,037931,00000011958X,ESTADUAL,S,S,N,46202,6057784.1900000004,6057784.1900000004,259187936.87,46203
2026,https://portalfns.saude.gov.br/idg_download/repasse-faf-com-populacao-2026-acumulado-ate-julho/,https://portalfns.saude.gov.br/wp-content/uploads/2026/08/Repasse-FAF-com-POPULACAO-2026-acumulado-ate-julho.xlsx,/home/neologos/anatomia-do-gasto-sprint2/data/raw/_nacional/fns/repasses_faf_com_populacao/2026/Repasse-FAF-com-POPULACAO-2026-acumulado-ate-julho.xlsx,Manutenção Das Ações E Serviços Públicos De Saúde,ATENÇÃO DE MÉDIA E ALTA COMPLEXIDADE AMBULATORIAL E HOSPITALAR,FAEC - EXAMES SOROLÓGICOS E IMUNOLÓGICOS,PR,CURITIBA,410690,1830795,2026,08597121000174,FUNDO ESTADUAL DE SAUDE DO PARANA - FUNSAUDE,001,037931,00000011958X,ESTADUAL,S,S,N,46202,86.2,86.2,259187936.87,46203
2026,https://portalfns.saude.gov.br/idg_download/repasse-faf-com-populacao-2026-acumulado-ate-julho/,https://portalfns.saude.gov.br/wp-content/uploads/2026/08/Repasse-FAF-com-POPULACAO-2026-acumulado-ate-julho.xlsx,/home/neologos/anatomia-do-gasto-sprint2/data/raw/_nacional/fns/repasses_faf_com_populacao/2026/Repasse-FAF-com-POPULACAO-2026-acumulado-ate-julho.xlsx,Manutenção Das Ações E Serviços Públicos De Saúde,ATENÇÃO DE MÉDIA E ALTA COMPLEXIDADE AMBULATORIAL E HOSPITALAR,FAEC - HEMODINÂMICA EM ATENDIMENTO DE URGÊNCIA,PR,CURITIBA,410690,1830795,2026,08597121000174,FUNDO ESTADUAL DE SAUDE DO PARANA - FUNSAUDE,001,037931,00000011958X,ESTADUAL,S,S,N,46202,9874956.2399999984,9874956.2399999984,259187936.87,46203
2026,https://portalfns.saude.gov.br/idg_download/repasse-faf-com-populacao-2026-acumulado-ate-julho/,https://portalfns.saude.gov.br/wp-content/uploads/2026/08/Repasse-FAF-com-POPULACAO-2026-acumulado-ate-julho.xlsx,/home/neologos/anatomia-do-gasto-sprint2/data/raw/_nacional/fns/repasses_faf_com_populacao/2026/Repasse-FAF-com-POPULACAO-2026-acumulado-ate-julho.xlsx,Manutenção Das Ações E Serviços Públicos De Saúde,ATENÇÃO DE MÉDIA E ALTA COMPLEXIDADE AMBULATORIAL E HOSPITALAR,FAEC - NEFROLOGIA,PR,CURITIBA,410690,1830795,2026,08597121000174,FUNDO ESTADUAL DE SAUDE DO PARANA - FUNSAUDE,001,037931,00000011958X,ESTADUAL,S,S,N,46202,61431820.159999996,61431820.159999996,259187936.87,46203
2026,https://portalfns.saude.gov.br/idg_download/repasse-faf-com-populacao-2026-acumulado-ate-julho/,https://portalfns.saude.gov.br/wp-content/uploads/2026/08/Repasse-FAF-com-POPULACAO-2026-acumulado-ate-julho.xlsx,/home/neologos/anatomia-do-gasto-sprint2/data/raw/_nacional/fns/repasses_faf_com_populacao/2026/Repasse-FAF-com-POPULACAO-2026-acumulado-ate-julho.xlsx,Manutenção Das Ações E Serviços Públicos De Saúde,ATENÇÃO DE MÉDIA E ALTA COMPLEXIDADE AMBULATORIAL E HOSPITALAR,FAEC - NEUROCIRURGIAS,PR,CURITIBA,410690,1830795,2026,08597121000174,FUNDO ESTADUAL DE SAUDE DO PARANA - FUNSAUDE,001,037931,00000011958X,ESTADUAL,S,S,N,46202,578330.96000000008,578330.96000000008,259187936.87,46203
2026,https://portalfns.saude.gov.br/idg_download/repasse-faf-com-populacao-2026-acumulado-ate-julho/,https://portalfns.saude.gov.br/wp-content/uploads/2026/08/Repasse-FAF-com-POPULACAO-2026-acumulado-ate-julho.xlsx,/home/neologos/anatomia-do-gasto-sprint2/data/raw/_nacional/fns/repasses_faf_com_populacao/2026/Repasse-FAF-com-POPULACAO-2026-acumulado-ate-julho.xlsx,Manutenção Das Ações E Serviços Públicos De Saúde,ATENÇÃO DE MÉDIA E ALTA COMPLEXIDADE AMBULATORIAL E HOSPITALAR,FAEC - PRÉ-CIRÚRGICO EM CIRURGIAS PRIORITÁRIAS,PR,CURITIBA,410690,1830795,2026,08597121000174,FUNDO ESTADUAL DE SAUDE DO PARANA - FUNSAUDE,001,037931,00000011958X,ESTADUAL,S,S,N,46202,1102043.32,1102043.32,259187936.87,46203
2026,https://portalfns.saude.gov.br/idg_download/repasse-faf-com-populacao-2026-acumulado-ate-julho/,https://portalfns.saude.gov.br/wp-content/uploads/2026/08/Repasse-FAF-com-POPULACAO-2026-acumulado-ate-julho.xlsx,/home/neologos/anatomia-do-gasto-sprint2/data/raw/_nacional/fns/repasses_faf_com_populacao/2026/Repasse-FAF-com-POPULACAO-2026-acumulado-ate-julho.xlsx,Manutenção Das Ações E Serviços Públicos De Saúde,ATENÇÃO DE MÉDIA E ALTA COMPLEXIDADE AMBULATORIAL E HOSPITALAR,FAEC - PRÉ-CIRÚRGICO EM CIRURGIAS PRIORITÁRIAS,PR,CURITIBA,410690,1830795,2026,13792329000184,FUNDO MUNICIPAL DA SAUDE,001,037931,000000139947,MUNICIPAL,N,S,N,46202,67600.509999999995,67600.509999999995,74262181.579999998,46203
2026,https://portalfns.saude.gov.br/idg_download/repasse-faf-com-populacao-2026-acumulado-ate-julho/,https://portalfns.saude.gov.br/wp-content/uploads/2026/08/Repasse-FAF-com-POPULACAO-2026-acumulado-ate-julho.xlsx,/home/neologos/anatomia-do-gasto-sprint2/data/raw/_nacional/fns/repasses_faf_com_populacao/2026/Repasse-FAF-com-POPULACAO-2026-acumulado-ate-julho.xlsx,Manutenção Das Ações E Serviços Públicos De Saúde,ATENÇÃO DE MÉDIA E ALTA COMPLEXIDADE AMBULATORIAL E HOSPITALAR,FAEC - RADIOTERAPIA,PR,CURITIBA,410690,1830795,2026,08597121000174,FUNDO ESTADUAL DE SAUDE DO PARANA - FUNSAUDE,001,037931,00000011958X,ESTADUAL,S,S,N,46202,12512198.720000001,12512198.720000001,259187936.87,46203
2026,https://portalfns.saude.gov.br/idg_download/repasse-faf-com-populacao-2026-acumulado-ate-julho/,https://portalfns.saude.gov.br/wp-content/uploads/2026/08/Repasse-FAF-com-POPULACAO-2026-acumulado-ate-julho.xlsx,/home/neologos/anatomia-do-gasto-sprint2/data/raw/_nacional/fns/repasses_faf_com_populacao/2026/Repasse-FAF-com-POPULACAO-2026-acumulado-ate-julho.xlsx,Manutenção Das Ações E Serviços Públicos De Saúde,ATENÇÃO DE MÉDIA E ALTA COMPLEXIDADE AMBULATORIAL E HOSPITALAR,FAEC - REABILITAÇÃO PÓS-COVID-19,PR,CURITIBA,410690,1830795,2026,08597121000174,FUNDO ESTADUAL DE SAUDE DO PARANA - FUNSAUDE,001,037931,00000011958X,ESTADUAL,S,S,N,46202,3210.12,3210.12,259187936.87,46203
2026,https://portalfns.saude.gov.br/idg_download/repasse-faf-com-populacao-2026-acumulado-ate-julho/,https://portalfns.saude.gov.br/wp-content/uploads/2026/08/Repasse-FAF-com-POPULACAO-2026-acumulado-ate-julho.xlsx,/home/neologos/anatomia-do-gasto-sprint2/data/raw/_nacional/fns/repasses_faf_com_populacao/2026/Repasse-FAF-com-POPULACAO-2026-acumulado-ate-julho.xlsx,Manutenção Das Ações E Serviços Públicos De Saúde,ATENÇÃO DE MÉDIA E ALTA COMPLEXIDADE AMBULATORIAL E HOSPITALAR,FAEC - REABILITAÇÃO PÓS-COVID-19,PR,CURITIBA,410690,1830795,2026,13792329000184,FUNDO MUNICIPAL DA SAUDE,001,037931,000000139947,MUNICIPAL,N,S,N,46202,3427.02,3427.02,74262181.579999998,46203
2026,https://portalfns.saude.gov.br/idg_download/repasse-faf-com-populacao-2026-acumulado-ate-julho/,https://portalfns.saude.gov.br/wp-content/uploads/2026/08/Repasse-FAF-com-POPULACAO-2026-acumulado-ate-julho.xlsx,/home/neologos/anatomia-do-gasto-sprint2/data/raw/_nacional/fns/repasses_faf_com_populacao/2026/Repasse-FAF-com-POPULACAO-2026-acumulado-ate-julho.xlsx,Manutenção Das Ações E Serviços Públicos De Saúde,ATENÇÃO DE MÉDIA E ALTA COMPLEXIDADE AMBULATORIAL E HOSPITALAR,FAEC - REDESIGNAÇÃO E ACOMPANHAMENTO,PR,CURITIBA,410690,1830795,2026,13792329000184,FUNDO MUNICIPAL DA SAUDE,001,037931,000000139947,MUNICIPAL,N,S,N,46202,76699.38,76699.38,74262181.579999998,46203
2026,https://portalfns.saude.gov.br/idg_download/repasse-faf-com-populacao-2026-acumulado-ate-julho/,https://portalfns.saude.gov.br/wp-content/uploads/2026/08/Repasse-FAF-com-POPULACAO-2026-acumulado-ate-julho.xlsx,/home/neologos/anatomia-do-gasto-sprint2/data/raw/_nacional/fns/repasses_faf_com_populacao/2026/Repasse-FAF-com-POPULACAO-2026-acumulado-ate-julho.xlsx,Manutenção Das Ações E Serviços Públicos De Saúde,ATENÇÃO DE MÉDIA E ALTA COMPLEXIDADE AMBULATORIAL E HOSPITALAR,FAEC - TERAPIAS ESPECIALIZADAS EM ANGIOLOGIA,PR,CURITIBA,410690,1830795,2026,08597121000174,FUNDO ESTADUAL DE SAUDE DO PARANA - FUNSAUDE,001,037931,00000011958X,ESTADUAL,S,S,N,46202,8279077.6600000001,8279077.6600000001,259187936.87,46203
2026,https://portalfns.saude.gov.br/idg_download/repasse-faf-com-populacao-2026-acumulado-ate-julho/,https://portalfns.saude.gov.br/wp-content/uploads/2026/08/Repasse-FAF-com-POPULACAO-2026-acumulado-ate-julho.xlsx,/home/neologos/anatomia-do-gasto-sprint2/data/raw/_nacional/fns/repasses_faf_com_populacao/2026/Repasse-FAF-com-POPULACAO-2026-acumulado-ate-julho.xlsx,Manutenção Das Ações E Serviços Públicos De Saúde,ATENÇÃO DE MÉDIA E ALTA COMPLEXIDADE AMBULATORIAL E HOSPITALAR,"FAEC - TRANSPLANTES DE ORGÃOS, TECIDOS E CELULAS",PR,CURITIBA,410690,1830795,2026,08597121000174,FUNDO ESTADUAL DE SAUDE DO PARANA - FUNSAUDE,001,037931,00000011958X,ESTADUAL,S,S,N,46202,15838129.27,15838129.27,259187936.87,46203
2026,https://portalfns.saude.gov.br/idg_download/repasse-faf-com-populacao-2026-acumulado-ate-julho/,https://portalfns.saude.gov.br/wp-content/uploads/2026/08/Repasse-FAF-com-POPULACAO-2026-acumulado-ate-julho.xlsx,/home/neologos/anatomia-do-gasto-sprint2/data/raw/_nacional/fns/repasses_faf_com_populacao/2026/Repasse-FAF-com-POPULACAO-2026-acumulado-ate-julho.xlsx,Manutenção Das Ações E Serviços Públicos De Saúde,ATENÇÃO DE MÉDIA E ALTA COMPLEXIDADE AMBULATORIAL E HOSPITALAR,FAEC - TRATAMENTO DE DOENÇA MACULAR,PR,CURITIBA,410690,1830795,2026,08597121000174,FUNDO ESTADUAL DE SAUDE DO PARANA - FUNSAUDE,001,037931,00000011958X,ESTADUAL,S,S,N,46202,8753514.9600000009,8753514.9600000009,259187936.87,46203
2026,https://portalfns.saude.gov.br/idg_download/repasse-faf-com-populacao-2026-acumulado-ate-julho/,https://portalfns.saude.gov.br/wp-content/uploads/2026/08/Repasse-FAF-com-POPULACAO-2026-acumulado-ate-julho.xlsx,/home/neologos/anatomia-do-gasto-sprint2/data/raw/_nacional/fns/repasses_faf_com_populacao/2026/Repasse-FAF-com-POPULACAO-2026-acumulado-ate-julho.xlsx,Manutenção Das Ações E Serviços Públicos De Saúde,ATENÇÃO PRIMÁRIA,EMENDA - INCREMENTO TEMPORÁRIO AO CUSTEIO DOS SERVIÇOS DE ATENÇÃO PRIMÁRIA EM SAÚDE,PR,CURITIBA,410690,1830795,2026,13792329000184,FUNDO MUNICIPAL DA SAUDE,001,037931,000000166995,MUNICIPAL,N,S,N,46202,1600000,1600000,-,-
2026,https://portalfns.saude.gov.br/idg_download/repasse-faf-com-populacao-2026-acumulado-ate-julho/,https://portalfns.saude.gov.br/wp-content/uploads/2026/08/Repasse-FAF-com-POPULACAO-2026-acumulado-ate-julho.xlsx,/home/neologos/anatomia-do-gasto-sprint2/data/raw/_nacional/fns/repasses_faf_com_populacao/2026/Repasse-FAF-com-POPULACAO-2026-acumulado-ate-julho.xlsx,Manutenção Das Ações E Serviços Públicos De Saúde,ATENÇÃO DE MÉDIA E ALTA COMPLEXIDADE AMBULATORIAL E HOSPITALAR,EMENDA - INCREMENTO TEMPORÁRIO AO CUSTEIO DOS SERVIÇOS DE ASSISTÊNCIA HOSPITALAR E AMBULATORIAL,PR,CURITIBA,410690,1830795,2026,08597121000174,FUNDO ESTADUAL DE SAUDE DO PARANA - FUNSAUDE,001,037931,00000016691X,ESTADUAL,S,S,N,46198,156978,156978,-,-
2026,https://portalfns.saude.gov.br/idg_download/repasse-faf-com-populacao-2026-acumulado-ate-julho/,https://portalfns.saude.gov.br/wp-content/uploads/2026/08/Repasse-FAF-com-POPULACAO-2026-acumulado-ate-julho.xlsx,/home/neologos/anatomia-do-gasto-sprint2/data/raw/_nacional/fns/repasses_faf_com_populacao/2026/Repasse-FAF-com-POPULACAO-2026-acumulado-ate-julho.xlsx,Manutenção Das Ações E Serviços Públicos De Saúde,ATENÇÃO DE MÉDIA E ALTA COMPLEXIDADE AMBULATORIAL E HOSPITALAR,EMENDA - INCREMENTO TEMPORÁRIO AO CUSTEIO DOS SERVIÇOS DE ASSISTÊNCIA HOSPITALAR E AMBULATORIAL,PR,CURITIBA,410690,1830795,2026,08597121000174,FUNDO ESTADUAL DE SAUDE DO PARANA - FUNSAUDE,001,037931,00000016724X,ESTADUAL,S,S,N,46198,46467,46467,-,-
2026,https://portalfns.saude.gov.br/idg_download/repasse-faf-com-populacao-2026-acumulado-ate-julho/,https://portalfns.saude.gov.br/wp-content/uploads/2026/08/Repasse-FAF-com-POPULACAO-2026-acumulado-ate-julho.xlsx,/home/neologos/anatomia-do-gasto-sprint2/data/raw/_nacional/fns/repasses_faf_com_populacao/2026/Repasse-FAF-com-POPULACAO-2026-acumulado-ate-julho.xlsx,Manutenção Das Ações E Serviços Públicos De Saúde,ATENÇÃO DE MÉDIA E ALTA COMPLEXIDADE AMBULATORIAL E HOSPITALAR,EMENDA - INCREMENTO TEMPORÁRIO AO CUSTEIO DOS SERVIÇOS DE ASSISTÊNCIA HOSPITALAR E AMBULATORIAL,PR,CURITIBA,410690,1830795,2026,08597121000174,FUNDO ESTADUAL DE SAUDE DO PARANA - FUNSAUDE,001,037931,000000166243,ESTADUAL,S,S,N,46198,3000000,3000000,-,-
2026,https://portalfns.saude.gov.br/idg_download/repasse-faf-com-populacao-2026-acumulado-ate-julho/,https://portalfns.saude.gov.br/wp-content/uploads/2026/08/Repasse-FAF-com-POPULACAO-2026-acumulado-ate-julho.xlsx,/home/neologos/anatomia-do-gasto-sprint2/data/raw/_nacional/fns/repasses_faf_com_populacao/2026/Repasse-FAF-com-POPULACAO-2026-acumulado-ate-julho.xlsx,Manutenção Das Ações E Serviços Públicos De Saúde,ATENÇÃO DE MÉDIA E ALTA COMPLEXIDADE AMBULATORIAL E HOSPITALAR,EMENDA - INCREMENTO TEMPORÁRIO AO CUSTEIO DOS SERVIÇOS DE ASSISTÊNCIA HOSPITALAR E AMBULATORIAL,PR,CURITIBA,410690,1830795,2026,08597121000174,FUNDO ESTADUAL DE SAUDE DO PARANA - FUNSAUDE,001,037931,000000166898,ESTADUAL,S,S,N,46198,215198,215198,-,-
2026,https://portalfns.saude.gov.br/idg_download/repasse-faf-com-populacao-2026-acumulado-ate-julho/,https://portalfns.saude.gov.br/wp-content/uploads/2026/08/Repasse-FAF-com-POPULACAO-2026-acumulado-ate-julho.xlsx,/home/neologos/anatomia-do-gasto-sprint2/data/raw/_nacional/fns/repasses_faf_com_populacao/2026/Repasse-FAF-com-POPULACAO-2026-acumulado-ate-julho.xlsx,Manutenção Das Ações E Serviços Públicos De Saúde,ATENÇÃO DE MÉDIA E ALTA COMPLEXIDADE AMBULATORIAL E HOSPITALAR,EMENDA - INCREMENTO TEMPORÁRIO AO CUSTEIO DOS SERVIÇOS DE ASSISTÊNCIA HOSPITALAR E AMBULATORIAL,PR,CURITIBA,410690,1830795,2026,08597121000174,FUNDO ESTADUAL DE SAUDE DO PARANA - FUNSAUDE,001,037931,000000166987,ESTADUAL,S,S,N,46198,200152,200152,-,-
2026,https://portalfns.saude.gov.br/idg_download/repasse-faf-com-populacao-2026-acumulado-ate-julho/,https://portalfns.saude.gov.br/wp-content/uploads/2026/08/Repasse-FAF-com-POPULACAO-2026-acumulado-ate-julho.xlsx,/home/neologos/anatomia-do-gasto-sprint2/data/raw/_nacional/fns/repasses_faf_com_populacao/2026/Repasse-FAF-com-POPULACAO-2026-acumulado-ate-julho.xlsx,Manutenção Das Ações E Serviços Públicos De Saúde,ATENÇÃO DE MÉDIA E ALTA COMPLEXIDADE AMBULATORIAL E HOSPITALAR,EMENDA - INCREMENTO TEMPORÁRIO AO CUSTEIO DOS SERVIÇOS DE ASSISTÊNCIA HOSPITALAR E AMBULATORIAL,PR,CURITIBA,410690,1830795,2026,08597121000174,FUNDO ESTADUAL DE SAUDE DO PARANA - FUNSAUDE,001,037931,000000167061,ESTADUAL,S,S,N,46198,100000,100000,-,-
2026,https://portalfns.saude.gov.br/idg_download/repasse-faf-com-populacao-2026-acumulado-ate-julho/,https://portalfns.saude.gov.br/wp-content/uploads/2026/08/Repasse-FAF-com-POPULACAO-2026-acumulado-ate-julho.xlsx,/home/neologos/anatomia-do-gasto-sprint2/data/raw/_nacional/fns/repasses_faf_com_populacao/2026/Repasse-FAF-com-POPULACAO-2026-acumulado-ate-julho.xlsx,Manutenção Das Ações E Serviços Públicos De Saúde,ATENÇÃO DE MÉDIA E ALTA COMPLEXIDADE AMBULATORIAL E HOSPITALAR,EMENDA - INCREMENTO TEMPORÁRIO AO CUSTEIO DOS SERVIÇOS DE ASSISTÊNCIA HOSPITALAR E AMBULATORIAL,PR,CURITIBA,410690,1830795,2026,08597121000174,FUNDO ESTADUAL DE SAUDE DO PARANA - FUNSAUDE,001,037931,000000167169,ESTADUAL,S,S,N,46198,45921,45921,-,-
2026,https://portalfns.saude.gov.br/idg_download/repasse-faf-com-populacao-2026-acumulado-ate-julho/,https://portalfns.saude.gov.br/wp-content/uploads/2026/08/Repasse-FAF-com-POPULACAO-2026-acumulado-ate-julho.xlsx,/home/neologos/anatomia-do-gasto-sprint2/data/raw/_nacional/fns/repasses_faf_com_populacao/2026/Repasse-FAF-com-POPULACAO-2026-acumulado-ate-julho.xlsx,Manutenção Das Ações E Serviços Públicos De Saúde,ATENÇÃO DE MÉDIA E ALTA COMPLEXIDADE AMBULATORIAL E HOSPITALAR,EMENDA - INCREMENTO TEMPORÁRIO AO CUSTEIO DOS SERVIÇOS DE ASSISTÊNCIA HOSPITALAR E AMBULATORIAL,PR,CURITIBA,410690,1830795,2026,08597121000174,FUNDO ESTADUAL DE SAUDE DO PARANA - FUNSAUDE,001,037931,000000167177,ESTADUAL,S,S,N,46198,45386,45386,-,-
2026,https://portalfns.saude.gov.br/idg_download/repasse-faf-com-populacao-2026-acumulado-ate-julho/,https://portalfns.saude.gov.br/wp-content/uploads/2026/08/Repasse-FAF-com-POPULACAO-2026-acumulado-ate-julho.xlsx,/home/neologos/anatomia-do-gasto-sprint2/data/raw/_nacional/fns/repasses_faf_com_populacao/2026/Repasse-FAF-com-POPULACAO-2026-acumulado-ate-julho.xlsx,Manutenção Das Ações E Serviços Públicos De Saúde,ATENÇÃO DE MÉDIA E ALTA COMPLEXIDADE AMBULATORIAL E HOSPITALAR,EMENDA - INCREMENTO TEMPORÁRIO AO CUSTEIO DOS SERVIÇOS DE ASSISTÊNCIA HOSPITALAR E AMBULATORIAL,PR,CURITIBA,410690,1830795,2026,08597121000174,FUNDO ESTADUAL DE SAUDE DO PARANA - FUNSAUDE,001,037931,000000167185,ESTADUAL,S,S,N,46198,137211,137211,-,-
2026,https://portalfns.saude.gov.br/idg_download/repasse-faf-com-populacao-2026-acumulado-ate-julho/,https://portalfns.saude.gov.br/wp-content/uploads/2026/08/Repasse-FAF-com-POPULACAO-2026-acumulado-ate-julho.xlsx,/home/neologos/anatomia-do-gasto-sprint2/data/raw/_nacional/fns/repasses_faf_com_populacao/2026/Repasse-FAF-com-POPULACAO-2026-acumulado-ate-julho.xlsx,Manutenção Das Ações E Serviços Públicos De Saúde,ATENÇÃO DE MÉDIA E ALTA COMPLEXIDADE AMBULATORIAL E HOSPITALAR,EMENDA - INCREMENTO TEMPORÁRIO AO CUSTEIO DOS SERVIÇOS DE ASSISTÊNCIA HOSPITALAR E AMBULATORIAL,PR,CURITIBA,410690,1830795,2026,08597121000174,FUNDO ESTADUAL DE SAUDE DO PARANA - FUNSAUDE,001,037931,000000167215,ESTADUAL,S,S,N,46198,156516,156516,-,-
2026,https://portalfns.saude.gov.br/idg_download/repasse-faf-com-populacao-2026-acumulado-ate-julho/,https://portalfns.saude.gov.br/wp-content/uploads/2026/08/Repasse-FAF-com-POPULACAO-2026-acumulado-ate-julho.xlsx,/home/neologos/anatomia-do-gasto-sprint2/data/raw/_nacional/fns/repasses_faf_com_populacao/2026/Repasse-FAF-com-POPULACAO-2026-acumulado-ate-julho.xlsx,Manutenção Das Ações E Serviços Públicos De Saúde,ATENÇÃO DE MÉDIA E ALTA COMPLEXIDADE AMBULATORIAL E HOSPITALAR,EMENDA - INCREMENTO TEMPORÁRIO AO CUSTEIO DOS SERVIÇOS DE ASSISTÊNCIA HOSPITALAR E AMBULATORIAL,PR,CURITIBA,410690,1830795,2026,08597121000174,FUNDO ESTADUAL DE SAUDE DO PARANA - FUNSAUDE,001,037931,000000167258,ESTADUAL,S,S,N,46198,33382,33382,-,-
2026,https://portalfns.saude.gov.br/idg_download/repasse-faf-com-populacao-2026-acumulado-ate-julho/,https://portalfns.saude.gov.br/wp-content/uploads/2026/08/Repasse-FAF-com-POPULACAO-2026-acumulado-ate-julho.xlsx,/home/neologos/anatomia-do-gasto-sprint2/data/raw/_nacional/fns/repasses_faf_com_populacao/2026/Repasse-FAF-com-POPULACAO-2026-acumulado-ate-julho.xlsx,Manutenção Das Ações E Serviços Públicos De Saúde,ATENÇÃO DE MÉDIA E ALTA COMPLEXIDADE AMBULATORIAL E HOSPITALAR,EMENDA - INCREMENTO TEMPORÁRIO AO CUSTEIO DOS SERVIÇOS DE ASSISTÊNCIA HOSPITALAR E AMBULATORIAL,PR,CURITIBA,410690,1830795,2026,08597121000174,FUNDO ESTADUAL DE SAUDE DO PARANA - FUNSAUDE,001,037931,000000167266,ESTADUAL,S,S,N,46198,48651,48651,-,-
2026,https://portalfns.saude.gov.br/idg_download/repasse-faf-com-populacao-2026-acumulado-ate-julho/,https://portalfns.saude.gov.br/wp-content/uploads/2026/08/Repasse-FAF-com-POPULACAO-2026-acumulado-ate-julho.xlsx,/home/neologos/anatomia-do-gasto-sprint2/data/raw/_nacional/fns/repasses_faf_com_populacao/2026/Repasse-FAF-com-POPULACAO-2026-acumulado-ate-julho.xlsx,Manutenção Das Ações E Serviços Públicos De Saúde,ATENÇÃO DE MÉDIA E ALTA COMPLEXIDADE AMBULATORIAL E HOSPITALAR,EMENDA - INCREMENTO TEMPORÁRIO AO CUSTEIO DOS SERVIÇOS DE ASSISTÊNCIA HOSPITALAR E AMBULATORIAL,PR,CURITIBA,410690,1830795,2026,08597121000174,FUNDO ESTADUAL DE SAUDE DO PARANA - FUNSAUDE,001,037931,000000167304,ESTADUAL,S,S,N,46198,48445,48445,-,-
2026,https://portalfns.saude.gov.br/idg_download/repasse-faf-com-populacao-2026-acumulado-ate-julho/,https://portalfns.saude.gov.br/wp-content/uploads/2026/08/Repasse-FAF-com-POPULACAO-2026-acumulado-ate-julho.xlsx,/home/neologos/anatomia-do-gasto-sprint2/data/raw/_nacional/fns/repasses_faf_com_populacao/2026/Repasse-FAF-com-POPULACAO-2026-acumulado-ate-julho.xlsx,Manutenção Das Ações E Serviços Públicos De Saúde,ATENÇÃO DE MÉDIA E ALTA COMPLEXIDADE AMBULATORIAL E HOSPITALAR,EMENDA - INCREMENTO TEMPORÁRIO AO CUSTEIO DOS SERVIÇOS DE ASSISTÊNCIA HOSPITALAR E AMBULATORIAL,PR,CURITIBA,410690,1830795,2026,08597121000174,FUNDO ESTADUAL DE SAUDE DO PARANA - FUNSAUDE,001,037931,000000167312,ESTADUAL,S,S,N,46198,100000,100000,-,-
2026,https://portalfns.saude.gov.br/idg_download/repasse-faf-com-populacao-2026-acumulado-ate-julho/,https://portalfns.saude.gov.br/wp-content/uploads/2026/08/Repasse-FAF-com-POPULACAO-2026-acumulado-ate-julho.xlsx,/home/neologos/anatomia-do-gasto-sprint2/data/raw/_nacional/fns/repasses_faf_com_populacao/2026/Repasse-FAF-com-POPULACAO-2026-acumulado-ate-julho.xlsx,Manutenção Das Ações E Serviços Públicos De Saúde,ATENÇÃO DE MÉDIA E ALTA COMPLEXIDADE AMBULATORIAL E HOSPITALAR,EMENDA - INCREMENTO TEMPORÁRIO AO CUSTEIO DOS SERVIÇOS DE ASSISTÊNCIA HOSPITALAR E AMBULATORIAL,PR,CURITIBA,410690,1830795,2026,08597121000174,FUNDO ESTADUAL DE SAUDE DO PARANA - FUNSAUDE,001,037931,000000168068,ESTADUAL,S,S,N,46198,20268,20268,-,-
2026,https://portalfns.saude.gov.br/idg_download/repasse-faf-com-populacao-2026-acumulado-ate-julho/,https://portalfns.saude.gov.br/wp-content/uploads/2026/08/Repasse-FAF-com-POPULACAO-2026-acumulado-ate-julho.xlsx,/home/neologos/anatomia-do-gasto-sprint2/data/raw/_nacional/fns/repasses_faf_com_populacao/2026/Repasse-FAF-com-POPULACAO-2026-acumulado-ate-julho.xlsx,Manutenção Das Ações E Serviços Públicos De Saúde,ATENÇÃO DE MÉDIA E ALTA COMPLEXIDADE AMBULATORIAL E HOSPITALAR,EMENDA - INCREMENTO TEMPORÁRIO AO CUSTEIO DOS SERVIÇOS DE ASSISTÊNCIA HOSPITALAR E AMBULATORIAL,PR,CURITIBA,410690,1830795,2026,08597121000174,FUNDO ESTADUAL DE SAUDE DO PARANA - FUNSAUDE,001,037931,000000168076,ESTADUAL,S,S,N,46198,23031,23031,-,-
2026,https://portalfns.saude.gov.br/idg_download/repasse-faf-com-populacao-2026-acumulado-ate-julho/,https://portalfns.saude.gov.br/wp-content/uploads/2026/08/Repasse-FAF-com-POPULACAO-2026-acumulado-ate-julho.xlsx,/home/neologos/anatomia-do-gasto-sprint2/data/raw/_nacional/fns/repasses_faf_com_populacao/2026/Repasse-FAF-com-POPULACAO-2026-acumulado-ate-julho.xlsx,Manutenção Das Ações E Serviços Públicos De Saúde,ATENÇÃO DE MÉDIA E ALTA COMPLEXIDADE AMBULATORIAL E HOSPITALAR,EMENDA - INCREMENTO TEMPORÁRIO AO CUSTEIO DOS SERVIÇOS DE ASSISTÊNCIA HOSPITALAR E AMBULATORIAL,PR,CURITIBA,410690,1830795,2026,08597121000174,FUNDO ESTADUAL DE SAUDE DO PARANA - FUNSAUDE,001,037931,000000168084,ESTADUAL,S,S,N,46198,24655,24655,-,-
2026,https://portalfns.saude.gov.br/idg_download/repasse-faf-com-populacao-2026-acumulado-ate-julho/,https://portalfns.saude.gov.br/wp-content/uploads/2026/08/Repasse-FAF-com-POPULACAO-2026-acumulado-ate-julho.xlsx,/home/neologos/anatomia-do-gasto-sprint2/data/raw/_nacional/fns/repasses_faf_com_populacao/2026/Repasse-FAF-com-POPULACAO-2026-acumulado-ate-julho.xlsx,Manutenção Das Ações E Serviços Públicos De Saúde,ATENÇÃO DE MÉDIA E ALTA COMPLEXIDADE AMBULATORIAL E HOSPITALAR,EMENDA - INCREMENTO TEMPORÁRIO AO CUSTEIO DOS SERVIÇOS DE ASSISTÊNCIA HOSPITALAR E AMBULATORIAL,PR,CURITIBA,410690,1830795,2026,08597121000174,FUNDO ESTADUAL DE SAUDE DO PARANA - FUNSAUDE,001,037931,000000168092,ESTADUAL,S,S,N,46198,23365,23365,-,-
2026,https://portalfns.saude.gov.br/idg_download/repasse-faf-com-populacao-2026-acumulado-ate-julho/,https://portalfns.saude.gov.br/wp-content/uploads/2026/08/Repasse-FAF-com-POPULACAO-2026-acumulado-ate-julho.xlsx,/home/neologos/anatomia-do-gasto-sprint2/data/raw/_nacional/fns/repasses_faf_com_populacao/2026/Repasse-FAF-com-POPULACAO-2026-acumulado-ate-julho.xlsx,Manutenção Das Ações E Serviços Públicos De Saúde,ATENÇÃO DE MÉDIA E ALTA COMPLEXIDADE AMBULATORIAL E HOSPITALAR,EMENDA - INCREMENTO TEMPORÁRIO AO CUSTEIO DOS SERVIÇOS DE ASSISTÊNCIA HOSPITALAR E AMBULATORIAL,PR,CURITIBA,410690,1830795,2026,08597121000174,FUNDO ESTADUAL DE SAUDE DO PARANA - FUNSAUDE,001,037931,000000168106,ESTADUAL,S,S,N,46198,28243,28243,-,-
2026,https://portalfns.saude.gov.br/idg_download/repasse-faf-com-populacao-2026-acumulado-ate-julho/,https://portalfns.saude.gov.br/wp-content/uploads/2026/08/Repasse-FAF-com-POPULACAO-2026-acumulado-ate-julho.xlsx,/home/neologos/anatomia-do-gasto-sprint2/data/raw/_nacional/fns/repasses_faf_com_populacao/2026/Repasse-FAF-com-POPULACAO-2026-acumulado-ate-julho.xlsx,Manutenção Das Ações E Serviços Públicos De Saúde,ATENÇÃO DE MÉDIA E ALTA COMPLEXIDADE AMBULATORIAL E HOSPITALAR,EMENDA - INCREMENTO TEMPORÁRIO AO CUSTEIO DOS SERVIÇOS DE ASSISTÊNCIA HOSPITALAR E AMBULATORIAL,PR,CURITIBA,410690,1830795,2026,08597121000174,FUNDO ESTADUAL DE SAUDE DO PARANA - FUNSAUDE,001,037931,000000168114,ESTADUAL,S,S,N,46198,20164,20164,-,-
2026,https://portalfns.saude.gov.br/idg_download/repasse-faf-com-populacao-2026-acumulado-ate-julho/,https://portalfns.saude.gov.br/wp-content/uploads/2026/08/Repasse-FAF-com-POPULACAO-2026-acumulado-ate-julho.xlsx,/home/neologos/anatomia-do-gasto-sprint2/data/raw/_nacional/fns/repasses_faf_com_populacao/2026/Repasse-FAF-com-POPULACAO-2026-acumulado-ate-julho.xlsx,Manutenção Das Ações E Serviços Públicos De Saúde,ATENÇÃO DE MÉDIA E ALTA COMPLEXIDADE AMBULATORIAL E HOSPITALAR,EMENDA - INCREMENTO TEMPORÁRIO AO CUSTEIO DOS SERVIÇOS DE ASSISTÊNCIA HOSPITALAR E AMBULATORIAL,PR,CURITIBA,410690,1830795,2026,08597121000174,FUNDO ESTADUAL DE SAUDE DO PARANA - FUNSAUDE,001,037931,000000168122,ESTADUAL,S,S,N,46198,30924,30924,-,-
2026,https://portalfns.saude.gov.br/idg_download/repasse-faf-com-populacao-2026-acumulado-ate-julho/,https://portalfns.saude.gov.br/wp-content/uploads/2026/08/Repasse-FAF-com-POPULACAO-2026-acumulado-ate-julho.xlsx,/home/neologos/anatomia-do-gasto-sprint2/data/raw/_nacional/fns/repasses_faf_com_populacao/2026/Repasse-FAF-com-POPULACAO-2026-acumulado-ate-julho.xlsx,Manutenção Das Ações E Serviços Públicos De Saúde,ATENÇÃO DE MÉDIA E ALTA COMPLEXIDADE AMBULATORIAL E HOSPITALAR,EMENDA - INCREMENTO TEMPORÁRIO AO CUSTEIO DOS SERVIÇOS DE ASSISTÊNCIA HOSPITALAR E AMBULATORIAL,PR,CURITIBA,410690,1830795,2026,08597121000174,FUNDO ESTADUAL DE SAUDE DO PARANA - FUNSAUDE,001,037931,000000168130,ESTADUAL,S,S,N,46198,4364,4364,-,-
2026,https://portalfns.saude.gov.br/idg_download/repasse-faf-com-populacao-2026-acumulado-ate-julho/,https://portalfns.saude.gov.br/wp-content/uploads/2026/08/Repasse-FAF-com-POPULACAO-2026-acumulado-ate-julho.xlsx,/home/neologos/anatomia-do-gasto-sprint2/data/raw/_nacional/fns/repasses_faf_com_populacao/2026/Repasse-FAF-com-POPULACAO-2026-acumulado-ate-julho.xlsx,Manutenção Das Ações E Serviços Públicos De Saúde,ATENÇÃO DE MÉDIA E ALTA COMPLEXIDADE AMBULATORIAL E HOSPITALAR,EMENDA - INCREMENTO TEMPORÁRIO AO CUSTEIO DOS SERVIÇOS DE ASSISTÊNCIA HOSPITALAR E AMBULATORIAL,PR,CURITIBA,410690,1830795,2026,08597121000174,FUNDO ESTADUAL DE SAUDE DO PARANA - FUNSAUDE,001,037931,000000168149,ESTADUAL,S,S,N,46198,31341,31341,-,-
2026,https://portalfns.saude.gov.br/idg_download/repasse-faf-com-populacao-2026-acumulado-ate-julho/,https://portalfns.saude.gov.br/wp-content/uploads/2026/08/Repasse-FAF-com-POPULACAO-2026-acumulado-ate-julho.xlsx,/home/neologos/anatomia-do-gasto-sprint2/data/raw/_nacional/fns/repasses_faf_com_populacao/2026/Repasse-FAF-com-POPULACAO-2026-acumulado-ate-julho.xlsx,Manutenção Das Ações E Serviços Públicos De Saúde,ATENÇÃO DE MÉDIA E ALTA COMPLEXIDADE AMBULATORIAL E HOSPITALAR,EMENDA - INCREMENTO TEMPORÁRIO AO CUSTEIO DOS SERVIÇOS DE ASSISTÊNCIA HOSPITALAR E AMBULATORIAL,PR,CURITIBA,410690,1830795,2026,08597121000174,FUNDO ESTADUAL DE SAUDE DO PARANA - FUNSAUDE,001,037931,000000168157,ESTADUAL,S,S,N,46198,29473,29473,-,-
2026,https://portalfns.saude.gov.br/idg_download/repasse-faf-com-populacao-2026-acumulado-ate-julho/,https://portalfns.saude.gov.br/wp-content/uploads/2026/08/Repasse-FAF-com-POPULACAO-2026-acumulado-ate-julho.xlsx,/home/neologos/anatomia-do-gasto-sprint2/data/raw/_nacional/fns/repasses_faf_com_populacao/2026/Repasse-FAF-com-POPULACAO-2026-acumulado-ate-julho.xlsx,Manutenção Das Ações E Serviços Públicos De Saúde,ATENÇÃO DE MÉDIA E ALTA COMPLEXIDADE AMBULATORIAL E HOSPITALAR,EMENDA - INCREMENTO TEMPORÁRIO AO CUSTEIO DOS SERVIÇOS DE ASSISTÊNCIA HOSPITALAR E AMBULATORIAL,PR,CURITIBA,410690,1830795,2026,08597121000174,FUNDO ESTADUAL DE SAUDE DO PARANA - FUNSAUDE,001,037931,000000168165,ESTADUAL,S,S,N,46198,4950000,4950000,-,-
2026,https://portalfns.saude.gov.br/idg_download/repasse-faf-com-populacao-2026-acumulado-ate-julho/,https://portalfns.saude.gov.br/wp-content/uploads/2026/08/Repasse-FAF-com-POPULACAO-2026-acumulado-ate-julho.xlsx,/home/neologos/anatomia-do-gasto-sprint2/data/raw/_nacional/fns/repasses_faf_com_populacao/2026/Repasse-FAF-com-POPULACAO-2026-acumulado-ate-julho.xlsx,Manutenção Das Ações E Serviços Públicos De Saúde,ATENÇÃO DE MÉDIA E ALTA COMPLEXIDADE AMBULATORIAL E HOSPITALAR,EMENDA - INCREMENTO TEMPORÁRIO AO CUSTEIO DOS SERVIÇOS DE ASSISTÊNCIA HOSPITALAR E AMBULATORIAL,PR,CURITIBA,410690,1830795,2026,08597121000174,FUNDO ESTADUAL DE SAUDE DO PARANA - FUNSAUDE,001,037931,000000168246,ESTADUAL,S,S,N,46198,42581,42581,-,-
2026,https://portalfns.saude.gov.br/idg_download/repasse-faf-com-populacao-2026-acumulado-ate-julho/,https://portalfns.saude.gov.br/wp-content/uploads/2026/08/Repasse-FAF-com-POPULACAO-2026-acumulado-ate-julho.xlsx,/home/neologos/anatomia-do-gasto-sprint2/data/raw/_nacional/fns/repasses_faf_com_populacao/2026/Repasse-FAF-com-POPULACAO-2026-acumulado-ate-julho.xlsx,Manutenção Das Ações E Serviços Públicos De Saúde,ATENÇÃO DE MÉDIA E ALTA COMPLEXIDADE AMBULATORIAL E HOSPITALAR,EMENDA - INCREMENTO TEMPORÁRIO AO CUSTEIO DOS SERVIÇOS DE ASSISTÊNCIA HOSPITALAR E AMBULATORIAL,PR,CURITIBA,410690,1830795,2026,08597121000174,FUNDO ESTADUAL DE SAUDE DO PARANA - FUNSAUDE,001,037931,000000168254,ESTADUAL,S,S,N,46198,30716,30716,-,-
2026,https://portalfns.saude.gov.br/idg_download/repasse-faf-com-populacao-2026-acumulado-ate-julho/,https://portalfns.saude.gov.br/wp-content/uploads/2026/08/Repasse-FAF-com-POPULACAO-2026-acumulado-ate-julho.xlsx,/home/neologos/anatomia-do-gasto-sprint2/data/raw/_nacional/fns/repasses_faf_com_populacao/2026/Repasse-FAF-com-POPULACAO-2026-acumulado-ate-julho.xlsx,Manutenção Das Ações E Serviços Públicos De Saúde,ATENÇÃO DE MÉDIA E ALTA COMPLEXIDADE AMBULATORIAL E HOSPITALAR,EMENDA - INCREMENTO TEMPORÁRIO AO CUSTEIO DOS SERVIÇOS DE ASSISTÊNCIA HOSPITALAR E AMBULATORIAL,PR,CURITIBA,410690,1830795,2026,08597121000174,FUNDO ESTADUAL DE SAUDE DO PARANA - FUNSAUDE,001,037931,000000168262,ESTADUAL,S,S,N,46198,46117,46117,-,-
2026,https://portalfns.saude.gov.br/idg_download/repasse-faf-com-populacao-2026-acumulado-ate-julho/,https://portalfns.saude.gov.br/wp-content/uploads/2026/08/Repasse-FAF-com-POPULACAO-2026-acumulado-ate-julho.xlsx,/home/neologos/anatomia-do-gasto-sprint2/data/raw/_nacional/fns/repasses_faf_com_populacao/2026/Repasse-FAF-com-POPULACAO-2026-acumulado-ate-julho.xlsx,Manutenção Das Ações E Serviços Públicos De Saúde,ATENÇÃO DE MÉDIA E ALTA COMPLEXIDADE AMBULATORIAL E HOSPITALAR,EMENDA - INCREMENTO TEMPORÁRIO AO CUSTEIO DOS SERVIÇOS DE ASSISTÊNCIA HOSPITALAR E AMBULATORIAL,PR,CURITIBA,410690,1830795,2026,08597121000174,FUNDO ESTADUAL DE SAUDE DO PARANA - FUNSAUDE,001,037931,000000168297,ESTADUAL,S,S,N,46198,46438,46438,-,-
2026,https://portalfns.saude.gov.br/idg_download/repasse-faf-com-populacao-2026-acumulado-ate-julho/,https://portalfns.saude.gov.br/wp-content/uploads/2026/08/Repasse-FAF-com-POPULACAO-2026-acumulado-ate-julho.xlsx,/home/neologos/anatomia-do-gasto-sprint2/data/raw/_nacional/fns/repasses_faf_com_populacao/2026/Repasse-FAF-com-POPULACAO-2026-acumulado-ate-julho.xlsx,Manutenção Das Ações E Serviços Públicos De Saúde,ATENÇÃO DE MÉDIA E ALTA COMPLEXIDADE AMBULATORIAL E HOSPITALAR,EMENDA - INCREMENTO TEMPORÁRIO AO CUSTEIO DOS SERVIÇOS DE ASSISTÊNCIA HOSPITALAR E AMBULATORIAL,PR,CURITIBA,410690,1830795,2026,08597121000174,FUNDO ESTADUAL DE SAUDE DO PARANA - FUNSAUDE,001,037931,000000168351,ESTADUAL,S,S,N,46198,48317,48317,-,-
2026,https://portalfns.saude.gov.br/idg_download/repasse-faf-com-populacao-2026-acumulado-ate-julho/,https://portalfns.saude.gov.br/wp-content/uploads/2026/08/Repasse-FAF-com-POPULACAO-2026-acumulado-ate-julho.xlsx,/home/neologos/anatomia-do-gasto-sprint2/data/raw/_nacional/fns/repasses_faf_com_populacao/2026/Repasse-FAF-com-POPULACAO-2026-acumulado-ate-julho.xlsx,Estruturação Da Rede De Serviços Públicos De Saúde,ATENÇÃO PRIMÁRIA,ESTRUTURAÇÃO DE UNIDADES DE ATENÇÃO BÁSICA DE SAÚDE - PORTARIA GM/MS Nº 544/2023,PR,CURITIBA,410690,1830795,2026,13792329000184,FUNDO MUNICIPAL DA SAUDE,001,037931,000000139955,MUNICIPAL,N,S,N,46197,449991,449991,1496620.97,46203
2026,https://portalfns.saude.gov.br/idg_download/repasse-faf-com-populacao-2026-acumulado-ate-julho/,https://portalfns.saude.gov.br/wp-content/uploads/2026/08/Repasse-FAF-com-POPULACAO-2026-acumulado-ate-julho.xlsx,/home/neologos/anatomia-do-gasto-sprint2/data/raw/_nacional/fns/repasses_faf_com_populacao/2026/Repasse-FAF-com-POPULACAO-2026-acumulado-ate-julho.xlsx,Manutenção Das Ações E Serviços Públicos De Saúde,ATENÇÃO DE MÉDIA E ALTA COMPLEXIDADE AMBULATORIAL E HOSPITALAR,EMENDA - INCREMENTO TEMPORÁRIO AO CUSTEIO DOS SERVIÇOS DE ASSISTÊNCIA HOSPITALAR E AMBULATORIAL,PR,CURITIBA,410690,1830795,2026,08597121000174,FUNDO ESTADUAL DE SAUDE DO PARANA - FUNSAUDE,001,037931,000000164631,ESTADUAL,S,S,N,46196,300000,300000,-,-
2026,https://portalfns.saude.gov.br/idg_download/repasse-faf-com-populacao-2026-acumulado-ate-julho/,https://portalfns.saude.gov.br/wp-content/uploads/2026/08/Repasse-FAF-com-POPULACAO-2026-acumulado-ate-julho.xlsx,/home/neologos/anatomia-do-gasto-sprint2/data/raw/_nacional/fns/repasses_faf_com_populacao/2026/Repasse-FAF-com-POPULACAO-2026-acumulado-ate-julho.xlsx,Manutenção Das Ações E Serviços Públicos De Saúde,ATENÇÃO DE MÉDIA E ALTA COMPLEXIDADE AMBULATORIAL E HOSPITALAR,EMENDA - INCREMENTO TEMPORÁRIO AO CUSTEIO DOS SERVIÇOS DE ASSISTÊNCIA HOSPITALAR E AMBULATORIAL,PR,CURITIBA,410690,1830795,2026,08597121000174,FUNDO ESTADUAL DE SAUDE DO PARANA - FUNSAUDE,001,037931,000000165174,ESTADUAL,S,S,N,46196,200000,200000,-,-
2026,https://portalfns.saude.gov.br/idg_download/repasse-faf-com-populacao-2026-acumulado-ate-julho/,https://portalfns.saude.gov.br/wp-content/uploads/2026/08/Repasse-FAF-com-POPULACAO-2026-acumulado-ate-julho.xlsx,/home/neologos/anatomia-do-gasto-sprint2/data/raw/_nacional/fns/repasses_faf_com_populacao/2026/Repasse-FAF-com-POPULACAO-2026-acumulado-ate-julho.xlsx,Manutenção Das Ações E Serviços Públicos De Saúde,ATENÇÃO DE MÉDIA E ALTA COMPLEXIDADE AMBULATORIAL E HOSPITALAR,EMENDA - INCREMENTO TEMPORÁRIO AO CUSTEIO DOS SERVIÇOS DE ASSISTÊNCIA HOSPITALAR E AMBULATORIAL,PR,CURITIBA,410690,1830795,2026,08597121000174,FUNDO ESTADUAL DE SAUDE DO PARANA - FUNSAUDE,001,037931,000000165204,ESTADUAL,S,S,N,46196,350000,350000,-,-
2026,https://portalfns.saude.gov.br/idg_download/repasse-faf-com-populacao-2026-acumulado-ate-julho/,https://portalfns.saude.gov.br/wp-content/uploads/2026/08/Repasse-FAF-com-POPULACAO-2026-acumulado-ate-julho.xlsx,/home/neologos/anatomia-do-gasto-sprint2/data/raw/_nacional/fns/repasses_faf_com_populacao/2026/Repasse-FAF-com-POPULACAO-2026-acumulado-ate-julho.xlsx,Manutenção Das Ações E Serviços Públicos De Saúde,ATENÇÃO DE MÉDIA E ALTA COMPLEXIDADE AMBULATORIAL E HOSPITALAR,EMENDA - INCREMENTO TEMPORÁRIO AO CUSTEIO DOS SERVIÇOS DE ASSISTÊNCIA HOSPITALAR E AMBULATORIAL,PR,CURITIBA,410690,1830795,2026,08597121000174,FUNDO ESTADUAL DE SAUDE DO PARANA - FUNSAUDE,001,037931,000000167088,ESTADUAL,S,S,N,46196,350000,350000,-,-
2026,https://portalfns.saude.gov.br/idg_download/repasse-faf-com-populacao-2026-acumulado-ate-julho/,https://portalfns.saude.gov.br/wp-content/uploads/2026/08/Repasse-FAF-com-POPULACAO-2026-acumulado-ate-julho.xlsx,/home/neologos/anatomia-do-gasto-sprint2/data/raw/_nacional/fns/repasses_faf_com_populacao/2026/Repasse-FAF-com-POPULACAO-2026-acumulado-ate-julho.xlsx,Manutenção Das Ações E Serviços Públicos De Saúde,ATENÇÃO DE MÉDIA E ALTA COMPLEXIDADE AMBULATORIAL E HOSPITALAR,EMENDA - INCREMENTO TEMPORÁRIO AO CUSTEIO DOS SERVIÇOS DE ASSISTÊNCIA HOSPITALAR E AMBULATORIAL,PR,CURITIBA,410690,1830795,2026,08597121000174,FUNDO ESTADUAL DE SAUDE DO PARANA - FUNSAUDE,001,037931,00000016464X,ESTADUAL,S,S,N,46192,300000,300000,-,-
2026,https://portalfns.saude.gov.br/idg_download/repasse-faf-com-populacao-2026-acumulado-ate-julho/,https://portalfns.saude.gov.br/wp-content/uploads/2026/08/Repasse-FAF-com-POPULACAO-2026-acumulado-ate-julho.xlsx,/home/neologos/anatomia-do-gasto-sprint2/data/raw/_nacional/fns/repasses_faf_com_populacao/2026/Repasse-FAF-com-POPULACAO-2026-acumulado-ate-julho.xlsx,Manutenção Das Ações E Serviços Públicos De Saúde,ATENÇÃO DE MÉDIA E ALTA COMPLEXIDADE AMBULATORIAL E HOSPITALAR,EMENDA - INCREMENTO TEMPORÁRIO AO CUSTEIO DOS SERVIÇOS DE ASSISTÊNCIA HOSPITALAR E AMBULATORIAL,PR,CURITIBA,410690,1830795,2026,08597121000174,FUNDO ESTADUAL DE SAUDE DO PARANA - FUNSAUDE,001,037931,000000164550,ESTADUAL,S,S,N,46192,300000,300000,-,-
2026,https://portalfns.saude.gov.br/idg_download/repasse-faf-com-populacao-2026-acumulado-ate-julho/,https://portalfns.saude.gov.br/wp-content/uploads/2026/08/Repasse-FAF-com-POPULACAO-2026-acumulado-ate-julho.xlsx,/home/neologos/anatomia-do-gasto-sprint2/data/raw/_nacional/fns/repasses_faf_com_populacao/2026/Repasse-FAF-com-POPULACAO-2026-acumulado-ate-julho.xlsx,Manutenção Das Ações E Serviços Públicos De Saúde,ATENÇÃO DE MÉDIA E ALTA COMPLEXIDADE AMBULATORIAL E HOSPITALAR,EMENDA - INCREMENTO TEMPORÁRIO AO CUSTEIO DOS SERVIÇOS DE ASSISTÊNCIA HOSPITALAR E AMBULATORIAL,PR,CURITIBA,410690,1830795,2026,08597121000174,FUNDO ESTADUAL DE SAUDE DO PARANA - FUNSAUDE,001,037931,000000164704,ESTADUAL,S,S,N,46192,350000,350000,-,-
2026,https://portalfns.saude.gov.br/idg_download/repasse-faf-com-populacao-2026-acumulado-ate-julho/,https://portalfns.saude.gov.br/wp-content/uploads/2026/08/Repasse-FAF-com-POPULACAO-2026-acumulado-ate-julho.xlsx,/home/neologos/anatomia-do-gasto-sprint2/data/raw/_nacional/fns/repasses_faf_com_populacao/2026/Repasse-FAF-com-POPULACAO-2026-acumulado-ate-julho.xlsx,Manutenção Das Ações E Serviços Públicos De Saúde,ATENÇÃO DE MÉDIA E ALTA COMPLEXIDADE AMBULATORIAL E HOSPITALAR,EMENDA - INCREMENTO TEMPORÁRIO AO CUSTEIO DOS SERVIÇOS DE ASSISTÊNCIA HOSPITALAR E AMBULATORIAL,PR,CURITIBA,410690,1830795,2026,08597121000174,FUNDO ESTADUAL DE SAUDE DO PARANA - FUNSAUDE,001,037931,000000165824,ESTADUAL,S,S,N,46192,350000,350000,-,-
2026,https://portalfns.saude.gov.br/idg_download/repasse-faf-com-populacao-2026-acumulado-ate-julho/,https://portalfns.saude.gov.br/wp-content/uploads/2026/08/Repasse-FAF-com-POPULACAO-2026-acumulado-ate-julho.xlsx,/home/neologos/anatomia-do-gasto-sprint2/data/raw/_nacional/fns/repasses_faf_com_populacao/2026/Repasse-FAF-com-POPULACAO-2026-acumulado-ate-julho.xlsx,Manutenção Das Ações E Serviços Públicos De Saúde,ATENÇÃO DE MÉDIA E ALTA COMPLEXIDADE AMBULATORIAL E HOSPITALAR,EMENDA - INCREMENTO TEMPORÁRIO AO CUSTEIO DOS SERVIÇOS DE ASSISTÊNCIA HOSPITALAR E AMBULATORIAL,PR,CURITIBA,410690,1830795,2026,08597121000174,FUNDO ESTADUAL DE SAUDE DO PARANA - FUNSAUDE,001,037931,000000165883,ESTADUAL,S,S,N,46192,300000,300000,-,-
2026,https://portalfns.saude.gov.br/idg_download/repasse-faf-com-populacao-2026-acumulado-ate-julho/,https://portalfns.saude.gov.br/wp-content/uploads/2026/08/Repasse-FAF-com-POPULACAO-2026-acumulado-ate-julho.xlsx,/home/neologos/anatomia-do-gasto-sprint2/data/raw/_nacional/fns/repasses_faf_com_populacao/2026/Repasse-FAF-com-POPULACAO-2026-acumulado-ate-julho.xlsx,Manutenção Das Ações E Serviços Públicos De Saúde,ATENÇÃO DE MÉDIA E ALTA COMPLEXIDADE AMBULATORIAL E HOSPITALAR,EMENDA - INCREMENTO TEMPORÁRIO AO CUSTEIO DOS SERVIÇOS DE ASSISTÊNCIA HOSPITALAR E AMBULATORIAL,PR,CURITIBA,410690,1830795,2026,08597121000174,FUNDO ESTADUAL DE SAUDE DO PARANA - FUNSAUDE,001,037931,000000166405,ESTADUAL,S,S,N,46192,350000,350000,-,-
2026,https://portalfns.saude.gov.br/idg_download/repasse-faf-com-populacao-2026-acumulado-ate-julho/,https://portalfns.saude.gov.br/wp-content/uploads/2026/08/Repasse-FAF-com-POPULACAO-2026-acumulado-ate-julho.xlsx,/home/neologos/anatomia-do-gasto-sprint2/data/raw/_nacional/fns/repasses_faf_com_populacao/2026/Repasse-FAF-com-POPULACAO-2026-acumulado-ate-julho.xlsx,Manutenção Das Ações E Serviços Públicos De Saúde,ATENÇÃO DE MÉDIA E ALTA COMPLEXIDADE AMBULATORIAL E HOSPITALAR,EMENDA - INCREMENTO TEMPORÁRIO AO CUSTEIO DOS SERVIÇOS DE ASSISTÊNCIA HOSPITALAR E AMBULATORIAL,PR,CURITIBA,410690,1830795,2026,13792329000184,FUNDO MUNICIPAL DA SAUDE,001,037931,000000164224,MUNICIPAL,N,S,N,46192,400000,400000,-,-
2026,https://portalfns.saude.gov.br/idg_download/repasse-faf-com-populacao-2026-acumulado-ate-julho/,https://portalfns.saude.gov.br/wp-content/uploads/2026/08/Repasse-FAF-com-POPULACAO-2026-acumulado-ate-julho.xlsx,/home/neologos/anatomia-do-gasto-sprint2/data/raw/_nacional/fns/repasses_faf_com_populacao/2026/Repasse-FAF-com-POPULACAO-2026-acumulado-ate-julho.xlsx,Manutenção Das Ações E Serviços Públicos De Saúde,ATENÇÃO PRIMÁRIA,EMENDA - INCREMENTO TEMPORÁRIO AO CUSTEIO DOS SERVIÇOS DE ATENÇÃO PRIMÁRIA EM SAÚDE,PR,CURITIBA,410690,1830795,2026,13792329000184,FUNDO MUNICIPAL DA SAUDE,001,037931,000000161586,MUNICIPAL,N,S,N,46192,100000,100000,-,-
2026,https://portalfns.saude.gov.br/idg_download/repasse-faf-com-populacao-2026-acumulado-ate-julho/,https://portalfns.saude.gov.br/wp-content/uploads/2026/08/Repasse-FAF-com-POPULACAO-2026-acumulado-ate-julho.xlsx,/home/neologos/anatomia-do-gasto-sprint2/data/raw/_nacional/fns/repasses_faf_com_populacao/2026/Repasse-FAF-com-POPULACAO-2026-acumulado-ate-julho.xlsx,Manutenção Das Ações E Serviços Públicos De Saúde,ATENÇÃO DE MÉDIA E ALTA COMPLEXIDADE AMBULATORIAL E HOSPITALAR,EMENDA - INCREMENTO TEMPORÁRIO AO CUSTEIO DOS SERVIÇOS DE ASSISTÊNCIA HOSPITALAR E AMBULATORIAL,PR,CURITIBA,410690,1830795,2026,08597121000174,FUNDO ESTADUAL DE SAUDE DO PARANA - FUNSAUDE,001,037931,000000166499,ESTADUAL,S,S,N,46190,1750000,1750000,-,-
2026,https://portalfns.saude.gov.br/idg_download/repasse-faf-com-populacao-2026-acumulado-ate-julho/,https://portalfns.saude.gov.br/wp-content/uploads/2026/08/Repasse-FAF-com-POPULACAO-2026-acumulado-ate-julho.xlsx,/home/neologos/anatomia-do-gasto-sprint2/data/raw/_nacional/fns/repasses_faf_com_populacao/2026/Repasse-FAF-com-POPULACAO-2026-acumulado-ate-julho.xlsx,Manutenção Das Ações E Serviços Públicos De Saúde,ATENÇÃO DE MÉDIA E ALTA COMPLEXIDADE AMBULATORIAL E HOSPITALAR,EMENDA - INCREMENTO TEMPORÁRIO AO CUSTEIO DOS SERVIÇOS DE ASSISTÊNCIA HOSPITALAR E AMBULATORIAL,PR,CURITIBA,410690,1830795,2026,08597121000174,FUNDO ESTADUAL DE SAUDE DO PARANA - FUNSAUDE,001,037931,000000166502,ESTADUAL,S,S,N,46190,2000000,2000000,-,-
2026,https://portalfns.saude.gov.br/idg_download/repasse-faf-com-populacao-2026-acumulado-ate-julho/,https://portalfns.saude.gov.br/wp-content/uploads/2026/08/Repasse-FAF-com-POPULACAO-2026-acumulado-ate-julho.xlsx,/home/neologos/anatomia-do-gasto-sprint2/data/raw/_nacional/fns/repasses_faf_com_populacao/2026/Repasse-FAF-com-POPULACAO-2026-acumulado-ate-julho.xlsx,Manutenção Das Ações E Serviços Públicos De Saúde,VIGILÂNCIA EM SAÚDE,"INCENTIVO FINANCEIRO AOS ESTADOS, DISTRITO FEDERAL E MUNICÍPIOS EXECUÇÃO AÇÕES VIGILÂNCIA SANITÁRIA",PR,CURITIBA,410690,1830795,2026,08597121000174,FUNDO ESTADUAL DE SAUDE DO PARANA - FUNSAUDE,001,037931,00000011958X,ESTADUAL,S,S,N,46190,2315310,2315310,259187936.87,46203
2026,https://portalfns.saude.gov.br/idg_download/repasse-faf-com-populacao-2026-acumulado-ate-julho/,https://portalfns.saude.gov.br/wp-content/uploads/2026/08/Repasse-FAF-com-POPULACAO-2026-acumulado-ate-julho.xlsx,/home/neologos/anatomia-do-gasto-sprint2/data/raw/_nacional/fns/repasses_faf_com_populacao/2026/Repasse-FAF-com-POPULACAO-2026-acumulado-ate-julho.xlsx,Manutenção Das Ações E Serviços Públicos De Saúde,VIGILÂNCIA EM SAÚDE,"INCENTIVO FINANCEIRO AOS ESTADOS, DISTRITO FEDERAL E MUNICÍPIOS EXECUÇÃO AÇÕES VIGILÂNCIA SANITÁRIA",PR,CURITIBA,410690,1830795,2026,13792329000184,FUNDO MUNICIPAL DA SAUDE,001,037931,000000139947,MUNICIPAL,N,S,N,46190,687309,687309,74262181.579999998,46203
2026,https://portalfns.saude.gov.br/idg_download/repasse-faf-com-populacao-2026-acumulado-ate-julho/,https://portalfns.saude.gov.br/wp-content/uploads/2026/08/Repasse-FAF-com-POPULACAO-2026-acumulado-ate-julho.xlsx,/home/neologos/anatomia-do-gasto-sprint2/data/raw/_nacional/fns/repasses_faf_com_populacao/2026/Repasse-FAF-com-POPULACAO-2026-acumulado-ate-julho.xlsx,Manutenção Das Ações E Serviços Públicos De Saúde,ATENÇÃO DE MÉDIA E ALTA COMPLEXIDADE AMBULATORIAL E HOSPITALAR,EMENDA - INCREMENTO TEMPORÁRIO AO CUSTEIO DOS SERVIÇOS DE ASSISTÊNCIA HOSPITALAR E AMBULATORIAL,PR,CURITIBA,410690,1830795,2026,08597121000174,FUNDO ESTADUAL DE SAUDE DO PARANA - FUNSAUDE,001,037931,00000016531X,ESTADUAL,S,S,N,46189,300000,300000,-,-
2026,https://portalfns.saude.gov.br/idg_download/repasse-faf-com-populacao-2026-acumulado-ate-julho/,https://portalfns.saude.gov.br/wp-content/uploads/2026/08/Repasse-FAF-com-POPULACAO-2026-acumulado-ate-julho.xlsx,/home/neologos/anatomia-do-gasto-sprint2/data/raw/_nacional/fns/repasses_faf_com_populacao/2026/Repasse-FAF-com-POPULACAO-2026-acumulado-ate-julho.xlsx,Manutenção Das Ações E Serviços Públicos De Saúde,ATENÇÃO DE MÉDIA E ALTA COMPLEXIDADE AMBULATORIAL E HOSPITALAR,EMENDA - INCREMENTO TEMPORÁRIO AO CUSTEIO DOS SERVIÇOS DE ASSISTÊNCIA HOSPITALAR E AMBULATORIAL,PR,CURITIBA,410690,1830795,2026,08597121000174,FUNDO ESTADUAL DE SAUDE DO PARANA - FUNSAUDE,001,037931,00000016688X,ESTADUAL,S,S,N,46189,250000,250000,-,-
2026,https://portalfns.saude.gov.br/idg_download/repasse-faf-com-populacao-2026-acumulado-ate-julho/,https://portalfns.saude.gov.br/wp-content/uploads/2026/08/Repasse-FAF-com-POPULACAO-2026-acumulado-ate-julho.xlsx,/home/neologos/anatomia-do-gasto-sprint2/data/raw/_nacional/fns/repasses_faf_com_populacao/2026/Repasse-FAF-com-POPULACAO-2026-acumulado-ate-julho.xlsx,Manutenção Das Ações E Serviços Públicos De Saúde,ATENÇÃO DE MÉDIA E ALTA COMPLEXIDADE AMBULATORIAL E HOSPITALAR,EMENDA - INCREMENTO TEMPORÁRIO AO CUSTEIO DOS SERVIÇOS DE ASSISTÊNCIA HOSPITALAR E AMBULATORIAL,PR,CURITIBA,410690,1830795,2026,08597121000174,FUNDO ESTADUAL DE SAUDE DO PARANA - FUNSAUDE,001,037931,000000164593,ESTADUAL,S,S,N,46189,400000,400000,-,-
2026,https://portalfns.saude.gov.br/idg_download/repasse-faf-com-populacao-2026-acumulado-ate-julho/,https://portalfns.saude.gov.br/wp-content/uploads/2026/08/Repasse-FAF-com-POPULACAO-2026-acumulado-ate-julho.xlsx,/home/neologos/anatomia-do-gasto-sprint2/data/raw/_nacional/fns/repasses_faf_com_populacao/2026/Repasse-FAF-com-POPULACAO-2026-acumulado-ate-julho.xlsx,Manutenção Das Ações E Serviços Públicos De Saúde,ATENÇÃO DE MÉDIA E ALTA COMPLEXIDADE AMBULATORIAL E HOSPITALAR,EMENDA - INCREMENTO TEMPORÁRIO AO CUSTEIO DOS SERVIÇOS DE ASSISTÊNCIA HOSPITALAR E AMBULATORIAL,PR,CURITIBA,410690,1830795,2026,08597121000174,FUNDO ESTADUAL DE SAUDE DO PARANA - FUNSAUDE,001,037931,000000164828,ESTADUAL,S,S,N,46189,400000,400000,-,-
2026,https://portalfns.saude.gov.br/idg_download/repasse-faf-com-populacao-2026-acumulado-ate-julho/,https://portalfns.saude.gov.br/wp-content/uploads/2026/08/Repasse-FAF-com-POPULACAO-2026-acumulado-ate-julho.xlsx,/home/neologos/anatomia-do-gasto-sprint2/data/raw/_nacional/fns/repasses_faf_com_populacao/2026/Repasse-FAF-com-POPULACAO-2026-acumulado-ate-julho.xlsx,Manutenção Das Ações E Serviços Públicos De Saúde,ATENÇÃO DE MÉDIA E ALTA COMPLEXIDADE AMBULATORIAL E HOSPITALAR,EMENDA - INCREMENTO TEMPORÁRIO AO CUSTEIO DOS SERVIÇOS DE ASSISTÊNCIA HOSPITALAR E AMBULATORIAL,PR,CURITIBA,410690,1830795,2026,08597121000174,FUNDO ESTADUAL DE SAUDE DO PARANA - FUNSAUDE,001,037931,000000165050,ESTADUAL,S,S,N,46189,350000,350000,-,-
2026,https://portalfns.saude.gov.br/idg_download/repasse-faf-com-populacao-2026-acumulado-ate-julho/,https://portalfns.saude.gov.br/wp-content/uploads/2026/08/Repasse-FAF-com-POPULACAO-2026-acumulado-ate-julho.xlsx,/home/neologos/anatomia-do-gasto-sprint2/data/raw/_nacional/fns/repasses_faf_com_populacao/2026/Repasse-FAF-com-POPULACAO-2026-acumulado-ate-julho.xlsx,Manutenção Das Ações E Serviços Públicos De Saúde,ATENÇÃO DE MÉDIA E ALTA COMPLEXIDADE AMBULATORIAL E HOSPITALAR,EMENDA - INCREMENTO TEMPORÁRIO AO CUSTEIO DOS SERVIÇOS DE ASSISTÊNCIA HOSPITALAR E AMBULATORIAL,PR,CURITIBA,410690,1830795,2026,08597121000174,FUNDO ESTADUAL DE SAUDE DO PARANA - FUNSAUDE,001,037931,000000165131,ESTADUAL,S,S,N,46189,350000,350000,-,-
2026,https://portalfns.saude.gov.br/idg_download/repasse-faf-com-populacao-2026-acumulado-ate-julho/,https://portalfns.saude.gov.br/wp-content/uploads/2026/08/Repasse-FAF-com-POPULACAO-2026-acumulado-ate-julho.xlsx,/home/neologos/anatomia-do-gasto-sprint2/data/raw/_nacional/fns/repasses_faf_com_populacao/2026/Repasse-FAF-com-POPULACAO-2026-acumulado-ate-julho.xlsx,Manutenção Das Ações E Serviços Públicos De Saúde,ATENÇÃO DE MÉDIA E ALTA COMPLEXIDADE AMBULATORIAL E HOSPITALAR,EMENDA - INCREMENTO TEMPORÁRIO AO CUSTEIO DOS SERVIÇOS DE ASSISTÊNCIA HOSPITALAR E AMBULATORIAL,PR,CURITIBA,410690,1830795,2026,08597121000174,FUNDO ESTADUAL DE SAUDE DO PARANA - FUNSAUDE,001,037931,000000165255,ESTADUAL,S,S,N,46189,350000,350000,-,-
2026,https://portalfns.saude.gov.br/idg_download/repasse-faf-com-populacao-2026-acumulado-ate-julho/,https://portalfns.saude.gov.br/wp-content/uploads/2026/08/Repasse-FAF-com-POPULACAO-2026-acumulado-ate-julho.xlsx,/home/neologos/anatomia-do-gasto-sprint2/data/raw/_nacional/fns/repasses_faf_com_populacao/2026/Repasse-FAF-com-POPULACAO-2026-acumulado-ate-julho.xlsx,Manutenção Das Ações E Serviços Públicos De Saúde,ATENÇÃO DE MÉDIA E ALTA COMPLEXIDADE AMBULATORIAL E HOSPITALAR,EMENDA - INCREMENTO TEMPORÁRIO AO CUSTEIO DOS SERVIÇOS DE ASSISTÊNCIA HOSPITALAR E AMBULATORIAL,PR,CURITIBA,410690,1830795,2026,08597121000174,FUNDO ESTADUAL DE SAUDE DO PARANA - FUNSAUDE,001,037931,000000165271,ESTADUAL,S,S,N,46189,350000,350000,-,-
2026,https://portalfns.saude.gov.br/idg_download/repasse-faf-com-populacao-2026-acumulado-ate-julho/,https://portalfns.saude.gov.br/wp-content/uploads/2026/08/Repasse-FAF-com-POPULACAO-2026-acumulado-ate-julho.xlsx,/home/neologos/anatomia-do-gasto-sprint2/data/raw/_nacional/fns/repasses_faf_com_populacao/2026/Repasse-FAF-com-POPULACAO-2026-acumulado-ate-julho.xlsx,Manutenção Das Ações E Serviços Públicos De Saúde,ATENÇÃO DE MÉDIA E ALTA COMPLEXIDADE AMBULATORIAL E HOSPITALAR,EMENDA - INCREMENTO TEMPORÁRIO AO CUSTEIO DOS SERVIÇOS DE ASSISTÊNCIA HOSPITALAR E AMBULATORIAL,PR,CURITIBA,410690,1830795,2026,08597121000174,FUNDO ESTADUAL DE SAUDE DO PARANA - FUNSAUDE,001,037931,000000165298,ESTADUAL,S,S,N,46189,350000,350000,-,-
2026,https://portalfns.saude.gov.br/idg_download/repasse-faf-com-populacao-2026-acumulado-ate-julho/,https://portalfns.saude.gov.br/wp-content/uploads/2026/08/Repasse-FAF-com-POPULACAO-2026-acumulado-ate-julho.xlsx,/home/neologos/anatomia-do-gasto-sprint2/data/raw/_nacional/fns/repasses_faf_com_populacao/2026/Repasse-FAF-com-POPULACAO-2026-acumulado-ate-julho.xlsx,Manutenção Das Ações E Serviços Públicos De Saúde,ATENÇÃO DE MÉDIA E ALTA COMPLEXIDADE AMBULATORIAL E HOSPITALAR,EMENDA - INCREMENTO TEMPORÁRIO AO CUSTEIO DOS SERVIÇOS DE ASSISTÊNCIA HOSPITALAR E AMBULATORIAL,PR,CURITIBA,410690,1830795,2026,08597121000174,FUNDO ESTADUAL DE SAUDE DO PARANA - FUNSAUDE,001,037931,000000165409,ESTADUAL,S,S,N,46189,400000,400000,-,-
2026,https://portalfns.saude.gov.br/idg_download/repasse-faf-com-populacao-2026-acumulado-ate-julho/,https://portalfns.saude.gov.br/wp-content/uploads/2026/08/Repasse-FAF-com-POPULACAO-2026-acumulado-ate-julho.xlsx,/home/neologos/anatomia-do-gasto-sprint2/data/raw/_nacional/fns/repasses_faf_com_populacao/2026/Repasse-FAF-com-POPULACAO-2026-acumulado-ate-julho.xlsx,Manutenção Das Ações E Serviços Públicos De Saúde,ATENÇÃO DE MÉDIA E ALTA COMPLEXIDADE AMBULATORIAL E HOSPITALAR,EMENDA - INCREMENTO TEMPORÁRIO AO CUSTEIO DOS SERVIÇOS DE ASSISTÊNCIA HOSPITALAR E AMBULATORIAL,PR,CURITIBA,410690,1830795,2026,08597121000174,FUNDO ESTADUAL DE SAUDE DO PARANA - FUNSAUDE,001,037931,000000165670,ESTADUAL,S,S,N,46189,300000,300000,-,-
2026,https://portalfns.saude.gov.br/idg_download/repasse-faf-com-populacao-2026-acumulado-ate-julho/,https://portalfns.saude.gov.br/wp-content/uploads/2026/08/Repasse-FAF-com-POPULACAO-2026-acumulado-ate-julho.xlsx,/home/neologos/anatomia-do-gasto-sprint2/data/raw/_nacional/fns/repasses_faf_com_populacao/2026/Repasse-FAF-com-POPULACAO-2026-acumulado-ate-julho.xlsx,Manutenção Das Ações E Serviços Públicos De Saúde,ATENÇÃO DE MÉDIA E ALTA COMPLEXIDADE AMBULATORIAL E HOSPITALAR,EMENDA - INCREMENTO TEMPORÁRIO AO CUSTEIO DOS SERVIÇOS DE ASSISTÊNCIA HOSPITALAR E AMBULATORIAL,PR,CURITIBA,410690,1830795,2026,08597121000174,FUNDO ESTADUAL DE SAUDE DO PARANA - FUNSAUDE,001,037931,000000165751,ESTADUAL,S,S,N,46189,500000,500000,-,-
2026,https://portalfns.saude.gov.br/idg_download/repasse-faf-com-populacao-2026-acumulado-ate-julho/,https://portalfns.saude.gov.br/wp-content/uploads/2026/08/Repasse-FAF-com-POPULACAO-2026-acumulado-ate-julho.xlsx,/home/neologos/anatomia-do-gasto-sprint2/data/raw/_nacional/fns/repasses_faf_com_populacao/2026/Repasse-FAF-com-POPULACAO-2026-acumulado-ate-julho.xlsx,Manutenção Das Ações E Serviços Públicos De Saúde,ATENÇÃO DE MÉDIA E ALTA COMPLEXIDADE AMBULATORIAL E HOSPITALAR,EMENDA - INCREMENTO TEMPORÁRIO AO CUSTEIO DOS SERVIÇOS DE ASSISTÊNCIA HOSPITALAR E AMBULATORIAL,PR,CURITIBA,410690,1830795,2026,08597121000174,FUNDO ESTADUAL DE SAUDE DO PARANA - FUNSAUDE,001,037931,000000165999,ESTADUAL,S,S,N,46189,12561,12561,-,-
2026,https://portalfns.saude.gov.br/idg_download/repasse-faf-com-populacao-2026-acumulado-ate-julho/,https://portalfns.saude.gov.br/wp-content/uploads/2026/08/Repasse-FAF-com-POPULACAO-2026-acumulado-ate-julho.xlsx,/home/neologos/anatomia-do-gasto-sprint2/data/raw/_nacional/fns/repasses_faf_com_populacao/2026/Repasse-FAF-com-POPULACAO-2026-acumulado-ate-julho.xlsx,Manutenção Das Ações E Serviços Públicos De Saúde,ATENÇÃO DE MÉDIA E ALTA COMPLEXIDADE AMBULATORIAL E HOSPITALAR,EMENDA - INCREMENTO TEMPORÁRIO AO CUSTEIO DOS SERVIÇOS DE ASSISTÊNCIA HOSPITALAR E AMBULATORIAL,PR,CURITIBA,410690,1830795,2026,08597121000174,FUNDO ESTADUAL DE SAUDE DO PARANA - FUNSAUDE,001,037931,000000166014,ESTADUAL,S,S,N,46189,350000,350000,-,-
2026,https://portalfns.saude.gov.br/idg_download/repasse-faf-com-populacao-2026-acumulado-ate-julho/,https://portalfns.saude.gov.br/wp-content/uploads/2026/08/Repasse-FAF-com-POPULACAO-2026-acumulado-ate-julho.xlsx,/home/neologos/anatomia-do-gasto-sprint2/data/raw/_nacional/fns/repasses_faf_com_populacao/2026/Repasse-FAF-com-POPULACAO-2026-acumulado-ate-julho.xlsx,Manutenção Das Ações E Serviços Públicos De Saúde,ATENÇÃO DE MÉDIA E ALTA COMPLEXIDADE AMBULATORIAL E HOSPITALAR,EMENDA - INCREMENTO TEMPORÁRIO AO CUSTEIO DOS SERVIÇOS DE ASSISTÊNCIA HOSPITALAR E AMBULATORIAL,PR,CURITIBA,410690,1830795,2026,08597121000174,FUNDO ESTADUAL DE SAUDE DO PARANA - FUNSAUDE,001,037931,000000166200,ESTADUAL,S,S,N,46189,300000,300000,-,-
2026,https://portalfns.saude.gov.br/idg_download/repasse-faf-com-populacao-2026-acumulado-ate-julho/,https://portalfns.saude.gov.br/wp-content/uploads/2026/08/Repasse-FAF-com-POPULACAO-2026-acumulado-ate-julho.xlsx,/home/neologos/anatomia-do-gasto-sprint2/data/raw/_nacional/fns/repasses_faf_com_populacao/2026/Repasse-FAF-com-POPULACAO-2026-acumulado-ate-julho.xlsx,Manutenção Das Ações E Serviços Públicos De Saúde,ATENÇÃO DE MÉDIA E ALTA COMPLEXIDADE AMBULATORIAL E HOSPITALAR,EMENDA - INCREMENTO TEMPORÁRIO AO CUSTEIO DOS SERVIÇOS DE ASSISTÊNCIA HOSPITALAR E AMBULATORIAL,PR,CURITIBA,410690,1830795,2026,08597121000174,FUNDO ESTADUAL DE SAUDE DO PARANA - FUNSAUDE,001,037931,000000166308,ESTADUAL,S,S,N,46189,350000,350000,-,-
2026,https://portalfns.saude.gov.br/idg_download/repasse-faf-com-populacao-2026-acumulado-ate-julho/,https://portalfns.saude.gov.br/wp-content/uploads/2026/08/Repasse-FAF-com-POPULACAO-2026-acumulado-ate-julho.xlsx,/home/neologos/anatomia-do-gasto-sprint2/data/raw/_nacional/fns/repasses_faf_com_populacao/2026/Repasse-FAF-com-POPULACAO-2026-acumulado-ate-julho.xlsx,Manutenção Das Ações E Serviços Públicos De Saúde,ATENÇÃO DE MÉDIA E ALTA COMPLEXIDADE AMBULATORIAL E HOSPITALAR,EMENDA - INCREMENTO TEMPORÁRIO AO CUSTEIO DOS SERVIÇOS DE ASSISTÊNCIA HOSPITALAR E AMBULATORIAL,PR,CURITIBA,410690,1830795,2026,08597121000174,FUNDO ESTADUAL DE SAUDE DO PARANA - FUNSAUDE,001,037931,000000167096,ESTADUAL,S,S,N,46189,110000,110000,-,-
2026,https://portalfns.saude.gov.br/idg_download/repasse-faf-com-populacao-2026-acumulado-ate-julho/,https://portalfns.saude.gov.br/wp-content/uploads/2026/08/Repasse-FAF-com-POPULACAO-2026-acumulado-ate-julho.xlsx,/home/neologos/anatomia-do-gasto-sprint2/data/raw/_nacional/fns/repasses_faf_com_populacao/2026/Repasse-FAF-com-POPULACAO-2026-acumulado-ate-julho.xlsx,Manutenção Das Ações E Serviços Públicos De Saúde,ATENÇÃO DE MÉDIA E ALTA COMPLEXIDADE AMBULATORIAL E HOSPITALAR,EMENDA - INCREMENTO TEMPORÁRIO AO CUSTEIO DOS SERVIÇOS DE ASSISTÊNCIA HOSPITALAR E AMBULATORIAL,PR,CURITIBA,410690,1830795,2026,13792329000184,FUNDO MUNICIPAL DA SAUDE,001,037931,000000164119,MUNICIPAL,N,S,N,46189,400000,400000,-,-
2026,https://portalfns.saude.gov.br/idg_download/repasse-faf-com-populacao-2026-acumulado-ate-julho/,https://portalfns.saude.gov.br/wp-content/uploads/2026/08/Repasse-FAF-com-POPULACAO-2026-acumulado-ate-julho.xlsx,/home/neologos/anatomia-do-gasto-sprint2/data/raw/_nacional/fns/repasses_faf_com_populacao/2026/Repasse-FAF-com-POPULACAO-2026-acumulado-ate-julho.xlsx,Manutenção Das Ações E Serviços Públicos De Saúde,ATENÇÃO DE MÉDIA E ALTA COMPLEXIDADE AMBULATORIAL E HOSPITALAR,EMENDA - INCREMENTO TEMPORÁRIO AO CUSTEIO DOS SERVIÇOS DE ASSISTÊNCIA HOSPITALAR E AMBULATORIAL,PR,CURITIBA,410690,1830795,2026,13792329000184,FUNDO MUNICIPAL DA SAUDE,001,037931,000000164135,MUNICIPAL,N,S,N,46189,300000,300000,-,-
2026,https://portalfns.saude.gov.br/idg_download/repasse-faf-com-populacao-2026-acumulado-ate-julho/,https://portalfns.saude.gov.br/wp-content/uploads/2026/08/Repasse-FAF-com-POPULACAO-2026-acumulado-ate-julho.xlsx,/home/neologos/anatomia-do-gasto-sprint2/data/raw/_nacional/fns/repasses_faf_com_populacao/2026/Repasse-FAF-com-POPULACAO-2026-acumulado-ate-julho.xlsx,Manutenção Das Ações E Serviços Públicos De Saúde,ATENÇÃO DE MÉDIA E ALTA COMPLEXIDADE AMBULATORIAL E HOSPITALAR,EMENDA - INCREMENTO TEMPORÁRIO AO CUSTEIO DOS SERVIÇOS DE ASSISTÊNCIA HOSPITALAR E AMBULATORIAL,PR,CURITIBA,410690,1830795,2026,13792329000184,FUNDO MUNICIPAL DA SAUDE,001,037931,000000164194,MUNICIPAL,N,S,N,46189,500000,500000,-,-
2026,https://portalfns.saude.gov.br/idg_download/repasse-faf-com-populacao-2026-acumulado-ate-julho/,https://portalfns.saude.gov.br/wp-content/uploads/2026/08/Repasse-FAF-com-POPULACAO-2026-acumulado-ate-julho.xlsx,/home/neologos/anatomia-do-gasto-sprint2/data/raw/_nacional/fns/repasses_faf_com_populacao/2026/Repasse-FAF-com-POPULACAO-2026-acumulado-ate-julho.xlsx,Manutenção Das Ações E Serviços Públicos De Saúde,ATENÇÃO DE MÉDIA E ALTA COMPLEXIDADE AMBULATORIAL E HOSPITALAR,EMENDA - INCREMENTO TEMPORÁRIO AO CUSTEIO DOS SERVIÇOS DE ASSISTÊNCIA HOSPITALAR E AMBULATORIAL,PR,CURITIBA,410690,1830795,2026,13792329000184,FUNDO MUNICIPAL DA SAUDE,001,037931,000000164321,MUNICIPAL,N,S,N,46189,200000,200000,-,-
2026,https://portalfns.saude.gov.br/idg_download/repasse-faf-com-populacao-2026-acumulado-ate-julho/,https://portalfns.saude.gov.br/wp-content/uploads/2026/08/Repasse-FAF-com-POPULACAO-2026-acumulado-ate-julho.xlsx,/home/neologos/anatomia-do-gasto-sprint2/data/raw/_nacional/fns/repasses_faf_com_populacao/2026/Repasse-FAF-com-POPULACAO-2026-acumulado-ate-julho.xlsx,Manutenção Das Ações E Serviços Públicos De Saúde,ATENÇÃO DE MÉDIA E ALTA COMPLEXIDADE AMBULATORIAL E HOSPITALAR,FAEC - OPME NÃO RELACIONADOS AO ATO CIRÚRGICO,PR,CURITIBA,410690,1830795,2026,13792329000184,FUNDO MUNICIPAL DA SAUDE,001,037931,000000139947,MUNICIPAL,N,S,N,46183,11135.8,11135.8,74262181.579999998,46203
2026,https://portalfns.saude.gov.br/idg_download/repasse-faf-com-populacao-2026-acumulado-ate-julho/,https://portalfns.saude.gov.br/wp-content/uploads/2026/08/Repasse-FAF-com-POPULACAO-2026-acumulado-ate-julho.xlsx,/home/neologos/anatomia-do-gasto-sprint2/data/raw/_nacional/fns/repasses_faf_com_populacao/2026/Repasse-FAF-com-POPULACAO-2026-acumulado-ate-julho.xlsx,Manutenção Das Ações E Serviços Públicos De Saúde,ATENÇÃO DE MÉDIA E ALTA COMPLEXIDADE AMBULATORIAL E HOSPITALAR,FAEC - PROGRAMA MAIS ACESSO A ESPECIALISTAS (PMAE),PR,CURITIBA,410690,1830795,2026,08597121000174,FUNDO ESTADUAL DE SAUDE DO PARANA - FUNSAUDE,001,037931,00000011958X,ESTADUAL,S,S,N,46183,1423643.03,1423643.03,259187936.87,46203
2026,https://portalfns.saude.gov.br/idg_download/repasse-faf-com-populacao-2026-acumulado-ate-julho/,https://portalfns.saude.gov.br/wp-content/uploads/2026/08/Repasse-FAF-com-POPULACAO-2026-acumulado-ate-julho.xlsx,/home/neologos/anatomia-do-gasto-sprint2/data/raw/_nacional/fns/repasses_faf_com_populacao/2026/Repasse-FAF-com-POPULACAO-2026-acumulado-ate-julho.xlsx,Manutenção Das Ações E Serviços Públicos De Saúde,ATENÇÃO DE MÉDIA E ALTA COMPLEXIDADE AMBULATORIAL E HOSPITALAR,FAEC - PROGRAMA MAIS ACESSO A ESPECIALISTAS (PMAE),PR,CURITIBA,410690,1830795,2026,13792329000184,FUNDO MUNICIPAL DA SAUDE,001,037931,000000139947,MUNICIPAL,N,S,N,46182,7377614.9900000002,7302149.9900000002,74262181.579999998,46203
2026,https://portalfns.saude.gov.br/idg_download/repasse-faf-com-populacao-2026-acumulado-ate-julho/,https://portalfns.saude.gov.br/wp-content/uploads/2026/08/Repasse-FAF-com-POPULACAO-2026-acumulado-ate-julho.xlsx,/home/neologos/anatomia-do-gasto-sprint2/data/raw/_nacional/fns/repasses_faf_com_populacao/2026/Repasse-FAF-com-POPULACAO-2026-acumulado-ate-julho.xlsx,Manutenção Das Ações E Serviços Públicos De Saúde,ATENÇÃO DE MÉDIA E ALTA COMPLEXIDADE AMBULATORIAL E HOSPITALAR,EMENDA - INCREMENTO TEMPORÁRIO AO CUSTEIO DOS SERVIÇOS DE ASSISTÊNCIA HOSPITALAR E AMBULATORIAL,PR,CURITIBA,410690,1830795,2026,08597121000174,FUNDO ESTADUAL DE SAUDE DO PARANA - FUNSAUDE,001,037931,000000167274,ESTADUAL,S,S,N,46181,50000,50000,-,-
2026,https://portalfns.saude.gov.br/idg_download/repasse-faf-com-populacao-2026-acumulado-ate-julho/,https://portalfns.saude.gov.br/wp-content/uploads/2026/08/Repasse-FAF-com-POPULACAO-2026-acumulado-ate-julho.xlsx,/home/neologos/anatomia-do-gasto-sprint2/data/raw/_nacional/fns/repasses_faf_com_populacao/2026/Repasse-FAF-com-POPULACAO-2026-acumulado-ate-julho.xlsx,Manutenção Das Ações E Serviços Públicos De Saúde,ATENÇÃO DE MÉDIA E ALTA COMPLEXIDADE AMBULATORIAL E HOSPITALAR,EMENDA - INCREMENTO TEMPORÁRIO AO CUSTEIO DOS SERVIÇOS DE ASSISTÊNCIA HOSPITALAR E AMBULATORIAL,PR,CURITIBA,410690,1830795,2026,08597121000174,FUNDO ESTADUAL DE SAUDE DO PARANA - FUNSAUDE,001,037931,00000016397X,ESTADUAL,S,S,N,46168,100000,100000,-,-
2026,https://portalfns.saude.gov.br/idg_download/repasse-faf-com-populacao-2026-acumulado-ate-julho/,https://portalfns.saude.gov.br/wp-content/uploads/2026/08/Repasse-FAF-com-POPULACAO-2026-acumulado-ate-julho.xlsx,/home/neologos/anatomia-do-gasto-sprint2/data/raw/_nacional/fns/repasses_faf_com_populacao/2026/Repasse-FAF-com-POPULACAO-2026-acumulado-ate-julho.xlsx,Manutenção Das Ações E Serviços Públicos De Saúde,ATENÇÃO DE MÉDIA E ALTA COMPLEXIDADE AMBULATORIAL E HOSPITALAR,EMENDA - INCREMENTO TEMPORÁRIO AO CUSTEIO DOS SERVIÇOS DE ASSISTÊNCIA HOSPITALAR E AMBULATORIAL,PR,CURITIBA,410690,1830795,2026,08597121000174,FUNDO ESTADUAL DE SAUDE DO PARANA - FUNSAUDE,001,037931,00000016514X,ESTADUAL,S,S,N,46168,100000,100000,-,-
2026,https://portalfns.saude.gov.br/idg_download/repasse-faf-com-populacao-2026-acumulado-ate-julho/,https://portalfns.saude.gov.br/wp-content/uploads/2026/08/Repasse-FAF-com-POPULACAO-2026-acumulado-ate-julho.xlsx,/home/neologos/anatomia-do-gasto-sprint2/data/raw/_nacional/fns/repasses_faf_com_populacao/2026/Repasse-FAF-com-POPULACAO-2026-acumulado-ate-julho.xlsx,Manutenção Das Ações E Serviços Públicos De Saúde,ATENÇÃO DE MÉDIA E ALTA COMPLEXIDADE AMBULATORIAL E HOSPITALAR,EMENDA - INCREMENTO TEMPORÁRIO AO CUSTEIO DOS SERVIÇOS DE ASSISTÊNCIA HOSPITALAR E AMBULATORIAL,PR,CURITIBA,410690,1830795,2026,08597121000174,FUNDO ESTADUAL DE SAUDE DO PARANA - FUNSAUDE,001,037931,00000016528X,ESTADUAL,S,S,N,46168,250000,250000,-,-
2026,https://portalfns.saude.gov.br/idg_download/repasse-faf-com-populacao-2026-acumulado-ate-julho/,https://portalfns.saude.gov.br/wp-content/uploads/2026/08/Repasse-FAF-com-POPULACAO-2026-acumulado-ate-julho.xlsx,/home/neologos/anatomia-do-gasto-sprint2/data/raw/_nacional/fns/repasses_faf_com_populacao/2026/Repasse-FAF-com-POPULACAO-2026-acumulado-ate-julho.xlsx,Manutenção Das Ações E Serviços Públicos De Saúde,ATENÇÃO DE MÉDIA E ALTA COMPLEXIDADE AMBULATORIAL E HOSPITALAR,EMENDA - INCREMENTO TEMPORÁRIO AO CUSTEIO DOS SERVIÇOS DE ASSISTÊNCIA HOSPITALAR E AMBULATORIAL,PR,CURITIBA,410690,1830795,2026,08597121000174,FUNDO ESTADUAL DE SAUDE DO PARANA - FUNSAUDE,001,037931,00000016545X,ESTADUAL,S,S,N,46168,1500000,1500000,-,-
2026,https://portalfns.saude.gov.br/idg_download/repasse-faf-com-populacao-2026-acumulado-ate-julho/,https://portalfns.saude.gov.br/wp-content/uploads/2026/08/Repasse-FAF-com-POPULACAO-2026-acumulado-ate-julho.xlsx,/home/neologos/anatomia-do-gasto-sprint2/data/raw/_nacional/fns/repasses_faf_com_populacao/2026/Repasse-FAF-com-POPULACAO-2026-acumulado-ate-julho.xlsx,Manutenção Das Ações E Serviços Públicos De Saúde,ATENÇÃO DE MÉDIA E ALTA COMPLEXIDADE AMBULATORIAL E HOSPITALAR,EMENDA - INCREMENTO TEMPORÁRIO AO CUSTEIO DOS SERVIÇOS DE ASSISTÊNCIA HOSPITALAR E AMBULATORIAL,PR,CURITIBA,410690,1830795,2026,08597121000174,FUNDO ESTADUAL DE SAUDE DO PARANA - FUNSAUDE,001,037931,00000016559X,ESTADUAL,S,S,N,46168,200000,200000,-,-
2026,https://portalfns.saude.gov.br/idg_download/repasse-faf-com-populacao-2026-acumulado-ate-julho/,https://portalfns.saude.gov.br/wp-content/uploads/2026/08/Repasse-FAF-com-POPULACAO-2026-acumulado-ate-julho.xlsx,/home/neologos/anatomia-do-gasto-sprint2/data/raw/_nacional/fns/repasses_faf_com_populacao/2026/Repasse-FAF-com-POPULACAO-2026-acumulado-ate-julho.xlsx,Manutenção Das Ações E Serviços Públicos De Saúde,ATENÇÃO DE MÉDIA E ALTA COMPLEXIDADE AMBULATORIAL E HOSPITALAR,EMENDA - INCREMENTO TEMPORÁRIO AO CUSTEIO DOS SERVIÇOS DE ASSISTÊNCIA HOSPITALAR E AMBULATORIAL,PR,CURITIBA,410690,1830795,2026,08597121000174,FUNDO ESTADUAL DE SAUDE DO PARANA - FUNSAUDE,001,037931,00000016562X,ESTADUAL,S,S,N,46168,500000,500000,-,-
2026,https://portalfns.saude.gov.br/idg_download/repasse-faf-com-populacao-2026-acumulado-ate-julho/,https://portalfns.saude.gov.br/wp-content/uploads/2026/08/Repasse-FAF-com-POPULACAO-2026-acumulado-ate-julho.xlsx,/home/neologos/anatomia-do-gasto-sprint2/data/raw/_nacional/fns/repasses_faf_com_populacao/2026/Repasse-FAF-com-POPULACAO-2026-acumulado-ate-julho.xlsx,Manutenção Das Ações E Serviços Públicos De Saúde,ATENÇÃO DE MÉDIA E ALTA COMPLEXIDADE AMBULATORIAL E HOSPITALAR,EMENDA - INCREMENTO TEMPORÁRIO AO CUSTEIO DOS SERVIÇOS DE ASSISTÊNCIA HOSPITALAR E AMBULATORIAL,PR,CURITIBA,410690,1830795,2026,08597121000174,FUNDO ESTADUAL DE SAUDE DO PARANA - FUNSAUDE,001,037931,00000016593X,ESTADUAL,S,S,N,46168,200000,200000,-,-
2026,https://portalfns.saude.gov.br/idg_download/repasse-faf-com-populacao-2026-acumulado-ate-julho/,https://portalfns.saude.gov.br/wp-content/uploads/2026/08/Repasse-FAF-com-POPULACAO-2026-acumulado-ate-julho.xlsx,/home/neologos/anatomia-do-gasto-sprint2/data/raw/_nacional/fns/repasses_faf_com_populacao/2026/Repasse-FAF-com-POPULACAO-2026-acumulado-ate-julho.xlsx,Manutenção Das Ações E Serviços Públicos De Saúde,ATENÇÃO DE MÉDIA E ALTA COMPLEXIDADE AMBULATORIAL E HOSPITALAR,EMENDA - INCREMENTO TEMPORÁRIO AO CUSTEIO DOS SERVIÇOS DE ASSISTÊNCIA HOSPITALAR E AMBULATORIAL,PR,CURITIBA,410690,1830795,2026,08597121000174,FUNDO ESTADUAL DE SAUDE DO PARANA - FUNSAUDE,001,037931,00000016626X,ESTADUAL,S,S,N,46168,50000,50000,-,-
2026,https://portalfns.saude.gov.br/idg_download/repasse-faf-com-populacao-2026-acumulado-ate-julho/,https://portalfns.saude.gov.br/wp-content/uploads/2026/08/Repasse-FAF-com-POPULACAO-2026-acumulado-ate-julho.xlsx,/home/neologos/anatomia-do-gasto-sprint2/data/raw/_nacional/fns/repasses_faf_com_populacao/2026/Repasse-FAF-com-POPULACAO-2026-acumulado-ate-julho.xlsx,Manutenção Das Ações E Serviços Públicos De Saúde,ATENÇÃO DE MÉDIA E ALTA COMPLEXIDADE AMBULATORIAL E HOSPITALAR,EMENDA - INCREMENTO TEMPORÁRIO AO CUSTEIO DOS SERVIÇOS DE ASSISTÊNCIA HOSPITALAR E AMBULATORIAL,PR,CURITIBA,410690,1830795,2026,08597121000174,FUNDO ESTADUAL DE SAUDE DO PARANA - FUNSAUDE,001,037931,00000016710X,ESTADUAL,S,S,N,46168,140454,140454,-,-
2026,https://portalfns.saude.gov.br/idg_download/repasse-faf-com-populacao-2026-acumulado-ate-julho/,https://portalfns.saude.gov.br/wp-content/uploads/2026/08/Repasse-FAF-com-POPULACAO-2026-acumulado-ate-julho.xlsx,/home/neologos/anatomia-do-gasto-sprint2/data/raw/_nacional/fns/repasses_faf_com_populacao/2026/Repasse-FAF-com-POPULACAO-2026-acumulado-ate-julho.xlsx,Manutenção Das Ações E Serviços Públicos De Saúde,ATENÇÃO DE MÉDIA E ALTA COMPLEXIDADE AMBULATORIAL E HOSPITALAR,EMENDA - INCREMENTO TEMPORÁRIO AO CUSTEIO DOS SERVIÇOS DE ASSISTÊNCIA HOSPITALAR E AMBULATORIAL,PR,CURITIBA,410690,1830795,2026,08597121000174,FUNDO ESTADUAL DE SAUDE DO PARANA - FUNSAUDE,001,037931,000000163864,ESTADUAL,S,S,N,46168,100000,100000,-,-
2026,https://portalfns.saude.gov.br/idg_download/repasse-faf-com-populacao-2026-acumulado-ate-julho/,https://portalfns.saude.gov.br/wp-content/uploads/2026/08/Repasse-FAF-com-POPULACAO-2026-acumulado-ate-julho.xlsx,/home/neologos/anatomia-do-gasto-sprint2/data/raw/_nacional/fns/repasses_faf_com_populacao/2026/Repasse-FAF-com-POPULACAO-2026-acumulado-ate-julho.xlsx,Manutenção Das Ações E Serviços Públicos De Saúde,ATENÇÃO DE MÉDIA E ALTA COMPLEXIDADE AMBULATORIAL E HOSPITALAR,EMENDA - INCREMENTO TEMPORÁRIO AO CUSTEIO DOS SERVIÇOS DE ASSISTÊNCIA HOSPITALAR E AMBULATORIAL,PR,CURITIBA,410690,1830795,2026,08597121000174,FUNDO ESTADUAL DE SAUDE DO PARANA - FUNSAUDE,001,037931,000000163872,ESTADUAL,S,S,N,46168,100000,100000,-,-
2026,https://portalfns.saude.gov.br/idg_download/repasse-faf-com-populacao-2026-acumulado-ate-julho/,https://portalfns.saude.gov.br/wp-content/uploads/2026/08/Repasse-FAF-com-POPULACAO-2026-acumulado-ate-julho.xlsx,/home/neologos/anatomia-do-gasto-sprint2/data/raw/_nacional/fns/repasses_faf_com_populacao/2026/Repasse-FAF-com-POPULACAO-2026-acumulado-ate-julho.xlsx,Manutenção Das Ações E Serviços Públicos De Saúde,ATENÇÃO DE MÉDIA E ALTA COMPLEXIDADE AMBULATORIAL E HOSPITALAR,EMENDA - INCREMENTO TEMPORÁRIO AO CUSTEIO DOS SERVIÇOS DE ASSISTÊNCIA HOSPITALAR E AMBULATORIAL,PR,CURITIBA,410690,1830795,2026,08597121000174,FUNDO ESTADUAL DE SAUDE DO PARANA - FUNSAUDE,001,037931,000000163880,ESTADUAL,S,S,N,46168,1000000,1000000,-,-
2026,https://portalfns.saude.gov.br/idg_download/repasse-faf-com-populacao-2026-acumulado-ate-julho/,https://portalfns.saude.gov.br/wp-content/uploads/2026/08/Repasse-FAF-com-POPULACAO-2026-acumulado-ate-julho.xlsx,/home/neologos/anatomia-do-gasto-sprint2/data/raw/_nacional/fns/repasses_faf_com_populacao/2026/Repasse-FAF-com-POPULACAO-2026-acumulado-ate-julho.xlsx,Manutenção Das Ações E Serviços Públicos De Saúde,ATENÇÃO DE MÉDIA E ALTA COMPLEXIDADE AMBULATORIAL E HOSPITALAR,EMENDA - INCREMENTO TEMPORÁRIO AO CUSTEIO DOS SERVIÇOS DE ASSISTÊNCIA HOSPITALAR E AMBULATORIAL,PR,CURITIBA,410690,1830795,2026,08597121000174,FUNDO ESTADUAL DE SAUDE DO PARANA - FUNSAUDE,001,037931,000000163899,ESTADUAL,S,S,N,46168,500000,500000,-,-
2026,https://portalfns.saude.gov.br/idg_download/repasse-faf-com-populacao-2026-acumulado-ate-julho/,https://portalfns.saude.gov.br/wp-content/uploads/2026/08/Repasse-FAF-com-POPULACAO-2026-acumulado-ate-julho.xlsx,/home/neologos/anatomia-do-gasto-sprint2/data/raw/_nacional/fns/repasses_faf_com_populacao/2026/Repasse-FAF-com-POPULACAO-2026-acumulado-ate-julho.xlsx,Manutenção Das Ações E Serviços Públicos De Saúde,ATENÇÃO DE MÉDIA E ALTA COMPLEXIDADE AMBULATORIAL E HOSPITALAR,EMENDA - INCREMENTO TEMPORÁRIO AO CUSTEIO DOS SERVIÇOS DE ASSISTÊNCIA HOSPITALAR E AMBULATORIAL,PR,CURITIBA,410690,1830795,2026,08597121000174,FUNDO ESTADUAL DE SAUDE DO PARANA - FUNSAUDE,001,037931,000000163929,ESTADUAL,S,S,N,46168,41063,41063,-,-
2026,https://portalfns.saude.gov.br/idg_download/repasse-faf-com-populacao-2026-acumulado-ate-julho/,https://portalfns.saude.gov.br/wp-content/uploads/2026/08/Repasse-FAF-com-POPULACAO-2026-acumulado-ate-julho.xlsx,/home/neologos/anatomia-do-gasto-sprint2/data/raw/_nacional/fns/repasses_faf_com_populacao/2026/Repasse-FAF-com-POPULACAO-2026-acumulado-ate-julho.xlsx,Manutenção Das Ações E Serviços Públicos De Saúde,ATENÇÃO DE MÉDIA E ALTA COMPLEXIDADE AMBULATORIAL E HOSPITALAR,EMENDA - INCREMENTO TEMPORÁRIO AO CUSTEIO DOS SERVIÇOS DE ASSISTÊNCIA HOSPITALAR E AMBULATORIAL,PR,CURITIBA,410690,1830795,2026,08597121000174,FUNDO ESTADUAL DE SAUDE DO PARANA - FUNSAUDE,001,037931,000000164380,ESTADUAL,S,S,N,46168,500000,500000,-,-
2026,https://portalfns.saude.gov.br/idg_download/repasse-faf-com-populacao-2026-acumulado-ate-julho/,https://portalfns.saude.gov.br/wp-content/uploads/2026/08/Repasse-FAF-com-POPULACAO-2026-acumulado-ate-julho.xlsx,/home/neologos/anatomia-do-gasto-sprint2/data/raw/_nacional/fns/repasses_faf_com_populacao/2026/Repasse-FAF-com-POPULACAO-2026-acumulado-ate-julho.xlsx,Manutenção Das Ações E Serviços Públicos De Saúde,ATENÇÃO DE MÉDIA E ALTA COMPLEXIDADE AMBULATORIAL E HOSPITALAR,EMENDA - INCREMENTO TEMPORÁRIO AO CUSTEIO DOS SERVIÇOS DE ASSISTÊNCIA HOSPITALAR E AMBULATORIAL,PR,CURITIBA,410690,1830795,2026,08597121000174,FUNDO ESTADUAL DE SAUDE DO PARANA - FUNSAUDE,001,037931,000000164534,ESTADUAL,S,S,N,46168,2000000,2000000,-,-
2026,https://portalfns.saude.gov.br/idg_download/repasse-faf-com-populacao-2026-acumulado-ate-julho/,https://portalfns.saude.gov.br/wp-content/uploads/2026/08/Repasse-FAF-com-POPULACAO-2026-acumulado-ate-julho.xlsx,/home/neologos/anatomia-do-gasto-sprint2/data/raw/_nacional/fns/repasses_faf_com_populacao/2026/Repasse-FAF-com-POPULACAO-2026-acumulado-ate-julho.xlsx,Manutenção Das Ações E Serviços Públicos De Saúde,ATENÇÃO DE MÉDIA E ALTA COMPLEXIDADE AMBULATORIAL E HOSPITALAR,EMENDA - INCREMENTO TEMPORÁRIO AO CUSTEIO DOS SERVIÇOS DE ASSISTÊNCIA HOSPITALAR E AMBULATORIAL,PR,CURITIBA,410690,1830795,2026,08597121000174,FUNDO ESTADUAL DE SAUDE DO PARANA - FUNSAUDE,001,037931,000000164607,ESTADUAL,S,S,N,46168,100000,100000,-,-
2026,https://portalfns.saude.gov.br/idg_download/repasse-faf-com-populacao-2026-acumulado-ate-julho/,https://portalfns.saude.gov.br/wp-content/uploads/2026/08/Repasse-FAF-com-POPULACAO-2026-acumulado-ate-julho.xlsx,/home/neologos/anatomia-do-gasto-sprint2/data/raw/_nacional/fns/repasses_faf_com_populacao/2026/Repasse-FAF-com-POPULACAO-2026-acumulado-ate-julho.xlsx,Manutenção Das Ações E Serviços Públicos De Saúde,ATENÇÃO DE MÉDIA E ALTA COMPLEXIDADE AMBULATORIAL E HOSPITALAR,EMENDA - INCREMENTO TEMPORÁRIO AO CUSTEIO DOS SERVIÇOS DE ASSISTÊNCIA HOSPITALAR E AMBULATORIAL,PR,CURITIBA,410690,1830795,2026,08597121000174,FUNDO ESTADUAL DE SAUDE DO PARANA - FUNSAUDE,001,037931,000000164615,ESTADUAL,S,S,N,46168,200000,200000,-,-
2026,https://portalfns.saude.gov.br/idg_download/repasse-faf-com-populacao-2026-acumulado-ate-julho/,https://portalfns.saude.gov.br/wp-content/uploads/2026/08/Repasse-FAF-com-POPULACAO-2026-acumulado-ate-julho.xlsx,/home/neologos/anatomia-do-gasto-sprint2/data/raw/_nacional/fns/repasses_faf_com_populacao/2026/Repasse-FAF-com-POPULACAO-2026-acumulado-ate-julho.xlsx,Manutenção Das Ações E Serviços Públicos De Saúde,ATENÇÃO DE MÉDIA E ALTA COMPLEXIDADE AMBULATORIAL E HOSPITALAR,EMENDA - INCREMENTO TEMPORÁRIO AO CUSTEIO DOS SERVIÇOS DE ASSISTÊNCIA HOSPITALAR E AMBULATORIAL,PR,CURITIBA,410690,1830795,2026,08597121000174,FUNDO ESTADUAL DE SAUDE DO PARANA - FUNSAUDE,001,037931,000000164666,ESTADUAL,S,S,N,46168,150000,150000,-,-
2026,https://portalfns.saude.gov.br/idg_download/repasse-faf-com-populacao-2026-acumulado-ate-julho/,https://portalfns.saude.gov.br/wp-content/uploads/2026/08/Repasse-FAF-com-POPULACAO-2026-acumulado-ate-julho.xlsx,/home/neologos/anatomia-do-gasto-sprint2/data/raw/_nacional/fns/repasses_faf_com_populacao/2026/Repasse-FAF-com-POPULACAO-2026-acumulado-ate-julho.xlsx,Manutenção Das Ações E Serviços Públicos De Saúde,ATENÇÃO DE MÉDIA E ALTA COMPLEXIDADE AMBULATORIAL E HOSPITALAR,EMENDA - INCREMENTO TEMPORÁRIO AO CUSTEIO DOS SERVIÇOS DE ASSISTÊNCIA HOSPITALAR E AMBULATORIAL,PR,CURITIBA,410690,1830795,2026,08597121000174,FUNDO ESTADUAL DE SAUDE DO PARANA - FUNSAUDE,001,037931,000000164801,ESTADUAL,S,S,N,46168,300000,300000,-,-
2026,https://portalfns.saude.gov.br/idg_download/repasse-faf-com-populacao-2026-acumulado-ate-julho/,https://portalfns.saude.gov.br/wp-content/uploads/2026/08/Repasse-FAF-com-POPULACAO-2026-acumulado-ate-julho.xlsx,/home/neologos/anatomia-do-gasto-sprint2/data/raw/_nacional/fns/repasses_faf_com_populacao/2026/Repasse-FAF-com-POPULACAO-2026-acumulado-ate-julho.xlsx,Manutenção Das Ações E Serviços Públicos De Saúde,ATENÇÃO DE MÉDIA E ALTA COMPLEXIDADE AMBULATORIAL E HOSPITALAR,EMENDA - INCREMENTO TEMPORÁRIO AO CUSTEIO DOS SERVIÇOS DE ASSISTÊNCIA HOSPITALAR E AMBULATORIAL,PR,CURITIBA,410690,1830795,2026,08597121000174,FUNDO ESTADUAL DE SAUDE DO PARANA - FUNSAUDE,001,037931,000000164895,ESTADUAL,S,S,N,46168,100000,100000,-,-
2026,https://portalfns.saude.gov.br/idg_download/repasse-faf-com-populacao-2026-acumulado-ate-julho/,https://portalfns.saude.gov.br/wp-content/uploads/2026/08/Repasse-FAF-com-POPULACAO-2026-acumulado-ate-julho.xlsx,/home/neologos/anatomia-do-gasto-sprint2/data/raw/_nacional/fns/repasses_faf_com_populacao/2026/Repasse-FAF-com-POPULACAO-2026-acumulado-ate-julho.xlsx,Manutenção Das Ações E Serviços Públicos De Saúde,ATENÇÃO DE MÉDIA E ALTA COMPLEXIDADE AMBULATORIAL E HOSPITALAR,EMENDA - INCREMENTO TEMPORÁRIO AO CUSTEIO DOS SERVIÇOS DE ASSISTÊNCIA HOSPITALAR E AMBULATORIAL,PR,CURITIBA,410690,1830795,2026,08597121000174,FUNDO ESTADUAL DE SAUDE DO PARANA - FUNSAUDE,001,037931,000000164976,ESTADUAL,S,S,N,46168,404000,404000,-,-
2026,https://portalfns.saude.gov.br/idg_download/repasse-faf-com-populacao-2026-acumulado-ate-julho/,https://portalfns.saude.gov.br/wp-content/uploads/2026/08/Repasse-FAF-com-POPULACAO-2026-acumulado-ate-julho.xlsx,/home/neologos/anatomia-do-gasto-sprint2/data/raw/_nacional/fns/repasses_faf_com_populacao/2026/Repasse-FAF-com-POPULACAO-2026-acumulado-ate-julho.xlsx,Manutenção Das Ações E Serviços Públicos De Saúde,ATENÇÃO DE MÉDIA E ALTA COMPLEXIDADE AMBULATORIAL E HOSPITALAR,EMENDA - INCREMENTO TEMPORÁRIO AO CUSTEIO DOS SERVIÇOS DE ASSISTÊNCIA HOSPITALAR E AMBULATORIAL,PR,CURITIBA,410690,1830795,2026,08597121000174,FUNDO ESTADUAL DE SAUDE DO PARANA - FUNSAUDE,001,037931,000000164992,ESTADUAL,S,S,N,46168,50000,50000,-,-
2026,https://portalfns.saude.gov.br/idg_download/repasse-faf-com-populacao-2026-acumulado-ate-julho/,https://portalfns.saude.gov.br/wp-content/uploads/2026/08/Repasse-FAF-com-POPULACAO-2026-acumulado-ate-julho.xlsx,/home/neologos/anatomia-do-gasto-sprint2/data/raw/_nacional/fns/repasses_faf_com_populacao/2026/Repasse-FAF-com-POPULACAO-2026-acumulado-ate-julho.xlsx,Manutenção Das Ações E Serviços Públicos De Saúde,ATENÇÃO DE MÉDIA E ALTA COMPLEXIDADE AMBULATORIAL E HOSPITALAR,EMENDA - INCREMENTO TEMPORÁRIO AO CUSTEIO DOS SERVIÇOS DE ASSISTÊNCIA HOSPITALAR E AMBULATORIAL,PR,CURITIBA,410690,1830795,2026,08597121000174,FUNDO ESTADUAL DE SAUDE DO PARANA - FUNSAUDE,001,037931,000000165042,ESTADUAL,S,S,N,46168,300000,300000,-,-
2026,https://portalfns.saude.gov.br/idg_download/repasse-faf-com-populacao-2026-acumulado-ate-julho/,https://portalfns.saude.gov.br/wp-content/uploads/2026/08/Repasse-FAF-com-POPULACAO-2026-acumulado-ate-julho.xlsx,/home/neologos/anatomia-do-gasto-sprint2/data/raw/_nacional/fns/repasses_faf_com_populacao/2026/Repasse-FAF-com-POPULACAO-2026-acumulado-ate-julho.xlsx,Manutenção Das Ações E Serviços Públicos De Saúde,ATENÇÃO DE MÉDIA E ALTA COMPLEXIDADE AMBULATORIAL E HOSPITALAR,EMENDA - INCREMENTO TEMPORÁRIO AO CUSTEIO DOS SERVIÇOS DE ASSISTÊNCIA HOSPITALAR E AMBULATORIAL,PR,CURITIBA,410690,1830795,2026,08597121000174,FUNDO ESTADUAL DE SAUDE DO PARANA - FUNSAUDE,001,037931,000000165093,ESTADUAL,S,S,N,46168,100000,100000,-,-
2026,https://portalfns.saude.gov.br/idg_download/repasse-faf-com-populacao-2026-acumulado-ate-julho/,https://portalfns.saude.gov.br/wp-content/uploads/2026/08/Repasse-FAF-com-POPULACAO-2026-acumulado-ate-julho.xlsx,/home/neologos/anatomia-do-gasto-sprint2/data/raw/_nacional/fns/repasses_faf_com_populacao/2026/Repasse-FAF-com-POPULACAO-2026-acumulado-ate-julho.xlsx,Manutenção Das Ações E Serviços Públicos De Saúde,ATENÇÃO DE MÉDIA E ALTA COMPLEXIDADE AMBULATORIAL E HOSPITALAR,EMENDA - INCREMENTO TEMPORÁRIO AO CUSTEIO DOS SERVIÇOS DE ASSISTÊNCIA HOSPITALAR E AMBULATORIAL,PR,CURITIBA,410690,1830795,2026,08597121000174,FUNDO ESTADUAL DE SAUDE DO PARANA - FUNSAUDE,001,037931,000000165115,ESTADUAL,S,S,N,46168,200000,200000,-,-
2026,https://portalfns.saude.gov.br/idg_download/repasse-faf-com-populacao-2026-acumulado-ate-julho/,https://portalfns.saude.gov.br/wp-content/uploads/2026/08/Repasse-FAF-com-POPULACAO-2026-acumulado-ate-julho.xlsx,/home/neologos/anatomia-do-gasto-sprint2/data/raw/_nacional/fns/repasses_faf_com_populacao/2026/Repasse-FAF-com-POPULACAO-2026-acumulado-ate-julho.xlsx,Manutenção Das Ações E Serviços Públicos De Saúde,ATENÇÃO DE MÉDIA E ALTA COMPLEXIDADE AMBULATORIAL E HOSPITALAR,EMENDA - INCREMENTO TEMPORÁRIO AO CUSTEIO DOS SERVIÇOS DE ASSISTÊNCIA HOSPITALAR E AMBULATORIAL,PR,CURITIBA,410690,1830795,2026,08597121000174,FUNDO ESTADUAL DE SAUDE DO PARANA - FUNSAUDE,001,037931,000000165158,ESTADUAL,S,S,N,46168,500000,500000,-,-
2026,https://portalfns.saude.gov.br/idg_download/repasse-faf-com-populacao-2026-acumulado-ate-julho/,https://portalfns.saude.gov.br/wp-content/uploads/2026/08/Repasse-FAF-com-POPULACAO-2026-acumulado-ate-julho.xlsx,/home/neologos/anatomia-do-gasto-sprint2/data/raw/_nacional/fns/repasses_faf_com_populacao/2026/Repasse-FAF-com-POPULACAO-2026-acumulado-ate-julho.xlsx,Manutenção Das Ações E Serviços Públicos De Saúde,ATENÇÃO DE MÉDIA E ALTA COMPLEXIDADE AMBULATORIAL E HOSPITALAR,EMENDA - INCREMENTO TEMPORÁRIO AO CUSTEIO DOS SERVIÇOS DE ASSISTÊNCIA HOSPITALAR E AMBULATORIAL,PR,CURITIBA,410690,1830795,2026,08597121000174,FUNDO ESTADUAL DE SAUDE DO PARANA - FUNSAUDE,001,037931,000000165166,ESTADUAL,S,S,N,46168,130000,130000,-,-
2026,https://portalfns.saude.gov.br/idg_download/repasse-faf-com-populacao-2026-acumulado-ate-julho/,https://portalfns.saude.gov.br/wp-content/uploads/2026/08/Repasse-FAF-com-POPULACAO-2026-acumulado-ate-julho.xlsx,/home/neologos/anatomia-do-gasto-sprint2/data/raw/_nacional/fns/repasses_faf_com_populacao/2026/Repasse-FAF-com-POPULACAO-2026-acumulado-ate-julho.xlsx,Manutenção Das Ações E Serviços Públicos De Saúde,ATENÇÃO DE MÉDIA E ALTA COMPLEXIDADE AMBULATORIAL E HOSPITALAR,EMENDA - INCREMENTO TEMPORÁRIO AO CUSTEIO DOS SERVIÇOS DE ASSISTÊNCIA HOSPITALAR E AMBULATORIAL,PR,CURITIBA,410690,1830795,2026,08597121000174,FUNDO ESTADUAL DE SAUDE DO PARANA - FUNSAUDE,001,037931,000000165182,ESTADUAL,S,S,N,46168,68117,68117,-,-
2026,https://portalfns.saude.gov.br/idg_download/repasse-faf-com-populacao-2026-acumulado-ate-julho/,https://portalfns.saude.gov.br/wp-content/uploads/2026/08/Repasse-FAF-com-POPULACAO-2026-acumulado-ate-julho.xlsx,/home/neologos/anatomia-do-gasto-sprint2/data/raw/_nacional/fns/repasses_faf_com_populacao/2026/Repasse-FAF-com-POPULACAO-2026-acumulado-ate-julho.xlsx,Manutenção Das Ações E Serviços Públicos De Saúde,ATENÇÃO DE MÉDIA E ALTA COMPLEXIDADE AMBULATORIAL E HOSPITALAR,EMENDA - INCREMENTO TEMPORÁRIO AO CUSTEIO DOS SERVIÇOS DE ASSISTÊNCIA HOSPITALAR E AMBULATORIAL,PR,CURITIBA,410690,1830795,2026,08597121000174,FUNDO ESTADUAL DE SAUDE DO PARANA - FUNSAUDE,001,037931,000000165212,ESTADUAL,S,S,N,46168,1700000,1700000,-,-
2026,https://portalfns.saude.gov.br/idg_download/repasse-faf-com-populacao-2026-acumulado-ate-julho/,https://portalfns.saude.gov.br/wp-content/uploads/2026/08/Repasse-FAF-com-POPULACAO-2026-acumulado-ate-julho.xlsx,/home/neologos/anatomia-do-gasto-sprint2/data/raw/_nacional/fns/repasses_faf_com_populacao/2026/Repasse-FAF-com-POPULACAO-2026-acumulado-ate-julho.xlsx,Manutenção Das Ações E Serviços Públicos De Saúde,ATENÇÃO DE MÉDIA E ALTA COMPLEXIDADE AMBULATORIAL E HOSPITALAR,EMENDA - INCREMENTO TEMPORÁRIO AO CUSTEIO DOS SERVIÇOS DE ASSISTÊNCIA HOSPITALAR E AMBULATORIAL,PR,CURITIBA,410690,1830795,2026,08597121000174,FUNDO ESTADUAL DE SAUDE DO PARANA - FUNSAUDE,001,037931,000000165220,ESTADUAL,S,S,N,46168,300000,300000,-,-
2026,https://portalfns.saude.gov.br/idg_download/repasse-faf-com-populacao-2026-acumulado-ate-julho/,https://portalfns.saude.gov.br/wp-content/uploads/2026/08/Repasse-FAF-com-POPULACAO-2026-acumulado-ate-julho.xlsx,/home/neologos/anatomia-do-gasto-sprint2/data/raw/_nacional/fns/repasses_faf_com_populacao/2026/Repasse-FAF-com-POPULACAO-2026-acumulado-ate-julho.xlsx,Manutenção Das Ações E Serviços Públicos De Saúde,ATENÇÃO DE MÉDIA E ALTA COMPLEXIDADE AMBULATORIAL E HOSPITALAR,EMENDA - INCREMENTO TEMPORÁRIO AO CUSTEIO DOS SERVIÇOS DE ASSISTÊNCIA HOSPITALAR E AMBULATORIAL,PR,CURITIBA,410690,1830795,2026,08597121000174,FUNDO ESTADUAL DE SAUDE DO PARANA - FUNSAUDE,001,037931,000000165239,ESTADUAL,S,S,N,46168,200000,200000,-,-
2026,https://portalfns.saude.gov.br/idg_download/repasse-faf-com-populacao-2026-acumulado-ate-julho/,https://portalfns.saude.gov.br/wp-content/uploads/2026/08/Repasse-FAF-com-POPULACAO-2026-acumulado-ate-julho.xlsx,/home/neologos/anatomia-do-gasto-sprint2/data/raw/_nacional/fns/repasses_faf_com_populacao/2026/Repasse-FAF-com-POPULACAO-2026-acumulado-ate-julho.xlsx,Manutenção Das Ações E Serviços Públicos De Saúde,ATENÇÃO DE MÉDIA E ALTA COMPLEXIDADE AMBULATORIAL E HOSPITALAR,EMENDA - INCREMENTO TEMPORÁRIO AO CUSTEIO DOS SERVIÇOS DE ASSISTÊNCIA HOSPITALAR E AMBULATORIAL,PR,CURITIBA,410690,1830795,2026,08597121000174,FUNDO ESTADUAL DE SAUDE DO PARANA - FUNSAUDE,001,037931,000000165336,ESTADUAL,S,S,N,46168,88668,88668,-,-
2026,https://portalfns.saude.gov.br/idg_download/repasse-faf-com-populacao-2026-acumulado-ate-julho/,https://portalfns.saude.gov.br/wp-content/uploads/2026/08/Repasse-FAF-com-POPULACAO-2026-acumulado-ate-julho.xlsx,/home/neologos/anatomia-do-gasto-sprint2/data/raw/_nacional/fns/repasses_faf_com_populacao/2026/Repasse-FAF-com-POPULACAO-2026-acumulado-ate-julho.xlsx,Manutenção Das Ações E Serviços Públicos De Saúde,ATENÇÃO DE MÉDIA E ALTA COMPLEXIDADE AMBULATORIAL E HOSPITALAR,EMENDA - INCREMENTO TEMPORÁRIO AO CUSTEIO DOS SERVIÇOS DE ASSISTÊNCIA HOSPITALAR E AMBULATORIAL,PR,CURITIBA,410690,1830795,2026,08597121000174,FUNDO ESTADUAL DE SAUDE DO PARANA - FUNSAUDE,001,037931,000000165344,ESTADUAL,S,S,N,46168,250000,250000,-,-
2026,https://portalfns.saude.gov.br/idg_download/repasse-faf-com-populacao-2026-acumulado-ate-julho/,https://portalfns.saude.gov.br/wp-content/uploads/2026/08/Repasse-FAF-com-POPULACAO-2026-acumulado-ate-julho.xlsx,/home/neologos/anatomia-do-gasto-sprint2/data/raw/_nacional/fns/repasses_faf_com_populacao/2026/Repasse-FAF-com-POPULACAO-2026-acumulado-ate-julho.xlsx,Manutenção Das Ações E Serviços Públicos De Saúde,ATENÇÃO DE MÉDIA E ALTA COMPLEXIDADE AMBULATORIAL E HOSPITALAR,EMENDA - INCREMENTO TEMPORÁRIO AO CUSTEIO DOS SERVIÇOS DE ASSISTÊNCIA HOSPITALAR E AMBULATORIAL,PR,CURITIBA,410690,1830795,2026,08597121000174,FUNDO ESTADUAL DE SAUDE DO PARANA - FUNSAUDE,001,037931,000000165352,ESTADUAL,S,S,N,46168,140000,140000,-,-
2026,https://portalfns.saude.gov.br/idg_download/repasse-faf-com-populacao-2026-acumulado-ate-julho/,https://portalfns.saude.gov.br/wp-content/uploads/2026/08/Repasse-FAF-com-POPULACAO-2026-acumulado-ate-julho.xlsx,/home/neologos/anatomia-do-gasto-sprint2/data/raw/_nacional/fns/repasses_faf_com_populacao/2026/Repasse-FAF-com-POPULACAO-2026-acumulado-ate-julho.xlsx,Manutenção Das Ações E Serviços Públicos De Saúde,ATENÇÃO DE MÉDIA E ALTA COMPLEXIDADE AMBULATORIAL E HOSPITALAR,EMENDA - INCREMENTO TEMPORÁRIO AO CUSTEIO DOS SERVIÇOS DE ASSISTÊNCIA HOSPITALAR E AMBULATORIAL,PR,CURITIBA,410690,1830795,2026,08597121000174,FUNDO ESTADUAL DE SAUDE DO PARANA - FUNSAUDE,001,037931,000000165360,ESTADUAL,S,S,N,46168,500000,500000,-,-
2026,https://portalfns.saude.gov.br/idg_download/repasse-faf-com-populacao-2026-acumulado-ate-julho/,https://portalfns.saude.gov.br/wp-content/uploads/2026/08/Repasse-FAF-com-POPULACAO-2026-acumulado-ate-julho.xlsx,/home/neologos/anatomia-do-gasto-sprint2/data/raw/_nacional/fns/repasses_faf_com_populacao/2026/Repasse-FAF-com-POPULACAO-2026-acumulado-ate-julho.xlsx,Manutenção Das Ações E Serviços Públicos De Saúde,ATENÇÃO DE MÉDIA E ALTA COMPLEXIDADE AMBULATORIAL E HOSPITALAR,EMENDA - INCREMENTO TEMPORÁRIO AO CUSTEIO DOS SERVIÇOS DE ASSISTÊNCIA HOSPITALAR E AMBULATORIAL,PR,CURITIBA,410690,1830795,2026,08597121000174,FUNDO ESTADUAL DE SAUDE DO PARANA - FUNSAUDE,001,037931,000000165417,ESTADUAL,S,S,N,46168,300000,300000,-,-
2026,https://portalfns.saude.gov.br/idg_download/repasse-faf-com-populacao-2026-acumulado-ate-julho/,https://portalfns.saude.gov.br/wp-content/uploads/2026/08/Repasse-FAF-com-POPULACAO-2026-acumulado-ate-julho.xlsx,/home/neologos/anatomia-do-gasto-sprint2/data/raw/_nacional/fns/repasses_faf_com_populacao/2026/Repasse-FAF-com-POPULACAO-2026-acumulado-ate-julho.xlsx,Manutenção Das Ações E Serviços Públicos De Saúde,ATENÇÃO DE MÉDIA E ALTA COMPLEXIDADE AMBULATORIAL E HOSPITALAR,EMENDA - INCREMENTO TEMPORÁRIO AO CUSTEIO DOS SERVIÇOS DE ASSISTÊNCIA HOSPITALAR E AMBULATORIAL,PR,CURITIBA,410690,1830795,2026,08597121000174,FUNDO ESTADUAL DE SAUDE DO PARANA - FUNSAUDE,001,037931,000000165441,ESTADUAL,S,S,N,46168,124000,124000,-,-
2026,https://portalfns.saude.gov.br/idg_download/repasse-faf-com-populacao-2026-acumulado-ate-julho/,https://portalfns.saude.gov.br/wp-content/uploads/2026/08/Repasse-FAF-com-POPULACAO-2026-acumulado-ate-julho.xlsx,/home/neologos/anatomia-do-gasto-sprint2/data/raw/_nacional/fns/repasses_faf_com_populacao/2026/Repasse-FAF-com-POPULACAO-2026-acumulado-ate-julho.xlsx,Manutenção Das Ações E Serviços Públicos De Saúde,ATENÇÃO DE MÉDIA E ALTA COMPLEXIDADE AMBULATORIAL E HOSPITALAR,EMENDA - INCREMENTO TEMPORÁRIO AO CUSTEIO DOS SERVIÇOS DE ASSISTÊNCIA HOSPITALAR E AMBULATORIAL,PR,CURITIBA,410690,1830795,2026,08597121000174,FUNDO ESTADUAL DE SAUDE DO PARANA - FUNSAUDE,001,037931,000000165468,ESTADUAL,S,S,N,46168,300000,300000,-,-
2026,https://portalfns.saude.gov.br/idg_download/repasse-faf-com-populacao-2026-acumulado-ate-julho/,https://portalfns.saude.gov.br/wp-content/uploads/2026/08/Repasse-FAF-com-POPULACAO-2026-acumulado-ate-julho.xlsx,/home/neologos/anatomia-do-gasto-sprint2/data/raw/_nacional/fns/repasses_faf_com_populacao/2026/Repasse-FAF-com-POPULACAO-2026-acumulado-ate-julho.xlsx,Manutenção Das Ações E Serviços Públicos De Saúde,ATENÇÃO DE MÉDIA E ALTA COMPLEXIDADE AMBULATORIAL E HOSPITALAR,EMENDA - INCREMENTO TEMPORÁRIO AO CUSTEIO DOS SERVIÇOS DE ASSISTÊNCIA HOSPITALAR E AMBULATORIAL,PR,CURITIBA,410690,1830795,2026,08597121000174,FUNDO ESTADUAL DE SAUDE DO PARANA - FUNSAUDE,001,037931,000000165484,ESTADUAL,S,S,N,46168,200000,200000,-,-
2026,https://portalfns.saude.gov.br/idg_download/repasse-faf-com-populacao-2026-acumulado-ate-julho/,https://portalfns.saude.gov.br/wp-content/uploads/2026/08/Repasse-FAF-com-POPULACAO-2026-acumulado-ate-julho.xlsx,/home/neologos/anatomia-do-gasto-sprint2/data/raw/_nacional/fns/repasses_faf_com_populacao/2026/Repasse-FAF-com-POPULACAO-2026-acumulado-ate-julho.xlsx,Manutenção Das Ações E Serviços Públicos De Saúde,ATENÇÃO DE MÉDIA E ALTA COMPLEXIDADE AMBULATORIAL E HOSPITALAR,EMENDA - INCREMENTO TEMPORÁRIO AO CUSTEIO DOS SERVIÇOS DE ASSISTÊNCIA HOSPITALAR E AMBULATORIAL,PR,CURITIBA,410690,1830795,2026,08597121000174,FUNDO ESTADUAL DE SAUDE DO PARANA - FUNSAUDE,001,037931,000000165514,ESTADUAL,S,S,N,46168,1000000,1000000,-,-
2026,https://portalfns.saude.gov.br/idg_download/repasse-faf-com-populacao-2026-acumulado-ate-julho/,https://portalfns.saude.gov.br/wp-content/uploads/2026/08/Repasse-FAF-com-POPULACAO-2026-acumulado-ate-julho.xlsx,/home/neologos/anatomia-do-gasto-sprint2/data/raw/_nacional/fns/repasses_faf_com_populacao/2026/Repasse-FAF-com-POPULACAO-2026-acumulado-ate-julho.xlsx,Manutenção Das Ações E Serviços Públicos De Saúde,ATENÇÃO DE MÉDIA E ALTA COMPLEXIDADE AMBULATORIAL E HOSPITALAR,EMENDA - INCREMENTO TEMPORÁRIO AO CUSTEIO DOS SERVIÇOS DE ASSISTÊNCIA HOSPITALAR E AMBULATORIAL,PR,CURITIBA,410690,1830795,2026,08597121000174,FUNDO ESTADUAL DE SAUDE DO PARANA - FUNSAUDE,001,037931,000000165522,ESTADUAL,S,S,N,46168,1000000,1000000,-,-
2026,https://portalfns.saude.gov.br/idg_download/repasse-faf-com-populacao-2026-acumulado-ate-julho/,https://portalfns.saude.gov.br/wp-content/uploads/2026/08/Repasse-FAF-com-POPULACAO-2026-acumulado-ate-julho.xlsx,/home/neologos/anatomia-do-gasto-sprint2/data/raw/_nacional/fns/repasses_faf_com_populacao/2026/Repasse-FAF-com-POPULACAO-2026-acumulado-ate-julho.xlsx,Manutenção Das Ações E Serviços Públicos De Saúde,ATENÇÃO DE MÉDIA E ALTA COMPLEXIDADE AMBULATORIAL E HOSPITALAR,EMENDA - INCREMENTO TEMPORÁRIO AO CUSTEIO DOS SERVIÇOS DE ASSISTÊNCIA HOSPITALAR E AMBULATORIAL,PR,CURITIBA,410690,1830795,2026,08597121000174,FUNDO ESTADUAL DE SAUDE DO PARANA - FUNSAUDE,001,037931,000000165530,ESTADUAL,S,S,N,46168,200000,200000,-,-
2026,https://portalfns.saude.gov.br/idg_download/repasse-faf-com-populacao-2026-acumulado-ate-julho/,https://portalfns.saude.gov.br/wp-content/uploads/2026/08/Repasse-FAF-com-POPULACAO-2026-acumulado-ate-julho.xlsx,/home/neologos/anatomia-do-gasto-sprint2/data/raw/_nacional/fns/repasses_faf_com_populacao/2026/Repasse-FAF-com-POPULACAO-2026-acumulado-ate-julho.xlsx,Manutenção Das Ações E Serviços Públicos De Saúde,ATENÇÃO DE MÉDIA E ALTA COMPLEXIDADE AMBULATORIAL E HOSPITALAR,EMENDA - INCREMENTO TEMPORÁRIO AO CUSTEIO DOS SERVIÇOS DE ASSISTÊNCIA HOSPITALAR E AMBULATORIAL,PR,CURITIBA,410690,1830795,2026,08597121000174,FUNDO ESTADUAL DE SAUDE DO PARANA - FUNSAUDE,001,037931,000000165549,ESTADUAL,S,S,N,46168,2000000,2000000,-,-
2026,https://portalfns.saude.gov.br/idg_download/repasse-faf-com-populacao-2026-acumulado-ate-julho/,https://portalfns.saude.gov.br/wp-content/uploads/2026/08/Repasse-FAF-com-POPULACAO-2026-acumulado-ate-julho.xlsx,/home/neologos/anatomia-do-gasto-sprint2/data/raw/_nacional/fns/repasses_faf_com_populacao/2026/Repasse-FAF-com-POPULACAO-2026-acumulado-ate-julho.xlsx,Manutenção Das Ações E Serviços Públicos De Saúde,ATENÇÃO DE MÉDIA E ALTA COMPLEXIDADE AMBULATORIAL E HOSPITALAR,EMENDA - INCREMENTO TEMPORÁRIO AO CUSTEIO DOS SERVIÇOS DE ASSISTÊNCIA HOSPITALAR E AMBULATORIAL,PR,CURITIBA,410690,1830795,2026,08597121000174,FUNDO ESTADUAL DE SAUDE DO PARANA - FUNSAUDE,001,037931,000000165557,ESTADUAL,S,S,N,46168,50000,50000,-,-
2026,https://portalfns.saude.gov.br/idg_download/repasse-faf-com-populacao-2026-acumulado-ate-julho/,https://portalfns.saude.gov.br/wp-content/uploads/2026/08/Repasse-FAF-com-POPULACAO-2026-acumulado-ate-julho.xlsx,/home/neologos/anatomia-do-gasto-sprint2/data/raw/_nacional/fns/repasses_faf_com_populacao/2026/Repasse-FAF-com-POPULACAO-2026-acumulado-ate-julho.xlsx,Manutenção Das Ações E Serviços Públicos De Saúde,ATENÇÃO DE MÉDIA E ALTA COMPLEXIDADE AMBULATORIAL E HOSPITALAR,EMENDA - INCREMENTO TEMPORÁRIO AO CUSTEIO DOS SERVIÇOS DE ASSISTÊNCIA HOSPITALAR E AMBULATORIAL,PR,CURITIBA,410690,1830795,2026,08597121000174,FUNDO ESTADUAL DE SAUDE DO PARANA - FUNSAUDE,001,037931,000000165565,ESTADUAL,S,S,N,46168,100000,100000,-,-
2026,https://portalfns.saude.gov.br/idg_download/repasse-faf-com-populacao-2026-acumulado-ate-julho/,https://portalfns.saude.gov.br/wp-content/uploads/2026/08/Repasse-FAF-com-POPULACAO-2026-acumulado-ate-julho.xlsx,/home/neologos/anatomia-do-gasto-sprint2/data/raw/_nacional/fns/repasses_faf_com_populacao/2026/Repasse-FAF-com-POPULACAO-2026-acumulado-ate-julho.xlsx,Manutenção Das Ações E Serviços Públicos De Saúde,ATENÇÃO DE MÉDIA E ALTA COMPLEXIDADE AMBULATORIAL E HOSPITALAR,EMENDA - INCREMENTO TEMPORÁRIO AO CUSTEIO DOS SERVIÇOS DE ASSISTÊNCIA HOSPITALAR E AMBULATORIAL,PR,CURITIBA,410690,1830795,2026,08597121000174,FUNDO ESTADUAL DE SAUDE DO PARANA - FUNSAUDE,001,037931,000000165573,ESTADUAL,S,S,N,46168,200000,200000,-,-
2026,https://portalfns.saude.gov.br/idg_download/repasse-faf-com-populacao-2026-acumulado-ate-julho/,https://portalfns.saude.gov.br/wp-content/uploads/2026/08/Repasse-FAF-com-POPULACAO-2026-acumulado-ate-julho.xlsx,/home/neologos/anatomia-do-gasto-sprint2/data/raw/_nacional/fns/repasses_faf_com_populacao/2026/Repasse-FAF-com-POPULACAO-2026-acumulado-ate-julho.xlsx,Manutenção Das Ações E Serviços Públicos De Saúde,ATENÇÃO DE MÉDIA E ALTA COMPLEXIDADE AMBULATORIAL E HOSPITALAR,EMENDA - INCREMENTO TEMPORÁRIO AO CUSTEIO DOS SERVIÇOS DE ASSISTÊNCIA HOSPITALAR E AMBULATORIAL,PR,CURITIBA,410690,1830795,2026,08597121000174,FUNDO ESTADUAL DE SAUDE DO PARANA - FUNSAUDE,001,037931,000000165611,ESTADUAL,S,S,N,46168,150000,150000,-,-
2026,https://portalfns.saude.gov.br/idg_download/repasse-faf-com-populacao-2026-acumulado-ate-julho/,https://portalfns.saude.gov.br/wp-content/uploads/2026/08/Repasse-FAF-com-POPULACAO-2026-acumulado-ate-julho.xlsx,/home/neologos/anatomia-do-gasto-sprint2/data/raw/_nacional/fns/repasses_faf_com_populacao/2026/Repasse-FAF-com-POPULACAO-2026-acumulado-ate-julho.xlsx,Manutenção Das Ações E Serviços Públicos De Saúde,ATENÇÃO DE MÉDIA E ALTA COMPLEXIDADE AMBULATORIAL E HOSPITALAR,EMENDA - INCREMENTO TEMPORÁRIO AO CUSTEIO DOS SERVIÇOS DE ASSISTÊNCIA HOSPITALAR E AMBULATORIAL,PR,CURITIBA,410690,1830795,2026,08597121000174,FUNDO ESTADUAL DE SAUDE DO PARANA - FUNSAUDE,001,037931,000000165638,ESTADUAL,S,S,N,46168,750000,750000,-,-
2026,https://portalfns.saude.gov.br/idg_download/repasse-faf-com-populacao-2026-acumulado-ate-julho/,https://portalfns.saude.gov.br/wp-content/uploads/2026/08/Repasse-FAF-com-POPULACAO-2026-acumulado-ate-julho.xlsx,/home/neologos/anatomia-do-gasto-sprint2/data/raw/_nacional/fns/repasses_faf_com_populacao/2026/Repasse-FAF-com-POPULACAO-2026-acumulado-ate-julho.xlsx,Manutenção Das Ações E Serviços Públicos De Saúde,ATENÇÃO DE MÉDIA E ALTA COMPLEXIDADE AMBULATORIAL E HOSPITALAR,EMENDA - INCREMENTO TEMPORÁRIO AO CUSTEIO DOS SERVIÇOS DE ASSISTÊNCIA HOSPITALAR E AMBULATORIAL,PR,CURITIBA,410690,1830795,2026,08597121000174,FUNDO ESTADUAL DE SAUDE DO PARANA - FUNSAUDE,001,037931,000000165654,ESTADUAL,S,S,N,46168,2000000,2000000,-,-
2026,https://portalfns.saude.gov.br/idg_download/repasse-faf-com-populacao-2026-acumulado-ate-julho/,https://portalfns.saude.gov.br/wp-content/uploads/2026/08/Repasse-FAF-com-POPULACAO-2026-acumulado-ate-julho.xlsx,/home/neologos/anatomia-do-gasto-sprint2/data/raw/_nacional/fns/repasses_faf_com_populacao/2026/Repasse-FAF-com-POPULACAO-2026-acumulado-ate-julho.xlsx,Manutenção Das Ações E Serviços Públicos De Saúde,ATENÇÃO DE MÉDIA E ALTA COMPLEXIDADE AMBULATORIAL E HOSPITALAR,EMENDA - INCREMENTO TEMPORÁRIO AO CUSTEIO DOS SERVIÇOS DE ASSISTÊNCIA HOSPITALAR E AMBULATORIAL,PR,CURITIBA,410690,1830795,2026,08597121000174,FUNDO ESTADUAL DE SAUDE DO PARANA - FUNSAUDE,001,037931,000000165662,ESTADUAL,S,S,N,46168,50000,50000,-,-
2026,https://portalfns.saude.gov.br/idg_download/repasse-faf-com-populacao-2026-acumulado-ate-julho/,https://portalfns.saude.gov.br/wp-content/uploads/2026/08/Repasse-FAF-com-POPULACAO-2026-acumulado-ate-julho.xlsx,/home/neologos/anatomia-do-gasto-sprint2/data/raw/_nacional/fns/repasses_faf_com_populacao/2026/Repasse-FAF-com-POPULACAO-2026-acumulado-ate-julho.xlsx,Manutenção Das Ações E Serviços Públicos De Saúde,ATENÇÃO DE MÉDIA E ALTA COMPLEXIDADE AMBULATORIAL E HOSPITALAR,EMENDA - INCREMENTO TEMPORÁRIO AO CUSTEIO DOS SERVIÇOS DE ASSISTÊNCIA HOSPITALAR E AMBULATORIAL,PR,CURITIBA,410690,1830795,2026,08597121000174,FUNDO ESTADUAL DE SAUDE DO PARANA - FUNSAUDE,001,037931,000000165689,ESTADUAL,S,S,N,46168,200000,200000,-,-
2026,https://portalfns.saude.gov.br/idg_download/repasse-faf-com-populacao-2026-acumulado-ate-julho/,https://portalfns.saude.gov.br/wp-content/uploads/2026/08/Repasse-FAF-com-POPULACAO-2026-acumulado-ate-julho.xlsx,/home/neologos/anatomia-do-gasto-sprint2/data/raw/_nacional/fns/repasses_faf_com_populacao/2026/Repasse-FAF-com-POPULACAO-2026-acumulado-ate-julho.xlsx,Manutenção Das Ações E Serviços Públicos De Saúde,ATENÇÃO DE MÉDIA E ALTA COMPLEXIDADE AMBULATORIAL E HOSPITALAR,EMENDA - INCREMENTO TEMPORÁRIO AO CUSTEIO DOS SERVIÇOS DE ASSISTÊNCIA HOSPITALAR E AMBULATORIAL,PR,CURITIBA,410690,1830795,2026,08597121000174,FUNDO ESTADUAL DE SAUDE DO PARANA - FUNSAUDE,001,037931,000000165719,ESTADUAL,S,S,N,46168,320000,320000,-,-
2026,https://portalfns.saude.gov.br/idg_download/repasse-faf-com-populacao-2026-acumulado-ate-julho/,https://portalfns.saude.gov.br/wp-content/uploads/2026/08/Repasse-FAF-com-POPULACAO-2026-acumulado-ate-julho.xlsx,/home/neologos/anatomia-do-gasto-sprint2/data/raw/_nacional/fns/repasses_faf_com_populacao/2026/Repasse-FAF-com-POPULACAO-2026-acumulado-ate-julho.xlsx,Manutenção Das Ações E Serviços Públicos De Saúde,ATENÇÃO DE MÉDIA E ALTA COMPLEXIDADE AMBULATORIAL E HOSPITALAR,EMENDA - INCREMENTO TEMPORÁRIO AO CUSTEIO DOS SERVIÇOS DE ASSISTÊNCIA HOSPITALAR E AMBULATORIAL,PR,CURITIBA,410690,1830795,2026,08597121000174,FUNDO ESTADUAL DE SAUDE DO PARANA - FUNSAUDE,001,037931,000000165727,ESTADUAL,S,S,N,46168,500000,500000,-,-
2026,https://portalfns.saude.gov.br/idg_download/repasse-faf-com-populacao-2026-acumulado-ate-julho/,https://portalfns.saude.gov.br/wp-content/uploads/2026/08/Repasse-FAF-com-POPULACAO-2026-acumulado-ate-julho.xlsx,/home/neologos/anatomia-do-gasto-sprint2/data/raw/_nacional/fns/repasses_faf_com_populacao/2026/Repasse-FAF-com-POPULACAO-2026-acumulado-ate-julho.xlsx,Manutenção Das Ações E Serviços Públicos De Saúde,ATENÇÃO DE MÉDIA E ALTA COMPLEXIDADE AMBULATORIAL E HOSPITALAR,EMENDA - INCREMENTO TEMPORÁRIO AO CUSTEIO DOS SERVIÇOS DE ASSISTÊNCIA HOSPITALAR E AMBULATORIAL,PR,CURITIBA,410690,1830795,2026,08597121000174,FUNDO ESTADUAL DE SAUDE DO PARANA - FUNSAUDE,001,037931,000000165735,ESTADUAL,S,S,N,46168,46000,46000,-,-
2026,https://portalfns.saude.gov.br/idg_download/repasse-faf-com-populacao-2026-acumulado-ate-julho/,https://portalfns.saude.gov.br/wp-content/uploads/2026/08/Repasse-FAF-com-POPULACAO-2026-acumulado-ate-julho.xlsx,/home/neologos/anatomia-do-gasto-sprint2/data/raw/_nacional/fns/repasses_faf_com_populacao/2026/Repasse-FAF-com-POPULACAO-2026-acumulado-ate-julho.xlsx,Manutenção Das Ações E Serviços Públicos De Saúde,ATENÇÃO DE MÉDIA E ALTA COMPLEXIDADE AMBULATORIAL E HOSPITALAR,EMENDA - INCREMENTO TEMPORÁRIO AO CUSTEIO DOS SERVIÇOS DE ASSISTÊNCIA HOSPITALAR E AMBULATORIAL,PR,CURITIBA,410690,1830795,2026,08597121000174,FUNDO ESTADUAL DE SAUDE DO PARANA - FUNSAUDE,001,037931,000000165786,ESTADUAL,S,S,N,46168,300000,300000,-,-
2026,https://portalfns.saude.gov.br/idg_download/repasse-faf-com-populacao-2026-acumulado-ate-julho/,https://portalfns.saude.gov.br/wp-content/uploads/2026/08/Repasse-FAF-com-POPULACAO-2026-acumulado-ate-julho.xlsx,/home/neologos/anatomia-do-gasto-sprint2/data/raw/_nacional/fns/repasses_faf_com_populacao/2026/Repasse-FAF-com-POPULACAO-2026-acumulado-ate-julho.xlsx,Manutenção Das Ações E Serviços Públicos De Saúde,ATENÇÃO DE MÉDIA E ALTA COMPLEXIDADE AMBULATORIAL E HOSPITALAR,EMENDA - INCREMENTO TEMPORÁRIO AO CUSTEIO DOS SERVIÇOS DE ASSISTÊNCIA HOSPITALAR E AMBULATORIAL,PR,CURITIBA,410690,1830795,2026,08597121000174,FUNDO ESTADUAL DE SAUDE DO PARANA - FUNSAUDE,001,037931,000000165921,ESTADUAL,S,S,N,46168,500000,500000,-,-
2026,https://portalfns.saude.gov.br/idg_download/repasse-faf-com-populacao-2026-acumulado-ate-julho/,https://portalfns.saude.gov.br/wp-content/uploads/2026/08/Repasse-FAF-com-POPULACAO-2026-acumulado-ate-julho.xlsx,/home/neologos/anatomia-do-gasto-sprint2/data/raw/_nacional/fns/repasses_faf_com_populacao/2026/Repasse-FAF-com-POPULACAO-2026-acumulado-ate-julho.xlsx,Manutenção Das Ações E Serviços Públicos De Saúde,ATENÇÃO DE MÉDIA E ALTA COMPLEXIDADE AMBULATORIAL E HOSPITALAR,EMENDA - INCREMENTO TEMPORÁRIO AO CUSTEIO DOS SERVIÇOS DE ASSISTÊNCIA HOSPITALAR E AMBULATORIAL,PR,CURITIBA,410690,1830795,2026,08597121000174,FUNDO ESTADUAL DE SAUDE DO PARANA - FUNSAUDE,001,037931,000000165948,ESTADUAL,S,S,N,46168,200000,200000,-,-
2026,https://portalfns.saude.gov.br/idg_download/repasse-faf-com-populacao-2026-acumulado-ate-julho/,https://portalfns.saude.gov.br/wp-content/uploads/2026/08/Repasse-FAF-com-POPULACAO-2026-acumulado-ate-julho.xlsx,/home/neologos/anatomia-do-gasto-sprint2/data/raw/_nacional/fns/repasses_faf_com_populacao/2026/Repasse-FAF-com-POPULACAO-2026-acumulado-ate-julho.xlsx,Manutenção Das Ações E Serviços Públicos De Saúde,ATENÇÃO DE MÉDIA E ALTA COMPLEXIDADE AMBULATORIAL E HOSPITALAR,EMENDA - INCREMENTO TEMPORÁRIO AO CUSTEIO DOS SERVIÇOS DE ASSISTÊNCIA HOSPITALAR E AMBULATORIAL,PR,CURITIBA,410690,1830795,2026,08597121000174,FUNDO ESTADUAL DE SAUDE DO PARANA - FUNSAUDE,001,037931,000000165972,ESTADUAL,S,S,N,46168,142349,142349,-,-
2026,https://portalfns.saude.gov.br/idg_download/repasse-faf-com-populacao-2026-acumulado-ate-julho/,https://portalfns.saude.gov.br/wp-content/uploads/2026/08/Repasse-FAF-com-POPULACAO-2026-acumulado-ate-julho.xlsx,/home/neologos/anatomia-do-gasto-sprint2/data/raw/_nacional/fns/repasses_faf_com_populacao/2026/Repasse-FAF-com-POPULACAO-2026-acumulado-ate-julho.xlsx,Manutenção Das Ações E Serviços Públicos De Saúde,ATENÇÃO DE MÉDIA E ALTA COMPLEXIDADE AMBULATORIAL E HOSPITALAR,EMENDA - INCREMENTO TEMPORÁRIO AO CUSTEIO DOS SERVIÇOS DE ASSISTÊNCIA HOSPITALAR E AMBULATORIAL,PR,CURITIBA,410690,1830795,2026,08597121000174,FUNDO ESTADUAL DE SAUDE DO PARANA - FUNSAUDE,001,037931,000000166022,ESTADUAL,S,S,N,46168,200000,200000,-,-
2026,https://portalfns.saude.gov.br/idg_download/repasse-faf-com-populacao-2026-acumulado-ate-julho/,https://portalfns.saude.gov.br/wp-content/uploads/2026/08/Repasse-FAF-com-POPULACAO-2026-acumulado-ate-julho.xlsx,/home/neologos/anatomia-do-gasto-sprint2/data/raw/_nacional/fns/repasses_faf_com_populacao/2026/Repasse-FAF-com-POPULACAO-2026-acumulado-ate-julho.xlsx,Manutenção Das Ações E Serviços Públicos De Saúde,ATENÇÃO DE MÉDIA E ALTA COMPLEXIDADE AMBULATORIAL E HOSPITALAR,EMENDA - INCREMENTO TEMPORÁRIO AO CUSTEIO DOS SERVIÇOS DE ASSISTÊNCIA HOSPITALAR E AMBULATORIAL,PR,CURITIBA,410690,1830795,2026,08597121000174,FUNDO ESTADUAL DE SAUDE DO PARANA - FUNSAUDE,001,037931,000000166030,ESTADUAL,S,S,N,46168,250000,250000,-,-
2026,https://portalfns.saude.gov.br/idg_download/repasse-faf-com-populacao-2026-acumulado-ate-julho/,https://portalfns.saude.gov.br/wp-content/uploads/2026/08/Repasse-FAF-com-POPULACAO-2026-acumulado-ate-julho.xlsx,/home/neologos/anatomia-do-gasto-sprint2/data/raw/_nacional/fns/repasses_faf_com_populacao/2026/Repasse-FAF-com-POPULACAO-2026-acumulado-ate-julho.xlsx,Manutenção Das Ações E Serviços Públicos De Saúde,ATENÇÃO DE MÉDIA E ALTA COMPLEXIDADE AMBULATORIAL E HOSPITALAR,EMENDA - INCREMENTO TEMPORÁRIO AO CUSTEIO DOS SERVIÇOS DE ASSISTÊNCIA HOSPITALAR E AMBULATORIAL,PR,CURITIBA,410690,1830795,2026,08597121000174,FUNDO ESTADUAL DE SAUDE DO PARANA - FUNSAUDE,001,037931,000000166065,ESTADUAL,S,S,N,46168,1000000,1000000,-,-
2026,https://portalfns.saude.gov.br/idg_download/repasse-faf-com-populacao-2026-acumulado-ate-julho/,https://portalfns.saude.gov.br/wp-content/uploads/2026/08/Repasse-FAF-com-POPULACAO-2026-acumulado-ate-julho.xlsx,/home/neologos/anatomia-do-gasto-sprint2/data/raw/_nacional/fns/repasses_faf_com_populacao/2026/Repasse-FAF-com-POPULACAO-2026-acumulado-ate-julho.xlsx,Manutenção Das Ações E Serviços Públicos De Saúde,ATENÇÃO DE MÉDIA E ALTA COMPLEXIDADE AMBULATORIAL E HOSPITALAR,EMENDA - INCREMENTO TEMPORÁRIO AO CUSTEIO DOS SERVIÇOS DE ASSISTÊNCIA HOSPITALAR E AMBULATORIAL,PR,CURITIBA,410690,1830795,2026,08597121000174,FUNDO ESTADUAL DE SAUDE DO PARANA - FUNSAUDE,001,037931,000000166219,ESTADUAL,S,S,N,46168,300000,300000,-,-
2026,https://portalfns.saude.gov.br/idg_download/repasse-faf-com-populacao-2026-acumulado-ate-julho/,https://portalfns.saude.gov.br/wp-content/uploads/2026/08/Repasse-FAF-com-POPULACAO-2026-acumulado-ate-julho.xlsx,/home/neologos/anatomia-do-gasto-sprint2/data/raw/_nacional/fns/repasses_faf_com_populacao/2026/Repasse-FAF-com-POPULACAO-2026-acumulado-ate-julho.xlsx,Manutenção Das Ações E Serviços Públicos De Saúde,ATENÇÃO DE MÉDIA E ALTA COMPLEXIDADE AMBULATORIAL E HOSPITALAR,EMENDA - INCREMENTO TEMPORÁRIO AO CUSTEIO DOS SERVIÇOS DE ASSISTÊNCIA HOSPITALAR E AMBULATORIAL,PR,CURITIBA,410690,1830795,2026,08597121000174,FUNDO ESTADUAL DE SAUDE DO PARANA - FUNSAUDE,001,037931,000000166235,ESTADUAL,S,S,N,46168,1000000,1000000,-,-
2026,https://portalfns.saude.gov.br/idg_download/repasse-faf-com-populacao-2026-acumulado-ate-julho/,https://portalfns.saude.gov.br/wp-content/uploads/2026/08/Repasse-FAF-com-POPULACAO-2026-acumulado-ate-julho.xlsx,/home/neologos/anatomia-do-gasto-sprint2/data/raw/_nacional/fns/repasses_faf_com_populacao/2026/Repasse-FAF-com-POPULACAO-2026-acumulado-ate-julho.xlsx,Manutenção Das Ações E Serviços Públicos De Saúde,ATENÇÃO DE MÉDIA E ALTA COMPLEXIDADE AMBULATORIAL E HOSPITALAR,EMENDA - INCREMENTO TEMPORÁRIO AO CUSTEIO DOS SERVIÇOS DE ASSISTÊNCIA HOSPITALAR E AMBULATORIAL,PR,CURITIBA,410690,1830795,2026,08597121000174,FUNDO ESTADUAL DE SAUDE DO PARANA - FUNSAUDE,001,037931,000000166251,ESTADUAL,S,S,N,46168,750000,750000,-,-
2026,https://portalfns.saude.gov.br/idg_download/repasse-faf-com-populacao-2026-acumulado-ate-julho/,https://portalfns.saude.gov.br/wp-content/uploads/2026/08/Repasse-FAF-com-POPULACAO-2026-acumulado-ate-julho.xlsx,/home/neologos/anatomia-do-gasto-sprint2/data/raw/_nacional/fns/repasses_faf_com_populacao/2026/Repasse-FAF-com-POPULACAO-2026-acumulado-ate-julho.xlsx,Manutenção Das Ações E Serviços Públicos De Saúde,ATENÇÃO DE MÉDIA E ALTA COMPLEXIDADE AMBULATORIAL E HOSPITALAR,EMENDA - INCREMENTO TEMPORÁRIO AO CUSTEIO DOS SERVIÇOS DE ASSISTÊNCIA HOSPITALAR E AMBULATORIAL,PR,CURITIBA,410690,1830795,2026,08597121000174,FUNDO ESTADUAL DE SAUDE DO PARANA - FUNSAUDE,001,037931,000000166278,ESTADUAL,S,S,N,46168,4450000,4450000,-,-
2026,https://portalfns.saude.gov.br/idg_download/repasse-faf-com-populacao-2026-acumulado-ate-julho/,https://portalfns.saude.gov.br/wp-content/uploads/2026/08/Repasse-FAF-com-POPULACAO-2026-acumulado-ate-julho.xlsx,/home/neologos/anatomia-do-gasto-sprint2/data/raw/_nacional/fns/repasses_faf_com_populacao/2026/Repasse-FAF-com-POPULACAO-2026-acumulado-ate-julho.xlsx,Manutenção Das Ações E Serviços Públicos De Saúde,ATENÇÃO DE MÉDIA E ALTA COMPLEXIDADE AMBULATORIAL E HOSPITALAR,EMENDA - INCREMENTO TEMPORÁRIO AO CUSTEIO DOS SERVIÇOS DE ASSISTÊNCIA HOSPITALAR E AMBULATORIAL,PR,CURITIBA,410690,1830795,2026,08597121000174,FUNDO ESTADUAL DE SAUDE DO PARANA - FUNSAUDE,001,037931,000000166316,ESTADUAL,S,S,N,46168,478187,478187,-,-
2026,https://portalfns.saude.gov.br/idg_download/repasse-faf-com-populacao-2026-acumulado-ate-julho/,https://portalfns.saude.gov.br/wp-content/uploads/2026/08/Repasse-FAF-com-POPULACAO-2026-acumulado-ate-julho.xlsx,/home/neologos/anatomia-do-gasto-sprint2/data/raw/_nacional/fns/repasses_faf_com_populacao/2026/Repasse-FAF-com-POPULACAO-2026-acumulado-ate-julho.xlsx,Manutenção Das Ações E Serviços Públicos De Saúde,ATENÇÃO DE MÉDIA E ALTA COMPLEXIDADE AMBULATORIAL E HOSPITALAR,EMENDA - INCREMENTO TEMPORÁRIO AO CUSTEIO DOS SERVIÇOS DE ASSISTÊNCIA HOSPITALAR E AMBULATORIAL,PR,CURITIBA,410690,1830795,2026,08597121000174,FUNDO ESTADUAL DE SAUDE DO PARANA - FUNSAUDE,001,037931,000000166324,ESTADUAL,S,S,N,46168,150000,150000,-,-
2026,https://portalfns.saude.gov.br/idg_download/repasse-faf-com-populacao-2026-acumulado-ate-julho/,https://portalfns.saude.gov.br/wp-content/uploads/2026/08/Repasse-FAF-com-POPULACAO-2026-acumulado-ate-julho.xlsx,/home/neologos/anatomia-do-gasto-sprint2/data/raw/_nacional/fns/repasses_faf_com_populacao/2026/Repasse-FAF-com-POPULACAO-2026-acumulado-ate-julho.xlsx,Manutenção Das Ações E Serviços Públicos De Saúde,ATENÇÃO DE MÉDIA E ALTA COMPLEXIDADE AMBULATORIAL E HOSPITALAR,EMENDA - INCREMENTO TEMPORÁRIO AO CUSTEIO DOS SERVIÇOS DE ASSISTÊNCIA HOSPITALAR E AMBULATORIAL,PR,CURITIBA,410690,1830795,2026,08597121000174,FUNDO ESTADUAL DE SAUDE DO PARANA - FUNSAUDE,001,037931,000000166332,ESTADUAL,S,S,N,46168,1000000,1000000,-,-
2026,https://portalfns.saude.gov.br/idg_download/repasse-faf-com-populacao-2026-acumulado-ate-julho/,https://portalfns.saude.gov.br/wp-content/uploads/2026/08/Repasse-FAF-com-POPULACAO-2026-acumulado-ate-julho.xlsx,/home/neologos/anatomia-do-gasto-sprint2/data/raw/_nacional/fns/repasses_faf_com_populacao/2026/Repasse-FAF-com-POPULACAO-2026-acumulado-ate-julho.xlsx,Manutenção Das Ações E Serviços Públicos De Saúde,ATENÇÃO DE MÉDIA E ALTA COMPLEXIDADE AMBULATORIAL E HOSPITALAR,EMENDA - INCREMENTO TEMPORÁRIO AO CUSTEIO DOS SERVIÇOS DE ASSISTÊNCIA HOSPITALAR E AMBULATORIAL,PR,CURITIBA,410690,1830795,2026,08597121000174,FUNDO ESTADUAL DE SAUDE DO PARANA - FUNSAUDE,001,037931,000000166340,ESTADUAL,S,S,N,46168,2000000,2000000,-,-
2026,https://portalfns.saude.gov.br/idg_download/repasse-faf-com-populacao-2026-acumulado-ate-julho/,https://portalfns.saude.gov.br/wp-content/uploads/2026/08/Repasse-FAF-com-POPULACAO-2026-acumulado-ate-julho.xlsx,/home/neologos/anatomia-do-gasto-sprint2/data/raw/_nacional/fns/repasses_faf_com_populacao/2026/Repasse-FAF-com-POPULACAO-2026-acumulado-ate-julho.xlsx,Manutenção Das Ações E Serviços Públicos De Saúde,ATENÇÃO DE MÉDIA E ALTA COMPLEXIDADE AMBULATORIAL E HOSPITALAR,EMENDA - INCREMENTO TEMPORÁRIO AO CUSTEIO DOS SERVIÇOS DE ASSISTÊNCIA HOSPITALAR E AMBULATORIAL,PR,CURITIBA,410690,1830795,2026,08597121000174,FUNDO ESTADUAL DE SAUDE DO PARANA - FUNSAUDE,001,037931,000000166367,ESTADUAL,S,S,N,46168,8000000,8000000,-,-
2026,https://portalfns.saude.gov.br/idg_download/repasse-faf-com-populacao-2026-acumulado-ate-julho/,https://portalfns.saude.gov.br/wp-content/uploads/2026/08/Repasse-FAF-com-POPULACAO-2026-acumulado-ate-julho.xlsx,/home/neologos/anatomia-do-gasto-sprint2/data/raw/_nacional/fns/repasses_faf_com_populacao/2026/Repasse-FAF-com-POPULACAO-2026-acumulado-ate-julho.xlsx,Manutenção Das Ações E Serviços Públicos De Saúde,ATENÇÃO DE MÉDIA E ALTA COMPLEXIDADE AMBULATORIAL E HOSPITALAR,EMENDA - INCREMENTO TEMPORÁRIO AO CUSTEIO DOS SERVIÇOS DE ASSISTÊNCIA HOSPITALAR E AMBULATORIAL,PR,CURITIBA,410690,1830795,2026,08597121000174,FUNDO ESTADUAL DE SAUDE DO PARANA - FUNSAUDE,001,037931,000000166391,ESTADUAL,S,S,N,46168,5000000,5000000,-,-
2026,https://portalfns.saude.gov.br/idg_download/repasse-faf-com-populacao-2026-acumulado-ate-julho/,https://portalfns.saude.gov.br/wp-content/uploads/2026/08/Repasse-FAF-com-POPULACAO-2026-acumulado-ate-julho.xlsx,/home/neologos/anatomia-do-gasto-sprint2/data/raw/_nacional/fns/repasses_faf_com_populacao/2026/Repasse-FAF-com-POPULACAO-2026-acumulado-ate-julho.xlsx,Manutenção Das Ações E Serviços Públicos De Saúde,ATENÇÃO DE MÉDIA E ALTA COMPLEXIDADE AMBULATORIAL E HOSPITALAR,EMENDA - INCREMENTO TEMPORÁRIO AO CUSTEIO DOS SERVIÇOS DE ASSISTÊNCIA HOSPITALAR E AMBULATORIAL,PR,CURITIBA,410690,1830795,2026,08597121000174,FUNDO ESTADUAL DE SAUDE DO PARANA - FUNSAUDE,001,037931,000000166448,ESTADUAL,S,S,N,46168,203522,203522,-,-
2026,https://portalfns.saude.gov.br/idg_download/repasse-faf-com-populacao-2026-acumulado-ate-julho/,https://portalfns.saude.gov.br/wp-content/uploads/2026/08/Repasse-FAF-com-POPULACAO-2026-acumulado-ate-julho.xlsx,/home/neologos/anatomia-do-gasto-sprint2/data/raw/_nacional/fns/repasses_faf_com_populacao/2026/Repasse-FAF-com-POPULACAO-2026-acumulado-ate-julho.xlsx,Manutenção Das Ações E Serviços Públicos De Saúde,ATENÇÃO DE MÉDIA E ALTA COMPLEXIDADE AMBULATORIAL E HOSPITALAR,EMENDA - INCREMENTO TEMPORÁRIO AO CUSTEIO DOS SERVIÇOS DE ASSISTÊNCIA HOSPITALAR E AMBULATORIAL,PR,CURITIBA,410690,1830795,2026,08597121000174,FUNDO ESTADUAL DE SAUDE DO PARANA - FUNSAUDE,001,037931,000000166456,ESTADUAL,S,S,N,46168,1000000,1000000,-,-
2026,https://portalfns.saude.gov.br/idg_download/repasse-faf-com-populacao-2026-acumulado-ate-julho/,https://portalfns.saude.gov.br/wp-content/uploads/2026/08/Repasse-FAF-com-POPULACAO-2026-acumulado-ate-julho.xlsx,/home/neologos/anatomia-do-gasto-sprint2/data/raw/_nacional/fns/repasses_faf_com_populacao/2026/Repasse-FAF-com-POPULACAO-2026-acumulado-ate-julho.xlsx,Manutenção Das Ações E Serviços Públicos De Saúde,ATENÇÃO DE MÉDIA E ALTA COMPLEXIDADE AMBULATORIAL E HOSPITALAR,EMENDA - INCREMENTO TEMPORÁRIO AO CUSTEIO DOS SERVIÇOS DE ASSISTÊNCIA HOSPITALAR E AMBULATORIAL,PR,CURITIBA,410690,1830795,2026,08597121000174,FUNDO ESTADUAL DE SAUDE DO PARANA - FUNSAUDE,001,037931,000000166480,ESTADUAL,S,S,N,46168,500000,500000,-,-
2026,https://portalfns.saude.gov.br/idg_download/repasse-faf-com-populacao-2026-acumulado-ate-julho/,https://portalfns.saude.gov.br/wp-content/uploads/2026/08/Repasse-FAF-com-POPULACAO-2026-acumulado-ate-julho.xlsx,/home/neologos/anatomia-do-gasto-sprint2/data/raw/_nacional/fns/repasses_faf_com_populacao/2026/Repasse-FAF-com-POPULACAO-2026-acumulado-ate-julho.xlsx,Manutenção Das Ações E Serviços Públicos De Saúde,ATENÇÃO DE MÉDIA E ALTA COMPLEXIDADE AMBULATORIAL E HOSPITALAR,EMENDA - INCREMENTO TEMPORÁRIO AO CUSTEIO DOS SERVIÇOS DE ASSISTÊNCIA HOSPITALAR E AMBULATORIAL,PR,CURITIBA,410690,1830795,2026,08597121000174,FUNDO ESTADUAL DE SAUDE DO PARANA - FUNSAUDE,001,037931,000000166537,ESTADUAL,S,S,N,46168,150000,150000,-,-
2026,https://portalfns.saude.gov.br/idg_download/repasse-faf-com-populacao-2026-acumulado-ate-julho/,https://portalfns.saude.gov.br/wp-content/uploads/2026/08/Repasse-FAF-com-POPULACAO-2026-acumulado-ate-julho.xlsx,/home/neologos/anatomia-do-gasto-sprint2/data/raw/_nacional/fns/repasses_faf_com_populacao/2026/Repasse-FAF-com-POPULACAO-2026-acumulado-ate-julho.xlsx,Manutenção Das Ações E Serviços Públicos De Saúde,ATENÇÃO DE MÉDIA E ALTA COMPLEXIDADE AMBULATORIAL E HOSPITALAR,EMENDA - INCREMENTO TEMPORÁRIO AO CUSTEIO DOS SERVIÇOS DE ASSISTÊNCIA HOSPITALAR E AMBULATORIAL,PR,CURITIBA,410690,1830795,2026,08597121000174,FUNDO ESTADUAL DE SAUDE DO PARANA - FUNSAUDE,001,037931,000000166545,ESTADUAL,S,S,N,46168,200000,200000,-,-
2026,https://portalfns.saude.gov.br/idg_download/repasse-faf-com-populacao-2026-acumulado-ate-julho/,https://portalfns.saude.gov.br/wp-content/uploads/2026/08/Repasse-FAF-com-POPULACAO-2026-acumulado-ate-julho.xlsx,/home/neologos/anatomia-do-gasto-sprint2/data/raw/_nacional/fns/repasses_faf_com_populacao/2026/Repasse-FAF-com-POPULACAO-2026-acumulado-ate-julho.xlsx,Manutenção Das Ações E Serviços Públicos De Saúde,ATENÇÃO DE MÉDIA E ALTA COMPLEXIDADE AMBULATORIAL E HOSPITALAR,EMENDA - INCREMENTO TEMPORÁRIO AO CUSTEIO DOS SERVIÇOS DE ASSISTÊNCIA HOSPITALAR E AMBULATORIAL,PR,CURITIBA,410690,1830795,2026,08597121000174,FUNDO ESTADUAL DE SAUDE DO PARANA - FUNSAUDE,001,037931,000000166871,ESTADUAL,S,S,N,46168,301609,301609,-,-
2026,https://portalfns.saude.gov.br/idg_download/repasse-faf-com-populacao-2026-acumulado-ate-julho/,https://portalfns.saude.gov.br/wp-content/uploads/2026/08/Repasse-FAF-com-POPULACAO-2026-acumulado-ate-julho.xlsx,/home/neologos/anatomia-do-gasto-sprint2/data/raw/_nacional/fns/repasses_faf_com_populacao/2026/Repasse-FAF-com-POPULACAO-2026-acumulado-ate-julho.xlsx,Manutenção Das Ações E Serviços Públicos De Saúde,ATENÇÃO DE MÉDIA E ALTA COMPLEXIDADE AMBULATORIAL E HOSPITALAR,EMENDA - INCREMENTO TEMPORÁRIO AO CUSTEIO DOS SERVIÇOS DE ASSISTÊNCIA HOSPITALAR E AMBULATORIAL,PR,CURITIBA,410690,1830795,2026,08597121000174,FUNDO ESTADUAL DE SAUDE DO PARANA - FUNSAUDE,001,037931,000000166901,ESTADUAL,S,S,N,46168,132144,132144,-,-
2026,https://portalfns.saude.gov.br/idg_download/repasse-faf-com-populacao-2026-acumulado-ate-julho/,https://portalfns.saude.gov.br/wp-content/uploads/2026/08/Repasse-FAF-com-POPULACAO-2026-acumulado-ate-julho.xlsx,/home/neologos/anatomia-do-gasto-sprint2/data/raw/_nacional/fns/repasses_faf_com_populacao/2026/Repasse-FAF-com-POPULACAO-2026-acumulado-ate-julho.xlsx,Manutenção Das Ações E Serviços Públicos De Saúde,ATENÇÃO DE MÉDIA E ALTA COMPLEXIDADE AMBULATORIAL E HOSPITALAR,EMENDA - INCREMENTO TEMPORÁRIO AO CUSTEIO DOS SERVIÇOS DE ASSISTÊNCIA HOSPITALAR E AMBULATORIAL,PR,CURITIBA,410690,1830795,2026,08597121000174,FUNDO ESTADUAL DE SAUDE DO PARANA - FUNSAUDE,001,037931,000000166928,ESTADUAL,S,S,N,46168,500000,500000,-,-
2026,https://portalfns.saude.gov.br/idg_download/repasse-faf-com-populacao-2026-acumulado-ate-julho/,https://portalfns.saude.gov.br/wp-content/uploads/2026/08/Repasse-FAF-com-POPULACAO-2026-acumulado-ate-julho.xlsx,/home/neologos/anatomia-do-gasto-sprint2/data/raw/_nacional/fns/repasses_faf_com_populacao/2026/Repasse-FAF-com-POPULACAO-2026-acumulado-ate-julho.xlsx,Manutenção Das Ações E Serviços Públicos De Saúde,ATENÇÃO DE MÉDIA E ALTA COMPLEXIDADE AMBULATORIAL E HOSPITALAR,EMENDA - INCREMENTO TEMPORÁRIO AO CUSTEIO DOS SERVIÇOS DE ASSISTÊNCIA HOSPITALAR E AMBULATORIAL,PR,CURITIBA,410690,1830795,2026,13792329000184,FUNDO MUNICIPAL DA SAUDE,001,037931,00000016416X,MUNICIPAL,N,S,N,46168,500000,500000,-,-
2026,https://portalfns.saude.gov.br/idg_download/repasse-faf-com-populacao-2026-acumulado-ate-julho/,https://portalfns.saude.gov.br/wp-content/uploads/2026/08/Repasse-FAF-com-POPULACAO-2026-acumulado-ate-julho.xlsx,/home/neologos/anatomia-do-gasto-sprint2/data/raw/_nacional/fns/repasses_faf_com_populacao/2026/Repasse-FAF-com-POPULACAO-2026-acumulado-ate-julho.xlsx,Manutenção Das Ações E Serviços Públicos De Saúde,ATENÇÃO DE MÉDIA E ALTA COMPLEXIDADE AMBULATORIAL E HOSPITALAR,EMENDA - INCREMENTO TEMPORÁRIO AO CUSTEIO DOS SERVIÇOS DE ASSISTÊNCIA HOSPITALAR E AMBULATORIAL,PR,CURITIBA,410690,1830795,2026,13792329000184,FUNDO MUNICIPAL DA SAUDE,001,037931,00000016433X,MUNICIPAL,N,S,N,46168,300000,300000,-,-
2026,https://portalfns.saude.gov.br/idg_download/repasse-faf-com-populacao-2026-acumulado-ate-julho/,https://portalfns.saude.gov.br/wp-content/uploads/2026/08/Repasse-FAF-com-POPULACAO-2026-acumulado-ate-julho.xlsx,/home/neologos/anatomia-do-gasto-sprint2/data/raw/_nacional/fns/repasses_faf_com_populacao/2026/Repasse-FAF-com-POPULACAO-2026-acumulado-ate-julho.xlsx,Manutenção Das Ações E Serviços Públicos De Saúde,ATENÇÃO DE MÉDIA E ALTA COMPLEXIDADE AMBULATORIAL E HOSPITALAR,EMENDA - INCREMENTO TEMPORÁRIO AO CUSTEIO DOS SERVIÇOS DE ASSISTÊNCIA HOSPITALAR E AMBULATORIAL,PR,CURITIBA,410690,1830795,2026,13792329000184,FUNDO MUNICIPAL DA SAUDE,001,037931,000000164011,MUNICIPAL,N,S,N,46168,1000000,1000000,-,-
2026,https://portalfns.saude.gov.br/idg_download/repasse-faf-com-populacao-2026-acumulado-ate-julho/,https://portalfns.saude.gov.br/wp-content/uploads/2026/08/Repasse-FAF-com-POPULACAO-2026-acumulado-ate-julho.xlsx,/home/neologos/anatomia-do-gasto-sprint2/data/raw/_nacional/fns/repasses_faf_com_populacao/2026/Repasse-FAF-com-POPULACAO-2026-acumulado-ate-julho.xlsx,Manutenção Das Ações E Serviços Públicos De Saúde,ATENÇÃO DE MÉDIA E ALTA COMPLEXIDADE AMBULATORIAL E HOSPITALAR,EMENDA - INCREMENTO TEMPORÁRIO AO CUSTEIO DOS SERVIÇOS DE ASSISTÊNCIA HOSPITALAR E AMBULATORIAL,PR,CURITIBA,410690,1830795,2026,13792329000184,FUNDO MUNICIPAL DA SAUDE,001,037931,000000164038,MUNICIPAL,N,S,N,46168,300000,300000,-,-
2026,https://portalfns.saude.gov.br/idg_download/repasse-faf-com-populacao-2026-acumulado-ate-julho/,https://portalfns.saude.gov.br/wp-content/uploads/2026/08/Repasse-FAF-com-POPULACAO-2026-acumulado-ate-julho.xlsx,/home/neologos/anatomia-do-gasto-sprint2/data/raw/_nacional/fns/repasses_faf_com_populacao/2026/Repasse-FAF-com-POPULACAO-2026-acumulado-ate-julho.xlsx,Manutenção Das Ações E Serviços Públicos De Saúde,ATENÇÃO DE MÉDIA E ALTA COMPLEXIDADE AMBULATORIAL E HOSPITALAR,EMENDA - INCREMENTO TEMPORÁRIO AO CUSTEIO DOS SERVIÇOS DE ASSISTÊNCIA HOSPITALAR E AMBULATORIAL,PR,CURITIBA,410690,1830795,2026,13792329000184,FUNDO MUNICIPAL DA SAUDE,001,037931,000000164046,MUNICIPAL,N,S,N,46168,200000,200000,-,-
2026,https://portalfns.saude.gov.br/idg_download/repasse-faf-com-populacao-2026-acumulado-ate-julho/,https://portalfns.saude.gov.br/wp-content/uploads/2026/08/Repasse-FAF-com-POPULACAO-2026-acumulado-ate-julho.xlsx,/home/neologos/anatomia-do-gasto-sprint2/data/raw/_nacional/fns/repasses_faf_com_populacao/2026/Repasse-FAF-com-POPULACAO-2026-acumulado-ate-julho.xlsx,Manutenção Das Ações E Serviços Públicos De Saúde,ATENÇÃO DE MÉDIA E ALTA COMPLEXIDADE AMBULATORIAL E HOSPITALAR,EMENDA - INCREMENTO TEMPORÁRIO AO CUSTEIO DOS SERVIÇOS DE ASSISTÊNCIA HOSPITALAR E AMBULATORIAL,PR,CURITIBA,410690,1830795,2026,13792329000184,FUNDO MUNICIPAL DA SAUDE,001,037931,000000164062,MUNICIPAL,N,S,N,46168,200000,200000,-,-
2026,https://portalfns.saude.gov.br/idg_download/repasse-faf-com-populacao-2026-acumulado-ate-julho/,https://portalfns.saude.gov.br/wp-content/uploads/2026/08/Repasse-FAF-com-POPULACAO-2026-acumulado-ate-julho.xlsx,/home/neologos/anatomia-do-gasto-sprint2/data/raw/_nacional/fns/repasses_faf_com_populacao/2026/Repasse-FAF-com-POPULACAO-2026-acumulado-ate-julho.xlsx,Manutenção Das Ações E Serviços Públicos De Saúde,ATENÇÃO DE MÉDIA E ALTA COMPLEXIDADE AMBULATORIAL E HOSPITALAR,EMENDA - INCREMENTO TEMPORÁRIO AO CUSTEIO DOS SERVIÇOS DE ASSISTÊNCIA HOSPITALAR E AMBULATORIAL,PR,CURITIBA,410690,1830795,2026,13792329000184,FUNDO MUNICIPAL DA SAUDE,001,037931,000000164089,MUNICIPAL,N,S,N,46168,201007,201007,-,-
2026,https://portalfns.saude.gov.br/idg_download/repasse-faf-com-populacao-2026-acumulado-ate-julho/,https://portalfns.saude.gov.br/wp-content/uploads/2026/08/Repasse-FAF-com-POPULACAO-2026-acumulado-ate-julho.xlsx,/home/neologos/anatomia-do-gasto-sprint2/data/raw/_nacional/fns/repasses_faf_com_populacao/2026/Repasse-FAF-com-POPULACAO-2026-acumulado-ate-julho.xlsx,Manutenção Das Ações E Serviços Públicos De Saúde,ATENÇÃO DE MÉDIA E ALTA COMPLEXIDADE AMBULATORIAL E HOSPITALAR,EMENDA - INCREMENTO TEMPORÁRIO AO CUSTEIO DOS SERVIÇOS DE ASSISTÊNCIA HOSPITALAR E AMBULATORIAL,PR,CURITIBA,410690,1830795,2026,13792329000184,FUNDO MUNICIPAL DA SAUDE,001,037931,000000164097,MUNICIPAL,N,S,N,46168,200000,200000,-,-
2026,https://portalfns.saude.gov.br/idg_download/repasse-faf-com-populacao-2026-acumulado-ate-julho/,https://portalfns.saude.gov.br/wp-content/uploads/2026/08/Repasse-FAF-com-POPULACAO-2026-acumulado-ate-julho.xlsx,/home/neologos/anatomia-do-gasto-sprint2/data/raw/_nacional/fns/repasses_faf_com_populacao/2026/Repasse-FAF-com-POPULACAO-2026-acumulado-ate-julho.xlsx,Manutenção Das Ações E Serviços Públicos De Saúde,ATENÇÃO DE MÉDIA E ALTA COMPLEXIDADE AMBULATORIAL E HOSPITALAR,EMENDA - INCREMENTO TEMPORÁRIO AO CUSTEIO DOS SERVIÇOS DE ASSISTÊNCIA HOSPITALAR E AMBULATORIAL,PR,CURITIBA,410690,1830795,2026,13792329000184,FUNDO MUNICIPAL DA SAUDE,001,037931,000000164100,MUNICIPAL,N,S,N,46168,300000,300000,-,-
2026,https://portalfns.saude.gov.br/idg_download/repasse-faf-com-populacao-2026-acumulado-ate-julho/,https://portalfns.saude.gov.br/wp-content/uploads/2026/08/Repasse-FAF-com-POPULACAO-2026-acumulado-ate-julho.xlsx,/home/neologos/anatomia-do-gasto-sprint2/data/raw/_nacional/fns/repasses_faf_com_populacao/2026/Repasse-FAF-com-POPULACAO-2026-acumulado-ate-julho.xlsx,Manutenção Das Ações E Serviços Públicos De Saúde,ATENÇÃO DE MÉDIA E ALTA COMPLEXIDADE AMBULATORIAL E HOSPITALAR,EMENDA - INCREMENTO TEMPORÁRIO AO CUSTEIO DOS SERVIÇOS DE ASSISTÊNCIA HOSPITALAR E AMBULATORIAL,PR,CURITIBA,410690,1830795,2026,13792329000184,FUNDO MUNICIPAL DA SAUDE,001,037931,000000164127,MUNICIPAL,N,S,N,46168,300000,300000,-,-
2026,https://portalfns.saude.gov.br/idg_download/repasse-faf-com-populacao-2026-acumulado-ate-julho/,https://portalfns.saude.gov.br/wp-content/uploads/2026/08/Repasse-FAF-com-POPULACAO-2026-acumulado-ate-julho.xlsx,/home/neologos/anatomia-do-gasto-sprint2/data/raw/_nacional/fns/repasses_faf_com_populacao/2026/Repasse-FAF-com-POPULACAO-2026-acumulado-ate-julho.xlsx,Manutenção Das Ações E Serviços Públicos De Saúde,ATENÇÃO DE MÉDIA E ALTA COMPLEXIDADE AMBULATORIAL E HOSPITALAR,EMENDA - INCREMENTO TEMPORÁRIO AO CUSTEIO DOS SERVIÇOS DE ASSISTÊNCIA HOSPITALAR E AMBULATORIAL,PR,CURITIBA,410690,1830795,2026,13792329000184,FUNDO MUNICIPAL DA SAUDE,001,037931,000000164143,MUNICIPAL,N,S,N,46168,100000,100000,-,-
2026,https://portalfns.saude.gov.br/idg_download/repasse-faf-com-populacao-2026-acumulado-ate-julho/,https://portalfns.saude.gov.br/wp-content/uploads/2026/08/Repasse-FAF-com-POPULACAO-2026-acumulado-ate-julho.xlsx,/home/neologos/anatomia-do-gasto-sprint2/data/raw/_nacional/fns/repasses_faf_com_populacao/2026/Repasse-FAF-com-POPULACAO-2026-acumulado-ate-julho.xlsx,Manutenção Das Ações E Serviços Públicos De Saúde,ATENÇÃO DE MÉDIA E ALTA COMPLEXIDADE AMBULATORIAL E HOSPITALAR,EMENDA - INCREMENTO TEMPORÁRIO AO CUSTEIO DOS SERVIÇOS DE ASSISTÊNCIA HOSPITALAR E AMBULATORIAL,PR,CURITIBA,410690,1830795,2026,13792329000184,FUNDO MUNICIPAL DA SAUDE,001,037931,000000164178,MUNICIPAL,N,S,N,46168,1200000,1200000,-,-
2026,https://portalfns.saude.gov.br/idg_download/repasse-faf-com-populacao-2026-acumulado-ate-julho/,https://portalfns.saude.gov.br/wp-content/uploads/2026/08/Repasse-FAF-com-POPULACAO-2026-acumulado-ate-julho.xlsx,/home/neologos/anatomia-do-gasto-sprint2/data/raw/_nacional/fns/repasses_faf_com_populacao/2026/Repasse-FAF-com-POPULACAO-2026-acumulado-ate-julho.xlsx,Manutenção Das Ações E Serviços Públicos De Saúde,ATENÇÃO DE MÉDIA E ALTA COMPLEXIDADE AMBULATORIAL E HOSPITALAR,EMENDA - INCREMENTO TEMPORÁRIO AO CUSTEIO DOS SERVIÇOS DE ASSISTÊNCIA HOSPITALAR E AMBULATORIAL,PR,CURITIBA,410690,1830795,2026,13792329000184,FUNDO MUNICIPAL DA SAUDE,001,037931,000000164186,MUNICIPAL,N,S,N,46168,400000,400000,-,-
2026,https://portalfns.saude.gov.br/idg_download/repasse-faf-com-populacao-2026-acumulado-ate-julho/,https://portalfns.saude.gov.br/wp-content/uploads/2026/08/Repasse-FAF-com-POPULACAO-2026-acumulado-ate-julho.xlsx,/home/neologos/anatomia-do-gasto-sprint2/data/raw/_nacional/fns/repasses_faf_com_populacao/2026/Repasse-FAF-com-POPULACAO-2026-acumulado-ate-julho.xlsx,Manutenção Das Ações E Serviços Públicos De Saúde,ATENÇÃO DE MÉDIA E ALTA COMPLEXIDADE AMBULATORIAL E HOSPITALAR,EMENDA - INCREMENTO TEMPORÁRIO AO CUSTEIO DOS SERVIÇOS DE ASSISTÊNCIA HOSPITALAR E AMBULATORIAL,PR,CURITIBA,410690,1830795,2026,13792329000184,FUNDO MUNICIPAL DA SAUDE,001,037931,000000164216,MUNICIPAL,N,S,N,46168,100000,100000,-,-
2026,https://portalfns.saude.gov.br/idg_download/repasse-faf-com-populacao-2026-acumulado-ate-julho/,https://portalfns.saude.gov.br/wp-content/uploads/2026/08/Repasse-FAF-com-POPULACAO-2026-acumulado-ate-julho.xlsx,/home/neologos/anatomia-do-gasto-sprint2/data/raw/_nacional/fns/repasses_faf_com_populacao/2026/Repasse-FAF-com-POPULACAO-2026-acumulado-ate-julho.xlsx,Manutenção Das Ações E Serviços Públicos De Saúde,ATENÇÃO DE MÉDIA E ALTA COMPLEXIDADE AMBULATORIAL E HOSPITALAR,EMENDA - INCREMENTO TEMPORÁRIO AO CUSTEIO DOS SERVIÇOS DE ASSISTÊNCIA HOSPITALAR E AMBULATORIAL,PR,CURITIBA,410690,1830795,2026,13792329000184,FUNDO MUNICIPAL DA SAUDE,001,037931,000000164240,MUNICIPAL,N,S,N,46168,500000,500000,-,-
2026,https://portalfns.saude.gov.br/idg_download/repasse-faf-com-populacao-2026-acumulado-ate-julho/,https://portalfns.saude.gov.br/wp-content/uploads/2026/08/Repasse-FAF-com-POPULACAO-2026-acumulado-ate-julho.xlsx,/home/neologos/anatomia-do-gasto-sprint2/data/raw/_nacional/fns/repasses_faf_com_populacao/2026/Repasse-FAF-com-POPULACAO-2026-acumulado-ate-julho.xlsx,Manutenção Das Ações E Serviços Públicos De Saúde,ATENÇÃO DE MÉDIA E ALTA COMPLEXIDADE AMBULATORIAL E HOSPITALAR,EMENDA - INCREMENTO TEMPORÁRIO AO CUSTEIO DOS SERVIÇOS DE ASSISTÊNCIA HOSPITALAR E AMBULATORIAL,PR,CURITIBA,410690,1830795,2026,13792329000184,FUNDO MUNICIPAL DA SAUDE,001,037931,000000164267,MUNICIPAL,N,S,N,46168,100000,100000,-,-
2026,https://portalfns.saude.gov.br/idg_download/repasse-faf-com-populacao-2026-acumulado-ate-julho/,https://portalfns.saude.gov.br/wp-content/uploads/2026/08/Repasse-FAF-com-POPULACAO-2026-acumulado-ate-julho.xlsx,/home/neologos/anatomia-do-gasto-sprint2/data/raw/_nacional/fns/repasses_faf_com_populacao/2026/Repasse-FAF-com-POPULACAO-2026-acumulado-ate-julho.xlsx,Manutenção Das Ações E Serviços Públicos De Saúde,ATENÇÃO DE MÉDIA E ALTA COMPLEXIDADE AMBULATORIAL E HOSPITALAR,EMENDA - INCREMENTO TEMPORÁRIO AO CUSTEIO DOS SERVIÇOS DE ASSISTÊNCIA HOSPITALAR E AMBULATORIAL,PR,CURITIBA,410690,1830795,2026,13792329000184,FUNDO MUNICIPAL DA SAUDE,001,037931,000000164275,MUNICIPAL,N,S,N,46168,300000,300000,-,-
2026,https://portalfns.saude.gov.br/idg_download/repasse-faf-com-populacao-2026-acumulado-ate-julho/,https://portalfns.saude.gov.br/wp-content/uploads/2026/08/Repasse-FAF-com-POPULACAO-2026-acumulado-ate-julho.xlsx,/home/neologos/anatomia-do-gasto-sprint2/data/raw/_nacional/fns/repasses_faf_com_populacao/2026/Repasse-FAF-com-POPULACAO-2026-acumulado-ate-julho.xlsx,Manutenção Das Ações E Serviços Públicos De Saúde,ATENÇÃO DE MÉDIA E ALTA COMPLEXIDADE AMBULATORIAL E HOSPITALAR,EMENDA - INCREMENTO TEMPORÁRIO AO CUSTEIO DOS SERVIÇOS DE ASSISTÊNCIA HOSPITALAR E AMBULATORIAL,PR,CURITIBA,410690,1830795,2026,13792329000184,FUNDO MUNICIPAL DA SAUDE,001,037931,000000164283,MUNICIPAL,N,S,N,46168,262007,262007,-,-
2026,https://portalfns.saude.gov.br/idg_download/repasse-faf-com-populacao-2026-acumulado-ate-julho/,https://portalfns.saude.gov.br/wp-content/uploads/2026/08/Repasse-FAF-com-POPULACAO-2026-acumulado-ate-julho.xlsx,/home/neologos/anatomia-do-gasto-sprint2/data/raw/_nacional/fns/repasses_faf_com_populacao/2026/Repasse-FAF-com-POPULACAO-2026-acumulado-ate-julho.xlsx,Manutenção Das Ações E Serviços Públicos De Saúde,ATENÇÃO DE MÉDIA E ALTA COMPLEXIDADE AMBULATORIAL E HOSPITALAR,EMENDA - INCREMENTO TEMPORÁRIO AO CUSTEIO DOS SERVIÇOS DE ASSISTÊNCIA HOSPITALAR E AMBULATORIAL,PR,CURITIBA,410690,1830795,2026,13792329000184,FUNDO MUNICIPAL DA SAUDE,001,037931,000000164291,MUNICIPAL,N,S,N,46168,300000,300000,-,-
2026,https://portalfns.saude.gov.br/idg_download/repasse-faf-com-populacao-2026-acumulado-ate-julho/,https://portalfns.saude.gov.br/wp-content/uploads/2026/08/Repasse-FAF-com-POPULACAO-2026-acumulado-ate-julho.xlsx,/home/neologos/anatomia-do-gasto-sprint2/data/raw/_nacional/fns/repasses_faf_com_populacao/2026/Repasse-FAF-com-POPULACAO-2026-acumulado-ate-julho.xlsx,Manutenção Das Ações E Serviços Públicos De Saúde,ATENÇÃO DE MÉDIA E ALTA COMPLEXIDADE AMBULATORIAL E HOSPITALAR,EMENDA - INCREMENTO TEMPORÁRIO AO CUSTEIO DOS SERVIÇOS DE ASSISTÊNCIA HOSPITALAR E AMBULATORIAL,PR,CURITIBA,410690,1830795,2026,13792329000184,FUNDO MUNICIPAL DA SAUDE,001,037931,000000164305,MUNICIPAL,N,S,N,46168,537993,537993,-,-
2026,https://portalfns.saude.gov.br/idg_download/repasse-faf-com-populacao-2026-acumulado-ate-julho/,https://portalfns.saude.gov.br/wp-content/uploads/2026/08/Repasse-FAF-com-POPULACAO-2026-acumulado-ate-julho.xlsx,/home/neologos/anatomia-do-gasto-sprint2/data/raw/_nacional/fns/repasses_faf_com_populacao/2026/Repasse-FAF-com-POPULACAO-2026-acumulado-ate-julho.xlsx,Manutenção Das Ações E Serviços Públicos De Saúde,ATENÇÃO DE MÉDIA E ALTA COMPLEXIDADE AMBULATORIAL E HOSPITALAR,EMENDA - INCREMENTO TEMPORÁRIO AO CUSTEIO DOS SERVIÇOS DE ASSISTÊNCIA HOSPITALAR E AMBULATORIAL,PR,CURITIBA,410690,1830795,2026,13792329000184,FUNDO MUNICIPAL DA SAUDE,001,037931,000000164356,MUNICIPAL,N,S,N,46168,350000,350000,-,-
2026,https://portalfns.saude.gov.br/idg_download/repasse-faf-com-populacao-2026-acumulado-ate-julho/,https://portalfns.saude.gov.br/wp-content/uploads/2026/08/Repasse-FAF-com-POPULACAO-2026-acumulado-ate-julho.xlsx,/home/neologos/anatomia-do-gasto-sprint2/data/raw/_nacional/fns/repasses_faf_com_populacao/2026/Repasse-FAF-com-POPULACAO-2026-acumulado-ate-julho.xlsx,Manutenção Das Ações E Serviços Públicos De Saúde,ATENÇÃO DE MÉDIA E ALTA COMPLEXIDADE AMBULATORIAL E HOSPITALAR,EMENDA - INCREMENTO TEMPORÁRIO AO CUSTEIO DOS SERVIÇOS DE ASSISTÊNCIA HOSPITALAR E AMBULATORIAL,PR,CURITIBA,410690,1830795,2026,13792329000184,FUNDO MUNICIPAL DA SAUDE,001,037931,000000164364,MUNICIPAL,N,S,N,46168,200000,200000,-,-
2026,https://portalfns.saude.gov.br/idg_download/repasse-faf-com-populacao-2026-acumulado-ate-julho/,https://portalfns.saude.gov.br/wp-content/uploads/2026/08/Repasse-FAF-com-POPULACAO-2026-acumulado-ate-julho.xlsx,/home/neologos/anatomia-do-gasto-sprint2/data/raw/_nacional/fns/repasses_faf_com_populacao/2026/Repasse-FAF-com-POPULACAO-2026-acumulado-ate-julho.xlsx,Manutenção Das Ações E Serviços Públicos De Saúde,ATENÇÃO DE MÉDIA E ALTA COMPLEXIDADE AMBULATORIAL E HOSPITALAR,EMENDA - INCREMENTO TEMPORÁRIO AO CUSTEIO DOS SERVIÇOS DE ASSISTÊNCIA HOSPITALAR E AMBULATORIAL,PR,CURITIBA,410690,1830795,2026,13792329000184,FUNDO MUNICIPAL DA SAUDE,001,037931,000000164372,MUNICIPAL,N,S,N,46168,500000,500000,-,-
2026,https://portalfns.saude.gov.br/idg_download/repasse-faf-com-populacao-2026-acumulado-ate-julho/,https://portalfns.saude.gov.br/wp-content/uploads/2026/08/Repasse-FAF-com-POPULACAO-2026-acumulado-ate-julho.xlsx,/home/neologos/anatomia-do-gasto-sprint2/data/raw/_nacional/fns/repasses_faf_com_populacao/2026/Repasse-FAF-com-POPULACAO-2026-acumulado-ate-julho.xlsx,Manutenção Das Ações E Serviços Públicos De Saúde,ATENÇÃO DE MÉDIA E ALTA COMPLEXIDADE AMBULATORIAL E HOSPITALAR,EMENDA - INCREMENTO TEMPORÁRIO AO CUSTEIO DOS SERVIÇOS DE ASSISTÊNCIA HOSPITALAR E AMBULATORIAL,PR,CURITIBA,410690,1830795,2026,13792329000184,FUNDO MUNICIPAL DA SAUDE,001,037931,000000164747,MUNICIPAL,N,S,N,46168,500000,500000,-,-
2026,https://portalfns.saude.gov.br/idg_download/repasse-faf-com-populacao-2026-acumulado-ate-julho/,https://portalfns.saude.gov.br/wp-content/uploads/2026/08/Repasse-FAF-com-POPULACAO-2026-acumulado-ate-julho.xlsx,/home/neologos/anatomia-do-gasto-sprint2/data/raw/_nacional/fns/repasses_faf_com_populacao/2026/Repasse-FAF-com-POPULACAO-2026-acumulado-ate-julho.xlsx,Manutenção Das Ações E Serviços Públicos De Saúde,ATENÇÃO DE MÉDIA E ALTA COMPLEXIDADE AMBULATORIAL E HOSPITALAR,EMENDA - INCREMENTO TEMPORÁRIO AO CUSTEIO DOS SERVIÇOS DE ASSISTÊNCIA HOSPITALAR E AMBULATORIAL,PR,CURITIBA,410690,1830795,2026,08597121000174,FUNDO ESTADUAL DE SAUDE DO PARANA - FUNSAUDE,001,037931,00000016643X,ESTADUAL,S,S,N,46163,2000000,2000000,-,-
2026,https://portalfns.saude.gov.br/idg_download/repasse-faf-com-populacao-2026-acumulado-ate-julho/,https://portalfns.saude.gov.br/wp-content/uploads/2026/08/Repasse-FAF-com-POPULACAO-2026-acumulado-ate-julho.xlsx,/home/neologos/anatomia-do-gasto-sprint2/data/raw/_nacional/fns/repasses_faf_com_populacao/2026/Repasse-FAF-com-POPULACAO-2026-acumulado-ate-julho.xlsx,Manutenção Das Ações E Serviços Públicos De Saúde,ATENÇÃO DE MÉDIA E ALTA COMPLEXIDADE AMBULATORIAL E HOSPITALAR,EMENDA - INCREMENTO TEMPORÁRIO AO CUSTEIO DOS SERVIÇOS DE ASSISTÊNCIA HOSPITALAR E AMBULATORIAL,PR,CURITIBA,410690,1830795,2026,08597121000174,FUNDO ESTADUAL DE SAUDE DO PARANA - FUNSAUDE,001,037931,000000166359,ESTADUAL,S,S,N,46163,500000,500000,-,-
2026,https://portalfns.saude.gov.br/idg_download/repasse-faf-com-populacao-2026-acumulado-ate-julho/,https://portalfns.saude.gov.br/wp-content/uploads/2026/08/Repasse-FAF-com-POPULACAO-2026-acumulado-ate-julho.xlsx,/home/neologos/anatomia-do-gasto-sprint2/data/raw/_nacional/fns/repasses_faf_com_populacao/2026/Repasse-FAF-com-POPULACAO-2026-acumulado-ate-julho.xlsx,Manutenção Das Ações E Serviços Públicos De Saúde,ATENÇÃO DE MÉDIA E ALTA COMPLEXIDADE AMBULATORIAL E HOSPITALAR,EMENDA - INCREMENTO TEMPORÁRIO AO CUSTEIO DOS SERVIÇOS DE ASSISTÊNCIA HOSPITALAR E AMBULATORIAL,PR,CURITIBA,410690,1830795,2026,08597121000174,FUNDO ESTADUAL DE SAUDE DO PARANA - FUNSAUDE,001,037931,000000166375,ESTADUAL,S,S,N,46163,300000,300000,-,-
2026,https://portalfns.saude.gov.br/idg_download/repasse-faf-com-populacao-2026-acumulado-ate-julho/,https://portalfns.saude.gov.br/wp-content/uploads/2026/08/Repasse-FAF-com-POPULACAO-2026-acumulado-ate-julho.xlsx,/home/neologos/anatomia-do-gasto-sprint2/data/raw/_nacional/fns/repasses_faf_com_populacao/2026/Repasse-FAF-com-POPULACAO-2026-acumulado-ate-julho.xlsx,Manutenção Das Ações E Serviços Públicos De Saúde,ATENÇÃO DE MÉDIA E ALTA COMPLEXIDADE AMBULATORIAL E HOSPITALAR,EMENDA - INCREMENTO TEMPORÁRIO AO CUSTEIO DOS SERVIÇOS DE ASSISTÊNCIA HOSPITALAR E AMBULATORIAL,PR,CURITIBA,410690,1830795,2026,08597121000174,FUNDO ESTADUAL DE SAUDE DO PARANA - FUNSAUDE,001,037931,000000166383,ESTADUAL,S,S,N,46163,3000000,3000000,-,-
2026,https://portalfns.saude.gov.br/idg_download/repasse-faf-com-populacao-2026-acumulado-ate-julho/,https://portalfns.saude.gov.br/wp-content/uploads/2026/08/Repasse-FAF-com-POPULACAO-2026-acumulado-ate-julho.xlsx,/home/neologos/anatomia-do-gasto-sprint2/data/raw/_nacional/fns/repasses_faf_com_populacao/2026/Repasse-FAF-com-POPULACAO-2026-acumulado-ate-julho.xlsx,Manutenção Das Ações E Serviços Públicos De Saúde,ATENÇÃO DE MÉDIA E ALTA COMPLEXIDADE AMBULATORIAL E HOSPITALAR,EMENDA - INCREMENTO TEMPORÁRIO AO CUSTEIO DOS SERVIÇOS DE ASSISTÊNCIA HOSPITALAR E AMBULATORIAL,PR,CURITIBA,410690,1830795,2026,08597121000174,FUNDO ESTADUAL DE SAUDE DO PARANA - FUNSAUDE,001,037931,000000166413,ESTADUAL,S,S,N,46163,150000,150000,-,-
2026,https://portalfns.saude.gov.br/idg_download/repasse-faf-com-populacao-2026-acumulado-ate-julho/,https://portalfns.saude.gov.br/wp-content/uploads/2026/08/Repasse-FAF-com-POPULACAO-2026-acumulado-ate-julho.xlsx,/home/neologos/anatomia-do-gasto-sprint2/data/raw/_nacional/fns/repasses_faf_com_populacao/2026/Repasse-FAF-com-POPULACAO-2026-acumulado-ate-julho.xlsx,Manutenção Das Ações E Serviços Públicos De Saúde,ATENÇÃO DE MÉDIA E ALTA COMPLEXIDADE AMBULATORIAL E HOSPITALAR,EMENDA - INCREMENTO TEMPORÁRIO AO CUSTEIO DOS SERVIÇOS DE ASSISTÊNCIA HOSPITALAR E AMBULATORIAL,PR,CURITIBA,410690,1830795,2026,08597121000174,FUNDO ESTADUAL DE SAUDE DO PARANA - FUNSAUDE,001,037931,000000166529,ESTADUAL,S,S,N,46163,1000000,1000000,-,-
2026,https://portalfns.saude.gov.br/idg_download/repasse-faf-com-populacao-2026-acumulado-ate-julho/,https://portalfns.saude.gov.br/wp-content/uploads/2026/08/Repasse-FAF-com-POPULACAO-2026-acumulado-ate-julho.xlsx,/home/neologos/anatomia-do-gasto-sprint2/data/raw/_nacional/fns/repasses_faf_com_populacao/2026/Repasse-FAF-com-POPULACAO-2026-acumulado-ate-julho.xlsx,Manutenção Das Ações E Serviços Públicos De Saúde,ATENÇÃO PRIMÁRIA,EMENDA - INCREMENTO TEMPORÁRIO AO CUSTEIO DOS SERVIÇOS DE ATENÇÃO PRIMÁRIA EM SAÚDE,PR,CURITIBA,410690,1830795,2026,13792329000184,FUNDO MUNICIPAL DA SAUDE,001,037931,000000166421,MUNICIPAL,N,S,N,46157,1000000,1000000,-,-
2026,https://portalfns.saude.gov.br/idg_download/repasse-faf-com-populacao-2026-acumulado-ate-julho/,https://portalfns.saude.gov.br/wp-content/uploads/2026/08/Repasse-FAF-com-POPULACAO-2026-acumulado-ate-julho.xlsx,/home/neologos/anatomia-do-gasto-sprint2/data/raw/_nacional/fns/repasses_faf_com_populacao/2026/Repasse-FAF-com-POPULACAO-2026-acumulado-ate-julho.xlsx,Manutenção Das Ações E Serviços Públicos De Saúde,ATENÇÃO PRIMÁRIA,EMENDA - INCREMENTO TEMPORÁRIO AO CUSTEIO DOS SERVIÇOS DE ATENÇÃO PRIMÁRIA EM SAÚDE,PR,CURITIBA,410690,1830795,2026,13792329000184,FUNDO MUNICIPAL DA SAUDE,001,037931,00000016402X,MUNICIPAL,N,S,N,46154,2800000,2800000,-,-
2026,https://portalfns.saude.gov.br/idg_download/repasse-faf-com-populacao-2026-acumulado-ate-julho/,https://portalfns.saude.gov.br/wp-content/uploads/2026/08/Repasse-FAF-com-POPULACAO-2026-acumulado-ate-julho.xlsx,/home/neologos/anatomia-do-gasto-sprint2/data/raw/_nacional/fns/repasses_faf_com_populacao/2026/Repasse-FAF-com-POPULACAO-2026-acumulado-ate-julho.xlsx,Manutenção Das Ações E Serviços Públicos De Saúde,ATENÇÃO PRIMÁRIA,EMENDA - INCREMENTO TEMPORÁRIO AO CUSTEIO DOS SERVIÇOS DE ATENÇÃO PRIMÁRIA EM SAÚDE,PR,CURITIBA,410690,1830795,2026,13792329000184,FUNDO MUNICIPAL DA SAUDE,001,037931,000000164437,MUNICIPAL,N,S,N,46154,200000,200000,-,-
2026,https://portalfns.saude.gov.br/idg_download/repasse-faf-com-populacao-2026-acumulado-ate-julho/,https://portalfns.saude.gov.br/wp-content/uploads/2026/08/Repasse-FAF-com-POPULACAO-2026-acumulado-ate-julho.xlsx,/home/neologos/anatomia-do-gasto-sprint2/data/raw/_nacional/fns/repasses_faf_com_populacao/2026/Repasse-FAF-com-POPULACAO-2026-acumulado-ate-julho.xlsx,Manutenção Das Ações E Serviços Públicos De Saúde,ATENÇÃO DE MÉDIA E ALTA COMPLEXIDADE AMBULATORIAL E HOSPITALAR,EMENDA - INCREMENTO TEMPORÁRIO AO CUSTEIO DOS SERVIÇOS DE ASSISTÊNCIA HOSPITALAR E AMBULATORIAL,PR,CURITIBA,410690,1830795,2026,08597121000174,FUNDO ESTADUAL DE SAUDE DO PARANA - FUNSAUDE,001,037931,00000016481X,ESTADUAL,S,S,N,46150,250000,250000,-,-
2026,https://portalfns.saude.gov.br/idg_download/repasse-faf-com-populacao-2026-acumulado-ate-julho/,https://portalfns.saude.gov.br/wp-content/uploads/2026/08/Repasse-FAF-com-POPULACAO-2026-acumulado-ate-julho.xlsx,/home/neologos/anatomia-do-gasto-sprint2/data/raw/_nacional/fns/repasses_faf_com_populacao/2026/Repasse-FAF-com-POPULACAO-2026-acumulado-ate-julho.xlsx,Manutenção Das Ações E Serviços Públicos De Saúde,ATENÇÃO DE MÉDIA E ALTA COMPLEXIDADE AMBULATORIAL E HOSPITALAR,EMENDA - INCREMENTO TEMPORÁRIO AO CUSTEIO DOS SERVIÇOS DE ASSISTÊNCIA HOSPITALAR E AMBULATORIAL,PR,CURITIBA,410690,1830795,2026,08597121000174,FUNDO ESTADUAL DE SAUDE DO PARANA - FUNSAUDE,001,037931,000000163961,ESTADUAL,S,S,N,46150,500000,500000,-,-
2026,https://portalfns.saude.gov.br/idg_download/repasse-faf-com-populacao-2026-acumulado-ate-julho/,https://portalfns.saude.gov.br/wp-content/uploads/2026/08/Repasse-FAF-com-POPULACAO-2026-acumulado-ate-julho.xlsx,/home/neologos/anatomia-do-gasto-sprint2/data/raw/_nacional/fns/repasses_faf_com_populacao/2026/Repasse-FAF-com-POPULACAO-2026-acumulado-ate-julho.xlsx,Manutenção Das Ações E Serviços Públicos De Saúde,ATENÇÃO DE MÉDIA E ALTA COMPLEXIDADE AMBULATORIAL E HOSPITALAR,EMENDA - INCREMENTO TEMPORÁRIO AO CUSTEIO DOS SERVIÇOS DE ASSISTÊNCIA HOSPITALAR E AMBULATORIAL,PR,CURITIBA,410690,1830795,2026,08597121000174,FUNDO ESTADUAL DE SAUDE DO PARANA - FUNSAUDE,001,037931,000000164577,ESTADUAL,S,S,N,46150,500000,500000,-,-
2026,https://portalfns.saude.gov.br/idg_download/repasse-faf-com-populacao-2026-acumulado-ate-julho/,https://portalfns.saude.gov.br/wp-content/uploads/2026/08/Repasse-FAF-com-POPULACAO-2026-acumulado-ate-julho.xlsx,/home/neologos/anatomia-do-gasto-sprint2/data/raw/_nacional/fns/repasses_faf_com_populacao/2026/Repasse-FAF-com-POPULACAO-2026-acumulado-ate-julho.xlsx,Manutenção Das Ações E Serviços Públicos De Saúde,ATENÇÃO DE MÉDIA E ALTA COMPLEXIDADE AMBULATORIAL E HOSPITALAR,EMENDA - INCREMENTO TEMPORÁRIO AO CUSTEIO DOS SERVIÇOS DE ASSISTÊNCIA HOSPITALAR E AMBULATORIAL,PR,CURITIBA,410690,1830795,2026,08597121000174,FUNDO ESTADUAL DE SAUDE DO PARANA - FUNSAUDE,001,037931,000000164658,ESTADUAL,S,S,N,46150,10000000,10000000,-,-
2026,https://portalfns.saude.gov.br/idg_download/repasse-faf-com-populacao-2026-acumulado-ate-julho/,https://portalfns.saude.gov.br/wp-content/uploads/2026/08/Repasse-FAF-com-POPULACAO-2026-acumulado-ate-julho.xlsx,/home/neologos/anatomia-do-gasto-sprint2/data/raw/_nacional/fns/repasses_faf_com_populacao/2026/Repasse-FAF-com-POPULACAO-2026-acumulado-ate-julho.xlsx,Manutenção Das Ações E Serviços Públicos De Saúde,ATENÇÃO DE MÉDIA E ALTA COMPLEXIDADE AMBULATORIAL E HOSPITALAR,EMENDA - INCREMENTO TEMPORÁRIO AO CUSTEIO DOS SERVIÇOS DE ASSISTÊNCIA HOSPITALAR E AMBULATORIAL,PR,CURITIBA,410690,1830795,2026,08597121000174,FUNDO ESTADUAL DE SAUDE DO PARANA - FUNSAUDE,001,037931,000000164674,ESTADUAL,S,S,N,46150,100000,100000,-,-
2026,https://portalfns.saude.gov.br/idg_download/repasse-faf-com-populacao-2026-acumulado-ate-julho/,https://portalfns.saude.gov.br/wp-content/uploads/2026/08/Repasse-FAF-com-POPULACAO-2026-acumulado-ate-julho.xlsx,/home/neologos/anatomia-do-gasto-sprint2/data/raw/_nacional/fns/repasses_faf_com_populacao/2026/Repasse-FAF-com-POPULACAO-2026-acumulado-ate-julho.xlsx,Manutenção Das Ações E Serviços Públicos De Saúde,ATENÇÃO DE MÉDIA E ALTA COMPLEXIDADE AMBULATORIAL E HOSPITALAR,EMENDA - INCREMENTO TEMPORÁRIO AO CUSTEIO DOS SERVIÇOS DE ASSISTÊNCIA HOSPITALAR E AMBULATORIAL,PR,CURITIBA,410690,1830795,2026,08597121000174,FUNDO ESTADUAL DE SAUDE DO PARANA - FUNSAUDE,001,037931,000000164690,ESTADUAL,S,S,N,46150,1000000,1000000,-,-
2026,https://portalfns.saude.gov.br/idg_download/repasse-faf-com-populacao-2026-acumulado-ate-julho/,https://portalfns.saude.gov.br/wp-content/uploads/2026/08/Repasse-FAF-com-POPULACAO-2026-acumulado-ate-julho.xlsx,/home/neologos/anatomia-do-gasto-sprint2/data/raw/_nacional/fns/repasses_faf_com_populacao/2026/Repasse-FAF-com-POPULACAO-2026-acumulado-ate-julho.xlsx,Manutenção Das Ações E Serviços Públicos De Saúde,ATENÇÃO DE MÉDIA E ALTA COMPLEXIDADE AMBULATORIAL E HOSPITALAR,EMENDA - INCREMENTO TEMPORÁRIO AO CUSTEIO DOS SERVIÇOS DE ASSISTÊNCIA HOSPITALAR E AMBULATORIAL,PR,CURITIBA,410690,1830795,2026,13792329000184,FUNDO MUNICIPAL DA SAUDE,001,037931,00000015993X,MUNICIPAL,N,S,N,46148,200000,200000,-,-
2026,https://portalfns.saude.gov.br/idg_download/repasse-faf-com-populacao-2026-acumulado-ate-julho/,https://portalfns.saude.gov.br/wp-content/uploads/2026/08/Repasse-FAF-com-POPULACAO-2026-acumulado-ate-julho.xlsx,/home/neologos/anatomia-do-gasto-sprint2/data/raw/_nacional/fns/repasses_faf_com_populacao/2026/Repasse-FAF-com-POPULACAO-2026-acumulado-ate-julho.xlsx,Manutenção Das Ações E Serviços Públicos De Saúde,ATENÇÃO DE MÉDIA E ALTA COMPLEXIDADE AMBULATORIAL E HOSPITALAR,EMENDA - INCREMENTO TEMPORÁRIO AO CUSTEIO DOS SERVIÇOS DE ASSISTÊNCIA HOSPITALAR E AMBULATORIAL,PR,CURITIBA,410690,1830795,2026,13792329000184,FUNDO MUNICIPAL DA SAUDE,001,037931,000000159816,MUNICIPAL,N,S,N,46148,972000,972000,-,-
2026,https://portalfns.saude.gov.br/idg_download/repasse-faf-com-populacao-2026-acumulado-ate-julho/,https://portalfns.saude.gov.br/wp-content/uploads/2026/08/Repasse-FAF-com-POPULACAO-2026-acumulado-ate-julho.xlsx,/home/neologos/anatomia-do-gasto-sprint2/data/raw/_nacional/fns/repasses_faf_com_populacao/2026/Repasse-FAF-com-POPULACAO-2026-acumulado-ate-julho.xlsx,Manutenção Das Ações E Serviços Públicos De Saúde,ATENÇÃO DE MÉDIA E ALTA COMPLEXIDADE AMBULATORIAL E HOSPITALAR,EMENDA - INCREMENTO TEMPORÁRIO AO CUSTEIO DOS SERVIÇOS DE ASSISTÊNCIA HOSPITALAR E AMBULATORIAL,PR,CURITIBA,410690,1830795,2026,13792329000184,FUNDO MUNICIPAL DA SAUDE,001,037931,000000159824,MUNICIPAL,N,S,N,46148,3130000,3130000,-,-
2026,https://portalfns.saude.gov.br/idg_download/repasse-faf-com-populacao-2026-acumulado-ate-julho/,https://portalfns.saude.gov.br/wp-content/uploads/2026/08/Repasse-FAF-com-POPULACAO-2026-acumulado-ate-julho.xlsx,/home/neologos/anatomia-do-gasto-sprint2/data/raw/_nacional/fns/repasses_faf_com_populacao/2026/Repasse-FAF-com-POPULACAO-2026-acumulado-ate-julho.xlsx,Manutenção Das Ações E Serviços Públicos De Saúde,ATENÇÃO DE MÉDIA E ALTA COMPLEXIDADE AMBULATORIAL E HOSPITALAR,EMENDA - INCREMENTO TEMPORÁRIO AO CUSTEIO DOS SERVIÇOS DE ASSISTÊNCIA HOSPITALAR E AMBULATORIAL,PR,CURITIBA,410690,1830795,2026,13792329000184,FUNDO MUNICIPAL DA SAUDE,001,037931,000000159905,MUNICIPAL,N,S,N,46148,507250,507250,-,-
2026,https://portalfns.saude.gov.br/idg_download/repasse-faf-com-populacao-2026-acumulado-ate-julho/,https://portalfns.saude.gov.br/wp-content/uploads/2026/08/Repasse-FAF-com-POPULACAO-2026-acumulado-ate-julho.xlsx,/home/neologos/anatomia-do-gasto-sprint2/data/raw/_nacional/fns/repasses_faf_com_populacao/2026/Repasse-FAF-com-POPULACAO-2026-acumulado-ate-julho.xlsx,Manutenção Das Ações E Serviços Públicos De Saúde,ATENÇÃO DE MÉDIA E ALTA COMPLEXIDADE AMBULATORIAL E HOSPITALAR,EMENDA - INCREMENTO TEMPORÁRIO AO CUSTEIO DOS SERVIÇOS DE ASSISTÊNCIA HOSPITALAR E AMBULATORIAL,PR,CURITIBA,410690,1830795,2026,13792329000184,FUNDO MUNICIPAL DA SAUDE,001,037931,000000159913,MUNICIPAL,N,S,N,46148,200000,200000,-,-
2026,https://portalfns.saude.gov.br/idg_download/repasse-faf-com-populacao-2026-acumulado-ate-julho/,https://portalfns.saude.gov.br/wp-content/uploads/2026/08/Repasse-FAF-com-POPULACAO-2026-acumulado-ate-julho.xlsx,/home/neologos/anatomia-do-gasto-sprint2/data/raw/_nacional/fns/repasses_faf_com_populacao/2026/Repasse-FAF-com-POPULACAO-2026-acumulado-ate-julho.xlsx,Manutenção Das Ações E Serviços Públicos De Saúde,ATENÇÃO DE MÉDIA E ALTA COMPLEXIDADE AMBULATORIAL E HOSPITALAR,EMENDA - INCREMENTO TEMPORÁRIO AO CUSTEIO DOS SERVIÇOS DE ASSISTÊNCIA HOSPITALAR E AMBULATORIAL,PR,CURITIBA,410690,1830795,2026,13792329000184,FUNDO MUNICIPAL DA SAUDE,001,037931,000000159921,MUNICIPAL,N,S,N,46148,250000,250000,-,-
2026,https://portalfns.saude.gov.br/idg_download/repasse-faf-com-populacao-2026-acumulado-ate-julho/,https://portalfns.saude.gov.br/wp-content/uploads/2026/08/Repasse-FAF-com-POPULACAO-2026-acumulado-ate-julho.xlsx,/home/neologos/anatomia-do-gasto-sprint2/data/raw/_nacional/fns/repasses_faf_com_populacao/2026/Repasse-FAF-com-POPULACAO-2026-acumulado-ate-julho.xlsx,Manutenção Das Ações E Serviços Públicos De Saúde,ATENÇÃO DE MÉDIA E ALTA COMPLEXIDADE AMBULATORIAL E HOSPITALAR,EMENDA - INCREMENTO TEMPORÁRIO AO CUSTEIO DOS SERVIÇOS DE ASSISTÊNCIA HOSPITALAR E AMBULATORIAL,PR,CURITIBA,410690,1830795,2026,13792329000184,FUNDO MUNICIPAL DA SAUDE,001,037931,000000159948,MUNICIPAL,N,S,N,46148,200000,200000,-,-
2026,https://portalfns.saude.gov.br/idg_download/repasse-faf-com-populacao-2026-acumulado-ate-julho/,https://portalfns.saude.gov.br/wp-content/uploads/2026/08/Repasse-FAF-com-POPULACAO-2026-acumulado-ate-julho.xlsx,/home/neologos/anatomia-do-gasto-sprint2/data/raw/_nacional/fns/repasses_faf_com_populacao/2026/Repasse-FAF-com-POPULACAO-2026-acumulado-ate-julho.xlsx,Manutenção Das Ações E Serviços Públicos De Saúde,ATENÇÃO DE MÉDIA E ALTA COMPLEXIDADE AMBULATORIAL E HOSPITALAR,EMENDA - INCREMENTO TEMPORÁRIO AO CUSTEIO DOS SERVIÇOS DE ASSISTÊNCIA HOSPITALAR E AMBULATORIAL,PR,CURITIBA,410690,1830795,2026,13792329000184,FUNDO MUNICIPAL DA SAUDE,001,037931,000000159956,MUNICIPAL,N,S,N,46148,550000,550000,-,-
2026,https://portalfns.saude.gov.br/idg_download/repasse-faf-com-populacao-2026-acumulado-ate-julho/,https://portalfns.saude.gov.br/wp-content/uploads/2026/08/Repasse-FAF-com-POPULACAO-2026-acumulado-ate-julho.xlsx,/home/neologos/anatomia-do-gasto-sprint2/data/raw/_nacional/fns/repasses_faf_com_populacao/2026/Repasse-FAF-com-POPULACAO-2026-acumulado-ate-julho.xlsx,Manutenção Das Ações E Serviços Públicos De Saúde,ATENÇÃO DE MÉDIA E ALTA COMPLEXIDADE AMBULATORIAL E HOSPITALAR,EMENDA - INCREMENTO TEMPORÁRIO AO CUSTEIO DOS SERVIÇOS DE ASSISTÊNCIA HOSPITALAR E AMBULATORIAL,PR,CURITIBA,410690,1830795,2026,13792329000184,FUNDO MUNICIPAL DA SAUDE,001,037931,000000159964,MUNICIPAL,N,S,N,46148,94000,94000,-,-
2026,https://portalfns.saude.gov.br/idg_download/repasse-faf-com-populacao-2026-acumulado-ate-julho/,https://portalfns.saude.gov.br/wp-content/uploads/2026/08/Repasse-FAF-com-POPULACAO-2026-acumulado-ate-julho.xlsx,/home/neologos/anatomia-do-gasto-sprint2/data/raw/_nacional/fns/repasses_faf_com_populacao/2026/Repasse-FAF-com-POPULACAO-2026-acumulado-ate-julho.xlsx,Manutenção Das Ações E Serviços Públicos De Saúde,ATENÇÃO DE MÉDIA E ALTA COMPLEXIDADE AMBULATORIAL E HOSPITALAR,EMENDA - INCREMENTO TEMPORÁRIO AO CUSTEIO DOS SERVIÇOS DE ASSISTÊNCIA HOSPITALAR E AMBULATORIAL,PR,CURITIBA,410690,1830795,2026,13792329000184,FUNDO MUNICIPAL DA SAUDE,001,037931,000000161594,MUNICIPAL,N,S,N,46148,1294000,1294000,-,-
2026,https://portalfns.saude.gov.br/idg_download/repasse-faf-com-populacao-2026-acumulado-ate-julho/,https://portalfns.saude.gov.br/wp-content/uploads/2026/08/Repasse-FAF-com-POPULACAO-2026-acumulado-ate-julho.xlsx,/home/neologos/anatomia-do-gasto-sprint2/data/raw/_nacional/fns/repasses_faf_com_populacao/2026/Repasse-FAF-com-POPULACAO-2026-acumulado-ate-julho.xlsx,Manutenção Das Ações E Serviços Públicos De Saúde,ATENÇÃO DE MÉDIA E ALTA COMPLEXIDADE AMBULATORIAL E HOSPITALAR,FAEC - REDUÇÃO DAS FILAS DE CIRURGIAS (ELETIVAS),PR,CURITIBA,410690,1830795,2026,08597121000174,FUNDO ESTADUAL DE SAUDE DO PARANA - FUNSAUDE,001,037931,00000011958X,ESTADUAL,S,S,N,46113,191204.23,191204.23,259187936.87,46203
2026,https://portalfns.saude.gov.br/idg_download/repasse-faf-com-populacao-2026-acumulado-ate-julho/,https://portalfns.saude.gov.br/wp-content/uploads/2026/08/Repasse-FAF-com-POPULACAO-2026-acumulado-ate-julho.xlsx,/home/neologos/anatomia-do-gasto-sprint2/data/raw/_nacional/fns/repasses_faf_com_populacao/2026/Repasse-FAF-com-POPULACAO-2026-acumulado-ate-julho.xlsx,Manutenção Das Ações E Serviços Públicos De Saúde,ATENÇÃO DE MÉDIA E ALTA COMPLEXIDADE AMBULATORIAL E HOSPITALAR,FAEC - REDUÇÃO DAS FILAS DE CIRURGIAS (ELETIVAS),PR,CURITIBA,410690,1830795,2026,13792329000184,FUNDO MUNICIPAL DA SAUDE,001,037931,000000139947,MUNICIPAL,N,S,N,46113,13967140.49,13923036.630000001,74262181.579999998,46203
2026,https://portalfns.saude.gov.br/idg_download/repasse-faf-com-populacao-2026-acumulado-ate-julho/,https://portalfns.saude.gov.br/wp-content/uploads/2026/08/Repasse-FAF-com-POPULACAO-2026-acumulado-ate-julho.xlsx,/home/neologos/anatomia-do-gasto-sprint2/data/raw/_nacional/fns/repasses_faf_com_populacao/2026/Repasse-FAF-com-POPULACAO-2026-acumulado-ate-julho.xlsx,Manutenção Das Ações E Serviços Públicos De Saúde,ATENÇÃO PRIMÁRIA,PISO DE ATENCAO PRIMARIA A SAUDE - DESPESAS DIVERSAS,PR,CURITIBA,410690,1830795,2026,13792329000184,FUNDO MUNICIPAL DA SAUDE,001,037931,000000139947,MUNICIPAL,N,S,N,46112,655200,655200,74262181.579999998,46203
2026,https://portalfns.saude.gov.br/idg_download/repasse-faf-com-populacao-2026-acumulado-ate-julho/,https://portalfns.saude.gov.br/wp-content/uploads/2026/08/Repasse-FAF-com-POPULACAO-2026-acumulado-ate-julho.xlsx,/home/neologos/anatomia-do-gasto-sprint2/data/raw/_nacional/fns/repasses_faf_com_populacao/2026/Repasse-FAF-com-POPULACAO-2026-acumulado-ate-julho.xlsx,Manutenção Das Ações E Serviços Públicos De Saúde,ATENÇÃO DE MÉDIA E ALTA COMPLEXIDADE AMBULATORIAL E HOSPITALAR,FAEC - CENTRAL NACIONAL DE REGULAÇÃO DE ALTA COMPLEXIDADE,PR,CURITIBA,410690,1830795,2026,13792329000184,FUNDO MUNICIPAL DA SAUDE,001,037931,000000139947,MUNICIPAL,N,S,N,46104,27532,27532,74262181.579999998,46203
2026,https://portalfns.saude.gov.br/idg_download/repasse-faf-com-populacao-2026-acumulado-ate-julho/,https://portalfns.saude.gov.br/wp-content/uploads/2026/08/Repasse-FAF-com-POPULACAO-2026-acumulado-ate-julho.xlsx,/home/neologos/anatomia-do-gasto-sprint2/data/raw/_nacional/fns/repasses_faf_com_populacao/2026/Repasse-FAF-com-POPULACAO-2026-acumulado-ate-julho.xlsx,Manutenção Das Ações E Serviços Públicos De Saúde,ATENÇÃO DE MÉDIA E ALTA COMPLEXIDADE AMBULATORIAL E HOSPITALAR,FAEC - OPME NÃO RELACIONADOS AO ATO CIRÚRGICO,PR,CURITIBA,410690,1830795,2026,08597121000174,FUNDO ESTADUAL DE SAUDE DO PARANA - FUNSAUDE,001,037931,00000011958X,ESTADUAL,S,S,N,46083,4454.32,4454.32,259187936.87,46203
2026,https://portalfns.saude.gov.br/idg_download/repasse-faf-com-populacao-2026-acumulado-ate-julho/,https://portalfns.saude.gov.br/wp-content/uploads/2026/08/Repasse-FAF-com-POPULACAO-2026-acumulado-ate-julho.xlsx,/home/neologos/anatomia-do-gasto-sprint2/data/raw/_nacional/fns/repasses_faf_com_populacao/2026/Repasse-FAF-com-POPULACAO-2026-acumulado-ate-julho.xlsx,Manutenção Das Ações E Serviços Públicos De Saúde,GESTÃO DO SUS,VALORIZAGTES/SUS - FORMACAO DE PROFISSIONAIS TECNICOS E POS-TECNICOSEM SAUDE PARA O SUS,PR,CURITIBA,410690,1830795,2026,08597121000174,FUNDO ESTADUAL DE SAUDE DO PARANA - FUNSAUDE,001,037931,00000011958X,ESTADUAL,S,S,N,46072,1657500,1657500,259187936.87,46203
2026,https://portalfns.saude.gov.br/idg_download/repasse-faf-com-populacao-2026-acumulado-ate-julho/,https://portalfns.saude.gov.br/wp-content/uploads/2026/08/Repasse-FAF-com-POPULACAO-2026-acumulado-ate-julho.xlsx,/home/neologos/anatomia-do-gasto-sprint2/data/raw/_nacional/fns/repasses_faf_com_populacao/2026/Repasse-FAF-com-POPULACAO-2026-acumulado-ate-julho.xlsx,Manutenção Das Ações E Serviços Públicos De Saúde,GESTÃO DO SUS,VALORIZAGTES/SUS - PRO-RESIDENCIA MEDICA E EM AREA PROFISSIONAL DA SAUDE,PR,CURITIBA,410690,1830795,2026,08597121000174,FUNDO ESTADUAL DE SAUDE DO PARANA - FUNSAUDE,001,037931,00000011958X,ESTADUAL,S,S,N,46072,295000,295000,259187936.87,46203
2026,https://portalfns.saude.gov.br/idg_download/repasse-faf-com-populacao-2026-acumulado-ate-julho/,https://portalfns.saude.gov.br/wp-content/uploads/2026/08/Repasse-FAF-com-POPULACAO-2026-acumulado-ate-julho.xlsx,/home/neologos/anatomia-do-gasto-sprint2/data/raw/_nacional/fns/repasses_faf_com_populacao/2026/Repasse-FAF-com-POPULACAO-2026-acumulado-ate-julho.xlsx,Manutenção Das Ações E Serviços Públicos De Saúde,ATENÇÃO DE MÉDIA E ALTA COMPLEXIDADE AMBULATORIAL E HOSPITALAR,EMENDA - INCREMENTO TEMPORÁRIO AO CUSTEIO DOS SERVIÇOS DE ASSISTÊNCIA HOSPITALAR E AMBULATORIAL,PR,CURITIBA,410690,1830795,2026,08597121000174,FUNDO ESTADUAL DE SAUDE DO PARANA - FUNSAUDE,001,037931,000000162140,ESTADUAL,S,S,N,46066,2100000,2100000,-,-
2026,https://portalfns.saude.gov.br/idg_download/repasse-faf-com-populacao-2026-acumulado-ate-julho/,https://portalfns.saude.gov.br/wp-content/uploads/2026/08/Repasse-FAF-com-POPULACAO-2026-acumulado-ate-julho.xlsx,/home/neologos/anatomia-do-gasto-sprint2/data/raw/_nacional/fns/repasses_faf_com_populacao/2026/Repasse-FAF-com-POPULACAO-2026-acumulado-ate-julho.xlsx,Manutenção Das Ações E Serviços Públicos De Saúde,ATENÇÃO DE MÉDIA E ALTA COMPLEXIDADE AMBULATORIAL E HOSPITALAR,EMENDA - INCREMENTO TEMPORÁRIO AO CUSTEIO DOS SERVIÇOS DE ASSISTÊNCIA HOSPITALAR E AMBULATORIAL,PR,CURITIBA,410690,1830795,2026,08597121000174,FUNDO ESTADUAL DE SAUDE DO PARANA - FUNSAUDE,001,037931,000000162213,ESTADUAL,S,S,N,46066,182366,182366,-,-
2026,https://portalfns.saude.gov.br/idg_download/repasse-faf-com-populacao-2026-acumulado-ate-julho/,https://portalfns.saude.gov.br/wp-content/uploads/2026/08/Repasse-FAF-com-POPULACAO-2026-acumulado-ate-julho.xlsx,/home/neologos/anatomia-do-gasto-sprint2/data/raw/_nacional/fns/repasses_faf_com_populacao/2026/Repasse-FAF-com-POPULACAO-2026-acumulado-ate-julho.xlsx,Manutenção Das Ações E Serviços Públicos De Saúde,ATENÇÃO DE MÉDIA E ALTA COMPLEXIDADE AMBULATORIAL E HOSPITALAR,EMENDA - INCREMENTO TEMPORÁRIO AO CUSTEIO DOS SERVIÇOS DE ASSISTÊNCIA HOSPITALAR E AMBULATORIAL,PR,CURITIBA,410690,1830795,2026,08597121000174,FUNDO ESTADUAL DE SAUDE DO PARANA - FUNSAUDE,001,037931,000000162108,ESTADUAL,S,S,N,46065,500000,500000,-,-
2026,https://portalfns.saude.gov.br/idg_download/repasse-faf-com-populacao-2026-acumulado-ate-julho/,https://portalfns.saude.gov.br/wp-content/uploads/2026/08/Repasse-FAF-com-POPULACAO-2026-acumulado-ate-julho.xlsx,/home/neologos/anatomia-do-gasto-sprint2/data/raw/_nacional/fns/repasses_faf_com_populacao/2026/Repasse-FAF-com-POPULACAO-2026-acumulado-ate-julho.xlsx,Manutenção Das Ações E Serviços Públicos De Saúde,ATENÇÃO DE MÉDIA E ALTA COMPLEXIDADE AMBULATORIAL E HOSPITALAR,EMENDA - INCREMENTO TEMPORÁRIO AO CUSTEIO DOS SERVIÇOS DE ASSISTÊNCIA HOSPITALAR E AMBULATORIAL,PR,CURITIBA,410690,1830795,2026,08597121000174,FUNDO ESTADUAL DE SAUDE DO PARANA - FUNSAUDE,001,037931,000000162175,ESTADUAL,S,S,N,46065,200000,200000,-,-
2026,https://portalfns.saude.gov.br/idg_download/repasse-faf-com-populacao-2026-acumulado-ate-julho/,https://portalfns.saude.gov.br/wp-content/uploads/2026/08/Repasse-FAF-com-POPULACAO-2026-acumulado-ate-julho.xlsx,/home/neologos/anatomia-do-gasto-sprint2/data/raw/_nacional/fns/repasses_faf_com_populacao/2026/Repasse-FAF-com-POPULACAO-2026-acumulado-ate-julho.xlsx,Manutenção Das Ações E Serviços Públicos De Saúde,ATENÇÃO DE MÉDIA E ALTA COMPLEXIDADE AMBULATORIAL E HOSPITALAR,EMENDA - INCREMENTO TEMPORÁRIO AO CUSTEIO DOS SERVIÇOS DE ASSISTÊNCIA HOSPITALAR E AMBULATORIAL,PR,CURITIBA,410690,1830795,2026,08597121000174,FUNDO ESTADUAL DE SAUDE DO PARANA - FUNSAUDE,001,037931,000000162183,ESTADUAL,S,S,N,46065,6000000,6000000,-,-
2026,https://portalfns.saude.gov.br/idg_download/repasse-faf-com-populacao-2026-acumulado-ate-julho/,https://portalfns.saude.gov.br/wp-content/uploads/2026/08/Repasse-FAF-com-POPULACAO-2026-acumulado-ate-julho.xlsx,/home/neologos/anatomia-do-gasto-sprint2/data/raw/_nacional/fns/repasses_faf_com_populacao/2026/Repasse-FAF-com-POPULACAO-2026-acumulado-ate-julho.xlsx,Manutenção Das Ações E Serviços Públicos De Saúde,ATENÇÃO DE MÉDIA E ALTA COMPLEXIDADE AMBULATORIAL E HOSPITALAR,EMENDA - INCREMENTO TEMPORÁRIO AO CUSTEIO DOS SERVIÇOS DE ASSISTÊNCIA HOSPITALAR E AMBULATORIAL,PR,CURITIBA,410690,1830795,2026,08597121000174,FUNDO ESTADUAL DE SAUDE DO PARANA - FUNSAUDE,001,037931,000000162191,ESTADUAL,S,S,N,46065,500000,500000,-,-
2026,https://portalfns.saude.gov.br/idg_download/repasse-faf-com-populacao-2026-acumulado-ate-julho/,https://portalfns.saude.gov.br/wp-content/uploads/2026/08/Repasse-FAF-com-POPULACAO-2026-acumulado-ate-julho.xlsx,/home/neologos/anatomia-do-gasto-sprint2/data/raw/_nacional/fns/repasses_faf_com_populacao/2026/Repasse-FAF-com-POPULACAO-2026-acumulado-ate-julho.xlsx,Manutenção Das Ações E Serviços Públicos De Saúde,ATENÇÃO DE MÉDIA E ALTA COMPLEXIDADE AMBULATORIAL E HOSPITALAR,EMENDA - INCREMENTO TEMPORÁRIO AO CUSTEIO DOS SERVIÇOS DE ASSISTÊNCIA HOSPITALAR E AMBULATORIAL,PR,CURITIBA,410690,1830795,2026,08597121000174,FUNDO ESTADUAL DE SAUDE DO PARANA - FUNSAUDE,001,037931,000000162671,ESTADUAL,S,S,N,46065,700000,700000,-,-
2026,https://portalfns.saude.gov.br/idg_download/repasse-faf-com-populacao-2026-acumulado-ate-julho/,https://portalfns.saude.gov.br/wp-content/uploads/2026/08/Repasse-FAF-com-POPULACAO-2026-acumulado-ate-julho.xlsx,/home/neologos/anatomia-do-gasto-sprint2/data/raw/_nacional/fns/repasses_faf_com_populacao/2026/Repasse-FAF-com-POPULACAO-2026-acumulado-ate-julho.xlsx,Estruturação Da Rede De Serviços Públicos De Saúde,ATENÇÃO ESPECIALIZADA,EMENDA - ESTRUTURAÇÃO DE UNIDADES DE ATENÇÃO ESPECIALIZADA EM SAÚDE,PR,CURITIBA,410690,1830795,2026,13792329000184,FUNDO MUNICIPAL DA SAUDE,001,037931,000000162132,MUNICIPAL,N,S,N,46062,298384,298384,-,-
2026,https://portalfns.saude.gov.br/idg_download/repasse-faf-com-populacao-2026-acumulado-ate-julho/,https://portalfns.saude.gov.br/wp-content/uploads/2026/08/Repasse-FAF-com-POPULACAO-2026-acumulado-ate-julho.xlsx,/home/neologos/anatomia-do-gasto-sprint2/data/raw/_nacional/fns/repasses_faf_com_populacao/2026/Repasse-FAF-com-POPULACAO-2026-acumulado-ate-julho.xlsx,Manutenção Das Ações E Serviços Públicos De Saúde,GESTÃO DO SUS,"IMPLANTAÇÃO, DESENV. E MANUT. DE SAÚDE DIGITAL, TELESSAÚDE E INOVAÇÃO NO SUS - DESPESAS DIVERSAS",PR,CURITIBA,410690,1830795,2026,08597121000174,FUNDO ESTADUAL DE SAUDE DO PARANA - FUNSAUDE,001,037931,00000011958X,ESTADUAL,S,S,N,46056,6500000,6500000,259187936.87,46203
2026,https://portalfns.saude.gov.br/idg_download/repasse-faf-com-populacao-2026-acumulado-ate-julho/,https://portalfns.saude.gov.br/wp-content/uploads/2026/08/Repasse-FAF-com-POPULACAO-2026-acumulado-ate-julho.xlsx,/home/neologos/anatomia-do-gasto-sprint2/data/raw/_nacional/fns/repasses_faf_com_populacao/2026/Repasse-FAF-com-POPULACAO-2026-acumulado-ate-julho.xlsx,Manutenção Das Ações E Serviços Públicos De Saúde,GESTÃO DO SUS,"IMPLANTAÇÃO, DESENV. E MANUT. DE SAÚDE DIGITAL, TELESSAÚDE E INOVAÇÃO NO SUS - DESPESAS DIVERSAS",PR,CURITIBA,410690,1830795,2026,13792329000184,FUNDO MUNICIPAL DA SAUDE,001,037931,000000139947,MUNICIPAL,N,S,N,46056,1594450,1594450,74262181.579999998,46203
2026,https://portalfns.saude.gov.br/idg_download/repasse-faf-com-populacao-2026-acumulado-ate-julho/,https://portalfns.saude.gov.br/wp-content/uploads/2026/08/Repasse-FAF-com-POPULACAO-2026-acumulado-ate-julho.xlsx,/home/neologos/anatomia-do-gasto-sprint2/data/raw/_nacional/fns/repasses_faf_com_populacao/2026/Repasse-FAF-com-POPULACAO-2026-acumulado-ate-julho.xlsx,Manutenção Das Ações E Serviços Públicos De Saúde,ATENÇÃO DE MÉDIA E ALTA COMPLEXIDADE AMBULATORIAL E HOSPITALAR,EMENDA - INCREMENTO TEMPORÁRIO AO CUSTEIO DOS SERVIÇOS DE ASSISTÊNCIA HOSPITALAR E AMBULATORIAL,PR,CURITIBA,410690,1830795,2026,08597121000174,FUNDO ESTADUAL DE SAUDE DO PARANA - FUNSAUDE,001,037931,000000162124,ESTADUAL,S,S,N,46037,100000,100000,-,-
2026,https://portalfns.saude.gov.br/idg_download/repasse-faf-com-populacao-2026-acumulado-ate-julho/,https://portalfns.saude.gov.br/wp-content/uploads/2026/08/Repasse-FAF-com-POPULACAO-2026-acumulado-ate-julho.xlsx,/home/neologos/anatomia-do-gasto-sprint2/data/raw/_nacional/fns/repasses_faf_com_populacao/2026/Repasse-FAF-com-POPULACAO-2026-acumulado-ate-julho.xlsx,Manutenção Das Ações E Serviços Públicos De Saúde,ATENÇÃO PRIMÁRIA,EMENDA - INCREMENTO TEMPORÁRIO AO CUSTEIO DOS SERVIÇOS DE ATENÇÃO PRIMÁRIA EM SAÚDE,PR,CURITIBA,410690,1830795,2026,13792329000184,FUNDO MUNICIPAL DA SAUDE,001,037931,000000161756,MUNICIPAL,N,S,N,46037,500000,500000,-,-
