ibge,uf,regiao,nome,key
5200050,GO,CO,Abadia de Goiás,abadia_de_goias
3100104,MG,SE,Abadia dos Dourados,abadia_dos_dourados
5200100,GO,CO,Abadiânia,abadiania
3100203,MG,SE,Abaeté,abaete
1500107,PA,N,Abaetetuba,abaetetuba
2300101,CE,NE,Abaiara,abaiara
2900108,BA,NE,Abaíra,abaira
2900207,BA,NE,Abaré,abare
4100103,PR,S,Abatiá,abatia
4200051,SC,S,Abdon Batista,abdon_batista
1500131,PA,N,Abel Figueiredo,abel_figueiredo
4200101,SC,S,Abelardo Luz,abelardo_luz
3100302,MG,SE,Abre Campo,abre_campo
2600054,PE,NE,Abreu e Lima,abreu_e_lima
1700251,TO,N,Abreulândia,abreulandia
3100401,MG,SE,Acaiaca,acaiaca
2100055,MA,NE,Açailândia,acailandia
2900306,BA,NE,Acajutiba,acajutiba
1500206,PA,N,Acará,acara
2300150,CE,NE,Acarape,acarape
2300200,CE,NE,Acaraú,acarau
2400109,RN,NE,Acari,acari
2200053,PI,NE,Acauã,acaua
4300034,RS,S,Aceguá,acegua
2300309,CE,NE,Acopiara,acopiara
5100102,MT,CO,Acorizal,acorizal
1200013,AC,N,Acrelândia,acrelandia
5200134,GO,CO,Acreúna,acreuna
3100500,MG,SE,Açucena,acucena
3500105,SP,SE,Adamantina,adamantina
5200159,GO,CO,Adelândia,adelandia
3500204,SP,SE,Adolfo,adolfo
4100202,PR,S,Adrianópolis,adrianopolis
2900355,BA,NE,Adustina,adustina
2600104,PE,NE,Afogados da Ingazeira,afogados_da_ingazeira
2400307,RN,NE,Afonso Bezerra,afonso_bezerra
3200102,ES,SE,Afonso Cláudio,afonso_claudio
2100105,MA,NE,Afonso Cunha,afonso_cunha
2600203,PE,NE,Afrânio,afranio
1500305,PA,N,Afuá,afua
2600302,PE,NE,Agrestina,agrestina
2200103,PI,NE,Agricolândia,agricolandia
4200200,SC,S,Agrolândia,agrolandia
4200309,SC,S,Agronômica,agronomica
1500347,PA,N,Água Azul do Norte,agua_azul_do_norte
3100609,MG,SE,Água Boa,agua_boa
5100201,MT,CO,Água Boa,agua_boa
2700102,AL,NE,Água Branca,agua_branca
2200202,PI,NE,Água Branca,agua_branca
2500106,PB,NE,Água Branca,agua_branca
5000203,MS,CO,Água Clara,agua_clara
3100708,MG,SE,Água Comprida,agua_comprida
4200408,SC,S,Água Doce,agua_doce
2100154,MA,NE,Água Doce do Maranhão,agua_doce_do_maranhao
3200169,ES,SE,Água Doce do Norte,agua_doce_do_norte
2900405,BA,NE,Água Fria,agua_fria
5200175,GO,CO,Água Fria de Goiás,agua_fria_de_goias
5200209,GO,CO,Água Limpa,agua_limpa
2400406,RN,NE,Água Nova,agua_nova
2600401,PE,NE,Água Preta,agua_preta
4300059,RS,S,Água Santa,agua_santa
3500303,SP,SE,Aguaí,aguai
3100807,MG,SE,Aguanil,aguanil
2600500,PE,NE,Águas Belas,aguas_belas
3500402,SP,SE,Águas da Prata,aguas_da_prata
4200507,SC,S,Águas de Chapecó,aguas_de_chapeco
3500501,SP,SE,Águas de Lindóia,aguas_de_lindoia
3500550,SP,SE,Águas de Santa Bárbara,aguas_de_santa_barbara
3500600,SP,SE,Águas de São Pedro,aguas_de_sao_pedro
3100906,MG,SE,Águas Formosas,aguas_formosas
4200556,SC,S,Águas Frias,aguas_frias
5200258,GO,CO,Águas Lindas de Goiás,aguas_lindas_de_goias
4200606,SC,S,Águas Mornas,aguas_mornas
3101003,MG,SE,Águas Vermelhas,aguas_vermelhas
4300109,RS,S,Agudo,agudo
3500709,SP,SE,Agudos,agudos
4100301,PR,S,Agudos do Sul,agudos_do_sul
3200136,ES,SE,Águia Branca,aguia_branca
2500205,PB,NE,Aguiar,aguiar
1700301,TO,N,Aguiarnópolis,aguiarnopolis
3101102,MG,SE,Aimorés,aimores
2900603,BA,NE,Aiquara,aiquara
2300408,CE,NE,Aiuaba,aiuaba
3101201,MG,SE,Aiuruoca,aiuruoca
4300208,RS,S,Ajuricaba,ajuricaba
3101300,MG,SE,Alagoa,alagoa
2500304,PB,NE,Alagoa Grande,alagoa_grande
2500403,PB,NE,Alagoa Nova,alagoa_nova
2500502,PB,NE,Alagoinha,alagoinha
2600609,PE,NE,Alagoinha,alagoinha
2200251,PI,NE,Alagoinha do Piauí,alagoinha_do_piaui
2900702,BA,NE,Alagoinhas,alagoinhas
3500758,SP,SE,Alambari,alambari
3101409,MG,SE,Albertina,albertina
2100204,MA,NE,Alcântara,alcantara
2300507,CE,NE,Alcântaras,alcantaras
2500536,PB,NE,Alcantil,alcantil
5000252,MS,CO,Alcinópolis,alcinopolis
2900801,BA,NE,Alcobaça,alcobaca
2100303,MA,NE,Aldeias Altas,aldeias_altas
4300307,RS,S,Alecrim,alecrim
3200201,ES,SE,Alegre,alegre
4300406,RS,S,Alegrete,alegrete
2200277,PI,NE,Alegrete do Piauí,alegrete_do_piaui
4300455,RS,S,Alegria,alegria
3101508,MG,SE,Além Paraíba,alem_paraiba
1500404,PA,N,Alenquer,alenquer
2400505,RN,NE,Alexandria,alexandria
5200308,GO,CO,Alexânia,alexania
3101607,MG,SE,Alfenas,alfenas
3200300,ES,SE,Alfredo Chaves,alfredo_chaves
3500808,SP,SE,Alfredo Marcondes,alfredo_marcondes
3101631,MG,SE,Alfredo Vasconcelos,alfredo_vasconcelos
4200705,SC,S,Alfredo Wagner,alfredo_wagner
2500577,PB,NE,Algodão de Jandaíra,algodao_de_jandaira
2500601,PB,NE,Alhandra,alhandra
2600708,PE,NE,Aliança,alianca
1700350,TO,N,Aliança do Tocantins,alianca_do_tocantins
2900900,BA,NE,Almadina,almadina
1700400,TO,N,Almas,almas
1500503,PA,N,Almeirim,almeirim
3101706,MG,SE,Almenara,almenara
2400604,RN,NE,Almino Afonso,almino_afonso
4100400,PR,S,Almirante Tamandaré,almirante_tamandare
4300471,RS,S,Almirante Tamandaré do Sul,almirante_tamandare_do_sul
5200506,GO,CO,Aloândia,aloandia
3101805,MG,SE,Alpercata,alpercata
4300505,RS,S,Alpestre,alpestre
3101904,MG,SE,Alpinópolis,alpinopolis
5100250,MT,CO,Alta Floresta,alta_floresta
1100015,RO,N,Alta Floresta D'Oeste,alta_floresta_doeste
3500907,SP,SE,Altair,altair
1500602,PA,N,Altamira,altamira
2100402,MA,NE,Altamira do Maranhão,altamira_do_maranhao
4100459,PR,S,Altamira do Paraná,altamira_do_parana
2300606,CE,NE,Altaneira,altaneira
3102001,MG,SE,Alterosa,alterosa
2600807,PE,NE,Altinho,altinho
3501004,SP,SE,Altinópolis,altinopolis
3501103,SP,SE,Alto Alegre,alto_alegre
4300554,RS,S,Alto Alegre,alto_alegre
1400050,RR,N,Alto Alegre,alto_alegre
2100436,MA,NE,Alto Alegre do Maranhão,alto_alegre_do_maranhao
2100477,MA,NE,Alto Alegre do Pindaré,alto_alegre_do_pindare
1100379,RO,N,Alto Alegre dos Parecis,alto_alegre_dos_parecis
5100300,MT,CO,Alto Araguaia,alto_araguaia
4200754,SC,S,Alto Bela Vista,alto_bela_vista
5100359,MT,CO,Alto Boa Vista,alto_boa_vista
3102050,MG,SE,Alto Caparaó,alto_caparao
2400703,RN,NE,Alto do Rodrigues,alto_do_rodrigues
4300570,RS,S,Alto Feliz,alto_feliz
5100409,MT,CO,Alto Garças,alto_garcas
5200555,GO,CO,Alto Horizonte,alto_horizonte
3153509,MG,SE,Alto Jequitibá,alto_jequitiba
2200301,PI,NE,Alto Longá,alto_longa
5100508,MT,CO,Alto Paraguai,alto_paraguai
4128625,PR,S,Alto Paraíso,alto_paraiso
1100403,RO,N,Alto Paraíso,alto_paraiso
5200605,GO,CO,Alto Paraíso de Goiás,alto_paraiso_de_goias
4100608,PR,S,Alto Paraná,alto_parana
2100501,MA,NE,Alto Parnaíba,alto_parnaiba
4100707,PR,S,Alto Piquiri,alto_piquiri
3102100,MG,SE,Alto Rio Doce,alto_rio_doce
3200359,ES,SE,Alto Rio Novo,alto_rio_novo
2300705,CE,NE,Alto Santo,alto_santo
5100607,MT,CO,Alto Taquari,alto_taquari
4100509,PR,S,Altônia,altonia
2200400,PI,NE,Altos,altos
3501152,SP,SE,Alumínio,aluminio
1300029,AM,N,Alvarães,alvaraes
3102209,MG,SE,Alvarenga,alvarenga
3501202,SP,SE,Álvares Florence,alvares_florence
3501301,SP,SE,Álvares Machado,alvares_machado
3501400,SP,SE,Álvaro de Carvalho,alvaro_de_carvalho
3501509,SP,SE,Alvinlândia,alvinlandia
3102308,MG,SE,Alvinópolis,alvinopolis
1700707,TO,N,Alvorada,alvorada
4300604,RS,S,Alvorada,alvorada
3102407,MG,SE,Alvorada de Minas,alvorada_de_minas
2200459,PI,NE,Alvorada do Gurguéia,alvorada_do_gurgueia
5200803,GO,CO,Alvorada do Norte,alvorada_do_norte
4100806,PR,S,Alvorada do Sul,alvorada_do_sul
1100346,RO,N,Alvorada D'Oeste,alvorada_doeste
1400027,RR,N,Amajari,amajari
5000609,MS,CO,Amambai,amambai
1600105,AP,N,Amapá,amapa
2100550,MA,NE,Amapá do Maranhão,amapa_do_maranhao
4100905,PR,S,Amaporã,amapora
2600906,PE,NE,Amaraji,amaraji
4300638,RS,S,Amaral Ferrador,amaral_ferrador
5200829,GO,CO,Amaralina,amaralina
2200509,PI,NE,Amarante,amarante
2100600,MA,NE,Amarante do Maranhão,amarante_do_maranhao
2901007,BA,NE,Amargosa,amargosa
1300060,AM,N,Amaturá,amatura
2901106,BA,NE,Amélia Rodrigues,amelia_rodrigues
2901155,BA,NE,América Dourada,america_dourada
3501608,SP,SE,Americana,americana
5200852,GO,CO,Americano do Brasil,americano_do_brasil
3501707,SP,SE,Américo Brasiliense,americo_brasiliense
3501806,SP,SE,Américo de Campos,americo_de_campos
4300646,RS,S,Ametista do Sul,ametista_do_sul
2300754,CE,NE,Amontada,amontada
5200902,GO,CO,Amorinópolis,amorinopolis
3501905,SP,SE,Amparo,amparo
2500734,PB,NE,Amparo,amparo
2800100,SE,NE,Amparo do São Francisco,amparo_do_sao_francisco
3102506,MG,SE,Amparo do Serra,amparo_do_serra
4101002,PR,S,Ampére,ampere
2700201,AL,NE,Anadia,anadia
2901205,BA,NE,Anagé,anage
4101051,PR,S,Anahy,anahy
1500701,PA,N,Anajás,anajas
2100709,MA,NE,Anajatuba,anajatuba
3502002,SP,SE,Analândia,analandia
1300086,AM,N,Anamã,anama
1701002,TO,N,Ananás,ananas
1500800,PA,N,Ananindeua,ananindeua
5201108,GO,CO,Anápolis,anapolis
1500859,PA,N,Anapu,anapu
2100808,MA,NE,Anapurus,anapurus
5000708,MS,CO,Anastácio,anastacio
5000807,MS,CO,Anaurilândia,anaurilandia
4200804,SC,S,Anchieta,anchieta
3200409,ES,SE,Anchieta,anchieta
2901304,BA,NE,Andaraí,andarai
4101101,PR,S,Andirá,andira
2901353,BA,NE,Andorinha,andorinha
3102605,MG,SE,Andradas,andradas
3502101,SP,SE,Andradina,andradina
4300661,RS,S,André da Rocha,andre_da_rocha
3102803,MG,SE,Andrelândia,andrelandia
3502200,SP,SE,Angatuba,angatuba
3102852,MG,SE,Angelândia,angelandia
5000856,MS,CO,Angélica,angelica
2601003,PE,NE,Angelim,angelim
4200903,SC,S,Angelina,angelina
2901403,BA,NE,Angical,angical
2200608,PI,NE,Angical do Piauí,angical_do_piaui
1701051,TO,N,Angico,angico
2400802,RN,NE,Angicos,angicos
3300100,RJ,SE,Angra dos Reis,angra_dos_reis
2901502,BA,NE,Anguera,anguera
4101150,PR,S,Ângulo,angulo
5201207,GO,CO,Anhanguera,anhanguera
3502309,SP,SE,Anhembi,anhembi
3502408,SP,SE,Anhumas,anhumas
5201306,GO,CO,Anicuns,anicuns
2200707,PI,NE,Anísio de Abreu,anisio_de_abreu
4201000,SC,S,Anita Garibaldi,anita_garibaldi
4201109,SC,S,Anitápolis,anitapolis
1300102,AM,N,Anori,anori
4300703,RS,S,Anta Gorda,anta_gorda
2901601,BA,NE,Antas,antas
4101200,PR,S,Antonina,antonina
2300804,CE,NE,Antonina do Norte,antonina_do_norte
2200806,PI,NE,Antônio Almeida,antonio_almeida
2901700,BA,NE,Antônio Cardoso,antonio_cardoso
3102902,MG,SE,Antônio Carlos,antonio_carlos
4201208,SC,S,Antônio Carlos,antonio_carlos
3103009,MG,SE,Antônio Dias,antonio_dias
2901809,BA,NE,Antônio Gonçalves,antonio_goncalves
5000906,MS,CO,Antônio João,antonio_joao
2400901,RN,NE,Antônio Martins,antonio_martins
4101309,PR,S,Antônio Olinto,antonio_olinto
4300802,RS,S,Antônio Prado,antonio_prado
3103108,MG,SE,Antônio Prado de Minas,antonio_prado_de_minas
2500775,PB,NE,Aparecida,aparecida
3502507,SP,SE,Aparecida,aparecida
5201405,GO,CO,Aparecida de Goiânia,aparecida_de_goiania
5201454,GO,CO,Aparecida do Rio Doce,aparecida_do_rio_doce
1701101,TO,N,Aparecida do Rio Negro,aparecida_do_rio_negro
5001003,MS,CO,Aparecida do Taboado,aparecida_do_taboado
3502606,SP,SE,Aparecida d'Oeste,aparecida_doeste
3300159,RJ,SE,Aperibé,aperibe
3200508,ES,SE,Apiacá,apiaca
5100805,MT,CO,Apiacás,apiacas
3502705,SP,SE,Apiaí,apiai
2100832,MA,NE,Apicum-Açu,apicum_acu
4201257,SC,S,Apiúna,apiuna
2401008,RN,NE,Apodi,apodi
2901908,BA,NE,Aporá,apora
5201504,GO,CO,Aporé,apore
2901957,BA,NE,Apuarema,apuarema
4101408,PR,S,Apucarana,apucarana
1300144,AM,N,Apuí,apui
2300903,CE,NE,Apuiarés,apuiares
2800209,SE,NE,Aquidabã,aquidaba
5001102,MS,CO,Aquidauana,aquidauana
2301000,CE,NE,Aquiraz,aquiraz
4201273,SC,S,Arabutã,arabuta
2500809,PB,NE,Araçagi,aracagi
3103207,MG,SE,Araçaí,aracai
2800308,SE,NE,Aracaju,aracaju
3502754,SP,SE,Araçariguama,aracariguama
2902054,BA,NE,Araçás,aracas
2301109,CE,NE,Aracati,aracati
2902005,BA,NE,Aracatu,aracatu
3502804,SP,SE,Araçatuba,aracatuba
2902104,BA,NE,Araci,araci
3103306,MG,SE,Aracitaba,aracitaba
2301208,CE,NE,Aracoiaba,aracoiaba
2601052,PE,NE,Araçoiaba,aracoiaba
3502903,SP,SE,Araçoiaba da Serra,aracoiaba_da_serra
3200607,ES,SE,Aracruz,aracruz
5201603,GO,CO,Araçu,aracu
3103405,MG,SE,Araçuaí,aracuai
5201702,GO,CO,Aragarças,aragarcas
5201801,GO,CO,Aragoiânia,aragoiania
1701309,TO,N,Aragominas,aragominas
1701903,TO,N,Araguacema,araguacema
1702000,TO,N,Araguaçu,araguacu
5101001,MT,CO,Araguaiana,araguaiana
1702109,TO,N,Araguaína,araguaina
5101209,MT,CO,Araguainha,araguainha
1702158,TO,N,Araguanã,araguana
2100873,MA,NE,Araguanã,araguana
5202155,GO,CO,Araguapaz,araguapaz
3103504,MG,SE,Araguari,araguari
1702208,TO,N,Araguatins,araguatins
2100907,MA,NE,Araioses,araioses
5001243,MS,CO,Aral Moreira,aral_moreira
2902203,BA,NE,Aramari,aramari
4300851,RS,S,Arambaré,arambare
2100956,MA,NE,Arame,arame
3503000,SP,SE,Aramina,aramina
3503109,SP,SE,Arandu,arandu
3103603,MG,SE,Arantina,arantina
3503158,SP,SE,Arapeí,arapei
2700300,AL,NE,Arapiraca,arapiraca
1702307,TO,N,Arapoema,arapoema
3103702,MG,SE,Araponga,araponga
4101507,PR,S,Arapongas,arapongas
3103751,MG,SE,Araporã,arapora
4101606,PR,S,Arapoti,arapoti
3103801,MG,SE,Arapuá,arapua
4101655,PR,S,Arapuã,arapua
5101258,MT,CO,Araputanga,araputanga
4201307,SC,S,Araquari,araquari
2500908,PB,NE,Arara,arara
4201406,SC,S,Araranguá,ararangua
3503208,SP,SE,Araraquara,araraquara
3503307,SP,SE,Araras,araras
2301257,CE,NE,Ararendá,ararenda
2101004,MA,NE,Arari,arari
4300877,RS,S,Araricá,ararica
2301307,CE,NE,Araripe,araripe
2601102,PE,NE,Araripina,araripina
3300209,RJ,SE,Araruama,araruama
4101705,PR,S,Araruna,araruna
2501005,PB,NE,Araruna,araruna
2902252,BA,NE,Arataca,arataca
4300901,RS,S,Aratiba,aratiba
2301406,CE,NE,Aratuba,aratuba
2902302,BA,NE,Aratuípe,aratuipe
2800407,SE,NE,Arauá,araua
4101804,PR,S,Araucária,araucaria
3103900,MG,SE,Araújos,araujos
3104007,MG,SE,Araxá,araxa
3104106,MG,SE,Arceburgo,arceburgo
3503356,SP,SE,Arco-Íris,arco_iris
3104205,MG,SE,Arcos,arcos
2601201,PE,NE,Arcoverde,arcoverde
3104304,MG,SE,Areado,areado
3300225,RJ,SE,Areal,areal
3503406,SP,SE,Arealva,arealva
2501104,PB,NE,Areia,areia
2401107,RN,NE,Areia Branca,areia_branca
2800506,SE,NE,Areia Branca,areia_branca
2501153,PB,NE,Areia de Baraúnas,areia_de_baraunas
2501203,PB,NE,Areial,areial
3503505,SP,SE,Areias,areias
3503604,SP,SE,Areiópolis,areiopolis
5101308,MT,CO,Arenápolis,arenapolis
5202353,GO,CO,Arenópolis,arenopolis
2401206,RN,NE,Arez,arez
3104403,MG,SE,Argirita,argirita
3104452,MG,SE,Aricanduva,aricanduva
3104502,MG,SE,Arinos,arinos
5101407,MT,CO,Aripuanã,aripuana
1100023,RO,N,Ariquemes,ariquemes
3503703,SP,SE,Ariranha,ariranha
4101853,PR,S,Ariranha do Ivaí,ariranha_do_ivai
3300233,RJ,SE,Armação dos Búzios,armacao_dos_buzios
4201505,SC,S,Armazém,armazem
2301505,CE,NE,Arneiroz,arneiroz
2200905,PI,NE,Aroazes,aroazes
2501302,PB,NE,Aroeiras,aroeiras
2200954,PI,NE,Aroeiras do Itaim,aroeiras_do_itaim
2201002,PI,NE,Arraial,arraial
3300258,RJ,SE,Arraial do Cabo,arraial_do_cabo
1702406,TO,N,Arraias,arraias
4301008,RS,S,Arroio do Meio,arroio_do_meio
4301073,RS,S,Arroio do Padre,arroio_do_padre
4301057,RS,S,Arroio do Sal,arroio_do_sal
4301206,RS,S,Arroio do Tigre,arroio_do_tigre
4301107,RS,S,Arroio dos Ratos,arroio_dos_ratos
4301305,RS,S,Arroio Grande,arroio_grande
4201604,SC,S,Arroio Trinta,arroio_trinta
3503802,SP,SE,Artur Nogueira,artur_nogueira
5202502,GO,CO,Aruanã,aruana
3503901,SP,SE,Arujá,aruja
4201653,SC,S,Arvoredo,arvoredo
4301404,RS,S,Arvorezinha,arvorezinha
4201703,SC,S,Ascurra,ascurra
3503950,SP,SE,Aspásia,aspasia
4101903,PR,S,Assaí,assai
2301604,CE,NE,Assaré,assare
3504008,SP,SE,Assis,assis
1200054,AC,N,Assis Brasil,assis_brasil
4102000,PR,S,Assis Chateaubriand,assis_chateaubriand
2400208,RN,NE,Assú,assu
2501351,PB,NE,Assunção,assuncao
2201051,PI,NE,Assunção do Piauí,assuncao_do_piaui
3104601,MG,SE,Astolfo Dutra,astolfo_dutra
4102109,PR,S,Astorga,astorga
4102208,PR,S,Atalaia,atalaia
2700409,AL,NE,Atalaia,atalaia
1300201,AM,N,Atalaia do Norte,atalaia_do_norte
4201802,SC,S,Atalanta,atalanta
3104700,MG,SE,Ataléia,ataleia
3504107,SP,SE,Atibaia,atibaia
3200706,ES,SE,Atílio Vivácqua,atilio_vivacqua
1702554,TO,N,Augustinópolis,augustinopolis
1500909,PA,N,Augusto Corrêa,augusto_correa
3104809,MG,SE,Augusto de Lima,augusto_de_lima
4301503,RS,S,Augusto Pestana,augusto_pestana
4301552,RS,S,Áurea,aurea
2902401,BA,NE,Aurelino Leal,aurelino_leal
3504206,SP,SE,Auriflama,auriflama
5202601,GO,CO,Aurilândia,aurilandia
4201901,SC,S,Aurora,aurora
2301703,CE,NE,Aurora,aurora
1500958,PA,N,Aurora do Pará,aurora_do_para
1702703,TO,N,Aurora do Tocantins,aurora_do_tocantins
1300300,AM,N,Autazes,autazes
3504305,SP,SE,Avaí,avai
3504404,SP,SE,Avanhandava,avanhandava
3504503,SP,SE,Avaré,avare
1501006,PA,N,Aveiro,aveiro
2201101,PI,NE,Avelino Lopes,avelino_lopes
5202809,GO,CO,Avelinópolis,avelinopolis
2101103,MA,NE,Axixá,axixa
1702901,TO,N,Axixá do Tocantins,axixa_do_tocantins
1703008,TO,N,Babaçulândia,babaculandia
2101202,MA,NE,Bacabal,bacabal
2101251,MA,NE,Bacabeira,bacabeira
2101301,MA,NE,Bacuri,bacuri
2101350,MA,NE,Bacurituba,bacurituba
3504602,SP,SE,Bady Bassitt,bady_bassitt
3104908,MG,SE,Baependi,baependi
4301602,RS,S,Bagé,bage
1501105,PA,N,Bagre,bagre
2501401,PB,NE,Baía da Traição,baia_da_traicao
2401404,RN,NE,Baía Formosa,baia_formosa
2902500,BA,NE,Baianópolis,baianopolis
1501204,PA,N,Baião,baiao
2902609,BA,NE,Baixa Grande,baixa_grande
2201150,PI,NE,Baixa Grande do Ribeiro,baixa_grande_do_ribeiro
2301802,CE,NE,Baixio,baixio
3200805,ES,SE,Baixo Guandu,baixo_guandu
3504701,SP,SE,Balbinos,balbinos
3105004,MG,SE,Baldim,baldim
5203104,GO,CO,Baliza,baliza
4201950,SC,S,Balneário Arroio do Silva,balneario_arroio_do_silva
4202057,SC,S,Balneário Barra do Sul,balneario_barra_do_sul
4202008,SC,S,Balneário Camboriú,balneario_camboriu
4202073,SC,S,Balneário Gaivota,balneario_gaivota
4212809,SC,S,Balneário Piçarras,balneario_picarras
4301636,RS,S,Balneário Pinhal,balneario_pinhal
4220000,SC,S,Balneário Rincão,balneario_rincao
4102307,PR,S,Balsa Nova,balsa_nova
3504800,SP,SE,Bálsamo,balsamo
2101400,MA,NE,Balsas,balsas
3105103,MG,SE,Bambuí,bambui
2301851,CE,NE,Banabuiú,banabuiu
3504909,SP,SE,Bananal,bananal
2501500,PB,NE,Bananeiras,bananeiras
3105202,MG,SE,Bandeira,bandeira
3105301,MG,SE,Bandeira do Sul,bandeira_do_sul
4202081,SC,S,Bandeirante,bandeirante
5001508,MS,CO,Bandeirantes,bandeirantes
4102406,PR,S,Bandeirantes,bandeirantes
1703057,TO,N,Bandeirantes do Tocantins,bandeirantes_do_tocantins
1501253,PA,N,Bannach,bannach
2902658,BA,NE,Banzaê,banzae
4301651,RS,S,Barão,barao
3505005,SP,SE,Barão de Antonina,barao_de_antonina
3105400,MG,SE,Barão de Cocais,barao_de_cocais
4301701,RS,S,Barão de Cotegipe,barao_de_cotegipe
2101509,MA,NE,Barão de Grajaú,barao_de_grajau
5101605,MT,CO,Barão de Melgaço,barao_de_melgaco
3105509,MG,SE,Barão do Monte Alto,barao_do_monte_alto
4301750,RS,S,Barão do Triunfo,barao_do_triunfo
2501534,PB,NE,Baraúna,barauna
2401453,RN,NE,Baraúna,barauna
3105608,MG,SE,Barbacena,barbacena
2301901,CE,NE,Barbalha,barbalha
3505104,SP,SE,Barbosa,barbosa
4102505,PR,S,Barbosa Ferraz,barbosa_ferraz
1501303,PA,N,Barcarena,barcarena
2401503,RN,NE,Barcelona,barcelona
1300409,AM,N,Barcelos,barcelos
3505203,SP,SE,Bariri,bariri
2902708,BA,NE,Barra,barra
3505302,SP,SE,Barra Bonita,barra_bonita
4202099,SC,S,Barra Bonita,barra_bonita
2902807,BA,NE,Barra da Estiva,barra_da_estiva
2201176,PI,NE,Barra D'Alcântara,barra_dalcantara
2601300,PE,NE,Barra de Guabiraba,barra_de_guabiraba
2501609,PB,NE,Barra de Santa Rosa,barra_de_santa_rosa
2501575,PB,NE,Barra de Santana,barra_de_santana
2700508,AL,NE,Barra de Santo Antônio,barra_de_santo_antonio
3200904,ES,SE,Barra de São Francisco,barra_de_sao_francisco
2700607,AL,NE,Barra de São Miguel,barra_de_sao_miguel
2501708,PB,NE,Barra de São Miguel,barra_de_sao_miguel
5101704,MT,CO,Barra do Bugres,barra_do_bugres
3505351,SP,SE,Barra do Chapéu,barra_do_chapeu
2902906,BA,NE,Barra do Choça,barra_do_choca
2101608,MA,NE,Barra do Corda,barra_do_corda
5101803,MT,CO,Barra do Garças,barra_do_garcas
4301859,RS,S,Barra do Guarita,barra_do_guarita
4102703,PR,S,Barra do Jacaré,barra_do_jacare
2903003,BA,NE,Barra do Mendes,barra_do_mendes
1703073,TO,N,Barra do Ouro,barra_do_ouro
3300308,RJ,SE,Barra do Piraí,barra_do_pirai
4301875,RS,S,Barra do Quaraí,barra_do_quarai
4301909,RS,S,Barra do Ribeiro,barra_do_ribeiro
4301925,RS,S,Barra do Rio Azul,barra_do_rio_azul
2903102,BA,NE,Barra do Rocha,barra_do_rocha
3505401,SP,SE,Barra do Turvo,barra_do_turvo
2800605,SE,NE,Barra dos Coqueiros,barra_dos_coqueiros
4301958,RS,S,Barra Funda,barra_funda
3105707,MG,SE,Barra Longa,barra_longa
3300407,RJ,SE,Barra Mansa,barra_mansa
4202107,SC,S,Barra Velha,barra_velha
4301800,RS,S,Barracão,barracao
4102604,PR,S,Barracão,barracao
2201200,PI,NE,Barras,barras
2301950,CE,NE,Barreira,barreira
2903201,BA,NE,Barreiras,barreiras
2201309,PI,NE,Barreiras do Piauí,barreiras_do_piaui
1300508,AM,N,Barreirinha,barreirinha
2101707,MA,NE,Barreirinhas,barreirinhas
2601409,PE,NE,Barreiros,barreiros
3505500,SP,SE,Barretos,barretos
3505609,SP,SE,Barrinha,barrinha
2302008,CE,NE,Barro,barro
2903235,BA,NE,Barro Alto,barro_alto
5203203,GO,CO,Barro Alto,barro_alto
2201408,PI,NE,Barro Duro,barro_duro
2903300,BA,NE,Barro Preto,barro_preto
2903276,BA,NE,Barrocas,barrocas
1703107,TO,N,Barrolândia,barrolandia
2302057,CE,NE,Barroquinha,barroquinha
4302006,RS,S,Barros Cassal,barros_cassal
3105905,MG,SE,Barroso,barroso
3505708,SP,SE,Barueri,barueri
3505807,SP,SE,Bastos,bastos
5001904,MS,CO,Bataguassu,bataguassu
2700706,AL,NE,Batalha,batalha
2201507,PI,NE,Batalha,batalha
3505906,SP,SE,Batatais,batatais
5002001,MS,CO,Batayporã,bataypora
2302107,CE,NE,Baturité,baturite
3506003,SP,SE,Bauru,bauru
2501807,PB,NE,Bayeux,bayeux
3506102,SP,SE,Bebedouro,bebedouro
2302206,CE,NE,Beberibe,beberibe
2302305,CE,NE,Bela Cruz,bela_cruz
5002100,MS,CO,Bela Vista,bela_vista
4102752,PR,S,Bela Vista da Caroba,bela_vista_da_caroba
5203302,GO,CO,Bela Vista de Goiás,bela_vista_de_goias
3106002,MG,SE,Bela Vista de Minas,bela_vista_de_minas
2101772,MA,NE,Bela Vista do Maranhão,bela_vista_do_maranhao
4102802,PR,S,Bela Vista do Paraíso,bela_vista_do_paraiso
2201556,PI,NE,Bela Vista do Piauí,bela_vista_do_piaui
4202131,SC,S,Bela Vista do Toldo,bela_vista_do_toldo
2101731,MA,NE,Belágua,belagua
1501402,PA,N,Belém,belem
2501906,PB,NE,Belém,belem
2700805,AL,NE,Belém,belem
2601508,PE,NE,Belém de Maria,belem_de_maria
2502003,PB,NE,Belém do Brejo do Cruz,belem_do_brejo_do_cruz
2201572,PI,NE,Belém do Piauí,belem_do_piaui
2601607,PE,NE,Belém do São Francisco,belem_do_sao_francisco
3300456,RJ,SE,Belford Roxo,belford_roxo
3106101,MG,SE,Belmiro Braga,belmiro_braga
2903409,BA,NE,Belmonte,belmonte
4202156,SC,S,Belmonte,belmonte
2903508,BA,NE,Belo Campo,belo_campo
3106200,MG,SE,Belo Horizonte,belo_horizonte
2601706,PE,NE,Belo Jardim,belo_jardim
2700904,AL,NE,Belo Monte,belo_monte
3106309,MG,SE,Belo Oriente,belo_oriente
3106408,MG,SE,Belo Vale,belo_vale
1501451,PA,N,Belterra,belterra
2201606,PI,NE,Beneditinos,beneditinos
2101806,MA,NE,Benedito Leite,benedito_leite
4202206,SC,S,Benedito Novo,benedito_novo
1501501,PA,N,Benevides,benevides
1300607,AM,N,Benjamin Constant,benjamin_constant
4302055,RS,S,Benjamin Constant do Sul,benjamin_constant_do_sul
3506201,SP,SE,Bento de Abreu,bento_de_abreu
2401602,RN,NE,Bento Fernandes,bento_fernandes
4302105,RS,S,Bento Gonçalves,bento_goncalves
2101905,MA,NE,Bequimão,bequimao
3106507,MG,SE,Berilo,berilo
3106655,MG,SE,Berizal,berizal
2502052,PB,NE,Bernardino Batista,bernardino_batista
3506300,SP,SE,Bernardino de Campos,bernardino_de_campos
2101939,MA,NE,Bernardo do Mearim,bernardo_do_mearim
1703206,TO,N,Bernardo Sayão,bernardo_sayao
3506359,SP,SE,Bertioga,bertioga
2201705,PI,NE,Bertolínia,bertolinia
3106606,MG,SE,Bertópolis,bertopolis
1300631,AM,N,Beruri,beruri
2601805,PE,NE,Betânia,betania
2201739,PI,NE,Betânia do Piauí,betania_do_piaui
3106705,MG,SE,Betim,betim
2601904,PE,NE,Bezerros,bezerros
3106804,MG,SE,Bias Fortes,bias_fortes
3106903,MG,SE,Bicas,bicas
4202305,SC,S,Biguaçu,biguacu
3506409,SP,SE,Bilac,bilac
3107000,MG,SE,Biquinhas,biquinhas
3506508,SP,SE,Birigui,birigui
3506607,SP,SE,Biritiba Mirim,biritiba_mirim
2903607,BA,NE,Biritinga,biritinga
4102901,PR,S,Bituruna,bituruna
4202404,SC,S,Blumenau,blumenau
4103008,PR,S,Boa Esperança,boa_esperanca
3201001,ES,SE,Boa Esperança,boa_esperanca
3107109,MG,SE,Boa Esperança,boa_esperanca
4103024,PR,S,Boa Esperança do Iguaçu,boa_esperanca_do_iguacu
5101837,MT,CO,Boa Esperança do Norte,boa_esperanca_do_norte
3506706,SP,SE,Boa Esperança do Sul,boa_esperanca_do_sul
2201770,PI,NE,Boa Hora,boa_hora
2903706,BA,NE,Boa Nova,boa_nova
2502102,PB,NE,Boa Ventura,boa_ventura
4103040,PR,S,Boa Ventura de São Roque,boa_ventura_de_sao_roque
2302404,CE,NE,Boa Viagem,boa_viagem
2502151,PB,NE,Boa Vista,boa_vista
1400100,RR,N,Boa Vista,boa_vista
4103057,PR,S,Boa Vista da Aparecida,boa_vista_da_aparecida
4302154,RS,S,Boa Vista das Missões,boa_vista_das_missoes
4302204,RS,S,Boa Vista do Buricá,boa_vista_do_burica
4302220,RS,S,Boa Vista do Cadeado,boa_vista_do_cadeado
2101970,MA,NE,Boa Vista do Gurupi,boa_vista_do_gurupi
4302238,RS,S,Boa Vista do Incra,boa_vista_do_incra
1300680,AM,N,Boa Vista do Ramos,boa_vista_do_ramos
4302253,RS,S,Boa Vista do Sul,boa_vista_do_sul
2903805,BA,NE,Boa Vista do Tupim,boa_vista_do_tupim
2701001,AL,NE,Boca da Mata,boca_da_mata
1300706,AM,N,Boca do Acre,boca_do_acre
2201804,PI,NE,Bocaina,bocaina
3506805,SP,SE,Bocaina,bocaina
3107208,MG,SE,Bocaina de Minas,bocaina_de_minas
4202438,SC,S,Bocaina do Sul,bocaina_do_sul
3107307,MG,SE,Bocaiúva,bocaiuva
4103107,PR,S,Bocaiúva do Sul,bocaiuva_do_sul
2401651,RN,NE,Bodó,bodo
2602001,PE,NE,Bodocó,bodoco
5002159,MS,CO,Bodoquena,bodoquena
3506904,SP,SE,Bofete,bofete
3507001,SP,SE,Boituva,boituva
2602100,PE,NE,Bom Conselho,bom_conselho
3107406,MG,SE,Bom Despacho,bom_despacho
2602209,PE,NE,Bom Jardim,bom_jardim
2102002,MA,NE,Bom Jardim,bom_jardim
3300506,RJ,SE,Bom Jardim,bom_jardim
4202503,SC,S,Bom Jardim da Serra,bom_jardim_da_serra
5203401,GO,CO,Bom Jardim de Goiás,bom_jardim_de_goias
3107505,MG,SE,Bom Jardim de Minas,bom_jardim_de_minas
2201903,PI,NE,Bom Jesus,bom_jesus
2401701,RN,NE,Bom Jesus,bom_jesus
2502201,PB,NE,Bom Jesus,bom_jesus
4202537,SC,S,Bom Jesus,bom_jesus
4302303,RS,S,Bom Jesus,bom_jesus
2903904,BA,NE,Bom Jesus da Lapa,bom_jesus_da_lapa
3107604,MG,SE,Bom Jesus da Penha,bom_jesus_da_penha
2903953,BA,NE,Bom Jesus da Serra,bom_jesus_da_serra
2102036,MA,NE,Bom Jesus das Selvas,bom_jesus_das_selvas
5203500,GO,CO,Bom Jesus de Goiás,bom_jesus_de_goias
3107703,MG,SE,Bom Jesus do Amparo,bom_jesus_do_amparo
5101852,MT,CO,Bom Jesus do Araguaia,bom_jesus_do_araguaia
3107802,MG,SE,Bom Jesus do Galho,bom_jesus_do_galho
3300605,RJ,SE,Bom Jesus do Itabapoana,bom_jesus_do_itabapoana
3201100,ES,SE,Bom Jesus do Norte,bom_jesus_do_norte
4202578,SC,S,Bom Jesus do Oeste,bom_jesus_do_oeste
4103156,PR,S,Bom Jesus do Sul,bom_jesus_do_sul
1703305,TO,N,Bom Jesus do Tocantins,bom_jesus_do_tocantins
1501576,PA,N,Bom Jesus do Tocantins,bom_jesus_do_tocantins
3507100,SP,SE,Bom Jesus dos Perdões,bom_jesus_dos_perdoes
2102077,MA,NE,Bom Lugar,bom_lugar
4302352,RS,S,Bom Princípio,bom_principio
2201919,PI,NE,Bom Princípio do Piauí,bom_principio_do_piaui
4302378,RS,S,Bom Progresso,bom_progresso
3107901,MG,SE,Bom Repouso,bom_repouso
4202602,SC,S,Bom Retiro,bom_retiro
4302402,RS,S,Bom Retiro do Sul,bom_retiro_do_sul
4103206,PR,S,Bom Sucesso,bom_sucesso
3108008,MG,SE,Bom Sucesso,bom_sucesso
2502300,PB,NE,Bom Sucesso,bom_sucesso
3507159,SP,SE,Bom Sucesso de Itararé,bom_sucesso_de_itarare
4103222,PR,S,Bom Sucesso do Sul,bom_sucesso_do_sul
4202453,SC,S,Bombinhas,bombinhas
1400159,RR,N,Bonfim,bonfim
3108107,MG,SE,Bonfim,bonfim
2201929,PI,NE,Bonfim do Piauí,bonfim_do_piaui
5203559,GO,CO,Bonfinópolis,bonfinopolis
3108206,MG,SE,Bonfinópolis de Minas,bonfinopolis_de_minas
2904001,BA,NE,Boninal,boninal
2904050,BA,NE,Bonito,bonito
2602308,PE,NE,Bonito,bonito
1501600,PA,N,Bonito,bonito
5002209,MS,CO,Bonito,bonito
3108255,MG,SE,Bonito de Minas,bonito_de_minas
2502409,PB,NE,Bonito de Santa Fé,bonito_de_santa_fe
5203575,GO,CO,Bonópolis,bonopolis
2502508,PB,NE,Boqueirão,boqueirao
4302451,RS,S,Boqueirão do Leão,boqueirao_do_leao
2201945,PI,NE,Boqueirão do Piauí,boqueirao_do_piaui
2800670,SE,NE,Boquim,boquim
2904100,BA,NE,Boquira,boquira
3507209,SP,SE,Borá,bora
3507308,SP,SE,Boracéia,boraceia
1300805,AM,N,Borba,borba
2502706,PB,NE,Borborema,borborema
3507407,SP,SE,Borborema,borborema
3108305,MG,SE,Borda da Mata,borda_da_mata
3507456,SP,SE,Borebi,borebi
4103305,PR,S,Borrazópolis,borrazopolis
4302501,RS,S,Bossoroca,bossoroca
3108404,MG,SE,Botelhos,botelhos
3507506,SP,SE,Botucatu,botucatu
3108503,MG,SE,Botumirim,botumirim
2904209,BA,NE,Botuporã,botupora
4202701,SC,S,Botuverá,botuvera
4302584,RS,S,Bozano,bozano
4202800,SC,S,Braço do Norte,braco_do_norte
4202859,SC,S,Braço do Trombudo,braco_do_trombudo
4302600,RS,S,Braga,braga
1501709,PA,N,Bragança,braganca
3507605,SP,SE,Bragança Paulista,braganca_paulista
4103354,PR,S,Braganey,braganey
2701100,AL,NE,Branquinha,branquinha
3108701,MG,SE,Brás Pires,bras_pires
1501725,PA,N,Brasil Novo,brasil_novo
5002308,MS,CO,Brasilândia,brasilandia
3108552,MG,SE,Brasilândia de Minas,brasilandia_de_minas
4103370,PR,S,Brasilândia do Sul,brasilandia_do_sul
1703602,TO,N,Brasilândia do Tocantins,brasilandia_do_tocantins
1200104,AC,N,Brasiléia,brasileia
2201960,PI,NE,Brasileira,brasileira
5300108,DF,CO,Brasília,brasilia
3108602,MG,SE,Brasília de Minas,brasilia_de_minas
5101902,MT,CO,Brasnorte,brasnorte
3507704,SP,SE,Braúna,brauna
3108800,MG,SE,Braúnas,braunas
5203609,GO,CO,Brazabrantes,brazabrantes
3108909,MG,SE,Brazópolis,brazopolis
2602407,PE,NE,Brejão,brejao
3201159,ES,SE,Brejetuba,brejetuba
2602506,PE,NE,Brejinho,brejinho
2401800,RN,NE,Brejinho,brejinho
1703701,TO,N,Brejinho de Nazaré,brejinho_de_nazare
2102101,MA,NE,Brejo,brejo
3507753,SP,SE,Brejo Alegre,brejo_alegre
2602605,PE,NE,Brejo da Madre de Deus,brejo_da_madre_de_deus
2102150,MA,NE,Brejo de Areia,brejo_de_areia
2502805,PB,NE,Brejo do Cruz,brejo_do_cruz
2201988,PI,NE,Brejo do Piauí,brejo_do_piaui
2502904,PB,NE,Brejo dos Santos,brejo_dos_santos
2800704,SE,NE,Brejo Grande,brejo_grande
1501758,PA,N,Brejo Grande do Araguaia,brejo_grande_do_araguaia
2302503,CE,NE,Brejo Santo,brejo_santo
2904308,BA,NE,Brejões,brejoes
2904407,BA,NE,Brejolândia,brejolandia
1501782,PA,N,Breu Branco,breu_branco
1501808,PA,N,Breves,breves
5203807,GO,CO,Britânia,britania
4302659,RS,S,Brochier,brochier
3507803,SP,SE,Brodowski,brodowski
3507902,SP,SE,Brotas,brotas
2904506,BA,NE,Brotas de Macaúbas,brotas_de_macaubas
3109006,MG,SE,Brumadinho,brumadinho
2904605,BA,NE,Brumado,brumado
4202875,SC,S,Brunópolis,brunopolis
4202909,SC,S,Brusque,brusque
3109105,MG,SE,Bueno Brandão,bueno_brandao
3109204,MG,SE,Buenópolis,buenopolis
2602704,PE,NE,Buenos Aires,buenos_aires
2904704,BA,NE,Buerarema,buerarema
3109253,MG,SE,Bugre,bugre
2602803,PE,NE,Buíque,buique
1200138,AC,N,Bujari,bujari
1501907,PA,N,Bujaru,bujaru
3508009,SP,SE,Buri,buri
3508108,SP,SE,Buritama,buritama
2102200,MA,NE,Buriti,buriti
5203906,GO,CO,Buriti Alegre,buriti_alegre
2102309,MA,NE,Buriti Bravo,buriti_bravo
5203939,GO,CO,Buriti de Goiás,buriti_de_goias
1703800,TO,N,Buriti do Tocantins,buriti_do_tocantins
2202000,PI,NE,Buriti dos Lopes,buriti_dos_lopes
2202026,PI,NE,Buriti dos Montes,buriti_dos_montes
2102325,MA,NE,Buriticupu,buriticupu
5203962,GO,CO,Buritinópolis,buritinopolis
2904753,BA,NE,Buritirama,buritirama
2102358,MA,NE,Buritirana,buritirana
1100452,RO,N,Buritis,buritis
3109303,MG,SE,Buritis,buritis
3508207,SP,SE,Buritizal,buritizal
3109402,MG,SE,Buritizeiro,buritizeiro
4302709,RS,S,Butiá,butia
1300839,AM,N,Caapiranga,caapiranga
2503001,PB,NE,Caaporã,caapora
5002407,MS,CO,Caarapó,caarapo
2904803,BA,NE,Caatiba,caatiba
2503100,PB,NE,Cabaceiras,cabaceiras
2904852,BA,NE,Cabaceiras do Paraguaçu,cabaceiras_do_paraguacu
3109451,MG,SE,Cabeceira Grande,cabeceira_grande
5204003,GO,CO,Cabeceiras,cabeceiras
2202059,PI,NE,Cabeceiras do Piauí,cabeceiras_do_piaui
2503209,PB,NE,Cabedelo,cabedelo
1100031,RO,N,Cabixi,cabixi
2602902,PE,NE,Cabo de Santo Agostinho,cabo_de_santo_agostinho
3300704,RJ,SE,Cabo Frio,cabo_frio
3109501,MG,SE,Cabo Verde,cabo_verde
3508306,SP,SE,Cabrália Paulista,cabralia_paulista
3508405,SP,SE,Cabreúva,cabreuva
2603009,PE,NE,Cabrobó,cabrobo
4203006,SC,S,Caçador,cacador
3508504,SP,SE,Caçapava,cacapava
4302808,RS,S,Caçapava do Sul,cacapava_do_sul
1100601,RO,N,Cacaulândia,cacaulandia
4302907,RS,S,Cacequi,cacequi
5102504,MT,CO,Cáceres,caceres
2904902,BA,NE,Cachoeira,cachoeira
5204102,GO,CO,Cachoeira Alta,cachoeira_alta
3109600,MG,SE,Cachoeira da Prata,cachoeira_da_prata
5204201,GO,CO,Cachoeira de Goiás,cachoeira_de_goias
3109709,MG,SE,Cachoeira de Minas,cachoeira_de_minas
3102704,MG,SE,Cachoeira de Pajeú,cachoeira_de_pajeu
1502004,PA,N,Cachoeira do Arari,cachoeira_do_arari
1501956,PA,N,Cachoeira do Piriá,cachoeira_do_piria
4303004,RS,S,Cachoeira do Sul,cachoeira_do_sul
2503308,PB,NE,Cachoeira dos Índios,cachoeira_dos_indios
3109808,MG,SE,Cachoeira Dourada,cachoeira_dourada
5204250,GO,CO,Cachoeira Dourada,cachoeira_dourada
2102374,MA,NE,Cachoeira Grande,cachoeira_grande
3508603,SP,SE,Cachoeira Paulista,cachoeira_paulista
3300803,RJ,SE,Cachoeiras de Macacu,cachoeiras_de_macacu
4303103,RS,S,Cachoeirinha,cachoeirinha
1703826,TO,N,Cachoeirinha,cachoeirinha
2603108,PE,NE,Cachoeirinha,cachoeirinha
3201209,ES,SE,Cachoeiro de Itapemirim,cachoeiro_de_itapemirim
2503407,PB,NE,Cacimba de Areia,cacimba_de_areia
2503506,PB,NE,Cacimba de Dentro,cacimba_de_dentro
2503555,PB,NE,Cacimbas,cacimbas
2701209,AL,NE,Cacimbinhas,cacimbinhas
4303202,RS,S,Cacique Doble,cacique_doble
1100049,RO,N,Cacoal,cacoal
3508702,SP,SE,Caconde,caconde
5204300,GO,CO,Caçu,cacu
2905008,BA,NE,Caculé,cacule
2905107,BA,NE,Caém,caem
3109907,MG,SE,Caetanópolis,caetanopolis
2905156,BA,NE,Caetanos,caetanos
3110004,MG,SE,Caeté,caete
2603207,PE,NE,Caetés,caetes
2905206,BA,NE,Caetité,caetite
2905305,BA,NE,Cafarnaum,cafarnaum
4103404,PR,S,Cafeara,cafeara
4103453,PR,S,Cafelândia,cafelandia
3508801,SP,SE,Cafelândia,cafelandia
4103479,PR,S,Cafezal do Sul,cafezal_do_sul
3508900,SP,SE,Caiabu,caiabu
3110103,MG,SE,Caiana,caiana
5204409,GO,CO,Caiapônia,caiaponia
4303301,RS,S,Caibaté,caibate
4203105,SC,S,Caibi,caibi
4303400,RS,S,Caiçara,caicara
2503605,PB,NE,Caiçara,caicara
2401859,RN,NE,Caiçara do Norte,caicara_do_norte
2401909,RN,NE,Caiçara do Rio do Vento,caicara_do_rio_do_vento
2402006,RN,NE,Caicó,caico
3509007,SP,SE,Caieiras,caieiras
2905404,BA,NE,Cairu,cairu
3509106,SP,SE,Caiuá,caiua
3509205,SP,SE,Cajamar,cajamar
2102408,MA,NE,Cajapió,cajapio
2102507,MA,NE,Cajari,cajari
3509254,SP,SE,Cajati,cajati
2503704,PB,NE,Cajazeiras,cajazeiras
2202075,PI,NE,Cajazeiras do Piauí,cajazeiras_do_piaui
2503753,PB,NE,Cajazeirinhas,cajazeirinhas
3509304,SP,SE,Cajobi,cajobi
2701308,AL,NE,Cajueiro,cajueiro
2202083,PI,NE,Cajueiro da Praia,cajueiro_da_praia
3110202,MG,SE,Cajuri,cajuri
3509403,SP,SE,Cajuru,cajuru
2603306,PE,NE,Calçado,calcado
1600204,AP,N,Calçoene,calcoene
3110301,MG,SE,Caldas,caldas
2503803,PB,NE,Caldas Brandão,caldas_brandao
5204508,GO,CO,Caldas Novas,caldas_novas
5204557,GO,CO,Caldazinha,caldazinha
2905503,BA,NE,Caldeirão Grande,caldeirao_grande
2202091,PI,NE,Caldeirão Grande do Piauí,caldeirao_grande_do_piaui
4103503,PR,S,Califórnia,california
4203154,SC,S,Calmon,calmon
2603405,PE,NE,Calumbi,calumbi
2905602,BA,NE,Camacan,camacan
2905701,BA,NE,Camaçari,camacari
3110400,MG,SE,Camacho,camacho
2503902,PB,NE,Camalaú,camalau
2905800,BA,NE,Camamu,camamu
3110509,MG,SE,Camanducaia,camanducaia
5002605,MS,CO,Camapuã,camapua
4303509,RS,S,Camaquã,camaqua
2603454,PE,NE,Camaragibe,camaragibe
4303558,RS,S,Camargo,camargo
4103602,PR,S,Cambará,cambara
4303608,RS,S,Cambará do Sul,cambara_do_sul
4103701,PR,S,Cambé,cambe
4103800,PR,S,Cambira,cambira
4203204,SC,S,Camboriú,camboriu
3300902,RJ,SE,Cambuci,cambuci
3110608,MG,SE,Cambuí,cambui
3110707,MG,SE,Cambuquira,cambuquira
1502103,PA,N,Cametá,cameta
2302602,CE,NE,Camocim,camocim
2603504,PE,NE,Camocim de São Félix,camocim_de_sao_felix
3110806,MG,SE,Campanário,campanario
3110905,MG,SE,Campanha,campanha
3111002,MG,SE,Campestre,campestre
2701357,AL,NE,Campestre,campestre
4303673,RS,S,Campestre da Serra,campestre_da_serra
5204607,GO,CO,Campestre de Goiás,campestre_de_goias
2102556,MA,NE,Campestre do Maranhão,campestre_do_maranhao
4103909,PR,S,Campina da Lagoa,campina_da_lagoa
4303707,RS,S,Campina das Missões,campina_das_missoes
3509452,SP,SE,Campina do Monte Alegre,campina_do_monte_alegre
4103958,PR,S,Campina do Simão,campina_do_simao
2504009,PB,NE,Campina Grande,campina_grande
4104006,PR,S,Campina Grande do Sul,campina_grande_do_sul
3111101,MG,SE,Campina Verde,campina_verde
5204656,GO,CO,Campinaçu,campinacu
5102603,MT,CO,Campinápolis,campinapolis
3509502,SP,SE,Campinas,campinas
2202109,PI,NE,Campinas do Piauí,campinas_do_piaui
4303806,RS,S,Campinas do Sul,campinas_do_sul
5204706,GO,CO,Campinorte,campinorte
4203303,SC,S,Campo Alegre,campo_alegre
2701407,AL,NE,Campo Alegre,campo_alegre
5204805,GO,CO,Campo Alegre de Goiás,campo_alegre_de_goias
2905909,BA,NE,Campo Alegre de Lourdes,campo_alegre_de_lourdes
2202117,PI,NE,Campo Alegre do Fidalgo,campo_alegre_do_fidalgo
3111150,MG,SE,Campo Azul,campo_azul
3111200,MG,SE,Campo Belo,campo_belo
4203402,SC,S,Campo Belo do Sul,campo_belo_do_sul
4303905,RS,S,Campo Bom,campo_bom
4104055,PR,S,Campo Bonito,campo_bonito
2801009,SE,NE,Campo do Brito,campo_do_brito
3111309,MG,SE,Campo do Meio,campo_do_meio
4104105,PR,S,Campo do Tenente,campo_do_tenente
4203501,SC,S,Campo Erê,campo_ere
3111408,MG,SE,Campo Florido,campo_florido
2906006,BA,NE,Campo Formoso,campo_formoso
2701506,AL,NE,Campo Grande,campo_grande
2401305,RN,NE,Campo Grande,campo_grande
5002704,MS,CO,Campo Grande,campo_grande
2202133,PI,NE,Campo Grande do Piauí,campo_grande_do_piaui
4104204,PR,S,Campo Largo,campo_largo
2202174,PI,NE,Campo Largo do Piauí,campo_largo_do_piaui
5204854,GO,CO,Campo Limpo de Goiás,campo_limpo_de_goias
3509601,SP,SE,Campo Limpo Paulista,campo_limpo_paulista
4104253,PR,S,Campo Magro,campo_magro
2202208,PI,NE,Campo Maior,campo_maior
4104303,PR,S,Campo Mourão,campo_mourao
4304002,RS,S,Campo Novo,campo_novo
1100700,RO,N,Campo Novo de Rondônia,campo_novo_de_rondonia
5102637,MT,CO,Campo Novo do Parecis,campo_novo_do_parecis
2402105,RN,NE,Campo Redondo,campo_redondo
5102678,MT,CO,Campo Verde,campo_verde
3111507,MG,SE,Campos Altos,campos_altos
5204904,GO,CO,Campos Belos,campos_belos
4304101,RS,S,Campos Borges,campos_borges
5102686,MT,CO,Campos de Júlio,campos_de_julio
3509700,SP,SE,Campos do Jordão,campos_do_jordao
3301009,RJ,SE,Campos dos Goytacazes,campos_dos_goytacazes
3111606,MG,SE,Campos Gerais,campos_gerais
1703842,TO,N,Campos Lindos,campos_lindos
4203600,SC,S,Campos Novos,campos_novos
3509809,SP,SE,Campos Novos Paulista,campos_novos_paulista
2302701,CE,NE,Campos Sales,campos_sales
5204953,GO,CO,Campos Verdes,campos_verdes
2603603,PE,NE,Camutanga,camutanga
3111903,MG,SE,Cana Verde,cana_verde
3111705,MG,SE,Canaã,canaa
1502152,PA,N,Canaã dos Carajás,canaa_dos_carajas
5102694,MT,CO,Canabrava do Norte,canabrava_do_norte
3509908,SP,SE,Cananéia,cananeia
2701605,AL,NE,Canapi,canapi
2906105,BA,NE,Canápolis,canapolis
3111804,MG,SE,Canápolis,canapolis
2906204,BA,NE,Canarana,canarana
5102702,MT,CO,Canarana,canarana
3509957,SP,SE,Canas,canas
2202251,PI,NE,Canavieira,canavieira
2906303,BA,NE,Canavieiras,canavieiras
2906402,BA,NE,Candeal,candeal
2906501,BA,NE,Candeias,candeias
3112000,MG,SE,Candeias,candeias
1100809,RO,N,Candeias do Jamari,candeias_do_jamari
4304200,RS,S,Candelária,candelaria
2906600,BA,NE,Candiba,candiba
4104402,PR,S,Cândido de Abreu,candido_de_abreu
4304309,RS,S,Cândido Godói,candido_godoi
2102606,MA,NE,Cândido Mendes,candido_mendes
3510005,SP,SE,Cândido Mota,candido_mota
3510104,SP,SE,Cândido Rodrigues,candido_rodrigues
2906709,BA,NE,Cândido Sales,candido_sales
4304358,RS,S,Candiota,candiota
4104428,PR,S,Candói,candoi
4304408,RS,S,Canela,canela
4203709,SC,S,Canelinha,canelinha
2402204,RN,NE,Canguaretama,canguaretama
4304507,RS,S,Canguçu,cangucu
2801108,SE,NE,Canhoba,canhoba
2603702,PE,NE,Canhotinho,canhotinho
2302800,CE,NE,Canindé,caninde
2801207,SE,NE,Canindé de São Francisco,caninde_de_sao_francisco
3510153,SP,SE,Canitar,canitar
4304606,RS,S,Canoas,canoas
4203808,SC,S,Canoinhas,canoinhas
2906808,BA,NE,Cansanção,cansancao
1400175,RR,N,Cantá,canta
3112059,MG,SE,Cantagalo,cantagalo
3301108,RJ,SE,Cantagalo,cantagalo
4104451,PR,S,Cantagalo,cantagalo
2102705,MA,NE,Cantanhede,cantanhede
2202307,PI,NE,Canto do Buriti,canto_do_buriti
2906824,BA,NE,Canudos,canudos
4304614,RS,S,Canudos do Vale,canudos_do_vale
1300904,AM,N,Canutama,canutama
1502202,PA,N,Capanema,capanema
4104501,PR,S,Capanema,capanema
4203253,SC,S,Capão Alto,capao_alto
3510203,SP,SE,Capão Bonito,capao_bonito
4304622,RS,S,Capão Bonito do Sul,capao_bonito_do_sul
4304630,RS,S,Capão da Canoa,capao_da_canoa
4304655,RS,S,Capão do Cipó,capao_do_cipo
4304663,RS,S,Capão do Leão,capao_do_leao
3112109,MG,SE,Caparaó,caparao
2801306,SE,NE,Capela,capela
2701704,AL,NE,Capela,capela
4304689,RS,S,Capela de Santana,capela_de_santana
3510302,SP,SE,Capela do Alto,capela_do_alto
2906857,BA,NE,Capela do Alto Alegre,capela_do_alto_alegre
3112208,MG,SE,Capela Nova,capela_nova
3112307,MG,SE,Capelinha,capelinha
3112406,MG,SE,Capetinga,capetinga
2504033,PB,NE,Capim,capim
3112505,MG,SE,Capim Branco,capim_branco
2906873,BA,NE,Capim Grosso,capim_grosso
3112604,MG,SE,Capinópolis,capinopolis
4203907,SC,S,Capinzal,capinzal
2102754,MA,NE,Capinzal do Norte,capinzal_do_norte
2302909,CE,NE,Capistrano,capistrano
4304697,RS,S,Capitão,capitao
3112653,MG,SE,Capitão Andrade,capitao_andrade
2202406,PI,NE,Capitão de Campos,capitao_de_campos
3112703,MG,SE,Capitão Enéas,capitao_eneas
2202455,PI,NE,Capitão Gervásio Oliveira,capitao_gervasio_oliveira
4104600,PR,S,Capitão Leônidas Marques,capitao_leonidas_marques
1502301,PA,N,Capitão Poço,capitao_poco
3112802,MG,SE,Capitólio,capitolio
3510401,SP,SE,Capivari,capivari
4203956,SC,S,Capivari de Baixo,capivari_de_baixo
4304671,RS,S,Capivari do Sul,capivari_do_sul
1200179,AC,N,Capixaba,capixaba
2603801,PE,NE,Capoeiras,capoeiras
3112901,MG,SE,Caputira,caputira
4304713,RS,S,Caraá,caraa
1400209,RR,N,Caracaraí,caracarai
2202505,PI,NE,Caracol,caracol
5002803,MS,CO,Caracol,caracol
3510500,SP,SE,Caraguatatuba,caraguatatuba
3113008,MG,SE,Caraí,carai
2906899,BA,NE,Caraíbas,caraibas
4104659,PR,S,Carambeí,carambei
3113107,MG,SE,Caranaíba,caranaiba
3113206,MG,SE,Carandaí,carandai
3113305,MG,SE,Carangola,carangola
3300936,RJ,SE,Carapebus,carapebus
3510609,SP,SE,Carapicuíba,carapicuiba
3113404,MG,SE,Caratinga,caratinga
1301001,AM,N,Carauari,carauari
2504074,PB,NE,Caraúbas,caraubas
2402303,RN,NE,Caraúbas,caraubas
2202539,PI,NE,Caraúbas do Piauí,caraubas_do_piaui
2906907,BA,NE,Caravelas,caravelas
4304705,RS,S,Carazinho,carazinho
3113503,MG,SE,Carbonita,carbonita
2907004,BA,NE,Cardeal da Silva,cardeal_da_silva
3510708,SP,SE,Cardoso,cardoso
3301157,RJ,SE,Cardoso Moreira,cardoso_moreira
3113602,MG,SE,Careaçu,careacu
1301100,AM,N,Careiro,careiro
1301159,AM,N,Careiro da Várzea,careiro_da_varzea
3201308,ES,SE,Cariacica,cariacica
2303006,CE,NE,Caridade,caridade
2202554,PI,NE,Caridade do Piauí,caridade_do_piaui
2907103,BA,NE,Carinhanha,carinhanha
2801405,SE,NE,Carira,carira
2303105,CE,NE,Cariré,carire
1703867,TO,N,Cariri do Tocantins,cariri_do_tocantins
2303204,CE,NE,Caririaçu,caririacu
2303303,CE,NE,Cariús,carius
5102793,MT,CO,Carlinda,carlinda
4104709,PR,S,Carlópolis,carlopolis
4304804,RS,S,Carlos Barbosa,carlos_barbosa
3113701,MG,SE,Carlos Chagas,carlos_chagas
4304853,RS,S,Carlos Gomes,carlos_gomes
3113800,MG,SE,Carmésia,carmesia
3301207,RJ,SE,Carmo,carmo
3113909,MG,SE,Carmo da Cachoeira,carmo_da_cachoeira
3114006,MG,SE,Carmo da Mata,carmo_da_mata
3114105,MG,SE,Carmo de Minas,carmo_de_minas
3114204,MG,SE,Carmo do Cajuru,carmo_do_cajuru
3114303,MG,SE,Carmo do Paranaíba,carmo_do_paranaiba
3114402,MG,SE,Carmo do Rio Claro,carmo_do_rio_claro
5205000,GO,CO,Carmo do Rio Verde,carmo_do_rio_verde
1703883,TO,N,Carmolândia,carmolandia
2801504,SE,NE,Carmópolis,carmopolis
3114501,MG,SE,Carmópolis de Minas,carmopolis_de_minas
2603900,PE,NE,Carnaíba,carnaiba
2402402,RN,NE,Carnaúba dos Dantas,carnauba_dos_dantas
2402501,RN,NE,Carnaubais,carnaubais
2303402,CE,NE,Carnaubal,carnaubal
2603926,PE,NE,Carnaubeira da Penha,carnaubeira_da_penha
3114550,MG,SE,Carneirinho,carneirinho
2701803,AL,NE,Carneiros,carneiros
1400233,RR,N,Caroebe,caroebe
2102804,MA,NE,Carolina,carolina
2604007,PE,NE,Carpina,carpina
3114600,MG,SE,Carrancas,carrancas
2504108,PB,NE,Carrapateira,carrapateira
1703891,TO,N,Carrasco Bonito,carrasco_bonito
2604106,PE,NE,Caruaru,caruaru
2102903,MA,NE,Carutapera,carutapera
3114709,MG,SE,Carvalhópolis,carvalhopolis
3114808,MG,SE,Carvalhos,carvalhos
3510807,SP,SE,Casa Branca,casa_branca
3114907,MG,SE,Casa Grande,casa_grande
2907202,BA,NE,Casa Nova,casa_nova
4304903,RS,S,Casca,casca
3115003,MG,SE,Cascalho Rico,cascalho_rico
2303501,CE,NE,Cascavel,cascavel
4104808,PR,S,Cascavel,cascavel
1703909,TO,N,Caseara,caseara
4304952,RS,S,Caseiros,caseiros
3301306,RJ,SE,Casimiro de Abreu,casimiro_de_abreu
2604155,PE,NE,Casinhas,casinhas
2504157,PB,NE,Casserengue,casserengue
3115102,MG,SE,Cássia,cassia
3510906,SP,SE,Cássia dos Coqueiros,cassia_dos_coqueiros
5002902,MS,CO,Cassilândia,cassilandia
1502400,PA,N,Castanhal,castanhal
5102850,MT,CO,Castanheira,castanheira
1100908,RO,N,Castanheiras,castanheiras
5205059,GO,CO,Castelândia,castelandia
3201407,ES,SE,Castelo,castelo
2202604,PI,NE,Castelo do Piauí,castelo_do_piaui
3511003,SP,SE,Castilho,castilho
4104907,PR,S,Castro,castro
2907301,BA,NE,Castro Alves,castro_alves
3115300,MG,SE,Cataguases,cataguases
5205109,GO,CO,Catalão,catalao
3511102,SP,SE,Catanduva,catanduva
4105003,PR,S,Catanduvas,catanduvas
4204004,SC,S,Catanduvas,catanduvas
2303600,CE,NE,Catarina,catarina
3115359,MG,SE,Catas Altas,catas_altas
3115409,MG,SE,Catas Altas da Noruega,catas_altas_da_noruega
2604205,PE,NE,Catende,catende
3511201,SP,SE,Catiguá,catigua
2504207,PB,NE,Catingueira,catingueira
2907400,BA,NE,Catolândia,catolandia
2504306,PB,NE,Catolé do Rocha,catole_do_rocha
2907509,BA,NE,Catu,catu
4305009,RS,S,Catuípe,catuipe
3115458,MG,SE,Catuji,catuji
2303659,CE,NE,Catunda,catunda
5205208,GO,CO,Caturaí,caturai
2907558,BA,NE,Caturama,caturama
2504355,PB,NE,Caturité,caturite
3115474,MG,SE,Catuti,catuti
2303709,CE,NE,Caucaia,caucaia
5205307,GO,CO,Cavalcante,cavalcante
3115508,MG,SE,Caxambu,caxambu
4204103,SC,S,Caxambu do Sul,caxambu_do_sul
2103000,MA,NE,Caxias,caxias
4305108,RS,S,Caxias do Sul,caxias_do_sul
2202653,PI,NE,Caxingó,caxingo
2402600,RN,NE,Ceará-Mirim,ceara_mirim
2103109,MA,NE,Cedral,cedral
3511300,SP,SE,Cedral,cedral
2303808,CE,NE,Cedro,cedro
2604304,PE,NE,Cedro,cedro
2801603,SE,NE,Cedro de São João,cedro_de_sao_joao
3115607,MG,SE,Cedro do Abaeté,cedro_do_abaete
4204152,SC,S,Celso Ramos,celso_ramos
4305116,RS,S,Centenário,centenario
1704105,TO,N,Centenário,centenario
4105102,PR,S,Centenário do Sul,centenario_do_sul
2907608,BA,NE,Central,central
3115706,MG,SE,Central de Minas,central_de_minas
2103125,MA,NE,Central do Maranhão,central_do_maranhao
3115805,MG,SE,Centralina,centralina
2103158,MA,NE,Centro do Guilherme,centro_do_guilherme
2103174,MA,NE,Centro Novo do Maranhão,centro_novo_do_maranhao
1100056,RO,N,Cerejeiras,cerejeiras
5205406,GO,CO,Ceres,ceres
3511409,SP,SE,Cerqueira César,cerqueira_cesar
3511508,SP,SE,Cerquilho,cerquilho
4305124,RS,S,Cerrito,cerrito
4105201,PR,S,Cerro Azul,cerro_azul
4305132,RS,S,Cerro Branco,cerro_branco
2402709,RN,NE,Cerro Corá,cerro_cora
4305157,RS,S,Cerro Grande,cerro_grande
4305173,RS,S,Cerro Grande do Sul,cerro_grande_do_sul
4305207,RS,S,Cerro Largo,cerro_largo
4204178,SC,S,Cerro Negro,cerro_negro
3511607,SP,SE,Cesário Lange,cesario_lange
4105300,PR,S,Céu Azul,ceu_azul
5205455,GO,CO,Cezarina,cezarina
2604403,PE,NE,Chã de Alegria,cha_de_alegria
2604502,PE,NE,Chã Grande,cha_grande
2701902,AL,NE,Chã Preta,cha_preta
3115904,MG,SE,Chácara,chacara
3116001,MG,SE,Chalé,chale
4305306,RS,S,Chapada,chapada
1705102,TO,N,Chapada da Natividade,chapada_da_natividade
1704600,TO,N,Chapada de Areia,chapada_de_areia
3116100,MG,SE,Chapada do Norte,chapada_do_norte
5103007,MT,CO,Chapada dos Guimarães,chapada_dos_guimaraes
3116159,MG,SE,Chapada Gaúcha,chapada_gaucha
5205471,GO,CO,Chapadão do Céu,chapadao_do_ceu
4204194,SC,S,Chapadão do Lageado,chapadao_do_lageado
5002951,MS,CO,Chapadão do Sul,chapadao_do_sul
2103208,MA,NE,Chapadinha,chapadinha
4204202,SC,S,Chapecó,chapeco
3511706,SP,SE,Charqueada,charqueada
4305355,RS,S,Charqueadas,charqueadas
4305371,RS,S,Charrua,charrua
2303907,CE,NE,Chaval,chaval
3557204,SP,SE,Chavantes,chavantes
1502509,PA,N,Chaves,chaves
3116209,MG,SE,Chiador,chiador
4305405,RS,S,Chiapetta,chiapetta
4105409,PR,S,Chopinzinho,chopinzinho
2303931,CE,NE,Choró,choro
2303956,CE,NE,Chorozinho,chorozinho
2907707,BA,NE,Chorrochó,chorrocho
4305439,RS,S,Chuí,chui
1100924,RO,N,Chupinguaia,chupinguaia
4305447,RS,S,Chuvisca,chuvisca
4105508,PR,S,Cianorte,cianorte
2907806,BA,NE,Cícero Dantas,cicero_dantas
4105607,PR,S,Cidade Gaúcha,cidade_gaucha
5205497,GO,CO,Cidade Ocidental,cidade_ocidental
2103257,MA,NE,Cidelândia,cidelandia
4305454,RS,S,Cidreira,cidreira
2907905,BA,NE,Cipó,cipo
3116308,MG,SE,Cipotânea,cipotanea
4305504,RS,S,Ciríaco,ciriaco
3116407,MG,SE,Claraval,claraval
3116506,MG,SE,Claro dos Poções,claro_dos_pocoes
5103056,MT,CO,Cláudia,claudia
3116605,MG,SE,Cláudio,claudio
3511904,SP,SE,Clementina,clementina
4105706,PR,S,Clevelândia,clevelandia
2908002,BA,NE,Coaraci,coaraci
1301209,AM,N,Coari,coari
2202703,PI,NE,Cocal,cocal
2202711,PI,NE,Cocal de Telha,cocal_de_telha
4204251,SC,S,Cocal do Sul,cocal_do_sul
2202729,PI,NE,Cocal dos Alves,cocal_dos_alves
5103106,MT,CO,Cocalinho,cocalinho
5205513,GO,CO,Cocalzinho de Goiás,cocalzinho_de_goias
2908101,BA,NE,Cocos,cocos
1301308,AM,N,Codajás,codajas
2103307,MA,NE,Codó,codo
2103406,MA,NE,Coelho Neto,coelho_neto
3116704,MG,SE,Coimbra,coimbra
2702009,AL,NE,Coité do Nóia,coite_do_noia
2202737,PI,NE,Coivaras,coivaras
1502608,PA,N,Colares,colares
3201506,ES,SE,Colatina,colatina
5103205,MT,CO,Colíder,colider
3512001,SP,SE,Colina,colina
4305587,RS,S,Colinas,colinas
2103505,MA,NE,Colinas,colinas
5205521,GO,CO,Colinas do Sul,colinas_do_sul
1705508,TO,N,Colinas do Tocantins,colinas_do_tocantins
1716703,TO,N,Colméia,colmeia
5103254,MT,CO,Colniza,colniza
3512100,SP,SE,Colômbia,colombia
4105805,PR,S,Colombo,colombo
2202752,PI,NE,Colônia do Gurguéia,colonia_do_gurgueia
2202778,PI,NE,Colônia do Piauí,colonia_do_piaui
2702108,AL,NE,Colônia Leopoldina,colonia_leopoldina
4105904,PR,S,Colorado,colorado
4305603,RS,S,Colorado,colorado
1100064,RO,N,Colorado do Oeste,colorado_do_oeste
3116803,MG,SE,Coluna,coluna
1705557,TO,N,Combinado,combinado
3116902,MG,SE,Comendador Gomes,comendador_gomes
3300951,RJ,SE,Comendador Levy Gasparian,comendador_levy_gasparian
3117009,MG,SE,Comercinho,comercinho
5103304,MT,CO,Comodoro,comodoro
2504405,PB,NE,Conceição,conceicao
3117108,MG,SE,Conceição da Aparecida,conceicao_da_aparecida
3201605,ES,SE,Conceição da Barra,conceicao_da_barra
3115201,MG,SE,Conceição da Barra de Minas,conceicao_da_barra_de_minas
2908200,BA,NE,Conceição da Feira,conceicao_da_feira
3117306,MG,SE,Conceição das Alagoas,conceicao_das_alagoas
3117207,MG,SE,Conceição das Pedras,conceicao_das_pedras
3117405,MG,SE,Conceição de Ipanema,conceicao_de_ipanema
3301405,RJ,SE,Conceição de Macabu,conceicao_de_macabu
2908309,BA,NE,Conceição do Almeida,conceicao_do_almeida
1502707,PA,N,Conceição do Araguaia,conceicao_do_araguaia
2202802,PI,NE,Conceição do Canindé,conceicao_do_caninde
3201704,ES,SE,Conceição do Castelo,conceicao_do_castelo
2908408,BA,NE,Conceição do Coité,conceicao_do_coite
2908507,BA,NE,Conceição do Jacuípe,conceicao_do_jacuipe
2103554,MA,NE,Conceição do Lago-Açu,conceicao_do_lago_acu
3117504,MG,SE,Conceição do Mato Dentro,conceicao_do_mato_dentro
3117603,MG,SE,Conceição do Pará,conceicao_do_para
3117702,MG,SE,Conceição do Rio Verde,conceicao_do_rio_verde
1705607,TO,N,Conceição do Tocantins,conceicao_do_tocantins
3117801,MG,SE,Conceição dos Ouros,conceicao_dos_ouros
3512209,SP,SE,Conchal,conchal
3512308,SP,SE,Conchas,conchas
4204301,SC,S,Concórdia,concordia
1502756,PA,N,Concórdia do Pará,concordia_do_para
2504504,PB,NE,Condado,condado
2604601,PE,NE,Condado,condado
2908606,BA,NE,Conde,conde
2504603,PB,NE,Conde,conde
2908705,BA,NE,Condeúba,condeuba
4305702,RS,S,Condor,condor
3117836,MG,SE,Cônego Marinho,conego_marinho
3117876,MG,SE,Confins,confins
5103353,MT,CO,Confresa,confresa
2504702,PB,NE,Congo,congo
3117900,MG,SE,Congonhal,congonhal
3118007,MG,SE,Congonhas,congonhas
3118106,MG,SE,Congonhas do Norte,congonhas_do_norte
4106001,PR,S,Congonhinhas,congonhinhas
3118205,MG,SE,Conquista,conquista
5103361,MT,CO,Conquista D'Oeste,conquista_doeste
3118304,MG,SE,Conselheiro Lafaiete,conselheiro_lafaiete
4106100,PR,S,Conselheiro Mairinck,conselheiro_mairinck
3118403,MG,SE,Conselheiro Pena,conselheiro_pena
3118502,MG,SE,Consolação,consolacao
4305801,RS,S,Constantina,constantina
3118601,MG,SE,Contagem,contagem
4106209,PR,S,Contenda,contenda
2908804,BA,NE,Contendas do Sincorá,contendas_do_sincora
3118700,MG,SE,Coqueiral,coqueiral
4305835,RS,S,Coqueiro Baixo,coqueiro_baixo
2702207,AL,NE,Coqueiro Seco,coqueiro_seco
4305850,RS,S,Coqueiros do Sul,coqueiros_do_sul
3118809,MG,SE,Coração de Jesus,coracao_de_jesus
2908903,BA,NE,Coração de Maria,coracao_de_maria
4106308,PR,S,Corbélia,corbelia
3301504,RJ,SE,Cordeiro,cordeiro
3512407,SP,SE,Cordeirópolis,cordeiropolis
2909000,BA,NE,Cordeiros,cordeiros
4204350,SC,S,Cordilheira Alta,cordilheira_alta
3118908,MG,SE,Cordisburgo,cordisburgo
3119005,MG,SE,Cordislândia,cordislandia
2304004,CE,NE,Coreaú,coreau
2504801,PB,NE,Coremas,coremas
5003108,MS,CO,Corguinho,corguinho
2909109,BA,NE,Coribe,coribe
3119104,MG,SE,Corinto,corinto
4106407,PR,S,Cornélio Procópio,cornelio_procopio
3119203,MG,SE,Coroaci,coroaci
3512506,SP,SE,Coroados,coroados
2103604,MA,NE,Coroatá,coroata
3119302,MG,SE,Coromandel,coromandel
4305871,RS,S,Coronel Barros,coronel_barros
4305900,RS,S,Coronel Bicaco,coronel_bicaco
4106456,PR,S,Coronel Domingos Soares,coronel_domingos_soares
2402808,RN,NE,Coronel Ezequiel,coronel_ezequiel
3119401,MG,SE,Coronel Fabriciano,coronel_fabriciano
4204400,SC,S,Coronel Freitas,coronel_freitas
2402907,RN,NE,Coronel João Pessoa,coronel_joao_pessoa
2909208,BA,NE,Coronel João Sá,coronel_joao_sa
2202851,PI,NE,Coronel José Dias,coronel_jose_dias
3512605,SP,SE,Coronel Macedo,coronel_macedo
4204459,SC,S,Coronel Martins,coronel_martins
3119500,MG,SE,Coronel Murta,coronel_murta
3119609,MG,SE,Coronel Pacheco,coronel_pacheco
4305934,RS,S,Coronel Pilar,coronel_pilar
5003157,MS,CO,Coronel Sapucaia,coronel_sapucaia
4106506,PR,S,Coronel Vivida,coronel_vivida
3119708,MG,SE,Coronel Xavier Chaves,coronel_xavier_chaves
3119807,MG,SE,Córrego Danta,corrego_danta
3119906,MG,SE,Córrego do Bom Jesus,corrego_do_bom_jesus
5205703,GO,CO,Córrego do Ouro,corrego_do_ouro
3119955,MG,SE,Córrego Fundo,corrego_fundo
3120003,MG,SE,Córrego Novo,corrego_novo
4204558,SC,S,Correia Pinto,correia_pinto
2202901,PI,NE,Corrente,corrente
2604700,PE,NE,Correntes,correntes
2909307,BA,NE,Correntina,correntina
2604809,PE,NE,Cortês,cortes
5003207,MS,CO,Corumbá,corumba
5205802,GO,CO,Corumbá de Goiás,corumba_de_goias
5205901,GO,CO,Corumbaíba,corumbaiba
3512704,SP,SE,Corumbataí,corumbatai
4106555,PR,S,Corumbataí do Sul,corumbatai_do_sul
1100072,RO,N,Corumbiara,corumbiara
4204509,SC,S,Corupá,corupa
2702306,AL,NE,Coruripe,coruripe
3512803,SP,SE,Cosmópolis,cosmopolis
3512902,SP,SE,Cosmorama,cosmorama
1100080,RO,N,Costa Marques,costa_marques
5003256,MS,CO,Costa Rica,costa_rica
2909406,BA,NE,Cotegipe,cotegipe
3513009,SP,SE,Cotia,cotia
4305959,RS,S,Cotiporã,cotipora
5103379,MT,CO,Cotriguaçu,cotriguacu
3120102,MG,SE,Couto de Magalhães de Minas,couto_de_magalhaes_de_minas
1706001,TO,N,Couto Magalhães,couto_magalhaes
4305975,RS,S,Coxilha,coxilha
5003306,MS,CO,Coxim,coxim
2504850,PB,NE,Coxixola,coxixola
2702355,AL,NE,Craíbas,craibas
2304103,CE,NE,Crateús,crateus
2304202,CE,NE,Crato,crato
3513108,SP,SE,Cravinhos,cravinhos
2909505,BA,NE,Cravolândia,cravolandia
4204608,SC,S,Criciúma,criciuma
3120151,MG,SE,Crisólita,crisolita
2909604,BA,NE,Crisópolis,crisopolis
4306007,RS,S,Crissiumal,crissiumal
3120201,MG,SE,Cristais,cristais
3513207,SP,SE,Cristais Paulista,cristais_paulista
4306056,RS,S,Cristal,cristal
4306072,RS,S,Cristal do Sul,cristal_do_sul
1706100,TO,N,Cristalândia,cristalandia
2203008,PI,NE,Cristalândia do Piauí,cristalandia_do_piaui
3120300,MG,SE,Cristália,cristalia
5206206,GO,CO,Cristalina,cristalina
3120409,MG,SE,Cristiano Otoni,cristiano_otoni
5206305,GO,CO,Cristianópolis,cristianopolis
3120508,MG,SE,Cristina,cristina
2801702,SE,NE,Cristinápolis,cristinapolis
2203107,PI,NE,Cristino Castro,cristino_castro
2909703,BA,NE,Cristópolis,cristopolis
5206404,GO,CO,Crixás,crixas
1706258,TO,N,Crixás do Tocantins,crixas_do_tocantins
2304236,CE,NE,Croatá,croata
5206503,GO,CO,Cromínia,crominia
3120607,MG,SE,Crucilândia,crucilandia
2304251,CE,NE,Cruz,cruz
4306106,RS,S,Cruz Alta,cruz_alta
2909802,BA,NE,Cruz das Almas,cruz_das_almas
2504900,PB,NE,Cruz do Espírito Santo,cruz_do_espirito_santo
4106803,PR,S,Cruz Machado,cruz_machado
3513306,SP,SE,Cruzália,cruzalia
4306130,RS,S,Cruzaltense,cruzaltense
3513405,SP,SE,Cruzeiro,cruzeiro
3120706,MG,SE,Cruzeiro da Fortaleza,cruzeiro_da_fortaleza
4106571,PR,S,Cruzeiro do Iguaçu,cruzeiro_do_iguacu
4106605,PR,S,Cruzeiro do Oeste,cruzeiro_do_oeste
4106704,PR,S,Cruzeiro do Sul,cruzeiro_do_sul
4306205,RS,S,Cruzeiro do Sul,cruzeiro_do_sul
1200203,AC,N,Cruzeiro do Sul,cruzeiro_do_sul
2403004,RN,NE,Cruzeta,cruzeta
3120805,MG,SE,Cruzília,cruzilia
4106852,PR,S,Cruzmaltina,cruzmaltina
3513504,SP,SE,Cubatão,cubatao
2505006,PB,NE,Cubati,cubati
5103403,MT,CO,Cuiabá,cuiaba
2505105,PB,NE,Cuité,cuite
2505238,PB,NE,Cuité de Mamanguape,cuite_de_mamanguape
2505204,PB,NE,Cuitegi,cuitegi
1100940,RO,N,Cujubim,cujubim
5206602,GO,CO,Cumari,cumari
2604908,PE,NE,Cumaru,cumaru
1502764,PA,N,Cumaru do Norte,cumaru_do_norte
2801900,SE,NE,Cumbe,cumbe
3513603,SP,SE,Cunha,cunha
4204707,SC,S,Cunha Porã,cunha_pora
4204756,SC,S,Cunhataí,cunhatai
3120839,MG,SE,Cuparaque,cuparaque
2605004,PE,NE,Cupira,cupira
2909901,BA,NE,Curaçá,curaca
2203206,PI,NE,Curimatá,curimata
1502772,PA,N,Curionópolis,curionopolis
4106902,PR,S,Curitiba,curitiba
4204806,SC,S,Curitibanos,curitibanos
4107009,PR,S,Curiúva,curiuva
2203230,PI,NE,Currais,currais
2403103,RN,NE,Currais Novos,currais_novos
2505279,PB,NE,Curral de Cima,curral_de_cima
3120870,MG,SE,Curral de Dentro,curral_de_dentro
2203271,PI,NE,Curral Novo do Piauí,curral_novo_do_piaui
2505303,PB,NE,Curral Velho,curral_velho
1502806,PA,N,Curralinho,curralinho
2203255,PI,NE,Curralinhos,curralinhos
1502855,PA,N,Curuá,curua
1502905,PA,N,Curuçá,curuca
2103703,MA,NE,Cururupu,cururupu
5103437,MT,CO,Curvelândia,curvelandia
3120904,MG,SE,Curvelo,curvelo
2605103,PE,NE,Custódia,custodia
1600212,AP,N,Cutias,cutias
5206701,GO,CO,Damianópolis,damianopolis
2505352,PB,NE,Damião,damiao
5206800,GO,CO,Damolândia,damolandia
1706506,TO,N,Darcinópolis,darcinopolis
2910008,BA,NE,Dário Meira,dario_meira
3121001,MG,SE,Datas,datas
4306304,RS,S,David Canabarro,david_canabarro
5206909,GO,CO,Davinópolis,davinopolis
2103752,MA,NE,Davinópolis,davinopolis
3121100,MG,SE,Delfim Moreira,delfim_moreira
3121209,MG,SE,Delfinópolis,delfinopolis
2702405,AL,NE,Delmiro Gouveia,delmiro_gouveia
3121258,MG,SE,Delta,delta
2203305,PI,NE,Demerval Lobão,demerval_lobao
5103452,MT,CO,Denise,denise
5003454,MS,CO,Deodápolis,deodapolis
2304269,CE,NE,Deputado Irapuan Pinheiro,deputado_irapuan_pinheiro
4306320,RS,S,Derrubadas,derrubadas
3513702,SP,SE,Descalvado,descalvado
4204905,SC,S,Descanso,descanso
3121308,MG,SE,Descoberto,descoberto
2505402,PB,NE,Desterro,desterro
3121407,MG,SE,Desterro de Entre Rios,desterro_de_entre_rios
3121506,MG,SE,Desterro do Melo,desterro_do_melo
4306353,RS,S,Dezesseis de Novembro,dezesseis_de_novembro
3513801,SP,SE,Diadema,diadema
2505600,PB,NE,Diamante,diamante
4107108,PR,S,Diamante do Norte,diamante_do_norte
4107124,PR,S,Diamante do Sul,diamante_do_sul
4107157,PR,S,Diamante D'Oeste,diamante_doeste
3121605,MG,SE,Diamantina,diamantina
5103502,MT,CO,Diamantino,diamantino
1707009,TO,N,Dianópolis,dianopolis
2910057,BA,NE,Dias d'Ávila,dias_davila
4306379,RS,S,Dilermando de Aguiar,dilermando_de_aguiar
3121704,MG,SE,Diogo de Vasconcelos,diogo_de_vasconcelos
3121803,MG,SE,Dionísio,dionisio
4205001,SC,S,Dionísio Cerqueira,dionisio_cerqueira
5207105,GO,CO,Diorama,diorama
3513850,SP,SE,Dirce Reis,dirce_reis
2203354,PI,NE,Dirceu Arcoverde,dirceu_arcoverde
2802007,SE,NE,Divina Pastora,divina_pastora
3121902,MG,SE,Divinésia,divinesia
3122009,MG,SE,Divino,divino
3122108,MG,SE,Divino das Laranjeiras,divino_das_laranjeiras
3201803,ES,SE,Divino de São Lourenço,divino_de_sao_lourenco
3513900,SP,SE,Divinolândia,divinolandia
3122207,MG,SE,Divinolândia de Minas,divinolandia_de_minas
3122306,MG,SE,Divinópolis,divinopolis
5208301,GO,CO,Divinópolis de Goiás,divinopolis_de_goias
1707108,TO,N,Divinópolis do Tocantins,divinopolis_do_tocantins
3122355,MG,SE,Divisa Alegre,divisa_alegre
3122405,MG,SE,Divisa Nova,divisa_nova
3122454,MG,SE,Divisópolis,divisopolis
3514007,SP,SE,Dobrada,dobrada
3514106,SP,SE,Dois Córregos,dois_corregos
4306403,RS,S,Dois Irmãos,dois_irmaos
4306429,RS,S,Dois Irmãos das Missões,dois_irmaos_das_missoes
5003488,MS,CO,Dois Irmãos do Buriti,dois_irmaos_do_buriti
1707207,TO,N,Dois Irmãos do Tocantins,dois_irmaos_do_tocantins
4306452,RS,S,Dois Lajeados,dois_lajeados
2702504,AL,NE,Dois Riachos,dois_riachos
4107207,PR,S,Dois Vizinhos,dois_vizinhos
3514205,SP,SE,Dolcinópolis,dolcinopolis
5103601,MT,CO,Dom Aquino,dom_aquino
2910107,BA,NE,Dom Basílio,dom_basilio
3122470,MG,SE,Dom Bosco,dom_bosco
3122504,MG,SE,Dom Cavati,dom_cavati
1502939,PA,N,Dom Eliseu,dom_eliseu
2203404,PI,NE,Dom Expedito Lopes,dom_expedito_lopes
4306502,RS,S,Dom Feliciano,dom_feliciano
2203453,PI,NE,Dom Inocêncio,dom_inocencio
3122603,MG,SE,Dom Joaquim,dom_joaquim
2910206,BA,NE,Dom Macedo Costa,dom_macedo_costa
4306601,RS,S,Dom Pedrito,dom_pedrito
2103802,MA,NE,Dom Pedro,dom_pedro
4306551,RS,S,Dom Pedro de Alcântara,dom_pedro_de_alcantara
3122702,MG,SE,Dom Silvério,dom_silverio
3122801,MG,SE,Dom Viçoso,dom_vicoso
3201902,ES,SE,Domingos Martins,domingos_martins
2203420,PI,NE,Domingos Mourão,domingos_mourao
4205100,SC,S,Dona Emma,dona_emma
3122900,MG,SE,Dona Euzébia,dona_euzebia
4306700,RS,S,Dona Francisca,dona_francisca
2505709,PB,NE,Dona Inês,dona_ines
3123007,MG,SE,Dores de Campos,dores_de_campos
3123106,MG,SE,Dores de Guanhães,dores_de_guanhaes
3123205,MG,SE,Dores do Indaiá,dores_do_indaia
3202009,ES,SE,Dores do Rio Preto,dores_do_rio_preto
3123304,MG,SE,Dores do Turvo,dores_do_turvo
3123403,MG,SE,Doresópolis,doresopolis
2605152,PE,NE,Dormentes,dormentes
4107256,PR,S,Douradina,douradina
5003504,MS,CO,Douradina,douradina
3514304,SP,SE,Dourado,dourado
3123502,MG,SE,Douradoquara,douradoquara
5003702,MS,CO,Dourados,dourados
4107306,PR,S,Doutor Camargo,doutor_camargo
4306734,RS,S,Doutor Maurício Cardoso,doutor_mauricio_cardoso
4205159,SC,S,Doutor Pedrinho,doutor_pedrinho
4306759,RS,S,Doutor Ricardo,doutor_ricardo
2403202,RN,NE,Doutor Severiano,doutor_severiano
4128633,PR,S,Doutor Ulysses,doutor_ulysses
5207253,GO,CO,Doverlândia,doverlandia
3514403,SP,SE,Dracena,dracena
3514502,SP,SE,Duartina,duartina
3301603,RJ,SE,Duas Barras,duas_barras
2505808,PB,NE,Duas Estradas,duas_estradas
1707306,TO,N,Dueré,duere
3514601,SP,SE,Dumont,dumont
2103901,MA,NE,Duque Bacelar,duque_bacelar
3301702,RJ,SE,Duque de Caxias,duque_de_caxias
3123528,MG,SE,Durandé,durande
3514700,SP,SE,Echaporã,echapora
3202108,ES,SE,Ecoporanga,ecoporanga
5207352,GO,CO,Edealina,edealina
5207402,GO,CO,Edéia,edeia
1301407,AM,N,Eirunepé,eirunepe
5003751,MS,CO,Eldorado,eldorado
3514809,SP,SE,Eldorado,eldorado
1502954,PA,N,Eldorado do Carajás,eldorado_do_carajas
4306767,RS,S,Eldorado do Sul,eldorado_do_sul
2203503,PI,NE,Elesbão Veloso,elesbao_veloso
3514908,SP,SE,Elias Fausto,elias_fausto
2203602,PI,NE,Eliseu Martins,eliseu_martins
3514924,SP,SE,Elisiário,elisiario
2910305,BA,NE,Elísio Medrado,elisio_medrado
3123601,MG,SE,Elói Mendes,eloi_mendes
2505907,PB,NE,Emas,emas
3514957,SP,SE,Embaúba,embauba
3515004,SP,SE,Embu das Artes,embu_das_artes
3515103,SP,SE,Embu-Guaçu,embu_guacu
3515129,SP,SE,Emilianópolis,emilianopolis
4306809,RS,S,Encantado,encantado
2403301,RN,NE,Encanto,encanto
2910404,BA,NE,Encruzilhada,encruzilhada
4306908,RS,S,Encruzilhada do Sul,encruzilhada_do_sul
4107405,PR,S,Enéas Marques,eneas_marques
4107504,PR,S,Engenheiro Beltrão,engenheiro_beltrao
3123700,MG,SE,Engenheiro Caldas,engenheiro_caldas
3515152,SP,SE,Engenheiro Coelho,engenheiro_coelho
3123809,MG,SE,Engenheiro Navarro,engenheiro_navarro
3301801,RJ,SE,Engenheiro Paulo de Frontin,engenheiro_paulo_de_frontin
4306924,RS,S,Engenho Velho,engenho_velho
3123858,MG,SE,Entre Folhas,entre_folhas
2910503,BA,NE,Entre Rios,entre_rios
4205175,SC,S,Entre Rios,entre_rios
3123908,MG,SE,Entre Rios de Minas,entre_rios_de_minas
4107538,PR,S,Entre Rios do Oeste,entre_rios_do_oeste
4306957,RS,S,Entre Rios do Sul,entre_rios_do_sul
4306932,RS,S,Entre-Ijuís,entre_ijuis
1301506,AM,N,Envira,envira
1200252,AC,N,Epitaciolândia,epitaciolandia
2403400,RN,NE,Equador,equador
4306973,RS,S,Erebango,erebango
4307005,RS,S,Erechim,erechim
2304277,CE,NE,Ereré,erere
2900504,BA,NE,Érico Cardoso,erico_cardoso
4205191,SC,S,Ermo,ermo
4307054,RS,S,Ernestina,ernestina
4307203,RS,S,Erval Grande,erval_grande
4307302,RS,S,Erval Seco,erval_seco
4205209,SC,S,Erval Velho,erval_velho
3124005,MG,SE,Ervália,ervalia
2605202,PE,NE,Escada,escada
4307401,RS,S,Esmeralda,esmeralda
3124104,MG,SE,Esmeraldas,esmeraldas
3124203,MG,SE,Espera Feliz,espera_feliz
2506004,PB,NE,Esperança,esperanca
4307450,RS,S,Esperança do Sul,esperanca_do_sul
4107520,PR,S,Esperança Nova,esperanca_nova
2203701,PI,NE,Esperantina,esperantina
1707405,TO,N,Esperantina,esperantina
2104008,MA,NE,Esperantinópolis,esperantinopolis
4107546,PR,S,Espigão Alto do Iguaçu,espigao_alto_do_iguacu
1100098,RO,N,Espigão D'Oeste,espigao_doeste
3124302,MG,SE,Espinosa,espinosa
2403509,RN,NE,Espírito Santo,espirito_santo
3124401,MG,SE,Espírito Santo do Dourado,espirito_santo_do_dourado
3515186,SP,SE,Espírito Santo do Pinhal,espirito_santo_do_pinhal
3515194,SP,SE,Espírito Santo do Turvo,espirito_santo_do_turvo
2910602,BA,NE,Esplanada,esplanada
4307500,RS,S,Espumoso,espumoso
4307559,RS,S,Estação,estacao
2802106,SE,NE,Estância,estancia
4307609,RS,S,Estância Velha,estancia_velha
4307708,RS,S,Esteio,esteio
3124500,MG,SE,Estiva,estiva
3557303,SP,SE,Estiva Gerbi,estiva_gerbi
2104057,MA,NE,Estreito,estreito
4307807,RS,S,Estrela,estrela
3124609,MG,SE,Estrela Dalva,estrela_dalva
2702553,AL,NE,Estrela de Alagoas,estrela_de_alagoas
3124708,MG,SE,Estrela do Indaiá,estrela_do_indaia
5207501,GO,CO,Estrela do Norte,estrela_do_norte
3515301,SP,SE,Estrela do Norte,estrela_do_norte
3124807,MG,SE,Estrela do Sul,estrela_do_sul
3515202,SP,SE,Estrela d'Oeste,estrela_doeste
4307815,RS,S,Estrela Velha,estrela_velha
2910701,BA,NE,Euclides da Cunha,euclides_da_cunha
3515350,SP,SE,Euclides da Cunha Paulista,euclides_da_cunha_paulista
4307831,RS,S,Eugênio de Castro,eugenio_de_castro
3124906,MG,SE,Eugenópolis,eugenopolis
2910727,BA,NE,Eunápolis,eunapolis
2304285,CE,NE,Eusébio,eusebio
3125002,MG,SE,Ewbank da Câmara,ewbank_da_camara
3125101,MG,SE,Extrema,extrema
2403608,RN,NE,Extremoz,extremoz
2605301,PE,NE,Exu,exu
2506103,PB,NE,Fagundes,fagundes
4307864,RS,S,Fagundes Varela,fagundes_varela
5207535,GO,CO,Faina,faina
3125200,MG,SE,Fama,fama
3125309,MG,SE,Faria Lemos,faria_lemos
2304301,CE,NE,Farias Brito,farias_brito
1503002,PA,N,Faro,faro
4107553,PR,S,Farol,farol
4307906,RS,S,Farroupilha,farroupilha
3515400,SP,SE,Fartura,fartura
2203750,PI,NE,Fartura do Piauí,fartura_do_piaui
1707553,TO,N,Fátima,fatima
2910750,BA,NE,Fátima,fatima
5003801,MS,CO,Fátima do Sul,fatima_do_sul
4107603,PR,S,Faxinal,faxinal
4308003,RS,S,Faxinal do Soturno,faxinal_do_soturno
4205308,SC,S,Faxinal dos Guedes,faxinal_dos_guedes
4308052,RS,S,Faxinalzinho,faxinalzinho
5207600,GO,CO,Fazenda Nova,fazenda_nova
4107652,PR,S,Fazenda Rio Grande,fazenda_rio_grande
4308078,RS,S,Fazenda Vilanova,fazenda_vilanova
1200302,AC,N,Feijó,feijo
2910776,BA,NE,Feira da Mata,feira_da_mata
2910800,BA,NE,Feira de Santana,feira_de_santana
2702603,AL,NE,Feira Grande,feira_grande
2605400,PE,NE,Feira Nova,feira_nova
2802205,SE,NE,Feira Nova,feira_nova
2104073,MA,NE,Feira Nova do Maranhão,feira_nova_do_maranhao
3125408,MG,SE,Felício dos Santos,felicio_dos_santos
2403707,RN,NE,Felipe Guerra,felipe_guerra
3125606,MG,SE,Felisburgo,felisburgo
3125705,MG,SE,Felixlândia,felixlandia
4308102,RS,S,Feliz,feliz
2702702,AL,NE,Feliz Deserto,feliz_deserto
5103700,MT,CO,Feliz Natal,feliz_natal
4107702,PR,S,Fênix,fenix
4107736,PR,S,Fernandes Pinheiro,fernandes_pinheiro
3125804,MG,SE,Fernandes Tourinho,fernandes_tourinho
2605459,PE,NE,Fernando de Noronha,fernando_de_noronha
2104081,MA,NE,Fernando Falcão,fernando_falcao
2403756,RN,NE,Fernando Pedroza,fernando_pedroza
3515608,SP,SE,Fernando Prestes,fernando_prestes
3515509,SP,SE,Fernandópolis,fernandopolis
3515657,SP,SE,Fernão,fernao
3515707,SP,SE,Ferraz de Vasconcelos,ferraz_de_vasconcelos
1600238,AP,N,Ferreira Gomes,ferreira_gomes
2605509,PE,NE,Ferreiros,ferreiros
3125903,MG,SE,Ferros,ferros
3125952,MG,SE,Fervedouro,fervedouro
4107751,PR,S,Figueira,figueira
5003900,MS,CO,Figueirão,figueirao
1707652,TO,N,Figueirópolis,figueiropolis
5103809,MT,CO,Figueirópolis D'Oeste,figueiropolis_doeste
1707702,TO,N,Filadélfia,filadelfia
2910859,BA,NE,Filadélfia,filadelfia
2910909,BA,NE,Firmino Alves,firmino_alves
5207808,GO,CO,Firminópolis,firminopolis
2702801,AL,NE,Flexeiras,flexeiras
4107850,PR,S,Flor da Serra do Sul,flor_da_serra_do_sul
4205357,SC,S,Flor do Sertão,flor_do_sertao
3515806,SP,SE,Flora Rica,flora_rica
4107801,PR,S,Floraí,florai
2403806,RN,NE,Florânia,florania
3515905,SP,SE,Floreal,floreal
2605608,PE,NE,Flores,flores
4308201,RS,S,Flores da Cunha,flores_da_cunha
5207907,GO,CO,Flores de Goiás,flores_de_goias
2203800,PI,NE,Flores do Piauí,flores_do_piaui
2605707,PE,NE,Floresta,floresta
4107900,PR,S,Floresta,floresta
2911006,BA,NE,Floresta Azul,floresta_azul
1503044,PA,N,Floresta do Araguaia,floresta_do_araguaia
2203859,PI,NE,Floresta do Piauí,floresta_do_piaui
3126000,MG,SE,Florestal,florestal
4108007,PR,S,Florestópolis,florestopolis
2203909,PI,NE,Floriano,floriano
4308250,RS,S,Floriano Peixoto,floriano_peixoto
4205407,SC,S,Florianópolis,florianopolis
4108106,PR,S,Flórida,florida
3516002,SP,SE,Flórida Paulista,florida_paulista
3516101,SP,SE,Florínea,florinea
1301605,AM,N,Fonte Boa,fonte_boa
4308300,RS,S,Fontoura Xavier,fontoura_xavier
3126109,MG,SE,Formiga,formiga
4308409,RS,S,Formigueiro,formigueiro
5208004,GO,CO,Formosa,formosa
2104099,MA,NE,Formosa da Serra Negra,formosa_da_serra_negra
4108205,PR,S,Formosa do Oeste,formosa_do_oeste
2911105,BA,NE,Formosa do Rio Preto,formosa_do_rio_preto
4205431,SC,S,Formosa do Sul,formosa_do_sul
5208103,GO,CO,Formoso,formoso
3126208,MG,SE,Formoso,formoso
1708205,TO,N,Formoso do Araguaia,formoso_do_araguaia
4308433,RS,S,Forquetinha,forquetinha
2304350,CE,NE,Forquilha,forquilha
4205456,SC,S,Forquilhinha,forquilhinha
2304400,CE,NE,Fortaleza,fortaleza
3126307,MG,SE,Fortaleza de Minas,fortaleza_de_minas
2104107,MA,NE,Fortaleza dos Nogueiras,fortaleza_dos_nogueiras
4308458,RS,S,Fortaleza dos Valos,fortaleza_dos_valos
2304459,CE,NE,Fortim,fortim
2104206,MA,NE,Fortuna,fortuna
3126406,MG,SE,Fortuna de Minas,fortuna_de_minas
4108304,PR,S,Foz do Iguaçu,foz_do_iguacu
4108452,PR,S,Foz do Jordão,foz_do_jordao
4205506,SC,S,Fraiburgo,fraiburgo
3516200,SP,SE,Franca,franca
2204006,PI,NE,Francinópolis,francinopolis
4108320,PR,S,Francisco Alves,francisco_alves
2204105,PI,NE,Francisco Ayres,francisco_ayres
3126505,MG,SE,Francisco Badaró,francisco_badaro
4108403,PR,S,Francisco Beltrão,francisco_beltrao
2403905,RN,NE,Francisco Dantas,francisco_dantas
3126604,MG,SE,Francisco Dumont,francisco_dumont
2204154,PI,NE,Francisco Macedo,francisco_macedo
3516309,SP,SE,Francisco Morato,francisco_morato
3126703,MG,SE,Francisco Sá,francisco_sa
2204204,PI,NE,Francisco Santos,francisco_santos
3126752,MG,SE,Franciscópolis,franciscopolis
3516408,SP,SE,Franco da Rocha,franco_da_rocha
2304509,CE,NE,Frecheirinha,frecheirinha
4308508,RS,S,Frederico Westphalen,frederico_westphalen
3126802,MG,SE,Frei Gaspar,frei_gaspar
3126901,MG,SE,Frei Inocêncio,frei_inocencio
3126950,MG,SE,Frei Lagonegro,frei_lagonegro
2506202,PB,NE,Frei Martinho,frei_martinho
2605806,PE,NE,Frei Miguelinho,frei_miguelinho
2802304,SE,NE,Frei Paulo,frei_paulo
4205555,SC,S,Frei Rogério,frei_rogerio
3127008,MG,SE,Fronteira,fronteira
3127057,MG,SE,Fronteira dos Vales,fronteira_dos_vales
2204303,PI,NE,Fronteiras,fronteiras
3127073,MG,SE,Fruta de Leite,fruta_de_leite
3127107,MG,SE,Frutal,frutal
2404002,RN,NE,Frutuoso Gomes,frutuoso_gomes
3202207,ES,SE,Fundão,fundao
3127206,MG,SE,Funilândia,funilandia
3516507,SP,SE,Gabriel Monteiro,gabriel_monteiro
2506251,PB,NE,Gado Bravo,gado_bravo
3516606,SP,SE,Gália,galia
3127305,MG,SE,Galiléia,galileia
2404101,RN,NE,Galinhos,galinhos
4205605,SC,S,Galvão,galvao
2605905,PE,NE,Gameleira,gameleira
5208152,GO,CO,Gameleira de Goiás,gameleira_de_goias
3127339,MG,SE,Gameleiras,gameleiras
2911204,BA,NE,Gandu,gandu
2606002,PE,NE,Garanhuns,garanhuns
2802403,SE,NE,Gararu,gararu
3516705,SP,SE,Garça,garca
4308607,RS,S,Garibaldi,garibaldi
4205704,SC,S,Garopaba,garopaba
1503077,PA,N,Garrafão do Norte,garrafao_do_norte
4308656,RS,S,Garruchos,garruchos
4205803,SC,S,Garuva,garuva
4205902,SC,S,Gaspar,gaspar
3516804,SP,SE,Gastão Vidigal,gastao_vidigal
5103858,MT,CO,Gaúcha do Norte,gaucha_do_norte
4308706,RS,S,Gaurama,gaurama
2911253,BA,NE,Gavião,gaviao
3516853,SP,SE,Gavião Peixoto,gaviao_peixoto
2204352,PI,NE,Geminiano,geminiano
4308805,RS,S,General Câmara,general_camara
5103908,MT,CO,General Carneiro,general_carneiro
4108502,PR,S,General Carneiro,general_carneiro
2802502,SE,NE,General Maynard,general_maynard
3516903,SP,SE,General Salgado,general_salgado
2304608,CE,NE,General Sampaio,general_sampaio
4308854,RS,S,Gentil,gentil
2911303,BA,NE,Gentio do Ouro,gentio_do_ouro
3517000,SP,SE,Getulina,getulina
4308904,RS,S,Getúlio Vargas,getulio_vargas
2204402,PI,NE,Gilbués,gilbues
2702900,AL,NE,Girau do Ponciano,girau_do_ponciano
4309001,RS,S,Giruá,girua
3127354,MG,SE,Glaucilândia,glaucilandia
3517109,SP,SE,Glicério,glicerio
2911402,BA,NE,Glória,gloria
5004007,MS,CO,Glória de Dourados,gloria_de_dourados
2606101,PE,NE,Glória do Goitá,gloria_do_goita
5103957,MT,CO,Glória D'Oeste,gloria_doeste
4309050,RS,S,Glorinha,glorinha
2104305,MA,NE,Godofredo Viana,godofredo_viana
4108551,PR,S,Godoy Moreira,godoy_moreira
3127370,MG,SE,Goiabeira,goiabeira
2606200,PE,NE,Goiana,goiana
3127388,MG,SE,Goianá,goiana
5208400,GO,CO,Goianápolis,goianapolis
5208509,GO,CO,Goiandira,goiandira
5208608,GO,CO,Goianésia,goianesia
1503093,PA,N,Goianésia do Pará,goianesia_do_para
5208707,GO,CO,Goiânia,goiania
2404200,RN,NE,Goianinha,goianinha
5208806,GO,CO,Goianira,goianira
1708304,TO,N,Goianorte,goianorte
5208905,GO,CO,Goiás,goias
1709005,TO,N,Goiatins,goiatins
5209101,GO,CO,Goiatuba,goiatuba
4108601,PR,S,Goioerê,goioere
4108650,PR,S,Goioxim,goioxim
3127404,MG,SE,Gonçalves,goncalves
2104404,MA,NE,Gonçalves Dias,goncalves_dias
2911501,BA,NE,Gongogi,gongogi
3127503,MG,SE,Gonzaga,gonzaga
3127602,MG,SE,Gouveia,gouveia
5209150,GO,CO,Gouvelândia,gouvelandia
2104503,MA,NE,Governador Archer,governador_archer
4206009,SC,S,Governador Celso Ramos,governador_celso_ramos
2404309,RN,NE,Governador Dix-Sept Rosado,governador_dix_sept_rosado
2104552,MA,NE,Governador Edison Lobão,governador_edison_lobao
2104602,MA,NE,Governador Eugênio Barros,governador_eugenio_barros
1101005,RO,N,Governador Jorge Teixeira,governador_jorge_teixeira
3202256,ES,SE,Governador Lindenberg,governador_lindenberg
2104628,MA,NE,Governador Luiz Rocha,governador_luiz_rocha
2911600,BA,NE,Governador Mangabeira,governador_mangabeira
2104651,MA,NE,Governador Newton Bello,governador_newton_bello
2104677,MA,NE,Governador Nunes Freire,governador_nunes_freire
3127701,MG,SE,Governador Valadares,governador_valadares
2304657,CE,NE,Graça,graca
2104701,MA,NE,Graça Aranha,graca_aranha
2802601,SE,NE,Graccho Cardoso,graccho_cardoso
2104800,MA,NE,Grajaú,grajau
4309100,RS,S,Gramado,gramado
4309126,RS,S,Gramado dos Loureiros,gramado_dos_loureiros
4309159,RS,S,Gramado Xavier,gramado_xavier
4108700,PR,S,Grandes Rios,grandes_rios
2606309,PE,NE,Granito,granito
2304707,CE,NE,Granja,granja
2304806,CE,NE,Granjeiro,granjeiro
3127800,MG,SE,Grão Mogol,grao_mogol
4206108,SC,S,Grão-Pará,grao_para
2606408,PE,NE,Gravatá,gravata
4309209,RS,S,Gravataí,gravatai
4206207,SC,S,Gravatal,gravatal
2304905,CE,NE,Groaíras,groairas
2404408,RN,NE,Grossos,grossos
3127909,MG,SE,Grupiara,grupiara
4309258,RS,S,Guabiju,guabiju
4206306,SC,S,Guabiruba,guabiruba
3202306,ES,SE,Guaçuí,guacui
2204501,PI,NE,Guadalupe,guadalupe
4309308,RS,S,Guaíba,guaiba
3517208,SP,SE,Guaiçara,guaicara
3517307,SP,SE,Guaimbê,guaimbe
3517406,SP,SE,Guaíra,guaira
4108809,PR,S,Guaíra,guaira
4108908,PR,S,Guairaçá,guairaca
2304954,CE,NE,Guaiúba,guaiuba
1301654,AM,N,Guajará,guajara
1100106,RO,N,Guajará-Mirim,guajara_mirim
2911659,BA,NE,Guajeru,guajeru
2404507,RN,NE,Guamaré,guamare
4108957,PR,S,Guamiranga,guamiranga
2911709,BA,NE,Guanambi,guanambi
3128006,MG,SE,Guanhães,guanhaes
3128105,MG,SE,Guapé,guape
3517505,SP,SE,Guapiaçu,guapiacu
3517604,SP,SE,Guapiara,guapiara
3301850,RJ,SE,Guapimirim,guapimirim
4109005,PR,S,Guapirama,guapirama
5209200,GO,CO,Guapó,guapo
4309407,RS,S,Guaporé,guapore
4109104,PR,S,Guaporema,guaporema
3517703,SP,SE,Guará,guara
2506301,PB,NE,Guarabira,guarabira
3517802,SP,SE,Guaraçaí,guaracai
3517901,SP,SE,Guaraci,guaraci
4109203,PR,S,Guaraci,guaraci
4206405,SC,S,Guaraciaba,guaraciaba
3128204,MG,SE,Guaraciaba,guaraciaba
2305001,CE,NE,Guaraciaba do Norte,guaraciaba_do_norte
3128253,MG,SE,Guaraciama,guaraciama
1709302,TO,N,Guaraí,guarai
5209291,GO,CO,Guaraíta,guaraita
2305100,CE,NE,Guaramiranga,guaramiranga
4206504,SC,S,Guaramirim,guaramirim
3128303,MG,SE,Guaranésia,guaranesia
3128402,MG,SE,Guarani,guarani
4309506,RS,S,Guarani das Missões,guarani_das_missoes
5209408,GO,CO,Guarani de Goiás,guarani_de_goias
3518008,SP,SE,Guarani d'Oeste,guarani_doeste
4109302,PR,S,Guaraniaçu,guaraniacu
3518107,SP,SE,Guarantã,guaranta
5104104,MT,CO,Guarantã do Norte,guaranta_do_norte
3202405,ES,SE,Guarapari,guarapari
4109401,PR,S,Guarapuava,guarapuava
4109500,PR,S,Guaraqueçaba,guaraquecaba
3128501,MG,SE,Guarará,guarara
3518206,SP,SE,Guararapes,guararapes
3518305,SP,SE,Guararema,guararema
2911808,BA,NE,Guaratinga,guaratinga
3518404,SP,SE,Guaratinguetá,guaratingueta
4109609,PR,S,Guaratuba,guaratuba
3128600,MG,SE,Guarda-Mor,guarda_mor
3518503,SP,SE,Guareí,guarei
3518602,SP,SE,Guariba,guariba
2204550,PI,NE,Guaribas,guaribas
5209457,GO,CO,Guarinos,guarinos
3518701,SP,SE,Guarujá,guaruja
4206603,SC,S,Guarujá do Sul,guaruja_do_sul
3518800,SP,SE,Guarulhos,guarulhos
4206652,SC,S,Guatambú,guatambu
3518859,SP,SE,Guatapará,guatapara
3128709,MG,SE,Guaxupé,guaxupe
5004106,MS,CO,Guia Lopes da Laguna,guia_lopes_da_laguna
3128808,MG,SE,Guidoval,guidoval
2104909,MA,NE,Guimarães,guimaraes
3128907,MG,SE,Guimarânia,guimarania
5104203,MT,CO,Guiratinga,guiratinga
3129004,MG,SE,Guiricema,guiricema
3129103,MG,SE,Gurinhatã,gurinhata
2506400,PB,NE,Gurinhém,gurinhem
2506509,PB,NE,Gurjão,gurjao
1503101,PA,N,Gurupá,gurupa
1709500,TO,N,Gurupi,gurupi
3518909,SP,SE,Guzolândia,guzolandia
4309555,RS,S,Harmonia,harmonia
5209606,GO,CO,Heitoraí,heitorai
3129202,MG,SE,Heliodora,heliodora
2911857,BA,NE,Heliópolis,heliopolis
3519006,SP,SE,Herculândia,herculandia
4307104,RS,S,Herval,herval
4206702,SC,S,Herval d'Oeste,herval_doeste
4309571,RS,S,Herveiras,herveiras
5209705,GO,CO,Hidrolândia,hidrolandia
2305209,CE,NE,Hidrolândia,hidrolandia
5209804,GO,CO,Hidrolina,hidrolina
3519055,SP,SE,Holambra,holambra
4109658,PR,S,Honório Serpa,honorio_serpa
2305233,CE,NE,Horizonte,horizonte
4309605,RS,S,Horizontina,horizontina
3519071,SP,SE,Hortolândia,hortolandia
2204600,PI,NE,Hugo Napoleão,hugo_napoleao
4309654,RS,S,Hulha Negra,hulha_negra
4309704,RS,S,Humaitá,humaita
1301704,AM,N,Humaitá,humaita
2105005,MA,NE,Humberto de Campos,humberto_de_campos
3519105,SP,SE,Iacanga,iacanga
5209903,GO,CO,Iaciara,iaciara
3519204,SP,SE,Iacri,iacri
2911907,BA,NE,Iaçu,iacu
3129301,MG,SE,Iapu,iapu
3519253,SP,SE,Iaras,iaras
2606507,PE,NE,Iati,iati
4109708,PR,S,Ibaiti,ibaiti
4309753,RS,S,Ibarama,ibarama
2305266,CE,NE,Ibaretama,ibaretama
3519303,SP,SE,Ibaté,ibate
2703007,AL,NE,Ibateguara,ibateguara
3202454,ES,SE,Ibatiba,ibatiba
4109757,PR,S,Ibema,ibema
3129400,MG,SE,Ibertioga,ibertioga
3129509,MG,SE,Ibiá,ibia
4309803,RS,S,Ibiaçá,ibiaca
3129608,MG,SE,Ibiaí,ibiai
4206751,SC,S,Ibiam,ibiam
2305308,CE,NE,Ibiapina,ibiapina
2506608,PB,NE,Ibiara,ibiara
2912004,BA,NE,Ibiassucê,ibiassuce
2912103,BA,NE,Ibicaraí,ibicarai
4206801,SC,S,Ibicaré,ibicare
2912202,BA,NE,Ibicoara,ibicoara
2912301,BA,NE,Ibicuí,ibicui
2305332,CE,NE,Ibicuitinga,ibicuitinga
2606606,PE,NE,Ibimirim,ibimirim
2912400,BA,NE,Ibipeba,ibipeba
2912509,BA,NE,Ibipitanga,ibipitanga
4109807,PR,S,Ibiporã,ibipora
2912608,BA,NE,Ibiquera,ibiquera
3519402,SP,SE,Ibirá,ibira
3129657,MG,SE,Ibiracatu,ibiracatu
3129707,MG,SE,Ibiraci,ibiraci
3202504,ES,SE,Ibiraçu,ibiracu
4309902,RS,S,Ibiraiaras,ibiraiaras
2606705,PE,NE,Ibirajuba,ibirajuba
4206900,SC,S,Ibirama,ibirama
2912707,BA,NE,Ibirapitanga,ibirapitanga
2912806,BA,NE,Ibirapuã,ibirapua
4309951,RS,S,Ibirapuitã,ibirapuita
3519501,SP,SE,Ibirarema,ibirarema
2912905,BA,NE,Ibirataia,ibirataia
3129806,MG,SE,Ibirité,ibirite
4310009,RS,S,Ibirubá,ibiruba
2913002,BA,NE,Ibitiara,ibitiara
3519600,SP,SE,Ibitinga,ibitinga
3202553,ES,SE,Ibitirama,ibitirama
2913101,BA,NE,Ibititá,ibitita
3129905,MG,SE,Ibitiúra de Minas,ibitiura_de_minas
3130002,MG,SE,Ibituruna,ibituruna
3519709,SP,SE,Ibiúna,ibiuna
2913200,BA,NE,Ibotirama,ibotirama
2305357,CE,NE,Icapuí,icapui
4207007,SC,S,Içara,icara
3130051,MG,SE,Icaraí de Minas,icarai_de_minas
4109906,PR,S,Icaraíma,icaraima
2105104,MA,NE,Icatu,icatu
3519808,SP,SE,Icém,icem
2913309,BA,NE,Ichu,ichu
2305407,CE,NE,Icó,ico
3202603,ES,SE,Iconha,iconha
2404606,RN,NE,Ielmo Marinho,ielmo_marinho
3519907,SP,SE,Iepê,iepe
2703106,AL,NE,Igaci,igaci
2913408,BA,NE,Igaporã,igapora
3520004,SP,SE,Igaraçu do Tietê,igaracu_do_tiete
2502607,PB,NE,Igaracy,igaracy
3520103,SP,SE,Igarapava,igarapava
3130101,MG,SE,Igarapé,igarape
2105153,MA,NE,Igarapé do Meio,igarape_do_meio
2105203,MA,NE,Igarapé Grande,igarape_grande
1503200,PA,N,Igarapé-Açu,igarape_acu
1503309,PA,N,Igarapé-Miri,igarape_miri
2606804,PE,NE,Igarassu,igarassu
3520202,SP,SE,Igaratá,igarata
3130200,MG,SE,Igaratinga,igaratinga
2913457,BA,NE,Igrapiúna,igrapiuna
2703205,AL,NE,Igreja Nova,igreja_nova
4310108,RS,S,Igrejinha,igrejinha
3301876,RJ,SE,Iguaba Grande,iguaba_grande
2913507,BA,NE,Iguaí,iguai
3520301,SP,SE,Iguape,iguape
4110003,PR,S,Iguaraçu,iguaracu
2606903,PE,NE,Iguaracy,iguaracy
3130309,MG,SE,Iguatama,iguatama
5004304,MS,CO,Iguatemi,iguatemi
4110052,PR,S,Iguatu,iguatu
2305506,CE,NE,Iguatu,iguatu
3130408,MG,SE,Ijaci,ijaci
4310207,RS,S,Ijuí,ijui
3520426,SP,SE,Ilha Comprida,ilha_comprida
2802700,SE,NE,Ilha das Flores,ilha_das_flores
2607604,PE,NE,Ilha de Itamaracá,ilha_de_itamaraca
2204659,PI,NE,Ilha Grande,ilha_grande
3520442,SP,SE,Ilha Solteira,ilha_solteira
3520400,SP,SE,Ilhabela,ilhabela
2913606,BA,NE,Ilhéus,ilheus
4207106,SC,S,Ilhota,ilhota
3130507,MG,SE,Ilicínea,ilicinea
4310306,RS,S,Ilópolis,ilopolis
2506707,PB,NE,Imaculada,imaculada
4207205,SC,S,Imaruí,imarui
4110078,PR,S,Imbaú,imbau
4310330,RS,S,Imbé,imbe
3130556,MG,SE,Imbé de Minas,imbe_de_minas
4207304,SC,S,Imbituba,imbituba
4110102,PR,S,Imbituva,imbituva
4207403,SC,S,Imbuia,imbuia
4310363,RS,S,Imigrante,imigrante
2105302,MA,NE,Imperatriz,imperatriz
4110201,PR,S,Inácio Martins,inacio_martins
5209937,GO,CO,Inaciolândia,inaciolandia
4110300,PR,S,Inajá,inaja
2607000,PE,NE,Inajá,inaja
3130606,MG,SE,Inconfidentes,inconfidentes
3130655,MG,SE,Indaiabira,indaiabira
4207502,SC,S,Indaial,indaial
3520509,SP,SE,Indaiatuba,indaiatuba
4310405,RS,S,Independência,independencia
2305605,CE,NE,Independência,independencia
3520608,SP,SE,Indiana,indiana
4110409,PR,S,Indianópolis,indianopolis
3130705,MG,SE,Indianópolis,indianopolis
3520707,SP,SE,Indiaporã,indiapora
5209952,GO,CO,Indiara,indiara
2802809,SE,NE,Indiaroba,indiaroba
5104500,MT,CO,Indiavaí,indiavai
2506806,PB,NE,Ingá,inga
3130804,MG,SE,Ingaí,ingai
2607109,PE,NE,Ingazeira,ingazeira
4310413,RS,S,Inhacorá,inhacora
2913705,BA,NE,Inhambupe,inhambupe
1503408,PA,N,Inhangapi,inhangapi
2703304,AL,NE,Inhapi,inhapi
3130903,MG,SE,Inhapim,inhapim
3131000,MG,SE,Inhaúma,inhauma
2204709,PI,NE,Inhuma,inhuma
5210000,GO,CO,Inhumas,inhumas
3131109,MG,SE,Inimutaba,inimutaba
5004403,MS,CO,Inocência,inocencia
3520806,SP,SE,Inúbia Paulista,inubia_paulista
4207577,SC,S,Iomerê,iomere
3131158,MG,SE,Ipaba,ipaba
5210109,GO,CO,Ipameri,ipameri
3131208,MG,SE,Ipanema,ipanema
2404705,RN,NE,Ipanguaçu,ipanguacu
2305654,CE,NE,Ipaporanga,ipaporanga
3131307,MG,SE,Ipatinga,ipatinga
2305704,CE,NE,Ipaumirim,ipaumirim
3520905,SP,SE,Ipaussu,ipaussu
4310439,RS,S,Ipê,ipe
2913804,BA,NE,Ipecaetá,ipecaeta
3521002,SP,SE,Iperó,ipero
3521101,SP,SE,Ipeúna,ipeuna
3131406,MG,SE,Ipiaçu,ipiacu
2913903,BA,NE,Ipiaú,ipiau
3521150,SP,SE,Ipiguá,ipigua
4207601,SC,S,Ipira,ipira
2914000,BA,NE,Ipirá,ipira
4110508,PR,S,Ipiranga,ipiranga
5210158,GO,CO,Ipiranga de Goiás,ipiranga_de_goias
5104526,MT,CO,Ipiranga do Norte,ipiranga_do_norte
2204808,PI,NE,Ipiranga do Piauí,ipiranga_do_piaui
4310462,RS,S,Ipiranga do Sul,ipiranga_do_sul
1301803,AM,N,Ipixuna,ipixuna
1503457,PA,N,Ipixuna do Pará,ipixuna_do_para
2607208,PE,NE,Ipojuca,ipojuca
5210208,GO,CO,Iporá,ipora
4110607,PR,S,Iporã,ipora
4207650,SC,S,Iporã do Oeste,ipora_do_oeste
3521200,SP,SE,Iporanga,iporanga
2305803,CE,NE,Ipu,ipu
3521309,SP,SE,Ipuã,ipua
4207684,SC,S,Ipuaçu,ipuacu
2607307,PE,NE,Ipubi,ipubi
2404804,RN,NE,Ipueira,ipueira
2305902,CE,NE,Ipueiras,ipueiras
1709807,TO,N,Ipueiras,ipueiras
3131505,MG,SE,Ipuiúna,ipuiuna
4207700,SC,S,Ipumirim,ipumirim
2914109,BA,NE,Ipupiara,ipupiara
1400282,RR,N,Iracema,iracema
2306009,CE,NE,Iracema,iracema
4110656,PR,S,Iracema do Oeste,iracema_do_oeste
3521408,SP,SE,Iracemápolis,iracemapolis
4207759,SC,S,Iraceminha,iraceminha
4310504,RS,S,Iraí,irai
3131604,MG,SE,Iraí de Minas,irai_de_minas
2914208,BA,NE,Irajuba,irajuba
2914307,BA,NE,Iramaia,iramaia
1301852,AM,N,Iranduba,iranduba
4207809,SC,S,Irani,irani
3521507,SP,SE,Irapuã,irapua
3521606,SP,SE,Irapuru,irapuru
2914406,BA,NE,Iraquara,iraquara
2914505,BA,NE,Irará,irara
4110706,PR,S,Irati,irati
4207858,SC,S,Irati,irati
2306108,CE,NE,Irauçuba,iraucuba
2914604,BA,NE,Irecê,irece
4110805,PR,S,Iretama,iretama
4207908,SC,S,Irineópolis,irineopolis
1503507,PA,N,Irituia,irituia
3202652,ES,SE,Irupi,irupi
2204907,PI,NE,Isaías Coelho,isaias_coelho
5210307,GO,CO,Israelândia,israelandia
4208005,SC,S,Itá,ita
4310538,RS,S,Itaara,itaara
2506905,PB,NE,Itabaiana,itabaiana
2802908,SE,NE,Itabaiana,itabaiana
2803005,SE,NE,Itabaianinha,itabaianinha
2914653,BA,NE,Itabela,itabela
3521705,SP,SE,Itaberá,itabera
2914703,BA,NE,Itaberaba,itaberaba
5210406,GO,CO,Itaberaí,itaberai
2803104,SE,NE,Itabi,itabi
3131703,MG,SE,Itabira,itabira
3131802,MG,SE,Itabirinha,itabirinha
3131901,MG,SE,Itabirito,itabirito
3301900,RJ,SE,Itaboraí,itaborai
2914802,BA,NE,Itabuna,itabuna
1710508,TO,N,Itacajá,itacaja
3132008,MG,SE,Itacambira,itacambira
3132107,MG,SE,Itacarambi,itacarambi
2914901,BA,NE,Itacaré,itacare
1301902,AM,N,Itacoatiara,itacoatiara
2607406,PE,NE,Itacuruba,itacuruba
4310553,RS,S,Itacurubi,itacurubi
2915007,BA,NE,Itaeté,itaete
2915106,BA,NE,Itagi,itagi
2915205,BA,NE,Itagibá,itagiba
2915304,BA,NE,Itagimirim,itagimirim
3202702,ES,SE,Itaguaçu,itaguacu
2915353,BA,NE,Itaguaçu da Bahia,itaguacu_da_bahia
3302007,RJ,SE,Itaguaí,itaguai
4110904,PR,S,Itaguajé,itaguaje
3132206,MG,SE,Itaguara,itaguara
5210562,GO,CO,Itaguari,itaguari
5210604,GO,CO,Itaguaru,itaguaru
1710706,TO,N,Itaguatins,itaguatins
3521804,SP,SE,Itaí,itai
2607505,PE,NE,Itaíba,itaiba
2306207,CE,NE,Itaiçaba,itaicaba
2205003,PI,NE,Itainópolis,itainopolis
4208104,SC,S,Itaiópolis,itaiopolis
2105351,MA,NE,Itaipava do Grajaú,itaipava_do_grajau
3132305,MG,SE,Itaipé,itaipe
4110953,PR,S,Itaipulândia,itaipulandia
2306256,CE,NE,Itaitinga,itaitinga
1503606,PA,N,Itaituba,itaituba
2404853,RN,NE,Itajá,itaja
5210802,GO,CO,Itajá,itaja
4208203,SC,S,Itajaí,itajai
3521903,SP,SE,Itajobi,itajobi
3522000,SP,SE,Itaju,itaju
2915403,BA,NE,Itaju do Colônia,itaju_do_colonia
3132404,MG,SE,Itajubá,itajuba
2915502,BA,NE,Itajuípe,itajuipe
3302056,RJ,SE,Italva,italva
2915601,BA,NE,Itamaraju,itamaraju
3132503,MG,SE,Itamarandiba,itamarandiba
1301951,AM,N,Itamarati,itamarati
3132602,MG,SE,Itamarati de Minas,itamarati_de_minas
2915700,BA,NE,Itamari,itamari
3132701,MG,SE,Itambacuri,itambacuri
4111001,PR,S,Itambaracá,itambaraca
4111100,PR,S,Itambé,itambe
2915809,BA,NE,Itambé,itambe
2607653,PE,NE,Itambé,itambe
3132800,MG,SE,Itambé do Mato Dentro,itambe_do_mato_dentro
3132909,MG,SE,Itamogi,itamogi
3133006,MG,SE,Itamonte,itamonte
2915908,BA,NE,Itanagra,itanagra
3522109,SP,SE,Itanhaém,itanhaem
3133105,MG,SE,Itanhandu,itanhandu
5104542,MT,CO,Itanhangá,itanhanga
2916005,BA,NE,Itanhém,itanhem
3133204,MG,SE,Itanhomi,itanhomi
3133303,MG,SE,Itaobim,itaobim
3522158,SP,SE,Itaoca,itaoca
3302106,RJ,SE,Itaocara,itaocara
5210901,GO,CO,Itapaci,itapaci
3133402,MG,SE,Itapagipe,itapagipe
2306306,CE,NE,Itapajé,itapaje
2916104,BA,NE,Itaparica,itaparica
2916203,BA,NE,Itapé,itape
2916302,BA,NE,Itapebi,itapebi
3133501,MG,SE,Itapecerica,itapecerica
3522208,SP,SE,Itapecerica da Serra,itapecerica_da_serra
2105401,MA,NE,Itapecuru Mirim,itapecuru_mirim
4111209,PR,S,Itapejara d'Oeste,itapejara_doeste
4208302,SC,S,Itapema,itapema
3202801,ES,SE,Itapemirim,itapemirim
4111258,PR,S,Itaperuçu,itaperucu
3302205,RJ,SE,Itaperuna,itaperuna
2607703,PE,NE,Itapetim,itapetim
2916401,BA,NE,Itapetinga,itapetinga
3522307,SP,SE,Itapetininga,itapetininga
3522406,SP,SE,Itapeva,itapeva
3133600,MG,SE,Itapeva,itapeva
3522505,SP,SE,Itapevi,itapevi
2916500,BA,NE,Itapicuru,itapicuru
2306405,CE,NE,Itapipoca,itapipoca
3522604,SP,SE,Itapira,itapira
4208401,SC,S,Itapiranga,itapiranga
1302009,AM,N,Itapiranga,itapiranga
5211008,GO,CO,Itapirapuã,itapirapua
3522653,SP,SE,Itapirapuã Paulista,itapirapua_paulista
1710904,TO,N,Itapiratins,itapiratins
2607752,PE,NE,Itapissuma,itapissuma
2916609,BA,NE,Itapitanga,itapitanga
2306504,CE,NE,Itapiúna,itapiuna
4208450,SC,S,Itapoá,itapoa
3522703,SP,SE,Itápolis,itapolis
5004502,MS,CO,Itaporã,itapora
1711100,TO,N,Itaporã do Tocantins,itapora_do_tocantins
2507002,PB,NE,Itaporanga,itaporanga
3522802,SP,SE,Itaporanga,itaporanga
2803203,SE,NE,Itaporanga d'Ajuda,itaporanga_dajuda
2507101,PB,NE,Itapororoca,itapororoca
1101104,RO,N,Itapuã do Oeste,itapua_do_oeste
4310579,RS,S,Itapuca,itapuca
3522901,SP,SE,Itapuí,itapui
3523008,SP,SE,Itapura,itapura
5211206,GO,CO,Itapuranga,itapuranga
3523107,SP,SE,Itaquaquecetuba,itaquaquecetuba
2916708,BA,NE,Itaquara,itaquara
4310603,RS,S,Itaqui,itaqui
5004601,MS,CO,Itaquiraí,itaquirai
2607802,PE,NE,Itaquitinga,itaquitinga
3202900,ES,SE,Itarana,itarana
2916807,BA,NE,Itarantim,itarantim
3523206,SP,SE,Itararé,itarare
2306553,CE,NE,Itarema,itarema
3523305,SP,SE,Itariri,itariri
5211305,GO,CO,Itarumã,itaruma
4310652,RS,S,Itati,itati
3302254,RJ,SE,Itatiaia,itatiaia
3133709,MG,SE,Itatiaiuçu,itatiaiucu
3523404,SP,SE,Itatiba,itatiba
4310702,RS,S,Itatiba do Sul,itatiba_do_sul
2916856,BA,NE,Itatim,itatim
3523503,SP,SE,Itatinga,itatinga
2306603,CE,NE,Itatira,itatira
2507200,PB,NE,Itatuba,itatuba
2404903,RN,NE,Itaú,itau
3133758,MG,SE,Itaú de Minas,itau_de_minas
5104559,MT,CO,Itaúba,itauba
1600253,AP,N,Itaubal,itaubal
5211404,GO,CO,Itauçu,itaucu
2205102,PI,NE,Itaueira,itaueira
3133808,MG,SE,Itaúna,itauna
4111308,PR,S,Itaúna do Sul,itauna_do_sul
3133907,MG,SE,Itaverava,itaverava
3134004,MG,SE,Itinga,itinga
2105427,MA,NE,Itinga do Maranhão,itinga_do_maranhao
5104609,MT,CO,Itiquira,itiquira
3523602,SP,SE,Itirapina,itirapina
3523701,SP,SE,Itirapuã,itirapua
2916906,BA,NE,Itiruçu,itirucu
2917003,BA,NE,Itiúba,itiuba
3523800,SP,SE,Itobi,itobi
2917102,BA,NE,Itororó,itororo
3523909,SP,SE,Itu,itu
2917201,BA,NE,Ituaçu,ituacu
2917300,BA,NE,Ituberá,itubera
3134103,MG,SE,Itueta,itueta
3134202,MG,SE,Ituiutaba,ituiutaba
5211503,GO,CO,Itumbiara,itumbiara
3134301,MG,SE,Itumirim,itumirim
3524006,SP,SE,Itupeva,itupeva
1503705,PA,N,Itupiranga,itupiranga
4208500,SC,S,Ituporanga,ituporanga
3134400,MG,SE,Iturama,iturama
3134509,MG,SE,Itutinga,itutinga
3524105,SP,SE,Ituverava,ituverava
2917334,BA,NE,Iuiu,iuiu
3203007,ES,SE,Iúna,iuna
4111407,PR,S,Ivaí,ivai
4111506,PR,S,Ivaiporã,ivaipora
4111555,PR,S,Ivaté,ivate
4111605,PR,S,Ivatuba,ivatuba
5004700,MS,CO,Ivinhema,ivinhema
5211602,GO,CO,Ivolândia,ivolandia
4310751,RS,S,Ivorá,ivora
4310801,RS,S,Ivoti,ivoti
2607901,PE,NE,Jaboatão dos Guararapes,jaboatao_dos_guararapes
4208609,SC,S,Jaborá,jabora
3524204,SP,SE,Jaborandi,jaborandi
2917359,BA,NE,Jaborandi,jaborandi
4111704,PR,S,Jaboti,jaboti
4310850,RS,S,Jaboticaba,jaboticaba
3524303,SP,SE,Jaboticabal,jaboticabal
3134608,MG,SE,Jaboticatubas,jaboticatubas
2405009,RN,NE,Jaçanã,jacana
2917409,BA,NE,Jacaraci,jacaraci
2507309,PB,NE,Jacaraú,jacarau
2703403,AL,NE,Jacaré dos Homens,jacare_dos_homens
1503754,PA,N,Jacareacanga,jacareacanga
3524402,SP,SE,Jacareí,jacarei
4111803,PR,S,Jacarezinho,jacarezinho
3524501,SP,SE,Jaci,jaci
5104807,MT,CO,Jaciara,jaciara
3134707,MG,SE,Jacinto,jacinto
4208708,SC,S,Jacinto Machado,jacinto_machado
2917508,BA,NE,Jacobina,jacobina
2205151,PI,NE,Jacobina do Piauí,jacobina_do_piaui
3134806,MG,SE,Jacuí,jacui
2703502,AL,NE,Jacuípe,jacuipe
4310876,RS,S,Jacuizinho,jacuizinho
1503804,PA,N,Jacundá,jacunda
3524600,SP,SE,Jacupiranga,jacupiranga
4310900,RS,S,Jacutinga,jacutinga
3134905,MG,SE,Jacutinga,jacutinga
4111902,PR,S,Jaguapitã,jaguapita
2917607,BA,NE,Jaguaquara,jaguaquara
3135001,MG,SE,Jaguaraçu,jaguaracu
4311007,RS,S,Jaguarão,jaguarao
2917706,BA,NE,Jaguarari,jaguarari
3203056,ES,SE,Jaguaré,jaguare
2306702,CE,NE,Jaguaretama,jaguaretama
4311106,RS,S,Jaguari,jaguari
4112009,PR,S,Jaguariaíva,jaguariaiva
2306801,CE,NE,Jaguaribara,jaguaribara
2306900,CE,NE,Jaguaribe,jaguaribe
2917805,BA,NE,Jaguaripe,jaguaripe
3524709,SP,SE,Jaguariúna,jaguariuna
2307007,CE,NE,Jaguaruana,jaguaruana
4208807,SC,S,Jaguaruna,jaguaruna
3135050,MG,SE,Jaíba,jaiba
2205201,PI,NE,Jaicós,jaicos
3524808,SP,SE,Jales,jales
3524907,SP,SE,Jambeiro,jambeiro
3135076,MG,SE,Jampruca,jampruca
3135100,MG,SE,Janaúba,janauba
5211701,GO,CO,Jandaia,jandaia
4112108,PR,S,Jandaia do Sul,jandaia_do_sul
2917904,BA,NE,Jandaíra,jandaira
2405108,RN,NE,Jandaíra,jandaira
3525003,SP,SE,Jandira,jandira
2405207,RN,NE,Janduís,janduis
5104906,MT,CO,Jangada,jangada
4112207,PR,S,Janiópolis,janiopolis
3135209,MG,SE,Januária,januaria
2405306,RN,NE,Januário Cicco,januario_cicco
3135308,MG,SE,Japaraíba,japaraiba
2703601,AL,NE,Japaratinga,japaratinga
2803302,SE,NE,Japaratuba,japaratuba
3302270,RJ,SE,Japeri,japeri
2405405,RN,NE,Japi,japi
4112306,PR,S,Japira,japira
2803401,SE,NE,Japoatã,japoata
3135357,MG,SE,Japonvar,japonvar
5004809,MS,CO,Japorã,japora
4112405,PR,S,Japurá,japura
1302108,AM,N,Japurá,japura
2607950,PE,NE,Jaqueira,jaqueira
4311122,RS,S,Jaquirana,jaquirana
5211800,GO,CO,Jaraguá,jaragua
4208906,SC,S,Jaraguá do Sul,jaragua_do_sul
5004908,MS,CO,Jaraguari,jaraguari
2703700,AL,NE,Jaramataia,jaramataia
2307106,CE,NE,Jardim,jardim
5005004,MS,CO,Jardim,jardim
4112504,PR,S,Jardim Alegre,jardim_alegre
2405504,RN,NE,Jardim de Angicos,jardim_de_angicos
2405603,RN,NE,Jardim de Piranhas,jardim_de_piranhas
2205250,PI,NE,Jardim do Mulato,jardim_do_mulato
2405702,RN,NE,Jardim do Seridó,jardim_do_serido
4112603,PR,S,Jardim Olinda,jardim_olinda
3525102,SP,SE,Jardinópolis,jardinopolis
4208955,SC,S,Jardinópolis,jardinopolis
4311130,RS,S,Jari,jari
3525201,SP,SE,Jarinu,jarinu
1100114,RO,N,Jaru,jaru
5211909,GO,CO,Jataí,jatai
4112702,PR,S,Jataizinho,jataizinho
2608008,PE,NE,Jataúba,jatauba
5005103,MS,CO,Jateí,jatei
2307205,CE,NE,Jati,jati
2105450,MA,NE,Jatobá,jatoba
2608057,PE,NE,Jatobá,jatoba
2205276,PI,NE,Jatobá do Piauí,jatoba_do_piaui
3525300,SP,SE,Jaú,jau
1711506,TO,N,Jaú do Tocantins,jau_do_tocantins
5212006,GO,CO,Jaupaci,jaupaci
5105002,MT,CO,Jauru,jauru
3135407,MG,SE,Jeceaba,jeceaba
3135456,MG,SE,Jenipapo de Minas,jenipapo_de_minas
2105476,MA,NE,Jenipapo dos Vieiras,jenipapo_dos_vieiras
3135506,MG,SE,Jequeri,jequeri
2703759,AL,NE,Jequiá da Praia,jequia_da_praia
2918001,BA,NE,Jequié,jequie
3135605,MG,SE,Jequitaí,jequitai
3135704,MG,SE,Jequitibá,jequitiba
3135803,MG,SE,Jequitinhonha,jequitinhonha
2918100,BA,NE,Jeremoabo,jeremoabo
2507408,PB,NE,Jericó,jerico
3525409,SP,SE,Jeriquara,jeriquara
3203106,ES,SE,Jerônimo Monteiro,jeronimo_monteiro
2205300,PI,NE,Jerumenha,jerumenha
3135902,MG,SE,Jesuânia,jesuania
4112751,PR,S,Jesuítas,jesuitas
5212055,GO,CO,Jesúpolis,jesupolis
2307254,CE,NE,Jijoca de Jericoacoara,jijoca_de_jericoacoara
1100122,RO,N,Ji-Paraná,ji_parana
2918209,BA,NE,Jiquiriçá,jiquirica
2918308,BA,NE,Jitaúna,jitauna
4209003,SC,S,Joaçaba,joacaba
3136009,MG,SE,Joaíma,joaima
3136108,MG,SE,Joanésia,joanesia
3525508,SP,SE,Joanópolis,joanopolis
2608107,PE,NE,João Alfredo,joao_alfredo
2405801,RN,NE,João Câmara,joao_camara
2205359,PI,NE,João Costa,joao_costa
2405900,RN,NE,João Dias,joao_dias
2918357,BA,NE,João Dourado,joao_dourado
2105500,MA,NE,João Lisboa,joao_lisboa
3136207,MG,SE,João Monlevade,joao_monlevade
3203130,ES,SE,João Neiva,joao_neiva
2507507,PB,NE,João Pessoa,joao_pessoa
3136306,MG,SE,João Pinheiro,joao_pinheiro
3525607,SP,SE,João Ramalho,joao_ramalho
3136405,MG,SE,Joaquim Felício,joaquim_felicio
2703809,AL,NE,Joaquim Gomes,joaquim_gomes
2608206,PE,NE,Joaquim Nabuco,joaquim_nabuco
2205409,PI,NE,Joaquim Pires,joaquim_pires
4112801,PR,S,Joaquim Távora,joaquim_tavora
2513653,PB,NE,Joca Claudino,joca_claudino
2205458,PI,NE,Joca Marques,joca_marques
4311155,RS,S,Jóia,joia
4209102,SC,S,Joinville,joinville
3136504,MG,SE,Jordânia,jordania
1200328,AC,N,Jordão,jordao
4209151,SC,S,José Boiteux,jose_boiteux
3525706,SP,SE,José Bonifácio,jose_bonifacio
2406007,RN,NE,José da Penha,jose_da_penha
2205508,PI,NE,José de Freitas,jose_de_freitas
3136520,MG,SE,José Gonçalves de Minas,jose_goncalves_de_minas
3136553,MG,SE,José Raydan,jose_raydan
2105609,MA,NE,Joselândia,joselandia
3136579,MG,SE,Josenópolis,josenopolis
5212105,GO,CO,Joviânia,joviania
5105101,MT,CO,Juara,juara
2507606,PB,NE,Juarez Távora,juarez_tavora
1711803,TO,N,Juarina,juarina
3136652,MG,SE,Juatuba,juatuba
2507705,PB,NE,Juazeirinho,juazeirinho
2918407,BA,NE,Juazeiro,juazeiro
2307304,CE,NE,Juazeiro do Norte,juazeiro_do_norte
2205516,PI,NE,Juazeiro do Piauí,juazeiro_do_piaui
2307403,CE,NE,Jucás,jucas
2608255,PE,NE,Jucati,jucati
2918456,BA,NE,Jucuruçu,jucurucu
2406106,RN,NE,Jucurutu,jucurutu
5105150,MT,CO,Juína,juina
3136702,MG,SE,Juiz de Fora,juiz_de_fora
2205524,PI,NE,Júlio Borges,julio_borges
4311205,RS,S,Júlio de Castilhos,julio_de_castilhos
3525805,SP,SE,Júlio Mesquita,julio_mesquita
3525854,SP,SE,Jumirim,jumirim
2105658,MA,NE,Junco do Maranhão,junco_do_maranhao
2507804,PB,NE,Junco do Seridó,junco_do_serido
2406155,RN,NE,Jundiá,jundia
2703908,AL,NE,Jundiá,jundia
3525904,SP,SE,Jundiaí,jundiai
4112900,PR,S,Jundiaí do Sul,jundiai_do_sul
2704005,AL,NE,Junqueiro,junqueiro
3526001,SP,SE,Junqueirópolis,junqueiropolis
2608305,PE,NE,Jupi,jupi
4209177,SC,S,Jupiá,jupia
3526100,SP,SE,Juquiá,juquia
3526209,SP,SE,Juquitiba,juquitiba
3136801,MG,SE,Juramento,juramento
4112959,PR,S,Juranda,juranda
2608404,PE,NE,Jurema,jurema
2205532,PI,NE,Jurema,jurema
2507903,PB,NE,Juripiranga,juripiranga
2508000,PB,NE,Juru,juru
1302207,AM,N,Juruá,jurua
3136900,MG,SE,Juruaia,juruaia
5105176,MT,CO,Juruena,juruena
1503903,PA,N,Juruti,juruti
5105200,MT,CO,Juscimeira,juscimeira
5212204,GO,CO,Jussara,jussara
4113007,PR,S,Jussara,jussara
2918506,BA,NE,Jussara,jussara
2918555,BA,NE,Jussari,jussari
2918605,BA,NE,Jussiape,jussiape
1302306,AM,N,Jutaí,jutai
5005152,MS,CO,Juti,juti
3136959,MG,SE,Juvenília,juvenilia
4113106,PR,S,Kaloré,kalore
1302405,AM,N,Lábrea,labrea
4209201,SC,S,Lacerdópolis,lacerdopolis
3137007,MG,SE,Ladainha,ladainha
5005202,MS,CO,Ladário,ladario
2918704,BA,NE,Lafaiete Coutinho,lafaiete_coutinho
3137106,MG,SE,Lagamar,lagamar
2803500,SE,NE,Lagarto,lagarto
4209300,SC,S,Lages,lages
2105708,MA,NE,Lago da Pedra,lago_da_pedra
2105807,MA,NE,Lago do Junco,lago_do_junco
2105948,MA,NE,Lago dos Rodrigues,lago_dos_rodrigues
2105906,MA,NE,Lago Verde,lago_verde
2508109,PB,NE,Lagoa,lagoa
2205557,PI,NE,Lagoa Alegre,lagoa_alegre
4311239,RS,S,Lagoa Bonita do Sul,lagoa_bonita_do_sul
2704104,AL,NE,Lagoa da Canoa,lagoa_da_canoa
1711902,TO,N,Lagoa da Confusão,lagoa_da_confusao
3137205,MG,SE,Lagoa da Prata,lagoa_da_prata
2406205,RN,NE,Lagoa d'Anta,lagoa_danta
2508208,PB,NE,Lagoa de Dentro,lagoa_de_dentro
2608503,PE,NE,Lagoa de Itaenga,lagoa_de_itaenga
2406304,RN,NE,Lagoa de Pedras,lagoa_de_pedras
2205573,PI,NE,Lagoa de São Francisco,lagoa_de_sao_francisco
2406403,RN,NE,Lagoa de Velhos,lagoa_de_velhos
2205565,PI,NE,Lagoa do Barro do Piauí,lagoa_do_barro_do_piaui
2608453,PE,NE,Lagoa do Carro,lagoa_do_carro
2105922,MA,NE,Lagoa do Mato,lagoa_do_mato
2608602,PE,NE,Lagoa do Ouro,lagoa_do_ouro
2205581,PI,NE,Lagoa do Piauí,lagoa_do_piaui
2205599,PI,NE,Lagoa do Sítio,lagoa_do_sitio
1711951,TO,N,Lagoa do Tocantins,lagoa_do_tocantins
2608701,PE,NE,Lagoa dos Gatos,lagoa_dos_gatos
3137304,MG,SE,Lagoa dos Patos,lagoa_dos_patos
4311270,RS,S,Lagoa dos Três Cantos,lagoa_dos_tres_cantos
3137403,MG,SE,Lagoa Dourada,lagoa_dourada
3137502,MG,SE,Lagoa Formosa,lagoa_formosa
3137536,MG,SE,Lagoa Grande,lagoa_grande
2608750,PE,NE,Lagoa Grande,lagoa_grande
2105963,MA,NE,Lagoa Grande do Maranhão,lagoa_grande_do_maranhao
2406502,RN,NE,Lagoa Nova,lagoa_nova
2918753,BA,NE,Lagoa Real,lagoa_real
2406601,RN,NE,Lagoa Salgada,lagoa_salgada
3137601,MG,SE,Lagoa Santa,lagoa_santa
5212253,GO,CO,Lagoa Santa,lagoa_santa
2508307,PB,NE,Lagoa Seca,lagoa_seca
4311304,RS,S,Lagoa Vermelha,lagoa_vermelha
4311254,RS,S,Lagoão,lagoao
3526308,SP,SE,Lagoinha,lagoinha
2205540,PI,NE,Lagoinha do Piauí,lagoinha_do_piaui
4209409,SC,S,Laguna,laguna
5005251,MS,CO,Laguna Carapã,laguna_carapa
2918803,BA,NE,Laje,laje
3302304,RJ,SE,Laje do Muriaé,laje_do_muriae
4311403,RS,S,Lajeado,lajeado
1712009,TO,N,Lajeado,lajeado
4311429,RS,S,Lajeado do Bugre,lajeado_do_bugre
4209458,SC,S,Lajeado Grande,lajeado_grande
2105989,MA,NE,Lajeado Novo,lajeado_novo
2918902,BA,NE,Lajedão,lajedao
2919009,BA,NE,Lajedinho,lajedinho
2608800,PE,NE,Lajedo,lajedo
2919058,BA,NE,Lajedo do Tabocal,lajedo_do_tabocal
2406700,RN,NE,Lajes,lajes
2406809,RN,NE,Lajes Pintadas,lajes_pintadas
3137700,MG,SE,Lajinha,lajinha
2919108,BA,NE,Lamarão,lamarao
3137809,MG,SE,Lambari,lambari
5105234,MT,CO,Lambari D'Oeste,lambari_doeste
3137908,MG,SE,Lamim,lamim
2205607,PI,NE,Landri Sales,landri_sales
4113205,PR,S,Lapa,lapa
2919157,BA,NE,Lapão,lapao
3203163,ES,SE,Laranja da Terra,laranja_da_terra
4113254,PR,S,Laranjal,laranjal
3138005,MG,SE,Laranjal,laranjal
1600279,AP,N,Laranjal do Jari,laranjal_do_jari
3526407,SP,SE,Laranjal Paulista,laranjal_paulista
2803609,SE,NE,Laranjeiras,laranjeiras
4113304,PR,S,Laranjeiras do Sul,laranjeiras_do_sul
3138104,MG,SE,Lassance,lassance
2508406,PB,NE,Lastro,lastro
4209508,SC,S,Laurentino,laurentino
2919207,BA,NE,Lauro de Freitas,lauro_de_freitas
4209607,SC,S,Lauro Müller,lauro_muller
1712157,TO,N,Lavandeira,lavandeira
3526506,SP,SE,Lavínia,lavinia
3138203,MG,SE,Lavras,lavras
2307502,CE,NE,Lavras da Mangabeira,lavras_da_mangabeira
4311502,RS,S,Lavras do Sul,lavras_do_sul
3526605,SP,SE,Lavrinhas,lavrinhas
3138302,MG,SE,Leandro Ferreira,leandro_ferreira
4209706,SC,S,Lebon Régis,lebon_regis
3526704,SP,SE,Leme,leme
3138351,MG,SE,Leme do Prado,leme_do_prado
2919306,BA,NE,Lençóis,lencois
3526803,SP,SE,Lençóis Paulista,lencois_paulista
4209805,SC,S,Leoberto Leal,leoberto_leal
3138401,MG,SE,Leopoldina,leopoldina
5212303,GO,CO,Leopoldo de Bulhões,leopoldo_de_bulhoes
4113403,PR,S,Leópolis,leopolis
4311601,RS,S,Liberato Salzano,liberato_salzano
3138500,MG,SE,Liberdade,liberdade
2919405,BA,NE,Licínio de Almeida,licinio_de_almeida
4113429,PR,S,Lidianópolis,lidianopolis
2106003,MA,NE,Lima Campos,lima_campos
3138609,MG,SE,Lima Duarte,lima_duarte
3526902,SP,SE,Limeira,limeira
3138625,MG,SE,Limeira do Oeste,limeira_do_oeste
2608909,PE,NE,Limoeiro,limoeiro
2704203,AL,NE,Limoeiro de Anadia,limoeiro_de_anadia
1504000,PA,N,Limoeiro do Ajuru,limoeiro_do_ajuru
2307601,CE,NE,Limoeiro do Norte,limoeiro_do_norte
4113452,PR,S,Lindoeste,lindoeste
3527009,SP,SE,Lindóia,lindoia
4209854,SC,S,Lindóia do Sul,lindoia_do_sul
4311627,RS,S,Lindolfo Collor,lindolfo_collor
4311643,RS,S,Linha Nova,linha_nova
3203205,ES,SE,Linhares,linhares
3527108,SP,SE,Lins,lins
2508505,PB,NE,Livramento,livramento
2919504,BA,NE,Livramento de Nossa Senhora,livramento_de_nossa_senhora
1712405,TO,N,Lizarda,lizarda
4113502,PR,S,Loanda,loanda
4113601,PR,S,Lobato,lobato
2508554,PB,NE,Logradouro,logradouro
4113700,PR,S,Londrina,londrina
3138658,MG,SE,Lontra,lontra
4209904,SC,S,Lontras,lontras
3527207,SP,SE,Lorena,lorena
2106102,MA,NE,Loreto,loreto
3527256,SP,SE,Lourdes,lourdes
3527306,SP,SE,Louveira,louveira
5105259,MT,CO,Lucas do Rio Verde,lucas_do_rio_verde
3527405,SP,SE,Lucélia,lucelia
2508604,PB,NE,Lucena,lucena
3527504,SP,SE,Lucianópolis,lucianopolis
5105309,MT,CO,Luciara,luciara
2406908,RN,NE,Lucrécia,lucrecia
3527603,SP,SE,Luís Antônio,luis_antonio
2205706,PI,NE,Luís Correia,luis_correia
2106201,MA,NE,Luís Domingues,luis_domingues
2919553,BA,NE,Luís Eduardo Magalhães,luis_eduardo_magalhaes
2407005,RN,NE,Luís Gomes,luis_gomes
3138674,MG,SE,Luisburgo,luisburgo
3138682,MG,SE,Luislândia,luislandia
4210001,SC,S,Luiz Alves,luiz_alves
4113734,PR,S,Luiziana,luiziana
3527702,SP,SE,Luiziânia,luiziania
3138708,MG,SE,Luminárias,luminarias
4113759,PR,S,Lunardelli,lunardelli
3527801,SP,SE,Lupércio,lupercio
4113809,PR,S,Lupionópolis,lupionopolis
3527900,SP,SE,Lutécia,lutecia
3138807,MG,SE,Luz,luz
4210035,SC,S,Luzerna,luzerna
5212501,GO,CO,Luziânia,luziania
2205805,PI,NE,Luzilândia,luzilandia
1712454,TO,N,Luzinópolis,luzinopolis
3302403,RJ,SE,Macaé,macae
2407104,RN,NE,Macaíba,macaiba
2919603,BA,NE,Macajuba,macajuba
4311718,RS,S,Maçambará,macambara
2803708,SE,NE,Macambira,macambira
1600303,AP,N,Macapá,macapa
2609006,PE,NE,Macaparana,macaparana
2919702,BA,NE,Macarani,macarani
3528007,SP,SE,Macatuba,macatuba
2407203,RN,NE,Macau,macau
3528106,SP,SE,Macaubal,macaubal
2919801,BA,NE,Macaúbas,macaubas
3528205,SP,SE,Macedônia,macedonia
2704302,AL,NE,Maceió,maceio
3138906,MG,SE,Machacalis,machacalis
4311700,RS,S,Machadinho,machadinho
1100130,RO,N,Machadinho D'Oeste,machadinho_doeste
3139003,MG,SE,Machado,machado
2609105,PE,NE,Machados,machados
4210050,SC,S,Macieira,macieira
3302452,RJ,SE,Macuco,macuco
2919900,BA,NE,Macururé,macurure
2307635,CE,NE,Madalena,madalena
2205854,PI,NE,Madeiro,madeiro
2919926,BA,NE,Madre de Deus,madre_de_deus
3139102,MG,SE,Madre de Deus de Minas,madre_de_deus_de_minas
2508703,PB,NE,Mãe d'Água,mae_dagua
1504059,PA,N,Mãe do Rio,mae_do_rio
2919959,BA,NE,Maetinga,maetinga
4210100,SC,S,Mafra,mafra
1504109,PA,N,Magalhães Barata,magalhaes_barata
2106300,MA,NE,Magalhães de Almeida,magalhaes_de_almeida
3528304,SP,SE,Magda,magda
3302502,RJ,SE,Magé,mage
2920007,BA,NE,Maiquinique,maiquinique
2920106,BA,NE,Mairi,mairi
3528403,SP,SE,Mairinque,mairinque
3528502,SP,SE,Mairiporã,mairipora
5212600,GO,CO,Mairipotaba,mairipotaba
4210209,SC,S,Major Gercino,major_gercino
2704401,AL,NE,Major Isidoro,major_isidoro
2407252,RN,NE,Major Sales,major_sales
4210308,SC,S,Major Vieira,major_vieira
3139201,MG,SE,Malacacheta,malacacheta
2920205,BA,NE,Malhada,malhada
2920304,BA,NE,Malhada de Pedras,malhada_de_pedras
2803807,SE,NE,Malhada dos Bois,malhada_dos_bois
2803906,SE,NE,Malhador,malhador
4113908,PR,S,Mallet,mallet
2508802,PB,NE,Malta,malta
2508901,PB,NE,Mamanguape,mamanguape
5212709,GO,CO,Mambaí,mambai
4114005,PR,S,Mamborê,mambore
3139250,MG,SE,Mamonas,mamonas
4311734,RS,S,Mampituba,mampituba
1302504,AM,N,Manacapuru,manacapuru
2509008,PB,NE,Manaíra,manaira
1302553,AM,N,Manaquiri,manaquiri
2609154,PE,NE,Manari,manari
1302603,AM,N,Manaus,manaus
1200336,AC,N,Mâncio Lima,mancio_lima
4114104,PR,S,Mandaguaçu,mandaguacu
4114203,PR,S,Mandaguari,mandaguari
4114302,PR,S,Mandirituba,mandirituba
3528601,SP,SE,Manduri,manduri
4114351,PR,S,Manfrinópolis,manfrinopolis
3139300,MG,SE,Manga,manga
3302601,RJ,SE,Mangaratiba,mangaratiba
4114401,PR,S,Mangueirinha,mangueirinha
3139409,MG,SE,Manhuaçu,manhuacu
3139508,MG,SE,Manhumirim,manhumirim
1302702,AM,N,Manicoré,manicore
2205904,PI,NE,Manoel Emídio,manoel_emidio
4114500,PR,S,Manoel Ribas,manoel_ribas
1200344,AC,N,Manoel Urbano,manoel_urbano
4311759,RS,S,Manoel Viana,manoel_viana
2920403,BA,NE,Manoel Vitorino,manoel_vitorino
2920452,BA,NE,Mansidão,mansidao
3139607,MG,SE,Mantena,mantena
3203304,ES,SE,Mantenópolis,mantenopolis
4311775,RS,S,Maquiné,maquine
3139805,MG,SE,Mar de Espanha,mar_de_espanha
2704906,AL,NE,Mar Vermelho,mar_vermelho
5212808,GO,CO,Mara Rosa,mara_rosa
1302801,AM,N,Maraã,maraa
1504208,PA,N,Marabá,maraba
3528700,SP,SE,Marabá Paulista,maraba_paulista
2106326,MA,NE,Maracaçumé,maracacume
3528809,SP,SE,Maracaí,maracai
4210407,SC,S,Maracajá,maracaja
5005400,MS,CO,Maracaju,maracaju
1504307,PA,N,Maracanã,maracana
2307650,CE,NE,Maracanaú,maracanau
2920502,BA,NE,Maracás,maracas
2704500,AL,NE,Maragogi,maragogi
2920601,BA,NE,Maragogipe,maragogipe
2609204,PE,NE,Maraial,maraial
2106359,MA,NE,Marajá do Sena,maraja_do_sena
2307700,CE,NE,Maranguape,maranguape
2106375,MA,NE,Maranhãozinho,maranhaozinho
1504406,PA,N,Marapanim,marapanim
3528858,SP,SE,Marapoama,marapoama
4311791,RS,S,Maratá,marata
3203320,ES,SE,Marataízes,marataizes
4311809,RS,S,Marau,marau
2920700,BA,NE,Maraú,marau
2704609,AL,NE,Maravilha,maravilha
4210506,SC,S,Maravilha,maravilha
3139706,MG,SE,Maravilhas,maravilhas
2509057,PB,NE,Marcação,marcacao
5105580,MT,CO,Marcelândia,marcelandia
4311908,RS,S,Marcelino Ramos,marcelino_ramos
2407302,RN,NE,Marcelino Vieira,marcelino_vieira
2920809,BA,NE,Marcionílio Souza,marcionilio_souza
2307809,CE,NE,Marco,marco
2205953,PI,NE,Marcolândia,marcolandia
2206001,PI,NE,Marcos Parente,marcos_parente
4114609,PR,S,Marechal Cândido Rondon,marechal_candido_rondon
2704708,AL,NE,Marechal Deodoro,marechal_deodoro
3203346,ES,SE,Marechal Floriano,marechal_floriano
1200351,AC,N,Marechal Thaumaturgo,marechal_thaumaturgo
4210555,SC,S,Marema,marema
2509107,PB,NE,Mari,mari
3139904,MG,SE,Maria da Fé,maria_da_fe
4114708,PR,S,Maria Helena,maria_helena
4114807,PR,S,Marialva,marialva
3140001,MG,SE,Mariana,mariana
4311981,RS,S,Mariana Pimentel,mariana_pimentel
4312005,RS,S,Mariano Moro,mariano_moro
1712504,TO,N,Marianópolis do Tocantins,marianopolis_do_tocantins
3528908,SP,SE,Mariápolis,mariapolis
2704807,AL,NE,Maribondo,maribondo
3302700,RJ,SE,Maricá,marica
3140100,MG,SE,Marilac,marilac
3203353,ES,SE,Marilândia,marilandia
4114906,PR,S,Marilândia do Sul,marilandia_do_sul
4115002,PR,S,Marilena,marilena
3529005,SP,SE,Marília,marilia
4115101,PR,S,Mariluz,mariluz
4115200,PR,S,Maringá,maringa
3529104,SP,SE,Marinópolis,marinopolis
3140159,MG,SE,Mário Campos,mario_campos
4115309,PR,S,Mariópolis,mariopolis
4115358,PR,S,Maripá,maripa
3140209,MG,SE,Maripá de Minas,maripa_de_minas
1504422,PA,N,Marituba,marituba
2509156,PB,NE,Marizópolis,marizopolis
3140308,MG,SE,Marliéria,marlieria
4115408,PR,S,Marmeleiro,marmeleiro
3140407,MG,SE,Marmelópolis,marmelopolis
4312054,RS,S,Marques de Souza,marques_de_souza
4115457,PR,S,Marquinho,marquinho
3140506,MG,SE,Martinho Campos,martinho_campos
2307908,CE,NE,Martinópole,martinopole
3529203,SP,SE,Martinópolis,martinopolis
2407401,RN,NE,Martins,martins
3140530,MG,SE,Martins Soares,martins_soares
2804003,SE,NE,Maruim,maruim
4115507,PR,S,Marumbi,marumbi
5212907,GO,CO,Marzagão,marzagao
2920908,BA,NE,Mascote,mascote
2308005,CE,NE,Massapê,massape
2206050,PI,NE,Massapê do Piauí,massape_do_piaui
2509206,PB,NE,Massaranduba,massaranduba
4210605,SC,S,Massaranduba,massaranduba
4312104,RS,S,Mata,mata
2921005,BA,NE,Mata de São João,mata_de_sao_joao
2705002,AL,NE,Mata Grande,mata_grande
2106409,MA,NE,Mata Roma,mata_roma
3140555,MG,SE,Mata Verde,mata_verde
3529302,SP,SE,Matão,matao
2509305,PB,NE,Mataraca,mataraca
1712702,TO,N,Mateiros,mateiros
4115606,PR,S,Matelândia,matelandia
3140605,MG,SE,Materlândia,materlandia
3140704,MG,SE,Mateus Leme,mateus_leme
3171501,MG,SE,Mathias Lobato,mathias_lobato
3140803,MG,SE,Matias Barbosa,matias_barbosa
3140852,MG,SE,Matias Cardoso,matias_cardoso
2206100,PI,NE,Matias Olímpio,matias_olimpio
2921054,BA,NE,Matina,matina
2106508,MA,NE,Matinha,matinha
2509339,PB,NE,Matinhas,matinhas
4115705,PR,S,Matinhos,matinhos
3140902,MG,SE,Matipó,matipo
4312138,RS,S,Mato Castelhano,mato_castelhano
2509370,PB,NE,Mato Grosso,mato_grosso
4312153,RS,S,Mato Leitão,mato_leitao
4312179,RS,S,Mato Queimado,mato_queimado
4115739,PR,S,Mato Rico,mato_rico
3141009,MG,SE,Mato Verde,mato_verde
2106607,MA,NE,Matões,matoes
2106631,MA,NE,Matões do Norte,matoes_do_norte
4210704,SC,S,Matos Costa,matos_costa
3141108,MG,SE,Matozinhos,matozinhos
5212956,GO,CO,Matrinchã,matrincha
2705101,AL,NE,Matriz de Camaragibe,matriz_de_camaragibe
5105606,MT,CO,Matupá,matupa
2509396,PB,NE,Maturéia,matureia
3141207,MG,SE,Matutina,matutina
3529401,SP,SE,Mauá,maua
4115754,PR,S,Mauá da Serra,maua_da_serra
1302900,AM,N,Maués,maues
5213004,GO,CO,Maurilândia,maurilandia
1712801,TO,N,Maurilândia do Tocantins,maurilandia_do_tocantins
2308104,CE,NE,Mauriti,mauriti
2407500,RN,NE,Maxaranguape,maxaranguape
4312203,RS,S,Maximiliano de Almeida,maximiliano_de_almeida
1600402,AP,N,Mazagão,mazagao
3141306,MG,SE,Medeiros,medeiros
2921104,BA,NE,Medeiros Neto,medeiros_neto
4115804,PR,S,Medianeira,medianeira
1504455,PA,N,Medicilândia,medicilandia
3141405,MG,SE,Medina,medina
4210803,SC,S,Meleiro,meleiro
1504505,PA,N,Melgaço,melgaco
3302809,RJ,SE,Mendes,mendes
3141504,MG,SE,Mendes Pimentel,mendes_pimentel
3529500,SP,SE,Mendonça,mendonca
4115853,PR,S,Mercedes,mercedes
3141603,MG,SE,Mercês,merces
3529609,SP,SE,Meridiano,meridiano
2308203,CE,NE,Meruoca,meruoca
3529658,SP,SE,Mesópolis,mesopolis
3302858,RJ,SE,Mesquita,mesquita
3141702,MG,SE,Mesquita,mesquita
2705200,AL,NE,Messias,messias
2407609,RN,NE,Messias Targino,messias_targino
2206209,PI,NE,Miguel Alves,miguel_alves
2921203,BA,NE,Miguel Calmon,miguel_calmon
2206308,PI,NE,Miguel Leão,miguel_leao
3302908,RJ,SE,Miguel Pereira,miguel_pereira
3529708,SP,SE,Miguelópolis,miguelopolis
2308302,CE,NE,Milagres,milagres
2921302,BA,NE,Milagres,milagres
2106672,MA,NE,Milagres do Maranhão,milagres_do_maranhao
2308351,CE,NE,Milhã,milha
2206357,PI,NE,Milton Brandão,milton_brandao
5213053,GO,CO,Mimoso de Goiás,mimoso_de_goias
3203403,ES,SE,Mimoso do Sul,mimoso_do_sul
5213087,GO,CO,Minaçu,minacu
2705309,AL,NE,Minador do Negrão,minador_do_negrao
4312252,RS,S,Minas do Leão,minas_do_leao
3141801,MG,SE,Minas Novas,minas_novas
3141900,MG,SE,Minduri,minduri
5213103,GO,CO,Mineiros,mineiros
3529807,SP,SE,Mineiros do Tietê,mineiros_do_tiete
1101203,RO,N,Ministro Andreazza,ministro_andreazza
3530003,SP,SE,Mira Estrela,mira_estrela
3142007,MG,SE,Mirabela,mirabela
3529906,SP,SE,Miracatu,miracatu
3303005,RJ,SE,Miracema,miracema
1713205,TO,N,Miracema do Tocantins,miracema_do_tocantins
2106706,MA,NE,Mirador,mirador
4115903,PR,S,Mirador,mirador
3142106,MG,SE,Miradouro,miradouro
4312302,RS,S,Miraguaí,miraguai
3142205,MG,SE,Miraí,mirai
2308377,CE,NE,Miraíma,miraima
5005608,MS,CO,Miranda,miranda
2106755,MA,NE,Miranda do Norte,miranda_do_norte
2609303,PE,NE,Mirandiba,mirandiba
3530102,SP,SE,Mirandópolis,mirandopolis
2921401,BA,NE,Mirangaba,mirangaba
1713304,TO,N,Miranorte,miranorte
2921450,BA,NE,Mirante,mirante
1101302,RO,N,Mirante da Serra,mirante_da_serra
3530201,SP,SE,Mirante do Paranapanema,mirante_do_paranapanema
4116000,PR,S,Miraselva,miraselva
3530300,SP,SE,Mirassol,mirassol
5105622,MT,CO,Mirassol d'Oeste,mirassol_doeste
3530409,SP,SE,Mirassolândia,mirassolandia
3142254,MG,SE,Miravânia,miravania
4210852,SC,S,Mirim Doce,mirim_doce
2106805,MA,NE,Mirinzal,mirinzal
4116059,PR,S,Missal,missal
2308401,CE,NE,Missão Velha,missao_velha
1504604,PA,N,Mocajuba,mocajuba
3530508,SP,SE,Mococa,mococa
4210902,SC,S,Modelo,modelo
3142304,MG,SE,Moeda,moeda
3142403,MG,SE,Moema,moema
2509404,PB,NE,Mogeiro,mogeiro
3530607,SP,SE,Mogi das Cruzes,mogi_das_cruzes
3530706,SP,SE,Mogi Guaçu,mogi_guacu
3530805,SP,SE,Mogi Mirim,mogi_mirim
5213400,GO,CO,Moiporá,moipora
2804102,SE,NE,Moita Bonita,moita_bonita
1504703,PA,N,Moju,moju
1504752,PA,N,Mojuí dos Campos,mojui_dos_campos
2308500,CE,NE,Mombaça,mombaca
3530904,SP,SE,Mombuca,mombuca
2106904,MA,NE,Monção,moncao
3531001,SP,SE,Monções,moncoes
4211009,SC,S,Mondaí,mondai
3531100,SP,SE,Mongaguá,mongagua
3142502,MG,SE,Monjolos,monjolos
2206407,PI,NE,Monsenhor Gil,monsenhor_gil
2206506,PI,NE,Monsenhor Hipólito,monsenhor_hipolito
3142601,MG,SE,Monsenhor Paulo,monsenhor_paulo
2308609,CE,NE,Monsenhor Tabosa,monsenhor_tabosa
2509503,PB,NE,Montadas,montadas
3142700,MG,SE,Montalvânia,montalvania
3203502,ES,SE,Montanha,montanha
2407708,RN,NE,Montanhas,montanhas
4312351,RS,S,Montauri,montauri
2407807,RN,NE,Monte Alegre,monte_alegre
1504802,PA,N,Monte Alegre,monte_alegre
5213509,GO,CO,Monte Alegre de Goiás,monte_alegre_de_goias
3142809,MG,SE,Monte Alegre de Minas,monte_alegre_de_minas
2804201,SE,NE,Monte Alegre de Sergipe,monte_alegre_de_sergipe
2206605,PI,NE,Monte Alegre do Piauí,monte_alegre_do_piaui
3531209,SP,SE,Monte Alegre do Sul,monte_alegre_do_sul
4312377,RS,S,Monte Alegre dos Campos,monte_alegre_dos_campos
3531308,SP,SE,Monte Alto,monte_alto
3531407,SP,SE,Monte Aprazível,monte_aprazivel
3142908,MG,SE,Monte Azul,monte_azul
3531506,SP,SE,Monte Azul Paulista,monte_azul_paulista
3143005,MG,SE,Monte Belo,monte_belo
4312385,RS,S,Monte Belo do Sul,monte_belo_do_sul
4211058,SC,S,Monte Carlo,monte_carlo
3143104,MG,SE,Monte Carmelo,monte_carmelo
4211108,SC,S,Monte Castelo,monte_castelo
3531605,SP,SE,Monte Castelo,monte_castelo
2407906,RN,NE,Monte das Gameleiras,monte_das_gameleiras
1713601,TO,N,Monte do Carmo,monte_do_carmo
3143153,MG,SE,Monte Formoso,monte_formoso
2509602,PB,NE,Monte Horebe,monte_horebe
3531803,SP,SE,Monte Mor,monte_mor
1101401,RO,N,Monte Negro,monte_negro
2921500,BA,NE,Monte Santo,monte_santo
3143203,MG,SE,Monte Santo de Minas,monte_santo_de_minas
1713700,TO,N,Monte Santo do Tocantins,monte_santo_do_tocantins
3143401,MG,SE,Monte Sião,monte_siao
2509701,PB,NE,Monteiro,monteiro
3531704,SP,SE,Monteiro Lobato,monteiro_lobato
2705408,AL,NE,Monteirópolis,monteiropolis
4312401,RS,S,Montenegro,montenegro
2107001,MA,NE,Montes Altos,montes_altos
3143302,MG,SE,Montes Claros,montes_claros
5213707,GO,CO,Montes Claros de Goiás,montes_claros_de_goias
3143450,MG,SE,Montezuma,montezuma
5213756,GO,CO,Montividiu,montividiu
5213772,GO,CO,Montividiu do Norte,montividiu_do_norte
2308708,CE,NE,Morada Nova,morada_nova
3143500,MG,SE,Morada Nova de Minas,morada_nova_de_minas
2308807,CE,NE,Moraújo,moraujo
2614303,PE,NE,Moreilândia,moreilandia
4116109,PR,S,Moreira Sales,moreira_sales
2609402,PE,NE,Moreno,moreno
4312427,RS,S,Mormaço,mormaco
2921609,BA,NE,Morpará,morpara
4116208,PR,S,Morretes,morretes
5213806,GO,CO,Morrinhos,morrinhos
2308906,CE,NE,Morrinhos,morrinhos
4312443,RS,S,Morrinhos do Sul,morrinhos_do_sul
3531902,SP,SE,Morro Agudo,morro_agudo
5213855,GO,CO,Morro Agudo de Goiás,morro_agudo_de_goias
2206654,PI,NE,Morro Cabeça no Tempo,morro_cabeca_no_tempo
4211207,SC,S,Morro da Fumaça,morro_da_fumaca
3143609,MG,SE,Morro da Garça,morro_da_garca
2921708,BA,NE,Morro do Chapéu,morro_do_chapeu
2206670,PI,NE,Morro do Chapéu do Piauí,morro_do_chapeu_do_piaui
3143708,MG,SE,Morro do Pilar,morro_do_pilar
4211256,SC,S,Morro Grande,morro_grande
4312450,RS,S,Morro Redondo,morro_redondo
4312476,RS,S,Morro Reuter,morro_reuter
2107100,MA,NE,Morros,morros
2921807,BA,NE,Mortugaba,mortugaba
3532009,SP,SE,Morungaba,morungaba
5213905,GO,CO,Mossâmedes,mossamedes
2408003,RN,NE,Mossoró,mossoro
4312500,RS,S,Mostardas,mostardas
3532058,SP,SE,Motuca,motuca
5214002,GO,CO,Mozarlândia,mozarlandia
1504901,PA,N,Muaná,muana
1400308,RR,N,Mucajaí,mucajai
2309003,CE,NE,Mucambo,mucambo
2921906,BA,NE,Mucugê,mucuge
4312609,RS,S,Muçum,mucum
2922003,BA,NE,Mucuri,mucuri
3203601,ES,SE,Mucurici,mucurici
4312617,RS,S,Muitos Capões,muitos_capoes
4312625,RS,S,Muliterno,muliterno
2309102,CE,NE,Mulungu,mulungu
2509800,PB,NE,Mulungu,mulungu
2922052,BA,NE,Mulungu do Morro,mulungu_do_morro
2922102,BA,NE,Mundo Novo,mundo_novo
5005681,MS,CO,Mundo Novo,mundo_novo
5214051,GO,CO,Mundo Novo,mundo_novo
3143807,MG,SE,Munhoz,munhoz
4116307,PR,S,Munhoz de Melo,munhoz_de_melo
2922201,BA,NE,Muniz Ferreira,muniz_ferreira
3203700,ES,SE,Muniz Freire,muniz_freire
2922250,BA,NE,Muquém do São Francisco,muquem_do_sao_francisco
3203809,ES,SE,Muqui,muqui
3143906,MG,SE,Muriaé,muriae
2804300,SE,NE,Muribeca,muribeca
2705507,AL,NE,Murici,murici
2206696,PI,NE,Murici dos Portelas,murici_dos_portelas
1713957,TO,N,Muricilândia,muricilandia
2922300,BA,NE,Muritiba,muritiba
3532108,SP,SE,Murutinga do Sul,murutinga_do_sul
2922409,BA,NE,Mutuípe,mutuipe
3144003,MG,SE,Mutum,mutum
5214101,GO,CO,Mutunópolis,mutunopolis
3144102,MG,SE,Muzambinho,muzambinho
3144201,MG,SE,Nacip Raydan,nacip_raydan
3532157,SP,SE,Nantes,nantes
3144300,MG,SE,Nanuque,nanuque
4312658,RS,S,Não-Me-Toque,nao_me_toque
3144359,MG,SE,Naque,naque
3532207,SP,SE,Narandiba,narandiba
2408102,RN,NE,Natal,natal
3144375,MG,SE,Natalândia,natalandia
3144409,MG,SE,Natércia,natercia
3303104,RJ,SE,Natividade,natividade
1714203,TO,N,Natividade,natividade
3532306,SP,SE,Natividade da Serra,natividade_da_serra
2509909,PB,NE,Natuba,natuba
4211306,SC,S,Navegantes,navegantes
5005707,MS,CO,Naviraí,navirai
1714302,TO,N,Nazaré,nazare
2922508,BA,NE,Nazaré,nazare
2609501,PE,NE,Nazaré da Mata,nazare_da_mata
2206704,PI,NE,Nazaré do Piauí,nazare_do_piaui
3532405,SP,SE,Nazaré Paulista,nazare_paulista
3144508,MG,SE,Nazareno,nazareno
2510006,PB,NE,Nazarezinho,nazarezinho
2206720,PI,NE,Nazária,nazaria
5214408,GO,CO,Nazário,nazario
2804409,SE,NE,Neópolis,neopolis
3144607,MG,SE,Nepomuceno,nepomuceno
5214507,GO,CO,Nerópolis,neropolis
3532504,SP,SE,Neves Paulista,neves_paulista
1303007,AM,N,Nhamundá,nhamunda
3532603,SP,SE,Nhandeara,nhandeara
4312674,RS,S,Nicolau Vergueiro,nicolau_vergueiro
2922607,BA,NE,Nilo Peçanha,nilo_pecanha
3303203,RJ,SE,Nilópolis,nilopolis
2107209,MA,NE,Nina Rodrigues,nina_rodrigues
3144656,MG,SE,Ninheira,ninheira
5005806,MS,CO,Nioaque,nioaque
3532702,SP,SE,Nipoã,nipoa
5214606,GO,CO,Niquelândia,niquelandia
2408201,RN,NE,Nísia Floresta,nisia_floresta
3303302,RJ,SE,Niterói,niteroi
5105903,MT,CO,Nobres,nobres
4312708,RS,S,Nonoai,nonoai
2922656,BA,NE,Nordestina,nordestina
1400407,RR,N,Normandia,normandia
5106000,MT,CO,Nortelândia,nortelandia
2804458,SE,NE,Nossa Senhora Aparecida,nossa_senhora_aparecida
2804508,SE,NE,Nossa Senhora da Glória,nossa_senhora_da_gloria
2804607,SE,NE,Nossa Senhora das Dores,nossa_senhora_das_dores
4116406,PR,S,Nossa Senhora das Graças,nossa_senhora_das_gracas
2804706,SE,NE,Nossa Senhora de Lourdes,nossa_senhora_de_lourdes
2206753,PI,NE,Nossa Senhora de Nazaré,nossa_senhora_de_nazare
5106109,MT,CO,Nossa Senhora do Livramento,nossa_senhora_do_livramento
2804805,SE,NE,Nossa Senhora do Socorro,nossa_senhora_do_socorro
2206803,PI,NE,Nossa Senhora dos Remédios,nossa_senhora_dos_remedios
3532801,SP,SE,Nova Aliança,nova_alianca
4116505,PR,S,Nova Aliança do Ivaí,nova_alianca_do_ivai
4312757,RS,S,Nova Alvorada,nova_alvorada
5006002,MS,CO,Nova Alvorada do Sul,nova_alvorada_do_sul
5214705,GO,CO,Nova América,nova_america
4116604,PR,S,Nova América da Colina,nova_america_da_colina
5006200,MS,CO,Nova Andradina,nova_andradina
4312807,RS,S,Nova Araçá,nova_araca
5214804,GO,CO,Nova Aurora,nova_aurora
4116703,PR,S,Nova Aurora,nova_aurora
5106158,MT,CO,Nova Bandeirantes,nova_bandeirantes
4312906,RS,S,Nova Bassano,nova_bassano
3144672,MG,SE,Nova Belém,nova_belem
4312955,RS,S,Nova Boa Vista,nova_boa_vista
5106208,MT,CO,Nova Brasilândia,nova_brasilandia
1100148,RO,N,Nova Brasilândia D'Oeste,nova_brasilandia_doeste
4313003,RS,S,Nova Bréscia,nova_brescia
3532827,SP,SE,Nova Campina,nova_campina
2922706,BA,NE,Nova Canaã,nova_canaa
5106216,MT,CO,Nova Canaã do Norte,nova_canaa_do_norte
3532843,SP,SE,Nova Canaã Paulista,nova_canaa_paulista
4313011,RS,S,Nova Candelária,nova_candelaria
4116802,PR,S,Nova Cantu,nova_cantu
3532868,SP,SE,Nova Castilho,nova_castilho
2107258,MA,NE,Nova Colinas,nova_colinas
5214838,GO,CO,Nova Crixás,nova_crixas
2408300,RN,NE,Nova Cruz,nova_cruz
3144706,MG,SE,Nova Era,nova_era
4211405,SC,S,Nova Erechim,nova_erechim
4116901,PR,S,Nova Esperança,nova_esperanca
1504950,PA,N,Nova Esperança do Piriá,nova_esperanca_do_piria
4116950,PR,S,Nova Esperança do Sudoeste,nova_esperanca_do_sudoeste
4313037,RS,S,Nova Esperança do Sul,nova_esperanca_do_sul
3532900,SP,SE,Nova Europa,nova_europa
4117008,PR,S,Nova Fátima,nova_fatima
2922730,BA,NE,Nova Fátima,nova_fatima
2510105,PB,NE,Nova Floresta,nova_floresta
3303401,RJ,SE,Nova Friburgo,nova_friburgo
5214861,GO,CO,Nova Glória,nova_gloria
3533007,SP,SE,Nova Granada,nova_granada
5108808,MT,CO,Nova Guarita,nova_guarita
3533106,SP,SE,Nova Guataporanga,nova_guataporanga
4313060,RS,S,Nova Hartz,nova_hartz
2922755,BA,NE,Nova Ibiá,nova_ibia
3303500,RJ,SE,Nova Iguaçu,nova_iguacu
5214879,GO,CO,Nova Iguaçu de Goiás,nova_iguacu_de_goias
3533205,SP,SE,Nova Independência,nova_independencia
2107308,MA,NE,Nova Iorque,nova_iorque
1504976,PA,N,Nova Ipixuna,nova_ipixuna
4211454,SC,S,Nova Itaberaba,nova_itaberaba
2922805,BA,NE,Nova Itarana,nova_itarana
5106182,MT,CO,Nova Lacerda,nova_lacerda
4117057,PR,S,Nova Laranjeiras,nova_laranjeiras
3144805,MG,SE,Nova Lima,nova_lima
4117107,PR,S,Nova Londrina,nova_londrina
3533304,SP,SE,Nova Luzitânia,nova_luzitania
1100338,RO,N,Nova Mamoré,nova_mamore
5108857,MT,CO,Nova Marilândia,nova_marilandia
5108907,MT,CO,Nova Maringá,nova_maringa
3144904,MG,SE,Nova Módica,nova_modica
5108956,MT,CO,Nova Monte Verde,nova_monte_verde
5106224,MT,CO,Nova Mutum,nova_mutum
5106174,MT,CO,Nova Nazaré,nova_nazare
3533403,SP,SE,Nova Odessa,nova_odessa
4117206,PR,S,Nova Olímpia,nova_olimpia
5106232,MT,CO,Nova Olímpia,nova_olimpia
1714880,TO,N,Nova Olinda,nova_olinda
2510204,PB,NE,Nova Olinda,nova_olinda
2309201,CE,NE,Nova Olinda,nova_olinda
2107357,MA,NE,Nova Olinda do Maranhão,nova_olinda_do_maranhao
1303106,AM,N,Nova Olinda do Norte,nova_olinda_do_norte
4313086,RS,S,Nova Pádua,nova_padua
4313102,RS,S,Nova Palma,nova_palma
2510303,PB,NE,Nova Palmeira,nova_palmeira
4313201,RS,S,Nova Petrópolis,nova_petropolis
3145000,MG,SE,Nova Ponte,nova_ponte
3145059,MG,SE,Nova Porteirinha,nova_porteirinha
4313300,RS,S,Nova Prata,nova_prata
4117255,PR,S,Nova Prata do Iguaçu,nova_prata_do_iguacu
4313334,RS,S,Nova Ramada,nova_ramada
2922854,BA,NE,Nova Redenção,nova_redencao
3145109,MG,SE,Nova Resende,nova_resende
5214903,GO,CO,Nova Roma,nova_roma
4313359,RS,S,Nova Roma do Sul,nova_roma_do_sul
1715002,TO,N,Nova Rosalândia,nova_rosalandia
2309300,CE,NE,Nova Russas,nova_russas
4117214,PR,S,Nova Santa Bárbara,nova_santa_barbara
5106190,MT,CO,Nova Santa Helena,nova_santa_helena
4313375,RS,S,Nova Santa Rita,nova_santa_rita
2207959,PI,NE,Nova Santa Rita,nova_santa_rita
4117222,PR,S,Nova Santa Rosa,nova_santa_rosa
3145208,MG,SE,Nova Serrana,nova_serrana
2922904,BA,NE,Nova Soure,nova_soure
4117271,PR,S,Nova Tebas,nova_tebas
1505007,PA,N,Nova Timboteua,nova_timboteua
4211504,SC,S,Nova Trento,nova_trento
5106240,MT,CO,Nova Ubiratã,nova_ubirata
1101435,RO,N,Nova União,nova_uniao
3136603,MG,SE,Nova União,nova_uniao
3203908,ES,SE,Nova Venécia,nova_venecia
5215009,GO,CO,Nova Veneza,nova_veneza
4211603,SC,S,Nova Veneza,nova_veneza
2923001,BA,NE,Nova Viçosa,nova_vicosa
5106257,MT,CO,Nova Xavantina,nova_xavantina
3533254,SP,SE,Novais,novais
1715101,TO,N,Novo Acordo,novo_acordo
1303205,AM,N,Novo Airão,novo_airao
1715150,TO,N,Novo Alegre,novo_alegre
1303304,AM,N,Novo Aripuanã,novo_aripuana
4313490,RS,S,Novo Barreiro,novo_barreiro
5215207,GO,CO,Novo Brasil,novo_brasil
4313391,RS,S,Novo Cabrais,novo_cabrais
3145307,MG,SE,Novo Cruzeiro,novo_cruzeiro
5215231,GO,CO,Novo Gama,novo_gama
4313409,RS,S,Novo Hamburgo,novo_hamburgo
4211652,SC,S,Novo Horizonte,novo_horizonte
3533502,SP,SE,Novo Horizonte,novo_horizonte
2923035,BA,NE,Novo Horizonte,novo_horizonte
5106273,MT,CO,Novo Horizonte do Norte,novo_horizonte_do_norte
1100502,RO,N,Novo Horizonte do Oeste,novo_horizonte_do_oeste
5006259,MS,CO,Novo Horizonte do Sul,novo_horizonte_do_sul
4117297,PR,S,Novo Itacolomi,novo_itacolomi
1715259,TO,N,Novo Jardim,novo_jardim
2705606,AL,NE,Novo Lino,novo_lino
4313425,RS,S,Novo Machado,novo_machado
5106265,MT,CO,Novo Mundo,novo_mundo
2309409,CE,NE,Novo Oriente,novo_oriente
3145356,MG,SE,Novo Oriente de Minas,novo_oriente_de_minas
2206902,PI,NE,Novo Oriente do Piauí,novo_oriente_do_piaui
5215256,GO,CO,Novo Planalto,novo_planalto
1505031,PA,N,Novo Progresso,novo_progresso
1505064,PA,N,Novo Repartimento,novo_repartimento
2206951,PI,NE,Novo Santo Antônio,novo_santo_antonio
5106315,MT,CO,Novo Santo Antônio,novo_santo_antonio
5106281,MT,CO,Novo São Joaquim,novo_sao_joaquim
4313441,RS,S,Novo Tiradentes,novo_tiradentes
2923050,BA,NE,Novo Triunfo,novo_triunfo
4313466,RS,S,Novo Xingu,novo_xingu
3145372,MG,SE,Novorizonte,novorizonte
3533601,SP,SE,Nuporanga,nuporanga
1505106,PA,N,Óbidos,obidos
2309458,CE,NE,Ocara,ocara
3533700,SP,SE,Ocauçu,ocaucu
2207009,PI,NE,Oeiras,oeiras
1505205,PA,N,Oeiras do Pará,oeiras_do_para
1600501,AP,N,Oiapoque,oiapoque
3145406,MG,SE,Olaria,olaria
3533809,SP,SE,Óleo,oleo
2510402,PB,NE,Olho d'Água,olho_dagua
2107407,MA,NE,Olho d'Água das Cunhãs,olho_dagua_das_cunhas
2705705,AL,NE,Olho d'Água das Flores,olho_dagua_das_flores
2408409,RN,NE,Olho d'Água do Borges,olho_dagua_do_borges
2705804,AL,NE,Olho d'Água do Casado,olho_dagua_do_casado
2207108,PI,NE,Olho D'Água do Piauí,olho_dagua_do_piaui
2705903,AL,NE,Olho d'Água Grande,olho_dagua_grande
3145455,MG,SE,Olhos-d'Água,olhos_dagua
3533908,SP,SE,Olímpia,olimpia
3145505,MG,SE,Olímpio Noronha,olimpio_noronha
2609600,PE,NE,Olinda,olinda
2107456,MA,NE,Olinda Nova do Maranhão,olinda_nova_do_maranhao
2923100,BA,NE,Olindina,olindina
2510501,PB,NE,Olivedos,olivedos
3145604,MG,SE,Oliveira,oliveira
1715507,TO,N,Oliveira de Fátima,oliveira_de_fatima
2923209,BA,NE,Oliveira dos Brejinhos,oliveira_dos_brejinhos
3145703,MG,SE,Oliveira Fortes,oliveira_fortes
2706000,AL,NE,Olivença,olivenca
3145802,MG,SE,Onça de Pitangui,onca_de_pitangui
3534005,SP,SE,Onda Verde,onda_verde
3145851,MG,SE,Oratórios,oratorios
3534104,SP,SE,Oriente,oriente
3534203,SP,SE,Orindiúva,orindiuva
1505304,PA,N,Oriximiná,oriximina
3145877,MG,SE,Orizânia,orizania
5215306,GO,CO,Orizona,orizona
3534302,SP,SE,Orlândia,orlandia
4211702,SC,S,Orleans,orleans
2609709,PE,NE,Orobó,orobo
2609808,PE,NE,Orocó,oroco
2309508,CE,NE,Orós,oros
4117305,PR,S,Ortigueira,ortigueira
3534401,SP,SE,Osasco,osasco
3534500,SP,SE,Oscar Bressane,oscar_bressane
4313508,RS,S,Osório,osorio
3534609,SP,SE,Osvaldo Cruz,osvaldo_cruz
4211751,SC,S,Otacílio Costa,otacilio_costa
1505403,PA,N,Ourém,ourem
2923308,BA,NE,Ouriçangas,ouricangas
2609907,PE,NE,Ouricuri,ouricuri
1505437,PA,N,Ourilândia do Norte,ourilandia_do_norte
3534708,SP,SE,Ourinhos,ourinhos
4117404,PR,S,Ourizona,ourizona
4211801,SC,S,Ouro,ouro
3145901,MG,SE,Ouro Branco,ouro_branco
2408508,RN,NE,Ouro Branco,ouro_branco
2706109,AL,NE,Ouro Branco,ouro_branco
3146008,MG,SE,Ouro Fino,ouro_fino
3146107,MG,SE,Ouro Preto,ouro_preto
1100155,RO,N,Ouro Preto do Oeste,ouro_preto_do_oeste
2510600,PB,NE,Ouro Velho,ouro_velho
3534807,SP,SE,Ouro Verde,ouro_verde
4211850,SC,S,Ouro Verde,ouro_verde
5215405,GO,CO,Ouro Verde de Goiás,ouro_verde_de_goias
3146206,MG,SE,Ouro Verde de Minas,ouro_verde_de_minas
4117453,PR,S,Ouro Verde do Oeste,ouro_verde_do_oeste
3534757,SP,SE,Ouroeste,ouroeste
2923357,BA,NE,Ourolândia,ourolandia
5215504,GO,CO,Ouvidor,ouvidor
3534906,SP,SE,Pacaembu,pacaembu
1505486,PA,N,Pacajá,pacaja
2309607,CE,NE,Pacajus,pacajus
1400456,RR,N,Pacaraima,pacaraima
2309706,CE,NE,Pacatuba,pacatuba
2804904,SE,NE,Pacatuba,pacatuba
2107506,MA,NE,Paço do Lumiar,paco_do_lumiar
2309805,CE,NE,Pacoti,pacoti
2309904,CE,NE,Pacujá,pacuja
5215603,GO,CO,Padre Bernardo,padre_bernardo
3146255,MG,SE,Padre Carvalho,padre_carvalho
2207207,PI,NE,Padre Marcos,padre_marcos
3146305,MG,SE,Padre Paraíso,padre_paraiso
2207306,PI,NE,Paes Landim,paes_landim
3146552,MG,SE,Pai Pedro,pai_pedro
4211876,SC,S,Paial,paial
4117503,PR,S,Paiçandu,paicandu
4313607,RS,S,Paim Filho,paim_filho
3146404,MG,SE,Paineiras,paineiras
4211892,SC,S,Painel,painel
3146503,MG,SE,Pains,pains
3146602,MG,SE,Paiva,paiva
2207355,PI,NE,Pajeú do Piauí,pajeu_do_piaui
2706208,AL,NE,Palestina,palestina
3535002,SP,SE,Palestina,palestina
5215652,GO,CO,Palestina de Goiás,palestina_de_goias
1505494,PA,N,Palestina do Pará,palestina_do_para
2310001,CE,NE,Palhano,palhano
4211900,SC,S,Palhoça,palhoca
3146701,MG,SE,Palma,palma
4212007,SC,S,Palma Sola,palma_sola
2310100,CE,NE,Palmácia,palmacia
2610004,PE,NE,Palmares,palmares
4313656,RS,S,Palmares do Sul,palmares_do_sul
3535101,SP,SE,Palmares Paulista,palmares_paulista
4117602,PR,S,Palmas,palmas
1721000,TO,N,Palmas,palmas
2923407,BA,NE,Palmas de Monte Alto,palmas_de_monte_alto
4117701,PR,S,Palmeira,palmeira
4212056,SC,S,Palmeira,palmeira
4313706,RS,S,Palmeira das Missões,palmeira_das_missoes
2207405,PI,NE,Palmeira do Piauí,palmeira_do_piaui
3535200,SP,SE,Palmeira d'Oeste,palmeira_doeste
2706307,AL,NE,Palmeira dos Índios,palmeira_dos_indios
2207504,PI,NE,Palmeirais,palmeirais
2107605,MA,NE,Palmeirândia,palmeirandia
1715705,TO,N,Palmeirante,palmeirante
2923506,BA,NE,Palmeiras,palmeiras
5215702,GO,CO,Palmeiras de Goiás,palmeiras_de_goias
1713809,TO,N,Palmeiras do Tocantins,palmeiras_do_tocantins
2610103,PE,NE,Palmeirina,palmeirina
1715754,TO,N,Palmeirópolis,palmeiropolis
5215801,GO,CO,Palmelo,palmelo
5215900,GO,CO,Palminópolis,palminopolis
4117800,PR,S,Palmital,palmital
3535309,SP,SE,Palmital,palmital
4313805,RS,S,Palmitinho,palmitinho
4212106,SC,S,Palmitos,palmitos
3146750,MG,SE,Palmópolis,palmopolis
4117909,PR,S,Palotina,palotina
5216007,GO,CO,Panamá,panama
4313904,RS,S,Panambi,panambi
3204005,ES,SE,Pancas,pancas
2610202,PE,NE,Panelas,panelas
3535408,SP,SE,Panorama,panorama
4313953,RS,S,Pantano Grande,pantano_grande
2706406,AL,NE,Pão de Açúcar,pao_de_acucar
3146909,MG,SE,Papagaios,papagaios
4212205,SC,S,Papanduva,papanduva
2207553,PI,NE,Paquetá,paqueta
3147105,MG,SE,Pará de Minas,para_de_minas
3303609,RJ,SE,Paracambi,paracambi
3147006,MG,SE,Paracatu,paracatu
2310209,CE,NE,Paracuru,paracuru
1505502,PA,N,Paragominas,paragominas
3147204,MG,SE,Paraguaçu,paraguacu
3535507,SP,SE,Paraguaçu Paulista,paraguacu_paulista
4314001,RS,S,Paraí,parai
3303708,RJ,SE,Paraíba do Sul,paraiba_do_sul
2107704,MA,NE,Paraibano,paraibano
3535606,SP,SE,Paraibuna,paraibuna
2310258,CE,NE,Paraipaba,paraipaba
3535705,SP,SE,Paraíso,paraiso
4212239,SC,S,Paraíso,paraiso
5006275,MS,CO,Paraíso das Águas,paraiso_das_aguas
4118006,PR,S,Paraíso do Norte,paraiso_do_norte
4314027,RS,S,Paraíso do Sul,paraiso_do_sul
1716109,TO,N,Paraíso do Tocantins,paraiso_do_tocantins
3147303,MG,SE,Paraisópolis,paraisopolis
2310308,CE,NE,Parambu,parambu
2923605,BA,NE,Paramirim,paramirim
2310407,CE,NE,Paramoti,paramoti
2408607,RN,NE,Paraná,parana
1716208,TO,N,Paranã,parana
4118105,PR,S,Paranacity,paranacity
4118204,PR,S,Paranaguá,paranagua
5006309,MS,CO,Paranaíba,paranaiba
5216304,GO,CO,Paranaiguara,paranaiguara
5106299,MT,CO,Paranaíta,paranaita
3535804,SP,SE,Paranapanema,paranapanema
4118303,PR,S,Paranapoema,paranapoema
3535903,SP,SE,Paranapuã,paranapua
2610301,PE,NE,Paranatama,paranatama
5106307,MT,CO,Paranatinga,paranatinga
4118402,PR,S,Paranavaí,paranavai
5006358,MS,CO,Paranhos,paranhos
3147402,MG,SE,Paraopeba,paraopeba
3536000,SP,SE,Parapuã,parapua
2510659,PB,NE,Parari,parari
2923704,BA,NE,Paratinga,paratinga
3303807,RJ,SE,Paraty,paraty
2408706,RN,NE,Paraú,parau
1505536,PA,N,Parauapebas,parauapebas
5216403,GO,CO,Paraúna,parauna
2408805,RN,NE,Parazinho,parazinho
3536109,SP,SE,Pardinho,pardinho
4314035,RS,S,Pareci Novo,pareci_novo
1101450,RO,N,Parecis,parecis
2408904,RN,NE,Parelhas,parelhas
2706422,AL,NE,Pariconha,pariconha
1303403,AM,N,Parintins,parintins
2923803,BA,NE,Paripiranga,paripiranga
2706448,AL,NE,Paripueira,paripueira
3536208,SP,SE,Pariquera-Açu,pariquera_acu
3536257,SP,SE,Parisi,parisi
2207603,PI,NE,Parnaguá,parnagua
2207702,PI,NE,Parnaíba,parnaiba
2403251,RN,NE,Parnamirim,parnamirim
2610400,PE,NE,Parnamirim,parnamirim
2107803,MA,NE,Parnarama,parnarama
4314050,RS,S,Parobé,parobe
2409100,RN,NE,Passa e Fica,passa_e_fica
3147600,MG,SE,Passa Quatro,passa_quatro
4314068,RS,S,Passa Sete,passa_sete
3147709,MG,SE,Passa Tempo,passa_tempo
3147808,MG,SE,Passa Vinte,passa_vinte
3147501,MG,SE,Passabém,passabem
2409209,RN,NE,Passagem,passagem
2510709,PB,NE,Passagem,passagem
2107902,MA,NE,Passagem Franca,passagem_franca
2207751,PI,NE,Passagem Franca do Piauí,passagem_franca_do_piaui
2610509,PE,NE,Passira,passira
2706505,AL,NE,Passo de Camaragibe,passo_de_camaragibe
4212254,SC,S,Passo de Torres,passo_de_torres
4314076,RS,S,Passo do Sobrado,passo_do_sobrado
4314100,RS,S,Passo Fundo,passo_fundo
3147907,MG,SE,Passos,passos
4212270,SC,S,Passos Maia,passos_maia
2108009,MA,NE,Pastos Bons,pastos_bons
3147956,MG,SE,Patis,patis
4118451,PR,S,Pato Bragado,pato_bragado
4118501,PR,S,Pato Branco,pato_branco
2510808,PB,NE,Patos,patos
3148004,MG,SE,Patos de Minas,patos_de_minas
2207777,PI,NE,Patos do Piauí,patos_do_piaui
3148103,MG,SE,Patrocínio,patrocinio
3148202,MG,SE,Patrocínio do Muriaé,patrocinio_do_muriae
3536307,SP,SE,Patrocínio Paulista,patrocinio_paulista
2409308,RN,NE,Patu,patu
3303856,RJ,SE,Paty do Alferes,paty_do_alferes
2923902,BA,NE,Pau Brasil,pau_brasil
1505551,PA,N,Pau D'Arco,pau_darco
1716307,TO,N,Pau D'Arco,pau_darco
2207793,PI,NE,Pau D'Arco do Piauí,pau_darco_do_piaui
2409407,RN,NE,Pau dos Ferros,pau_dos_ferros
2610608,PE,NE,Paudalho,paudalho
1303502,AM,N,Pauini,pauini
3148301,MG,SE,Paula Cândido,paula_candido
4118600,PR,S,Paula Freitas,paula_freitas
3536406,SP,SE,Paulicéia,pauliceia
3536505,SP,SE,Paulínia,paulinia
2108058,MA,NE,Paulino Neves,paulino_neves
2510907,PB,NE,Paulista,paulista
2610707,PE,NE,Paulista,paulista
2207801,PI,NE,Paulistana,paulistana
3536570,SP,SE,Paulistânia,paulistania
3148400,MG,SE,Paulistas,paulistas
2924009,BA,NE,Paulo Afonso,paulo_afonso
4314134,RS,S,Paulo Bento,paulo_bento
3536604,SP,SE,Paulo de Faria,paulo_de_faria
4118709,PR,S,Paulo Frontin,paulo_frontin
2706604,AL,NE,Paulo Jacinto,paulo_jacinto
4212304,SC,S,Paulo Lopes,paulo_lopes
2108108,MA,NE,Paulo Ramos,paulo_ramos
3148509,MG,SE,Pavão,pavao
4314159,RS,S,Paverama,paverama
2207850,PI,NE,Pavussu,pavussu
2924058,BA,NE,Pé de Serra,pe_de_serra
4118808,PR,S,Peabiru,peabiru
3148608,MG,SE,Peçanha,pecanha
3536703,SP,SE,Pederneiras,pederneiras
2610806,PE,NE,Pedra,pedra
3148707,MG,SE,Pedra Azul,pedra_azul
3536802,SP,SE,Pedra Bela,pedra_bela
3148756,MG,SE,Pedra Bonita,pedra_bonita
2310506,CE,NE,Pedra Branca,pedra_branca
2511004,PB,NE,Pedra Branca,pedra_branca
1600154,AP,N,Pedra Branca do Amapari,pedra_branca_do_amapari
3148806,MG,SE,Pedra do Anta,pedra_do_anta
3148905,MG,SE,Pedra do Indaiá,pedra_do_indaia
3149002,MG,SE,Pedra Dourada,pedra_dourada
2409506,RN,NE,Pedra Grande,pedra_grande
2511103,PB,NE,Pedra Lavrada,pedra_lavrada
2805000,SE,NE,Pedra Mole,pedra_mole
2409605,RN,NE,Pedra Preta,pedra_preta
5106372,MT,CO,Pedra Preta,pedra_preta
3149101,MG,SE,Pedralva,pedralva
3536901,SP,SE,Pedranópolis,pedranopolis
2924108,BA,NE,Pedrão,pedrao
4314175,RS,S,Pedras Altas,pedras_altas
2511202,PB,NE,Pedras de Fogo,pedras_de_fogo
3149150,MG,SE,Pedras de Maria da Cruz,pedras_de_maria_da_cruz
4212403,SC,S,Pedras Grandes,pedras_grandes
3537008,SP,SE,Pedregulho,pedregulho
3537107,SP,SE,Pedreira,pedreira
2108207,MA,NE,Pedreiras,pedreiras
2805109,SE,NE,Pedrinhas,pedrinhas
3537156,SP,SE,Pedrinhas Paulista,pedrinhas_paulista
3149200,MG,SE,Pedrinópolis,pedrinopolis
1716505,TO,N,Pedro Afonso,pedro_afonso
2924207,BA,NE,Pedro Alexandre,pedro_alexandre
2409704,RN,NE,Pedro Avelino,pedro_avelino
3204054,ES,SE,Pedro Canário,pedro_canario
3537206,SP,SE,Pedro de Toledo,pedro_de_toledo
2108256,MA,NE,Pedro do Rosário,pedro_do_rosario
5006408,MS,CO,Pedro Gomes,pedro_gomes
2207900,PI,NE,Pedro II,pedro_ii
2207934,PI,NE,Pedro Laurentino,pedro_laurentino
3149309,MG,SE,Pedro Leopoldo,pedro_leopoldo
4314209,RS,S,Pedro Osório,pedro_osorio
2512721,PB,NE,Pedro Régis,pedro_regis
3149408,MG,SE,Pedro Teixeira,pedro_teixeira
2409803,RN,NE,Pedro Velho,pedro_velho
1716604,TO,N,Peixe,peixe
1505601,PA,N,Peixe-Boi,peixe_boi
5106422,MT,CO,Peixoto de Azevedo,peixoto_de_azevedo
4314308,RS,S,Pejuçara,pejucara
4314407,RS,S,Pelotas,pelotas
2310605,CE,NE,Penaforte,penaforte
2108306,MA,NE,Penalva,penalva
3537305,SP,SE,Penápolis,penapolis
2409902,RN,NE,Pendências,pendencias
2706703,AL,NE,Penedo,penedo
4212502,SC,S,Penha,penha
2310704,CE,NE,Pentecoste,pentecoste
3149507,MG,SE,Pequeri,pequeri
3149606,MG,SE,Pequi,pequi
1716653,TO,N,Pequizeiro,pequizeiro
3149705,MG,SE,Perdigão,perdigao
3149804,MG,SE,Perdizes,perdizes
3149903,MG,SE,Perdões,perdoes
3537404,SP,SE,Pereira Barreto,pereira_barreto
3537503,SP,SE,Pereiras,pereiras
2310803,CE,NE,Pereiro,pereiro
2108405,MA,NE,Peri Mirim,peri_mirim
3149952,MG,SE,Periquito,periquito
4212601,SC,S,Peritiba,peritiba
2108454,MA,NE,Peritoró,peritoro
4118857,PR,S,Perobal,perobal
4118907,PR,S,Pérola,perola
4119004,PR,S,Pérola d'Oeste,perola_doeste
5216452,GO,CO,Perolândia,perolandia
3537602,SP,SE,Peruíbe,peruibe
3150000,MG,SE,Pescador,pescador
4212650,SC,S,Pescaria Brava,pescaria_brava
2610905,PE,NE,Pesqueira,pesqueira
2611002,PE,NE,Petrolândia,petrolandia
4212700,SC,S,Petrolândia,petrolandia
2611101,PE,NE,Petrolina,petrolina
5216809,GO,CO,Petrolina de Goiás,petrolina_de_goias
3303906,RJ,SE,Petrópolis,petropolis
2706802,AL,NE,Piaçabuçu,piacabucu
3537701,SP,SE,Piacatu,piacatu
2511301,PB,NE,Piancó,pianco
2924306,BA,NE,Piatã,piata
3150109,MG,SE,Piau,piau
4314423,RS,S,Picada Café,picada_cafe
1505635,PA,N,Piçarra,picarra
2208007,PI,NE,Picos,picos
2511400,PB,NE,Picuí,picui
3537800,SP,SE,Piedade,piedade
3150158,MG,SE,Piedade de Caratinga,piedade_de_caratinga
3150208,MG,SE,Piedade de Ponte Nova,piedade_de_ponte_nova
3150307,MG,SE,Piedade do Rio Grande,piedade_do_rio_grande
3150406,MG,SE,Piedade dos Gerais,piedade_dos_gerais
4119103,PR,S,Piên,pien
2924405,BA,NE,Pilão Arcado,pilao_arcado
2706901,AL,NE,Pilar,pilar
2511509,PB,NE,Pilar,pilar
5216908,GO,CO,Pilar de Goiás,pilar_de_goias
3537909,SP,SE,Pilar do Sul,pilar_do_sul
2511608,PB,NE,Pilões,piloes
2410009,RN,NE,Pilões,piloes
2511707,PB,NE,Pilõezinhos,piloezinhos
3150505,MG,SE,Pimenta,pimenta
1100189,RO,N,Pimenta Bueno,pimenta_bueno
2208106,PI,NE,Pimenteiras,pimenteiras
1101468,RO,N,Pimenteiras do Oeste,pimenteiras_do_oeste
2924504,BA,NE,Pindaí,pindai
3538006,SP,SE,Pindamonhangaba,pindamonhangaba
2108504,MA,NE,Pindaré-Mirim,pindare_mirim
2707008,AL,NE,Pindoba,pindoba
2924603,BA,NE,Pindobaçu,pindobacu
3538105,SP,SE,Pindorama,pindorama
1717008,TO,N,Pindorama do Tocantins,pindorama_do_tocantins
2310852,CE,NE,Pindoretama,pindoretama
3150539,MG,SE,Pingo-d'Água,pingo_dagua
4119152,PR,S,Pinhais,pinhais
4314456,RS,S,Pinhal,pinhal
4314464,RS,S,Pinhal da Serra,pinhal_da_serra
4119251,PR,S,Pinhal de São Bento,pinhal_de_sao_bento
4314472,RS,S,Pinhal Grande,pinhal_grande
4119202,PR,S,Pinhalão,pinhalao
4212908,SC,S,Pinhalzinho,pinhalzinho
3538204,SP,SE,Pinhalzinho,pinhalzinho
4119301,PR,S,Pinhão,pinhao
2805208,SE,NE,Pinhão,pinhao
3303955,RJ,SE,Pinheiral,pinheiral
4314498,RS,S,Pinheirinho do Vale,pinheirinho_do_vale
2108603,MA,NE,Pinheiro,pinheiro
4314506,RS,S,Pinheiro Machado,pinheiro_machado
4213005,SC,S,Pinheiro Preto,pinheiro_preto
3204104,ES,SE,Pinheiros,pinheiros
2924652,BA,NE,Pintadas,pintadas
4314548,RS,S,Pinto Bandeira,pinto_bandeira
3150570,MG,SE,Pintópolis,pintopolis
2208205,PI,NE,Pio IX,pio_ix
2108702,MA,NE,Pio XII,pio_xii
3538303,SP,SE,Piquerobi,piquerobi
2310902,CE,NE,Piquet Carneiro,piquet_carneiro
3538501,SP,SE,Piquete,piquete
3538600,SP,SE,Piracaia,piracaia
5217104,GO,CO,Piracanjuba,piracanjuba
3150604,MG,SE,Piracema,piracema
3538709,SP,SE,Piracicaba,piracicaba
2208304,PI,NE,Piracuruca,piracuruca
3304003,RJ,SE,Piraí,pirai
2924678,BA,NE,Piraí do Norte,pirai_do_norte
4119400,PR,S,Piraí do Sul,pirai_do_sul
3538808,SP,SE,Piraju,piraju
3150703,MG,SE,Pirajuba,pirajuba
3538907,SP,SE,Pirajuí,pirajui
2805307,SE,NE,Pirambu,pirambu
3150802,MG,SE,Piranga,piranga
3539004,SP,SE,Pirangi,pirangi
3150901,MG,SE,Piranguçu,pirangucu
3151008,MG,SE,Piranguinho,piranguinho
5217203,GO,CO,Piranhas,piranhas
2707107,AL,NE,Piranhas,piranhas
2108801,MA,NE,Pirapemas,pirapemas
3151107,MG,SE,Pirapetinga,pirapetinga
4314555,RS,S,Pirapó,pirapo
3151206,MG,SE,Pirapora,pirapora
3539103,SP,SE,Pirapora do Bom Jesus,pirapora_do_bom_jesus
3539202,SP,SE,Pirapozinho,pirapozinho
4119509,PR,S,Piraquara,piraquara
1717206,TO,N,Piraquê,piraque
3539301,SP,SE,Pirassununga,pirassununga
4314605,RS,S,Piratini,piratini
3539400,SP,SE,Piratininga,piratininga
4213104,SC,S,Piratuba,piratuba
3151305,MG,SE,Piraúba,pirauba
5217302,GO,CO,Pirenópolis,pirenopolis
5217401,GO,CO,Pires do Rio,pires_do_rio
2310951,CE,NE,Pires Ferreira,pires_ferreira
2924702,BA,NE,Piripá,piripa
2208403,PI,NE,Piripiri,piripiri
2924801,BA,NE,Piritiba,piritiba
2511806,PB,NE,Pirpirituba,pirpirituba
4119608,PR,S,Pitanga,pitanga
4119657,PR,S,Pitangueiras,pitangueiras
3539509,SP,SE,Pitangueiras,pitangueiras
3151404,MG,SE,Pitangui,pitangui
2511905,PB,NE,Pitimbu,pitimbu
1717503,TO,N,Pium,pium
3204203,ES,SE,Piúma,piuma
3151503,MG,SE,Piumhi,piumhi
1505650,PA,N,Placas,placas
1200385,AC,N,Plácido de Castro,placido_de_castro
5217609,GO,CO,Planaltina,planaltina
4119707,PR,S,Planaltina do Paraná,planaltina_do_parana
2924900,BA,NE,Planaltino,planaltino
2925006,BA,NE,Planalto,planalto
4119806,PR,S,Planalto,planalto
3539608,SP,SE,Planalto,planalto
4314704,RS,S,Planalto,planalto
4213153,SC,S,Planalto Alegre,planalto_alegre
5106455,MT,CO,Planalto da Serra,planalto_da_serra
3151602,MG,SE,Planura,planura
3539707,SP,SE,Platina,platina
3539806,SP,SE,Poá,poa
2611200,PE,NE,Poção,pocao
2108900,MA,NE,Poção de Pedras,pocao_de_pedras
2512002,PB,NE,Pocinhos,pocinhos
2410108,RN,NE,Poço Branco,poco_branco
2512036,PB,NE,Poço Dantas,poco_dantas
4314753,RS,S,Poço das Antas,poco_das_antas
2707206,AL,NE,Poço das Trincheiras,poco_das_trincheiras
2512077,PB,NE,Poço de José de Moura,poco_de_jose_de_moura
3151701,MG,SE,Poço Fundo,poco_fundo
2805406,SE,NE,Poço Redondo,poco_redondo
2805505,SE,NE,Poço Verde,poco_verde
2925105,BA,NE,Poções,pocoes
5106505,MT,CO,Poconé,pocone
3151800,MG,SE,Poços de Caldas,pocos_de_caldas
3151909,MG,SE,Pocrane,pocrane
2925204,BA,NE,Pojuca,pojuca
3539905,SP,SE,Poloni,poloni
2512101,PB,NE,Pombal,pombal
2611309,PE,NE,Pombos,pombos
4213203,SC,S,Pomerode,pomerode
3540002,SP,SE,Pompéia,pompeia
3152006,MG,SE,Pompéu,pompeu
3540101,SP,SE,Pongaí,pongai
1505700,PA,N,Ponta de Pedras,ponta_de_pedras
4119905,PR,S,Ponta Grossa,ponta_grossa
5006606,MS,CO,Ponta Porã,ponta_pora
3540200,SP,SE,Pontal,pontal
5106653,MT,CO,Pontal do Araguaia,pontal_do_araguaia
4119954,PR,S,Pontal do Paraná,pontal_do_parana
5217708,GO,CO,Pontalina,pontalina
3540259,SP,SE,Pontalinda,pontalinda
4314779,RS,S,Pontão,pontao
4213302,SC,S,Ponte Alta,ponte_alta
1717800,TO,N,Ponte Alta do Bom Jesus,ponte_alta_do_bom_jesus
4213351,SC,S,Ponte Alta do Norte,ponte_alta_do_norte
1717909,TO,N,Ponte Alta do Tocantins,ponte_alta_do_tocantins
5106703,MT,CO,Ponte Branca,ponte_branca
3152105,MG,SE,Ponte Nova,ponte_nova
4314787,RS,S,Ponte Preta,ponte_preta
4213401,SC,S,Ponte Serrada,ponte_serrada
5106752,MT,CO,Pontes e Lacerda,pontes_e_lacerda
3540309,SP,SE,Pontes Gestal,pontes_gestal
3204252,ES,SE,Ponto Belo,ponto_belo
3152131,MG,SE,Ponto Chique,ponto_chique
3152170,MG,SE,Ponto dos Volantes,ponto_dos_volantes
2925253,BA,NE,Ponto Novo,ponto_novo
3540408,SP,SE,Populina,populina
2311009,CE,NE,Poranga,poranga
3540507,SP,SE,Porangaba,porangaba
5218003,GO,CO,Porangatu,porangatu
3304102,RJ,SE,Porciúncula,porciuncula
4120002,PR,S,Porecatu,porecatu
2410207,RN,NE,Portalegre,portalegre
4314803,RS,S,Portão,portao
5218052,GO,CO,Porteirão,porteirao
2311108,CE,NE,Porteiras,porteiras
3152204,MG,SE,Porteirinha,porteirinha
1505809,PA,N,Portel,portel
5218102,GO,CO,Portelândia,portelandia
2208502,PI,NE,Porto,porto
1200807,AC,N,Porto Acre,porto_acre
4314902,RS,S,Porto Alegre,porto_alegre
5106778,MT,CO,Porto Alegre do Norte,porto_alegre_do_norte
2208551,PI,NE,Porto Alegre do Piauí,porto_alegre_do_piaui
1718006,TO,N,Porto Alegre do Tocantins,porto_alegre_do_tocantins
4120101,PR,S,Porto Amazonas,porto_amazonas
4120150,PR,S,Porto Barreiro,porto_barreiro
4213500,SC,S,Porto Belo,porto_belo
2707305,AL,NE,Porto Calvo,porto_calvo
2805604,SE,NE,Porto da Folha,porto_da_folha
1505908,PA,N,Porto de Moz,porto_de_moz
2707404,AL,NE,Porto de Pedras,porto_de_pedras
2410256,RN,NE,Porto do Mangue,porto_do_mangue
5106802,MT,CO,Porto dos Gaúchos,porto_dos_gauchos
5106828,MT,CO,Porto Esperidião,porto_esperidiao
5106851,MT,CO,Porto Estrela,porto_estrela
3540606,SP,SE,Porto Feliz,porto_feliz
3540705,SP,SE,Porto Ferreira,porto_ferreira
3152303,MG,SE,Porto Firme,porto_firme
2109007,MA,NE,Porto Franco,porto_franco
1600535,AP,N,Porto Grande,porto_grande
4315008,RS,S,Porto Lucena,porto_lucena
4315057,RS,S,Porto Mauá,porto_maua
5006903,MS,CO,Porto Murtinho,porto_murtinho
1718204,TO,N,Porto Nacional,porto_nacional
3304110,RJ,SE,Porto Real,porto_real
2707503,AL,NE,Porto Real do Colégio,porto_real_do_colegio
4120200,PR,S,Porto Rico,porto_rico
2109056,MA,NE,Porto Rico do Maranhão,porto_rico_do_maranhao
2925303,BA,NE,Porto Seguro,porto_seguro
4213609,SC,S,Porto União,porto_uniao
1100205,RO,N,Porto Velho,porto_velho
4315073,RS,S,Porto Vera Cruz,porto_vera_cruz
4120309,PR,S,Porto Vitória,porto_vitoria
1200393,AC,N,Porto Walter,porto_walter
4315107,RS,S,Porto Xavier,porto_xavier
5218300,GO,CO,Posse,posse
3152402,MG,SE,Poté,pote
2311207,CE,NE,Potengi,potengi
3540754,SP,SE,Potim,potim
2925402,BA,NE,Potiraguá,potiragua
3540804,SP,SE,Potirendaba,potirendaba
2311231,CE,NE,Potiretama,potiretama
3152501,MG,SE,Pouso Alegre,pouso_alegre
3152600,MG,SE,Pouso Alto,pouso_alto
4315131,RS,S,Pouso Novo,pouso_novo
4213708,SC,S,Pouso Redondo,pouso_redondo
5107008,MT,CO,Poxoréu,poxoreu
3540853,SP,SE,Pracinha,pracinha
1600550,AP,N,Pracuúba,pracuuba
2925501,BA,NE,Prado,prado
4120333,PR,S,Prado Ferreira,prado_ferreira
3540903,SP,SE,Pradópolis,pradopolis
3152709,MG,SE,Prados,prados
3541000,SP,SE,Praia Grande,praia_grande
4213807,SC,S,Praia Grande,praia_grande
1718303,TO,N,Praia Norte,praia_norte
1506005,PA,N,Prainha,prainha
4120358,PR,S,Pranchita,pranchita
3152808,MG,SE,Prata,prata
2512200,PB,NE,Prata,prata
2208601,PI,NE,Prata do Piauí,prata_do_piaui
3541059,SP,SE,Pratânia,pratania
3152907,MG,SE,Pratápolis,pratapolis
3153004,MG,SE,Pratinha,pratinha
3541109,SP,SE,Presidente Alves,presidente_alves
3541208,SP,SE,Presidente Bernardes,presidente_bernardes
3153103,MG,SE,Presidente Bernardes,presidente_bernardes
4213906,SC,S,Presidente Castello Branco,presidente_castello_branco
4120408,PR,S,Presidente Castelo Branco,presidente_castelo_branco
2109106,MA,NE,Presidente Dutra,presidente_dutra
2925600,BA,NE,Presidente Dutra,presidente_dutra
3541307,SP,SE,Presidente Epitácio,presidente_epitacio
1303536,AM,N,Presidente Figueiredo,presidente_figueiredo
4214003,SC,S,Presidente Getúlio,presidente_getulio
2925709,BA,NE,Presidente Jânio Quadros,presidente_janio_quadros
2109205,MA,NE,Presidente Juscelino,presidente_juscelino
3153202,MG,SE,Presidente Juscelino,presidente_juscelino
3204302,ES,SE,Presidente Kennedy,presidente_kennedy
1718402,TO,N,Presidente Kennedy,presidente_kennedy
3153301,MG,SE,Presidente Kubitschek,presidente_kubitschek
4315149,RS,S,Presidente Lucena,presidente_lucena
2109239,MA,NE,Presidente Médici,presidente_medici
1100254,RO,N,Presidente Médici,presidente_medici
4214102,SC,S,Presidente Nereu,presidente_nereu
3153400,MG,SE,Presidente Olegário,presidente_olegario
3541406,SP,SE,Presidente Prudente,presidente_prudente
2109270,MA,NE,Presidente Sarney,presidente_sarney
2925758,BA,NE,Presidente Tancredo Neves,presidente_tancredo_neves
2109304,MA,NE,Presidente Vargas,presidente_vargas
3541505,SP,SE,Presidente Venceslau,presidente_venceslau
1506104,PA,N,Primavera,primavera
2611408,PE,NE,Primavera,primavera
1101476,RO,N,Primavera de Rondônia,primavera_de_rondonia
5107040,MT,CO,Primavera do Leste,primavera_do_leste
2109403,MA,NE,Primeira Cruz,primeira_cruz
4120507,PR,S,Primeiro de Maio,primeiro_de_maio
4214151,SC,S,Princesa,princesa
2512309,PB,NE,Princesa Isabel,princesa_isabel
5218391,GO,CO,Professor Jamil,professor_jamil
4315156,RS,S,Progresso,progresso
3541604,SP,SE,Promissão,promissao
2805703,SE,NE,Propriá,propria
4315172,RS,S,Protásio Alves,protasio_alves
3153608,MG,SE,Prudente de Morais,prudente_de_morais
4120606,PR,S,Prudentópolis,prudentopolis
1718451,TO,N,Pugmil,pugmil
2410405,RN,NE,Pureza,pureza
4315206,RS,S,Putinga,putinga
2512408,PB,NE,Puxinanã,puxinana
3541653,SP,SE,Quadra,quadra
4315305,RS,S,Quaraí,quarai
3153707,MG,SE,Quartel Geral,quartel_geral
4120655,PR,S,Quarto Centenário,quarto_centenario
3541703,SP,SE,Quatá,quata
4120705,PR,S,Quatiguá,quatigua
1506112,PA,N,Quatipuru,quatipuru
3304128,RJ,SE,Quatis,quatis
4120804,PR,S,Quatro Barras,quatro_barras
4315313,RS,S,Quatro Irmãos,quatro_irmaos
4120853,PR,S,Quatro Pontes,quatro_pontes
2707602,AL,NE,Quebrangulo,quebrangulo
4120903,PR,S,Quedas do Iguaçu,quedas_do_iguacu
2208650,PI,NE,Queimada Nova,queimada_nova
2512507,PB,NE,Queimadas,queimadas
2925808,BA,NE,Queimadas,queimadas
3304144,RJ,SE,Queimados,queimados
3541802,SP,SE,Queiroz,queiroz
3541901,SP,SE,Queluz,queluz
3153806,MG,SE,Queluzito,queluzito
5107065,MT,CO,Querência,querencia
4121000,PR,S,Querência do Norte,querencia_do_norte
4315321,RS,S,Quevedos,quevedos
2925907,BA,NE,Quijingue,quijingue
4214201,SC,S,Quilombo,quilombo
4121109,PR,S,Quinta do Sol,quinta_do_sol
3542008,SP,SE,Quintana,quintana
4315354,RS,S,Quinze de Novembro,quinze_de_novembro
2611507,PE,NE,Quipapá,quipapa
5218508,GO,CO,Quirinópolis,quirinopolis
3304151,RJ,SE,Quissamã,quissama
4121208,PR,S,Quitandinha,quitandinha
2311264,CE,NE,Quiterianópolis,quiterianopolis
2512606,PB,NE,Quixaba,quixaba
2611533,PE,NE,Quixaba,quixaba
2925931,BA,NE,Quixabeira,quixabeira
2311306,CE,NE,Quixadá,quixada
2311355,CE,NE,Quixelô,quixelo
2311405,CE,NE,Quixeramobim,quixeramobim
2311504,CE,NE,Quixeré,quixere
2410504,RN,NE,Rafael Fernandes,rafael_fernandes
2410603,RN,NE,Rafael Godeiro,rafael_godeiro
2925956,BA,NE,Rafael Jambeiro,rafael_jambeiro
3542107,SP,SE,Rafard,rafard
4121257,PR,S,Ramilândia,ramilandia
3542206,SP,SE,Rancharia,rancharia
4121307,PR,S,Rancho Alegre,rancho_alegre
4121356,PR,S,Rancho Alegre D'Oeste,rancho_alegre_doeste
4214300,SC,S,Rancho Queimado,rancho_queimado
2109452,MA,NE,Raposa,raposa
3153905,MG,SE,Raposos,raposos
3154002,MG,SE,Raul Soares,raul_soares
4121406,PR,S,Realeza,realeza
4121505,PR,S,Rebouças,reboucas
2611606,PE,NE,Recife,recife
3154101,MG,SE,Recreio,recreio
1718501,TO,N,Recursolândia,recursolandia
1506138,PA,N,Redenção,redencao
2311603,CE,NE,Redenção,redencao
3542305,SP,SE,Redenção da Serra,redencao_da_serra
2208700,PI,NE,Redenção do Gurguéia,redencao_do_gurgueia
4315404,RS,S,Redentora,redentora
3154150,MG,SE,Reduto,reduto
2208809,PI,NE,Regeneração,regeneracao
3542404,SP,SE,Regente Feijó,regente_feijo
3542503,SP,SE,Reginópolis,reginopolis
3542602,SP,SE,Registro,registro
4315453,RS,S,Relvado,relvado
2926004,BA,NE,Remanso,remanso
2512705,PB,NE,Remígio,remigio
4121604,PR,S,Renascença,renascenca
2311702,CE,NE,Reriutaba,reriutaba
3304201,RJ,SE,Resende,resende
3154200,MG,SE,Resende Costa,resende_costa
4121703,PR,S,Reserva,reserva
5107156,MT,CO,Reserva do Cabaçal,reserva_do_cabacal
4121752,PR,S,Reserva do Iguaçu,reserva_do_iguacu
3154309,MG,SE,Resplendor,resplendor
3154408,MG,SE,Ressaquinha,ressaquinha
3542701,SP,SE,Restinga,restinga
4315503,RS,S,Restinga Sêca,restinga_seca
2926103,BA,NE,Retirolândia,retirolandia
2512747,PB,NE,Riachão,riachao
2109502,MA,NE,Riachão,riachao
2926202,BA,NE,Riachão das Neves,riachao_das_neves
2512754,PB,NE,Riachão do Bacamarte,riachao_do_bacamarte
2805802,SE,NE,Riachão do Dantas,riachao_do_dantas
2926301,BA,NE,Riachão do Jacuípe,riachao_do_jacuipe
2512762,PB,NE,Riachão do Poço,riachao_do_poco
1718550,TO,N,Riachinho,riachinho
3154457,MG,SE,Riachinho,riachinho
2410702,RN,NE,Riacho da Cruz,riacho_da_cruz
2611705,PE,NE,Riacho das Almas,riacho_das_almas
2926400,BA,NE,Riacho de Santana,riacho_de_santana
2410801,RN,NE,Riacho de Santana,riacho_de_santana
2512788,PB,NE,Riacho de Santo Antônio,riacho_de_santo_antonio
2512804,PB,NE,Riacho dos Cavalos,riacho_dos_cavalos
3154507,MG,SE,Riacho dos Machados,riacho_dos_machados
2208858,PI,NE,Riacho Frio,riacho_frio
2410900,RN,NE,Riachuelo,riachuelo
2805901,SE,NE,Riachuelo,riachuelo
5218607,GO,CO,Rialma,rialma
5218706,GO,CO,Rianápolis,rianapolis
2109551,MA,NE,Ribamar Fiquene,ribamar_fiquene
5007109,MS,CO,Ribas do Rio Pardo,ribas_do_rio_pardo
3542800,SP,SE,Ribeira,ribeira
2926509,BA,NE,Ribeira do Amparo,ribeira_do_amparo
2208874,PI,NE,Ribeira do Piauí,ribeira_do_piaui
2926608,BA,NE,Ribeira do Pombal,ribeira_do_pombal
2611804,PE,NE,Ribeirão,ribeirao
3542909,SP,SE,Ribeirão Bonito,ribeirao_bonito
3543006,SP,SE,Ribeirão Branco,ribeirao_branco
5107180,MT,CO,Ribeirão Cascalheira,ribeirao_cascalheira
4121802,PR,S,Ribeirão Claro,ribeirao_claro
3543105,SP,SE,Ribeirão Corrente,ribeirao_corrente
3154606,MG,SE,Ribeirão das Neves,ribeirao_das_neves
2926657,BA,NE,Ribeirão do Largo,ribeirao_do_largo
4121901,PR,S,Ribeirão do Pinhal,ribeirao_do_pinhal
3543204,SP,SE,Ribeirão do Sul,ribeirao_do_sul
3543238,SP,SE,Ribeirão dos Índios,ribeirao_dos_indios
3543253,SP,SE,Ribeirão Grande,ribeirao_grande
3543303,SP,SE,Ribeirão Pires,ribeirao_pires
3543402,SP,SE,Ribeirão Preto,ribeirao_preto
3154705,MG,SE,Ribeirão Vermelho,ribeirao_vermelho
5107198,MT,CO,Ribeirãozinho,ribeiraozinho
2208908,PI,NE,Ribeiro Gonçalves,ribeiro_goncalves
2806008,SE,NE,Ribeirópolis,ribeiropolis
3543600,SP,SE,Rifaina,rifaina
3543709,SP,SE,Rincão,rincao
3543808,SP,SE,Rinópolis,rinopolis
3154804,MG,SE,Rio Acima,rio_acima
4122008,PR,S,Rio Azul,rio_azul
3204351,ES,SE,Rio Bananal,rio_bananal
4122107,PR,S,Rio Bom,rio_bom
3304300,RJ,SE,Rio Bonito,rio_bonito
4122156,PR,S,Rio Bonito do Iguaçu,rio_bonito_do_iguacu
5107206,MT,CO,Rio Branco,rio_branco
1200401,AC,N,Rio Branco,rio_branco
4122172,PR,S,Rio Branco do Ivaí,rio_branco_do_ivai
4122206,PR,S,Rio Branco do Sul,rio_branco_do_sul
5007208,MS,CO,Rio Brilhante,rio_brilhante
3154903,MG,SE,Rio Casca,rio_casca
3304409,RJ,SE,Rio Claro,rio_claro
3543907,SP,SE,Rio Claro,rio_claro
1100262,RO,N,Rio Crespo,rio_crespo
1718659,TO,N,Rio da Conceição,rio_da_conceicao
4214409,SC,S,Rio das Antas,rio_das_antas
3304508,RJ,SE,Rio das Flores,rio_das_flores
3304524,RJ,SE,Rio das Ostras,rio_das_ostras
3544004,SP,SE,Rio das Pedras,rio_das_pedras
2926707,BA,NE,Rio de Contas,rio_de_contas
3304557,RJ,SE,Rio de Janeiro,rio_de_janeiro
2926806,BA,NE,Rio do Antônio,rio_do_antonio
4214508,SC,S,Rio do Campo,rio_do_campo
2408953,RN,NE,Rio do Fogo,rio_do_fogo
4214607,SC,S,Rio do Oeste,rio_do_oeste
2926905,BA,NE,Rio do Pires,rio_do_pires
3155108,MG,SE,Rio do Prado,rio_do_prado
4214805,SC,S,Rio do Sul,rio_do_sul
3155009,MG,SE,Rio Doce,rio_doce
1718709,TO,N,Rio dos Bois,rio_dos_bois
4214706,SC,S,Rio dos Cedros,rio_dos_cedros
4315552,RS,S,Rio dos Índios,rio_dos_indios
3155207,MG,SE,Rio Espera,rio_espera
2611903,PE,NE,Rio Formoso,rio_formoso
4214904,SC,S,Rio Fortuna,rio_fortuna
4315602,RS,S,Rio Grande,rio_grande
3544103,SP,SE,Rio Grande da Serra,rio_grande_da_serra
2209005,PI,NE,Rio Grande do Piauí,rio_grande_do_piaui
2707701,AL,NE,Rio Largo,rio_largo
3155306,MG,SE,Rio Manso,rio_manso
1506161,PA,N,Rio Maria,rio_maria
4215000,SC,S,Rio Negrinho,rio_negrinho
5007307,MS,CO,Rio Negro,rio_negro
4122305,PR,S,Rio Negro,rio_negro
3155405,MG,SE,Rio Novo,rio_novo
3204401,ES,SE,Rio Novo do Sul,rio_novo_do_sul
3155504,MG,SE,Rio Paranaíba,rio_paranaiba
4315701,RS,S,Rio Pardo,rio_pardo
3155603,MG,SE,Rio Pardo de Minas,rio_pardo_de_minas
3155702,MG,SE,Rio Piracicaba,rio_piracicaba
3155801,MG,SE,Rio Pomba,rio_pomba
3155900,MG,SE,Rio Preto,rio_preto
1303569,AM,N,Rio Preto da Eva,rio_preto_da_eva
5218789,GO,CO,Rio Quente,rio_quente
2927002,BA,NE,Rio Real,rio_real
4215059,SC,S,Rio Rufino,rio_rufino
1718758,TO,N,Rio Sono,rio_sono
2512903,PB,NE,Rio Tinto,rio_tinto
5218805,GO,CO,Rio Verde,rio_verde
5007406,MS,CO,Rio Verde de Mato Grosso,rio_verde_de_mato_grosso
3156007,MG,SE,Rio Vermelho,rio_vermelho
3544202,SP,SE,Riolândia,riolandia
4315750,RS,S,Riozinho,riozinho
4215075,SC,S,Riqueza,riqueza
3156106,MG,SE,Ritápolis,ritapolis
3543501,SP,SE,Riversul,riversul
4315800,RS,S,Roca Sales,roca_sales
5007505,MS,CO,Rochedo,rochedo
3156205,MG,SE,Rochedo de Minas,rochedo_de_minas
4215109,SC,S,Rodeio,rodeio
4315909,RS,S,Rodeio Bonito,rodeio_bonito
3156304,MG,SE,Rodeiro,rodeiro
2927101,BA,NE,Rodelas,rodelas
2411007,RN,NE,Rodolfo Fernandes,rodolfo_fernandes
1200427,AC,N,Rodrigues Alves,rodrigues_alves
4315958,RS,S,Rolador,rolador
4122404,PR,S,Rolândia,rolandia
4316006,RS,S,Rolante,rolante
1100288,RO,N,Rolim de Moura,rolim_de_moura
3156403,MG,SE,Romaria,romaria
4215208,SC,S,Romelândia,romelandia
4122503,PR,S,Roncador,roncador
4316105,RS,S,Ronda Alta,ronda_alta
4316204,RS,S,Rondinha,rondinha
5107578,MT,CO,Rondolândia,rondolandia
4122602,PR,S,Rondon,rondon
1506187,PA,N,Rondon do Pará,rondon_do_para
5107602,MT,CO,Rondonópolis,rondonopolis
4316303,RS,S,Roque Gonzales,roque_gonzales
1400472,RR,N,Rorainópolis,rorainopolis
3544251,SP,SE,Rosana,rosana
2109601,MA,NE,Rosário,rosario
3156452,MG,SE,Rosário da Limeira,rosario_da_limeira
2806107,SE,NE,Rosário do Catete,rosario_do_catete
4122651,PR,S,Rosário do Ivaí,rosario_do_ivai
4316402,RS,S,Rosário do Sul,rosario_do_sul
5107701,MT,CO,Rosário Oeste,rosario_oeste
3544301,SP,SE,Roseira,roseira
2707800,AL,NE,Roteiro,roteiro
3156502,MG,SE,Rubelita,rubelita
3544400,SP,SE,Rubiácea,rubiacea
5218904,GO,CO,Rubiataba,rubiataba
3156601,MG,SE,Rubim,rubim
3544509,SP,SE,Rubinéia,rubineia
1506195,PA,N,Rurópolis,ruropolis
2311801,CE,NE,Russas,russas
2411106,RN,NE,Ruy Barbosa,ruy_barbosa
2927200,BA,NE,Ruy Barbosa,ruy_barbosa
3156700,MG,SE,Sabará,sabara
4122701,PR,S,Sabáudia,sabaudia
3544608,SP,SE,Sabino,sabino
3156809,MG,SE,Sabinópolis,sabinopolis
2311900,CE,NE,Saboeiro,saboeiro
3156908,MG,SE,Sacramento,sacramento
4316428,RS,S,Sagrada Família,sagrada_familia
3544707,SP,SE,Sagres,sagres
2612000,PE,NE,Sairé,saire
4316436,RS,S,Saldanha Marinho,saldanha_marinho
3544806,SP,SE,Sales,sales
3544905,SP,SE,Sales Oliveira,sales_oliveira
3545001,SP,SE,Salesópolis,salesopolis
4215307,SC,S,Salete,salete
2612109,PE,NE,Salgadinho,salgadinho
2513000,PB,NE,Salgadinho,salgadinho
2806206,SE,NE,Salgado,salgado
2513109,PB,NE,Salgado de São Félix,salgado_de_sao_felix
4122800,PR,S,Salgado Filho,salgado_filho
2612208,PE,NE,Salgueiro,salgueiro
3157005,MG,SE,Salinas,salinas
2927309,BA,NE,Salinas da Margarida,salinas_da_margarida
1506203,PA,N,Salinópolis,salinopolis
2311959,CE,NE,Salitre,salitre
3545100,SP,SE,Salmourão,salmourao
2612307,PE,NE,Saloá,saloa
3545159,SP,SE,Saltinho,saltinho
4215356,SC,S,Saltinho,saltinho
3545209,SP,SE,Salto,salto
3157104,MG,SE,Salto da Divisa,salto_da_divisa
3545308,SP,SE,Salto de Pirapora,salto_de_pirapora
5107750,MT,CO,Salto do Céu,salto_do_ceu
4122909,PR,S,Salto do Itararé,salto_do_itarare
4316451,RS,S,Salto do Jacuí,salto_do_jacui
4123006,PR,S,Salto do Lontra,salto_do_lontra
3545407,SP,SE,Salto Grande,salto_grande
4215406,SC,S,Salto Veloso,salto_veloso
2927408,BA,NE,Salvador,salvador
4316477,RS,S,Salvador das Missões,salvador_das_missoes
4316501,RS,S,Salvador do Sul,salvador_do_sul
1506302,PA,N,Salvaterra,salvaterra
2109700,MA,NE,Sambaíba,sambaiba
1718808,TO,N,Sampaio,sampaio
4316600,RS,S,Sananduva,sananduva
5219001,GO,CO,Sanclerlândia,sanclerlandia
1718840,TO,N,Sandolândia,sandolandia
3545506,SP,SE,Sandovalina,sandovalina
4215455,SC,S,Sangão,sangao
2612406,PE,NE,Sanharó,sanharo
3545605,SP,SE,Santa Adélia,santa_adelia
3545704,SP,SE,Santa Albertina,santa_albertina
4123105,PR,S,Santa Amélia,santa_amelia
3157203,MG,SE,Santa Bárbara,santa_barbara
2927507,BA,NE,Santa Bárbara,santa_barbara
5219100,GO,CO,Santa Bárbara de Goiás,santa_barbara_de_goias
3157252,MG,SE,Santa Bárbara do Leste,santa_barbara_do_leste
3157278,MG,SE,Santa Bárbara do Monte Verde,santa_barbara_do_monte_verde
1506351,PA,N,Santa Bárbara do Pará,santa_barbara_do_para
4316709,RS,S,Santa Bárbara do Sul,santa_barbara_do_sul
3157302,MG,SE,Santa Bárbara do Tugúrio,santa_barbara_do_tugurio
3545803,SP,SE,Santa Bárbara d'Oeste,santa_barbara_doeste
3546009,SP,SE,Santa Branca,santa_branca
2927606,BA,NE,Santa Brígida,santa_brigida
5107248,MT,CO,Santa Carmem,santa_carmem
4215505,SC,S,Santa Cecília,santa_cecilia
2513158,PB,NE,Santa Cecília,santa_cecilia
4123204,PR,S,Santa Cecília do Pavão,santa_cecilia_do_pavao
4316733,RS,S,Santa Cecília do Sul,santa_cecilia_do_sul
4316758,RS,S,Santa Clara do Sul,santa_clara_do_sul
3546108,SP,SE,Santa Clara d'Oeste,santa_clara_doeste
2513208,PB,NE,Santa Cruz,santa_cruz
2411205,RN,NE,Santa Cruz,santa_cruz
2612455,PE,NE,Santa Cruz,santa_cruz
2927705,BA,NE,Santa Cruz Cabrália,santa_cruz_cabralia
2612471,PE,NE,Santa Cruz da Baixa Verde,santa_cruz_da_baixa_verde
3546207,SP,SE,Santa Cruz da Conceição,santa_cruz_da_conceicao
3546256,SP,SE,Santa Cruz da Esperança,santa_cruz_da_esperanca
2927804,BA,NE,Santa Cruz da Vitória,santa_cruz_da_vitoria
3546306,SP,SE,Santa Cruz das Palmeiras,santa_cruz_das_palmeiras
5219209,GO,CO,Santa Cruz de Goiás,santa_cruz_de_goias
3157336,MG,SE,Santa Cruz de Minas,santa_cruz_de_minas
4123303,PR,S,Santa Cruz de Monte Castelo,santa_cruz_de_monte_castelo
3157377,MG,SE,Santa Cruz de Salinas,santa_cruz_de_salinas
1506401,PA,N,Santa Cruz do Arari,santa_cruz_do_arari
2612505,PE,NE,Santa Cruz do Capibaribe,santa_cruz_do_capibaribe
3157401,MG,SE,Santa Cruz do Escalvado,santa_cruz_do_escalvado
2209104,PI,NE,Santa Cruz do Piauí,santa_cruz_do_piaui
3546405,SP,SE,Santa Cruz do Rio Pardo,santa_cruz_do_rio_pardo
4316808,RS,S,Santa Cruz do Sul,santa_cruz_do_sul
5107743,MT,CO,Santa Cruz do Xingu,santa_cruz_do_xingu
2209153,PI,NE,Santa Cruz dos Milagres,santa_cruz_dos_milagres
3157500,MG,SE,Santa Efigênia de Minas,santa_efigenia_de_minas
3546504,SP,SE,Santa Ernestina,santa_ernestina
4123402,PR,S,Santa Fé,santa_fe
5219258,GO,CO,Santa Fé de Goiás,santa_fe_de_goias
3157609,MG,SE,Santa Fé de Minas,santa_fe_de_minas
1718865,TO,N,Santa Fé do Araguaia,santa_fe_do_araguaia
3546603,SP,SE,Santa Fé do Sul,santa_fe_do_sul
2209203,PI,NE,Santa Filomena,santa_filomena
2612554,PE,NE,Santa Filomena,santa_filomena
2109759,MA,NE,Santa Filomena do Maranhão,santa_filomena_do_maranhao
3546702,SP,SE,Santa Gertrudes,santa_gertrudes
4123501,PR,S,Santa Helena,santa_helena
4215554,SC,S,Santa Helena,santa_helena
2109809,MA,NE,Santa Helena,santa_helena
2513307,PB,NE,Santa Helena,santa_helena
5219308,GO,CO,Santa Helena de Goiás,santa_helena_de_goias
3157658,MG,SE,Santa Helena de Minas,santa_helena_de_minas
4123600,PR,S,Santa Inês,santa_ines
2513356,PB,NE,Santa Inês,santa_ines
2109908,MA,NE,Santa Inês,santa_ines
2927903,BA,NE,Santa Inês,santa_ines
3546801,SP,SE,Santa Isabel,santa_isabel
5219357,GO,CO,Santa Isabel,santa_isabel
4123709,PR,S,Santa Isabel do Ivaí,santa_isabel_do_ivai
1303601,AM,N,Santa Isabel do Rio Negro,santa_isabel_do_rio_negro
4123808,PR,S,Santa Izabel do Oeste,santa_izabel_do_oeste
1506500,PA,N,Santa Izabel do Pará,santa_izabel_do_para
3157708,MG,SE,Santa Juliana,santa_juliana
3204500,ES,SE,Santa Leopoldina,santa_leopoldina
4123824,PR,S,Santa Lúcia,santa_lucia
3546900,SP,SE,Santa Lúcia,santa_lucia
2209302,PI,NE,Santa Luz,santa_luz
2513406,PB,NE,Santa Luzia,santa_luzia
2110005,MA,NE,Santa Luzia,santa_luzia
2928059,BA,NE,Santa Luzia,santa_luzia
3157807,MG,SE,Santa Luzia,santa_luzia
2806305,SE,NE,Santa Luzia do Itanhy,santa_luzia_do_itanhy
2707909,AL,NE,Santa Luzia do Norte,santa_luzia_do_norte
1506559,PA,N,Santa Luzia do Pará,santa_luzia_do_para
2110039,MA,NE,Santa Luzia do Paruá,santa_luzia_do_parua
1100296,RO,N,Santa Luzia D'Oeste,santa_luzia_doeste
3157906,MG,SE,Santa Margarida,santa_margarida
4316972,RS,S,Santa Margarida do Sul,santa_margarida_do_sul
4316907,RS,S,Santa Maria,santa_maria
2409332,RN,NE,Santa Maria,santa_maria
2612604,PE,NE,Santa Maria da Boa Vista,santa_maria_da_boa_vista
3547007,SP,SE,Santa Maria da Serra,santa_maria_da_serra
2928109,BA,NE,Santa Maria da Vitória,santa_maria_da_vitoria
1506583,PA,N,Santa Maria das Barreiras,santa_maria_das_barreiras
3158003,MG,SE,Santa Maria de Itabira,santa_maria_de_itabira
3204559,ES,SE,Santa Maria de Jetibá,santa_maria_de_jetiba
2612703,PE,NE,Santa Maria do Cambucá,santa_maria_do_cambuca
4316956,RS,S,Santa Maria do Herval,santa_maria_do_herval
4123857,PR,S,Santa Maria do Oeste,santa_maria_do_oeste
1506609,PA,N,Santa Maria do Pará,santa_maria_do_para
3158102,MG,SE,Santa Maria do Salto,santa_maria_do_salto
3158201,MG,SE,Santa Maria do Suaçuí,santa_maria_do_suacui
1718881,TO,N,Santa Maria do Tocantins,santa_maria_do_tocantins
3304607,RJ,SE,Santa Maria Madalena,santa_maria_madalena
4123907,PR,S,Santa Mariana,santa_mariana
3547106,SP,SE,Santa Mercedes,santa_mercedes
4123956,PR,S,Santa Mônica,santa_monica
2312205,CE,NE,Santa Quitéria,santa_quiteria
2110104,MA,NE,Santa Quitéria do Maranhão,santa_quiteria_do_maranhao
2110203,MA,NE,Santa Rita,santa_rita
2513703,PB,NE,Santa Rita,santa_rita
3159209,MG,SE,Santa Rita de Caldas,santa_rita_de_caldas
2928406,BA,NE,Santa Rita de Cássia,santa_rita_de_cassia
3159407,MG,SE,Santa Rita de Ibitipoca,santa_rita_de_ibitipoca
3159308,MG,SE,Santa Rita de Jacutinga,santa_rita_de_jacutinga
3159357,MG,SE,Santa Rita de Minas,santa_rita_de_minas
5219407,GO,CO,Santa Rita do Araguaia,santa_rita_do_araguaia
3159506,MG,SE,Santa Rita do Itueto,santa_rita_do_itueto
5219456,GO,CO,Santa Rita do Novo Destino,santa_rita_do_novo_destino
5007554,MS,CO,Santa Rita do Pardo,santa_rita_do_pardo
3547502,SP,SE,Santa Rita do Passa Quatro,santa_rita_do_passa_quatro
3159605,MG,SE,Santa Rita do Sapucaí,santa_rita_do_sapucai
1718899,TO,N,Santa Rita do Tocantins,santa_rita_do_tocantins
5107768,MT,CO,Santa Rita do Trivelato,santa_rita_do_trivelato
3547403,SP,SE,Santa Rita d'Oeste,santa_rita_doeste
4317202,RS,S,Santa Rosa,santa_rosa
3159704,MG,SE,Santa Rosa da Serra,santa_rosa_da_serra
5219506,GO,CO,Santa Rosa de Goiás,santa_rosa_de_goias
4215604,SC,S,Santa Rosa de Lima,santa_rosa_de_lima
2806503,SE,NE,Santa Rosa de Lima,santa_rosa_de_lima
3547601,SP,SE,Santa Rosa de Viterbo,santa_rosa_de_viterbo
2209377,PI,NE,Santa Rosa do Piauí,santa_rosa_do_piaui
1200435,AC,N,Santa Rosa do Purus,santa_rosa_do_purus
4215653,SC,S,Santa Rosa do Sul,santa_rosa_do_sul
1718907,TO,N,Santa Rosa do Tocantins,santa_rosa_do_tocantins
3547650,SP,SE,Santa Salete,santa_salete
3204609,ES,SE,Santa Teresa,santa_teresa
2513802,PB,NE,Santa Teresinha,santa_teresinha
4317251,RS,S,Santa Tereza,santa_tereza
5219605,GO,CO,Santa Tereza de Goiás,santa_tereza_de_goias
4124020,PR,S,Santa Tereza do Oeste,santa_tereza_do_oeste
1719004,TO,N,Santa Tereza do Tocantins,santa_tereza_do_tocantins
2612802,PE,NE,Santa Terezinha,santa_terezinha
4215679,SC,S,Santa Terezinha,santa_terezinha
5107776,MT,CO,Santa Terezinha,santa_terezinha
2928505,BA,NE,Santa Terezinha,santa_terezinha
5219704,GO,CO,Santa Terezinha de Goiás,santa_terezinha_de_goias
4124053,PR,S,Santa Terezinha de Itaipu,santa_terezinha_de_itaipu
4215687,SC,S,Santa Terezinha do Progresso,santa_terezinha_do_progresso
1720002,TO,N,Santa Terezinha do Tocantins,santa_terezinha_do_tocantins
3159803,MG,SE,Santa Vitória,santa_vitoria
4317301,RS,S,Santa Vitória do Palmar,santa_vitoria_do_palmar
2928000,BA,NE,Santaluz,santaluz
2928208,BA,NE,Santana,santana
1600600,AP,N,Santana,santana
4317004,RS,S,Santana da Boa Vista,santana_da_boa_vista
3547205,SP,SE,Santana da Ponte Pensa,santana_da_ponte_pensa
3158300,MG,SE,Santana da Vargem,santana_da_vargem
3158409,MG,SE,Santana de Cataguases,santana_de_cataguases
2513505,PB,NE,Santana de Mangueira,santana_de_mangueira
3547304,SP,SE,Santana de Parnaíba,santana_de_parnaiba
3158508,MG,SE,Santana de Pirapama,santana_de_pirapama
2312007,CE,NE,Santana do Acaraú,santana_do_acarau
1506708,PA,N,Santana do Araguaia,santana_do_araguaia
2312106,CE,NE,Santana do Cariri,santana_do_cariri
3158607,MG,SE,Santana do Deserto,santana_do_deserto
3158706,MG,SE,Santana do Garambéu,santana_do_garambeu
2708006,AL,NE,Santana do Ipanema,santana_do_ipanema
4124004,PR,S,Santana do Itararé,santana_do_itarare
3158805,MG,SE,Santana do Jacaré,santana_do_jacare
4317103,RS,S,Sant'Ana do Livramento,santana_do_livramento
3158904,MG,SE,Santana do Manhuaçu,santana_do_manhuacu
2110237,MA,NE,Santana do Maranhão,santana_do_maranhao
2411403,RN,NE,Santana do Matos,santana_do_matos
2708105,AL,NE,Santana do Mundaú,santana_do_mundau
3158953,MG,SE,Santana do Paraíso,santana_do_paraiso
2209351,PI,NE,Santana do Piauí,santana_do_piaui
3159001,MG,SE,Santana do Riacho,santana_do_riacho
2806404,SE,NE,Santana do São Francisco,santana_do_sao_francisco
2411429,RN,NE,Santana do Seridó,santana_do_serido
2513604,PB,NE,Santana dos Garrotes,santana_dos_garrotes
3159100,MG,SE,Santana dos Montes,santana_dos_montes
2928307,BA,NE,Santanópolis,santanopolis
1506807,PA,N,Santarém,santarem
1506906,PA,N,Santarém Novo,santarem_novo
4317400,RS,S,Santiago,santiago
4215695,SC,S,Santiago do Sul,santiago_do_sul
5107263,MT,CO,Santo Afonso,santo_afonso
2928604,BA,NE,Santo Amaro,santo_amaro
4215703,SC,S,Santo Amaro da Imperatriz,santo_amaro_da_imperatriz
2806602,SE,NE,Santo Amaro das Brotas,santo_amaro_das_brotas
2110278,MA,NE,Santo Amaro do Maranhão,santo_amaro_do_maranhao
3547700,SP,SE,Santo Anastácio,santo_anastacio
3547809,SP,SE,Santo André,santo_andre
2513851,PB,NE,Santo André,santo_andre
4317509,RS,S,Santo Ângelo,santo_angelo
2411502,RN,NE,Santo Antônio,santo_antonio
3547908,SP,SE,Santo Antônio da Alegria,santo_antonio_da_alegria
5219712,GO,CO,Santo Antônio da Barra,santo_antonio_da_barra
4317608,RS,S,Santo Antônio da Patrulha,santo_antonio_da_patrulha
4124103,PR,S,Santo Antônio da Platina,santo_antonio_da_platina
4317707,RS,S,Santo Antônio das Missões,santo_antonio_das_missoes
5219738,GO,CO,Santo Antônio de Goiás,santo_antonio_de_goias
2928703,BA,NE,Santo Antônio de Jesus,santo_antonio_de_jesus
5107800,MT,CO,Santo Antônio de Leverger,santo_antonio_de_leverger
2209401,PI,NE,Santo Antônio de Lisboa,santo_antonio_de_lisboa
3304706,RJ,SE,Santo Antônio de Pádua,santo_antonio_de_padua
3548005,SP,SE,Santo Antônio de Posse,santo_antonio_de_posse
3159902,MG,SE,Santo Antônio do Amparo,santo_antonio_do_amparo
3548054,SP,SE,Santo Antônio do Aracanguá,santo_antonio_do_aracangua
3160009,MG,SE,Santo Antônio do Aventureiro,santo_antonio_do_aventureiro
4124202,PR,S,Santo Antônio do Caiuá,santo_antonio_do_caiua
5219753,GO,CO,Santo Antônio do Descoberto,santo_antonio_do_descoberto
3160108,MG,SE,Santo Antônio do Grama,santo_antonio_do_grama
1303700,AM,N,Santo Antônio do Içá,santo_antonio_do_ica
3160207,MG,SE,Santo Antônio do Itambé,santo_antonio_do_itambe
3160306,MG,SE,Santo Antônio do Jacinto,santo_antonio_do_jacinto
3548104,SP,SE,Santo Antônio do Jardim,santo_antonio_do_jardim
5107792,MT,CO,Santo Antônio do Leste,santo_antonio_do_leste
3160405,MG,SE,Santo Antônio do Monte,santo_antonio_do_monte
4317558,RS,S,Santo Antônio do Palma,santo_antonio_do_palma
4124301,PR,S,Santo Antônio do Paraíso,santo_antonio_do_paraiso
3548203,SP,SE,Santo Antônio do Pinhal,santo_antonio_do_pinhal
4317756,RS,S,Santo Antônio do Planalto,santo_antonio_do_planalto
3160454,MG,SE,Santo Antônio do Retiro,santo_antonio_do_retiro
3160504,MG,SE,Santo Antônio do Rio Abaixo,santo_antonio_do_rio_abaixo
4124400,PR,S,Santo Antônio do Sudoeste,santo_antonio_do_sudoeste
1507003,PA,N,Santo Antônio do Tauá,santo_antonio_do_taua
2110302,MA,NE,Santo Antônio dos Lopes,santo_antonio_dos_lopes
2209450,PI,NE,Santo Antônio dos Milagres,santo_antonio_dos_milagres
4317806,RS,S,Santo Augusto,santo_augusto
4317905,RS,S,Santo Cristo,santo_cristo
2928802,BA,NE,Santo Estêvão,santo_estevao
3548302,SP,SE,Santo Expedito,santo_expedito
4317954,RS,S,Santo Expedito do Sul,santo_expedito_do_sul
3160603,MG,SE,Santo Hipólito,santo_hipolito
4124509,PR,S,Santo Inácio,santo_inacio
2209500,PI,NE,Santo Inácio do Piauí,santo_inacio_do_piaui
3548401,SP,SE,Santópolis do Aguapeí,santopolis_do_aguapei
3548500,SP,SE,Santos,santos
3160702,MG,SE,Santos Dumont,santos_dumont
2312304,CE,NE,São Benedito,sao_benedito
2110401,MA,NE,São Benedito do Rio Preto,sao_benedito_do_rio_preto
2612901,PE,NE,São Benedito do Sul,sao_benedito_do_sul
2513927,PB,NE,São Bentinho,sao_bentinho
2513901,PB,NE,São Bento,sao_bento
2110500,MA,NE,São Bento,sao_bento
3160801,MG,SE,São Bento Abade,sao_bento_abade
2411601,RN,NE,São Bento do Norte,sao_bento_do_norte
3548609,SP,SE,São Bento do Sapucaí,sao_bento_do_sapucai
4215802,SC,S,São Bento do Sul,sao_bento_do_sul
1720101,TO,N,São Bento do Tocantins,sao_bento_do_tocantins
2411700,RN,NE,São Bento do Trairí,sao_bento_do_trairi
2613008,PE,NE,São Bento do Una,sao_bento_do_una
4215752,SC,S,São Bernardino,sao_bernardino
2110609,MA,NE,São Bernardo,sao_bernardo
3548708,SP,SE,São Bernardo do Campo,sao_bernardo_do_campo
4215901,SC,S,São Bonifácio,sao_bonifacio
4318002,RS,S,São Borja,sao_borja
2708204,AL,NE,São Brás,sao_bras
3160900,MG,SE,São Brás do Suaçuí,sao_bras_do_suacui
2209559,PI,NE,São Braz do Piauí,sao_braz_do_piaui
1507102,PA,N,São Caetano de Odivelas,sao_caetano_de_odivelas
3548807,SP,SE,São Caetano do Sul,sao_caetano_do_sul
2613107,PE,NE,São Caitano,sao_caitano
3548906,SP,SE,São Carlos,sao_carlos
4216008,SC,S,São Carlos,sao_carlos
4124608,PR,S,São Carlos do Ivaí,sao_carlos_do_ivai
2806701,SE,NE,São Cristóvão,sao_cristovao
4216057,SC,S,São Cristóvão do Sul,sao_cristovao_do_sul
2928901,BA,NE,São Desidério,sao_desiderio
2928950,BA,NE,São Domingos,sao_domingos
4216107,SC,S,São Domingos,sao_domingos
5219803,GO,CO,São Domingos,sao_domingos
2806800,SE,NE,São Domingos,sao_domingos
2513968,PB,NE,São Domingos,sao_domingos
3160959,MG,SE,São Domingos das Dores,sao_domingos_das_dores
1507151,PA,N,São Domingos do Araguaia,sao_domingos_do_araguaia
2110658,MA,NE,São Domingos do Azeitão,sao_domingos_do_azeitao
1507201,PA,N,São Domingos do Capim,sao_domingos_do_capim
2513943,PB,NE,São Domingos do Cariri,sao_domingos_do_cariri
2110708,MA,NE,São Domingos do Maranhão,sao_domingos_do_maranhao
3204658,ES,SE,São Domingos do Norte,sao_domingos_do_norte
3161007,MG,SE,São Domingos do Prata,sao_domingos_do_prata
4318051,RS,S,São Domingos do Sul,sao_domingos_do_sul
2929107,BA,NE,São Felipe,sao_felipe
1101484,RO,N,São Felipe D'Oeste,sao_felipe_doeste
2929008,BA,NE,São Félix,sao_felix
2110807,MA,NE,São Félix de Balsas,sao_felix_de_balsas
3161056,MG,SE,São Félix de Minas,sao_felix_de_minas
5107859,MT,CO,São Félix do Araguaia,sao_felix_do_araguaia
2929057,BA,NE,São Félix do Coribe,sao_felix_do_coribe
2209609,PI,NE,São Félix do Piauí,sao_felix_do_piaui
1720150,TO,N,São Félix do Tocantins,sao_felix_do_tocantins
1507300,PA,N,São Félix do Xingu,sao_felix_do_xingu
2411809,RN,NE,São Fernando,sao_fernando
3304805,RJ,SE,São Fidélis,sao_fidelis
3549003,SP,SE,São Francisco,sao_francisco
3161106,MG,SE,São Francisco,sao_francisco
2806909,SE,NE,São Francisco,sao_francisco
2513984,PB,NE,São Francisco,sao_francisco
4318101,RS,S,São Francisco de Assis,sao_francisco_de_assis
2209658,PI,NE,São Francisco de Assis do Piauí,sao_francisco_de_assis_do_piaui
5219902,GO,CO,São Francisco de Goiás,sao_francisco_de_goias
3304755,RJ,SE,São Francisco de Itabapoana,sao_francisco_de_itabapoana
3161205,MG,SE,São Francisco de Paula,sao_francisco_de_paula
4318200,RS,S,São Francisco de Paula,sao_francisco_de_paula
3161304,MG,SE,São Francisco de Sales,sao_francisco_de_sales
2110856,MA,NE,São Francisco do Brejão,sao_francisco_do_brejao
2929206,BA,NE,São Francisco do Conde,sao_francisco_do_conde
3161403,MG,SE,São Francisco do Glória,sao_francisco_do_gloria
1101492,RO,N,São Francisco do Guaporé,sao_francisco_do_guapore
2110906,MA,NE,São Francisco do Maranhão,sao_francisco_do_maranhao
2411908,RN,NE,São Francisco do Oeste,sao_francisco_do_oeste
1507409,PA,N,São Francisco do Pará,sao_francisco_do_para
2209708,PI,NE,São Francisco do Piauí,sao_francisco_do_piaui
4216206,SC,S,São Francisco do Sul,sao_francisco_do_sul
4318309,RS,S,São Gabriel,sao_gabriel
2929255,BA,NE,São Gabriel,sao_gabriel
1303809,AM,N,São Gabriel da Cachoeira,sao_gabriel_da_cachoeira
3204708,ES,SE,São Gabriel da Palha,sao_gabriel_da_palha
5007695,MS,CO,São Gabriel do Oeste,sao_gabriel_do_oeste
3161502,MG,SE,São Geraldo,sao_geraldo
3161601,MG,SE,São Geraldo da Piedade,sao_geraldo_da_piedade
1507458,PA,N,São Geraldo do Araguaia,sao_geraldo_do_araguaia
3161650,MG,SE,São Geraldo do Baixio,sao_geraldo_do_baixio
3304904,RJ,SE,São Gonçalo,sao_goncalo
3161700,MG,SE,São Gonçalo do Abaeté,sao_goncalo_do_abaete
2312403,CE,NE,São Gonçalo do Amarante,sao_goncalo_do_amarante
2412005,RN,NE,São Gonçalo do Amarante,sao_goncalo_do_amarante
2209757,PI,NE,São Gonçalo do Gurguéia,sao_goncalo_do_gurgueia
3161809,MG,SE,São Gonçalo do Pará,sao_goncalo_do_para
2209807,PI,NE,São Gonçalo do Piauí,sao_goncalo_do_piaui
3161908,MG,SE,São Gonçalo do Rio Abaixo,sao_goncalo_do_rio_abaixo
3125507,MG,SE,São Gonçalo do Rio Preto,sao_goncalo_do_rio_preto
3162005,MG,SE,São Gonçalo do Sapucaí,sao_goncalo_do_sapucai
2929305,BA,NE,São Gonçalo dos Campos,sao_goncalo_dos_campos
3162104,MG,SE,São Gotardo,sao_gotardo
4318408,RS,S,São Jerônimo,sao_jeronimo
4124707,PR,S,São Jerônimo da Serra,sao_jeronimo_da_serra
4124806,PR,S,São João,sao_joao
2613206,PE,NE,São João,sao_joao
2111003,MA,NE,São João Batista,sao_joao_batista
4216305,SC,S,São João Batista,sao_joao_batista
3162203,MG,SE,São João Batista do Glória,sao_joao_batista_do_gloria
1400506,RR,N,São João da Baliza,sao_joao_da_baliza
3305000,RJ,SE,São João da Barra,sao_joao_da_barra
3549102,SP,SE,São João da Boa Vista,sao_joao_da_boa_vista
2209856,PI,NE,São João da Canabrava,sao_joao_da_canabrava
2209872,PI,NE,São João da Fronteira,sao_joao_da_fronteira
3162252,MG,SE,São João da Lagoa,sao_joao_da_lagoa
3162302,MG,SE,São João da Mata,sao_joao_da_mata
5220058,GO,CO,São João da Paraúna,sao_joao_da_parauna
1507466,PA,N,São João da Ponta,sao_joao_da_ponta
3162401,MG,SE,São João da Ponte,sao_joao_da_ponte
2209906,PI,NE,São João da Serra,sao_joao_da_serra
4318424,RS,S,São João da Urtiga,sao_joao_da_urtiga
2209955,PI,NE,São João da Varjota,sao_joao_da_varjota
5220009,GO,CO,São João d'Aliança,sao_joao_dalianca
3549201,SP,SE,São João das Duas Pontes,sao_joao_das_duas_pontes
3162450,MG,SE,São João das Missões,sao_joao_das_missoes
3549250,SP,SE,São João de Iracema,sao_joao_de_iracema
3305109,RJ,SE,São João de Meriti,sao_joao_de_meriti
1507474,PA,N,São João de Pirabas,sao_joao_de_pirabas
3162500,MG,SE,São João del Rei,sao_joao_del_rei
1507508,PA,N,São João do Araguaia,sao_joao_do_araguaia
2209971,PI,NE,São João do Arraial,sao_joao_do_arraial
4124905,PR,S,São João do Caiuá,sao_joao_do_caiua
2514008,PB,NE,São João do Cariri,sao_joao_do_cariri
2111029,MA,NE,São João do Carú,sao_joao_do_caru
4216354,SC,S,São João do Itaperiú,sao_joao_do_itaperiu
4125001,PR,S,São João do Ivaí,sao_joao_do_ivai
2312502,CE,NE,São João do Jaguaribe,sao_joao_do_jaguaribe
3162559,MG,SE,São João do Manhuaçu,sao_joao_do_manhuacu
3162575,MG,SE,São João do Manteninha,sao_joao_do_manteninha
4216255,SC,S,São João do Oeste,sao_joao_do_oeste
3162609,MG,SE,São João do Oriente,sao_joao_do_oriente
3162658,MG,SE,São João do Pacuí,sao_joao_do_pacui
3162708,MG,SE,São João do Paraíso,sao_joao_do_paraiso
2111052,MA,NE,São João do Paraíso,sao_joao_do_paraiso
3549300,SP,SE,São João do Pau d'Alho,sao_joao_do_pau_dalho
2210003,PI,NE,São João do Piauí,sao_joao_do_piaui
4318432,RS,S,São João do Polêsine,sao_joao_do_polesine
2500700,PB,NE,São João do Rio do Peixe,sao_joao_do_rio_do_peixe
2412104,RN,NE,São João do Sabugi,sao_joao_do_sabugi
2111078,MA,NE,São João do Soter,sao_joao_do_soter
4216404,SC,S,São João do Sul,sao_joao_do_sul
2514107,PB,NE,São João do Tigre,sao_joao_do_tigre
4125100,PR,S,São João do Triunfo,sao_joao_do_triunfo
2111102,MA,NE,São João dos Patos,sao_joao_dos_patos
3162807,MG,SE,São João Evangelista,sao_joao_evangelista
3162906,MG,SE,São João Nepomuceno,sao_joao_nepomuceno
4216503,SC,S,São Joaquim,sao_joaquim
3549409,SP,SE,São Joaquim da Barra,sao_joaquim_da_barra
3162922,MG,SE,São Joaquim de Bicas,sao_joaquim_de_bicas
2613305,PE,NE,São Joaquim do Monte,sao_joaquim_do_monte
4318440,RS,S,São Jorge,sao_jorge
4125308,PR,S,São Jorge do Ivaí,sao_jorge_do_ivai
4125357,PR,S,São Jorge do Patrocínio,sao_jorge_do_patrocinio
4125209,PR,S,São Jorge d'Oeste,sao_jorge_doeste
4216602,SC,S,São José,sao_jose
3162948,MG,SE,São José da Barra,sao_jose_da_barra
3549508,SP,SE,São José da Bela Vista,sao_jose_da_bela_vista
4125407,PR,S,São José da Boa Vista,sao_jose_da_boa_vista
2613404,PE,NE,São José da Coroa Grande,sao_jose_da_coroa_grande
2514206,PB,NE,São José da Lagoa Tapada,sao_jose_da_lagoa_tapada
2708303,AL,NE,São José da Laje,sao_jose_da_laje
3162955,MG,SE,São José da Lapa,sao_jose_da_lapa
3163003,MG,SE,São José da Safira,sao_jose_da_safira
2708402,AL,NE,São José da Tapera,sao_jose_da_tapera
3163102,MG,SE,São José da Varginha,sao_jose_da_varginha
2929354,BA,NE,São José da Vitória,sao_jose_da_vitoria
4318457,RS,S,São José das Missões,sao_jose_das_missoes
4125456,PR,S,São José das Palmeiras,sao_jose_das_palmeiras
2514305,PB,NE,São José de Caiana,sao_jose_de_caiana
2514404,PB,NE,São José de Espinharas,sao_jose_de_espinharas
2412203,RN,NE,São José de Mipibu,sao_jose_de_mipibu
2514503,PB,NE,São José de Piranhas,sao_jose_de_piranhas
2514552,PB,NE,São José de Princesa,sao_jose_de_princesa
2111201,MA,NE,São José de Ribamar,sao_jose_de_ribamar
3305133,RJ,SE,São José de Ubá,sao_jose_de_uba
3163201,MG,SE,São José do Alegre,sao_jose_do_alegre
3549607,SP,SE,São José do Barreiro,sao_jose_do_barreiro
2613503,PE,NE,São José do Belmonte,sao_jose_do_belmonte
2514602,PB,NE,São José do Bonfim,sao_jose_do_bonfim
2514651,PB,NE,São José do Brejo do Cruz,sao_jose_do_brejo_do_cruz
3204807,ES,SE,São José do Calçado,sao_jose_do_calcado
2412302,RN,NE,São José do Campestre,sao_jose_do_campestre
4216701,SC,S,São José do Cedro,sao_jose_do_cedro
4216800,SC,S,São José do Cerrito,sao_jose_do_cerrito
3163300,MG,SE,São José do Divino,sao_jose_do_divino
2210052,PI,NE,São José do Divino,sao_jose_do_divino
2613602,PE,NE,São José do Egito,sao_jose_do_egito
3163409,MG,SE,São José do Goiabal,sao_jose_do_goiabal
4318465,RS,S,São José do Herval,sao_jose_do_herval
4318481,RS,S,São José do Hortêncio,sao_jose_do_hortencio
4318499,RS,S,São José do Inhacorá,sao_jose_do_inhacora
2929370,BA,NE,São José do Jacuípe,sao_jose_do_jacuipe
3163508,MG,SE,São José do Jacuri,sao_jose_do_jacuri
3163607,MG,SE,São José do Mantimento,sao_jose_do_mantimento
4318507,RS,S,São José do Norte,sao_jose_do_norte
4318606,RS,S,São José do Ouro,sao_jose_do_ouro
2210102,PI,NE,São José do Peixe,sao_jose_do_peixe
2210201,PI,NE,São José do Piauí,sao_jose_do_piaui
5107297,MT,CO,São José do Povo,sao_jose_do_povo
5107305,MT,CO,São José do Rio Claro,sao_jose_do_rio_claro
3549706,SP,SE,São José do Rio Pardo,sao_jose_do_rio_pardo
3549805,SP,SE,São José do Rio Preto,sao_jose_do_rio_preto
2514701,PB,NE,São José do Sabugi,sao_jose_do_sabugi
2412401,RN,NE,São José do Seridó,sao_jose_do_serido
4318614,RS,S,São José do Sul,sao_jose_do_sul
3305158,RJ,SE,São José do Vale do Rio Preto,sao_jose_do_vale_do_rio_preto
5107354,MT,CO,São José do Xingu,sao_jose_do_xingu
4318622,RS,S,São José dos Ausentes,sao_jose_dos_ausentes
2111250,MA,NE,São José dos Basílios,sao_jose_dos_basilios
3549904,SP,SE,São José dos Campos,sao_jose_dos_campos
2514800,PB,NE,São José dos Cordeiros,sao_jose_dos_cordeiros
4125506,PR,S,São José dos Pinhais,sao_jose_dos_pinhais
5107107,MT,CO,São José dos Quatro Marcos,sao_jose_dos_quatro_marcos
2514453,PB,NE,São José dos Ramos,sao_jose_dos_ramos
2210300,PI,NE,São Julião,sao_juliao
4318705,RS,S,São Leopoldo,sao_leopoldo
3163706,MG,SE,São Lourenço,sao_lourenco
2613701,PE,NE,São Lourenço da Mata,sao_lourenco_da_mata
3549953,SP,SE,São Lourenço da Serra,sao_lourenco_da_serra
4216909,SC,S,São Lourenço do Oeste,sao_lourenco_do_oeste
2210359,PI,NE,São Lourenço do Piauí,sao_lourenco_do_piaui
4318804,RS,S,São Lourenço do Sul,sao_lourenco_do_sul
4217006,SC,S,São Ludgero,sao_ludgero
2111300,MA,NE,São Luís,sao_luis
5220108,GO,CO,São Luís de Montes Belos,sao_luis_de_montes_belos
2312601,CE,NE,São Luís do Curu,sao_luis_do_curu
2210375,PI,NE,São Luis do Piauí,sao_luis_do_piaui
2708501,AL,NE,São Luís do Quitunde,sao_luis_do_quitunde
2111409,MA,NE,São Luís Gonzaga do Maranhão,sao_luis_gonzaga_do_maranhao
1400605,RR,N,São Luiz do Anauá,sao_luiz_do_anaua
5220157,GO,CO,São Luiz do Norte,sao_luiz_do_norte
3550001,SP,SE,São Luiz do Paraitinga,sao_luiz_do_paraitinga
4318903,RS,S,São Luiz Gonzaga,sao_luiz_gonzaga
2514909,PB,NE,São Mamede,sao_mamede
4125555,PR,S,São Manoel do Paraná,sao_manoel_do_parana
3550100,SP,SE,São Manuel,sao_manuel
4319000,RS,S,São Marcos,sao_marcos
4319109,RS,S,São Martinho,sao_martinho
4217105,SC,S,São Martinho,sao_martinho
4319125,RS,S,São Martinho da Serra,sao_martinho_da_serra
3204906,ES,SE,São Mateus,sao_mateus
2111508,MA,NE,São Mateus do Maranhão,sao_mateus_do_maranhao
4125605,PR,S,São Mateus do Sul,sao_mateus_do_sul
2412500,RN,NE,São Miguel,sao_miguel
3550209,SP,SE,São Miguel Arcanjo,sao_miguel_arcanjo
2210383,PI,NE,São Miguel da Baixa Grande,sao_miguel_da_baixa_grande
4217154,SC,S,São Miguel da Boa Vista,sao_miguel_da_boa_vista
2929404,BA,NE,São Miguel das Matas,sao_miguel_das_matas
4319158,RS,S,São Miguel das Missões,sao_miguel_das_missoes
2515005,PB,NE,São Miguel de Taipu,sao_miguel_de_taipu
2807006,SE,NE,São Miguel do Aleixo,sao_miguel_do_aleixo
3163805,MG,SE,São Miguel do Anta,sao_miguel_do_anta
5220207,GO,CO,São Miguel do Araguaia,sao_miguel_do_araguaia
2210391,PI,NE,São Miguel do Fidalgo,sao_miguel_do_fidalgo
2412559,RN,NE,São Miguel do Gostoso,sao_miguel_do_gostoso
1507607,PA,N,São Miguel do Guamá,sao_miguel_do_guama
1100320,RO,N,São Miguel do Guaporé,sao_miguel_do_guapore
4125704,PR,S,São Miguel do Iguaçu,sao_miguel_do_iguacu
4217204,SC,S,São Miguel do Oeste,sao_miguel_do_oeste
5220264,GO,CO,São Miguel do Passa Quatro,sao_miguel_do_passa_quatro
2210409,PI,NE,São Miguel do Tapuio,sao_miguel_do_tapuio
1720200,TO,N,São Miguel do Tocantins,sao_miguel_do_tocantins
2708600,AL,NE,São Miguel dos Campos,sao_miguel_dos_campos
2708709,AL,NE,São Miguel dos Milagres,sao_miguel_dos_milagres
4319208,RS,S,São Nicolau,sao_nicolau
5220280,GO,CO,São Patrício,sao_patricio
3550308,SP,SE,São Paulo,sao_paulo
4319307,RS,S,São Paulo das Missões,sao_paulo_das_missoes
1303908,AM,N,São Paulo de Olivença,sao_paulo_de_olivenca
2412609,RN,NE,São Paulo do Potengi,sao_paulo_do_potengi
2412708,RN,NE,São Pedro,sao_pedro
3550407,SP,SE,São Pedro,sao_pedro
2111532,MA,NE,São Pedro da Água Branca,sao_pedro_da_agua_branca
3305208,RJ,SE,São Pedro da Aldeia,sao_pedro_da_aldeia
5107404,MT,CO,São Pedro da Cipa,sao_pedro_da_cipa
4319356,RS,S,São Pedro da Serra,sao_pedro_da_serra
3163904,MG,SE,São Pedro da União,sao_pedro_da_uniao
4319364,RS,S,São Pedro das Missões,sao_pedro_das_missoes
4217253,SC,S,São Pedro de Alcântara,sao_pedro_de_alcantara
4319372,RS,S,São Pedro do Butiá,sao_pedro_do_butia
4125753,PR,S,São Pedro do Iguaçu,sao_pedro_do_iguacu
4125803,PR,S,São Pedro do Ivaí,sao_pedro_do_ivai
4125902,PR,S,São Pedro do Paraná,sao_pedro_do_parana
2210508,PI,NE,São Pedro do Piauí,sao_pedro_do_piaui
3164100,MG,SE,São Pedro do Suaçuí,sao_pedro_do_suacui
4319406,RS,S,São Pedro do Sul,sao_pedro_do_sul
3550506,SP,SE,São Pedro do Turvo,sao_pedro_do_turvo
2111573,MA,NE,São Pedro dos Crentes,sao_pedro_dos_crentes
3164001,MG,SE,São Pedro dos Ferros,sao_pedro_dos_ferros
2412807,RN,NE,São Rafael,sao_rafael
2111607,MA,NE,São Raimundo das Mangabeiras,sao_raimundo_das_mangabeiras
2111631,MA,NE,São Raimundo do Doca Bezerra,sao_raimundo_do_doca_bezerra
2210607,PI,NE,São Raimundo Nonato,sao_raimundo_nonato
2111672,MA,NE,São Roberto,sao_roberto
3164209,MG,SE,São Romão,sao_romao
3550605,SP,SE,São Roque,sao_roque
3164308,MG,SE,São Roque de Minas,sao_roque_de_minas
3204955,ES,SE,São Roque do Canaã,sao_roque_do_canaa
1720259,TO,N,São Salvador do Tocantins,sao_salvador_do_tocantins
2708808,AL,NE,São Sebastião,sao_sebastiao
3550704,SP,SE,São Sebastião,sao_sebastiao
4126009,PR,S,São Sebastião da Amoreira,sao_sebastiao_da_amoreira
3164407,MG,SE,São Sebastião da Bela Vista,sao_sebastiao_da_bela_vista
1507706,PA,N,São Sebastião da Boa Vista,sao_sebastiao_da_boa_vista
3550803,SP,SE,São Sebastião da Grama,sao_sebastiao_da_grama
3164431,MG,SE,São Sebastião da Vargem Alegre,sao_sebastiao_da_vargem_alegre
2515104,PB,NE,São Sebastião de Lagoa de Roça,sao_sebastiao_de_lagoa_de_roca
3305307,RJ,SE,São Sebastião do Alto,sao_sebastiao_do_alto
3164472,MG,SE,São Sebastião do Anta,sao_sebastiao_do_anta
4319505,RS,S,São Sebastião do Caí,sao_sebastiao_do_cai
3164506,MG,SE,São Sebastião do Maranhão,sao_sebastiao_do_maranhao
3164605,MG,SE,São Sebastião do Oeste,sao_sebastiao_do_oeste
3164704,MG,SE,São Sebastião do Paraíso,sao_sebastiao_do_paraiso
2929503,BA,NE,São Sebastião do Passé,sao_sebastiao_do_passe
3164803,MG,SE,São Sebastião do Rio Preto,sao_sebastiao_do_rio_preto
3164902,MG,SE,São Sebastião do Rio Verde,sao_sebastiao_do_rio_verde
1720309,TO,N,São Sebastião do Tocantins,sao_sebastiao_do_tocantins
1303957,AM,N,São Sebastião do Uatumã,sao_sebastiao_do_uatuma
2515203,PB,NE,São Sebastião do Umbuzeiro,sao_sebastiao_do_umbuzeiro
4319604,RS,S,São Sepé,sao_sepe
5220405,GO,CO,São Simão,sao_simao
3550902,SP,SE,São Simão,sao_simao
3165008,MG,SE,São Tiago,sao_tiago
3165107,MG,SE,São Tomás de Aquino,sao_tomas_de_aquino
4126108,PR,S,São Tomé,sao_tome
2412906,RN,NE,São Tomé,sao_tome
3165206,MG,SE,São Tomé das Letras,sao_tome_das_letras
4319703,RS,S,São Valentim,sao_valentim
4319711,RS,S,São Valentim do Sul,sao_valentim_do_sul
1720499,TO,N,São Valério,sao_valerio
4319737,RS,S,São Valério do Sul,sao_valerio_do_sul
4319752,RS,S,São Vendelino,sao_vendelino
3551009,SP,SE,São Vicente,sao_vicente
2413003,RN,NE,São Vicente,sao_vicente
3165305,MG,SE,São Vicente de Minas,sao_vicente_de_minas
2515401,PB,NE,São Vicente do Seridó,sao_vicente_do_serido
4319802,RS,S,São Vicente do Sul,sao_vicente_do_sul
2111706,MA,NE,São Vicente Ferrer,sao_vicente_ferrer
2613800,PE,NE,São Vicente Férrer,sao_vicente_ferrer
2515302,PB,NE,Sapé,sape
2929602,BA,NE,Sapeaçu,sapeacu
5107875,MT,CO,Sapezal,sapezal
4319901,RS,S,Sapiranga,sapiranga
4126207,PR,S,Sapopema,sapopema
3305406,RJ,SE,Sapucaia,sapucaia
1507755,PA,N,Sapucaia,sapucaia
4320008,RS,S,Sapucaia do Sul,sapucaia_do_sul
3165404,MG,SE,Sapucaí-Mirim,sapucai_mirim
3305505,RJ,SE,Saquarema,saquarema
4320107,RS,S,Sarandi,sarandi
4126256,PR,S,Sarandi,sarandi
3551108,SP,SE,Sarapuí,sarapui
3165503,MG,SE,Sardoá,sardoa
3551207,SP,SE,Sarutaiá,sarutaia
3165537,MG,SE,Sarzedo,sarzedo
2929701,BA,NE,Sátiro Dias,satiro_dias
2708907,AL,NE,Satuba,satuba
2111722,MA,NE,Satubinha,satubinha
2929750,BA,NE,Saubara,saubara
4126272,PR,S,Saudade do Iguaçu,saudade_do_iguacu
4217303,SC,S,Saudades,saudades
2929800,BA,NE,Saúde,saude
4217402,SC,S,Schroeder,schroeder
2929909,BA,NE,Seabra,seabra
4217501,SC,S,Seara,seara
3551306,SP,SE,Sebastianópolis do Sul,sebastianopolis_do_sul
2210623,PI,NE,Sebastião Barros,sebastiao_barros
2930006,BA,NE,Sebastião Laranjeiras,sebastiao_laranjeiras
2210631,PI,NE,Sebastião Leal,sebastiao_leal
4320206,RS,S,Seberi,seberi
4320230,RS,S,Sede Nova,sede_nova
4320263,RS,S,Segredo,segredo
4320305,RS,S,Selbach,selbach
5007802,MS,CO,Selvíria,selviria
3165560,MG,SE,Sem-Peixe,sem_peixe
1200500,AC,N,Sena Madureira,sena_madureira
2111748,MA,NE,Senador Alexandre Costa,senador_alexandre_costa
3165578,MG,SE,Senador Amaral,senador_amaral
5220454,GO,CO,Senador Canedo,senador_canedo
3165602,MG,SE,Senador Cortes,senador_cortes
2413102,RN,NE,Senador Elói de Souza,senador_eloi_de_souza
3165701,MG,SE,Senador Firmino,senador_firmino
2413201,RN,NE,Senador Georgino Avelino,senador_georgino_avelino
1200450,AC,N,Senador Guiomard,senador_guiomard
3165800,MG,SE,Senador José Bento,senador_jose_bento
1507805,PA,N,Senador José Porfírio,senador_jose_porfirio
2111763,MA,NE,Senador La Rocque,senador_la_rocque
3165909,MG,SE,Senador Modestino Gonçalves,senador_modestino_goncalves
2312700,CE,NE,Senador Pompeu,senador_pompeu
2708956,AL,NE,Senador Rui Palmeira,senador_rui_palmeira
2312809,CE,NE,Senador Sá,senador_sa
4320321,RS,S,Senador Salgado Filho,senador_salgado_filho
4126306,PR,S,Sengés,senges
2930105,BA,NE,Senhor do Bonfim,senhor_do_bonfim
3166006,MG,SE,Senhora de Oliveira,senhora_de_oliveira
3166105,MG,SE,Senhora do Porto,senhora_do_porto
3166204,MG,SE,Senhora dos Remédios,senhora_dos_remedios
4320354,RS,S,Sentinela do Sul,sentinela_do_sul
2930204,BA,NE,Sento Sé,sento_se
4320404,RS,S,Serafina Corrêa,serafina_correa
3166303,MG,SE,Sericita,sericita
1101500,RO,N,Seringueiras,seringueiras
4320453,RS,S,Sério,serio
3166402,MG,SE,Seritinga,seritinga
3305554,RJ,SE,Seropédica,seropedica
3205002,ES,SE,Serra,serra
4217550,SC,S,Serra Alta,serra_alta
3551405,SP,SE,Serra Azul,serra_azul
3166501,MG,SE,Serra Azul de Minas,serra_azul_de_minas
2515500,PB,NE,Serra Branca,serra_branca
2410306,RN,NE,Serra Caiada,serra_caiada
2515609,PB,NE,Serra da Raiz,serra_da_raiz
3166600,MG,SE,Serra da Saudade,serra_da_saudade
2413300,RN,NE,Serra de São Bento,serra_de_sao_bento
2413359,RN,NE,Serra do Mel,serra_do_mel
1600055,AP,N,Serra do Navio,serra_do_navio
2930154,BA,NE,Serra do Ramalho,serra_do_ramalho
3166808,MG,SE,Serra do Salitre,serra_do_salitre
3166709,MG,SE,Serra dos Aimorés,serra_dos_aimores
2930303,BA,NE,Serra Dourada,serra_dourada
2515708,PB,NE,Serra Grande,serra_grande
3551603,SP,SE,Serra Negra,serra_negra
2413409,RN,NE,Serra Negra do Norte,serra_negra_do_norte
5107883,MT,CO,Serra Nova Dourada,serra_nova_dourada
2930402,BA,NE,Serra Preta,serra_preta
2515807,PB,NE,Serra Redonda,serra_redonda
2613909,PE,NE,Serra Talhada,serra_talhada
3551504,SP,SE,Serrana,serrana
3166907,MG,SE,Serrania,serrania
2111789,MA,NE,Serrano do Maranhão,serrano_do_maranhao
5220504,GO,CO,Serranópolis,serranopolis
3166956,MG,SE,Serranópolis de Minas,serranopolis_de_minas
4126355,PR,S,Serranópolis do Iguaçu,serranopolis_do_iguacu
3167004,MG,SE,Serranos,serranos
2515906,PB,NE,Serraria,serraria
2930501,BA,NE,Serrinha,serrinha
2413508,RN,NE,Serrinha,serrinha
2413557,RN,NE,Serrinha dos Pintos,serrinha_dos_pintos
2614006,PE,NE,Serrita,serrita
3167103,MG,SE,Serro,serro
2930600,BA,NE,Serrolândia,serrolandia
4126405,PR,S,Sertaneja,sertaneja
2614105,PE,NE,Sertânia,sertania
4126504,PR,S,Sertanópolis,sertanopolis
4320503,RS,S,Sertão,sertao
4320552,RS,S,Sertão Santana,sertao_santana
3551702,SP,SE,Sertãozinho,sertaozinho
2515930,PB,NE,Sertãozinho,sertaozinho
3551801,SP,SE,Sete Barras,sete_barras
4320578,RS,S,Sete de Setembro,sete_de_setembro
3167202,MG,SE,Sete Lagoas,sete_lagoas
5007703,MS,CO,Sete Quedas,sete_quedas
3165552,MG,SE,Setubinha,setubinha
4320602,RS,S,Severiano de Almeida,severiano_de_almeida
2413607,RN,NE,Severiano Melo,severiano_melo
3551900,SP,SE,Severínia,severinia
4217600,SC,S,Siderópolis,sideropolis
5007901,MS,CO,Sidrolândia,sidrolandia
2210656,PI,NE,Sigefredo Pacheco,sigefredo_pacheco
3305604,RJ,SE,Silva Jardim,silva_jardim
5220603,GO,CO,Silvânia,silvania
1720655,TO,N,Silvanópolis,silvanopolis
4320651,RS,S,Silveira Martins,silveira_martins
3167301,MG,SE,Silveirânia,silveirania
3552007,SP,SE,Silveiras,silveiras
1304005,AM,N,Silves,silves
3167400,MG,SE,Silvianópolis,silvianopolis
2807105,SE,NE,Simão Dias,simao_dias
3167509,MG,SE,Simão Pereira,simao_pereira
2210706,PI,NE,Simões,simoes
2930709,BA,NE,Simões Filho,simoes_filho
5220686,GO,CO,Simolândia,simolandia
3167608,MG,SE,Simonésia,simonesia
2210805,PI,NE,Simplício Mendes,simplicio_mendes
4320677,RS,S,Sinimbu,sinimbu
5107909,MT,CO,Sinop,sinop
4126603,PR,S,Siqueira Campos,siqueira_campos
2614204,PE,NE,Sirinhaém,sirinhaem
2807204,SE,NE,Siriri,siriri
5220702,GO,CO,Sítio d'Abadia,sitio_dabadia
2930758,BA,NE,Sítio do Mato,sitio_do_mato
2930766,BA,NE,Sítio do Quinto,sitio_do_quinto
2413706,RN,NE,Sítio Novo,sitio_novo
2111805,MA,NE,Sítio Novo,sitio_novo
1720804,TO,N,Sítio Novo do Tocantins,sitio_novo_do_tocantins
2930774,BA,NE,Sobradinho,sobradinho
4320701,RS,S,Sobradinho,sobradinho
2515971,PB,NE,Sobrado,sobrado
2312908,CE,NE,Sobral,sobral
3167707,MG,SE,Sobrália,sobralia
3552106,SP,SE,Socorro,socorro
2210904,PI,NE,Socorro do Piauí,socorro_do_piaui
2516003,PB,NE,Solânea,solanea
2516102,PB,NE,Soledade,soledade
4320800,RS,S,Soledade,soledade
3167806,MG,SE,Soledade de Minas,soledade_de_minas
2614402,PE,NE,Solidão,solidao
2313005,CE,NE,Solonópole,solonopole
4217709,SC,S,Sombrio,sombrio
5007935,MS,CO,Sonora,sonora
3205010,ES,SE,Sooretama,sooretama
3552205,SP,SE,Sorocaba,sorocaba
5107925,MT,CO,Sorriso,sorriso
2516151,PB,NE,Sossêgo,sossego
1507904,PA,N,Soure,soure
2516201,PB,NE,Sousa,sousa
2930808,BA,NE,Souto Soares,souto_soares
1720853,TO,N,Sucupira,sucupira
2111904,MA,NE,Sucupira do Norte,sucupira_do_norte
2111953,MA,NE,Sucupira do Riachão,sucupira_do_riachao
3552304,SP,SE,Sud Mennucci,sud_mennucci
4217758,SC,S,Sul Brasil,sul_brasil
4126652,PR,S,Sulina,sulina
3552403,SP,SE,Sumaré,sumare
2516300,PB,NE,Sumé,sume
3305703,RJ,SE,Sumidouro,sumidouro
2614501,PE,NE,Surubim,surubim
2210938,PI,NE,Sussuapara,sussuapara
3552551,SP,SE,Suzanápolis,suzanapolis
3552502,SP,SE,Suzano,suzano
4320859,RS,S,Tabaí,tabai
5107941,MT,CO,Tabaporã,tabapora
3552601,SP,SE,Tabapuã,tabapua
3552700,SP,SE,Tabatinga,tabatinga
1304062,AM,N,Tabatinga,tabatinga
2614600,PE,NE,Tabira,tabira
3552809,SP,SE,Taboão da Serra,taboao_da_serra
1708254,TO,N,Tabocão,tabocao
2930907,BA,NE,Tabocas do Brejo Velho,tabocas_do_brejo_velho
2413805,RN,NE,Taboleiro Grande,taboleiro_grande
3167905,MG,SE,Tabuleiro,tabuleiro
2313104,CE,NE,Tabuleiro do Norte,tabuleiro_do_norte
2614709,PE,NE,Tacaimbó,tacaimbo
2614808,PE,NE,Tacaratu,tacaratu
3552908,SP,SE,Taciba,taciba
2516409,PB,NE,Tacima,tacima
5007950,MS,CO,Tacuru,tacuru
3553005,SP,SE,Taguaí,taguai
1720903,TO,N,Taguatinga,taguatinga
3553104,SP,SE,Taiaçu,taiacu
1507953,PA,N,Tailândia,tailandia
4217808,SC,S,Taió,taio
3168002,MG,SE,Taiobeiras,taiobeiras
1720937,TO,N,Taipas do Tocantins,taipas_do_tocantins
2413904,RN,NE,Taipu,taipu
3553203,SP,SE,Taiúva,taiuva
1720978,TO,N,Talismã,talisma
2614857,PE,NE,Tamandaré,tamandare
4126678,PR,S,Tamarana,tamarana
3553302,SP,SE,Tambaú,tambau
4126702,PR,S,Tamboara,tamboara
2313203,CE,NE,Tamboril,tamboril
2210953,PI,NE,Tamboril do Piauí,tamboril_do_piaui
3553401,SP,SE,Tanabi,tanabi
4217907,SC,S,Tangará,tangara
2414001,RN,NE,Tangará,tangara
5107958,MT,CO,Tangará da Serra,tangara_da_serra
3305752,RJ,SE,Tanguá,tangua
2931004,BA,NE,Tanhaçu,tanhacu
2709004,AL,NE,Tanque d'Arca,tanque_darca
2210979,PI,NE,Tanque do Piauí,tanque_do_piaui
2931053,BA,NE,Tanque Novo,tanque_novo
2931103,BA,NE,Tanquinho,tanquinho
3168051,MG,SE,Taparuba,taparuba
1304104,AM,N,Tapauá,tapaua
4320909,RS,S,Tapejara,tapejara
4126801,PR,S,Tapejara,tapejara
4321006,RS,S,Tapera,tapera
2931202,BA,NE,Taperoá,taperoa
2516508,PB,NE,Taperoá,taperoa
4321105,RS,S,Tapes,tapes
4126900,PR,S,Tapira,tapira
3168101,MG,SE,Tapira,tapira
3168200,MG,SE,Tapiraí,tapirai
3553500,SP,SE,Tapiraí,tapirai
2931301,BA,NE,Tapiramutá,tapiramuta
3553609,SP,SE,Tapiratiba,tapiratiba
5108006,MT,CO,Tapurah,tapurah
4321204,RS,S,Taquara,taquara
3168309,MG,SE,Taquaraçu de Minas,taquaracu_de_minas
3553658,SP,SE,Taquaral,taquaral
5221007,GO,CO,Taquaral de Goiás,taquaral_de_goias
2709103,AL,NE,Taquarana,taquarana
4321303,RS,S,Taquari,taquari
3553708,SP,SE,Taquaritinga,taquaritinga
2615003,PE,NE,Taquaritinga do Norte,taquaritinga_do_norte
3553807,SP,SE,Taquarituba,taquarituba
3553856,SP,SE,Taquarivaí,taquarivai
4321329,RS,S,Taquaruçu do Sul,taquarucu_do_sul
5007976,MS,CO,Taquarussu,taquarussu
3553906,SP,SE,Tarabai,tarabai
1200609,AC,N,Tarauacá,tarauaca
2313252,CE,NE,Tarrafas,tarrafas
1600709,AP,N,Tartarugalzinho,tartarugalzinho
3553955,SP,SE,Tarumã,taruma
3168408,MG,SE,Tarumirim,tarumirim
2112001,MA,NE,Tasso Fragoso,tasso_fragoso
3554003,SP,SE,Tatuí,tatui
2313302,CE,NE,Tauá,taua
3554102,SP,SE,Taubaté,taubate
4321352,RS,S,Tavares,tavares
2516607,PB,NE,Tavares,tavares
1304203,AM,N,Tefé,tefe
2516706,PB,NE,Teixeira,teixeira
2931350,BA,NE,Teixeira de Freitas,teixeira_de_freitas
4127007,PR,S,Teixeira Soares,teixeira_soares
3168507,MG,SE,Teixeiras,teixeiras
1101559,RO,N,Teixeirópolis,teixeiropolis
2313351,CE,NE,Tejuçuoca,tejucuoca
3554201,SP,SE,Tejupá,tejupa
4127106,PR,S,Telêmaco Borba,telemaco_borba
2807303,SE,NE,Telha,telha
2414100,RN,NE,Tenente Ananias,tenente_ananias
2414159,RN,NE,Tenente Laurentino Cruz,tenente_laurentino_cruz
4321402,RS,S,Tenente Portela,tenente_portela
2516755,PB,NE,Tenório,tenorio
2931400,BA,NE,Teodoro Sampaio,teodoro_sampaio
3554300,SP,SE,Teodoro Sampaio,teodoro_sampaio
2931509,BA,NE,Teofilândia,teofilandia
3168606,MG,SE,Teófilo Otoni,teofilo_otoni
2931608,BA,NE,Teolândia,teolandia
2709152,AL,NE,Teotônio Vilela,teotonio_vilela
5008008,MS,CO,Terenos,terenos
2211001,PI,NE,Teresina,teresina
5221080,GO,CO,Teresina de Goiás,teresina_de_goias
3305802,RJ,SE,Teresópolis,teresopolis
2615102,PE,NE,Terezinha,terezinha
5221197,GO,CO,Terezópolis de Goiás,terezopolis_de_goias
1507961,PA,N,Terra Alta,terra_alta
4127205,PR,S,Terra Boa,terra_boa
4321436,RS,S,Terra de Areia,terra_de_areia
2615201,PE,NE,Terra Nova,terra_nova
2931707,BA,NE,Terra Nova,terra_nova
5108055,MT,CO,Terra Nova do Norte,terra_nova_do_norte
4127304,PR,S,Terra Rica,terra_rica
4127403,PR,S,Terra Roxa,terra_roxa
3554409,SP,SE,Terra Roxa,terra_roxa
1507979,PA,N,Terra Santa,terra_santa
5108105,MT,CO,Tesouro,tesouro
4321451,RS,S,Teutônia,teutonia
1101609,RO,N,Theobroma,theobroma
2313401,CE,NE,Tianguá,tiangua
4127502,PR,S,Tibagi,tibagi
2411056,RN,NE,Tibau,tibau
2414209,RN,NE,Tibau do Sul,tibau_do_sul
3554508,SP,SE,Tietê,tiete
4217956,SC,S,Tigrinhos,tigrinhos
4218004,SC,S,Tijucas,tijucas
4127601,PR,S,Tijucas do Sul,tijucas_do_sul
2615300,PE,NE,Timbaúba,timbauba
2414308,RN,NE,Timbaúba dos Batistas,timbauba_dos_batistas
4218103,SC,S,Timbé do Sul,timbe_do_sul
2112100,MA,NE,Timbiras,timbiras
4218202,SC,S,Timbó,timbo
4218251,SC,S,Timbó Grande,timbo_grande
3554607,SP,SE,Timburi,timburi
2112209,MA,NE,Timon,timon
3168705,MG,SE,Timóteo,timoteo
4321469,RS,S,Tio Hugo,tio_hugo
3168804,MG,SE,Tiradentes,tiradentes
4321477,RS,S,Tiradentes do Sul,tiradentes_do_sul
3168903,MG,SE,Tiros,tiros
2807402,SE,NE,Tobias Barreto,tobias_barreto
1721109,TO,N,Tocantínia,tocantinia
1721208,TO,N,Tocantinópolis,tocantinopolis
3169000,MG,SE,Tocantins,tocantins
3169059,MG,SE,Tocos do Moji,tocos_do_moji
3169109,MG,SE,Toledo,toledo
4127700,PR,S,Toledo,toledo
2807501,SE,NE,Tomar do Geru,tomar_do_geru
4127809,PR,S,Tomazina,tomazina
3169208,MG,SE,Tombos,tombos
1508001,PA,N,Tomé-Açu,tome_acu
1304237,AM,N,Tonantins,tonantins
2615409,PE,NE,Toritama,toritama
5108204,MT,CO,Torixoréu,torixoreu
4321493,RS,S,Toropi,toropi
3554656,SP,SE,Torre de Pedra,torre_de_pedra
4321501,RS,S,Torres,torres
3554706,SP,SE,Torrinha,torrinha
2414407,RN,NE,Touros,touros
3554755,SP,SE,Trabiju,trabiju
1508035,PA,N,Tracuateua,tracuateua
2615508,PE,NE,Tracunhaém,tracunhaem
2709202,AL,NE,Traipu,traipu
1508050,PA,N,Trairão,trairao
2313500,CE,NE,Trairi,trairi
3305901,RJ,SE,Trajano de Moraes,trajano_de_moraes
4321600,RS,S,Tramandaí,tramandai
4321626,RS,S,Travesseiro,travesseiro
2931806,BA,NE,Tremedal,tremedal
3554805,SP,SE,Tremembé,tremembe
4321634,RS,S,Três Arroios,tres_arroios
4218301,SC,S,Três Barras,tres_barras
4127858,PR,S,Três Barras do Paraná,tres_barras_do_parana
4321667,RS,S,Três Cachoeiras,tres_cachoeiras
3169307,MG,SE,Três Corações,tres_coracoes
4321709,RS,S,Três Coroas,tres_coroas
4321808,RS,S,Três de Maio,tres_de_maio
4321832,RS,S,Três Forquilhas,tres_forquilhas
3554904,SP,SE,Três Fronteiras,tres_fronteiras
5008305,MS,CO,Três Lagoas,tres_lagoas
3169356,MG,SE,Três Marias,tres_marias
4321857,RS,S,Três Palmeiras,tres_palmeiras
4321907,RS,S,Três Passos,tres_passos
3169406,MG,SE,Três Pontas,tres_pontas
5221304,GO,CO,Três Ranchos,tres_ranchos
3306008,RJ,SE,Três Rios,tres_rios
4218350,SC,S,Treviso,treviso
4218400,SC,S,Treze de Maio,treze_de_maio
4218509,SC,S,Treze Tílias,treze_tilias
5221403,GO,CO,Trindade,trindade
2615607,PE,NE,Trindade,trindade
4321956,RS,S,Trindade do Sul,trindade_do_sul
4322004,RS,S,Triunfo,triunfo
2615706,PE,NE,Triunfo,triunfo
2516805,PB,NE,Triunfo,triunfo
2414456,RN,NE,Triunfo Potiguar,triunfo_potiguar
2112233,MA,NE,Trizidela do Vale,trizidela_do_vale
5221452,GO,CO,Trombas,trombas
4218608,SC,S,Trombudo Central,trombudo_central
4218707,SC,S,Tubarão,tubarao
2931905,BA,NE,Tucano,tucano
1508084,PA,N,Tucumã,tucuma
4322103,RS,S,Tucunduva,tucunduva
1508100,PA,N,Tucuruí,tucurui
2112274,MA,NE,Tufilândia,tufilandia
3554953,SP,SE,Tuiuti,tuiuti
3169505,MG,SE,Tumiritinga,tumiritinga
4218756,SC,S,Tunápolis,tunapolis
4322152,RS,S,Tunas,tunas
4127882,PR,S,Tunas do Paraná,tunas_do_parana
4127908,PR,S,Tuneiras do Oeste,tuneiras_do_oeste
2112308,MA,NE,Tuntum,tuntum
3555000,SP,SE,Tupã,tupa
3169604,MG,SE,Tupaciguara,tupaciguara
2615805,PE,NE,Tupanatinga,tupanatinga
4322186,RS,S,Tupanci do Sul,tupanci_do_sul
4322202,RS,S,Tupanciretã,tupancireta
4322251,RS,S,Tupandi,tupandi
4322301,RS,S,Tuparendi,tuparendi
2615904,PE,NE,Tuparetama,tuparetama
4127957,PR,S,Tupãssi,tupassi
3555109,SP,SE,Tupi Paulista,tupi_paulista
1721257,TO,N,Tupirama,tupirama
1721307,TO,N,Tupiratins,tupiratins
2112407,MA,NE,Turiaçu,turiacu
2112456,MA,NE,Turilândia,turilandia
3555208,SP,SE,Turiúba,turiuba
3555307,SP,SE,Turmalina,turmalina
3169703,MG,SE,Turmalina,turmalina
4322327,RS,S,Turuçu,turucu
2313559,CE,NE,Tururu,tururu
5221502,GO,CO,Turvânia,turvania
5221551,GO,CO,Turvelândia,turvelandia
4127965,PR,S,Turvo,turvo
4218806,SC,S,Turvo,turvo
3169802,MG,SE,Turvolândia,turvolandia
2112506,MA,NE,Tutóia,tutoia
1304260,AM,N,Uarini,uarini
2932002,BA,NE,Uauá,uaua
3169901,MG,SE,Ubá,uba
3170008,MG,SE,Ubaí,ubai
2932101,BA,NE,Ubaíra,ubaira
2932200,BA,NE,Ubaitaba,ubaitaba
2313609,CE,NE,Ubajara,ubajara
3170057,MG,SE,Ubaporanga,ubaporanga
3555356,SP,SE,Ubarana,ubarana
2932309,BA,NE,Ubatã,ubata
3555406,SP,SE,Ubatuba,ubatuba
3170107,MG,SE,Uberaba,uberaba
3170206,MG,SE,Uberlândia,uberlandia
3555505,SP,SE,Ubirajara,ubirajara
4128005,PR,S,Ubiratã,ubirata
4322343,RS,S,Ubiretama,ubiretama
3555604,SP,SE,Uchoa,uchoa
2932408,BA,NE,Uibaí,uibai
1400704,RR,N,Uiramutã,uiramuta
5221577,GO,CO,Uirapuru,uirapuru
2516904,PB,NE,Uiraúna,uirauna
1508126,PA,N,Ulianópolis,ulianopolis
2313708,CE,NE,Umari,umari
2414506,RN,NE,Umarizal,umarizal
2807600,SE,NE,Umbaúba,umbauba
2932457,BA,NE,Umburanas,umburanas
3170305,MG,SE,Umburatiba,umburatiba
2517001,PB,NE,Umbuzeiro,umbuzeiro
2313757,CE,NE,Umirim,umirim
4128104,PR,S,Umuarama,umuarama
2932507,BA,NE,Una,una
3170404,MG,SE,Unaí,unai
2211100,PI,NE,União,uniao
4322350,RS,S,União da Serra,uniao_da_serra
4128203,PR,S,União da Vitória,uniao_da_vitoria
3170438,MG,SE,União de Minas,uniao_de_minas
4218855,SC,S,União do Oeste,uniao_do_oeste
5108303,MT,CO,União do Sul,uniao_do_sul
2709301,AL,NE,União dos Palmares,uniao_dos_palmares
3555703,SP,SE,União Paulista,uniao_paulista
4128302,PR,S,Uniflor,uniflor
4322376,RS,S,Unistalda,unistalda
2414605,RN,NE,Upanema,upanema
4128401,PR,S,Uraí,urai
2932606,BA,NE,Urandi,urandi
3555802,SP,SE,Urânia,urania
2112605,MA,NE,Urbano Santos,urbano_santos
3555901,SP,SE,Uru,uru
5221601,GO,CO,Uruaçu,uruacu
5221700,GO,CO,Uruana,uruana
3170479,MG,SE,Uruana de Minas,uruana_de_minas
1508159,PA,N,Uruará,uruara
4218905,SC,S,Urubici,urubici
2313807,CE,NE,Uruburetama,uruburetama
3170503,MG,SE,Urucânia,urucania
1304302,AM,N,Urucará,urucara
2932705,BA,NE,Uruçuca,urucuca
2211209,PI,NE,Uruçuí,urucui
3170529,MG,SE,Urucuia,urucuia
1304401,AM,N,Urucurituba,urucurituba
4322400,RS,S,Uruguaiana,uruguaiana
2313906,CE,NE,Uruoca,uruoca
1101708,RO,N,Urupá,urupa
4218954,SC,S,Urupema,urupema
3556008,SP,SE,Urupês,urupes
4219002,SC,S,Urussanga,urussanga
5221809,GO,CO,Urutaí,urutai
2932804,BA,NE,Utinga,utinga
4322509,RS,S,Vacaria,vacaria
5108352,MT,CO,Vale de São Domingos,vale_de_sao_domingos
1101757,RO,N,Vale do Anari,vale_do_anari
1101807,RO,N,Vale do Paraíso,vale_do_paraiso
4322533,RS,S,Vale do Sol,vale_do_sol
4322541,RS,S,Vale Real,vale_real
4322525,RS,S,Vale Verde,vale_verde
3306107,RJ,SE,Valença,valenca
2932903,BA,NE,Valença,valenca
2211308,PI,NE,Valença do Piauí,valenca_do_piaui
2933000,BA,NE,Valente,valente
3556107,SP,SE,Valentim Gentil,valentim_gentil
3556206,SP,SE,Valinhos,valinhos
3556305,SP,SE,Valparaíso,valparaiso
5221858,GO,CO,Valparaíso de Goiás,valparaiso_de_goias
4322558,RS,S,Vanini,vanini
4219101,SC,S,Vargeão,vargeao
4219150,SC,S,Vargem,vargem
3556354,SP,SE,Vargem,vargem
3170578,MG,SE,Vargem Alegre,vargem_alegre
3205036,ES,SE,Vargem Alta,vargem_alta
3170602,MG,SE,Vargem Bonita,vargem_bonita
4219176,SC,S,Vargem Bonita,vargem_bonita
2112704,MA,NE,Vargem Grande,vargem_grande
3170651,MG,SE,Vargem Grande do Rio Pardo,vargem_grande_do_rio_pardo
3556404,SP,SE,Vargem Grande do Sul,vargem_grande_do_sul
3556453,SP,SE,Vargem Grande Paulista,vargem_grande_paulista
3170701,MG,SE,Varginha,varginha
5221908,GO,CO,Varjão,varjao
3170750,MG,SE,Varjão de Minas,varjao_de_minas
2313955,CE,NE,Varjota,varjota
3306156,RJ,SE,Varre-Sai,varre_sai
2414704,RN,NE,Várzea,varzea
2517100,PB,NE,Várzea,varzea
2314003,CE,NE,Várzea Alegre,varzea_alegre
2211357,PI,NE,Várzea Branca,varzea_branca
3170800,MG,SE,Várzea da Palma,varzea_da_palma
2933059,BA,NE,Várzea da Roça,varzea_da_roca
2933109,BA,NE,Várzea do Poço,varzea_do_poco
2211407,PI,NE,Várzea Grande,varzea_grande
5108402,MT,CO,Várzea Grande,varzea_grande
2933158,BA,NE,Várzea Nova,varzea_nova
3556503,SP,SE,Várzea Paulista,varzea_paulista
2933174,BA,NE,Varzedo,varzedo
3170909,MG,SE,Varzelândia,varzelandia
3306206,RJ,SE,Vassouras,vassouras
3171006,MG,SE,Vazante,vazante
4322608,RS,S,Venâncio Aires,venancio_aires
3205069,ES,SE,Venda Nova do Imigrante,venda_nova_do_imigrante
2414753,RN,NE,Venha-Ver,venha_ver
4128534,PR,S,Ventania,ventania
2616001,PE,NE,Venturosa,venturosa
5108501,MT,CO,Vera,vera
4322707,RS,S,Vera Cruz,vera_cruz
3556602,SP,SE,Vera Cruz,vera_cruz
2933208,BA,NE,Vera Cruz,vera_cruz
2414803,RN,NE,Vera Cruz,vera_cruz
4128559,PR,S,Vera Cruz do Oeste,vera_cruz_do_oeste
2211506,PI,NE,Vera Mendes,vera_mendes
4322806,RS,S,Veranópolis,veranopolis
2616100,PE,NE,Verdejante,verdejante
3171030,MG,SE,Verdelândia,verdelandia
4128609,PR,S,Verê,vere
2933257,BA,NE,Vereda,vereda
3171071,MG,SE,Veredinha,veredinha
3171105,MG,SE,Veríssimo,verissimo
3171154,MG,SE,Vermelho Novo,vermelho_novo
2616183,PE,NE,Vertente do Lério,vertente_do_lerio
2616209,PE,NE,Vertentes,vertentes
3171204,MG,SE,Vespasiano,vespasiano
4322855,RS,S,Vespasiano Corrêa,vespasiano_correa
4322905,RS,S,Viadutos,viadutos
4323002,RS,S,Viamão,viamao
3205101,ES,SE,Viana,viana
2112803,MA,NE,Viana,viana
5222005,GO,CO,Vianópolis,vianopolis
2616308,PE,NE,Vicência,vicencia
4323101,RS,S,Vicente Dutra,vicente_dutra
5008404,MS,CO,Vicentina,vicentina
5222054,GO,CO,Vicentinópolis,vicentinopolis
3171303,MG,SE,Viçosa,vicosa
2709400,AL,NE,Viçosa,vicosa
2414902,RN,NE,Viçosa,vicosa
2314102,CE,NE,Viçosa do Ceará,vicosa_do_ceara
4323200,RS,S,Victor Graeff,victor_graeff
4219200,SC,S,Vidal Ramos,vidal_ramos
4219309,SC,S,Videira,videira
3171402,MG,SE,Vieiras,vieiras
2517209,PB,NE,Vieirópolis,vieiropolis
1508209,PA,N,Vigia,vigia
5105507,MT,CO,Vila Bela da Santíssima Trindade,vila_bela_da_santissima_trindade
5222203,GO,CO,Vila Boa,vila_boa
2415008,RN,NE,Vila Flor,vila_flor
4323309,RS,S,Vila Flores,vila_flores
4323358,RS,S,Vila Lângaro,vila_langaro
4323408,RS,S,Vila Maria,vila_maria
2211605,PI,NE,Vila Nova do Piauí,vila_nova_do_piaui
4323457,RS,S,Vila Nova do Sul,vila_nova_do_sul
2112852,MA,NE,Vila Nova dos Martírios,vila_nova_dos_martirios
3205150,ES,SE,Vila Pavão,vila_pavao
5222302,GO,CO,Vila Propício,vila_propicio
5108600,MT,CO,Vila Rica,vila_rica
3205176,ES,SE,Vila Valério,vila_valerio
3205200,ES,SE,Vila Velha,vila_velha
1100304,RO,N,Vilhena,vilhena
3556701,SP,SE,Vinhedo,vinhedo
3556800,SP,SE,Viradouro,viradouro
3171600,MG,SE,Virgem da Lapa,virgem_da_lapa
3171709,MG,SE,Virgínia,virginia
3171808,MG,SE,Virginópolis,virginopolis
3171907,MG,SE,Virgolândia,virgolandia
4128658,PR,S,Virmond,virmond
3172004,MG,SE,Visconde do Rio Branco,visconde_do_rio_branco
1508308,PA,N,Viseu,viseu
4323507,RS,S,Vista Alegre,vista_alegre
3556909,SP,SE,Vista Alegre do Alto,vista_alegre_do_alto
4323606,RS,S,Vista Alegre do Prata,vista_alegre_do_prata
4323705,RS,S,Vista Gaúcha,vista_gaucha
2505501,PB,NE,Vista Serrana,vista_serrana
4219358,SC,S,Vitor Meireles,vitor_meireles
3205309,ES,SE,Vitória,vitoria
3556958,SP,SE,Vitória Brasil,vitoria_brasil
2933307,BA,NE,Vitória da Conquista,vitoria_da_conquista
4323754,RS,S,Vitória das Missões,vitoria_das_missoes
2616407,PE,NE,Vitória de Santo Antão,vitoria_de_santo_antao
1600808,AP,N,Vitória do Jari,vitoria_do_jari
2112902,MA,NE,Vitória do Mearim,vitoria_do_mearim
1508357,PA,N,Vitória do Xingu,vitoria_do_xingu
4128708,PR,S,Vitorino,vitorino
2113009,MA,NE,Vitorino Freire,vitorino_freire
3172103,MG,SE,Volta Grande,volta_grande
3306305,RJ,SE,Volta Redonda,volta_redonda
3557006,SP,SE,Votorantim,votorantim
3557105,SP,SE,Votuporanga,votuporanga
2933406,BA,NE,Wagner,wagner
2211704,PI,NE,Wall Ferraz,wall_ferraz
1722081,TO,N,Wanderlândia,wanderlandia
2933455,BA,NE,Wanderley,wanderley
3172202,MG,SE,Wenceslau Braz,wenceslau_braz
4128500,PR,S,Wenceslau Braz,wenceslau_braz
2933505,BA,NE,Wenceslau Guimarães,wenceslau_guimaraes
4323770,RS,S,Westfália,westfalia
4219408,SC,S,Witmarsum,witmarsum
1722107,TO,N,Xambioá,xambioa
4128807,PR,S,Xambrê,xambre
4323804,RS,S,Xangri-lá,xangri_la
4219507,SC,S,Xanxerê,xanxere
1200708,AC,N,Xapuri,xapuri
4219606,SC,S,Xavantina,xavantina
4219705,SC,S,Xaxim,xaxim
2616506,PE,NE,Xexéu,xexeu
1508407,PA,N,Xinguara,xinguara
2933604,BA,NE,Xique-Xique,xique_xique
2517407,PB,NE,Zabelê,zabele
3557154,SP,SE,Zacarias,zacarias
2114007,MA,NE,Zé Doca,ze_doca
4219853,SC,S,Zortéa,zortea
