unidade_gestora,natureza_receita,conta_contabil,descricao_receita,data_movimentacao,operacao,valor,nome_banco,id,ano,municipio,entidade,fonte
CÂMARA DO MUNICÍPIO DE PAULÍNIA, ,4.5.1.1.2.02.00.000 ,REPASSE RECEBIDO                                  ,19/01/2024 00:00,ARRECADACAO         ,"3.375.000,00",BANCO DO BRASIL C/MOV.                            ,148362,2024,paulinia,camara,SMARAPD Câmara de Paulínia
CÂMARA DO MUNICÍPIO DE PAULÍNIA, ,2.1.8.8.5.01.08.001 ,I.S.S.Q.N. - RETENÇÃO PESSOA JURIDICA             ,10/01/2024 00:00,ARRECADACAO         ,"812,16",BANCO DO BRASIL C/MOV.                            ,117482,2024,paulinia,camara,SMARAPD Câmara de Paulínia
CÂMARA DO MUNICÍPIO DE PAULÍNIA, ,2.1.8.8.1.01.03.001 ,PAULÍNIA PREVI                                    ,26/01/2024 00:00,ARRECADACAO         ,"111.743,33",BANCO DO BRASIL C/MOV.                            ,117682,2024,paulinia,camara,SMARAPD Câmara de Paulínia
CÂMARA DO MUNICÍPIO DE PAULÍNIA, ,2.1.8.8.3.01.04.002 ,IRRF - RETENÇÃO PESSOA JURIDICA                   ,10/01/2024 00:00,ARRECADACAO         ,"751,54",BANCO DO BRASIL C/MOV.                            ,117480,2024,paulinia,camara,SMARAPD Câmara de Paulínia
CÂMARA DO MUNICÍPIO DE PAULÍNIA, ,2.1.8.8.1.01.11.007 ,UNIMED                                            ,26/01/2024 00:00,ARRECADACAO         ,"32.611,72",BANCO DO BRASIL C/MOV.                            ,117679,2024,paulinia,camara,SMARAPD Câmara de Paulínia
CÂMARA DO MUNICÍPIO DE PAULÍNIA, ,2.1.8.8.3.01.04.002 ,IRRF - RETENÇÃO PESSOA JURIDICA                   ,10/01/2024 00:00,ARRECADACAO         ,"784,00",BANCO DO BRASIL C/MOV.                            ,117481,2024,paulinia,camara,SMARAPD Câmara de Paulínia
CÂMARA DO MUNICÍPIO DE PAULÍNIA, ,2.1.8.8.3.01.04.002 ,IRRF - RETENÇÃO PESSOA JURIDICA                   ,10/01/2024 00:00,ARRECADACAO         ,"1.030,61",BANCO DO BRASIL C/MOV.                            ,117483,2024,paulinia,camara,SMARAPD Câmara de Paulínia
CÂMARA DO MUNICÍPIO DE PAULÍNIA, ,2.1.8.8.3.01.04.002 ,IRRF - RETENÇÃO PESSOA JURIDICA                   ,10/01/2024 00:00,ARRECADACAO         ,"1.949,19",BANCO DO BRASIL C/MOV.                            ,117485,2024,paulinia,camara,SMARAPD Câmara de Paulínia
CÂMARA DO MUNICÍPIO DE PAULÍNIA, ,2.1.8.8.3.01.04.002 ,IRRF - RETENÇÃO PESSOA JURIDICA                   ,26/01/2024 00:00,ARRECADACAO         ,"95,62",BANCO DO BRASIL C/MOV.                            ,117671,2024,paulinia,camara,SMARAPD Câmara de Paulínia
CÂMARA DO MUNICÍPIO DE PAULÍNIA, ,2.1.8.8.3.01.02.002 ,I.N.S.S - RETENÇÃO PESSOA JURIDICA                ,10/01/2024 00:00,ARRECADACAO         ,"1.591,99",BANCO DO BRASIL C/MOV.                            ,117484,2024,paulinia,camara,SMARAPD Câmara de Paulínia
CÂMARA DO MUNICÍPIO DE PAULÍNIA, ,2.1.8.8.3.01.02.002 ,I.N.S.S - RETENÇÃO PESSOA JURIDICA                ,12/01/2024 00:00,ARRECADACAO         ,"5.398,79",BANCO DO BRASIL C/MOV.                            ,117564,2024,paulinia,camara,SMARAPD Câmara de Paulínia
CÂMARA DO MUNICÍPIO DE PAULÍNIA, ,2.1.8.8.1.01.99.003 ,DIVERSOS                                          ,26/01/2024 00:00,ARRECADACAO         ,"560,40",BANCO DO BRASIL C/MOV.                            ,117673,2024,paulinia,camara,SMARAPD Câmara de Paulínia
CÂMARA DO MUNICÍPIO DE PAULÍNIA, ,2.1.8.8.1.01.99.003 ,DIVERSOS                                          ,29/01/2024 00:00,ARRECADACAO         ,"560,40",BANCO DO BRASIL C/MOV.                            ,117703,2024,paulinia,camara,SMARAPD Câmara de Paulínia
CÂMARA DO MUNICÍPIO DE PAULÍNIA, ,2.1.8.8.1.01.11.008 ,UNIODONTO CAMPINAS                                ,26/01/2024 00:00,ARRECADACAO         ,"1.326,44",BANCO DO BRASIL C/MOV.                            ,117674,2024,paulinia,camara,SMARAPD Câmara de Paulínia
CÂMARA DO MUNICÍPIO DE PAULÍNIA, ,2.1.8.8.1.01.99.001 ,ASMUP                                             ,25/01/2024 00:00,ARRECADACAO         ,"32,90",BANCO DO BRASIL C/MOV.                            ,117666,2024,paulinia,camara,SMARAPD Câmara de Paulínia
CÂMARA DO MUNICÍPIO DE PAULÍNIA, ,2.1.8.8.1.01.99.001 ,ASMUP                                             ,26/01/2024 00:00,ARRECADACAO         ,"3.158,40",BANCO DO BRASIL C/MOV.                            ,117675,2024,paulinia,camara,SMARAPD Câmara de Paulínia
CÂMARA DO MUNICÍPIO DE PAULÍNIA, ,2.1.8.8.3.01.04.001 ,IRRF - FOLHA DE PAGAMENTO                         ,26/01/2024 00:00,ARRECADACAO         ,"270.611,59",BANCO DO BRASIL C/MOV.                            ,117683,2024,paulinia,camara,SMARAPD Câmara de Paulínia
CÂMARA DO MUNICÍPIO DE PAULÍNIA, ,2.1.8.8.3.01.02.003 ,I.N.S.S.- FOLHA DE PAGAMENTO                      ,29/01/2024 00:00,ARRECADACAO         ,"59.173,30",BANCO DO BRASIL C/MOV.                            ,117711,2024,paulinia,camara,SMARAPD Câmara de Paulínia
CÂMARA DO MUNICÍPIO DE PAULÍNIA, ,2.1.8.8.3.01.02.003 ,I.N.S.S.- FOLHA DE PAGAMENTO                      ,26/01/2024 00:00,ARRECADACAO         ,"59.173,30",BANCO DO BRASIL C/MOV.                            ,117681,2024,paulinia,camara,SMARAPD Câmara de Paulínia
CÂMARA DO MUNICÍPIO DE PAULÍNIA, ,2.1.8.8.1.01.13.002 ,MENSALIDADE SINDICATO                             ,26/01/2024 00:00,ARRECADACAO         ,"110,00",BANCO DO BRASIL C/MOV.                            ,117672,2024,paulinia,camara,SMARAPD Câmara de Paulínia
CÂMARA DO MUNICÍPIO DE PAULÍNIA, ,2.1.8.8.1.01.13.002 ,MENSALIDADE SINDICATO                             ,29/01/2024 00:00,ARRECADACAO         ,"110,00",BANCO DO BRASIL C/MOV.                            ,117702,2024,paulinia,camara,SMARAPD Câmara de Paulínia
CÂMARA DO MUNICÍPIO DE PAULÍNIA, ,2.1.8.8.1.01.11.005 ,SAMARITANO                                        ,26/01/2024 00:00,ARRECADACAO         ,"6.400,76",BANCO DO BRASIL C/MOV.                            ,117677,2024,paulinia,camara,SMARAPD Câmara de Paulínia
CÂMARA DO MUNICÍPIO DE PAULÍNIA, ,2.1.8.8.1.01.15.002 ,EMPRÉSTIMO CAIXA ECONOMICA FEDERAL                ,26/01/2024 00:00,ARRECADACAO         ,"24.330,49",BANCO DO BRASIL C/MOV.                            ,117678,2024,paulinia,camara,SMARAPD Câmara de Paulínia
CÂMARA DO MUNICÍPIO DE PAULÍNIA, ,2.1.8.8.1.01.10.001 ,DEPÓSITO JUDICIAL                                 ,26/01/2024 00:00,ESTORNO DE ARRECADAC,"-4.468,51",BANCO DO BRASIL C/MOV.                            ,148219,2024,paulinia,camara,SMARAPD Câmara de Paulínia
CÂMARA DO MUNICÍPIO DE PAULÍNIA, ,2.1.8.8.1.01.11.007 ,UNIMED                                            ,26/01/2024 00:00,ESTORNO DE ARRECADAC,"-32.611,72",BANCO DO BRASIL C/MOV.                            ,148216,2024,paulinia,camara,SMARAPD Câmara de Paulínia
CÂMARA DO MUNICÍPIO DE PAULÍNIA, ,2.1.8.8.1.01.99.003 ,DIVERSOS                                          ,26/01/2024 00:00,ESTORNO DE ARRECADAC,"-560,40",BANCO DO BRASIL C/MOV.                            ,148222,2024,paulinia,camara,SMARAPD Câmara de Paulínia
CÂMARA DO MUNICÍPIO DE PAULÍNIA, ,2.1.8.8.3.01.04.001 ,IRRF - FOLHA DE PAGAMENTO                         ,26/01/2024 00:00,ESTORNO DE ARRECADAC,"-270.611,59",BANCO DO BRASIL C/MOV.                            ,148212,2024,paulinia,camara,SMARAPD Câmara de Paulínia
CÂMARA DO MUNICÍPIO DE PAULÍNIA, ,2.1.8.8.1.01.15.002 ,EMPRÉSTIMO CAIXA ECONOMICA FEDERAL                ,26/01/2024 00:00,ESTORNO DE ARRECADAC,"-24.330,49",BANCO DO BRASIL C/MOV.                            ,148217,2024,paulinia,camara,SMARAPD Câmara de Paulínia
CÂMARA DO MUNICÍPIO DE PAULÍNIA, ,2.1.8.8.5.01.08.001 ,I.S.S.Q.N. - RETENÇÃO PESSOA JURIDICA             ,21/02/2024 00:00,ARRECADACAO         ,"54,00",BANCO DO BRASIL C/MOV.                            ,120620,2024,paulinia,camara,SMARAPD Câmara de Paulínia
CÂMARA DO MUNICÍPIO DE PAULÍNIA, ,2.1.8.8.5.01.08.001 ,I.S.S.Q.N. - RETENÇÃO PESSOA JURIDICA             ,22/02/2024 00:00,ARRECADACAO         ,"43,30",BANCO DO BRASIL C/MOV.                            ,120627,2024,paulinia,camara,SMARAPD Câmara de Paulínia
CÂMARA DO MUNICÍPIO DE PAULÍNIA, ,2.1.8.8.5.01.08.001 ,I.S.S.Q.N. - RETENÇÃO PESSOA JURIDICA             ,09/02/2024 00:00,ARRECADACAO         ,"45,75",BANCO DO BRASIL C/MOV.                            ,120491,2024,paulinia,camara,SMARAPD Câmara de Paulínia
CÂMARA DO MUNICÍPIO DE PAULÍNIA, ,2.1.8.8.1.01.11.007 ,UNIMED                                            ,29/02/2024 00:00,ARRECADACAO         ,"32.610,44",BANCO DO BRASIL C/MOV.                            ,123753,2024,paulinia,camara,SMARAPD Câmara de Paulínia
CÂMARA DO MUNICÍPIO DE PAULÍNIA, ,2.1.8.8.3.01.04.002 ,IRRF - RETENÇÃO PESSOA JURIDICA                   ,09/02/2024 00:00,ARRECADACAO         ,"563,26",BANCO DO BRASIL C/MOV.                            ,120493,2024,paulinia,camara,SMARAPD Câmara de Paulínia
CÂMARA DO MUNICÍPIO DE PAULÍNIA, ,2.1.8.8.3.01.04.002 ,IRRF - RETENÇÃO PESSOA JURIDICA                   ,09/02/2024 00:00,ARRECADACAO         ,"1.030,61",BANCO DO BRASIL C/MOV.                            ,120495,2024,paulinia,camara,SMARAPD Câmara de Paulínia
CÂMARA DO MUNICÍPIO DE PAULÍNIA, ,2.1.8.8.3.01.04.002 ,IRRF - RETENÇÃO PESSOA JURIDICA                   ,15/02/2024 00:00,ARRECADACAO         ,"746,09",BANCO DO BRASIL C/MOV.                            ,120555,2024,paulinia,camara,SMARAPD Câmara de Paulínia
CÂMARA DO MUNICÍPIO DE PAULÍNIA, ,2.1.8.8.3.01.04.002 ,IRRF - RETENÇÃO PESSOA JURIDICA                   ,15/02/2024 00:00,ARRECADACAO         ,"1.949,19",BANCO DO BRASIL C/MOV.                            ,120558,2024,paulinia,camara,SMARAPD Câmara de Paulínia
CÂMARA DO MUNICÍPIO DE PAULÍNIA, ,2.1.8.8.1.01.99.001 ,ASMUP                                             ,29/02/2024 00:00,ARRECADACAO         ,"3.191,30",BANCO DO BRASIL C/MOV.                            ,123749,2024,paulinia,camara,SMARAPD Câmara de Paulínia
CÂMARA DO MUNICÍPIO DE PAULÍNIA, ,2.1.8.8.3.01.02.003 ,I.N.S.S.- FOLHA DE PAGAMENTO                      ,08/02/2024 00:00,ARRECADACAO         ,"133,26",BANCO DO BRASIL C/MOV.                            ,120426,2024,paulinia,camara,SMARAPD Câmara de Paulínia
CÂMARA DO MUNICÍPIO DE PAULÍNIA, ,2.1.8.8.5.01.08.001 ,I.S.S.Q.N. - RETENÇÃO PESSOA JURIDICA             ,19/02/2024 00:00,ESTORNO DE ARRECADAC,"-54,00",BANCO DO BRASIL C/MOV.                            ,148224,2024,paulinia,camara,SMARAPD Câmara de Paulínia
CÂMARA DO MUNICÍPIO DE PAULÍNIA, ,2.1.8.8.5.01.08.001 ,I.S.S.Q.N. - RETENÇÃO PESSOA JURIDICA             ,19/03/2024 00:00,ENTRADA [TRANSF CONT,"343,93",,148381,2024,paulinia,camara,SMARAPD Câmara de Paulínia
CÂMARA DO MUNICÍPIO DE PAULÍNIA, ,2.1.8.8.5.01.08.001 ,I.S.S.Q.N. - RETENÇÃO PESSOA JURIDICA             ,11/03/2024 00:00,ARRECADACAO         ,"37,10",BANCO DO BRASIL C/MOV.                            ,123818,2024,paulinia,camara,SMARAPD Câmara de Paulínia
CÂMARA DO MUNICÍPIO DE PAULÍNIA, ,2.1.8.8.5.01.08.001 ,I.S.S.Q.N. - RETENÇÃO PESSOA JURIDICA             ,12/03/2024 00:00,ARRECADACAO         ,"305,69",BANCO DO BRASIL C/MOV.                            ,123879,2024,paulinia,camara,SMARAPD Câmara de Paulínia
CÂMARA DO MUNICÍPIO DE PAULÍNIA, ,2.1.8.8.5.01.08.001 ,I.S.S.Q.N. - RETENÇÃO PESSOA JURIDICA             ,12/03/2024 00:00,ARRECADACAO         ,"808,08",BANCO DO BRASIL C/MOV.                            ,123881,2024,paulinia,camara,SMARAPD Câmara de Paulínia
CÂMARA DO MUNICÍPIO DE PAULÍNIA, ,2.1.8.8.5.01.08.001 ,I.S.S.Q.N. - RETENÇÃO PESSOA JURIDICA             ,14/03/2024 00:00,ARRECADACAO         ,"4.907,99",BANCO DO BRASIL C/MOV.                            ,124009,2024,paulinia,camara,SMARAPD Câmara de Paulínia
CÂMARA DO MUNICÍPIO DE PAULÍNIA, ,2.1.8.8.5.01.08.001 ,I.S.S.Q.N. - RETENÇÃO PESSOA JURIDICA             ,15/03/2024 00:00,ARRECADACAO         ,"38,46",BANCO DO BRASIL C/MOV.                            ,124020,2024,paulinia,camara,SMARAPD Câmara de Paulínia
CÂMARA DO MUNICÍPIO DE PAULÍNIA, ,2.1.8.8.5.01.08.001 ,I.S.S.Q.N. - RETENÇÃO PESSOA JURIDICA             ,18/03/2024 00:00,ARRECADACAO         ,"6,45",BANCO DO BRASIL C/MOV.                            ,124028,2024,paulinia,camara,SMARAPD Câmara de Paulínia
CÂMARA DO MUNICÍPIO DE PAULÍNIA, ,2.1.8.8.5.01.08.001 ,I.S.S.Q.N. - RETENÇÃO PESSOA JURIDICA             ,22/03/2024 00:00,ARRECADACAO         ,"43,90",BANCO DO BRASIL C/MOV.                            ,124041,2024,paulinia,camara,SMARAPD Câmara de Paulínia
CÂMARA DO MUNICÍPIO DE PAULÍNIA, ,2.1.8.8.3.01.02.002 ,I.N.S.S - RETENÇÃO PESSOA JURIDICA                ,12/03/2024 00:00,ARRECADACAO         ,"1.681,31",BANCO DO BRASIL C/MOV.                            ,123882,2024,paulinia,camara,SMARAPD Câmara de Paulínia
CÂMARA DO MUNICÍPIO DE PAULÍNIA, ,2.1.8.8.3.01.02.002 ,I.N.S.S - RETENÇÃO PESSOA JURIDICA                ,12/03/2024 00:00,ARRECADACAO         ,"4.444,47",BANCO DO BRASIL C/MOV.                            ,123884,2024,paulinia,camara,SMARAPD Câmara de Paulínia
CÂMARA DO MUNICÍPIO DE PAULÍNIA, ,2.1.8.8.3.01.02.002 ,I.N.S.S - RETENÇÃO PESSOA JURIDICA                ,14/03/2024 00:00,ARRECADACAO         ,"5.398,79",BANCO DO BRASIL C/MOV.                            ,124010,2024,paulinia,camara,SMARAPD Câmara de Paulínia
CÂMARA DO MUNICÍPIO DE PAULÍNIA, ,2.1.8.8.3.01.02.002 ,I.N.S.S - RETENÇÃO PESSOA JURIDICA                ,27/03/2024 00:00,ARRECADACAO         ,"2.269,74",BANCO DO BRASIL C/MOV.                            ,124176,2024,paulinia,camara,SMARAPD Câmara de Paulínia
CÂMARA DO MUNICÍPIO DE PAULÍNIA, ,2.1.8.8.3.01.04.002 ,IRRF - RETENÇÃO PESSOA JURIDICA                   ,11/03/2024 00:00,ARRECADACAO         ,"563,26",BANCO DO BRASIL C/MOV.                            ,123820,2024,paulinia,camara,SMARAPD Câmara de Paulínia
CÂMARA DO MUNICÍPIO DE PAULÍNIA, ,2.1.8.8.1.01.11.008 ,UNIODONTO CAMPINAS                                ,27/03/2024 00:00,ARRECADACAO         ,"1.376,44",SANTANDER PAULÍNIA                                ,124179,2024,paulinia,camara,SMARAPD Câmara de Paulínia
CÂMARA DO MUNICÍPIO DE PAULÍNIA, ,2.1.8.8.1.01.99.001 ,ASMUP                                             ,27/03/2024 00:00,ARRECADACAO         ,"3.224,20",SANTANDER PAULÍNIA                                ,124180,2024,paulinia,camara,SMARAPD Câmara de Paulínia
CÂMARA DO MUNICÍPIO DE PAULÍNIA, ,2.1.8.8.3.01.04.002 ,IRRF - RETENÇÃO PESSOA JURIDICA                   ,12/03/2024 00:00,ARRECADACAO         ,"733,66",BANCO DO BRASIL C/MOV.                            ,123880,2024,paulinia,camara,SMARAPD Câmara de Paulínia
CÂMARA DO MUNICÍPIO DE PAULÍNIA, ,2.1.8.8.3.01.04.002 ,IRRF - RETENÇÃO PESSOA JURIDICA                   ,14/03/2024 00:00,ARRECADACAO         ,"8.267,40",BANCO DO BRASIL C/MOV.                            ,124011,2024,paulinia,camara,SMARAPD Câmara de Paulínia
CÂMARA DO MUNICÍPIO DE PAULÍNIA, ,2.1.8.8.1.01.11.007 ,UNIMED                                            ,13/03/2024 00:00,ARRECADACAO         ,"410,41",BANCO DO BRASIL C/MOV.                            ,124003,2024,paulinia,camara,SMARAPD Câmara de Paulínia
CÂMARA DO MUNICÍPIO DE PAULÍNIA, ,2.1.8.8.5.01.08.001 ,I.S.S.Q.N. - RETENÇÃO PESSOA JURIDICA             ,25/03/2024 00:00,ARRECADACAO         ,"4,30",BANCO DO BRASIL C/MOV.                            ,124043,2024,paulinia,camara,SMARAPD Câmara de Paulínia
CÂMARA DO MUNICÍPIO DE PAULÍNIA, ,2.1.8.8.1.01.15.002 ,EMPRÉSTIMO CAIXA ECONOMICA FEDERAL                ,27/03/2024 00:00,ARRECADACAO         ,"24.330,49",SANTANDER PAULÍNIA                                ,124183,2024,paulinia,camara,SMARAPD Câmara de Paulínia
CÂMARA DO MUNICÍPIO DE PAULÍNIA, ,2.1.8.8.3.01.04.002 ,IRRF - RETENÇÃO PESSOA JURIDICA                   ,05/04/2024 00:00,ARRECADACAO         ,"1.939,41",BANCO DO BRASIL (APLICAÇÃO)                       ,127203,2024,paulinia,camara,SMARAPD Câmara de Paulínia
CÂMARA DO MUNICÍPIO DE PAULÍNIA, ,2.1.8.8.3.01.04.002 ,IRRF - RETENÇÃO PESSOA JURIDICA                   ,10/04/2024 00:00,ARRECADACAO         ,"422,40",BANCO DO BRASIL (APLICAÇÃO)                       ,127246,2024,paulinia,camara,SMARAPD Câmara de Paulínia
CÂMARA DO MUNICÍPIO DE PAULÍNIA, ,2.1.8.8.3.01.04.002 ,IRRF - RETENÇÃO PESSOA JURIDICA                   ,10/04/2024 00:00,ARRECADACAO         ,"563,26",BANCO DO BRASIL (APLICAÇÃO)                       ,127247,2024,paulinia,camara,SMARAPD Câmara de Paulínia
CÂMARA DO MUNICÍPIO DE PAULÍNIA, ,2.1.8.8.3.01.04.002 ,IRRF - RETENÇÃO PESSOA JURIDICA                   ,10/04/2024 00:00,ARRECADACAO         ,"1.030,61",BANCO DO BRASIL (APLICAÇÃO)                       ,127250,2024,paulinia,camara,SMARAPD Câmara de Paulínia
CÂMARA DO MUNICÍPIO DE PAULÍNIA, ,2.1.8.8.3.01.02.002 ,I.N.S.S - RETENÇÃO PESSOA JURIDICA                ,10/04/2024 00:00,ARRECADACAO         ,"5.398,79",BANCO DO BRASIL (APLICAÇÃO)                       ,127254,2024,paulinia,camara,SMARAPD Câmara de Paulínia
CÂMARA DO MUNICÍPIO DE PAULÍNIA, ,2.1.8.8.5.01.08.001 ,I.S.S.Q.N. - RETENÇÃO PESSOA JURIDICA             ,05/04/2024 00:00,ARRECADACAO         ,"1,61",BANCO DO BRASIL (APLICAÇÃO)                       ,127201,2024,paulinia,camara,SMARAPD Câmara de Paulínia
CÂMARA DO MUNICÍPIO DE PAULÍNIA, ,2.1.8.8.5.01.08.001 ,I.S.S.Q.N. - RETENÇÃO PESSOA JURIDICA             ,05/04/2024 00:00,ARRECADACAO         ,"808,08",BANCO DO BRASIL (APLICAÇÃO)                       ,127202,2024,paulinia,camara,SMARAPD Câmara de Paulínia
CÂMARA DO MUNICÍPIO DE PAULÍNIA, ,2.1.8.8.5.01.08.001 ,I.S.S.Q.N. - RETENÇÃO PESSOA JURIDICA             ,10/04/2024 00:00,ARRECADACAO         ,"4.907,99",BANCO DO BRASIL (APLICAÇÃO)                       ,127253,2024,paulinia,camara,SMARAPD Câmara de Paulínia
CÂMARA DO MUNICÍPIO DE PAULÍNIA, ,2.1.8.8.5.01.08.001 ,I.S.S.Q.N. - RETENÇÃO PESSOA JURIDICA             ,22/04/2024 00:00,ARRECADACAO         ,"54,00",BANCO DO BRASIL (APLICAÇÃO)                       ,127404,2024,paulinia,camara,SMARAPD Câmara de Paulínia
CÂMARA DO MUNICÍPIO DE PAULÍNIA, ,2.1.8.8.5.01.08.001 ,I.S.S.Q.N. - RETENÇÃO PESSOA JURIDICA             ,22/04/2024 00:00,ARRECADACAO         ,"305,71",BANCO DO BRASIL (APLICAÇÃO)                       ,127406,2024,paulinia,camara,SMARAPD Câmara de Paulínia
CÂMARA DO MUNICÍPIO DE PAULÍNIA, ,2.1.8.8.3.01.04.002 ,IRRF - RETENÇÃO PESSOA JURIDICA                   ,16/04/2024 00:00,ARRECADACAO         ,"357,62",BANCO DO BRASIL (APLICAÇÃO)                       ,127334,2024,paulinia,camara,SMARAPD Câmara de Paulínia
CÂMARA DO MUNICÍPIO DE PAULÍNIA, ,2.1.8.8.3.01.04.002 ,IRRF - RETENÇÃO PESSOA JURIDICA                   ,19/04/2024 00:00,ARRECADACAO         ,"1.177,92",BANCO DO BRASIL (APLICAÇÃO)                       ,127364,2024,paulinia,camara,SMARAPD Câmara de Paulínia
CÂMARA DO MUNICÍPIO DE PAULÍNIA, ,2.1.8.8.3.01.04.001 ,IRRF - FOLHA DE PAGAMENTO                         ,08/04/2024 00:00,ARRECADACAO         ,"116,37",SANTANDER PAULÍNIA                                ,127212,2024,paulinia,camara,SMARAPD Câmara de Paulínia
CÂMARA DO MUNICÍPIO DE PAULÍNIA, ,2.1.8.8.3.01.04.001 ,IRRF - FOLHA DE PAGAMENTO                         ,25/04/2024 00:00,ARRECADACAO         ,"382,95",SANTANDER PAULÍNIA                                ,127416,2024,paulinia,camara,SMARAPD Câmara de Paulínia
CÂMARA DO MUNICÍPIO DE PAULÍNIA, ,2.1.8.8.3.01.04.001 ,IRRF - FOLHA DE PAGAMENTO                         ,29/04/2024 00:00,ARRECADACAO         ,"277.108,21",SANTANDER PAULÍNIA                                ,127451,2024,paulinia,camara,SMARAPD Câmara de Paulínia
CÂMARA DO MUNICÍPIO DE PAULÍNIA, ,2.1.8.8.1.01.13.002 ,MENSALIDADE SINDICATO                             ,29/04/2024 00:00,ARRECADACAO         ,"55,00",SANTANDER PAULÍNIA                                ,127440,2024,paulinia,camara,SMARAPD Câmara de Paulínia
CÂMARA DO MUNICÍPIO DE PAULÍNIA, ,2.1.8.8.1.04.99.002 ,RENDIMENTOS DE APLICAÇÕES FINANCEIRAS             ,30/04/2024 00:00,ARRECADACAO         ,"25.973,88",BANCO DO BRASIL (APLICAÇÃO)                       ,147573,2024,paulinia,camara,SMARAPD Câmara de Paulínia
CÂMARA DO MUNICÍPIO DE PAULÍNIA, ,2.1.8.8.3.01.02.003 ,I.N.S.S.- FOLHA DE PAGAMENTO                      ,23/04/2024 00:00,ARRECADACAO         ,"600,77",BANCO DO BRASIL (APLICAÇÃO)                       ,127408,2024,paulinia,camara,SMARAPD Câmara de Paulínia
CÂMARA DO MUNICÍPIO DE PAULÍNIA, ,2.1.8.8.1.01.11.007 ,UNIMED                                            ,08/04/2024 00:00,ARRECADACAO         ,"258,95",SANTANDER PAULÍNIA                                ,127213,2024,paulinia,camara,SMARAPD Câmara de Paulínia
CÂMARA DO MUNICÍPIO DE PAULÍNIA, ,2.1.8.8.1.01.11.008 ,UNIODONTO CAMPINAS                                ,25/04/2024 00:00,ARRECADACAO         ,"11,10",SANTANDER PAULÍNIA                                ,127413,2024,paulinia,camara,SMARAPD Câmara de Paulínia
CÂMARA DO MUNICÍPIO DE PAULÍNIA, ,2.1.8.8.1.01.99.001 ,ASMUP                                             ,29/04/2024 00:00,ARRECADACAO         ,"3.257,10",SANTANDER PAULÍNIA                                ,127443,2024,paulinia,camara,SMARAPD Câmara de Paulínia
CÂMARA DO MUNICÍPIO DE PAULÍNIA, ,2.1.8.8.1.01.10.001 ,DEPÓSITO JUDICIAL                                 ,29/04/2024 00:00,ARRECADACAO         ,"3.537,83",SANTANDER PAULÍNIA                                ,127444,2024,paulinia,camara,SMARAPD Câmara de Paulínia
CÂMARA DO MUNICÍPIO DE PAULÍNIA, ,2.1.8.8.1.01.11.005 ,SAMARITANO                                        ,29/04/2024 00:00,ARRECADACAO         ,"6.527,17",SANTANDER PAULÍNIA                                ,127445,2024,paulinia,camara,SMARAPD Câmara de Paulínia
CÂMARA DO MUNICÍPIO DE PAULÍNIA, ,2.1.8.8.5.01.08.001 ,I.S.S.Q.N. - RETENÇÃO PESSOA JURIDICA             ,01/04/2024 00:00,ARRECADACAO         ,"6,45",BANCO DO BRASIL C/MOV.                            ,127181,2024,paulinia,camara,SMARAPD Câmara de Paulínia
CÂMARA DO MUNICÍPIO DE PAULÍNIA, ,2.1.8.8.3.01.02.002 ,I.N.S.S - RETENÇÃO PESSOA JURIDICA                ,19/04/2024 00:00,ESTORNO DE ARRECADAC,"-5.398,79",BANCO DO BRASIL C/MOV.                            ,148229,2024,paulinia,camara,SMARAPD Câmara de Paulínia
CÂMARA DO MUNICÍPIO DE PAULÍNIA, ,4.5.1.1.2.02.00.000 ,REPASSE RECEBIDO                                  ,20/05/2024 00:00,ARRECADACAO         ,"3.875.000,00",BANCO DO BRASIL C/MOV.                            ,148367,2024,paulinia,camara,SMARAPD Câmara de Paulínia
CÂMARA DO MUNICÍPIO DE PAULÍNIA, ,2.1.8.8.5.01.08.001 ,I.S.S.Q.N. - RETENÇÃO PESSOA JURIDICA             ,06/05/2024 00:00,ARRECADACAO         ,"4,83",BANCO DO BRASIL (APLICAÇÃO)                       ,130543,2024,paulinia,camara,SMARAPD Câmara de Paulínia
CÂMARA DO MUNICÍPIO DE PAULÍNIA, ,2.1.8.8.5.01.08.001 ,I.S.S.Q.N. - RETENÇÃO PESSOA JURIDICA             ,08/05/2024 00:00,ARRECADACAO         ,"808,08",BANCO DO BRASIL (APLICAÇÃO)                       ,130547,2024,paulinia,camara,SMARAPD Câmara de Paulínia
CÂMARA DO MUNICÍPIO DE PAULÍNIA, ,2.1.8.8.5.01.08.001 ,I.S.S.Q.N. - RETENÇÃO PESSOA JURIDICA             ,13/05/2024 00:00,ARRECADACAO         ,"91,13",BANCO DO BRASIL (APLICAÇÃO)                       ,130694,2024,paulinia,camara,SMARAPD Câmara de Paulínia
CÂMARA DO MUNICÍPIO DE PAULÍNIA, ,2.1.8.8.5.01.08.001 ,I.S.S.Q.N. - RETENÇÃO PESSOA JURIDICA             ,15/05/2024 00:00,ARRECADACAO         ,"44,44",BANCO DO BRASIL (APLICAÇÃO)                       ,130702,2024,paulinia,camara,SMARAPD Câmara de Paulínia
CÂMARA DO MUNICÍPIO DE PAULÍNIA, ,2.1.8.8.5.01.08.001 ,I.S.S.Q.N. - RETENÇÃO PESSOA JURIDICA             ,20/05/2024 00:00,ARRECADACAO         ,"399,92",BANCO DO BRASIL (APLICAÇÃO)                       ,130725,2024,paulinia,camara,SMARAPD Câmara de Paulínia
CÂMARA DO MUNICÍPIO DE PAULÍNIA, ,2.1.8.8.5.01.08.001 ,I.S.S.Q.N. - RETENÇÃO PESSOA JURIDICA             ,27/05/2024 00:00,ARRECADACAO         ,"1,61",BANCO DO BRASIL (APLICAÇÃO)                       ,130850,2024,paulinia,camara,SMARAPD Câmara de Paulínia
CÂMARA DO MUNICÍPIO DE PAULÍNIA, ,2.1.8.8.3.01.04.002 ,IRRF - RETENÇÃO PESSOA JURIDICA                   ,15/05/2024 00:00,ARRECADACAO         ,"1.177,92",BANCO DO BRASIL (APLICAÇÃO)                       ,130704,2024,paulinia,camara,SMARAPD Câmara de Paulínia
CÂMARA DO MUNICÍPIO DE PAULÍNIA, ,2.1.8.8.3.01.04.002 ,IRRF - RETENÇÃO PESSOA JURIDICA                   ,16/05/2024 00:00,ARRECADACAO         ,"348,51",BANCO DO BRASIL (APLICAÇÃO)                       ,130708,2024,paulinia,camara,SMARAPD Câmara de Paulínia
CÂMARA DO MUNICÍPIO DE PAULÍNIA, ,2.1.8.8.3.01.04.002 ,IRRF - RETENÇÃO PESSOA JURIDICA                   ,16/05/2024 00:00,ARRECADACAO         ,"480,19",BANCO DO BRASIL (APLICAÇÃO)                       ,130709,2024,paulinia,camara,SMARAPD Câmara de Paulínia
CÂMARA DO MUNICÍPIO DE PAULÍNIA, ,2.1.8.8.3.01.04.002 ,IRRF - RETENÇÃO PESSOA JURIDICA                   ,16/05/2024 00:00,ARRECADACAO         ,"8.969,54",BANCO DO BRASIL (APLICAÇÃO)                       ,130710,2024,paulinia,camara,SMARAPD Câmara de Paulínia
CÂMARA DO MUNICÍPIO DE PAULÍNIA, ,2.1.8.8.3.01.02.002 ,I.N.S.S - RETENÇÃO PESSOA JURIDICA                ,14/05/2024 00:00,ARRECADACAO         ,"1.681,31",BANCO DO BRASIL (APLICAÇÃO)                       ,130698,2024,paulinia,camara,SMARAPD Câmara de Paulínia
CÂMARA DO MUNICÍPIO DE PAULÍNIA, ,2.1.8.8.5.01.08.001 ,I.S.S.Q.N. - RETENÇÃO PESSOA JURIDICA             ,03/05/2024 00:00,ARRECADACAO         ,"205,16",BANCO DO BRASIL (APLICAÇÃO)                       ,130531,2024,paulinia,camara,SMARAPD Câmara de Paulínia
CÂMARA DO MUNICÍPIO DE PAULÍNIA, ,2.1.8.8.3.01.04.002 ,IRRF - RETENÇÃO PESSOA JURIDICA                   ,02/05/2024 00:00,ARRECADACAO         ,"880,79",BANCO DO BRASIL (APLICAÇÃO)                       ,130529,2024,paulinia,camara,SMARAPD Câmara de Paulínia
CÂMARA DO MUNICÍPIO DE PAULÍNIA, ,2.1.8.8.3.01.04.002 ,IRRF - RETENÇÃO PESSOA JURIDICA                   ,08/05/2024 00:00,ARRECADACAO         ,"1.939,41",BANCO DO BRASIL (APLICAÇÃO)                       ,130548,2024,paulinia,camara,SMARAPD Câmara de Paulínia
CÂMARA DO MUNICÍPIO DE PAULÍNIA, ,2.1.8.8.3.01.04.002 ,IRRF - RETENÇÃO PESSOA JURIDICA                   ,10/05/2024 00:00,ARRECADACAO         ,"680,53",BANCO DO BRASIL (APLICAÇÃO)                       ,130582,2024,paulinia,camara,SMARAPD Câmara de Paulínia
CÂMARA DO MUNICÍPIO DE PAULÍNIA, ,2.1.8.8.3.01.04.002 ,IRRF - RETENÇÃO PESSOA JURIDICA                   ,10/05/2024 00:00,ARRECADACAO         ,"1.030,61",BANCO DO BRASIL (APLICAÇÃO)                       ,130583,2024,paulinia,camara,SMARAPD Câmara de Paulínia
CÂMARA DO MUNICÍPIO DE PAULÍNIA, ,2.1.8.8.3.01.04.002 ,IRRF - RETENÇÃO PESSOA JURIDICA                   ,14/05/2024 00:00,ARRECADACAO         ,"733,66",BANCO DO BRASIL (APLICAÇÃO)                       ,130697,2024,paulinia,camara,SMARAPD Câmara de Paulínia
CÂMARA DO MUNICÍPIO DE PAULÍNIA, ,2.1.8.8.3.01.04.002 ,IRRF - RETENÇÃO PESSOA JURIDICA                   ,15/05/2024 00:00,ARRECADACAO         ,"42,66",BANCO DO BRASIL (APLICAÇÃO)                       ,130701,2024,paulinia,camara,SMARAPD Câmara de Paulínia
CÂMARA DO MUNICÍPIO DE PAULÍNIA, ,2.1.8.8.3.01.04.001 ,IRRF - FOLHA DE PAGAMENTO                         ,28/05/2024 00:00,ARRECADACAO         ,"108.142,42",SANTANDER PAULÍNIA                                ,130876,2024,paulinia,camara,SMARAPD Câmara de Paulínia
CÂMARA DO MUNICÍPIO DE PAULÍNIA, ,2.1.8.8.3.01.02.003 ,I.N.S.S.- FOLHA DE PAGAMENTO                      ,28/05/2024 00:00,ARRECADACAO         ,"59.561,96",SANTANDER PAULÍNIA                                ,130875,2024,paulinia,camara,SMARAPD Câmara de Paulínia
CÂMARA DO MUNICÍPIO DE PAULÍNIA, ,2.1.8.8.1.01.13.002 ,MENSALIDADE SINDICATO                             ,28/05/2024 00:00,ARRECADACAO         ,"55,00",SANTANDER PAULÍNIA                                ,130854,2024,paulinia,camara,SMARAPD Câmara de Paulínia
CÂMARA DO MUNICÍPIO DE PAULÍNIA, ,2.1.8.8.1.04.99.002 ,RENDIMENTOS DE APLICAÇÕES FINANCEIRAS             ,29/05/2024 00:00,ARRECADACAO         ,"33.372,68",BANCO DO BRASIL (APLICAÇÃO)                       ,147675,2024,paulinia,camara,SMARAPD Câmara de Paulínia
CÂMARA DO MUNICÍPIO DE PAULÍNIA, ,2.1.8.8.1.01.99.003 ,DIVERSOS                                          ,28/05/2024 00:00,ARRECADACAO         ,"560,40",SANTANDER PAULÍNIA                                ,130856,2024,paulinia,camara,SMARAPD Câmara de Paulínia
CÂMARA DO MUNICÍPIO DE PAULÍNIA, ,2.1.8.8.1.01.11.007 ,UNIMED                                            ,28/05/2024 00:00,ARRECADACAO         ,"338,22",SANTANDER PAULÍNIA                                ,130855,2024,paulinia,camara,SMARAPD Câmara de Paulínia
CÂMARA DO MUNICÍPIO DE PAULÍNIA, ,2.1.8.8.1.01.11.008 ,UNIODONTO CAMPINAS                                ,28/05/2024 00:00,ARRECADACAO         ,"588,50",SANTANDER PAULÍNIA                                ,130857,2024,paulinia,camara,SMARAPD Câmara de Paulínia
CÂMARA DO MUNICÍPIO DE PAULÍNIA, ,2.1.8.8.1.01.11.008 ,UNIODONTO CAMPINAS                                ,28/05/2024 00:00,ARRECADACAO         ,"810,15",SANTANDER PAULÍNIA                                ,130859,2024,paulinia,camara,SMARAPD Câmara de Paulínia
CÂMARA DO MUNICÍPIO DE PAULÍNIA, ,2.1.8.8.1.01.15.001 ,EMPRÉSTIMO BANCO DO BRASIL                        ,28/05/2024 00:00,ARRECADACAO         ,"16.338,56",SANTANDER PAULÍNIA                                ,130872,2024,paulinia,camara,SMARAPD Câmara de Paulínia
CÂMARA DO MUNICÍPIO DE PAULÍNIA, ,2.1.8.8.1.01.10.001 ,DEPÓSITO JUDICIAL                                 ,28/05/2024 00:00,ARRECADACAO         ,"1.232,89",SANTANDER PAULÍNIA                                ,130861,2024,paulinia,camara,SMARAPD Câmara de Paulínia
CÂMARA DO MUNICÍPIO DE PAULÍNIA, ,2.1.8.8.1.01.10.001 ,DEPÓSITO JUDICIAL                                 ,28/05/2024 00:00,ARRECADACAO         ,"3.336,30",SANTANDER PAULÍNIA                                ,130866,2024,paulinia,camara,SMARAPD Câmara de Paulínia
CÂMARA DO MUNICÍPIO DE PAULÍNIA, ,2.1.8.8.1.01.15.002 ,EMPRÉSTIMO CAIXA ECONOMICA FEDERAL                ,28/05/2024 00:00,ARRECADACAO         ,"6.161,05",SANTANDER PAULÍNIA                                ,130869,2024,paulinia,camara,SMARAPD Câmara de Paulínia
CÂMARA DO MUNICÍPIO DE PAULÍNIA, ,4.5.1.1.2.02.00.000 ,REPASSE RECEBIDO                                  ,20/06/2024 00:00,ARRECADACAO         ,"3.875.000,00",BANCO DO BRASIL C/MOV.                            ,148368,2024,paulinia,camara,SMARAPD Câmara de Paulínia
CÂMARA DO MUNICÍPIO DE PAULÍNIA, ,2.1.8.8.5.01.08.001 ,I.S.S.Q.N. - RETENÇÃO PESSOA JURIDICA             ,03/06/2024 00:00,ARRECADACAO         ,"1,08",BANCO DO BRASIL (APLICAÇÃO)                       ,133858,2024,paulinia,camara,SMARAPD Câmara de Paulínia
CÂMARA DO MUNICÍPIO DE PAULÍNIA, ,2.1.8.8.5.01.08.001 ,I.S.S.Q.N. - RETENÇÃO PESSOA JURIDICA             ,18/06/2024 00:00,ARRECADACAO         ,"295,52",BANCO DO BRASIL (APLICAÇÃO)                       ,133997,2024,paulinia,camara,SMARAPD Câmara de Paulínia
CÂMARA DO MUNICÍPIO DE PAULÍNIA, ,2.1.8.8.5.01.08.001 ,I.S.S.Q.N. - RETENÇÃO PESSOA JURIDICA             ,25/06/2024 00:00,ARRECADACAO         ,"1,08",BANCO DO BRASIL (APLICAÇÃO)                       ,134098,2024,paulinia,camara,SMARAPD Câmara de Paulínia
CÂMARA DO MUNICÍPIO DE PAULÍNIA, ,2.1.8.8.5.01.08.001 ,I.S.S.Q.N. - RETENÇÃO PESSOA JURIDICA             ,25/06/2024 00:00,ARRECADACAO         ,"1,61",BANCO DO BRASIL (APLICAÇÃO)                       ,134099,2024,paulinia,camara,SMARAPD Câmara de Paulínia
CÂMARA DO MUNICÍPIO DE PAULÍNIA, ,2.1.8.8.5.01.08.001 ,I.S.S.Q.N. - RETENÇÃO PESSOA JURIDICA             ,25/06/2024 00:00,ARRECADACAO         ,"4,83",BANCO DO BRASIL (APLICAÇÃO)                       ,134100,2024,paulinia,camara,SMARAPD Câmara de Paulínia
CÂMARA DO MUNICÍPIO DE PAULÍNIA, ,2.1.8.8.3.01.04.002 ,IRRF - RETENÇÃO PESSOA JURIDICA                   ,03/06/2024 00:00,ARRECADACAO         ,"4,66",BANCO DO BRASIL (APLICAÇÃO)                       ,133859,2024,paulinia,camara,SMARAPD Câmara de Paulínia
CÂMARA DO MUNICÍPIO DE PAULÍNIA, ,2.1.8.8.3.01.04.002 ,IRRF - RETENÇÃO PESSOA JURIDICA                   ,06/06/2024 00:00,ARRECADACAO         ,"2.190,15",BANCO DO BRASIL (APLICAÇÃO)                       ,133869,2024,paulinia,camara,SMARAPD Câmara de Paulínia
CÂMARA DO MUNICÍPIO DE PAULÍNIA, ,2.1.8.8.3.01.04.002 ,IRRF - RETENÇÃO PESSOA JURIDICA                   ,10/06/2024 00:00,ARRECADACAO         ,"683,86",BANCO DO BRASIL (APLICAÇÃO)                       ,133888,2024,paulinia,camara,SMARAPD Câmara de Paulínia
CÂMARA DO MUNICÍPIO DE PAULÍNIA, ,2.1.8.8.3.01.04.002 ,IRRF - RETENÇÃO PESSOA JURIDICA                   ,10/06/2024 00:00,ARRECADACAO         ,"1.030,61",BANCO DO BRASIL (APLICAÇÃO)                       ,133889,2024,paulinia,camara,SMARAPD Câmara de Paulínia
CÂMARA DO MUNICÍPIO DE PAULÍNIA, ,2.1.8.8.3.01.04.002 ,IRRF - RETENÇÃO PESSOA JURIDICA                   ,14/06/2024 00:00,ARRECADACAO         ,"480,19",BANCO DO BRASIL (APLICAÇÃO)                       ,133973,2024,paulinia,camara,SMARAPD Câmara de Paulínia
CÂMARA DO MUNICÍPIO DE PAULÍNIA, ,2.1.8.8.3.01.04.002 ,IRRF - RETENÇÃO PESSOA JURIDICA                   ,21/06/2024 00:00,ARRECADACAO         ,"48,00",BANCO DO BRASIL (APLICAÇÃO)                       ,134058,2024,paulinia,camara,SMARAPD Câmara de Paulínia
CÂMARA DO MUNICÍPIO DE PAULÍNIA, ,2.1.8.8.3.01.04.002 ,IRRF - RETENÇÃO PESSOA JURIDICA                   ,21/06/2024 00:00,ARRECADACAO         ,"48,00",BANCO DO BRASIL (APLICAÇÃO)                       ,134059,2024,paulinia,camara,SMARAPD Câmara de Paulínia
CÂMARA DO MUNICÍPIO DE PAULÍNIA, ,2.1.8.8.3.01.04.002 ,IRRF - RETENÇÃO PESSOA JURIDICA                   ,21/06/2024 00:00,ARRECADACAO         ,"48,00",BANCO DO BRASIL (APLICAÇÃO)                       ,134060,2024,paulinia,camara,SMARAPD Câmara de Paulínia
CÂMARA DO MUNICÍPIO DE PAULÍNIA, ,2.1.8.8.3.01.04.002 ,IRRF - RETENÇÃO PESSOA JURIDICA                   ,24/06/2024 00:00,ARRECADACAO         ,"343,41",BANCO DO BRASIL (APLICAÇÃO)                       ,134097,2024,paulinia,camara,SMARAPD Câmara de Paulínia
CÂMARA DO MUNICÍPIO DE PAULÍNIA, ,2.1.8.8.3.01.02.002 ,I.N.S.S - RETENÇÃO PESSOA JURIDICA                ,14/06/2024 00:00,ARRECADACAO         ,"5.398,79",BANCO DO BRASIL (APLICAÇÃO)                       ,133981,2024,paulinia,camara,SMARAPD Câmara de Paulínia
CÂMARA DO MUNICÍPIO DE PAULÍNIA, ,2.1.8.8.3.01.02.003 ,I.N.S.S.- FOLHA DE PAGAMENTO                      ,27/06/2024 00:00,ARRECADACAO         ,"59.829,16",SANTANDER PAULÍNIA                                ,134124,2024,paulinia,camara,SMARAPD Câmara de Paulínia
CÂMARA DO MUNICÍPIO DE PAULÍNIA, ,2.1.8.8.1.04.99.002 ,RENDIMENTOS DE APLICAÇÕES FINANCEIRAS             ,28/06/2024 00:00,ARRECADACAO         ,"33.436,04",BANCO DO BRASIL (APLICAÇÃO)                       ,147771,2024,paulinia,camara,SMARAPD Câmara de Paulínia
CÂMARA DO MUNICÍPIO DE PAULÍNIA, ,2.1.8.8.1.01.13.002 ,MENSALIDADE SINDICATO                             ,27/06/2024 00:00,ARRECADACAO         ,"55,00",SANTANDER PAULÍNIA                                ,134108,2024,paulinia,camara,SMARAPD Câmara de Paulínia
CÂMARA DO MUNICÍPIO DE PAULÍNIA, ,2.1.8.8.1.01.03.001 ,PAULÍNIA PREVI                                    ,27/06/2024 00:00,ARRECADACAO         ,"119.483,54",SANTANDER PAULÍNIA                                ,134126,2024,paulinia,camara,SMARAPD Câmara de Paulínia
CÂMARA DO MUNICÍPIO DE PAULÍNIA, ,2.1.8.8.1.01.15.001 ,EMPRÉSTIMO BANCO DO BRASIL                        ,27/06/2024 00:00,ARRECADACAO         ,"40.778,29",SANTANDER PAULÍNIA                                ,134123,2024,paulinia,camara,SMARAPD Câmara de Paulínia
CÂMARA DO MUNICÍPIO DE PAULÍNIA, ,2.1.8.8.1.01.99.001 ,ASMUP                                             ,27/06/2024 00:00,ARRECADACAO         ,"1.743,70",SANTANDER PAULÍNIA                                ,134115,2024,paulinia,camara,SMARAPD Câmara de Paulínia
CÂMARA DO MUNICÍPIO DE PAULÍNIA, ,2.1.8.8.1.01.11.005 ,SAMARITANO                                        ,27/06/2024 00:00,ARRECADACAO         ,"913,89",SANTANDER PAULÍNIA                                ,134112,2024,paulinia,camara,SMARAPD Câmara de Paulínia
CÂMARA DO MUNICÍPIO DE PAULÍNIA, ,2.1.8.8.1.01.15.002 ,EMPRÉSTIMO CAIXA ECONOMICA FEDERAL                ,27/06/2024 00:00,ARRECADACAO         ,"4.977,77",SANTANDER PAULÍNIA                                ,134117,2024,paulinia,camara,SMARAPD Câmara de Paulínia
CÂMARA DO MUNICÍPIO DE PAULÍNIA, ,2.1.8.8.1.01.15.002 ,EMPRÉSTIMO CAIXA ECONOMICA FEDERAL                ,27/06/2024 00:00,ARRECADACAO         ,"16.233,99",SANTANDER PAULÍNIA                                ,134120,2024,paulinia,camara,SMARAPD Câmara de Paulínia
CÂMARA DO MUNICÍPIO DE PAULÍNIA, ,2.1.8.8.1.01.11.005 ,SAMARITANO                                        ,10/07/2024 00:00,ARRECADACAO         ,"109,53",BANCO DO BRASIL (APLICAÇÃO)                       ,137209,2024,paulinia,camara,SMARAPD Câmara de Paulínia
CÂMARA DO MUNICÍPIO DE PAULÍNIA, ,2.1.8.8.5.01.08.001 ,I.S.S.Q.N. - RETENÇÃO PESSOA JURIDICA             ,05/07/2024 00:00,ARRECADACAO         ,"4,82",BANCO DO BRASIL (APLICAÇÃO)                       ,137189,2024,paulinia,camara,SMARAPD Câmara de Paulínia
CÂMARA DO MUNICÍPIO DE PAULÍNIA, ,2.1.8.8.5.01.08.001 ,I.S.S.Q.N. - RETENÇÃO PESSOA JURIDICA             ,05/07/2024 00:00,ARRECADACAO         ,"23,66",BANCO DO BRASIL (APLICAÇÃO)                       ,137191,2024,paulinia,camara,SMARAPD Câmara de Paulínia
CÂMARA DO MUNICÍPIO DE PAULÍNIA, ,2.1.8.8.5.01.08.001 ,I.S.S.Q.N. - RETENÇÃO PESSOA JURIDICA             ,05/07/2024 00:00,ARRECADACAO         ,"808,08",BANCO DO BRASIL (APLICAÇÃO)                       ,137192,2024,paulinia,camara,SMARAPD Câmara de Paulínia
CÂMARA DO MUNICÍPIO DE PAULÍNIA, ,2.1.8.8.5.01.08.001 ,I.S.S.Q.N. - RETENÇÃO PESSOA JURIDICA             ,16/07/2024 00:00,ARRECADACAO         ,"4,30",BANCO DO BRASIL (APLICAÇÃO)                       ,137366,2024,paulinia,camara,SMARAPD Câmara de Paulínia
CÂMARA DO MUNICÍPIO DE PAULÍNIA, ,2.1.8.8.5.01.08.001 ,I.S.S.Q.N. - RETENÇÃO PESSOA JURIDICA             ,16/07/2024 00:00,ARRECADACAO         ,"6,45",BANCO DO BRASIL (APLICAÇÃO)                       ,137367,2024,paulinia,camara,SMARAPD Câmara de Paulínia
CÂMARA DO MUNICÍPIO DE PAULÍNIA, ,2.1.8.8.5.01.08.001 ,I.S.S.Q.N. - RETENÇÃO PESSOA JURIDICA             ,16/07/2024 00:00,ARRECADACAO         ,"8,60",BANCO DO BRASIL (APLICAÇÃO)                       ,137368,2024,paulinia,camara,SMARAPD Câmara de Paulínia
CÂMARA DO MUNICÍPIO DE PAULÍNIA, ,2.1.8.8.5.01.08.001 ,I.S.S.Q.N. - RETENÇÃO PESSOA JURIDICA             ,24/07/2024 00:00,ARRECADACAO         ,"305,69",BANCO DO BRASIL (APLICAÇÃO)                       ,137444,2024,paulinia,camara,SMARAPD Câmara de Paulínia
CÂMARA DO MUNICÍPIO DE PAULÍNIA, ,2.1.8.8.3.01.04.002 ,IRRF - RETENÇÃO PESSOA JURIDICA                   ,01/07/2024 00:00,ARRECADACAO         ,"650,62",BANCO DO BRASIL (APLICAÇÃO)                       ,137164,2024,paulinia,camara,SMARAPD Câmara de Paulínia
CÂMARA DO MUNICÍPIO DE PAULÍNIA, ,2.1.8.8.3.01.04.002 ,IRRF - RETENÇÃO PESSOA JURIDICA                   ,10/07/2024 00:00,ARRECADACAO         ,"667,61",BANCO DO BRASIL (APLICAÇÃO)                       ,137214,2024,paulinia,camara,SMARAPD Câmara de Paulínia
CÂMARA DO MUNICÍPIO DE PAULÍNIA, ,2.1.8.8.3.01.04.002 ,IRRF - RETENÇÃO PESSOA JURIDICA                   ,10/07/2024 00:00,ARRECADACAO         ,"1.030,61",BANCO DO BRASIL (APLICAÇÃO)                       ,137215,2024,paulinia,camara,SMARAPD Câmara de Paulínia
CÂMARA DO MUNICÍPIO DE PAULÍNIA, ,2.1.8.8.3.01.04.002 ,IRRF - RETENÇÃO PESSOA JURIDICA                   ,15/07/2024 00:00,ARRECADACAO         ,"8.969,54",BANCO DO BRASIL (APLICAÇÃO)                       ,137365,2024,paulinia,camara,SMARAPD Câmara de Paulínia
CÂMARA DO MUNICÍPIO DE PAULÍNIA, ,2.1.8.8.3.01.04.002 ,IRRF - RETENÇÃO PESSOA JURIDICA                   ,18/07/2024 00:00,ARRECADACAO         ,"224,83",BANCO DO BRASIL (APLICAÇÃO)                       ,137377,2024,paulinia,camara,SMARAPD Câmara de Paulínia
CÂMARA DO MUNICÍPIO DE PAULÍNIA, ,2.1.8.8.3.01.04.002 ,IRRF - RETENÇÃO PESSOA JURIDICA                   ,19/07/2024 00:00,ARRECADACAO         ,"1.177,92",BANCO DO BRASIL (APLICAÇÃO)                       ,137382,2024,paulinia,camara,SMARAPD Câmara de Paulínia
CÂMARA DO MUNICÍPIO DE PAULÍNIA, ,2.1.8.8.3.01.04.002 ,IRRF - RETENÇÃO PESSOA JURIDICA                   ,24/07/2024 00:00,ARRECADACAO         ,"733,66",BANCO DO BRASIL (APLICAÇÃO)                       ,137446,2024,paulinia,camara,SMARAPD Câmara de Paulínia
CÂMARA DO MUNICÍPIO DE PAULÍNIA, ,2.1.8.8.3.01.04.002 ,IRRF - RETENÇÃO PESSOA JURIDICA                   ,25/07/2024 00:00,ARRECADACAO         ,"48,00",BANCO DO BRASIL (APLICAÇÃO)                       ,137449,2024,paulinia,camara,SMARAPD Câmara de Paulínia
CÂMARA DO MUNICÍPIO DE PAULÍNIA, ,2.1.8.8.3.01.02.002 ,I.N.S.S - RETENÇÃO PESSOA JURIDICA                ,05/07/2024 00:00,ARRECADACAO         ,"4.444,47",BANCO DO BRASIL (APLICAÇÃO)                       ,137194,2024,paulinia,camara,SMARAPD Câmara de Paulínia
CÂMARA DO MUNICÍPIO DE PAULÍNIA, ,2.1.8.8.3.01.02.002 ,I.N.S.S - RETENÇÃO PESSOA JURIDICA                ,24/07/2024 00:00,ARRECADACAO         ,"1.681,31",BANCO DO BRASIL (APLICAÇÃO)                       ,137447,2024,paulinia,camara,SMARAPD Câmara de Paulínia
CÂMARA DO MUNICÍPIO DE PAULÍNIA, ,2.1.8.8.3.01.04.001 ,IRRF - FOLHA DE PAGAMENTO                         ,29/07/2024 00:00,ARRECADACAO         ,"109.644,32",SANTANDER PAULÍNIA                                ,137471,2024,paulinia,camara,SMARAPD Câmara de Paulínia
CÂMARA DO MUNICÍPIO DE PAULÍNIA, ,2.1.8.8.3.01.04.001 ,IRRF - FOLHA DE PAGAMENTO                         ,29/07/2024 00:00,ARRECADACAO         ,"176.041,85",SANTANDER PAULÍNIA                                ,137473,2024,paulinia,camara,SMARAPD Câmara de Paulínia
CÂMARA DO MUNICÍPIO DE PAULÍNIA, ,2.1.8.8.1.04.99.002 ,RENDIMENTOS DE APLICAÇÕES FINANCEIRAS             ,31/07/2024 00:00,ARRECADACAO         ,"43.246,44",BANCO DO BRASIL (APLICAÇÃO)                       ,147917,2024,paulinia,camara,SMARAPD Câmara de Paulínia
CÂMARA DO MUNICÍPIO DE PAULÍNIA, ,2.1.8.8.1.01.99.001 ,ASMUP                                             ,10/07/2024 00:00,ARRECADACAO         ,"32,90",BANCO DO BRASIL (APLICAÇÃO)                       ,137208,2024,paulinia,camara,SMARAPD Câmara de Paulínia
CÂMARA DO MUNICÍPIO DE PAULÍNIA, ,2.1.8.8.3.01.04.001 ,IRRF - FOLHA DE PAGAMENTO                         ,10/07/2024 00:00,ARRECADACAO         ,"176,16",BANCO DO BRASIL (APLICAÇÃO)                       ,137210,2024,paulinia,camara,SMARAPD Câmara de Paulínia
CÂMARA DO MUNICÍPIO DE PAULÍNIA, ,2.1.8.8.1.01.13.002 ,MENSALIDADE SINDICATO                             ,29/07/2024 00:00,ARRECADACAO         ,"55,00",SANTANDER PAULÍNIA                                ,137454,2024,paulinia,camara,SMARAPD Câmara de Paulínia
CÂMARA DO MUNICÍPIO DE PAULÍNIA, ,2.1.8.8.1.01.03.001 ,PAULÍNIA PREVI                                    ,29/07/2024 00:00,ARRECADACAO         ,"111.533,77",SANTANDER PAULÍNIA                                ,137472,2024,paulinia,camara,SMARAPD Câmara de Paulínia
CÂMARA DO MUNICÍPIO DE PAULÍNIA, ,2.1.8.8.1.01.11.007 ,UNIMED                                            ,29/07/2024 00:00,ARRECADACAO         ,"23.313,06",SANTANDER PAULÍNIA                                ,137468,2024,paulinia,camara,SMARAPD Câmara de Paulínia
CÂMARA DO MUNICÍPIO DE PAULÍNIA, ,2.1.8.8.1.01.15.001 ,EMPRÉSTIMO BANCO DO BRASIL                        ,29/07/2024 00:00,ARRECADACAO         ,"40.778,29",SANTANDER PAULÍNIA                                ,137469,2024,paulinia,camara,SMARAPD Câmara de Paulínia
CÂMARA DO MUNICÍPIO DE PAULÍNIA, ,2.1.8.8.1.01.10.001 ,DEPÓSITO JUDICIAL                                 ,29/07/2024 00:00,ARRECADACAO         ,"1.232,89",SANTANDER PAULÍNIA                                ,137459,2024,paulinia,camara,SMARAPD Câmara de Paulínia
CÂMARA DO MUNICÍPIO DE PAULÍNIA, ,2.1.8.8.1.01.10.001 ,DEPÓSITO JUDICIAL                                 ,29/07/2024 00:00,ARRECADACAO         ,"3.373,17",SANTANDER PAULÍNIA                                ,137462,2024,paulinia,camara,SMARAPD Câmara de Paulínia
CÂMARA DO MUNICÍPIO DE PAULÍNIA, ,2.1.8.8.1.01.11.005 ,SAMARITANO                                        ,29/07/2024 00:00,ARRECADACAO         ,"913,89",SANTANDER PAULÍNIA                                ,137458,2024,paulinia,camara,SMARAPD Câmara de Paulínia
CÂMARA DO MUNICÍPIO DE PAULÍNIA, ,2.1.8.8.1.01.11.005 ,SAMARITANO                                        ,29/07/2024 00:00,ARRECADACAO         ,"5.605,81",SANTANDER PAULÍNIA                                ,137464,2024,paulinia,camara,SMARAPD Câmara de Paulínia
CÂMARA DO MUNICÍPIO DE PAULÍNIA, ,2.1.8.8.1.01.15.002 ,EMPRÉSTIMO CAIXA ECONOMICA FEDERAL                ,29/07/2024 00:00,ARRECADACAO         ,"4.977,77",SANTANDER PAULÍNIA                                ,137463,2024,paulinia,camara,SMARAPD Câmara de Paulínia
CÂMARA DO MUNICÍPIO DE PAULÍNIA, ,2.1.8.8.1.01.15.002 ,EMPRÉSTIMO CAIXA ECONOMICA FEDERAL                ,29/07/2024 00:00,ARRECADACAO         ,"17.499,90",SANTANDER PAULÍNIA                                ,137467,2024,paulinia,camara,SMARAPD Câmara de Paulínia
CÂMARA DO MUNICÍPIO DE PAULÍNIA, ,4.5.1.1.2.02.00.000 ,REPASSE RECEBIDO                                  ,20/08/2024 00:00,ARRECADACAO         ,"3.875.000,00",BANCO DO BRASIL C/MOV.                            ,148370,2024,paulinia,camara,SMARAPD Câmara de Paulínia
CÂMARA DO MUNICÍPIO DE PAULÍNIA, ,2.1.8.8.5.01.08.001 ,I.S.S.Q.N. - RETENÇÃO PESSOA JURIDICA             ,12/08/2024 00:00,ARRECADACAO         ,"4,83",BANCO DO BRASIL (APLICAÇÃO)                       ,140652,2024,paulinia,camara,SMARAPD Câmara de Paulínia
CÂMARA DO MUNICÍPIO DE PAULÍNIA, ,2.1.8.8.5.01.08.001 ,I.S.S.Q.N. - RETENÇÃO PESSOA JURIDICA             ,14/08/2024 00:00,ARRECADACAO         ,"243,92",BANCO DO BRASIL (APLICAÇÃO)                       ,140664,2024,paulinia,camara,SMARAPD Câmara de Paulínia
CÂMARA DO MUNICÍPIO DE PAULÍNIA, ,2.1.8.8.5.01.08.001 ,I.S.S.Q.N. - RETENÇÃO PESSOA JURIDICA             ,15/08/2024 00:00,ARRECADACAO         ,"4.907,99",BANCO DO BRASIL (APLICAÇÃO)                       ,140670,2024,paulinia,camara,SMARAPD Câmara de Paulínia
CÂMARA DO MUNICÍPIO DE PAULÍNIA, ,2.1.8.8.5.01.08.001 ,I.S.S.Q.N. - RETENÇÃO PESSOA JURIDICA             ,23/08/2024 00:00,ARRECADACAO         ,"764,23",BANCO DO BRASIL (APLICAÇÃO)                       ,140708,2024,paulinia,camara,SMARAPD Câmara de Paulínia
CÂMARA DO MUNICÍPIO DE PAULÍNIA, ,2.1.8.8.5.01.08.001 ,I.S.S.Q.N. - RETENÇÃO PESSOA JURIDICA             ,23/08/2024 00:00,ARRECADACAO         ,"1.307,87",BANCO DO BRASIL (APLICAÇÃO)                       ,140709,2024,paulinia,camara,SMARAPD Câmara de Paulínia
CÂMARA DO MUNICÍPIO DE PAULÍNIA, ,2.1.8.8.5.01.08.001 ,I.S.S.Q.N. - RETENÇÃO PESSOA JURIDICA             ,23/08/2024 00:00,ARRECADACAO         ,"2.020,21",BANCO DO BRASIL (APLICAÇÃO)                       ,140712,2024,paulinia,camara,SMARAPD Câmara de Paulínia
CÂMARA DO MUNICÍPIO DE PAULÍNIA, ,2.1.8.8.5.01.08.001 ,I.S.S.Q.N. - RETENÇÃO PESSOA JURIDICA             ,27/08/2024 00:00,ARRECADACAO         ,"8,60",BANCO DO BRASIL (APLICAÇÃO)                       ,140759,2024,paulinia,camara,SMARAPD Câmara de Paulínia
CÂMARA DO MUNICÍPIO DE PAULÍNIA, ,2.1.8.8.3.01.04.002 ,IRRF - RETENÇÃO PESSOA JURIDICA                   ,12/08/2024 00:00,ARRECADACAO         ,"31,68",BANCO DO BRASIL (APLICAÇÃO)                       ,140653,2024,paulinia,camara,SMARAPD Câmara de Paulínia
CÂMARA DO MUNICÍPIO DE PAULÍNIA, ,2.1.8.8.3.01.04.002 ,IRRF - RETENÇÃO PESSOA JURIDICA                   ,12/08/2024 00:00,ARRECADACAO         ,"480,19",BANCO DO BRASIL (APLICAÇÃO)                       ,140655,2024,paulinia,camara,SMARAPD Câmara de Paulínia
CÂMARA DO MUNICÍPIO DE PAULÍNIA, ,2.1.8.8.3.01.04.002 ,IRRF - RETENÇÃO PESSOA JURIDICA                   ,12/08/2024 00:00,ARRECADACAO         ,"668,60",BANCO DO BRASIL (APLICAÇÃO)                       ,140657,2024,paulinia,camara,SMARAPD Câmara de Paulínia
CÂMARA DO MUNICÍPIO DE PAULÍNIA, ,2.1.8.8.3.01.04.002 ,IRRF - RETENÇÃO PESSOA JURIDICA                   ,12/08/2024 00:00,ARRECADACAO         ,"1.030,61",BANCO DO BRASIL (APLICAÇÃO)                       ,140658,2024,paulinia,camara,SMARAPD Câmara de Paulínia
CÂMARA DO MUNICÍPIO DE PAULÍNIA, ,2.1.8.8.3.01.04.002 ,IRRF - RETENÇÃO PESSOA JURIDICA                   ,12/08/2024 00:00,ARRECADACAO         ,"8.969,54",BANCO DO BRASIL (APLICAÇÃO)                       ,140659,2024,paulinia,camara,SMARAPD Câmara de Paulínia
CÂMARA DO MUNICÍPIO DE PAULÍNIA, ,2.1.8.8.3.01.04.002 ,IRRF - RETENÇÃO PESSOA JURIDICA                   ,15/08/2024 00:00,ARRECADACAO         ,"1.177,92",BANCO DO BRASIL (APLICAÇÃO)                       ,140669,2024,paulinia,camara,SMARAPD Câmara de Paulínia
CÂMARA DO MUNICÍPIO DE PAULÍNIA, ,2.1.8.8.3.01.04.002 ,IRRF - RETENÇÃO PESSOA JURIDICA                   ,23/08/2024 00:00,ARRECADACAO         ,"1.939,41",BANCO DO BRASIL (APLICAÇÃO)                       ,140711,2024,paulinia,camara,SMARAPD Câmara de Paulínia
CÂMARA DO MUNICÍPIO DE PAULÍNIA, ,2.1.8.8.3.01.04.002 ,IRRF - RETENÇÃO PESSOA JURIDICA                   ,26/08/2024 00:00,ARRECADACAO         ,"339,68",BANCO DO BRASIL (APLICAÇÃO)                       ,140755,2024,paulinia,camara,SMARAPD Câmara de Paulínia
CÂMARA DO MUNICÍPIO DE PAULÍNIA, ,2.1.8.8.3.01.02.002 ,I.N.S.S - RETENÇÃO PESSOA JURIDICA                ,23/08/2024 00:00,ARRECADACAO         ,"1.681,31",BANCO DO BRASIL (APLICAÇÃO)                       ,140710,2024,paulinia,camara,SMARAPD Câmara de Paulínia
CÂMARA DO MUNICÍPIO DE PAULÍNIA, ,2.1.8.8.3.01.02.003 ,I.N.S.S.- FOLHA DE PAGAMENTO                      ,08/08/2024 00:00,ARRECADACAO         ,"670,99",SANTANDER PAULÍNIA                                ,140548,2024,paulinia,camara,SMARAPD Câmara de Paulínia
CÂMARA DO MUNICÍPIO DE PAULÍNIA, ,2.1.8.8.3.01.04.001 ,IRRF - FOLHA DE PAGAMENTO                         ,08/08/2024 00:00,ARRECADACAO         ,"312,17",SANTANDER PAULÍNIA                                ,140543,2024,paulinia,camara,SMARAPD Câmara de Paulínia
CÂMARA DO MUNICÍPIO DE PAULÍNIA, ,2.1.8.8.3.01.04.001 ,IRRF - FOLHA DE PAGAMENTO                         ,29/08/2024 00:00,ARRECADACAO         ,"123.904,40",SANTANDER PAULÍNIA                                ,140786,2024,paulinia,camara,SMARAPD Câmara de Paulínia
CÂMARA DO MUNICÍPIO DE PAULÍNIA, ,2.1.8.8.1.01.11.007 ,UNIMED                                            ,29/08/2024 00:00,ARRECADACAO         ,"23.426,50",SANTANDER PAULÍNIA                                ,140782,2024,paulinia,camara,SMARAPD Câmara de Paulínia
CÂMARA DO MUNICÍPIO DE PAULÍNIA, ,2.1.8.8.1.01.15.001 ,EMPRÉSTIMO BANCO DO BRASIL                        ,29/08/2024 00:00,ARRECADACAO         ,"15.384,83",SANTANDER PAULÍNIA                                ,140780,2024,paulinia,camara,SMARAPD Câmara de Paulínia
CÂMARA DO MUNICÍPIO DE PAULÍNIA, ,2.1.8.8.1.01.15.001 ,EMPRÉSTIMO BANCO DO BRASIL                        ,29/08/2024 00:00,ARRECADACAO         ,"39.168,20",SANTANDER PAULÍNIA                                ,140783,2024,paulinia,camara,SMARAPD Câmara de Paulínia
CÂMARA DO MUNICÍPIO DE PAULÍNIA, ,2.1.8.8.1.01.11.008 ,UNIODONTO CAMPINAS                                ,08/08/2024 00:00,ARRECADACAO         ,"5,55",SANTANDER PAULÍNIA                                ,140538,2024,paulinia,camara,SMARAPD Câmara de Paulínia
CÂMARA DO MUNICÍPIO DE PAULÍNIA, ,2.1.8.8.1.01.11.008 ,UNIODONTO CAMPINAS                                ,08/08/2024 00:00,ARRECADACAO         ,"22,21",SANTANDER PAULÍNIA                                ,140539,2024,paulinia,camara,SMARAPD Câmara de Paulínia
CÂMARA DO MUNICÍPIO DE PAULÍNIA, ,2.1.8.8.1.01.11.008 ,UNIODONTO CAMPINAS                                ,29/08/2024 00:00,ARRECADACAO         ,"610,71",SANTANDER PAULÍNIA                                ,140770,2024,paulinia,camara,SMARAPD Câmara de Paulínia
CÂMARA DO MUNICÍPIO DE PAULÍNIA, ,2.1.8.8.1.01.11.008 ,UNIODONTO CAMPINAS                                ,29/08/2024 00:00,ARRECADACAO         ,"787,94",SANTANDER PAULÍNIA                                ,140771,2024,paulinia,camara,SMARAPD Câmara de Paulínia
CÂMARA DO MUNICÍPIO DE PAULÍNIA, ,2.1.8.8.1.01.99.001 ,ASMUP                                             ,08/08/2024 00:00,ARRECADACAO         ,"32,90",SANTANDER PAULÍNIA                                ,140540,2024,paulinia,camara,SMARAPD Câmara de Paulínia
CÂMARA DO MUNICÍPIO DE PAULÍNIA, ,2.1.8.8.1.01.99.001 ,ASMUP                                             ,08/08/2024 00:00,ARRECADACAO         ,"32,90",SANTANDER PAULÍNIA                                ,140541,2024,paulinia,camara,SMARAPD Câmara de Paulínia
CÂMARA DO MUNICÍPIO DE PAULÍNIA, ,2.1.8.8.1.01.99.001 ,ASMUP                                             ,29/08/2024 00:00,ARRECADACAO         ,"1.743,70",SANTANDER PAULÍNIA                                ,140775,2024,paulinia,camara,SMARAPD Câmara de Paulínia
CÂMARA DO MUNICÍPIO DE PAULÍNIA, ,2.1.8.8.1.01.10.001 ,DEPÓSITO JUDICIAL                                 ,29/08/2024 00:00,ARRECADACAO         ,"1.232,89",SANTANDER PAULÍNIA                                ,140773,2024,paulinia,camara,SMARAPD Câmara de Paulínia
CÂMARA DO MUNICÍPIO DE PAULÍNIA, ,2.1.8.8.1.01.11.005 ,SAMARITANO                                        ,29/08/2024 00:00,ARRECADACAO         ,"4.691,90",SANTANDER PAULÍNIA                                ,140777,2024,paulinia,camara,SMARAPD Câmara de Paulínia
CÂMARA DO MUNICÍPIO DE PAULÍNIA, ,2.1.8.8.1.04.99.001 ,REMUNERAÇÃO DE AÇÕES                              ,30/08/2024 00:00,ARRECADACAO         ,"62,13",BANCO DO BRASIL (APLICAÇÃO)                       ,148066,2024,paulinia,camara,SMARAPD Câmara de Paulínia
CÂMARA DO MUNICÍPIO DE PAULÍNIA, ,2.1.8.8.3.01.02.003 ,I.N.S.S.- FOLHA DE PAGAMENTO                      ,11/09/2024 00:00,ARRECADACAO         ,"1.031,02",BANCO DO BRASIL (APLICAÇÃO)                       ,143813,2024,paulinia,camara,SMARAPD Câmara de Paulínia
CÂMARA DO MUNICÍPIO DE PAULÍNIA, ,4.5.1.1.2.02.00.000 ,REPASSE RECEBIDO                                  ,20/09/2024 00:00,ARRECADACAO         ,"3.875.000,00",BANCO DO BRASIL C/MOV.                            ,148371,2024,paulinia,camara,SMARAPD Câmara de Paulínia
CÂMARA DO MUNICÍPIO DE PAULÍNIA, ,2.1.8.8.5.01.08.001 ,I.S.S.Q.N. - RETENÇÃO PESSOA JURIDICA             ,12/09/2024 00:00,ARRECADACAO         ,"4.907,99",BANCO DO BRASIL (APLICAÇÃO)                       ,143940,2024,paulinia,camara,SMARAPD Câmara de Paulínia
CÂMARA DO MUNICÍPIO DE PAULÍNIA, ,2.1.8.8.5.01.08.001 ,I.S.S.Q.N. - RETENÇÃO PESSOA JURIDICA             ,13/09/2024 00:00,ARRECADACAO         ,"356,67",BANCO DO BRASIL (APLICAÇÃO)                       ,143945,2024,paulinia,camara,SMARAPD Câmara de Paulínia
CÂMARA DO MUNICÍPIO DE PAULÍNIA, ,2.1.8.8.5.01.08.001 ,I.S.S.Q.N. - RETENÇÃO PESSOA JURIDICA             ,16/09/2024 00:00,ARRECADACAO         ,"4,83",BANCO DO BRASIL (APLICAÇÃO)                       ,143953,2024,paulinia,camara,SMARAPD Câmara de Paulínia
CÂMARA DO MUNICÍPIO DE PAULÍNIA, ,2.1.8.8.5.01.08.001 ,I.S.S.Q.N. - RETENÇÃO PESSOA JURIDICA             ,20/09/2024 00:00,ARRECADACAO         ,"2.020,21",BANCO DO BRASIL (APLICAÇÃO)                       ,143975,2024,paulinia,camara,SMARAPD Câmara de Paulínia
CÂMARA DO MUNICÍPIO DE PAULÍNIA, ,2.1.8.8.3.01.04.002 ,IRRF - RETENÇÃO PESSOA JURIDICA                   ,02/09/2024 00:00,ARRECADACAO         ,"7,34",BANCO DO BRASIL (APLICAÇÃO)                       ,143737,2024,paulinia,camara,SMARAPD Câmara de Paulínia
CÂMARA DO MUNICÍPIO DE PAULÍNIA, ,2.1.8.8.3.01.04.002 ,IRRF - RETENÇÃO PESSOA JURIDICA                   ,02/09/2024 00:00,ARRECADACAO         ,"336,09",BANCO DO BRASIL (APLICAÇÃO)                       ,143738,2024,paulinia,camara,SMARAPD Câmara de Paulínia
CÂMARA DO MUNICÍPIO DE PAULÍNIA, ,2.1.8.8.3.01.04.002 ,IRRF - RETENÇÃO PESSOA JURIDICA                   ,10/09/2024 00:00,ARRECADACAO         ,"31,68",BANCO DO BRASIL (APLICAÇÃO)                       ,143773,2024,paulinia,camara,SMARAPD Câmara de Paulínia
CÂMARA DO MUNICÍPIO DE PAULÍNIA, ,2.1.8.8.3.01.04.002 ,IRRF - RETENÇÃO PESSOA JURIDICA                   ,10/09/2024 00:00,ARRECADACAO         ,"1.030,61",BANCO DO BRASIL (APLICAÇÃO)                       ,143777,2024,paulinia,camara,SMARAPD Câmara de Paulínia
CÂMARA DO MUNICÍPIO DE PAULÍNIA, ,2.1.8.8.3.01.02.002 ,I.N.S.S - RETENÇÃO PESSOA JURIDICA                ,20/09/2024 00:00,ARRECADACAO         ,"1.681,31",BANCO DO BRASIL (APLICAÇÃO)                       ,143973,2024,paulinia,camara,SMARAPD Câmara de Paulínia
CÂMARA DO MUNICÍPIO DE PAULÍNIA, ,2.1.8.8.3.01.04.002 ,IRRF - RETENÇÃO PESSOA JURIDICA                   ,20/09/2024 00:00,ARRECADACAO         ,"1.939,41",BANCO DO BRASIL (APLICAÇÃO)                       ,143974,2024,paulinia,camara,SMARAPD Câmara de Paulínia
CÂMARA DO MUNICÍPIO DE PAULÍNIA, ,2.1.8.8.3.01.04.002 ,IRRF - RETENÇÃO PESSOA JURIDICA                   ,24/09/2024 00:00,ARRECADACAO         ,"42,66",BANCO DO BRASIL (APLICAÇÃO)                       ,143981,2024,paulinia,camara,SMARAPD Câmara de Paulínia
CÂMARA DO MUNICÍPIO DE PAULÍNIA, ,2.1.8.8.1.01.11.007 ,UNIMED                                            ,11/09/2024 00:00,ARRECADACAO         ,"313,23",BANCO DO BRASIL (APLICAÇÃO)                       ,143809,2024,paulinia,camara,SMARAPD Câmara de Paulínia
CÂMARA DO MUNICÍPIO DE PAULÍNIA, ,2.1.8.8.1.01.99.001 ,ASMUP                                             ,11/09/2024 00:00,ARRECADACAO         ,"32,90",BANCO DO BRASIL (APLICAÇÃO)                       ,143808,2024,paulinia,camara,SMARAPD Câmara de Paulínia
CÂMARA DO MUNICÍPIO DE PAULÍNIA, ,2.1.8.8.3.01.02.003 ,I.N.S.S.- FOLHA DE PAGAMENTO                      ,11/09/2024 00:00,ARRECADACAO         ,"665,44",BANCO DO BRASIL (APLICAÇÃO)                       ,143812,2024,paulinia,camara,SMARAPD Câmara de Paulínia
CÂMARA DO MUNICÍPIO DE PAULÍNIA, ,2.1.8.8.3.01.04.001 ,IRRF - FOLHA DE PAGAMENTO                         ,11/09/2024 00:00,ARRECADACAO         ,"1.669,98",BANCO DO BRASIL (APLICAÇÃO)                       ,143814,2024,paulinia,camara,SMARAPD Câmara de Paulínia
CÂMARA DO MUNICÍPIO DE PAULÍNIA, ,2.1.8.8.3.01.04.001 ,IRRF - FOLHA DE PAGAMENTO                         ,26/09/2024 00:00,ARRECADACAO         ,"107.965,35",SANTANDER PAULÍNIA                                ,144034,2024,paulinia,camara,SMARAPD Câmara de Paulínia
CÂMARA DO MUNICÍPIO DE PAULÍNIA, ,2.1.8.8.1.01.15.001 ,EMPRÉSTIMO BANCO DO BRASIL                        ,26/09/2024 00:00,ARRECADACAO         ,"15.384,83",SANTANDER PAULÍNIA                                ,144029,2024,paulinia,camara,SMARAPD Câmara de Paulínia
CÂMARA DO MUNICÍPIO DE PAULÍNIA, ,2.1.8.8.1.01.15.001 ,EMPRÉSTIMO BANCO DO BRASIL                        ,26/09/2024 00:00,ARRECADACAO         ,"39.168,20",SANTANDER PAULÍNIA                                ,144032,2024,paulinia,camara,SMARAPD Câmara de Paulínia
CÂMARA DO MUNICÍPIO DE PAULÍNIA, ,2.1.8.8.1.01.11.008 ,UNIODONTO CAMPINAS                                ,26/09/2024 00:00,ARRECADACAO         ,"610,71",SANTANDER PAULÍNIA                                ,144019,2024,paulinia,camara,SMARAPD Câmara de Paulínia
CÂMARA DO MUNICÍPIO DE PAULÍNIA, ,2.1.8.8.1.01.99.001 ,ASMUP                                             ,26/09/2024 00:00,ARRECADACAO         ,"1.677,90",SANTANDER PAULÍNIA                                ,144023,2024,paulinia,camara,SMARAPD Câmara de Paulínia
CÂMARA DO MUNICÍPIO DE PAULÍNIA, ,2.1.8.8.1.01.10.001 ,DEPÓSITO JUDICIAL                                 ,26/09/2024 00:00,ARRECADACAO         ,"1.232,89",SANTANDER PAULÍNIA                                ,144022,2024,paulinia,camara,SMARAPD Câmara de Paulínia
CÂMARA DO MUNICÍPIO DE PAULÍNIA, ,2.1.8.8.1.01.10.001 ,DEPÓSITO JUDICIAL                                 ,26/09/2024 00:00,ARRECADACAO         ,"3.373,17",SANTANDER PAULÍNIA                                ,144025,2024,paulinia,camara,SMARAPD Câmara de Paulínia
CÂMARA DO MUNICÍPIO DE PAULÍNIA, ,2.1.8.8.1.01.11.008 ,UNIODONTO CAMPINAS                                ,11/09/2024 00:00,ARRECADACAO         ,"22,21",BANCO DO BRASIL (APLICAÇÃO)                       ,143805,2024,paulinia,camara,SMARAPD Câmara de Paulínia
CÂMARA DO MUNICÍPIO DE PAULÍNIA, ,2.1.8.8.1.01.11.008 ,UNIODONTO CAMPINAS                                ,11/09/2024 00:00,ARRECADACAO         ,"22,21",BANCO DO BRASIL (APLICAÇÃO)                       ,143806,2024,paulinia,camara,SMARAPD Câmara de Paulínia
CÂMARA DO MUNICÍPIO DE PAULÍNIA, ,2.1.8.8.1.01.15.002 ,EMPRÉSTIMO CAIXA ECONOMICA FEDERAL                ,26/09/2024 00:00,ARRECADACAO         ,"19.136,34",SANTANDER PAULÍNIA                                ,144030,2024,paulinia,camara,SMARAPD Câmara de Paulínia
CÂMARA DO MUNICÍPIO DE PAULÍNIA, ,2.1.8.8.1.04.99.001 ,REMUNERAÇÃO DE AÇÕES                              ,27/09/2024 00:00,ARRECADACAO         ,"108,74",BANCO DO BRASIL (APLICAÇÃO)                       ,148158,2024,paulinia,camara,SMARAPD Câmara de Paulínia
CÂMARA DO MUNICÍPIO DE PAULÍNIA, ,2.1.8.8.1.01.13.002 ,MENSALIDADE SINDICATO                             ,29/10/2024 00:00,ARRECADACAO         ,"55,00",BANCO DO BRASIL (APLICAÇÃO)                       ,149260,2024,paulinia,camara,SMARAPD Câmara de Paulínia
CÂMARA DO MUNICÍPIO DE PAULÍNIA, ,2.1.8.8.1.01.11.005 ,SAMARITANO                                        ,29/10/2024 00:00,ARRECADACAO         ,"913,89",BANCO DO BRASIL (APLICAÇÃO)                       ,149262,2024,paulinia,camara,SMARAPD Câmara de Paulínia
CÂMARA DO MUNICÍPIO DE PAULÍNIA, ,2.1.8.8.1.01.11.005 ,SAMARITANO                                        ,29/10/2024 00:00,ARRECADACAO         ,"4.739,70",BANCO DO BRASIL (APLICAÇÃO)                       ,149272,2024,paulinia,camara,SMARAPD Câmara de Paulínia
CÂMARA DO MUNICÍPIO DE PAULÍNIA, ,4.5.1.1.2.02.00.000 ,REPASSE RECEBIDO                                  ,18/10/2024 00:00,ARRECADACAO         ,"3.875.000,00",BANCO DO BRASIL C/MOV.                            ,148373,2024,paulinia,camara,SMARAPD Câmara de Paulínia
CÂMARA DO MUNICÍPIO DE PAULÍNIA, ,2.1.8.8.5.01.08.001 ,I.S.S.Q.N. - RETENÇÃO PESSOA JURIDICA             ,07/10/2024 00:00,ARRECADACAO         ,"4,83",BANCO DO BRASIL (APLICAÇÃO)                       ,147125,2024,paulinia,camara,SMARAPD Câmara de Paulínia
CÂMARA DO MUNICÍPIO DE PAULÍNIA, ,2.1.8.8.5.01.08.001 ,I.S.S.Q.N. - RETENÇÃO PESSOA JURIDICA             ,07/10/2024 00:00,ARRECADACAO         ,"2.020,21",BANCO DO BRASIL (APLICAÇÃO)                       ,147127,2024,paulinia,camara,SMARAPD Câmara de Paulínia
CÂMARA DO MUNICÍPIO DE PAULÍNIA, ,2.1.8.8.5.01.08.001 ,I.S.S.Q.N. - RETENÇÃO PESSOA JURIDICA             ,15/10/2024 00:00,ARRECADACAO         ,"363,04",BANCO DO BRASIL (APLICAÇÃO)                       ,148614,2024,paulinia,camara,SMARAPD Câmara de Paulínia
CÂMARA DO MUNICÍPIO DE PAULÍNIA, ,2.1.8.8.5.01.08.001 ,I.S.S.Q.N. - RETENÇÃO PESSOA JURIDICA             ,30/10/2024 00:00,ARRECADACAO         ,"15,16",BANCO DO BRASIL (APLICAÇÃO)                       ,149576,2024,paulinia,camara,SMARAPD Câmara de Paulínia
CÂMARA DO MUNICÍPIO DE PAULÍNIA, ,2.1.8.8.3.01.02.002 ,I.N.S.S - RETENÇÃO PESSOA JURIDICA                ,14/10/2024 00:00,ARRECADACAO         ,"5.398,79",BANCO DO BRASIL (APLICAÇÃO)                       ,148602,2024,paulinia,camara,SMARAPD Câmara de Paulínia
CÂMARA DO MUNICÍPIO DE PAULÍNIA, ,2.1.8.8.3.01.02.002 ,I.N.S.S - RETENÇÃO PESSOA JURIDICA                ,14/10/2024 00:00,ARRECADACAO         ,"1.681,31",BANCO DO BRASIL (APLICAÇÃO)                       ,148606,2024,paulinia,camara,SMARAPD Câmara de Paulínia
CÂMARA DO MUNICÍPIO DE PAULÍNIA, ,2.1.8.8.1.01.10.001 ,DEPÓSITO JUDICIAL                                 ,29/10/2024 00:00,ARRECADACAO         ,"3.385,16",BANCO DO BRASIL (APLICAÇÃO)                       ,149255,2024,paulinia,camara,SMARAPD Câmara de Paulínia
CÂMARA DO MUNICÍPIO DE PAULÍNIA, ,2.1.8.8.3.01.04.002 ,IRRF - RETENÇÃO PESSOA JURIDICA                   ,01/10/2024 00:00,ARRECADACAO         ,"509,49",BANCO DO BRASIL (APLICAÇÃO)                       ,147098,2024,paulinia,camara,SMARAPD Câmara de Paulínia
CÂMARA DO MUNICÍPIO DE PAULÍNIA, ,2.1.8.8.3.01.04.002 ,IRRF - RETENÇÃO PESSOA JURIDICA                   ,07/10/2024 00:00,ARRECADACAO         ,"1.939,41",BANCO DO BRASIL (APLICAÇÃO)                       ,147126,2024,paulinia,camara,SMARAPD Câmara de Paulínia
CÂMARA DO MUNICÍPIO DE PAULÍNIA, ,2.1.8.8.3.01.04.002 ,IRRF - RETENÇÃO PESSOA JURIDICA                   ,10/10/2024 00:00,ARRECADACAO         ,"31,68",BANCO DO BRASIL (APLICAÇÃO)                       ,148595,2024,paulinia,camara,SMARAPD Câmara de Paulínia
CÂMARA DO MUNICÍPIO DE PAULÍNIA, ,2.1.8.8.1.01.11.007 ,UNIMED                                            ,29/10/2024 00:00,ARRECADACAO         ,"24.101,39",BANCO DO BRASIL (APLICAÇÃO)                       ,149257,2024,paulinia,camara,SMARAPD Câmara de Paulínia
CÂMARA DO MUNICÍPIO DE PAULÍNIA, ,2.1.8.8.3.01.04.002 ,IRRF - RETENÇÃO PESSOA JURIDICA                   ,10/10/2024 00:00,ARRECADACAO         ,"647,16",BANCO DO BRASIL (APLICAÇÃO)                       ,148596,2024,paulinia,camara,SMARAPD Câmara de Paulínia
CÂMARA DO MUNICÍPIO DE PAULÍNIA, ,2.1.8.8.3.01.04.002 ,IRRF - RETENÇÃO PESSOA JURIDICA                   ,21/10/2024 00:00,ARRECADACAO         ,"538,53",BANCO DO BRASIL (APLICAÇÃO)                       ,149042,2024,paulinia,camara,SMARAPD Câmara de Paulínia
CÂMARA DO MUNICÍPIO DE PAULÍNIA, ,2.1.8.8.3.01.04.002 ,IRRF - RETENÇÃO PESSOA JURIDICA                   ,24/10/2024 00:00,ARRECADACAO         ,"347,27",BANCO DO BRASIL (APLICAÇÃO)                       ,149167,2024,paulinia,camara,SMARAPD Câmara de Paulínia
CÂMARA DO MUNICÍPIO DE PAULÍNIA, ,2.1.8.8.1.01.99.001 ,ASMUP                                             ,29/10/2024 00:00,ARRECADACAO         ,"1.710,80",BANCO DO BRASIL (APLICAÇÃO)                       ,149266,2024,paulinia,camara,SMARAPD Câmara de Paulínia
CÂMARA DO MUNICÍPIO DE PAULÍNIA, ,2.1.8.8.3.01.04.001 ,IRRF - FOLHA DE PAGAMENTO                         ,29/10/2024 00:00,ARRECADACAO         ,"192.623,51",BANCO DO BRASIL (APLICAÇÃO)                       ,149253,2024,paulinia,camara,SMARAPD Câmara de Paulínia
CÂMARA DO MUNICÍPIO DE PAULÍNIA, ,2.1.8.8.3.01.04.001 ,IRRF - FOLHA DE PAGAMENTO                         ,29/10/2024 00:00,ARRECADACAO         ,"111.039,49",BANCO DO BRASIL (APLICAÇÃO)                       ,149263,2024,paulinia,camara,SMARAPD Câmara de Paulínia
CÂMARA DO MUNICÍPIO DE PAULÍNIA, ,2.1.8.8.1.01.15.001 ,EMPRÉSTIMO BANCO DO BRASIL                        ,29/10/2024 00:00,ARRECADACAO         ,"15.384,83",BANCO DO BRASIL (APLICAÇÃO)                       ,149268,2024,paulinia,camara,SMARAPD Câmara de Paulínia
CÂMARA DO MUNICÍPIO DE PAULÍNIA, ,2.1.8.8.1.01.11.008 ,UNIODONTO CAMPINAS                                ,29/10/2024 00:00,ARRECADACAO         ,"610,71",BANCO DO BRASIL (APLICAÇÃO)                       ,149259,2024,paulinia,camara,SMARAPD Câmara de Paulínia
CÂMARA DO MUNICÍPIO DE PAULÍNIA, ,4.5.1.1.2.02.00.000 ,REPASSE RECEBIDO                                  ,18/10/2024 00:00,ARRECADACAO         ,"3.875.000,00",BANCO DO BRASIL C/MOV.                            ,148631,2024,paulinia,camara,SMARAPD Câmara de Paulínia
CÂMARA DO MUNICÍPIO DE PAULÍNIA, ,4.5.1.1.2.02.00.000 ,REPASSE RECEBIDO                                  ,18/10/2024 00:00,ESTORNO DE ARRECADAC,"-3.875.000,00",BANCO DO BRASIL C/MOV.                            ,148644,2024,paulinia,camara,SMARAPD Câmara de Paulínia
CÂMARA DO MUNICÍPIO DE PAULÍNIA, ,2.1.8.8.3.01.02.003 ,I.N.S.S.- FOLHA DE PAGAMENTO                      ,07/11/2024 00:00,ARRECADACAO         ,"188,72",BANCO DO BRASIL (APLICAÇÃO)                       ,155063,2024,paulinia,camara,SMARAPD Câmara de Paulínia
CÂMARA DO MUNICÍPIO DE PAULÍNIA, ,2.1.8.8.3.01.02.003 ,I.N.S.S.- FOLHA DE PAGAMENTO                      ,28/11/2024 00:00,ARRECADACAO         ,"59.797,06",BANCO DO BRASIL (APLICAÇÃO)                       ,156221,2024,paulinia,camara,SMARAPD Câmara de Paulínia
CÂMARA DO MUNICÍPIO DE PAULÍNIA, ,2.1.8.8.1.01.11.005 ,SAMARITANO                                        ,28/11/2024 00:00,ARRECADACAO         ,"913,89",BANCO DO BRASIL (APLICAÇÃO)                       ,156213,2024,paulinia,camara,SMARAPD Câmara de Paulínia
CÂMARA DO MUNICÍPIO DE PAULÍNIA, ,2.1.8.8.5.01.08.001 ,I.S.S.Q.N. - RETENÇÃO PESSOA JURIDICA             ,11/11/2024 00:00,ARRECADACAO         ,"2,69",BANCO DO BRASIL (APLICAÇÃO)                       ,155207,2024,paulinia,camara,SMARAPD Câmara de Paulínia
CÂMARA DO MUNICÍPIO DE PAULÍNIA, ,2.1.8.8.5.01.08.001 ,I.S.S.Q.N. - RETENÇÃO PESSOA JURIDICA             ,11/11/2024 00:00,ARRECADACAO         ,"8,06",BANCO DO BRASIL (APLICAÇÃO)                       ,155208,2024,paulinia,camara,SMARAPD Câmara de Paulínia
CÂMARA DO MUNICÍPIO DE PAULÍNIA, ,2.1.8.8.5.01.08.001 ,I.S.S.Q.N. - RETENÇÃO PESSOA JURIDICA             ,11/11/2024 00:00,ARRECADACAO         ,"6,44",BANCO DO BRASIL (APLICAÇÃO)                       ,155210,2024,paulinia,camara,SMARAPD Câmara de Paulínia
CÂMARA DO MUNICÍPIO DE PAULÍNIA, ,2.1.8.8.1.01.99.003 ,DIVERSOS                                          ,28/11/2024 00:00,ARRECADACAO         ,"560,40",BANCO DO BRASIL (APLICAÇÃO)                       ,156218,2024,paulinia,camara,SMARAPD Câmara de Paulínia
CÂMARA DO MUNICÍPIO DE PAULÍNIA, ,2.1.8.8.5.01.08.001 ,I.S.S.Q.N. - RETENÇÃO PESSOA JURIDICA             ,14/11/2024 00:00,ARRECADACAO         ,"405,07",BANCO DO BRASIL (APLICAÇÃO)                       ,155649,2024,paulinia,camara,SMARAPD Câmara de Paulínia
CÂMARA DO MUNICÍPIO DE PAULÍNIA, ,2.1.8.8.5.01.08.001 ,I.S.S.Q.N. - RETENÇÃO PESSOA JURIDICA             ,25/11/2024 00:00,ARRECADACAO         ,"7,00",BANCO DO BRASIL (APLICAÇÃO)                       ,161559,2024,paulinia,camara,SMARAPD Câmara de Paulínia
CÂMARA DO MUNICÍPIO DE PAULÍNIA, ,2.1.8.8.5.01.08.001 ,I.S.S.Q.N. - RETENÇÃO PESSOA JURIDICA             ,27/11/2024 00:00,ARRECADACAO         ,"1.933,01",BANCO DO BRASIL (APLICAÇÃO)                       ,156189,2024,paulinia,camara,SMARAPD Câmara de Paulínia
CÂMARA DO MUNICÍPIO DE PAULÍNIA, ,2.1.8.8.1.01.10.001 ,DEPÓSITO JUDICIAL                                 ,28/11/2024 00:00,ARRECADACAO         ,"3.385,16",BANCO DO BRASIL (APLICAÇÃO)                       ,156206,2024,paulinia,camara,SMARAPD Câmara de Paulínia
CÂMARA DO MUNICÍPIO DE PAULÍNIA, ,4.5.1.1.2.02.00.000 ,REPASSE RECEBIDO                                  ,19/11/2024 00:00,ARRECADACAO         ,"3.875.000,00",BANCO DO BRASIL (APLICAÇÃO)                       ,155950,2024,paulinia,camara,SMARAPD Câmara de Paulínia
CÂMARA DO MUNICÍPIO DE PAULÍNIA, ,2.1.8.8.1.01.15.007 ,EMPRÉSTIMO CONSIGNADO SANTANDER (PLANO ADMINISTRAT,28/11/2024 00:00,ARRECADACAO         ,"1.051,64",BANCO DO BRASIL (APLICAÇÃO)                       ,156209,2024,paulinia,camara,SMARAPD Câmara de Paulínia
CÂMARA DO MUNICÍPIO DE PAULÍNIA, ,2.1.8.8.1.01.11.007 ,UNIMED                                            ,28/11/2024 00:00,ARRECADACAO         ,"23.623,99",BANCO DO BRASIL (APLICAÇÃO)                       ,156214,2024,paulinia,camara,SMARAPD Câmara de Paulínia
CÂMARA DO MUNICÍPIO DE PAULÍNIA, ,2.1.8.8.3.01.04.002 ,IRRF - RETENÇÃO PESSOA JURIDICA                   ,01/11/2024 00:00,ARRECADACAO         ,"28,07",BANCO DO BRASIL (APLICAÇÃO)                       ,149713,2024,paulinia,camara,SMARAPD Câmara de Paulínia
CÂMARA DO MUNICÍPIO DE PAULÍNIA, ,2.1.8.8.3.01.04.002 ,IRRF - RETENÇÃO PESSOA JURIDICA                   ,05/11/2024 00:00,ARRECADACAO         ,"48,00",BANCO DO BRASIL (APLICAÇÃO)                       ,149825,2024,paulinia,camara,SMARAPD Câmara de Paulínia
CÂMARA DO MUNICÍPIO DE PAULÍNIA, ,2.1.8.8.3.01.04.002 ,IRRF - RETENÇÃO PESSOA JURIDICA                   ,12/11/2024 00:00,ARRECADACAO         ,"1.177,92",BANCO DO BRASIL (APLICAÇÃO)                       ,155547,2024,paulinia,camara,SMARAPD Câmara de Paulínia
CÂMARA DO MUNICÍPIO DE PAULÍNIA, ,2.1.8.8.3.01.04.002 ,IRRF - RETENÇÃO PESSOA JURIDICA                   ,12/11/2024 00:00,ARRECADACAO         ,"9.449,73",BANCO DO BRASIL (APLICAÇÃO)                       ,155548,2024,paulinia,camara,SMARAPD Câmara de Paulínia
CÂMARA DO MUNICÍPIO DE PAULÍNIA, ,2.1.8.8.3.01.04.002 ,IRRF - RETENÇÃO PESSOA JURIDICA                   ,13/11/2024 00:00,ARRECADACAO         ,"3,84",BANCO DO BRASIL (APLICAÇÃO)                       ,155549,2024,paulinia,camara,SMARAPD Câmara de Paulínia
CÂMARA DO MUNICÍPIO DE PAULÍNIA, ,2.1.8.8.1.04.99.002 ,RENDIMENTOS DE APLICAÇÕES FINANCEIRAS             ,29/11/2024 00:00,ARRECADACAO         ,"54.973,57",BANCO DO BRASIL (APLICAÇÃO)                       ,156335,2024,paulinia,camara,SMARAPD Câmara de Paulínia
CÂMARA DO MUNICÍPIO DE PAULÍNIA, ,2.1.8.8.1.01.15.002 ,EMPRÉSTIMO CAIXA ECONOMICA FEDERAL                ,28/11/2024 00:00,ARRECADACAO         ,"19.922,16",BANCO DO BRASIL (APLICAÇÃO)                       ,156208,2024,paulinia,camara,SMARAPD Câmara de Paulínia
CÂMARA DO MUNICÍPIO DE PAULÍNIA, ,2.1.8.8.3.01.04.001 ,IRRF - FOLHA DE PAGAMENTO                         ,28/11/2024 00:00,ARRECADACAO         ,"202.533,83",BANCO DO BRASIL (APLICAÇÃO)                       ,156210,2024,paulinia,camara,SMARAPD Câmara de Paulínia
CÂMARA DO MUNICÍPIO DE PAULÍNIA, ,2.1.8.8.3.01.04.002 ,IRRF - RETENÇÃO PESSOA JURIDICA                   ,18/11/2024 00:00,ARRECADACAO         ,"21,24",BANCO DO BRASIL (APLICAÇÃO)                       ,155658,2024,paulinia,camara,SMARAPD Câmara de Paulínia
CÂMARA DO MUNICÍPIO DE PAULÍNIA, ,2.1.8.8.3.01.04.002 ,IRRF - RETENÇÃO PESSOA JURIDICA                   ,19/11/2024 00:00,ARRECADACAO         ,"28,15",BANCO DO BRASIL (APLICAÇÃO)                       ,155737,2024,paulinia,camara,SMARAPD Câmara de Paulínia
CÂMARA DO MUNICÍPIO DE PAULÍNIA, ,2.1.8.8.3.01.04.002 ,IRRF - RETENÇÃO PESSOA JURIDICA                   ,21/11/2024 00:00,ARRECADACAO         ,"21,24",BANCO DO BRASIL (APLICAÇÃO)                       ,155837,2024,paulinia,camara,SMARAPD Câmara de Paulínia
CÂMARA DO MUNICÍPIO DE PAULÍNIA, ,2.1.8.8.3.01.04.002 ,IRRF - RETENÇÃO PESSOA JURIDICA                   ,21/11/2024 00:00,ARRECADACAO         ,"538,53",BANCO DO BRASIL (APLICAÇÃO)                       ,155838,2024,paulinia,camara,SMARAPD Câmara de Paulínia
CÂMARA DO MUNICÍPIO DE PAULÍNIA, ,2.1.8.8.3.01.04.002 ,IRRF - RETENÇÃO PESSOA JURIDICA                   ,25/11/2024 00:00,ARRECADACAO         ,"48,00",BANCO DO BRASIL (APLICAÇÃO)                       ,155993,2024,paulinia,camara,SMARAPD Câmara de Paulínia
CÂMARA DO MUNICÍPIO DE PAULÍNIA, ,2.1.8.8.3.01.04.002 ,IRRF - RETENÇÃO PESSOA JURIDICA                   ,27/11/2024 00:00,ARRECADACAO         ,"1.855,70",BANCO DO BRASIL (APLICAÇÃO)                       ,156190,2024,paulinia,camara,SMARAPD Câmara de Paulínia
CÂMARA DO MUNICÍPIO DE PAULÍNIA, ,2.1.8.8.3.01.04.002 ,IRRF - RETENÇÃO PESSOA JURIDICA                   ,29/11/2024 00:00,ARRECADACAO         ,"38,24",BANCO DO BRASIL (APLICAÇÃO)                       ,156334,2024,paulinia,camara,SMARAPD Câmara de Paulínia
CÂMARA DO MUNICÍPIO DE PAULÍNIA, ,2.1.8.8.1.01.15.001 ,EMPRÉSTIMO BANCO DO BRASIL                        ,28/11/2024 00:00,ARRECADACAO         ,"38.100,26",BANCO DO BRASIL (APLICAÇÃO)                       ,156207,2024,paulinia,camara,SMARAPD Câmara de Paulínia
CÂMARA DO MUNICÍPIO DE PAULÍNIA, ,2.1.8.8.1.01.15.001 ,EMPRÉSTIMO BANCO DO BRASIL                        ,28/11/2024 00:00,ARRECADACAO         ,"15.384,83",BANCO DO BRASIL (APLICAÇÃO)                       ,156219,2024,paulinia,camara,SMARAPD Câmara de Paulínia
CÂMARA DO MUNICÍPIO DE PAULÍNIA, ,2.1.8.8.3.01.02.002 ,I.N.S.S - RETENÇÃO PESSOA JURIDICA                ,12/11/2024 00:00,ARRECADACAO         ,"5.398,79",BANCO DO BRASIL (APLICAÇÃO)                       ,155545,2024,paulinia,camara,SMARAPD Câmara de Paulínia
CÂMARA DO MUNICÍPIO DE PAULÍNIA, ,2.1.8.8.3.01.02.002 ,I.N.S.S - RETENÇÃO PESSOA JURIDICA                ,27/11/2024 00:00,ARRECADACAO         ,"4.252,64",BANCO DO BRASIL (APLICAÇÃO)                       ,156188,2024,paulinia,camara,SMARAPD Câmara de Paulínia
CÂMARA DO MUNICÍPIO DE PAULÍNIA, ,2.1.8.8.3.01.02.003 ,I.N.S.S.- FOLHA DE PAGAMENTO                      ,03/12/2024 00:00,ARRECADACAO         ,"55.864,00",BANCO DO BRASIL (APLICAÇÃO)                       ,157562,2024,paulinia,camara,SMARAPD Câmara de Paulínia
CÂMARA DO MUNICÍPIO DE PAULÍNIA, ,2.1.8.8.3.01.02.003 ,I.N.S.S.- FOLHA DE PAGAMENTO                      ,12/12/2024 00:00,ARRECADACAO         ,"83,96",BANCO DO BRASIL (APLICAÇÃO)                       ,161734,2024,paulinia,camara,SMARAPD Câmara de Paulínia
CÂMARA DO MUNICÍPIO DE PAULÍNIA, ,2.1.8.8.1.01.99.003 ,DIVERSOS                                          ,12/12/2024 00:00,ARRECADACAO         ,"560,40",BANCO DO BRASIL (APLICAÇÃO)                       ,161750,2024,paulinia,camara,SMARAPD Câmara de Paulínia
CÂMARA DO MUNICÍPIO DE PAULÍNIA, ,2.1.8.8.1.01.03.001 ,PAULÍNIA PREVI                                    ,03/12/2024 00:00,ARRECADACAO         ,"105.666,43",BANCO DO BRASIL (APLICAÇÃO)                       ,157560,2024,paulinia,camara,SMARAPD Câmara de Paulínia
CÂMARA DO MUNICÍPIO DE PAULÍNIA, ,2.1.8.8.5.01.08.001 ,I.S.S.Q.N. - RETENÇÃO PESSOA JURIDICA             ,12/12/2024 00:00,ARRECADACAO         ,"764,23",BANCO DO BRASIL (APLICAÇÃO)                       ,161730,2024,paulinia,camara,SMARAPD Câmara de Paulínia
CÂMARA DO MUNICÍPIO DE PAULÍNIA, ,2.1.8.8.5.01.08.001 ,I.S.S.Q.N. - RETENÇÃO PESSOA JURIDICA             ,13/12/2024 00:00,ARRECADACAO         ,"4.907,99",BANCO DO BRASIL (APLICAÇÃO)                       ,162005,2024,paulinia,camara,SMARAPD Câmara de Paulínia
CÂMARA DO MUNICÍPIO DE PAULÍNIA, ,2.1.8.8.1.01.10.001 ,DEPÓSITO JUDICIAL                                 ,12/12/2024 00:00,ARRECADACAO         ,"1.270,80",BANCO DO BRASIL (APLICAÇÃO)                       ,161737,2024,paulinia,camara,SMARAPD Câmara de Paulínia
CÂMARA DO MUNICÍPIO DE PAULÍNIA, ,2.1.8.8.1.01.15.007 ,EMPRÉSTIMO CONSIGNADO SANTANDER (PLANO ADMINISTRAT,12/12/2024 00:00,ARRECADACAO         ,"1.051,64",BANCO DO BRASIL (APLICAÇÃO)                       ,161741,2024,paulinia,camara,SMARAPD Câmara de Paulínia
CÂMARA DO MUNICÍPIO DE PAULÍNIA, ,2.1.8.8.5.01.08.001 ,I.S.S.Q.N. - RETENÇÃO PESSOA JURIDICA             ,13/12/2024 00:00,ARRECADACAO         ,"18,46",BANCO DO BRASIL (APLICAÇÃO)                       ,162008,2024,paulinia,camara,SMARAPD Câmara de Paulínia
CÂMARA DO MUNICÍPIO DE PAULÍNIA, ,2.1.8.8.1.01.11.007 ,UNIMED                                            ,05/12/2024 00:00,ARRECADACAO         ,"310,70",BANCO DO BRASIL (APLICAÇÃO)                       ,161509,2024,paulinia,camara,SMARAPD Câmara de Paulínia
CÂMARA DO MUNICÍPIO DE PAULÍNIA, ,2.1.8.8.1.01.11.007 ,UNIMED                                            ,12/12/2024 00:00,ARRECADACAO         ,"23.709,33",BANCO DO BRASIL (APLICAÇÃO)                       ,161746,2024,paulinia,camara,SMARAPD Câmara de Paulínia
CÂMARA DO MUNICÍPIO DE PAULÍNIA, ,2.1.8.8.1.01.11.007 ,UNIMED                                            ,12/12/2024 00:00,ARRECADACAO         ,"14.416,04",BANCO DO BRASIL (APLICAÇÃO)                       ,161756,2024,paulinia,camara,SMARAPD Câmara de Paulínia
CÂMARA DO MUNICÍPIO DE PAULÍNIA, ,2.1.8.8.3.01.04.002 ,IRRF - RETENÇÃO PESSOA JURIDICA                   ,13/12/2024 00:00,ARRECADACAO         ,"1.177,92",BANCO DO BRASIL (APLICAÇÃO)                       ,162006,2024,paulinia,camara,SMARAPD Câmara de Paulínia
CÂMARA DO MUNICÍPIO DE PAULÍNIA, ,2.1.8.8.3.01.04.002 ,IRRF - RETENÇÃO PESSOA JURIDICA                   ,16/12/2024 00:00,ARRECADACAO         ,"21,24",BANCO DO BRASIL (APLICAÇÃO)                       ,162064,2024,paulinia,camara,SMARAPD Câmara de Paulínia
CÂMARA DO MUNICÍPIO DE PAULÍNIA, ,2.1.8.8.3.01.04.002 ,IRRF - RETENÇÃO PESSOA JURIDICA                   ,16/12/2024 00:00,ARRECADACAO         ,"21,24",BANCO DO BRASIL (APLICAÇÃO)                       ,162065,2024,paulinia,camara,SMARAPD Câmara de Paulínia
CÂMARA DO MUNICÍPIO DE PAULÍNIA, ,2.1.8.8.3.01.04.002 ,IRRF - RETENÇÃO PESSOA JURIDICA                   ,17/12/2024 00:00,ARRECADACAO         ,"292,45",BANCO DO BRASIL (APLICAÇÃO)                       ,162191,2024,paulinia,camara,SMARAPD Câmara de Paulínia
CÂMARA DO MUNICÍPIO DE PAULÍNIA, ,2.1.8.8.3.01.04.002 ,IRRF - RETENÇÃO PESSOA JURIDICA                   ,18/12/2024 00:00,ARRECADACAO         ,"21,24",BANCO DO BRASIL (APLICAÇÃO)                       ,162347,2024,paulinia,camara,SMARAPD Câmara de Paulínia
CÂMARA DO MUNICÍPIO DE PAULÍNIA, ,2.1.8.8.1.01.99.001 ,ASMUP                                             ,12/12/2024 00:00,ARRECADACAO         ,"1.645,00",BANCO DO BRASIL (APLICAÇÃO)                       ,161736,2024,paulinia,camara,SMARAPD Câmara de Paulínia
CÂMARA DO MUNICÍPIO DE PAULÍNIA, ,2.1.8.8.1.01.99.001 ,ASMUP                                             ,12/12/2024 00:00,ARRECADACAO         ,"1.710,80",BANCO DO BRASIL (APLICAÇÃO)                       ,161748,2024,paulinia,camara,SMARAPD Câmara de Paulínia
CÂMARA DO MUNICÍPIO DE PAULÍNIA, ,2.1.8.8.3.01.04.001 ,IRRF - FOLHA DE PAGAMENTO                         ,05/12/2024 00:00,ARRECADACAO         ,"4.793,05",BANCO DO BRASIL (APLICAÇÃO)                       ,161507,2024,paulinia,camara,SMARAPD Câmara de Paulínia
CÂMARA DO MUNICÍPIO DE PAULÍNIA, ,2.1.8.8.3.01.04.001 ,IRRF - FOLHA DE PAGAMENTO                         ,12/12/2024 00:00,ARRECADACAO         ,"177.908,45",BANCO DO BRASIL (APLICAÇÃO)                       ,161742,2024,paulinia,camara,SMARAPD Câmara de Paulínia
CÂMARA DO MUNICÍPIO DE PAULÍNIA, ,2.1.8.8.3.01.04.002 ,IRRF - RETENÇÃO PESSOA JURIDICA                   ,02/12/2024 00:00,ARRECADACAO         ,"515,38",BANCO DO BRASIL (APLICAÇÃO)                       ,157474,2024,paulinia,camara,SMARAPD Câmara de Paulínia
CÂMARA DO MUNICÍPIO DE PAULÍNIA, ,2.1.8.8.3.01.04.002 ,IRRF - RETENÇÃO PESSOA JURIDICA                   ,04/12/2024 00:00,ARRECADACAO         ,"21,24",BANCO DO BRASIL (APLICAÇÃO)                       ,161249,2024,paulinia,camara,SMARAPD Câmara de Paulínia
CÂMARA DO MUNICÍPIO DE PAULÍNIA, ,2.1.8.8.3.01.04.002 ,IRRF - RETENÇÃO PESSOA JURIDICA                   ,09/12/2024 00:00,ARRECADACAO         ,"17,70",BANCO DO BRASIL (APLICAÇÃO)                       ,161568,2024,paulinia,camara,SMARAPD Câmara de Paulínia
CÂMARA DO MUNICÍPIO DE PAULÍNIA, ,2.1.8.8.3.01.04.002 ,IRRF - RETENÇÃO PESSOA JURIDICA                   ,10/12/2024 00:00,ARRECADACAO         ,"422,40",BANCO DO BRASIL (APLICAÇÃO)                       ,161709,2024,paulinia,camara,SMARAPD Câmara de Paulínia
CÂMARA DO MUNICÍPIO DE PAULÍNIA, ,2.1.8.8.3.01.04.002 ,IRRF - RETENÇÃO PESSOA JURIDICA                   ,10/12/2024 00:00,ARRECADACAO         ,"1.030,61",BANCO DO BRASIL (APLICAÇÃO)                       ,161710,2024,paulinia,camara,SMARAPD Câmara de Paulínia
CÂMARA DO MUNICÍPIO DE PAULÍNIA, ,2.1.8.8.3.01.04.002 ,IRRF - RETENÇÃO PESSOA JURIDICA                   ,10/12/2024 00:00,ARRECADACAO         ,"538,53",BANCO DO BRASIL (APLICAÇÃO)                       ,161712,2024,paulinia,camara,SMARAPD Câmara de Paulínia
CÂMARA DO MUNICÍPIO DE PAULÍNIA, ,2.1.8.8.1.01.15.001 ,EMPRÉSTIMO BANCO DO BRASIL                        ,05/12/2024 00:00,ARRECADACAO         ,"19.192,54",BANCO DO BRASIL (APLICAÇÃO)                       ,161506,2024,paulinia,camara,SMARAPD Câmara de Paulínia
CÂMARA DO MUNICÍPIO DE PAULÍNIA, ,2.1.8.8.1.01.15.001 ,EMPRÉSTIMO BANCO DO BRASIL                        ,12/12/2024 00:00,ARRECADACAO         ,"35.516,00",BANCO DO BRASIL (APLICAÇÃO)                       ,161739,2024,paulinia,camara,SMARAPD Câmara de Paulínia
CÂMARA DO MUNICÍPIO DE PAULÍNIA, ,2.1.8.8.1.04.99.001 ,REMUNERAÇÃO DE AÇÕES                              ,26/12/2024 00:00,ARRECADACAO         ,"221,61",BANCO DO BRASIL C/MOV.                            ,163379,2024,paulinia,camara,SMARAPD Câmara de Paulínia
CÂMARA DO MUNICÍPIO DE PAULÍNIA, ,4.5.1.1.2.02.00.000 ,REPASSE RECEBIDO                                  ,17/12/2024 00:00,ARRECADACAO         ,"3.875.000,00",BANCO DO BRASIL C/MOV.                            ,162187,2024,paulinia,camara,SMARAPD Câmara de Paulínia
CÂMARA DO MUNICÍPIO DE PAULÍNIA, ,2.1.8.8.1.01.11.005 ,SAMARITANO                                        ,12/12/2024 00:00,ARRECADACAO         ,"4.744,40",BANCO DO BRASIL (APLICAÇÃO)                       ,161755,2024,paulinia,camara,SMARAPD Câmara de Paulínia
CÂMARA DO MUNICÍPIO DE PAULÍNIA, ,2.1.8.8.3.01.02.002 ,I.N.S.S - RETENÇÃO PESSOA JURIDICA                ,12/12/2024 00:00,ARRECADACAO         ,"1.681,31",BANCO DO BRASIL (APLICAÇÃO)                       ,161729,2024,paulinia,camara,SMARAPD Câmara de Paulínia
CÂMARA DO MUNICÍPIO DE PAULÍNIA, ,2.1.8.8.3.01.02.002 ,I.N.S.S - RETENÇÃO PESSOA JURIDICA                ,13/12/2024 00:00,ARRECADACAO         ,"5.398,79",BANCO DO BRASIL (APLICAÇÃO)                       ,162004,2024,paulinia,camara,SMARAPD Câmara de Paulínia
CÂMARA DO MUNICÍPIO DE PAULÍNIA, ,2.1.8.8.5.01.08.001 ,I.S.S.Q.N. - RETENÇÃO PESSOA JURIDICA             ,16/12/2024 00:00,ARRECADACAO         ,"354,12",BANCO DO BRASIL (APLICAÇÃO)                       ,162066,2024,paulinia,camara,SMARAPD Câmara de Paulínia
CÂMARA DO MUNICÍPIO DE PAULÍNIA, ,2.1.8.8.5.01.08.001 ,I.S.S.Q.N. - RETENÇÃO PESSOA JURIDICA             ,18/12/2024 00:00,ARRECADACAO         ,"1,75",BANCO DO BRASIL (APLICAÇÃO)                       ,162348,2024,paulinia,camara,SMARAPD Câmara de Paulínia
CÂMARA DO MUNICÍPIO DE PAULÍNIA, ,2.1.8.8.3.01.04.001 ,IRRF - FOLHA DE PAGAMENTO                         ,25/01/2024 00:00,ARRECADACAO         ,"123,83",BANCO DO BRASIL C/MOV.                            ,117667,2024,paulinia,camara,SMARAPD Câmara de Paulínia
CÂMARA DO MUNICÍPIO DE PAULÍNIA, ,4.5.1.1.2.02.00.000 ,REPASSE RECEBIDO                                  ,10/01/2024 00:00,ARRECADACAO         ,"500.000,00",BANCO DO BRASIL C/MOV.                            ,148361,2024,paulinia,camara,SMARAPD Câmara de Paulínia
CÂMARA DO MUNICÍPIO DE PAULÍNIA, ,2.1.8.8.1.01.10.001 ,DEPÓSITO JUDICIAL                                 ,26/01/2024 00:00,ARRECADACAO         ,"4.468,51",BANCO DO BRASIL C/MOV.                            ,117676,2024,paulinia,camara,SMARAPD Câmara de Paulínia
CÂMARA DO MUNICÍPIO DE PAULÍNIA, ,2.1.8.8.1.01.10.001 ,DEPÓSITO JUDICIAL                                 ,29/01/2024 00:00,ARRECADACAO         ,"4.468,51",BANCO DO BRASIL C/MOV.                            ,117706,2024,paulinia,camara,SMARAPD Câmara de Paulínia
CÂMARA DO MUNICÍPIO DE PAULÍNIA, ,2.1.8.8.5.01.08.001 ,I.S.S.Q.N. - RETENÇÃO PESSOA JURIDICA             ,10/01/2024 00:00,ARRECADACAO         ,"289,45",BANCO DO BRASIL C/MOV.                            ,117476,2024,paulinia,camara,SMARAPD Câmara de Paulínia
CÂMARA DO MUNICÍPIO DE PAULÍNIA, ,2.1.8.8.5.01.08.001 ,I.S.S.Q.N. - RETENÇÃO PESSOA JURIDICA             ,12/01/2024 00:00,ARRECADACAO         ,"4.907,99",BANCO DO BRASIL C/MOV.                            ,117563,2024,paulinia,camara,SMARAPD Câmara de Paulínia
CÂMARA DO MUNICÍPIO DE PAULÍNIA, ,2.1.8.8.5.01.08.001 ,I.S.S.Q.N. - RETENÇÃO PESSOA JURIDICA             ,15/01/2024 00:00,ARRECADACAO         ,"369,40",BANCO DO BRASIL C/MOV.                            ,117577,2024,paulinia,camara,SMARAPD Câmara de Paulínia
CÂMARA DO MUNICÍPIO DE PAULÍNIA, ,2.1.8.8.5.01.08.001 ,I.S.S.Q.N. - RETENÇÃO PESSOA JURIDICA             ,22/01/2024 00:00,ARRECADACAO         ,"6,45",BANCO DO BRASIL C/MOV.                            ,117662,2024,paulinia,camara,SMARAPD Câmara de Paulínia
CÂMARA DO MUNICÍPIO DE PAULÍNIA, ,2.1.8.8.5.01.08.001 ,I.S.S.Q.N. - RETENÇÃO PESSOA JURIDICA             ,22/01/2024 00:00,ARRECADACAO         ,"15,05",BANCO DO BRASIL C/MOV.                            ,117663,2024,paulinia,camara,SMARAPD Câmara de Paulínia
CÂMARA DO MUNICÍPIO DE PAULÍNIA, ,2.1.8.8.5.01.08.001 ,I.S.S.Q.N. - RETENÇÃO PESSOA JURIDICA             ,22/01/2024 00:00,ARRECADACAO         ,"43,30",BANCO DO BRASIL C/MOV.                            ,117664,2024,paulinia,camara,SMARAPD Câmara de Paulínia
CÂMARA DO MUNICÍPIO DE PAULÍNIA, ,2.1.8.8.5.01.08.001 ,I.S.S.Q.N. - RETENÇÃO PESSOA JURIDICA             ,22/01/2024 00:00,ARRECADACAO         ,"54,00",BANCO DO BRASIL C/MOV.                            ,117665,2024,paulinia,camara,SMARAPD Câmara de Paulínia
CÂMARA DO MUNICÍPIO DE PAULÍNIA, ,2.1.8.8.1.01.03.001 ,PAULÍNIA PREVI                                    ,29/01/2024 00:00,ARRECADACAO         ,"111.743,33",BANCO DO BRASIL C/MOV.                            ,117712,2024,paulinia,camara,SMARAPD Câmara de Paulínia
CÂMARA DO MUNICÍPIO DE PAULÍNIA, ,2.1.8.8.3.01.04.002 ,IRRF - RETENÇÃO PESSOA JURIDICA                   ,10/01/2024 00:00,ARRECADACAO         ,"316,73",BANCO DO BRASIL C/MOV.                            ,117477,2024,paulinia,camara,SMARAPD Câmara de Paulínia
CÂMARA DO MUNICÍPIO DE PAULÍNIA, ,2.1.8.8.3.01.04.002 ,IRRF - RETENÇÃO PESSOA JURIDICA                   ,10/01/2024 00:00,ARRECADACAO         ,"563,26",BANCO DO BRASIL C/MOV.                            ,117478,2024,paulinia,camara,SMARAPD Câmara de Paulínia
CÂMARA DO MUNICÍPIO DE PAULÍNIA, ,2.1.8.8.3.01.04.002 ,IRRF - RETENÇÃO PESSOA JURIDICA                   ,10/01/2024 00:00,ARRECADACAO         ,"694,68",BANCO DO BRASIL C/MOV.                            ,117479,2024,paulinia,camara,SMARAPD Câmara de Paulínia
CÂMARA DO MUNICÍPIO DE PAULÍNIA, ,2.1.8.8.1.01.11.007 ,UNIMED                                            ,25/01/2024 00:00,ARRECADACAO         ,"285,34",BANCO DO BRASIL C/MOV.                            ,117668,2024,paulinia,camara,SMARAPD Câmara de Paulínia
CÂMARA DO MUNICÍPIO DE PAULÍNIA, ,2.1.8.8.1.01.11.007 ,UNIMED                                            ,29/01/2024 00:00,ARRECADACAO         ,"32.611,72",BANCO DO BRASIL C/MOV.                            ,117709,2024,paulinia,camara,SMARAPD Câmara de Paulínia
CÂMARA DO MUNICÍPIO DE PAULÍNIA, ,2.1.8.8.3.01.04.002 ,IRRF - RETENÇÃO PESSOA JURIDICA                   ,12/01/2024 00:00,ARRECADACAO         ,"1.177,92",BANCO DO BRASIL C/MOV.                            ,117562,2024,paulinia,camara,SMARAPD Câmara de Paulínia
CÂMARA DO MUNICÍPIO DE PAULÍNIA, ,2.1.8.8.3.01.04.002 ,IRRF - RETENÇÃO PESSOA JURIDICA                   ,15/01/2024 00:00,ARRECADACAO         ,"495,96",BANCO DO BRASIL C/MOV.                            ,117578,2024,paulinia,camara,SMARAPD Câmara de Paulínia
CÂMARA DO MUNICÍPIO DE PAULÍNIA, ,2.1.8.8.3.01.04.002 ,IRRF - RETENÇÃO PESSOA JURIDICA                   ,15/01/2024 00:00,ARRECADACAO         ,"8.539,04",BANCO DO BRASIL C/MOV.                            ,117579,2024,paulinia,camara,SMARAPD Câmara de Paulínia
CÂMARA DO MUNICÍPIO DE PAULÍNIA, ,2.1.8.8.1.01.11.008 ,UNIODONTO CAMPINAS                                ,29/01/2024 00:00,ARRECADACAO         ,"1.326,44",BANCO DO BRASIL C/MOV.                            ,117704,2024,paulinia,camara,SMARAPD Câmara de Paulínia
CÂMARA DO MUNICÍPIO DE PAULÍNIA, ,2.1.8.8.1.01.15.001 ,EMPRÉSTIMO BANCO DO BRASIL                        ,26/01/2024 00:00,ARRECADACAO         ,"53.468,55",BANCO DO BRASIL C/MOV.                            ,117680,2024,paulinia,camara,SMARAPD Câmara de Paulínia
CÂMARA DO MUNICÍPIO DE PAULÍNIA, ,2.1.8.8.1.01.15.001 ,EMPRÉSTIMO BANCO DO BRASIL                        ,29/01/2024 00:00,ARRECADACAO         ,"53.468,55",BANCO DO BRASIL C/MOV.                            ,117710,2024,paulinia,camara,SMARAPD Câmara de Paulínia
CÂMARA DO MUNICÍPIO DE PAULÍNIA, ,2.1.8.8.1.01.99.001 ,ASMUP                                             ,29/01/2024 00:00,ARRECADACAO         ,"3.158,40",BANCO DO BRASIL C/MOV.                            ,117705,2024,paulinia,camara,SMARAPD Câmara de Paulínia
CÂMARA DO MUNICÍPIO DE PAULÍNIA, ,2.1.8.8.3.01.04.001 ,IRRF - FOLHA DE PAGAMENTO                         ,29/01/2024 00:00,ARRECADACAO         ,"270.611,59",BANCO DO BRASIL C/MOV.                            ,117713,2024,paulinia,camara,SMARAPD Câmara de Paulínia
CÂMARA DO MUNICÍPIO DE PAULÍNIA, ,2.1.8.8.3.01.02.003 ,I.N.S.S.- FOLHA DE PAGAMENTO                      ,25/01/2024 00:00,ARRECADACAO         ,"468,45",BANCO DO BRASIL C/MOV.                            ,117669,2024,paulinia,camara,SMARAPD Câmara de Paulínia
CÂMARA DO MUNICÍPIO DE PAULÍNIA, ,2.1.8.8.1.01.11.005 ,SAMARITANO                                        ,29/01/2024 00:00,ARRECADACAO         ,"6.400,76",BANCO DO BRASIL C/MOV.                            ,117707,2024,paulinia,camara,SMARAPD Câmara de Paulínia
CÂMARA DO MUNICÍPIO DE PAULÍNIA, ,2.1.8.8.1.01.15.002 ,EMPRÉSTIMO CAIXA ECONOMICA FEDERAL                ,29/01/2024 00:00,ARRECADACAO         ,"24.330,49",BANCO DO BRASIL C/MOV.                            ,117708,2024,paulinia,camara,SMARAPD Câmara de Paulínia
CÂMARA DO MUNICÍPIO DE PAULÍNIA, ,2.1.8.8.1.01.03.001 ,PAULÍNIA PREVI                                    ,26/01/2024 00:00,ESTORNO DE ARRECADAC,"-111.743,33",BANCO DO BRASIL C/MOV.                            ,148213,2024,paulinia,camara,SMARAPD Câmara de Paulínia
CÂMARA DO MUNICÍPIO DE PAULÍNIA, ,2.1.8.8.1.01.11.008 ,UNIODONTO CAMPINAS                                ,26/01/2024 00:00,ESTORNO DE ARRECADAC,"-1.326,44",BANCO DO BRASIL C/MOV.                            ,148221,2024,paulinia,camara,SMARAPD Câmara de Paulínia
CÂMARA DO MUNICÍPIO DE PAULÍNIA, ,2.1.8.8.1.01.15.001 ,EMPRÉSTIMO BANCO DO BRASIL                        ,26/01/2024 00:00,ESTORNO DE ARRECADAC,"-53.468,55",BANCO DO BRASIL C/MOV.                            ,148215,2024,paulinia,camara,SMARAPD Câmara de Paulínia
CÂMARA DO MUNICÍPIO DE PAULÍNIA, ,2.1.8.8.1.01.99.001 ,ASMUP                                             ,26/01/2024 00:00,ESTORNO DE ARRECADAC,"-3.158,40",BANCO DO BRASIL C/MOV.                            ,148220,2024,paulinia,camara,SMARAPD Câmara de Paulínia
CÂMARA DO MUNICÍPIO DE PAULÍNIA, ,2.1.8.8.3.01.02.003 ,I.N.S.S.- FOLHA DE PAGAMENTO                      ,26/01/2024 00:00,ESTORNO DE ARRECADAC,"-59.173,30",BANCO DO BRASIL C/MOV.                            ,148214,2024,paulinia,camara,SMARAPD Câmara de Paulínia
CÂMARA DO MUNICÍPIO DE PAULÍNIA, ,2.1.8.8.1.01.13.002 ,MENSALIDADE SINDICATO                             ,26/01/2024 00:00,ESTORNO DE ARRECADAC,"-110,00",BANCO DO BRASIL C/MOV.                            ,148223,2024,paulinia,camara,SMARAPD Câmara de Paulínia
CÂMARA DO MUNICÍPIO DE PAULÍNIA, ,2.1.8.8.1.01.11.005 ,SAMARITANO                                        ,26/01/2024 00:00,ESTORNO DE ARRECADAC,"-6.400,76",BANCO DO BRASIL C/MOV.                            ,148218,2024,paulinia,camara,SMARAPD Câmara de Paulínia
CÂMARA DO MUNICÍPIO DE PAULÍNIA, ,4.5.1.1.2.02.00.000 ,REPASSE RECEBIDO                                  ,20/02/2024 00:00,ARRECADACAO         ,"3.875.000,00",BANCO DO BRASIL C/MOV.                            ,148363,2024,paulinia,camara,SMARAPD Câmara de Paulínia
CÂMARA DO MUNICÍPIO DE PAULÍNIA, ,2.1.8.8.1.01.10.001 ,DEPÓSITO JUDICIAL                                 ,29/02/2024 00:00,ARRECADACAO         ,"4.468,51",BANCO DO BRASIL C/MOV.                            ,123750,2024,paulinia,camara,SMARAPD Câmara de Paulínia
CÂMARA DO MUNICÍPIO DE PAULÍNIA, ,2.1.8.8.5.01.08.001 ,I.S.S.Q.N. - RETENÇÃO PESSOA JURIDICA             ,06/02/2024 00:00,ARRECADACAO         ,"4.907,99",BANCO DO BRASIL C/MOV.                            ,120407,2024,paulinia,camara,SMARAPD Câmara de Paulínia
CÂMARA DO MUNICÍPIO DE PAULÍNIA, ,2.1.8.8.5.01.08.001 ,I.S.S.Q.N. - RETENÇÃO PESSOA JURIDICA             ,15/02/2024 00:00,ARRECADACAO         ,"310,87",BANCO DO BRASIL C/MOV.                            ,120553,2024,paulinia,camara,SMARAPD Câmara de Paulínia
CÂMARA DO MUNICÍPIO DE PAULÍNIA, ,2.1.8.8.5.01.08.001 ,I.S.S.Q.N. - RETENÇÃO PESSOA JURIDICA             ,15/02/2024 00:00,ARRECADACAO         ,"812,16",BANCO DO BRASIL C/MOV.                            ,120556,2024,paulinia,camara,SMARAPD Câmara de Paulínia
CÂMARA DO MUNICÍPIO DE PAULÍNIA, ,2.1.8.8.5.01.08.001 ,I.S.S.Q.N. - RETENÇÃO PESSOA JURIDICA             ,16/02/2024 00:00,ARRECADACAO         ,"12,90",BANCO DO BRASIL C/MOV.                            ,120587,2024,paulinia,camara,SMARAPD Câmara de Paulínia
CÂMARA DO MUNICÍPIO DE PAULÍNIA, ,2.1.8.8.3.01.02.002 ,I.N.S.S - RETENÇÃO PESSOA JURIDICA                ,06/02/2024 00:00,ARRECADACAO         ,"5.398,79",BANCO DO BRASIL C/MOV.                            ,120408,2024,paulinia,camara,SMARAPD Câmara de Paulínia
CÂMARA DO MUNICÍPIO DE PAULÍNIA, ,2.1.8.8.3.01.02.002 ,I.N.S.S - RETENÇÃO PESSOA JURIDICA                ,15/02/2024 00:00,ARRECADACAO         ,"1.709,80",BANCO DO BRASIL C/MOV.                            ,120557,2024,paulinia,camara,SMARAPD Câmara de Paulínia
CÂMARA DO MUNICÍPIO DE PAULÍNIA, ,2.1.8.8.3.01.04.002 ,IRRF - RETENÇÃO PESSOA JURIDICA                   ,06/02/2024 00:00,ARRECADACAO         ,"1.177,92",BANCO DO BRASIL C/MOV.                            ,120406,2024,paulinia,camara,SMARAPD Câmara de Paulínia
CÂMARA DO MUNICÍPIO DE PAULÍNIA, ,2.1.8.8.3.01.04.002 ,IRRF - RETENÇÃO PESSOA JURIDICA                   ,09/02/2024 00:00,ARRECADACAO         ,"495,96",BANCO DO BRASIL C/MOV.                            ,120492,2024,paulinia,camara,SMARAPD Câmara de Paulínia
CÂMARA DO MUNICÍPIO DE PAULÍNIA, ,2.1.8.8.3.01.04.002 ,IRRF - RETENÇÃO PESSOA JURIDICA                   ,09/02/2024 00:00,ARRECADACAO         ,"692,98",BANCO DO BRASIL C/MOV.                            ,120494,2024,paulinia,camara,SMARAPD Câmara de Paulínia
CÂMARA DO MUNICÍPIO DE PAULÍNIA, ,2.1.8.8.3.01.04.002 ,IRRF - RETENÇÃO PESSOA JURIDICA                   ,09/02/2024 00:00,ARRECADACAO         ,"8.539,04",BANCO DO BRASIL C/MOV.                            ,120496,2024,paulinia,camara,SMARAPD Câmara de Paulínia
CÂMARA DO MUNICÍPIO DE PAULÍNIA, ,2.1.8.8.3.01.04.002 ,IRRF - RETENÇÃO PESSOA JURIDICA                   ,15/02/2024 00:00,ARRECADACAO         ,"343,93",BANCO DO BRASIL C/MOV.                            ,120554,2024,paulinia,camara,SMARAPD Câmara de Paulínia
CÂMARA DO MUNICÍPIO DE PAULÍNIA, ,2.1.8.8.1.01.03.001 ,PAULÍNIA PREVI                                    ,29/02/2024 00:00,ARRECADACAO         ,"103.674,02",BANCO DO BRASIL C/MOV.                            ,123756,2024,paulinia,camara,SMARAPD Câmara de Paulínia
CÂMARA DO MUNICÍPIO DE PAULÍNIA, ,2.1.8.8.1.01.99.003 ,DIVERSOS                                          ,29/02/2024 00:00,ARRECADACAO         ,"560,40",BANCO DO BRASIL C/MOV.                            ,123747,2024,paulinia,camara,SMARAPD Câmara de Paulínia
CÂMARA DO MUNICÍPIO DE PAULÍNIA, ,2.1.8.8.1.01.11.008 ,UNIODONTO CAMPINAS                                ,29/02/2024 00:00,ARRECADACAO         ,"1.354,23",BANCO DO BRASIL C/MOV.                            ,123748,2024,paulinia,camara,SMARAPD Câmara de Paulínia
CÂMARA DO MUNICÍPIO DE PAULÍNIA, ,2.1.8.8.1.01.15.001 ,EMPRÉSTIMO BANCO DO BRASIL                        ,29/02/2024 00:00,ARRECADACAO         ,"48.766,73",BANCO DO BRASIL C/MOV.                            ,123754,2024,paulinia,camara,SMARAPD Câmara de Paulínia
CÂMARA DO MUNICÍPIO DE PAULÍNIA, ,2.1.8.8.5.01.08.001 ,I.S.S.Q.N. - RETENÇÃO PESSOA JURIDICA             ,19/02/2024 00:00,ARRECADACAO         ,"54,00",BANCO DO BRASIL C/MOV.                            ,120614,2024,paulinia,camara,SMARAPD Câmara de Paulínia
CÂMARA DO MUNICÍPIO DE PAULÍNIA, ,2.1.8.8.3.01.04.001 ,IRRF - FOLHA DE PAGAMENTO                         ,29/02/2024 00:00,ARRECADACAO         ,"314.264,16",BANCO DO BRASIL C/MOV.                            ,123757,2024,paulinia,camara,SMARAPD Câmara de Paulínia
CÂMARA DO MUNICÍPIO DE PAULÍNIA, ,2.1.8.8.3.01.02.003 ,I.N.S.S.- FOLHA DE PAGAMENTO                      ,29/02/2024 00:00,ARRECADACAO         ,"59.271,78",BANCO DO BRASIL C/MOV.                            ,123755,2024,paulinia,camara,SMARAPD Câmara de Paulínia
CÂMARA DO MUNICÍPIO DE PAULÍNIA, ,2.1.8.8.1.01.13.002 ,MENSALIDADE SINDICATO                             ,29/02/2024 00:00,ARRECADACAO         ,"110,00",BANCO DO BRASIL C/MOV.                            ,123746,2024,paulinia,camara,SMARAPD Câmara de Paulínia
CÂMARA DO MUNICÍPIO DE PAULÍNIA, ,2.1.8.8.1.01.11.005 ,SAMARITANO                                        ,29/02/2024 00:00,ARRECADACAO         ,"6.522,90",BANCO DO BRASIL C/MOV.                            ,123751,2024,paulinia,camara,SMARAPD Câmara de Paulínia
CÂMARA DO MUNICÍPIO DE PAULÍNIA, ,2.1.8.8.1.01.15.002 ,EMPRÉSTIMO CAIXA ECONOMICA FEDERAL                ,29/02/2024 00:00,ARRECADACAO         ,"24.330,49",BANCO DO BRASIL C/MOV.                            ,123752,2024,paulinia,camara,SMARAPD Câmara de Paulínia
CÂMARA DO MUNICÍPIO DE PAULÍNIA, ,2.1.8.8.3.01.04.002 ,IRRF - RETENÇÃO PESSOA JURIDICA                   ,19/03/2024 00:00,SAÍDA [TRANSF CONTAS,"-343,93",,148380,2024,paulinia,camara,SMARAPD Câmara de Paulínia
CÂMARA DO MUNICÍPIO DE PAULÍNIA, ,2.1.8.8.5.01.08.001 ,I.S.S.Q.N. - RETENÇÃO PESSOA JURIDICA             ,07/03/2024 00:00,ARRECADACAO         ,"6,00",BANCO DO BRASIL C/MOV.                            ,123798,2024,paulinia,camara,SMARAPD Câmara de Paulínia
CÂMARA DO MUNICÍPIO DE PAULÍNIA, ,2.1.8.8.5.01.08.001 ,I.S.S.Q.N. - RETENÇÃO PESSOA JURIDICA             ,11/03/2024 00:00,ARRECADACAO         ,"8,60",BANCO DO BRASIL C/MOV.                            ,123817,2024,paulinia,camara,SMARAPD Câmara de Paulínia
CÂMARA DO MUNICÍPIO DE PAULÍNIA, ,2.1.8.8.5.01.08.001 ,I.S.S.Q.N. - RETENÇÃO PESSOA JURIDICA             ,14/03/2024 00:00,ARRECADACAO         ,"329,92",BANCO DO BRASIL C/MOV.                            ,124006,2024,paulinia,camara,SMARAPD Câmara de Paulínia
CÂMARA DO MUNICÍPIO DE PAULÍNIA, ,2.1.8.8.5.01.08.001 ,I.S.S.Q.N. - RETENÇÃO PESSOA JURIDICA             ,20/03/2024 00:00,ARRECADACAO         ,"54,00",BANCO DO BRASIL C/MOV.                            ,124039,2024,paulinia,camara,SMARAPD Câmara de Paulínia
CÂMARA DO MUNICÍPIO DE PAULÍNIA, ,4.5.1.1.2.02.00.000 ,REPASSE RECEBIDO                                  ,20/03/2024 00:00,ARRECADACAO         ,"3.875.000,00",BANCO DO BRASIL C/MOV.                            ,148364,2024,paulinia,camara,SMARAPD Câmara de Paulínia
CÂMARA DO MUNICÍPIO DE PAULÍNIA, ,2.1.8.8.3.01.02.002 ,I.N.S.S - RETENÇÃO PESSOA JURIDICA                ,11/03/2024 00:00,ARRECADACAO         ,"91,30",BANCO DO BRASIL C/MOV.                            ,123819,2024,paulinia,camara,SMARAPD Câmara de Paulínia
CÂMARA DO MUNICÍPIO DE PAULÍNIA, ,2.1.8.8.3.01.04.001 ,IRRF - FOLHA DE PAGAMENTO                         ,27/03/2024 00:00,ARRECADACAO         ,"284.509,68",SANTANDER PAULÍNIA                                ,124188,2024,paulinia,camara,SMARAPD Câmara de Paulínia
CÂMARA DO MUNICÍPIO DE PAULÍNIA, ,2.1.8.8.3.01.02.003 ,I.N.S.S.- FOLHA DE PAGAMENTO                      ,27/03/2024 00:00,ARRECADACAO         ,"59.410,02",SANTANDER PAULÍNIA                                ,124186,2024,paulinia,camara,SMARAPD Câmara de Paulínia
CÂMARA DO MUNICÍPIO DE PAULÍNIA, ,2.1.8.8.1.01.13.002 ,MENSALIDADE SINDICATO                             ,27/03/2024 00:00,ARRECADACAO         ,"110,00",SANTANDER PAULÍNIA                                ,124177,2024,paulinia,camara,SMARAPD Câmara de Paulínia
CÂMARA DO MUNICÍPIO DE PAULÍNIA, ,2.1.8.8.1.01.03.001 ,PAULÍNIA PREVI                                    ,27/03/2024 00:00,ARRECADACAO         ,"112.979,89",SANTANDER PAULÍNIA                                ,124187,2024,paulinia,camara,SMARAPD Câmara de Paulínia
CÂMARA DO MUNICÍPIO DE PAULÍNIA, ,2.1.8.8.1.01.99.003 ,DIVERSOS                                          ,27/03/2024 00:00,ARRECADACAO         ,"560,40",SANTANDER PAULÍNIA                                ,124178,2024,paulinia,camara,SMARAPD Câmara de Paulínia
CÂMARA DO MUNICÍPIO DE PAULÍNIA, ,2.1.8.8.1.01.11.007 ,UNIMED                                            ,27/03/2024 00:00,ARRECADACAO         ,"33.644,00",SANTANDER PAULÍNIA                                ,124184,2024,paulinia,camara,SMARAPD Câmara de Paulínia
CÂMARA DO MUNICÍPIO DE PAULÍNIA, ,2.1.8.8.1.01.15.001 ,EMPRÉSTIMO BANCO DO BRASIL                        ,27/03/2024 00:00,ARRECADACAO         ,"52.113,72",SANTANDER PAULÍNIA                                ,124185,2024,paulinia,camara,SMARAPD Câmara de Paulínia
CÂMARA DO MUNICÍPIO DE PAULÍNIA, ,2.1.8.8.3.01.04.002 ,IRRF - RETENÇÃO PESSOA JURIDICA                   ,11/03/2024 00:00,ARRECADACAO         ,"1.030,61",BANCO DO BRASIL C/MOV.                            ,123821,2024,paulinia,camara,SMARAPD Câmara de Paulínia
CÂMARA DO MUNICÍPIO DE PAULÍNIA, ,2.1.8.8.3.01.04.002 ,IRRF - RETENÇÃO PESSOA JURIDICA                   ,12/03/2024 00:00,ARRECADACAO         ,"1.939,41",BANCO DO BRASIL C/MOV.                            ,123883,2024,paulinia,camara,SMARAPD Câmara de Paulínia
CÂMARA DO MUNICÍPIO DE PAULÍNIA, ,2.1.8.8.3.01.04.002 ,IRRF - RETENÇÃO PESSOA JURIDICA                   ,14/03/2024 00:00,ARRECADACAO         ,"480,19",BANCO DO BRASIL C/MOV.                            ,124007,2024,paulinia,camara,SMARAPD Câmara de Paulínia
CÂMARA DO MUNICÍPIO DE PAULÍNIA, ,2.1.8.8.3.01.04.002 ,IRRF - RETENÇÃO PESSOA JURIDICA                   ,14/03/2024 00:00,ARRECADACAO         ,"1.177,92",BANCO DO BRASIL C/MOV.                            ,124008,2024,paulinia,camara,SMARAPD Câmara de Paulínia
CÂMARA DO MUNICÍPIO DE PAULÍNIA, ,2.1.8.8.1.01.10.001 ,DEPÓSITO JUDICIAL                                 ,27/03/2024 00:00,ARRECADACAO         ,"7.012,70",SANTANDER PAULÍNIA                                ,124182,2024,paulinia,camara,SMARAPD Câmara de Paulínia
CÂMARA DO MUNICÍPIO DE PAULÍNIA, ,2.1.8.8.1.01.11.005 ,SAMARITANO                                        ,27/03/2024 00:00,ARRECADACAO         ,"6.527,17",SANTANDER PAULÍNIA                                ,124181,2024,paulinia,camara,SMARAPD Câmara de Paulínia
CÂMARA DO MUNICÍPIO DE PAULÍNIA, ,2.1.8.8.1.01.03.001 ,PAULÍNIA PREVI                                    ,13/03/2024 00:00,ARRECADACAO         ,"1.342,34",BANCO DO BRASIL C/MOV.                            ,124004,2024,paulinia,camara,SMARAPD Câmara de Paulínia
CÂMARA DO MUNICÍPIO DE PAULÍNIA, ,2.1.8.8.1.01.99.001 ,ASMUP                                             ,13/03/2024 00:00,ARRECADACAO         ,"32,90",BANCO DO BRASIL C/MOV.                            ,124002,2024,paulinia,camara,SMARAPD Câmara de Paulínia
CÂMARA DO MUNICÍPIO DE PAULÍNIA, ,2.1.8.8.5.01.08.001 ,I.S.S.Q.N. - RETENÇÃO PESSOA JURIDICA             ,27/03/2024 00:00,ARRECADACAO         ,"1.031,70",BANCO DO BRASIL C/MOV.                            ,124175,2024,paulinia,camara,SMARAPD Câmara de Paulínia
CÂMARA DO MUNICÍPIO DE PAULÍNIA, ,4.5.1.1.2.02.00.000 ,REPASSE RECEBIDO                                  ,19/04/2024 00:00,ARRECADACAO         ,"3.875.000,00",BANCO DO BRASIL C/MOV.                            ,148366,2024,paulinia,camara,SMARAPD Câmara de Paulínia
CÂMARA DO MUNICÍPIO DE PAULÍNIA, ,2.1.8.8.3.01.04.002 ,IRRF - RETENÇÃO PESSOA JURIDICA                   ,10/04/2024 00:00,ARRECADACAO         ,"708,87",BANCO DO BRASIL (APLICAÇÃO)                       ,127248,2024,paulinia,camara,SMARAPD Câmara de Paulínia
CÂMARA DO MUNICÍPIO DE PAULÍNIA, ,2.1.8.8.3.01.04.002 ,IRRF - RETENÇÃO PESSOA JURIDICA                   ,10/04/2024 00:00,ARRECADACAO         ,"733,66",BANCO DO BRASIL (APLICAÇÃO)                       ,127249,2024,paulinia,camara,SMARAPD Câmara de Paulínia
CÂMARA DO MUNICÍPIO DE PAULÍNIA, ,2.1.8.8.3.01.04.002 ,IRRF - RETENÇÃO PESSOA JURIDICA                   ,10/04/2024 00:00,ARRECADACAO         ,"1.177,92",BANCO DO BRASIL (APLICAÇÃO)                       ,127251,2024,paulinia,camara,SMARAPD Câmara de Paulínia
CÂMARA DO MUNICÍPIO DE PAULÍNIA, ,2.1.8.8.3.01.02.002 ,I.N.S.S - RETENÇÃO PESSOA JURIDICA                ,05/04/2024 00:00,ARRECADACAO         ,"4.444,47",BANCO DO BRASIL (APLICAÇÃO)                       ,127204,2024,paulinia,camara,SMARAPD Câmara de Paulínia
CÂMARA DO MUNICÍPIO DE PAULÍNIA, ,2.1.8.8.3.01.02.002 ,I.N.S.S - RETENÇÃO PESSOA JURIDICA                ,10/04/2024 00:00,ARRECADACAO         ,"1.681,31",BANCO DO BRASIL (APLICAÇÃO)                       ,127252,2024,paulinia,camara,SMARAPD Câmara de Paulínia
CÂMARA DO MUNICÍPIO DE PAULÍNIA, ,2.1.8.8.3.01.02.002 ,I.N.S.S - RETENÇÃO PESSOA JURIDICA                ,19/04/2024 00:00,ARRECADACAO         ,"5.398,78",BANCO DO BRASIL (APLICAÇÃO)                       ,127366,2024,paulinia,camara,SMARAPD Câmara de Paulínia
CÂMARA DO MUNICÍPIO DE PAULÍNIA, ,2.1.8.8.5.01.08.001 ,I.S.S.Q.N. - RETENÇÃO PESSOA JURIDICA             ,10/04/2024 00:00,ARRECADACAO         ,"305,69",BANCO DO BRASIL (APLICAÇÃO)                       ,127245,2024,paulinia,camara,SMARAPD Câmara de Paulínia
CÂMARA DO MUNICÍPIO DE PAULÍNIA, ,2.1.8.8.5.01.08.001 ,I.S.S.Q.N. - RETENÇÃO PESSOA JURIDICA             ,19/04/2024 00:00,ARRECADACAO         ,"4.907,99",BANCO DO BRASIL (APLICAÇÃO)                       ,127365,2024,paulinia,camara,SMARAPD Câmara de Paulínia
CÂMARA DO MUNICÍPIO DE PAULÍNIA, ,2.1.8.8.5.01.08.001 ,I.S.S.Q.N. - RETENÇÃO PESSOA JURIDICA             ,22/04/2024 00:00,ARRECADACAO         ,"57,98",BANCO DO BRASIL (APLICAÇÃO)                       ,127405,2024,paulinia,camara,SMARAPD Câmara de Paulínia
CÂMARA DO MUNICÍPIO DE PAULÍNIA, ,2.1.8.8.3.01.04.002 ,IRRF - RETENÇÃO PESSOA JURIDICA                   ,11/04/2024 00:00,ARRECADACAO         ,"480,19",BANCO DO BRASIL (APLICAÇÃO)                       ,127256,2024,paulinia,camara,SMARAPD Câmara de Paulínia
CÂMARA DO MUNICÍPIO DE PAULÍNIA, ,2.1.8.8.3.01.04.002 ,IRRF - RETENÇÃO PESSOA JURIDICA                   ,11/04/2024 00:00,ARRECADACAO         ,"8.267,40",BANCO DO BRASIL (APLICAÇÃO)                       ,127257,2024,paulinia,camara,SMARAPD Câmara de Paulínia
CÂMARA DO MUNICÍPIO DE PAULÍNIA, ,2.1.8.8.3.01.04.002 ,IRRF - RETENÇÃO PESSOA JURIDICA                   ,24/04/2024 00:00,ARRECADACAO         ,"342,39",BANCO DO BRASIL (APLICAÇÃO)                       ,127410,2024,paulinia,camara,SMARAPD Câmara de Paulínia
CÂMARA DO MUNICÍPIO DE PAULÍNIA, ,2.1.8.8.3.01.02.003 ,I.N.S.S.- FOLHA DE PAGAMENTO                      ,25/04/2024 00:00,ARRECADACAO         ,"750,64",SANTANDER PAULÍNIA                                ,127417,2024,paulinia,camara,SMARAPD Câmara de Paulínia
CÂMARA DO MUNICÍPIO DE PAULÍNIA, ,2.1.8.8.3.01.02.003 ,I.N.S.S.- FOLHA DE PAGAMENTO                      ,29/04/2024 00:00,ARRECADACAO         ,"58.351,30",SANTANDER PAULÍNIA                                ,127449,2024,paulinia,camara,SMARAPD Câmara de Paulínia
CÂMARA DO MUNICÍPIO DE PAULÍNIA, ,2.1.8.8.3.01.04.001 ,IRRF - FOLHA DE PAGAMENTO                         ,23/04/2024 00:00,ARRECADACAO         ,"153,47",BANCO DO BRASIL (APLICAÇÃO)                       ,127407,2024,paulinia,camara,SMARAPD Câmara de Paulínia
CÂMARA DO MUNICÍPIO DE PAULÍNIA, ,2.1.8.8.1.01.03.001 ,PAULÍNIA PREVI                                    ,08/04/2024 00:00,ARRECADACAO         ,"604,89",SANTANDER PAULÍNIA                                ,127214,2024,paulinia,camara,SMARAPD Câmara de Paulínia
CÂMARA DO MUNICÍPIO DE PAULÍNIA, ,2.1.8.8.1.01.03.001 ,PAULÍNIA PREVI                                    ,29/04/2024 00:00,ARRECADACAO         ,"110.260,16",SANTANDER PAULÍNIA                                ,127450,2024,paulinia,camara,SMARAPD Câmara de Paulínia
CÂMARA DO MUNICÍPIO DE PAULÍNIA, ,2.1.8.8.1.01.99.003 ,DIVERSOS                                          ,29/04/2024 00:00,ARRECADACAO         ,"560,40",SANTANDER PAULÍNIA                                ,127441,2024,paulinia,camara,SMARAPD Câmara de Paulínia
CÂMARA DO MUNICÍPIO DE PAULÍNIA, ,2.1.8.8.1.01.11.007 ,UNIMED                                            ,25/04/2024 00:00,ARRECADACAO         ,"188,40",SANTANDER PAULÍNIA                                ,127415,2024,paulinia,camara,SMARAPD Câmara de Paulínia
CÂMARA DO MUNICÍPIO DE PAULÍNIA, ,2.1.8.8.1.01.11.007 ,UNIMED                                            ,29/04/2024 00:00,ARRECADACAO         ,"39.928,13",SANTANDER PAULÍNIA                                ,127447,2024,paulinia,camara,SMARAPD Câmara de Paulínia
CÂMARA DO MUNICÍPIO DE PAULÍNIA, ,2.1.8.8.1.01.11.008 ,UNIODONTO CAMPINAS                                ,29/04/2024 00:00,ARRECADACAO         ,"1.393,10",SANTANDER PAULÍNIA                                ,127442,2024,paulinia,camara,SMARAPD Câmara de Paulínia
CÂMARA DO MUNICÍPIO DE PAULÍNIA, ,2.1.8.8.1.01.15.001 ,EMPRÉSTIMO BANCO DO BRASIL                        ,29/04/2024 00:00,ARRECADACAO         ,"52.113,72",SANTANDER PAULÍNIA                                ,127448,2024,paulinia,camara,SMARAPD Câmara de Paulínia
CÂMARA DO MUNICÍPIO DE PAULÍNIA, ,2.1.8.8.1.01.99.001 ,ASMUP                                             ,08/04/2024 00:00,ARRECADACAO         ,"32,90",SANTANDER PAULÍNIA                                ,127211,2024,paulinia,camara,SMARAPD Câmara de Paulínia
CÂMARA DO MUNICÍPIO DE PAULÍNIA, ,2.1.8.8.1.01.99.001 ,ASMUP                                             ,25/04/2024 00:00,ARRECADACAO         ,"32,90",SANTANDER PAULÍNIA                                ,127414,2024,paulinia,camara,SMARAPD Câmara de Paulínia
CÂMARA DO MUNICÍPIO DE PAULÍNIA, ,2.1.8.8.5.01.08.001 ,I.S.S.Q.N. - RETENÇÃO PESSOA JURIDICA             ,01/04/2024 00:00,ARRECADACAO         ,"1,61",BANCO DO BRASIL C/MOV.                            ,127180,2024,paulinia,camara,SMARAPD Câmara de Paulínia
CÂMARA DO MUNICÍPIO DE PAULÍNIA, ,2.1.8.8.1.01.15.002 ,EMPRÉSTIMO CAIXA ECONOMICA FEDERAL                ,29/04/2024 00:00,ARRECADACAO         ,"24.330,49",SANTANDER PAULÍNIA                                ,127446,2024,paulinia,camara,SMARAPD Câmara de Paulínia
CÂMARA DO MUNICÍPIO DE PAULÍNIA, ,2.1.8.8.3.01.04.002 ,IRRF - RETENÇÃO PESSOA JURIDICA                   ,19/04/2024 00:00,ESTORNO DE ARRECADAC,"-1.177,92",BANCO DO BRASIL C/MOV.                            ,148231,2024,paulinia,camara,SMARAPD Câmara de Paulínia
CÂMARA DO MUNICÍPIO DE PAULÍNIA, ,2.1.8.8.5.01.08.001 ,I.S.S.Q.N. - RETENÇÃO PESSOA JURIDICA             ,19/04/2024 00:00,ESTORNO DE ARRECADAC,"-4.907,99",BANCO DO BRASIL C/MOV.                            ,148230,2024,paulinia,camara,SMARAPD Câmara de Paulínia
CÂMARA DO MUNICÍPIO DE PAULÍNIA, ,2.1.8.8.5.01.08.001 ,I.S.S.Q.N. - RETENÇÃO PESSOA JURIDICA             ,06/05/2024 00:00,ARRECADACAO         ,"1,08",BANCO DO BRASIL (APLICAÇÃO)                       ,130542,2024,paulinia,camara,SMARAPD Câmara de Paulínia
CÂMARA DO MUNICÍPIO DE PAULÍNIA, ,2.1.8.8.5.01.08.001 ,I.S.S.Q.N. - RETENÇÃO PESSOA JURIDICA             ,14/05/2024 00:00,ARRECADACAO         ,"305,69",BANCO DO BRASIL (APLICAÇÃO)                       ,130696,2024,paulinia,camara,SMARAPD Câmara de Paulínia
CÂMARA DO MUNICÍPIO DE PAULÍNIA, ,2.1.8.8.5.01.08.001 ,I.S.S.Q.N. - RETENÇÃO PESSOA JURIDICA             ,15/05/2024 00:00,ARRECADACAO         ,"4.907,99",BANCO DO BRASIL (APLICAÇÃO)                       ,130705,2024,paulinia,camara,SMARAPD Câmara de Paulínia
CÂMARA DO MUNICÍPIO DE PAULÍNIA, ,2.1.8.8.5.01.08.001 ,I.S.S.Q.N. - RETENÇÃO PESSOA JURIDICA             ,16/05/2024 00:00,ARRECADACAO         ,"292,98",BANCO DO BRASIL (APLICAÇÃO)                       ,130707,2024,paulinia,camara,SMARAPD Câmara de Paulínia
CÂMARA DO MUNICÍPIO DE PAULÍNIA, ,2.1.8.8.5.01.08.001 ,I.S.S.Q.N. - RETENÇÃO PESSOA JURIDICA             ,20/05/2024 00:00,ARRECADACAO         ,"2,69",BANCO DO BRASIL (APLICAÇÃO)                       ,130722,2024,paulinia,camara,SMARAPD Câmara de Paulínia
CÂMARA DO MUNICÍPIO DE PAULÍNIA, ,2.1.8.8.5.01.08.001 ,I.S.S.Q.N. - RETENÇÃO PESSOA JURIDICA             ,20/05/2024 00:00,ARRECADACAO         ,"2,69",BANCO DO BRASIL (APLICAÇÃO)                       ,130723,2024,paulinia,camara,SMARAPD Câmara de Paulínia
CÂMARA DO MUNICÍPIO DE PAULÍNIA, ,2.1.8.8.5.01.08.001 ,I.S.S.Q.N. - RETENÇÃO PESSOA JURIDICA             ,20/05/2024 00:00,ARRECADACAO         ,"54,00",BANCO DO BRASIL (APLICAÇÃO)                       ,130724,2024,paulinia,camara,SMARAPD Câmara de Paulínia
CÂMARA DO MUNICÍPIO DE PAULÍNIA, ,2.1.8.8.3.01.04.002 ,IRRF - RETENÇÃO PESSOA JURIDICA                   ,24/05/2024 00:00,ARRECADACAO         ,"342,38",BANCO DO BRASIL (APLICAÇÃO)                       ,130781,2024,paulinia,camara,SMARAPD Câmara de Paulínia
CÂMARA DO MUNICÍPIO DE PAULÍNIA, ,2.1.8.8.3.01.02.002 ,I.N.S.S - RETENÇÃO PESSOA JURIDICA                ,15/05/2024 00:00,ARRECADACAO         ,"5.398,79",BANCO DO BRASIL (APLICAÇÃO)                       ,130706,2024,paulinia,camara,SMARAPD Câmara de Paulínia
CÂMARA DO MUNICÍPIO DE PAULÍNIA, ,2.1.8.8.3.01.02.002 ,I.N.S.S - RETENÇÃO PESSOA JURIDICA                ,08/05/2024 00:00,ARRECADACAO         ,"4.444,47",BANCO DO BRASIL (APLICAÇÃO)                       ,130549,2024,paulinia,camara,SMARAPD Câmara de Paulínia
CÂMARA DO MUNICÍPIO DE PAULÍNIA, ,2.1.8.8.3.01.02.002 ,I.N.S.S - RETENÇÃO PESSOA JURIDICA                ,15/05/2024 00:00,ARRECADACAO         ,"97,76",BANCO DO BRASIL (APLICAÇÃO)                       ,130703,2024,paulinia,camara,SMARAPD Câmara de Paulínia
CÂMARA DO MUNICÍPIO DE PAULÍNIA, ,2.1.8.8.5.01.08.001 ,I.S.S.Q.N. - RETENÇÃO PESSOA JURIDICA             ,03/05/2024 00:00,ARRECADACAO         ,"19,36",BANCO DO BRASIL (APLICAÇÃO)                       ,130530,2024,paulinia,camara,SMARAPD Câmara de Paulínia
CÂMARA DO MUNICÍPIO DE PAULÍNIA, ,2.1.8.8.5.01.08.001 ,I.S.S.Q.N. - RETENÇÃO PESSOA JURIDICA             ,06/05/2024 00:00,ARRECADACAO         ,"1,08",BANCO DO BRASIL (APLICAÇÃO)                       ,130541,2024,paulinia,camara,SMARAPD Câmara de Paulínia
CÂMARA DO MUNICÍPIO DE PAULÍNIA, ,2.1.8.8.3.01.04.002 ,IRRF - RETENÇÃO PESSOA JURIDICA                   ,02/05/2024 00:00,ARRECADACAO         ,"4,66",BANCO DO BRASIL (APLICAÇÃO)                       ,130528,2024,paulinia,camara,SMARAPD Câmara de Paulínia
CÂMARA DO MUNICÍPIO DE PAULÍNIA, ,2.1.8.8.3.01.04.002 ,IRRF - RETENÇÃO PESSOA JURIDICA                   ,10/05/2024 00:00,ARRECADACAO         ,"31,68",BANCO DO BRASIL (APLICAÇÃO)                       ,130579,2024,paulinia,camara,SMARAPD Câmara de Paulínia
CÂMARA DO MUNICÍPIO DE PAULÍNIA, ,2.1.8.8.3.01.04.002 ,IRRF - RETENÇÃO PESSOA JURIDICA                   ,10/05/2024 00:00,ARRECADACAO         ,"422,40",BANCO DO BRASIL (APLICAÇÃO)                       ,130580,2024,paulinia,camara,SMARAPD Câmara de Paulínia
CÂMARA DO MUNICÍPIO DE PAULÍNIA, ,2.1.8.8.3.01.04.002 ,IRRF - RETENÇÃO PESSOA JURIDICA                   ,10/05/2024 00:00,ARRECADACAO         ,"563,26",BANCO DO BRASIL (APLICAÇÃO)                       ,130581,2024,paulinia,camara,SMARAPD Câmara de Paulínia
CÂMARA DO MUNICÍPIO DE PAULÍNIA, ,2.1.8.8.3.01.04.001 ,IRRF - FOLHA DE PAGAMENTO                         ,28/05/2024 00:00,ARRECADACAO         ,"629,64",SANTANDER PAULÍNIA                                ,130858,2024,paulinia,camara,SMARAPD Câmara de Paulínia
CÂMARA DO MUNICÍPIO DE PAULÍNIA, ,2.1.8.8.3.01.04.001 ,IRRF - FOLHA DE PAGAMENTO                         ,28/05/2024 00:00,ARRECADACAO         ,"1.569,38",SANTANDER PAULÍNIA                                ,130863,2024,paulinia,camara,SMARAPD Câmara de Paulínia
CÂMARA DO MUNICÍPIO DE PAULÍNIA, ,2.1.8.8.3.01.04.001 ,IRRF - FOLHA DE PAGAMENTO                         ,28/05/2024 00:00,ARRECADACAO         ,"202.277,03",SANTANDER PAULÍNIA                                ,130878,2024,paulinia,camara,SMARAPD Câmara de Paulínia
CÂMARA DO MUNICÍPIO DE PAULÍNIA, ,2.1.8.8.1.01.03.001 ,PAULÍNIA PREVI                                    ,28/05/2024 00:00,ARRECADACAO         ,"1.838,10",SANTANDER PAULÍNIA                                ,130865,2024,paulinia,camara,SMARAPD Câmara de Paulínia
CÂMARA DO MUNICÍPIO DE PAULÍNIA, ,2.1.8.8.1.01.03.001 ,PAULÍNIA PREVI                                    ,28/05/2024 00:00,ARRECADACAO         ,"109.517,86",SANTANDER PAULÍNIA                                ,130877,2024,paulinia,camara,SMARAPD Câmara de Paulínia
CÂMARA DO MUNICÍPIO DE PAULÍNIA, ,2.1.8.8.1.01.11.007 ,UNIMED                                            ,28/05/2024 00:00,ARRECADACAO         ,"14.893,18",SANTANDER PAULÍNIA                                ,130870,2024,paulinia,camara,SMARAPD Câmara de Paulínia
CÂMARA DO MUNICÍPIO DE PAULÍNIA, ,2.1.8.8.1.01.11.007 ,UNIMED                                            ,28/05/2024 00:00,ARRECADACAO         ,"23.725,43",SANTANDER PAULÍNIA                                ,130873,2024,paulinia,camara,SMARAPD Câmara de Paulínia
CÂMARA DO MUNICÍPIO DE PAULÍNIA, ,2.1.8.8.1.01.15.001 ,EMPRÉSTIMO BANCO DO BRASIL                        ,28/05/2024 00:00,ARRECADACAO         ,"40.778,29",SANTANDER PAULÍNIA                                ,130874,2024,paulinia,camara,SMARAPD Câmara de Paulínia
CÂMARA DO MUNICÍPIO DE PAULÍNIA, ,2.1.8.8.1.01.99.001 ,ASMUP                                             ,28/05/2024 00:00,ARRECADACAO         ,"1.513,40",SANTANDER PAULÍNIA                                ,130862,2024,paulinia,camara,SMARAPD Câmara de Paulínia
CÂMARA DO MUNICÍPIO DE PAULÍNIA, ,2.1.8.8.1.01.99.001 ,ASMUP                                             ,28/05/2024 00:00,ARRECADACAO         ,"1.710,80",SANTANDER PAULÍNIA                                ,130864,2024,paulinia,camara,SMARAPD Câmara de Paulínia
CÂMARA DO MUNICÍPIO DE PAULÍNIA, ,2.1.8.8.1.01.99.001 ,ASMUP                                             ,28/05/2024 00:00,ARRECADACAO         ,"32,90",SANTANDER PAULÍNIA                                ,130853,2024,paulinia,camara,SMARAPD Câmara de Paulínia
CÂMARA DO MUNICÍPIO DE PAULÍNIA, ,2.1.8.8.1.01.11.005 ,SAMARITANO                                        ,28/05/2024 00:00,ARRECADACAO         ,"913,89",SANTANDER PAULÍNIA                                ,130860,2024,paulinia,camara,SMARAPD Câmara de Paulínia
CÂMARA DO MUNICÍPIO DE PAULÍNIA, ,2.1.8.8.1.01.11.005 ,SAMARITANO                                        ,28/05/2024 00:00,ARRECADACAO         ,"5.613,28",SANTANDER PAULÍNIA                                ,130868,2024,paulinia,camara,SMARAPD Câmara de Paulínia
CÂMARA DO MUNICÍPIO DE PAULÍNIA, ,2.1.8.8.1.01.15.002 ,EMPRÉSTIMO CAIXA ECONOMICA FEDERAL                ,28/05/2024 00:00,ARRECADACAO         ,"4.977,77",SANTANDER PAULÍNIA                                ,130867,2024,paulinia,camara,SMARAPD Câmara de Paulínia
CÂMARA DO MUNICÍPIO DE PAULÍNIA, ,2.1.8.8.1.01.15.002 ,EMPRÉSTIMO CAIXA ECONOMICA FEDERAL                ,28/05/2024 00:00,ARRECADACAO         ,"16.063,99",SANTANDER PAULÍNIA                                ,130871,2024,paulinia,camara,SMARAPD Câmara de Paulínia
CÂMARA DO MUNICÍPIO DE PAULÍNIA, ,2.1.8.8.1.04.99.001 ,REMUNERAÇÃO DE AÇÕES                              ,13/05/2024 00:00,ARRECADACAO         ,"428,75",BANCO DO BRASIL (APLICAÇÃO)                       ,147615,2024,paulinia,camara,SMARAPD Câmara de Paulínia
CÂMARA DO MUNICÍPIO DE PAULÍNIA, ,2.1.8.8.5.01.08.001 ,I.S.S.Q.N. - RETENÇÃO PESSOA JURIDICA             ,06/06/2024 00:00,ARRECADACAO         ,"2.607,32",BANCO DO BRASIL (APLICAÇÃO)                       ,133871,2024,paulinia,camara,SMARAPD Câmara de Paulínia
CÂMARA DO MUNICÍPIO DE PAULÍNIA, ,2.1.8.8.5.01.08.001 ,I.S.S.Q.N. - RETENÇÃO PESSOA JURIDICA             ,14/06/2024 00:00,ARRECADACAO         ,"305,69",BANCO DO BRASIL (APLICAÇÃO)                       ,133972,2024,paulinia,camara,SMARAPD Câmara de Paulínia
CÂMARA DO MUNICÍPIO DE PAULÍNIA, ,2.1.8.8.5.01.08.001 ,I.S.S.Q.N. - RETENÇÃO PESSOA JURIDICA             ,14/06/2024 00:00,ARRECADACAO         ,"808,08",BANCO DO BRASIL (APLICAÇÃO)                       ,133975,2024,paulinia,camara,SMARAPD Câmara de Paulínia
CÂMARA DO MUNICÍPIO DE PAULÍNIA, ,2.1.8.8.5.01.08.001 ,I.S.S.Q.N. - RETENÇÃO PESSOA JURIDICA             ,14/06/2024 00:00,ARRECADACAO         ,"4.907,99",BANCO DO BRASIL (APLICAÇÃO)                       ,133980,2024,paulinia,camara,SMARAPD Câmara de Paulínia
CÂMARA DO MUNICÍPIO DE PAULÍNIA, ,2.1.8.8.5.01.08.001 ,I.S.S.Q.N. - RETENÇÃO PESSOA JURIDICA             ,26/06/2024 00:00,ARRECADACAO         ,"466,96",BANCO DO BRASIL (APLICAÇÃO)                       ,134102,2024,paulinia,camara,SMARAPD Câmara de Paulínia
CÂMARA DO MUNICÍPIO DE PAULÍNIA, ,2.1.8.8.5.01.08.001 ,I.S.S.Q.N. - RETENÇÃO PESSOA JURIDICA             ,27/06/2024 00:00,ARRECADACAO         ,"497,00",BANCO DO BRASIL (APLICAÇÃO)                       ,134107,2024,paulinia,camara,SMARAPD Câmara de Paulínia
CÂMARA DO MUNICÍPIO DE PAULÍNIA, ,2.1.8.8.3.01.04.002 ,IRRF - RETENÇÃO PESSOA JURIDICA                   ,03/06/2024 00:00,ARRECADACAO         ,"730,04",BANCO DO BRASIL (APLICAÇÃO)                       ,133860,2024,paulinia,camara,SMARAPD Câmara de Paulínia
CÂMARA DO MUNICÍPIO DE PAULÍNIA, ,2.1.8.8.3.01.04.002 ,IRRF - RETENÇÃO PESSOA JURIDICA                   ,06/06/2024 00:00,ARRECADACAO         ,"2.574,37",BANCO DO BRASIL (APLICAÇÃO)                       ,133870,2024,paulinia,camara,SMARAPD Câmara de Paulínia
CÂMARA DO MUNICÍPIO DE PAULÍNIA, ,2.1.8.8.3.01.04.002 ,IRRF - RETENÇÃO PESSOA JURIDICA                   ,10/06/2024 00:00,ARRECADACAO         ,"31,68",BANCO DO BRASIL (APLICAÇÃO)                       ,133886,2024,paulinia,camara,SMARAPD Câmara de Paulínia
CÂMARA DO MUNICÍPIO DE PAULÍNIA, ,2.1.8.8.3.01.04.002 ,IRRF - RETENÇÃO PESSOA JURIDICA                   ,10/06/2024 00:00,ARRECADACAO         ,"422,40",BANCO DO BRASIL (APLICAÇÃO)                       ,133887,2024,paulinia,camara,SMARAPD Câmara de Paulínia
CÂMARA DO MUNICÍPIO DE PAULÍNIA, ,2.1.8.8.3.01.04.002 ,IRRF - RETENÇÃO PESSOA JURIDICA                   ,14/06/2024 00:00,ARRECADACAO         ,"733,66",BANCO DO BRASIL (APLICAÇÃO)                       ,133974,2024,paulinia,camara,SMARAPD Câmara de Paulínia
CÂMARA DO MUNICÍPIO DE PAULÍNIA, ,2.1.8.8.3.01.04.002 ,IRRF - RETENÇÃO PESSOA JURIDICA                   ,14/06/2024 00:00,ARRECADACAO         ,"1.177,92",BANCO DO BRASIL (APLICAÇÃO)                       ,133976,2024,paulinia,camara,SMARAPD Câmara de Paulínia
CÂMARA DO MUNICÍPIO DE PAULÍNIA, ,2.1.8.8.3.01.04.002 ,IRRF - RETENÇÃO PESSOA JURIDICA                   ,14/06/2024 00:00,ARRECADACAO         ,"1.939,41",BANCO DO BRASIL (APLICAÇÃO)                       ,133978,2024,paulinia,camara,SMARAPD Câmara de Paulínia
CÂMARA DO MUNICÍPIO DE PAULÍNIA, ,2.1.8.8.3.01.04.002 ,IRRF - RETENÇÃO PESSOA JURIDICA                   ,14/06/2024 00:00,ARRECADACAO         ,"8.969,54",BANCO DO BRASIL (APLICAÇÃO)                       ,133982,2024,paulinia,camara,SMARAPD Câmara de Paulínia
CÂMARA DO MUNICÍPIO DE PAULÍNIA, ,2.1.8.8.3.01.04.002 ,IRRF - RETENÇÃO PESSOA JURIDICA                   ,17/06/2024 00:00,ARRECADACAO         ,"314,61",BANCO DO BRASIL (APLICAÇÃO)                       ,133994,2024,paulinia,camara,SMARAPD Câmara de Paulínia
CÂMARA DO MUNICÍPIO DE PAULÍNIA, ,2.1.8.8.3.01.04.002 ,IRRF - RETENÇÃO PESSOA JURIDICA                   ,17/06/2024 00:00,ARRECADACAO         ,"563,26",BANCO DO BRASIL (APLICAÇÃO)                       ,133995,2024,paulinia,camara,SMARAPD Câmara de Paulínia
CÂMARA DO MUNICÍPIO DE PAULÍNIA, ,2.1.8.8.3.01.02.002 ,I.N.S.S - RETENÇÃO PESSOA JURIDICA                ,06/06/2024 00:00,ARRECADACAO         ,"5.736,11",BANCO DO BRASIL (APLICAÇÃO)                       ,133872,2024,paulinia,camara,SMARAPD Câmara de Paulínia
CÂMARA DO MUNICÍPIO DE PAULÍNIA, ,2.1.8.8.3.01.02.002 ,I.N.S.S - RETENÇÃO PESSOA JURIDICA                ,14/06/2024 00:00,ARRECADACAO         ,"1.681,31",BANCO DO BRASIL (APLICAÇÃO)                       ,133977,2024,paulinia,camara,SMARAPD Câmara de Paulínia
CÂMARA DO MUNICÍPIO DE PAULÍNIA, ,2.1.8.8.3.01.02.002 ,I.N.S.S - RETENÇÃO PESSOA JURIDICA                ,14/06/2024 00:00,ARRECADACAO         ,"4.444,47",BANCO DO BRASIL (APLICAÇÃO)                       ,133979,2024,paulinia,camara,SMARAPD Câmara de Paulínia
CÂMARA DO MUNICÍPIO DE PAULÍNIA, ,2.1.8.8.3.01.04.001 ,IRRF - FOLHA DE PAGAMENTO                         ,27/06/2024 00:00,ARRECADACAO         ,"114.081,64",SANTANDER PAULÍNIA                                ,134125,2024,paulinia,camara,SMARAPD Câmara de Paulínia
CÂMARA DO MUNICÍPIO DE PAULÍNIA, ,2.1.8.8.3.01.04.001 ,IRRF - FOLHA DE PAGAMENTO                         ,27/06/2024 00:00,ARRECADACAO         ,"192.730,11",SANTANDER PAULÍNIA                                ,134127,2024,paulinia,camara,SMARAPD Câmara de Paulínia
CÂMARA DO MUNICÍPIO DE PAULÍNIA, ,2.1.8.8.1.01.99.003 ,DIVERSOS                                          ,27/06/2024 00:00,ARRECADACAO         ,"560,40",SANTANDER PAULÍNIA                                ,134109,2024,paulinia,camara,SMARAPD Câmara de Paulínia
CÂMARA DO MUNICÍPIO DE PAULÍNIA, ,2.1.8.8.1.01.11.007 ,UNIMED                                            ,27/06/2024 00:00,ARRECADACAO         ,"14.402,44",SANTANDER PAULÍNIA                                ,134119,2024,paulinia,camara,SMARAPD Câmara de Paulínia
CÂMARA DO MUNICÍPIO DE PAULÍNIA, ,2.1.8.8.1.01.11.007 ,UNIMED                                            ,27/06/2024 00:00,ARRECADACAO         ,"22.673,75",SANTANDER PAULÍNIA                                ,134122,2024,paulinia,camara,SMARAPD Câmara de Paulínia
CÂMARA DO MUNICÍPIO DE PAULÍNIA, ,2.1.8.8.1.01.11.008 ,UNIODONTO CAMPINAS                                ,27/06/2024 00:00,ARRECADACAO         ,"621,81",SANTANDER PAULÍNIA                                ,134110,2024,paulinia,camara,SMARAPD Câmara de Paulínia
CÂMARA DO MUNICÍPIO DE PAULÍNIA, ,2.1.8.8.1.01.15.001 ,EMPRÉSTIMO BANCO DO BRASIL                        ,27/06/2024 00:00,ARRECADACAO         ,"16.338,56",SANTANDER PAULÍNIA                                ,134121,2024,paulinia,camara,SMARAPD Câmara de Paulínia
CÂMARA DO MUNICÍPIO DE PAULÍNIA, ,2.1.8.8.1.01.11.008 ,UNIODONTO CAMPINAS                                ,27/06/2024 00:00,ARRECADACAO         ,"810,15",SANTANDER PAULÍNIA                                ,134111,2024,paulinia,camara,SMARAPD Câmara de Paulínia
CÂMARA DO MUNICÍPIO DE PAULÍNIA, ,2.1.8.8.1.01.99.001 ,ASMUP                                             ,27/06/2024 00:00,ARRECADACAO         ,"1.612,10",SANTANDER PAULÍNIA                                ,134114,2024,paulinia,camara,SMARAPD Câmara de Paulínia
CÂMARA DO MUNICÍPIO DE PAULÍNIA, ,2.1.8.8.1.01.10.001 ,DEPÓSITO JUDICIAL                                 ,27/06/2024 00:00,ARRECADACAO         ,"1.232,89",SANTANDER PAULÍNIA                                ,134113,2024,paulinia,camara,SMARAPD Câmara de Paulínia
CÂMARA DO MUNICÍPIO DE PAULÍNIA, ,2.1.8.8.3.01.04.002 ,IRRF - RETENÇÃO PESSOA JURIDICA                   ,10/07/2024 00:00,ARRECADACAO         ,"667,61",BANCO DO BRASIL (APLICAÇÃO)                       ,137214,2024,paulinia,camara,SMARAPD Câmara de Paulínia
CÂMARA DO MUNICÍPIO DE PAULÍNIA, ,2.1.8.8.3.01.04.002 ,IRRF - RETENÇÃO PESSOA JURIDICA                   ,10/07/2024 00:00,ARRECADACAO         ,"1.030,61",BANCO DO BRASIL (APLICAÇÃO)                       ,137215,2024,paulinia,camara,SMARAPD Câmara de Paulínia
CÂMARA DO MUNICÍPIO DE PAULÍNIA, ,2.1.8.8.3.01.04.002 ,IRRF - RETENÇÃO PESSOA JURIDICA                   ,15/07/2024 00:00,ARRECADACAO         ,"8.969,54",BANCO DO BRASIL (APLICAÇÃO)                       ,137365,2024,paulinia,camara,SMARAPD Câmara de Paulínia
CÂMARA DO MUNICÍPIO DE PAULÍNIA, ,2.1.8.8.3.01.04.002 ,IRRF - RETENÇÃO PESSOA JURIDICA                   ,18/07/2024 00:00,ARRECADACAO         ,"224,83",BANCO DO BRASIL (APLICAÇÃO)                       ,137377,2024,paulinia,camara,SMARAPD Câmara de Paulínia
CÂMARA DO MUNICÍPIO DE PAULÍNIA, ,2.1.8.8.3.01.04.002 ,IRRF - RETENÇÃO PESSOA JURIDICA                   ,19/07/2024 00:00,ARRECADACAO         ,"1.177,92",BANCO DO BRASIL (APLICAÇÃO)                       ,137382,2024,paulinia,camara,SMARAPD Câmara de Paulínia
CÂMARA DO MUNICÍPIO DE PAULÍNIA, ,2.1.8.8.3.01.04.002 ,IRRF - RETENÇÃO PESSOA JURIDICA                   ,24/07/2024 00:00,ARRECADACAO         ,"733,66",BANCO DO BRASIL (APLICAÇÃO)                       ,137446,2024,paulinia,camara,SMARAPD Câmara de Paulínia
CÂMARA DO MUNICÍPIO DE PAULÍNIA, ,2.1.8.8.3.01.04.002 ,IRRF - RETENÇÃO PESSOA JURIDICA                   ,25/07/2024 00:00,ARRECADACAO         ,"48,00",BANCO DO BRASIL (APLICAÇÃO)                       ,137449,2024,paulinia,camara,SMARAPD Câmara de Paulínia
CÂMARA DO MUNICÍPIO DE PAULÍNIA, ,2.1.8.8.3.01.02.002 ,I.N.S.S - RETENÇÃO PESSOA JURIDICA                ,05/07/2024 00:00,ARRECADACAO         ,"4.444,47",BANCO DO BRASIL (APLICAÇÃO)                       ,137194,2024,paulinia,camara,SMARAPD Câmara de Paulínia
CÂMARA DO MUNICÍPIO DE PAULÍNIA, ,2.1.8.8.3.01.02.002 ,I.N.S.S - RETENÇÃO PESSOA JURIDICA                ,24/07/2024 00:00,ARRECADACAO         ,"1.681,31",BANCO DO BRASIL (APLICAÇÃO)                       ,137447,2024,paulinia,camara,SMARAPD Câmara de Paulínia
CÂMARA DO MUNICÍPIO DE PAULÍNIA, ,2.1.8.8.3.01.04.001 ,IRRF - FOLHA DE PAGAMENTO                         ,29/07/2024 00:00,ARRECADACAO         ,"109.644,32",SANTANDER PAULÍNIA                                ,137471,2024,paulinia,camara,SMARAPD Câmara de Paulínia
CÂMARA DO MUNICÍPIO DE PAULÍNIA, ,2.1.8.8.3.01.04.001 ,IRRF - FOLHA DE PAGAMENTO                         ,29/07/2024 00:00,ARRECADACAO         ,"176.041,85",SANTANDER PAULÍNIA                                ,137473,2024,paulinia,camara,SMARAPD Câmara de Paulínia
CÂMARA DO MUNICÍPIO DE PAULÍNIA, ,2.1.8.8.1.04.99.002 ,RENDIMENTOS DE APLICAÇÕES FINANCEIRAS             ,31/07/2024 00:00,ARRECADACAO         ,"43.246,44",BANCO DO BRASIL (APLICAÇÃO)                       ,147917,2024,paulinia,camara,SMARAPD Câmara de Paulínia
CÂMARA DO MUNICÍPIO DE PAULÍNIA, ,2.1.8.8.1.01.99.001 ,ASMUP                                             ,10/07/2024 00:00,ARRECADACAO         ,"32,90",BANCO DO BRASIL (APLICAÇÃO)                       ,137208,2024,paulinia,camara,SMARAPD Câmara de Paulínia
CÂMARA DO MUNICÍPIO DE PAULÍNIA, ,2.1.8.8.3.01.04.001 ,IRRF - FOLHA DE PAGAMENTO                         ,10/07/2024 00:00,ARRECADACAO         ,"176,16",BANCO DO BRASIL (APLICAÇÃO)                       ,137210,2024,paulinia,camara,SMARAPD Câmara de Paulínia
CÂMARA DO MUNICÍPIO DE PAULÍNIA, ,2.1.8.8.1.01.13.002 ,MENSALIDADE SINDICATO                             ,29/07/2024 00:00,ARRECADACAO         ,"55,00",SANTANDER PAULÍNIA                                ,137454,2024,paulinia,camara,SMARAPD Câmara de Paulínia
CÂMARA DO MUNICÍPIO DE PAULÍNIA, ,2.1.8.8.1.01.03.001 ,PAULÍNIA PREVI                                    ,29/07/2024 00:00,ARRECADACAO         ,"111.533,77",SANTANDER PAULÍNIA                                ,137472,2024,paulinia,camara,SMARAPD Câmara de Paulínia
CÂMARA DO MUNICÍPIO DE PAULÍNIA, ,2.1.8.8.1.01.11.007 ,UNIMED                                            ,29/07/2024 00:00,ARRECADACAO         ,"23.313,06",SANTANDER PAULÍNIA                                ,137468,2024,paulinia,camara,SMARAPD Câmara de Paulínia
CÂMARA DO MUNICÍPIO DE PAULÍNIA, ,2.1.8.8.1.01.15.001 ,EMPRÉSTIMO BANCO DO BRASIL                        ,29/07/2024 00:00,ARRECADACAO         ,"40.778,29",SANTANDER PAULÍNIA                                ,137469,2024,paulinia,camara,SMARAPD Câmara de Paulínia
CÂMARA DO MUNICÍPIO DE PAULÍNIA, ,2.1.8.8.1.01.10.001 ,DEPÓSITO JUDICIAL                                 ,29/07/2024 00:00,ARRECADACAO         ,"1.232,89",SANTANDER PAULÍNIA                                ,137459,2024,paulinia,camara,SMARAPD Câmara de Paulínia
CÂMARA DO MUNICÍPIO DE PAULÍNIA, ,2.1.8.8.1.01.10.001 ,DEPÓSITO JUDICIAL                                 ,29/07/2024 00:00,ARRECADACAO         ,"3.373,17",SANTANDER PAULÍNIA                                ,137462,2024,paulinia,camara,SMARAPD Câmara de Paulínia
CÂMARA DO MUNICÍPIO DE PAULÍNIA, ,2.1.8.8.1.01.11.005 ,SAMARITANO                                        ,29/07/2024 00:00,ARRECADACAO         ,"913,89",SANTANDER PAULÍNIA                                ,137458,2024,paulinia,camara,SMARAPD Câmara de Paulínia
CÂMARA DO MUNICÍPIO DE PAULÍNIA, ,2.1.8.8.1.01.11.005 ,SAMARITANO                                        ,29/07/2024 00:00,ARRECADACAO         ,"5.605,81",SANTANDER PAULÍNIA                                ,137464,2024,paulinia,camara,SMARAPD Câmara de Paulínia
CÂMARA DO MUNICÍPIO DE PAULÍNIA, ,2.1.8.8.1.01.15.002 ,EMPRÉSTIMO CAIXA ECONOMICA FEDERAL                ,29/07/2024 00:00,ARRECADACAO         ,"4.977,77",SANTANDER PAULÍNIA                                ,137463,2024,paulinia,camara,SMARAPD Câmara de Paulínia
CÂMARA DO MUNICÍPIO DE PAULÍNIA, ,2.1.8.8.1.01.15.002 ,EMPRÉSTIMO CAIXA ECONOMICA FEDERAL                ,29/07/2024 00:00,ARRECADACAO         ,"17.499,90",SANTANDER PAULÍNIA                                ,137467,2024,paulinia,camara,SMARAPD Câmara de Paulínia
CÂMARA DO MUNICÍPIO DE PAULÍNIA, ,4.5.1.1.2.02.00.000 ,REPASSE RECEBIDO                                  ,20/08/2024 00:00,ARRECADACAO         ,"3.875.000,00",BANCO DO BRASIL C/MOV.                            ,148370,2024,paulinia,camara,SMARAPD Câmara de Paulínia
CÂMARA DO MUNICÍPIO DE PAULÍNIA, ,2.1.8.8.5.01.08.001 ,I.S.S.Q.N. - RETENÇÃO PESSOA JURIDICA             ,12/08/2024 00:00,ARRECADACAO         ,"4,83",BANCO DO BRASIL (APLICAÇÃO)                       ,140652,2024,paulinia,camara,SMARAPD Câmara de Paulínia
CÂMARA DO MUNICÍPIO DE PAULÍNIA, ,2.1.8.8.5.01.08.001 ,I.S.S.Q.N. - RETENÇÃO PESSOA JURIDICA             ,14/08/2024 00:00,ARRECADACAO         ,"243,92",BANCO DO BRASIL (APLICAÇÃO)                       ,140664,2024,paulinia,camara,SMARAPD Câmara de Paulínia
CÂMARA DO MUNICÍPIO DE PAULÍNIA, ,2.1.8.8.5.01.08.001 ,I.S.S.Q.N. - RETENÇÃO PESSOA JURIDICA             ,15/08/2024 00:00,ARRECADACAO         ,"4.907,99",BANCO DO BRASIL (APLICAÇÃO)                       ,140670,2024,paulinia,camara,SMARAPD Câmara de Paulínia
CÂMARA DO MUNICÍPIO DE PAULÍNIA, ,2.1.8.8.5.01.08.001 ,I.S.S.Q.N. - RETENÇÃO PESSOA JURIDICA             ,23/08/2024 00:00,ARRECADACAO         ,"764,23",BANCO DO BRASIL (APLICAÇÃO)                       ,140708,2024,paulinia,camara,SMARAPD Câmara de Paulínia
CÂMARA DO MUNICÍPIO DE PAULÍNIA, ,2.1.8.8.5.01.08.001 ,I.S.S.Q.N. - RETENÇÃO PESSOA JURIDICA             ,23/08/2024 00:00,ARRECADACAO         ,"1.307,87",BANCO DO BRASIL (APLICAÇÃO)                       ,140709,2024,paulinia,camara,SMARAPD Câmara de Paulínia
CÂMARA DO MUNICÍPIO DE PAULÍNIA, ,2.1.8.8.5.01.08.001 ,I.S.S.Q.N. - RETENÇÃO PESSOA JURIDICA             ,23/08/2024 00:00,ARRECADACAO         ,"2.020,21",BANCO DO BRASIL (APLICAÇÃO)                       ,140712,2024,paulinia,camara,SMARAPD Câmara de Paulínia
CÂMARA DO MUNICÍPIO DE PAULÍNIA, ,2.1.8.8.5.01.08.001 ,I.S.S.Q.N. - RETENÇÃO PESSOA JURIDICA             ,27/08/2024 00:00,ARRECADACAO         ,"8,60",BANCO DO BRASIL (APLICAÇÃO)                       ,140759,2024,paulinia,camara,SMARAPD Câmara de Paulínia
CÂMARA DO MUNICÍPIO DE PAULÍNIA, ,2.1.8.8.3.01.04.002 ,IRRF - RETENÇÃO PESSOA JURIDICA                   ,12/08/2024 00:00,ARRECADACAO         ,"31,68",BANCO DO BRASIL (APLICAÇÃO)                       ,140653,2024,paulinia,camara,SMARAPD Câmara de Paulínia
CÂMARA DO MUNICÍPIO DE PAULÍNIA, ,2.1.8.8.3.01.04.002 ,IRRF - RETENÇÃO PESSOA JURIDICA                   ,12/08/2024 00:00,ARRECADACAO         ,"480,19",BANCO DO BRASIL (APLICAÇÃO)                       ,140655,2024,paulinia,camara,SMARAPD Câmara de Paulínia
CÂMARA DO MUNICÍPIO DE PAULÍNIA, ,2.1.8.8.3.01.04.002 ,IRRF - RETENÇÃO PESSOA JURIDICA                   ,12/08/2024 00:00,ARRECADACAO         ,"668,60",BANCO DO BRASIL (APLICAÇÃO)                       ,140657,2024,paulinia,camara,SMARAPD Câmara de Paulínia
CÂMARA DO MUNICÍPIO DE PAULÍNIA, ,2.1.8.8.3.01.04.002 ,IRRF - RETENÇÃO PESSOA JURIDICA                   ,12/08/2024 00:00,ARRECADACAO         ,"1.030,61",BANCO DO BRASIL (APLICAÇÃO)                       ,140658,2024,paulinia,camara,SMARAPD Câmara de Paulínia
CÂMARA DO MUNICÍPIO DE PAULÍNIA, ,2.1.8.8.3.01.04.002 ,IRRF - RETENÇÃO PESSOA JURIDICA                   ,12/08/2024 00:00,ARRECADACAO         ,"8.969,54",BANCO DO BRASIL (APLICAÇÃO)                       ,140659,2024,paulinia,camara,SMARAPD Câmara de Paulínia
CÂMARA DO MUNICÍPIO DE PAULÍNIA, ,2.1.8.8.3.01.04.002 ,IRRF - RETENÇÃO PESSOA JURIDICA                   ,15/08/2024 00:00,ARRECADACAO         ,"1.177,92",BANCO DO BRASIL (APLICAÇÃO)                       ,140669,2024,paulinia,camara,SMARAPD Câmara de Paulínia
CÂMARA DO MUNICÍPIO DE PAULÍNIA, ,2.1.8.8.3.01.04.002 ,IRRF - RETENÇÃO PESSOA JURIDICA                   ,23/08/2024 00:00,ARRECADACAO         ,"1.939,41",BANCO DO BRASIL (APLICAÇÃO)                       ,140711,2024,paulinia,camara,SMARAPD Câmara de Paulínia
CÂMARA DO MUNICÍPIO DE PAULÍNIA, ,2.1.8.8.3.01.04.002 ,IRRF - RETENÇÃO PESSOA JURIDICA                   ,26/08/2024 00:00,ARRECADACAO         ,"339,68",BANCO DO BRASIL (APLICAÇÃO)                       ,140755,2024,paulinia,camara,SMARAPD Câmara de Paulínia
CÂMARA DO MUNICÍPIO DE PAULÍNIA, ,2.1.8.8.3.01.02.002 ,I.N.S.S - RETENÇÃO PESSOA JURIDICA                ,23/08/2024 00:00,ARRECADACAO         ,"1.681,31",BANCO DO BRASIL (APLICAÇÃO)                       ,140710,2024,paulinia,camara,SMARAPD Câmara de Paulínia
CÂMARA DO MUNICÍPIO DE PAULÍNIA, ,2.1.8.8.3.01.02.003 ,I.N.S.S.- FOLHA DE PAGAMENTO                      ,08/08/2024 00:00,ARRECADACAO         ,"670,99",SANTANDER PAULÍNIA                                ,140548,2024,paulinia,camara,SMARAPD Câmara de Paulínia
CÂMARA DO MUNICÍPIO DE PAULÍNIA, ,2.1.8.8.3.01.04.001 ,IRRF - FOLHA DE PAGAMENTO                         ,08/08/2024 00:00,ARRECADACAO         ,"312,17",SANTANDER PAULÍNIA                                ,140543,2024,paulinia,camara,SMARAPD Câmara de Paulínia
CÂMARA DO MUNICÍPIO DE PAULÍNIA, ,2.1.8.8.3.01.04.001 ,IRRF - FOLHA DE PAGAMENTO                         ,29/08/2024 00:00,ARRECADACAO         ,"123.904,40",SANTANDER PAULÍNIA                                ,140786,2024,paulinia,camara,SMARAPD Câmara de Paulínia
CÂMARA DO MUNICÍPIO DE PAULÍNIA, ,2.1.8.8.1.01.11.007 ,UNIMED                                            ,29/08/2024 00:00,ARRECADACAO         ,"23.426,50",SANTANDER PAULÍNIA                                ,140782,2024,paulinia,camara,SMARAPD Câmara de Paulínia
CÂMARA DO MUNICÍPIO DE PAULÍNIA, ,2.1.8.8.1.01.15.001 ,EMPRÉSTIMO BANCO DO BRASIL                        ,29/08/2024 00:00,ARRECADACAO         ,"15.384,83",SANTANDER PAULÍNIA                                ,140780,2024,paulinia,camara,SMARAPD Câmara de Paulínia
CÂMARA DO MUNICÍPIO DE PAULÍNIA, ,2.1.8.8.1.01.15.001 ,EMPRÉSTIMO BANCO DO BRASIL                        ,29/08/2024 00:00,ARRECADACAO         ,"39.168,20",SANTANDER PAULÍNIA                                ,140783,2024,paulinia,camara,SMARAPD Câmara de Paulínia
CÂMARA DO MUNICÍPIO DE PAULÍNIA, ,2.1.8.8.1.01.11.008 ,UNIODONTO CAMPINAS                                ,08/08/2024 00:00,ARRECADACAO         ,"5,55",SANTANDER PAULÍNIA                                ,140538,2024,paulinia,camara,SMARAPD Câmara de Paulínia
CÂMARA DO MUNICÍPIO DE PAULÍNIA, ,2.1.8.8.1.01.11.008 ,UNIODONTO CAMPINAS                                ,08/08/2024 00:00,ARRECADACAO         ,"22,21",SANTANDER PAULÍNIA                                ,140539,2024,paulinia,camara,SMARAPD Câmara de Paulínia
CÂMARA DO MUNICÍPIO DE PAULÍNIA, ,2.1.8.8.1.01.11.008 ,UNIODONTO CAMPINAS                                ,29/08/2024 00:00,ARRECADACAO         ,"610,71",SANTANDER PAULÍNIA                                ,140770,2024,paulinia,camara,SMARAPD Câmara de Paulínia
CÂMARA DO MUNICÍPIO DE PAULÍNIA, ,2.1.8.8.1.01.11.008 ,UNIODONTO CAMPINAS                                ,29/08/2024 00:00,ARRECADACAO         ,"787,94",SANTANDER PAULÍNIA                                ,140771,2024,paulinia,camara,SMARAPD Câmara de Paulínia
CÂMARA DO MUNICÍPIO DE PAULÍNIA, ,2.1.8.8.1.01.99.001 ,ASMUP                                             ,08/08/2024 00:00,ARRECADACAO         ,"32,90",SANTANDER PAULÍNIA                                ,140540,2024,paulinia,camara,SMARAPD Câmara de Paulínia
CÂMARA DO MUNICÍPIO DE PAULÍNIA, ,2.1.8.8.1.01.99.001 ,ASMUP                                             ,08/08/2024 00:00,ARRECADACAO         ,"32,90",SANTANDER PAULÍNIA                                ,140541,2024,paulinia,camara,SMARAPD Câmara de Paulínia
CÂMARA DO MUNICÍPIO DE PAULÍNIA, ,2.1.8.8.1.01.99.001 ,ASMUP                                             ,29/08/2024 00:00,ARRECADACAO         ,"1.743,70",SANTANDER PAULÍNIA                                ,140775,2024,paulinia,camara,SMARAPD Câmara de Paulínia
CÂMARA DO MUNICÍPIO DE PAULÍNIA, ,2.1.8.8.1.01.10.001 ,DEPÓSITO JUDICIAL                                 ,29/08/2024 00:00,ARRECADACAO         ,"1.232,89",SANTANDER PAULÍNIA                                ,140773,2024,paulinia,camara,SMARAPD Câmara de Paulínia
CÂMARA DO MUNICÍPIO DE PAULÍNIA, ,2.1.8.8.1.01.11.005 ,SAMARITANO                                        ,29/08/2024 00:00,ARRECADACAO         ,"4.691,90",SANTANDER PAULÍNIA                                ,140777,2024,paulinia,camara,SMARAPD Câmara de Paulínia
CÂMARA DO MUNICÍPIO DE PAULÍNIA, ,2.1.8.8.1.04.99.001 ,REMUNERAÇÃO DE AÇÕES                              ,30/08/2024 00:00,ARRECADACAO         ,"62,13",BANCO DO BRASIL (APLICAÇÃO)                       ,148066,2024,paulinia,camara,SMARAPD Câmara de Paulínia
CÂMARA DO MUNICÍPIO DE PAULÍNIA, ,2.1.8.8.3.01.02.003 ,I.N.S.S.- FOLHA DE PAGAMENTO                      ,11/09/2024 00:00,ARRECADACAO         ,"1.031,02",BANCO DO BRASIL (APLICAÇÃO)                       ,143813,2024,paulinia,camara,SMARAPD Câmara de Paulínia
CÂMARA DO MUNICÍPIO DE PAULÍNIA, ,4.5.1.1.2.02.00.000 ,REPASSE RECEBIDO                                  ,20/09/2024 00:00,ARRECADACAO         ,"3.875.000,00",BANCO DO BRASIL C/MOV.                            ,148371,2024,paulinia,camara,SMARAPD Câmara de Paulínia
CÂMARA DO MUNICÍPIO DE PAULÍNIA, ,2.1.8.8.5.01.08.001 ,I.S.S.Q.N. - RETENÇÃO PESSOA JURIDICA             ,12/09/2024 00:00,ARRECADACAO         ,"4.907,99",BANCO DO BRASIL (APLICAÇÃO)                       ,143940,2024,paulinia,camara,SMARAPD Câmara de Paulínia
CÂMARA DO MUNICÍPIO DE PAULÍNIA, ,2.1.8.8.5.01.08.001 ,I.S.S.Q.N. - RETENÇÃO PESSOA JURIDICA             ,13/09/2024 00:00,ARRECADACAO         ,"356,67",BANCO DO BRASIL (APLICAÇÃO)                       ,143945,2024,paulinia,camara,SMARAPD Câmara de Paulínia
CÂMARA DO MUNICÍPIO DE PAULÍNIA, ,2.1.8.8.5.01.08.001 ,I.S.S.Q.N. - RETENÇÃO PESSOA JURIDICA             ,16/09/2024 00:00,ARRECADACAO         ,"4,83",BANCO DO BRASIL (APLICAÇÃO)                       ,143953,2024,paulinia,camara,SMARAPD Câmara de Paulínia
CÂMARA DO MUNICÍPIO DE PAULÍNIA, ,2.1.8.8.5.01.08.001 ,I.S.S.Q.N. - RETENÇÃO PESSOA JURIDICA             ,20/09/2024 00:00,ARRECADACAO         ,"2.020,21",BANCO DO BRASIL (APLICAÇÃO)                       ,143975,2024,paulinia,camara,SMARAPD Câmara de Paulínia
CÂMARA DO MUNICÍPIO DE PAULÍNIA, ,2.1.8.8.3.01.04.002 ,IRRF - RETENÇÃO PESSOA JURIDICA                   ,02/09/2024 00:00,ARRECADACAO         ,"7,34",BANCO DO BRASIL (APLICAÇÃO)                       ,143737,2024,paulinia,camara,SMARAPD Câmara de Paulínia
CÂMARA DO MUNICÍPIO DE PAULÍNIA, ,2.1.8.8.3.01.04.002 ,IRRF - RETENÇÃO PESSOA JURIDICA                   ,02/09/2024 00:00,ARRECADACAO         ,"336,09",BANCO DO BRASIL (APLICAÇÃO)                       ,143738,2024,paulinia,camara,SMARAPD Câmara de Paulínia
CÂMARA DO MUNICÍPIO DE PAULÍNIA, ,2.1.8.8.3.01.04.002 ,IRRF - RETENÇÃO PESSOA JURIDICA                   ,10/09/2024 00:00,ARRECADACAO         ,"31,68",BANCO DO BRASIL (APLICAÇÃO)                       ,143773,2024,paulinia,camara,SMARAPD Câmara de Paulínia
CÂMARA DO MUNICÍPIO DE PAULÍNIA, ,2.1.8.8.3.01.04.002 ,IRRF - RETENÇÃO PESSOA JURIDICA                   ,10/09/2024 00:00,ARRECADACAO         ,"1.030,61",BANCO DO BRASIL (APLICAÇÃO)                       ,143777,2024,paulinia,camara,SMARAPD Câmara de Paulínia
CÂMARA DO MUNICÍPIO DE PAULÍNIA, ,2.1.8.8.3.01.02.002 ,I.N.S.S - RETENÇÃO PESSOA JURIDICA                ,20/09/2024 00:00,ARRECADACAO         ,"1.681,31",BANCO DO BRASIL (APLICAÇÃO)                       ,143973,2024,paulinia,camara,SMARAPD Câmara de Paulínia
CÂMARA DO MUNICÍPIO DE PAULÍNIA, ,2.1.8.8.3.01.04.002 ,IRRF - RETENÇÃO PESSOA JURIDICA                   ,20/09/2024 00:00,ARRECADACAO         ,"1.939,41",BANCO DO BRASIL (APLICAÇÃO)                       ,143974,2024,paulinia,camara,SMARAPD Câmara de Paulínia
CÂMARA DO MUNICÍPIO DE PAULÍNIA, ,2.1.8.8.3.01.04.002 ,IRRF - RETENÇÃO PESSOA JURIDICA                   ,24/09/2024 00:00,ARRECADACAO         ,"42,66",BANCO DO BRASIL (APLICAÇÃO)                       ,143981,2024,paulinia,camara,SMARAPD Câmara de Paulínia
CÂMARA DO MUNICÍPIO DE PAULÍNIA, ,2.1.8.8.1.01.11.007 ,UNIMED                                            ,11/09/2024 00:00,ARRECADACAO         ,"313,23",BANCO DO BRASIL (APLICAÇÃO)                       ,143809,2024,paulinia,camara,SMARAPD Câmara de Paulínia
CÂMARA DO MUNICÍPIO DE PAULÍNIA, ,2.1.8.8.1.01.99.001 ,ASMUP                                             ,11/09/2024 00:00,ARRECADACAO         ,"32,90",BANCO DO BRASIL (APLICAÇÃO)                       ,143808,2024,paulinia,camara,SMARAPD Câmara de Paulínia
CÂMARA DO MUNICÍPIO DE PAULÍNIA, ,2.1.8.8.3.01.02.003 ,I.N.S.S.- FOLHA DE PAGAMENTO                      ,11/09/2024 00:00,ARRECADACAO         ,"665,44",BANCO DO BRASIL (APLICAÇÃO)                       ,143812,2024,paulinia,camara,SMARAPD Câmara de Paulínia
CÂMARA DO MUNICÍPIO DE PAULÍNIA, ,2.1.8.8.3.01.04.001 ,IRRF - FOLHA DE PAGAMENTO                         ,11/09/2024 00:00,ARRECADACAO         ,"1.669,98",BANCO DO BRASIL (APLICAÇÃO)                       ,143814,2024,paulinia,camara,SMARAPD Câmara de Paulínia
CÂMARA DO MUNICÍPIO DE PAULÍNIA, ,2.1.8.8.3.01.04.001 ,IRRF - FOLHA DE PAGAMENTO                         ,26/09/2024 00:00,ARRECADACAO         ,"107.965,35",SANTANDER PAULÍNIA                                ,144034,2024,paulinia,camara,SMARAPD Câmara de Paulínia
CÂMARA DO MUNICÍPIO DE PAULÍNIA, ,2.1.8.8.1.01.15.001 ,EMPRÉSTIMO BANCO DO BRASIL                        ,26/09/2024 00:00,ARRECADACAO         ,"15.384,83",SANTANDER PAULÍNIA                                ,144029,2024,paulinia,camara,SMARAPD Câmara de Paulínia
CÂMARA DO MUNICÍPIO DE PAULÍNIA, ,2.1.8.8.1.01.15.001 ,EMPRÉSTIMO BANCO DO BRASIL                        ,26/09/2024 00:00,ARRECADACAO         ,"39.168,20",SANTANDER PAULÍNIA                                ,144032,2024,paulinia,camara,SMARAPD Câmara de Paulínia
CÂMARA DO MUNICÍPIO DE PAULÍNIA, ,2.1.8.8.1.01.11.008 ,UNIODONTO CAMPINAS                                ,26/09/2024 00:00,ARRECADACAO         ,"610,71",SANTANDER PAULÍNIA                                ,144019,2024,paulinia,camara,SMARAPD Câmara de Paulínia
CÂMARA DO MUNICÍPIO DE PAULÍNIA, ,2.1.8.8.1.01.99.001 ,ASMUP                                             ,26/09/2024 00:00,ARRECADACAO         ,"1.677,90",SANTANDER PAULÍNIA                                ,144023,2024,paulinia,camara,SMARAPD Câmara de Paulínia
CÂMARA DO MUNICÍPIO DE PAULÍNIA, ,2.1.8.8.1.01.10.001 ,DEPÓSITO JUDICIAL                                 ,26/09/2024 00:00,ARRECADACAO         ,"1.232,89",SANTANDER PAULÍNIA                                ,144022,2024,paulinia,camara,SMARAPD Câmara de Paulínia
CÂMARA DO MUNICÍPIO DE PAULÍNIA, ,2.1.8.8.1.01.10.001 ,DEPÓSITO JUDICIAL                                 ,26/09/2024 00:00,ARRECADACAO         ,"3.373,17",SANTANDER PAULÍNIA                                ,144025,2024,paulinia,camara,SMARAPD Câmara de Paulínia
CÂMARA DO MUNICÍPIO DE PAULÍNIA, ,2.1.8.8.1.01.11.008 ,UNIODONTO CAMPINAS                                ,11/09/2024 00:00,ARRECADACAO         ,"22,21",BANCO DO BRASIL (APLICAÇÃO)                       ,143805,2024,paulinia,camara,SMARAPD Câmara de Paulínia
CÂMARA DO MUNICÍPIO DE PAULÍNIA, ,2.1.8.8.1.01.11.008 ,UNIODONTO CAMPINAS                                ,11/09/2024 00:00,ARRECADACAO         ,"22,21",BANCO DO BRASIL (APLICAÇÃO)                       ,143806,2024,paulinia,camara,SMARAPD Câmara de Paulínia
CÂMARA DO MUNICÍPIO DE PAULÍNIA, ,2.1.8.8.1.01.15.002 ,EMPRÉSTIMO CAIXA ECONOMICA FEDERAL                ,26/09/2024 00:00,ARRECADACAO         ,"19.136,34",SANTANDER PAULÍNIA                                ,144030,2024,paulinia,camara,SMARAPD Câmara de Paulínia
CÂMARA DO MUNICÍPIO DE PAULÍNIA, ,2.1.8.8.1.04.99.001 ,REMUNERAÇÃO DE AÇÕES                              ,27/09/2024 00:00,ARRECADACAO         ,"108,74",BANCO DO BRASIL (APLICAÇÃO)                       ,148158,2024,paulinia,camara,SMARAPD Câmara de Paulínia
CÂMARA DO MUNICÍPIO DE PAULÍNIA, ,2.1.8.8.1.01.13.002 ,MENSALIDADE SINDICATO                             ,29/10/2024 00:00,ARRECADACAO         ,"55,00",BANCO DO BRASIL (APLICAÇÃO)                       ,149260,2024,paulinia,camara,SMARAPD Câmara de Paulínia
CÂMARA DO MUNICÍPIO DE PAULÍNIA, ,2.1.8.8.1.01.11.005 ,SAMARITANO                                        ,29/10/2024 00:00,ARRECADACAO         ,"913,89",BANCO DO BRASIL (APLICAÇÃO)                       ,149262,2024,paulinia,camara,SMARAPD Câmara de Paulínia
CÂMARA DO MUNICÍPIO DE PAULÍNIA, ,2.1.8.8.1.01.11.005 ,SAMARITANO                                        ,29/10/2024 00:00,ARRECADACAO         ,"4.739,70",BANCO DO BRASIL (APLICAÇÃO)                       ,149272,2024,paulinia,camara,SMARAPD Câmara de Paulínia
CÂMARA DO MUNICÍPIO DE PAULÍNIA, ,4.5.1.1.2.02.00.000 ,REPASSE RECEBIDO                                  ,18/10/2024 00:00,ARRECADACAO         ,"3.875.000,00",BANCO DO BRASIL C/MOV.                            ,148373,2024,paulinia,camara,SMARAPD Câmara de Paulínia
CÂMARA DO MUNICÍPIO DE PAULÍNIA, ,2.1.8.8.5.01.08.001 ,I.S.S.Q.N. - RETENÇÃO PESSOA JURIDICA             ,07/10/2024 00:00,ARRECADACAO         ,"4,83",BANCO DO BRASIL (APLICAÇÃO)                       ,147125,2024,paulinia,camara,SMARAPD Câmara de Paulínia
CÂMARA DO MUNICÍPIO DE PAULÍNIA, ,2.1.8.8.5.01.08.001 ,I.S.S.Q.N. - RETENÇÃO PESSOA JURIDICA             ,07/10/2024 00:00,ARRECADACAO         ,"2.020,21",BANCO DO BRASIL (APLICAÇÃO)                       ,147127,2024,paulinia,camara,SMARAPD Câmara de Paulínia
CÂMARA DO MUNICÍPIO DE PAULÍNIA, ,2.1.8.8.5.01.08.001 ,I.S.S.Q.N. - RETENÇÃO PESSOA JURIDICA             ,15/10/2024 00:00,ARRECADACAO         ,"363,04",BANCO DO BRASIL (APLICAÇÃO)                       ,148614,2024,paulinia,camara,SMARAPD Câmara de Paulínia
CÂMARA DO MUNICÍPIO DE PAULÍNIA, ,2.1.8.8.5.01.08.001 ,I.S.S.Q.N. - RETENÇÃO PESSOA JURIDICA             ,30/10/2024 00:00,ARRECADACAO         ,"15,16",BANCO DO BRASIL (APLICAÇÃO)                       ,149576,2024,paulinia,camara,SMARAPD Câmara de Paulínia
CÂMARA DO MUNICÍPIO DE PAULÍNIA, ,2.1.8.8.3.01.02.002 ,I.N.S.S - RETENÇÃO PESSOA JURIDICA                ,14/10/2024 00:00,ARRECADACAO         ,"5.398,79",BANCO DO BRASIL (APLICAÇÃO)                       ,148602,2024,paulinia,camara,SMARAPD Câmara de Paulínia
CÂMARA DO MUNICÍPIO DE PAULÍNIA, ,2.1.8.8.3.01.02.002 ,I.N.S.S - RETENÇÃO PESSOA JURIDICA                ,14/10/2024 00:00,ARRECADACAO         ,"1.681,31",BANCO DO BRASIL (APLICAÇÃO)                       ,148606,2024,paulinia,camara,SMARAPD Câmara de Paulínia
CÂMARA DO MUNICÍPIO DE PAULÍNIA, ,2.1.8.8.1.01.10.001 ,DEPÓSITO JUDICIAL                                 ,29/10/2024 00:00,ARRECADACAO         ,"3.385,16",BANCO DO BRASIL (APLICAÇÃO)                       ,149255,2024,paulinia,camara,SMARAPD Câmara de Paulínia
CÂMARA DO MUNICÍPIO DE PAULÍNIA, ,2.1.8.8.3.01.04.002 ,IRRF - RETENÇÃO PESSOA JURIDICA                   ,01/10/2024 00:00,ARRECADACAO         ,"509,49",BANCO DO BRASIL (APLICAÇÃO)                       ,147098,2024,paulinia,camara,SMARAPD Câmara de Paulínia
CÂMARA DO MUNICÍPIO DE PAULÍNIA, ,2.1.8.8.3.01.04.002 ,IRRF - RETENÇÃO PESSOA JURIDICA                   ,07/10/2024 00:00,ARRECADACAO         ,"1.939,41",BANCO DO BRASIL (APLICAÇÃO)                       ,147126,2024,paulinia,camara,SMARAPD Câmara de Paulínia
CÂMARA DO MUNICÍPIO DE PAULÍNIA, ,2.1.8.8.3.01.04.002 ,IRRF - RETENÇÃO PESSOA JURIDICA                   ,10/10/2024 00:00,ARRECADACAO         ,"31,68",BANCO DO BRASIL (APLICAÇÃO)                       ,148595,2024,paulinia,camara,SMARAPD Câmara de Paulínia
CÂMARA DO MUNICÍPIO DE PAULÍNIA, ,2.1.8.8.1.01.11.007 ,UNIMED                                            ,29/10/2024 00:00,ARRECADACAO         ,"24.101,39",BANCO DO BRASIL (APLICAÇÃO)                       ,149257,2024,paulinia,camara,SMARAPD Câmara de Paulínia
CÂMARA DO MUNICÍPIO DE PAULÍNIA, ,2.1.8.8.3.01.04.002 ,IRRF - RETENÇÃO PESSOA JURIDICA                   ,10/10/2024 00:00,ARRECADACAO         ,"647,16",BANCO DO BRASIL (APLICAÇÃO)                       ,148596,2024,paulinia,camara,SMARAPD Câmara de Paulínia
CÂMARA DO MUNICÍPIO DE PAULÍNIA, ,2.1.8.8.3.01.04.002 ,IRRF - RETENÇÃO PESSOA JURIDICA                   ,21/10/2024 00:00,ARRECADACAO         ,"538,53",BANCO DO BRASIL (APLICAÇÃO)                       ,149042,2024,paulinia,camara,SMARAPD Câmara de Paulínia
CÂMARA DO MUNICÍPIO DE PAULÍNIA, ,2.1.8.8.3.01.04.002 ,IRRF - RETENÇÃO PESSOA JURIDICA                   ,24/10/2024 00:00,ARRECADACAO         ,"347,27",BANCO DO BRASIL (APLICAÇÃO)                       ,149167,2024,paulinia,camara,SMARAPD Câmara de Paulínia
CÂMARA DO MUNICÍPIO DE PAULÍNIA, ,2.1.8.8.1.01.99.001 ,ASMUP                                             ,29/10/2024 00:00,ARRECADACAO         ,"1.710,80",BANCO DO BRASIL (APLICAÇÃO)                       ,149266,2024,paulinia,camara,SMARAPD Câmara de Paulínia
CÂMARA DO MUNICÍPIO DE PAULÍNIA, ,2.1.8.8.3.01.04.001 ,IRRF - FOLHA DE PAGAMENTO                         ,29/10/2024 00:00,ARRECADACAO         ,"192.623,51",BANCO DO BRASIL (APLICAÇÃO)                       ,149253,2024,paulinia,camara,SMARAPD Câmara de Paulínia
CÂMARA DO MUNICÍPIO DE PAULÍNIA, ,2.1.8.8.3.01.04.001 ,IRRF - FOLHA DE PAGAMENTO                         ,29/10/2024 00:00,ARRECADACAO         ,"111.039,49",BANCO DO BRASIL (APLICAÇÃO)                       ,149263,2024,paulinia,camara,SMARAPD Câmara de Paulínia
CÂMARA DO MUNICÍPIO DE PAULÍNIA, ,2.1.8.8.1.01.15.001 ,EMPRÉSTIMO BANCO DO BRASIL                        ,29/10/2024 00:00,ARRECADACAO         ,"15.384,83",BANCO DO BRASIL (APLICAÇÃO)                       ,149268,2024,paulinia,camara,SMARAPD Câmara de Paulínia
CÂMARA DO MUNICÍPIO DE PAULÍNIA, ,2.1.8.8.1.01.11.008 ,UNIODONTO CAMPINAS                                ,29/10/2024 00:00,ARRECADACAO         ,"610,71",BANCO DO BRASIL (APLICAÇÃO)                       ,149259,2024,paulinia,camara,SMARAPD Câmara de Paulínia
CÂMARA DO MUNICÍPIO DE PAULÍNIA, ,4.5.1.1.2.02.00.000 ,REPASSE RECEBIDO                                  ,18/10/2024 00:00,ARRECADACAO         ,"3.875.000,00",BANCO DO BRASIL C/MOV.                            ,148631,2024,paulinia,camara,SMARAPD Câmara de Paulínia
CÂMARA DO MUNICÍPIO DE PAULÍNIA, ,4.5.1.1.2.02.00.000 ,REPASSE RECEBIDO                                  ,18/10/2024 00:00,ESTORNO DE ARRECADAC,"-3.875.000,00",BANCO DO BRASIL C/MOV.                            ,148644,2024,paulinia,camara,SMARAPD Câmara de Paulínia
CÂMARA DO MUNICÍPIO DE PAULÍNIA, ,2.1.8.8.3.01.02.003 ,I.N.S.S.- FOLHA DE PAGAMENTO                      ,07/11/2024 00:00,ARRECADACAO         ,"188,72",BANCO DO BRASIL (APLICAÇÃO)                       ,155063,2024,paulinia,camara,SMARAPD Câmara de Paulínia
CÂMARA DO MUNICÍPIO DE PAULÍNIA, ,2.1.8.8.3.01.02.003 ,I.N.S.S.- FOLHA DE PAGAMENTO                      ,28/11/2024 00:00,ARRECADACAO         ,"59.797,06",BANCO DO BRASIL (APLICAÇÃO)                       ,156221,2024,paulinia,camara,SMARAPD Câmara de Paulínia
CÂMARA DO MUNICÍPIO DE PAULÍNIA, ,2.1.8.8.1.01.11.005 ,SAMARITANO                                        ,28/11/2024 00:00,ARRECADACAO         ,"913,89",BANCO DO BRASIL (APLICAÇÃO)                       ,156213,2024,paulinia,camara,SMARAPD Câmara de Paulínia
CÂMARA DO MUNICÍPIO DE PAULÍNIA, ,2.1.8.8.5.01.08.001 ,I.S.S.Q.N. - RETENÇÃO PESSOA JURIDICA             ,11/11/2024 00:00,ARRECADACAO         ,"2,69",BANCO DO BRASIL (APLICAÇÃO)                       ,155207,2024,paulinia,camara,SMARAPD Câmara de Paulínia
CÂMARA DO MUNICÍPIO DE PAULÍNIA, ,2.1.8.8.5.01.08.001 ,I.S.S.Q.N. - RETENÇÃO PESSOA JURIDICA             ,11/11/2024 00:00,ARRECADACAO         ,"8,06",BANCO DO BRASIL (APLICAÇÃO)                       ,155208,2024,paulinia,camara,SMARAPD Câmara de Paulínia
CÂMARA DO MUNICÍPIO DE PAULÍNIA, ,2.1.8.8.5.01.08.001 ,I.S.S.Q.N. - RETENÇÃO PESSOA JURIDICA             ,11/11/2024 00:00,ARRECADACAO         ,"6,44",BANCO DO BRASIL (APLICAÇÃO)                       ,155210,2024,paulinia,camara,SMARAPD Câmara de Paulínia
CÂMARA DO MUNICÍPIO DE PAULÍNIA, ,2.1.8.8.1.01.99.003 ,DIVERSOS                                          ,28/11/2024 00:00,ARRECADACAO         ,"560,40",BANCO DO BRASIL (APLICAÇÃO)                       ,156218,2024,paulinia,camara,SMARAPD Câmara de Paulínia
CÂMARA DO MUNICÍPIO DE PAULÍNIA, ,2.1.8.8.5.01.08.001 ,I.S.S.Q.N. - RETENÇÃO PESSOA JURIDICA             ,14/11/2024 00:00,ARRECADACAO         ,"405,07",BANCO DO BRASIL (APLICAÇÃO)                       ,155649,2024,paulinia,camara,SMARAPD Câmara de Paulínia
CÂMARA DO MUNICÍPIO DE PAULÍNIA, ,2.1.8.8.5.01.08.001 ,I.S.S.Q.N. - RETENÇÃO PESSOA JURIDICA             ,25/11/2024 00:00,ARRECADACAO         ,"7,00",BANCO DO BRASIL (APLICAÇÃO)                       ,161559,2024,paulinia,camara,SMARAPD Câmara de Paulínia
CÂMARA DO MUNICÍPIO DE PAULÍNIA, ,2.1.8.8.5.01.08.001 ,I.S.S.Q.N. - RETENÇÃO PESSOA JURIDICA             ,27/11/2024 00:00,ARRECADACAO         ,"1.933,01",BANCO DO BRASIL (APLICAÇÃO)                       ,156189,2024,paulinia,camara,SMARAPD Câmara de Paulínia
CÂMARA DO MUNICÍPIO DE PAULÍNIA, ,2.1.8.8.1.01.10.001 ,DEPÓSITO JUDICIAL                                 ,28/11/2024 00:00,ARRECADACAO         ,"3.385,16",BANCO DO BRASIL (APLICAÇÃO)                       ,156206,2024,paulinia,camara,SMARAPD Câmara de Paulínia
CÂMARA DO MUNICÍPIO DE PAULÍNIA, ,4.5.1.1.2.02.00.000 ,REPASSE RECEBIDO                                  ,19/11/2024 00:00,ARRECADACAO         ,"3.875.000,00",BANCO DO BRASIL (APLICAÇÃO)                       ,155950,2024,paulinia,camara,SMARAPD Câmara de Paulínia
CÂMARA DO MUNICÍPIO DE PAULÍNIA, ,2.1.8.8.1.01.15.007 ,EMPRÉSTIMO CONSIGNADO SANTANDER (PLANO ADMINISTRAT,28/11/2024 00:00,ARRECADACAO         ,"1.051,64",BANCO DO BRASIL (APLICAÇÃO)                       ,156209,2024,paulinia,camara,SMARAPD Câmara de Paulínia
CÂMARA DO MUNICÍPIO DE PAULÍNIA, ,2.1.8.8.1.01.11.007 ,UNIMED                                            ,28/11/2024 00:00,ARRECADACAO         ,"23.623,99",BANCO DO BRASIL (APLICAÇÃO)                       ,156214,2024,paulinia,camara,SMARAPD Câmara de Paulínia
CÂMARA DO MUNICÍPIO DE PAULÍNIA, ,2.1.8.8.3.01.04.002 ,IRRF - RETENÇÃO PESSOA JURIDICA                   ,01/11/2024 00:00,ARRECADACAO         ,"28,07",BANCO DO BRASIL (APLICAÇÃO)                       ,149713,2024,paulinia,camara,SMARAPD Câmara de Paulínia
CÂMARA DO MUNICÍPIO DE PAULÍNIA, ,2.1.8.8.3.01.04.002 ,IRRF - RETENÇÃO PESSOA JURIDICA                   ,05/11/2024 00:00,ARRECADACAO         ,"48,00",BANCO DO BRASIL (APLICAÇÃO)                       ,149825,2024,paulinia,camara,SMARAPD Câmara de Paulínia
CÂMARA DO MUNICÍPIO DE PAULÍNIA, ,2.1.8.8.3.01.04.002 ,IRRF - RETENÇÃO PESSOA JURIDICA                   ,12/11/2024 00:00,ARRECADACAO         ,"1.177,92",BANCO DO BRASIL (APLICAÇÃO)                       ,155547,2024,paulinia,camara,SMARAPD Câmara de Paulínia
CÂMARA DO MUNICÍPIO DE PAULÍNIA, ,2.1.8.8.3.01.04.002 ,IRRF - RETENÇÃO PESSOA JURIDICA                   ,12/11/2024 00:00,ARRECADACAO         ,"9.449,73",BANCO DO BRASIL (APLICAÇÃO)                       ,155548,2024,paulinia,camara,SMARAPD Câmara de Paulínia
CÂMARA DO MUNICÍPIO DE PAULÍNIA, ,2.1.8.8.3.01.04.002 ,IRRF - RETENÇÃO PESSOA JURIDICA                   ,13/11/2024 00:00,ARRECADACAO         ,"3,84",BANCO DO BRASIL (APLICAÇÃO)                       ,155549,2024,paulinia,camara,SMARAPD Câmara de Paulínia
CÂMARA DO MUNICÍPIO DE PAULÍNIA, ,2.1.8.8.1.04.99.002 ,RENDIMENTOS DE APLICAÇÕES FINANCEIRAS             ,29/11/2024 00:00,ARRECADACAO         ,"54.973,57",BANCO DO BRASIL (APLICAÇÃO)                       ,156335,2024,paulinia,camara,SMARAPD Câmara de Paulínia
CÂMARA DO MUNICÍPIO DE PAULÍNIA, ,2.1.8.8.1.01.15.002 ,EMPRÉSTIMO CAIXA ECONOMICA FEDERAL                ,28/11/2024 00:00,ARRECADACAO         ,"19.922,16",BANCO DO BRASIL (APLICAÇÃO)                       ,156208,2024,paulinia,camara,SMARAPD Câmara de Paulínia
CÂMARA DO MUNICÍPIO DE PAULÍNIA, ,2.1.8.8.3.01.04.001 ,IRRF - FOLHA DE PAGAMENTO                         ,28/11/2024 00:00,ARRECADACAO         ,"202.533,83",BANCO DO BRASIL (APLICAÇÃO)                       ,156210,2024,paulinia,camara,SMARAPD Câmara de Paulínia
CÂMARA DO MUNICÍPIO DE PAULÍNIA, ,2.1.8.8.3.01.04.002 ,IRRF - RETENÇÃO PESSOA JURIDICA                   ,18/11/2024 00:00,ARRECADACAO         ,"21,24",BANCO DO BRASIL (APLICAÇÃO)                       ,155658,2024,paulinia,camara,SMARAPD Câmara de Paulínia
CÂMARA DO MUNICÍPIO DE PAULÍNIA, ,2.1.8.8.3.01.04.002 ,IRRF - RETENÇÃO PESSOA JURIDICA                   ,19/11/2024 00:00,ARRECADACAO         ,"28,15",BANCO DO BRASIL (APLICAÇÃO)                       ,155737,2024,paulinia,camara,SMARAPD Câmara de Paulínia
CÂMARA DO MUNICÍPIO DE PAULÍNIA, ,2.1.8.8.3.01.04.002 ,IRRF - RETENÇÃO PESSOA JURIDICA                   ,21/11/2024 00:00,ARRECADACAO         ,"21,24",BANCO DO BRASIL (APLICAÇÃO)                       ,155837,2024,paulinia,camara,SMARAPD Câmara de Paulínia
CÂMARA DO MUNICÍPIO DE PAULÍNIA, ,2.1.8.8.3.01.04.002 ,IRRF - RETENÇÃO PESSOA JURIDICA                   ,21/11/2024 00:00,ARRECADACAO         ,"538,53",BANCO DO BRASIL (APLICAÇÃO)                       ,155838,2024,paulinia,camara,SMARAPD Câmara de Paulínia
CÂMARA DO MUNICÍPIO DE PAULÍNIA, ,2.1.8.8.3.01.04.002 ,IRRF - RETENÇÃO PESSOA JURIDICA                   ,25/11/2024 00:00,ARRECADACAO         ,"48,00",BANCO DO BRASIL (APLICAÇÃO)                       ,155993,2024,paulinia,camara,SMARAPD Câmara de Paulínia
CÂMARA DO MUNICÍPIO DE PAULÍNIA, ,2.1.8.8.3.01.04.002 ,IRRF - RETENÇÃO PESSOA JURIDICA                   ,27/11/2024 00:00,ARRECADACAO         ,"1.855,70",BANCO DO BRASIL (APLICAÇÃO)                       ,156190,2024,paulinia,camara,SMARAPD Câmara de Paulínia
CÂMARA DO MUNICÍPIO DE PAULÍNIA, ,2.1.8.8.3.01.04.002 ,IRRF - RETENÇÃO PESSOA JURIDICA                   ,29/11/2024 00:00,ARRECADACAO         ,"38,24",BANCO DO BRASIL (APLICAÇÃO)                       ,156334,2024,paulinia,camara,SMARAPD Câmara de Paulínia
CÂMARA DO MUNICÍPIO DE PAULÍNIA, ,2.1.8.8.1.01.15.001 ,EMPRÉSTIMO BANCO DO BRASIL                        ,28/11/2024 00:00,ARRECADACAO         ,"38.100,26",BANCO DO BRASIL (APLICAÇÃO)                       ,156207,2024,paulinia,camara,SMARAPD Câmara de Paulínia
CÂMARA DO MUNICÍPIO DE PAULÍNIA, ,2.1.8.8.1.01.15.001 ,EMPRÉSTIMO BANCO DO BRASIL                        ,28/11/2024 00:00,ARRECADACAO         ,"15.384,83",BANCO DO BRASIL (APLICAÇÃO)                       ,156219,2024,paulinia,camara,SMARAPD Câmara de Paulínia
CÂMARA DO MUNICÍPIO DE PAULÍNIA, ,2.1.8.8.3.01.02.002 ,I.N.S.S - RETENÇÃO PESSOA JURIDICA                ,12/11/2024 00:00,ARRECADACAO         ,"5.398,79",BANCO DO BRASIL (APLICAÇÃO)                       ,155545,2024,paulinia,camara,SMARAPD Câmara de Paulínia
CÂMARA DO MUNICÍPIO DE PAULÍNIA, ,2.1.8.8.3.01.02.002 ,I.N.S.S - RETENÇÃO PESSOA JURIDICA                ,27/11/2024 00:00,ARRECADACAO         ,"4.252,64",BANCO DO BRASIL (APLICAÇÃO)                       ,156188,2024,paulinia,camara,SMARAPD Câmara de Paulínia
CÂMARA DO MUNICÍPIO DE PAULÍNIA, ,2.1.8.8.3.01.02.003 ,I.N.S.S.- FOLHA DE PAGAMENTO                      ,03/12/2024 00:00,ARRECADACAO         ,"55.864,00",BANCO DO BRASIL (APLICAÇÃO)                       ,157562,2024,paulinia,camara,SMARAPD Câmara de Paulínia
CÂMARA DO MUNICÍPIO DE PAULÍNIA, ,2.1.8.8.3.01.02.003 ,I.N.S.S.- FOLHA DE PAGAMENTO                      ,12/12/2024 00:00,ARRECADACAO         ,"83,96",BANCO DO BRASIL (APLICAÇÃO)                       ,161734,2024,paulinia,camara,SMARAPD Câmara de Paulínia
CÂMARA DO MUNICÍPIO DE PAULÍNIA, ,2.1.8.8.1.01.99.003 ,DIVERSOS                                          ,12/12/2024 00:00,ARRECADACAO         ,"560,40",BANCO DO BRASIL (APLICAÇÃO)                       ,161750,2024,paulinia,camara,SMARAPD Câmara de Paulínia
CÂMARA DO MUNICÍPIO DE PAULÍNIA, ,2.1.8.8.1.01.03.001 ,PAULÍNIA PREVI                                    ,03/12/2024 00:00,ARRECADACAO         ,"105.666,43",BANCO DO BRASIL (APLICAÇÃO)                       ,157560,2024,paulinia,camara,SMARAPD Câmara de Paulínia
CÂMARA DO MUNICÍPIO DE PAULÍNIA, ,2.1.8.8.5.01.08.001 ,I.S.S.Q.N. - RETENÇÃO PESSOA JURIDICA             ,12/12/2024 00:00,ARRECADACAO         ,"764,23",BANCO DO BRASIL (APLICAÇÃO)                       ,161730,2024,paulinia,camara,SMARAPD Câmara de Paulínia
CÂMARA DO MUNICÍPIO DE PAULÍNIA, ,2.1.8.8.5.01.08.001 ,I.S.S.Q.N. - RETENÇÃO PESSOA JURIDICA             ,13/12/2024 00:00,ARRECADACAO         ,"4.907,99",BANCO DO BRASIL (APLICAÇÃO)                       ,162005,2024,paulinia,camara,SMARAPD Câmara de Paulínia
CÂMARA DO MUNICÍPIO DE PAULÍNIA, ,2.1.8.8.1.01.10.001 ,DEPÓSITO JUDICIAL                                 ,12/12/2024 00:00,ARRECADACAO         ,"1.270,80",BANCO DO BRASIL (APLICAÇÃO)                       ,161737,2024,paulinia,camara,SMARAPD Câmara de Paulínia
CÂMARA DO MUNICÍPIO DE PAULÍNIA, ,2.1.8.8.1.01.15.007 ,EMPRÉSTIMO CONSIGNADO SANTANDER (PLANO ADMINISTRAT,12/12/2024 00:00,ARRECADACAO         ,"1.051,64",BANCO DO BRASIL (APLICAÇÃO)                       ,161741,2024,paulinia,camara,SMARAPD Câmara de Paulínia
CÂMARA DO MUNICÍPIO DE PAULÍNIA, ,2.1.8.8.5.01.08.001 ,I.S.S.Q.N. - RETENÇÃO PESSOA JURIDICA             ,13/12/2024 00:00,ARRECADACAO         ,"18,46",BANCO DO BRASIL (APLICAÇÃO)                       ,162008,2024,paulinia,camara,SMARAPD Câmara de Paulínia
CÂMARA DO MUNICÍPIO DE PAULÍNIA, ,2.1.8.8.1.01.11.007 ,UNIMED                                            ,05/12/2024 00:00,ARRECADACAO         ,"310,70",BANCO DO BRASIL (APLICAÇÃO)                       ,161509,2024,paulinia,camara,SMARAPD Câmara de Paulínia
CÂMARA DO MUNICÍPIO DE PAULÍNIA, ,2.1.8.8.1.01.11.007 ,UNIMED                                            ,12/12/2024 00:00,ARRECADACAO         ,"23.709,33",BANCO DO BRASIL (APLICAÇÃO)                       ,161746,2024,paulinia,camara,SMARAPD Câmara de Paulínia
CÂMARA DO MUNICÍPIO DE PAULÍNIA, ,2.1.8.8.1.01.11.007 ,UNIMED                                            ,12/12/2024 00:00,ARRECADACAO         ,"14.416,04",BANCO DO BRASIL (APLICAÇÃO)                       ,161756,2024,paulinia,camara,SMARAPD Câmara de Paulínia
CÂMARA DO MUNICÍPIO DE PAULÍNIA, ,2.1.8.8.3.01.04.002 ,IRRF - RETENÇÃO PESSOA JURIDICA                   ,13/12/2024 00:00,ARRECADACAO         ,"1.177,92",BANCO DO BRASIL (APLICAÇÃO)                       ,162006,2024,paulinia,camara,SMARAPD Câmara de Paulínia
CÂMARA DO MUNICÍPIO DE PAULÍNIA, ,2.1.8.8.3.01.04.002 ,IRRF - RETENÇÃO PESSOA JURIDICA                   ,16/12/2024 00:00,ARRECADACAO         ,"21,24",BANCO DO BRASIL (APLICAÇÃO)                       ,162064,2024,paulinia,camara,SMARAPD Câmara de Paulínia
CÂMARA DO MUNICÍPIO DE PAULÍNIA, ,2.1.8.8.3.01.04.002 ,IRRF - RETENÇÃO PESSOA JURIDICA                   ,16/12/2024 00:00,ARRECADACAO         ,"21,24",BANCO DO BRASIL (APLICAÇÃO)                       ,162065,2024,paulinia,camara,SMARAPD Câmara de Paulínia
CÂMARA DO MUNICÍPIO DE PAULÍNIA, ,2.1.8.8.3.01.04.002 ,IRRF - RETENÇÃO PESSOA JURIDICA                   ,17/12/2024 00:00,ARRECADACAO         ,"292,45",BANCO DO BRASIL (APLICAÇÃO)                       ,162191,2024,paulinia,camara,SMARAPD Câmara de Paulínia
CÂMARA DO MUNICÍPIO DE PAULÍNIA, ,2.1.8.8.3.01.04.002 ,IRRF - RETENÇÃO PESSOA JURIDICA                   ,18/12/2024 00:00,ARRECADACAO         ,"21,24",BANCO DO BRASIL (APLICAÇÃO)                       ,162347,2024,paulinia,camara,SMARAPD Câmara de Paulínia
CÂMARA DO MUNICÍPIO DE PAULÍNIA, ,2.1.8.8.1.01.99.001 ,ASMUP                                             ,12/12/2024 00:00,ARRECADACAO         ,"1.645,00",BANCO DO BRASIL (APLICAÇÃO)                       ,161736,2024,paulinia,camara,SMARAPD Câmara de Paulínia
CÂMARA DO MUNICÍPIO DE PAULÍNIA, ,2.1.8.8.1.01.99.001 ,ASMUP                                             ,12/12/2024 00:00,ARRECADACAO         ,"1.710,80",BANCO DO BRASIL (APLICAÇÃO)                       ,161748,2024,paulinia,camara,SMARAPD Câmara de Paulínia
CÂMARA DO MUNICÍPIO DE PAULÍNIA, ,2.1.8.8.3.01.04.001 ,IRRF - FOLHA DE PAGAMENTO                         ,05/12/2024 00:00,ARRECADACAO         ,"4.793,05",BANCO DO BRASIL (APLICAÇÃO)                       ,161507,2024,paulinia,camara,SMARAPD Câmara de Paulínia
CÂMARA DO MUNICÍPIO DE PAULÍNIA, ,2.1.8.8.3.01.04.001 ,IRRF - FOLHA DE PAGAMENTO                         ,12/12/2024 00:00,ARRECADACAO         ,"177.908,45",BANCO DO BRASIL (APLICAÇÃO)                       ,161742,2024,paulinia,camara,SMARAPD Câmara de Paulínia
CÂMARA DO MUNICÍPIO DE PAULÍNIA, ,2.1.8.8.3.01.04.002 ,IRRF - RETENÇÃO PESSOA JURIDICA                   ,02/12/2024 00:00,ARRECADACAO         ,"515,38",BANCO DO BRASIL (APLICAÇÃO)                       ,157474,2024,paulinia,camara,SMARAPD Câmara de Paulínia
CÂMARA DO MUNICÍPIO DE PAULÍNIA, ,2.1.8.8.3.01.04.002 ,IRRF - RETENÇÃO PESSOA JURIDICA                   ,04/12/2024 00:00,ARRECADACAO         ,"21,24",BANCO DO BRASIL (APLICAÇÃO)                       ,161249,2024,paulinia,camara,SMARAPD Câmara de Paulínia
CÂMARA DO MUNICÍPIO DE PAULÍNIA, ,2.1.8.8.3.01.04.002 ,IRRF - RETENÇÃO PESSOA JURIDICA                   ,09/12/2024 00:00,ARRECADACAO         ,"17,70",BANCO DO BRASIL (APLICAÇÃO)                       ,161568,2024,paulinia,camara,SMARAPD Câmara de Paulínia
CÂMARA DO MUNICÍPIO DE PAULÍNIA, ,2.1.8.8.3.01.04.002 ,IRRF - RETENÇÃO PESSOA JURIDICA                   ,10/12/2024 00:00,ARRECADACAO         ,"422,40",BANCO DO BRASIL (APLICAÇÃO)                       ,161709,2024,paulinia,camara,SMARAPD Câmara de Paulínia
CÂMARA DO MUNICÍPIO DE PAULÍNIA, ,2.1.8.8.3.01.04.002 ,IRRF - RETENÇÃO PESSOA JURIDICA                   ,10/12/2024 00:00,ARRECADACAO         ,"1.030,61",BANCO DO BRASIL (APLICAÇÃO)                       ,161710,2024,paulinia,camara,SMARAPD Câmara de Paulínia
CÂMARA DO MUNICÍPIO DE PAULÍNIA, ,2.1.8.8.3.01.04.002 ,IRRF - RETENÇÃO PESSOA JURIDICA                   ,10/12/2024 00:00,ARRECADACAO         ,"538,53",BANCO DO BRASIL (APLICAÇÃO)                       ,161712,2024,paulinia,camara,SMARAPD Câmara de Paulínia
CÂMARA DO MUNICÍPIO DE PAULÍNIA, ,2.1.8.8.1.01.15.001 ,EMPRÉSTIMO BANCO DO BRASIL                        ,05/12/2024 00:00,ARRECADACAO         ,"19.192,54",BANCO DO BRASIL (APLICAÇÃO)                       ,161506,2024,paulinia,camara,SMARAPD Câmara de Paulínia
CÂMARA DO MUNICÍPIO DE PAULÍNIA, ,2.1.8.8.1.01.15.001 ,EMPRÉSTIMO BANCO DO BRASIL                        ,12/12/2024 00:00,ARRECADACAO         ,"35.516,00",BANCO DO BRASIL (APLICAÇÃO)                       ,161739,2024,paulinia,camara,SMARAPD Câmara de Paulínia
CÂMARA DO MUNICÍPIO DE PAULÍNIA, ,2.1.8.8.1.04.99.001 ,REMUNERAÇÃO DE AÇÕES                              ,26/12/2024 00:00,ARRECADACAO         ,"221,61",BANCO DO BRASIL C/MOV.                            ,163379,2024,paulinia,camara,SMARAPD Câmara de Paulínia
CÂMARA DO MUNICÍPIO DE PAULÍNIA, ,4.5.1.1.2.02.00.000 ,REPASSE RECEBIDO                                  ,17/12/2024 00:00,ARRECADACAO         ,"3.875.000,00",BANCO DO BRASIL C/MOV.                            ,162187,2024,paulinia,camara,SMARAPD Câmara de Paulínia
CÂMARA DO MUNICÍPIO DE PAULÍNIA, ,2.1.8.8.1.01.11.005 ,SAMARITANO                                        ,12/12/2024 00:00,ARRECADACAO         ,"4.744,40",BANCO DO BRASIL (APLICAÇÃO)                       ,161755,2024,paulinia,camara,SMARAPD Câmara de Paulínia
CÂMARA DO MUNICÍPIO DE PAULÍNIA, ,2.1.8.8.3.01.02.002 ,I.N.S.S - RETENÇÃO PESSOA JURIDICA                ,12/12/2024 00:00,ARRECADACAO         ,"1.681,31",BANCO DO BRASIL (APLICAÇÃO)                       ,161729,2024,paulinia,camara,SMARAPD Câmara de Paulínia
CÂMARA DO MUNICÍPIO DE PAULÍNIA, ,2.1.8.8.3.01.02.002 ,I.N.S.S - RETENÇÃO PESSOA JURIDICA                ,13/12/2024 00:00,ARRECADACAO         ,"5.398,79",BANCO DO BRASIL (APLICAÇÃO)                       ,162004,2024,paulinia,camara,SMARAPD Câmara de Paulínia
CÂMARA DO MUNICÍPIO DE PAULÍNIA, ,2.1.8.8.5.01.08.001 ,I.S.S.Q.N. - RETENÇÃO PESSOA JURIDICA             ,16/12/2024 00:00,ARRECADACAO         ,"354,12",BANCO DO BRASIL (APLICAÇÃO)                       ,162066,2024,paulinia,camara,SMARAPD Câmara de Paulínia
CÂMARA DO MUNICÍPIO DE PAULÍNIA, ,2.1.8.8.5.01.08.001 ,I.S.S.Q.N. - RETENÇÃO PESSOA JURIDICA             ,18/12/2024 00:00,ARRECADACAO         ,"1,75",BANCO DO BRASIL (APLICAÇÃO)                       ,162348,2024,paulinia,camara,SMARAPD Câmara de Paulínia
