unidade_gestora,natureza_receita,conta_contabil,descricao_receita,data_movimentacao,operacao,valor,nome_banco,id,ano,municipio,entidade,fonte
CÂMARA DO MUNICÍPIO DE PAULÍNIA, ,2.1.8.8.3.01.02.003 ,I.N.S.S.- FOLHA DE PAGAMENTO                      ,15/01/2025 00:00,ARRECADACAO         ,"159,48",BANCO DO BRASIL (APLICAÇÃO)                       ,166758,2025,paulinia,camara,SMARAPD Câmara de Paulínia
CÂMARA DO MUNICÍPIO DE PAULÍNIA, ,2.1.8.8.3.01.02.003 ,I.N.S.S.- FOLHA DE PAGAMENTO                      ,15/01/2025 00:00,ARRECADACAO         ,"128,36",BANCO DO BRASIL (APLICAÇÃO)                       ,166763,2025,paulinia,camara,SMARAPD Câmara de Paulínia
CÂMARA DO MUNICÍPIO DE PAULÍNIA, ,2.1.8.8.3.01.02.003 ,I.N.S.S.- FOLHA DE PAGAMENTO                      ,15/01/2025 00:00,ARRECADACAO         ,"275,68",BANCO DO BRASIL (APLICAÇÃO)                       ,166774,2025,paulinia,camara,SMARAPD Câmara de Paulínia
CÂMARA DO MUNICÍPIO DE PAULÍNIA, ,2.1.8.8.3.01.02.003 ,I.N.S.S.- FOLHA DE PAGAMENTO                      ,15/01/2025 00:00,ARRECADACAO         ,"128,36",BANCO DO BRASIL (APLICAÇÃO)                       ,166783,2025,paulinia,camara,SMARAPD Câmara de Paulínia
CÂMARA DO MUNICÍPIO DE PAULÍNIA, ,2.1.8.8.3.01.02.003 ,I.N.S.S.- FOLHA DE PAGAMENTO                      ,15/01/2025 00:00,ARRECADACAO         ,"323,09",BANCO DO BRASIL (APLICAÇÃO)                       ,166787,2025,paulinia,camara,SMARAPD Câmara de Paulínia
CÂMARA DO MUNICÍPIO DE PAULÍNIA, ,2.1.8.8.3.01.02.003 ,I.N.S.S.- FOLHA DE PAGAMENTO                      ,15/01/2025 00:00,ARRECADACAO         ,"128,36",BANCO DO BRASIL (APLICAÇÃO)                       ,166792,2025,paulinia,camara,SMARAPD Câmara de Paulínia
CÂMARA DO MUNICÍPIO DE PAULÍNIA, ,2.1.8.8.3.01.02.003 ,I.N.S.S.- FOLHA DE PAGAMENTO                      ,17/01/2025 00:00,ARRECADACAO         ,"229,25",BANCO DO BRASIL (APLICAÇÃO)                       ,166923,2025,paulinia,camara,SMARAPD Câmara de Paulínia
CÂMARA DO MUNICÍPIO DE PAULÍNIA, ,2.1.8.8.3.01.02.003 ,I.N.S.S.- FOLHA DE PAGAMENTO                      ,29/01/2025 00:00,ARRECADACAO         ,"59.604,75",BANCO DO BRASIL (APLICAÇÃO)                       ,167733,2025,paulinia,camara,SMARAPD Câmara de Paulínia
CÂMARA DO MUNICÍPIO DE PAULÍNIA, ,2.1.8.8.3.01.04.002 ,IRRF - RETENÇÃO PESSOA JURIDICA                   ,10/01/2025 00:00,ARRECADACAO         ,"538,53",BANCO DO BRASIL (APLICAÇÃO)                       ,166062,2025,paulinia,camara,SMARAPD Câmara de Paulínia
CÂMARA DO MUNICÍPIO DE PAULÍNIA, ,2.1.8.8.3.01.04.002 ,IRRF - RETENÇÃO PESSOA JURIDICA                   ,13/01/2025 00:00,ARRECADACAO         ,"48,00",BANCO DO BRASIL (APLICAÇÃO)                       ,166244,2025,paulinia,camara,SMARAPD Câmara de Paulínia
CÂMARA DO MUNICÍPIO DE PAULÍNIA, ,2.1.8.8.3.01.04.002 ,IRRF - RETENÇÃO PESSOA JURIDICA                   ,15/01/2025 00:00,ARRECADACAO         ,"1.228,21",BANCO DO BRASIL (APLICAÇÃO)                       ,166799,2025,paulinia,camara,SMARAPD Câmara de Paulínia
CÂMARA DO MUNICÍPIO DE PAULÍNIA, ,2.1.8.8.3.01.04.002 ,IRRF - RETENÇÃO PESSOA JURIDICA                   ,20/01/2025 00:00,ARRECADACAO         ,"17,72",BANCO DO BRASIL (APLICAÇÃO)                       ,167034,2025,paulinia,camara,SMARAPD Câmara de Paulínia
CÂMARA DO MUNICÍPIO DE PAULÍNIA, ,2.1.8.8.3.01.04.002 ,IRRF - RETENÇÃO PESSOA JURIDICA                   ,20/01/2025 00:00,ARRECADACAO         ,"787,71",BANCO DO BRASIL (APLICAÇÃO)                       ,167035,2025,paulinia,camara,SMARAPD Câmara de Paulínia
CÂMARA DO MUNICÍPIO DE PAULÍNIA, ,2.1.8.8.3.01.04.002 ,IRRF - RETENÇÃO PESSOA JURIDICA                   ,20/01/2025 00:00,ARRECADACAO         ,"352,14",BANCO DO BRASIL (APLICAÇÃO)                       ,167036,2025,paulinia,camara,SMARAPD Câmara de Paulínia
CÂMARA DO MUNICÍPIO DE PAULÍNIA, ,2.1.8.8.3.01.04.002 ,IRRF - RETENÇÃO PESSOA JURIDICA                   ,22/01/2025 00:00,ARRECADACAO         ,"285,51",BANCO DO BRASIL (APLICAÇÃO)                       ,167134,2025,paulinia,camara,SMARAPD Câmara de Paulínia
CÂMARA DO MUNICÍPIO DE PAULÍNIA, ,2.1.8.8.3.01.04.002 ,IRRF - RETENÇÃO PESSOA JURIDICA                   ,24/01/2025 00:00,ARRECADACAO         ,"50,05",BANCO DO BRASIL (APLICAÇÃO)                       ,167696,2025,paulinia,camara,SMARAPD Câmara de Paulínia
CÂMARA DO MUNICÍPIO DE PAULÍNIA, ,2.1.8.8.3.01.04.002 ,IRRF - RETENÇÃO PESSOA JURIDICA                   ,27/01/2025 00:00,ARRECADACAO         ,"50,05",BANCO DO BRASIL (APLICAÇÃO)                       ,167699,2025,paulinia,camara,SMARAPD Câmara de Paulínia
CÂMARA DO MUNICÍPIO DE PAULÍNIA, ,2.1.8.8.1.01.11.008 ,UNIODONTO CAMPINAS                                ,15/01/2025 00:00,ARRECADACAO         ,"17,52",BANCO DO BRASIL (APLICAÇÃO)                       ,166751,2025,paulinia,camara,SMARAPD Câmara de Paulínia
CÂMARA DO MUNICÍPIO DE PAULÍNIA, ,2.1.8.8.1.01.11.008 ,UNIODONTO CAMPINAS                                ,15/01/2025 00:00,ARRECADACAO         ,"5,84",BANCO DO BRASIL (APLICAÇÃO)                       ,166759,2025,paulinia,camara,SMARAPD Câmara de Paulínia
CÂMARA DO MUNICÍPIO DE PAULÍNIA, ,2.1.8.8.1.01.11.008 ,UNIODONTO CAMPINAS                                ,15/01/2025 00:00,ARRECADACAO         ,"5,84",BANCO DO BRASIL (APLICAÇÃO)                       ,166790,2025,paulinia,camara,SMARAPD Câmara de Paulínia
CÂMARA DO MUNICÍPIO DE PAULÍNIA, ,2.1.8.8.1.01.11.007 ,UNIMED                                            ,15/01/2025 00:00,ARRECADACAO         ,"221,23",BANCO DO BRASIL (APLICAÇÃO)                       ,166756,2025,paulinia,camara,SMARAPD Câmara de Paulínia
CÂMARA DO MUNICÍPIO DE PAULÍNIA, ,2.1.8.8.1.01.11.007 ,UNIMED                                            ,15/01/2025 00:00,ARRECADACAO         ,"595,60",BANCO DO BRASIL (APLICAÇÃO)                       ,166776,2025,paulinia,camara,SMARAPD Câmara de Paulínia
CÂMARA DO MUNICÍPIO DE PAULÍNIA, ,2.1.8.8.1.01.11.007 ,UNIMED                                            ,15/01/2025 00:00,ARRECADACAO         ,"214,28",BANCO DO BRASIL (APLICAÇÃO)                       ,166784,2025,paulinia,camara,SMARAPD Câmara de Paulínia
CÂMARA DO MUNICÍPIO DE PAULÍNIA, ,2.1.8.8.1.01.11.007 ,UNIMED                                            ,15/01/2025 00:00,ARRECADACAO         ,"385,49",BANCO DO BRASIL (APLICAÇÃO)                       ,166789,2025,paulinia,camara,SMARAPD Câmara de Paulínia
CÂMARA DO MUNICÍPIO DE PAULÍNIA, ,2.1.8.8.1.01.11.007 ,UNIMED                                            ,29/01/2025 00:00,ARRECADACAO         ,"23.183,32",BANCO DO BRASIL (APLICAÇÃO)                       ,167726,2025,paulinia,camara,SMARAPD Câmara de Paulínia
CÂMARA DO MUNICÍPIO DE PAULÍNIA, ,2.1.8.8.1.01.11.007 ,UNIMED                                            ,29/01/2025 00:00,ARRECADACAO         ,"8.455,40",BANCO DO BRASIL (APLICAÇÃO)                       ,167736,2025,paulinia,camara,SMARAPD Câmara de Paulínia
CÂMARA DO MUNICÍPIO DE PAULÍNIA, ,2.1.8.8.1.01.15.002 ,EMPRÉSTIMO CAIXA ECONOMICA FEDERAL                ,29/01/2025 00:00,ARRECADACAO         ,"5.101,60",BANCO DO BRASIL (APLICAÇÃO)                       ,167732,2025,paulinia,camara,SMARAPD Câmara de Paulínia
CÂMARA DO MUNICÍPIO DE PAULÍNIA, ,2.1.8.8.1.01.13.002 ,MENSALIDADE SINDICATO                             ,29/01/2025 00:00,ARRECADACAO         ,"55,00",BANCO DO BRASIL (APLICAÇÃO)                       ,167723,2025,paulinia,camara,SMARAPD Câmara de Paulínia
CÂMARA DO MUNICÍPIO DE PAULÍNIA, ,2.1.8.8.1.01.99.001 ,ASMUP                                             ,15/01/2025 00:00,ARRECADACAO         ,"32,90",BANCO DO BRASIL (APLICAÇÃO)                       ,166777,2025,paulinia,camara,SMARAPD Câmara de Paulínia
CÂMARA DO MUNICÍPIO DE PAULÍNIA, ,2.1.8.8.1.01.99.001 ,ASMUP                                             ,15/01/2025 00:00,ARRECADACAO         ,"32,90",BANCO DO BRASIL (APLICAÇÃO)                       ,166786,2025,paulinia,camara,SMARAPD Câmara de Paulínia
CÂMARA DO MUNICÍPIO DE PAULÍNIA, ,2.1.8.8.1.01.99.001 ,ASMUP                                             ,15/01/2025 00:00,ARRECADACAO         ,"32,90",BANCO DO BRASIL (APLICAÇÃO)                       ,166791,2025,paulinia,camara,SMARAPD Câmara de Paulínia
CÂMARA DO MUNICÍPIO DE PAULÍNIA, ,2.1.8.8.1.01.99.001 ,ASMUP                                             ,15/01/2025 00:00,ARRECADACAO         ,"32,90",BANCO DO BRASIL (APLICAÇÃO)                       ,166794,2025,paulinia,camara,SMARAPD Câmara de Paulínia
CÂMARA DO MUNICÍPIO DE PAULÍNIA, ,2.1.8.8.5.01.08.001 ,I.S.S.Q.N. - RETENÇÃO PESSOA JURIDICA             ,20/01/2025 00:00,ARRECADACAO         ,"18,46",BANCO DO BRASIL (APLICAÇÃO)                       ,167033,2025,paulinia,camara,SMARAPD Câmara de Paulínia
CÂMARA DO MUNICÍPIO DE PAULÍNIA, ,2.1.8.8.5.01.08.001 ,I.S.S.Q.N. - RETENÇÃO PESSOA JURIDICA             ,24/01/2025 00:00,ARRECADACAO         ,"764,23",BANCO DO BRASIL (APLICAÇÃO)                       ,167591,2025,paulinia,camara,SMARAPD Câmara de Paulínia
CÂMARA DO MUNICÍPIO DE PAULÍNIA, ,2.1.8.8.3.01.02.002 ,I.N.S.S - RETENÇÃO PESSOA JURIDICA                ,15/01/2025 00:00,ARRECADACAO         ,"5.629,30",BANCO DO BRASIL (APLICAÇÃO)                       ,166797,2025,paulinia,camara,SMARAPD Câmara de Paulínia
CÂMARA DO MUNICÍPIO DE PAULÍNIA, ,2.1.8.8.1.01.15.001 ,EMPRÉSTIMO BANCO DO BRASIL                        ,15/01/2025 00:00,ARRECADACAO         ,"7.089,63",BANCO DO BRASIL (APLICAÇÃO)                       ,166773,2025,paulinia,camara,SMARAPD Câmara de Paulínia
CÂMARA DO MUNICÍPIO DE PAULÍNIA, ,2.1.8.8.1.01.15.001 ,EMPRÉSTIMO BANCO DO BRASIL                        ,29/01/2025 00:00,ARRECADACAO         ,"36.008,67",BANCO DO BRASIL (APLICAÇÃO)                       ,167719,2025,paulinia,camara,SMARAPD Câmara de Paulínia
CÂMARA DO MUNICÍPIO DE PAULÍNIA, ,2.1.8.8.3.01.02.002 ,I.N.S.S - RETENÇÃO PESSOA JURIDICA                ,24/01/2025 00:00,ARRECADACAO         ,"1.681,31",BANCO DO BRASIL (APLICAÇÃO)                       ,167590,2025,paulinia,camara,SMARAPD Câmara de Paulínia
CÂMARA DO MUNICÍPIO DE PAULÍNIA, ,2.1.8.8.1.01.11.008 ,UNIODONTO CAMPINAS                                ,29/01/2025 00:00,ARRECADACAO         ,"466,99",BANCO DO BRASIL (APLICAÇÃO)                       ,167737,2025,paulinia,camara,SMARAPD Câmara de Paulínia
CÂMARA DO MUNICÍPIO DE PAULÍNIA, ,4.5.1.1.2.02.00.000 ,REPASSE RECEBIDO                                  ,13/01/2025 00:00,ARRECADACAO         ,"1.000.000,00",BANCO DO BRASIL (APLICAÇÃO)                       ,166243,2025,paulinia,camara,SMARAPD Câmara de Paulínia
CÂMARA DO MUNICÍPIO DE PAULÍNIA, ,2.1.8.8.3.01.02.003 ,I.N.S.S.- FOLHA DE PAGAMENTO                      ,15/01/2025 00:00,ARRECADACAO         ,"128,36",BANCO DO BRASIL (APLICAÇÃO)                       ,166745,2025,paulinia,camara,SMARAPD Câmara de Paulínia
CÂMARA DO MUNICÍPIO DE PAULÍNIA, ,2.1.8.8.1.01.99.001 ,ASMUP                                             ,15/01/2025 00:00,ARRECADACAO         ,"32,90",BANCO DO BRASIL (APLICAÇÃO)                       ,166736,2025,paulinia,camara,SMARAPD Câmara de Paulínia
CÂMARA DO MUNICÍPIO DE PAULÍNIA, ,2.1.8.8.1.01.99.001 ,ASMUP                                             ,15/01/2025 00:00,ARRECADACAO         ,"32,90",BANCO DO BRASIL (APLICAÇÃO)                       ,166741,2025,paulinia,camara,SMARAPD Câmara de Paulínia
CÂMARA DO MUNICÍPIO DE PAULÍNIA, ,2.1.8.8.1.01.99.001 ,ASMUP                                             ,15/01/2025 00:00,ARRECADACAO         ,"32,90",BANCO DO BRASIL (APLICAÇÃO)                       ,166747,2025,paulinia,camara,SMARAPD Câmara de Paulínia
CÂMARA DO MUNICÍPIO DE PAULÍNIA, ,2.1.8.8.1.01.99.001 ,ASMUP                                             ,15/01/2025 00:00,ARRECADACAO         ,"32,90",BANCO DO BRASIL (APLICAÇÃO)                       ,166754,2025,paulinia,camara,SMARAPD Câmara de Paulínia
CÂMARA DO MUNICÍPIO DE PAULÍNIA, ,2.1.8.8.1.01.99.001 ,ASMUP                                             ,15/01/2025 00:00,ARRECADACAO         ,"32,90",BANCO DO BRASIL (APLICAÇÃO)                       ,166769,2025,paulinia,camara,SMARAPD Câmara de Paulínia
CÂMARA DO MUNICÍPIO DE PAULÍNIA, ,2.1.8.8.1.01.99.001 ,ASMUP                                             ,15/01/2025 00:00,ARRECADACAO         ,"32,90",BANCO DO BRASIL (APLICAÇÃO)                       ,166772,2025,paulinia,camara,SMARAPD Câmara de Paulínia
CÂMARA DO MUNICÍPIO DE PAULÍNIA, ,2.1.8.8.3.01.04.001 ,IRRF - FOLHA DE PAGAMENTO                         ,15/01/2025 00:00,ARRECADACAO         ,"48,73",BANCO DO BRASIL (APLICAÇÃO)                       ,166738,2025,paulinia,camara,SMARAPD Câmara de Paulínia
CÂMARA DO MUNICÍPIO DE PAULÍNIA, ,2.1.8.8.3.01.04.001 ,IRRF - FOLHA DE PAGAMENTO                         ,15/01/2025 00:00,ARRECADACAO         ,"128,36",BANCO DO BRASIL (APLICAÇÃO)                       ,166742,2025,paulinia,camara,SMARAPD Câmara de Paulínia
CÂMARA DO MUNICÍPIO DE PAULÍNIA, ,2.1.8.8.3.01.04.001 ,IRRF - FOLHA DE PAGAMENTO                         ,15/01/2025 00:00,ARRECADACAO         ,"27,12",BANCO DO BRASIL (APLICAÇÃO)                       ,166767,2025,paulinia,camara,SMARAPD Câmara de Paulínia
CÂMARA DO MUNICÍPIO DE PAULÍNIA, ,2.1.8.8.3.01.04.001 ,IRRF - FOLHA DE PAGAMENTO                         ,15/01/2025 00:00,ARRECADACAO         ,"27,12",BANCO DO BRASIL (APLICAÇÃO)                       ,166779,2025,paulinia,camara,SMARAPD Câmara de Paulínia
CÂMARA DO MUNICÍPIO DE PAULÍNIA, ,2.1.8.8.3.01.04.001 ,IRRF - FOLHA DE PAGAMENTO                         ,29/01/2025 00:00,ARRECADACAO         ,"128.751,78",BANCO DO BRASIL (APLICAÇÃO)                       ,167734,2025,paulinia,camara,SMARAPD Câmara de Paulínia
CÂMARA DO MUNICÍPIO DE PAULÍNIA, ,2.1.8.8.3.01.04.002 ,IRRF - RETENÇÃO PESSOA JURIDICA                   ,10/01/2025 00:00,ARRECADACAO         ,"841,14",BANCO DO BRASIL (APLICAÇÃO)                       ,166060,2025,paulinia,camara,SMARAPD Câmara de Paulínia
CÂMARA DO MUNICÍPIO DE PAULÍNIA, ,2.1.8.8.1.01.99.003 ,DIVERSOS                                          ,29/01/2025 00:00,ARRECADACAO         ,"1.172,99",BANCO DO BRASIL (APLICAÇÃO)                       ,167730,2025,paulinia,camara,SMARAPD Câmara de Paulínia
CÂMARA DO MUNICÍPIO DE PAULÍNIA, ,2.1.8.8.1.01.15.007 ,EMPRÉSTIMO CONSIGNADO SANTANDER (PLANO ADMINISTRAT,29/01/2025 00:00,ARRECADACAO         ,"1.051,64",BANCO DO BRASIL (APLICAÇÃO)                       ,167721,2025,paulinia,camara,SMARAPD Câmara de Paulínia
CÂMARA DO MUNICÍPIO DE PAULÍNIA, ,2.1.8.8.1.01.11.007 ,UNIMED                                            ,15/01/2025 00:00,ARRECADACAO         ,"134,24",BANCO DO BRASIL (APLICAÇÃO)                       ,166746,2025,paulinia,camara,SMARAPD Câmara de Paulínia
CÂMARA DO MUNICÍPIO DE PAULÍNIA, ,2.1.8.8.1.01.11.007 ,UNIMED                                            ,15/01/2025 00:00,ARRECADACAO         ,"148,90",BANCO DO BRASIL (APLICAÇÃO)                       ,166750,2025,paulinia,camara,SMARAPD Câmara de Paulínia
CÂMARA DO MUNICÍPIO DE PAULÍNIA, ,2.1.8.8.1.01.10.001 ,DEPÓSITO JUDICIAL                                 ,29/01/2025 00:00,ARRECADACAO         ,"1.980,14",BANCO DO BRASIL (APLICAÇÃO)                       ,167718,2025,paulinia,camara,SMARAPD Câmara de Paulínia
CÂMARA DO MUNICÍPIO DE PAULÍNIA, ,4.5.1.1.2.02.00.000 ,REPASSE RECEBIDO                                  ,02/01/2025 00:00,ESTORNO DE ARRECADAC,"-2.900.000,00",BANCO DO BRASIL (APLICAÇÃO)                       ,166941,2025,paulinia,camara,SMARAPD Câmara de Paulínia
CÂMARA DO MUNICÍPIO DE PAULÍNIA, ,2.1.8.8.1.04.99.002 ,RENDIMENTOS DE APLICAÇÕES FINANCEIRAS             ,02/01/2025 00:00,ESTORNO DE ARRECADAC,"-16.911,02",BANCO DO BRASIL (APLICAÇÃO)                       ,168189,2025,paulinia,camara,SMARAPD Câmara de Paulínia
CÂMARA DO MUNICÍPIO DE PAULÍNIA, ,2.1.8.8.3.01.04.002 ,IRRF - RETENÇÃO PESSOA JURIDICA                   ,03/02/2025 00:00,ARRECADACAO         ,"693,47",BANCO DO BRASIL (APLICAÇÃO)                       ,168197,2025,paulinia,camara,SMARAPD Câmara de Paulínia
CÂMARA DO MUNICÍPIO DE PAULÍNIA, ,2.1.8.8.1.01.11.007 ,UNIMED                                            ,26/02/2025 00:00,ARRECADACAO         ,"22.630,87",BANCO DO BRASIL (APLICAÇÃO)                       ,173285,2025,paulinia,camara,SMARAPD Câmara de Paulínia
CÂMARA DO MUNICÍPIO DE PAULÍNIA, ,2.1.8.8.1.01.13.002 ,MENSALIDADE SINDICATO                             ,26/02/2025 00:00,ARRECADACAO         ,"55,00",BANCO DO BRASIL (APLICAÇÃO)                       ,173282,2025,paulinia,camara,SMARAPD Câmara de Paulínia
CÂMARA DO MUNICÍPIO DE PAULÍNIA, ,2.1.8.8.1.01.11.005 ,SAMARITANO                                        ,26/02/2025 00:00,ARRECADACAO         ,"5.706,05",BANCO DO BRASIL (APLICAÇÃO)                       ,173294,2025,paulinia,camara,SMARAPD Câmara de Paulínia
CÂMARA DO MUNICÍPIO DE PAULÍNIA, ,2.1.8.8.5.01.08.001 ,I.S.S.Q.N. - RETENÇÃO PESSOA JURIDICA             ,10/02/2025 00:00,ARRECADACAO         ,"5.117,54",BANCO DO BRASIL (APLICAÇÃO)                       ,171818,2025,paulinia,camara,SMARAPD Câmara de Paulínia
CÂMARA DO MUNICÍPIO DE PAULÍNIA, ,2.1.8.8.5.01.08.001 ,I.S.S.Q.N. - RETENÇÃO PESSOA JURIDICA             ,11/02/2025 00:00,ARRECADACAO         ,"37,80",BANCO DO BRASIL (APLICAÇÃO)                       ,171820,2025,paulinia,camara,SMARAPD Câmara de Paulínia
CÂMARA DO MUNICÍPIO DE PAULÍNIA, ,2.1.8.8.5.01.08.001 ,I.S.S.Q.N. - RETENÇÃO PESSOA JURIDICA             ,20/02/2025 00:00,ARRECADACAO         ,"14,77",BANCO DO BRASIL (APLICAÇÃO)                       ,173268,2025,paulinia,camara,SMARAPD Câmara de Paulínia
CÂMARA DO MUNICÍPIO DE PAULÍNIA, ,2.1.8.8.5.01.08.001 ,I.S.S.Q.N. - RETENÇÃO PESSOA JURIDICA             ,24/02/2025 00:00,ARRECADACAO         ,"13,98",BANCO DO BRASIL (APLICAÇÃO)                       ,173272,2025,paulinia,camara,SMARAPD Câmara de Paulínia
CÂMARA DO MUNICÍPIO DE PAULÍNIA, ,2.1.8.8.5.01.08.001 ,I.S.S.Q.N. - RETENÇÃO PESSOA JURIDICA             ,24/02/2025 00:00,ARRECADACAO         ,"25,00",BANCO DO BRASIL (APLICAÇÃO)                       ,173273,2025,paulinia,camara,SMARAPD Câmara de Paulínia
CÂMARA DO MUNICÍPIO DE PAULÍNIA, ,2.1.8.8.1.01.15.001 ,EMPRÉSTIMO BANCO DO BRASIL                        ,26/02/2025 00:00,ARRECADACAO         ,"9.719,14",BANCO DO BRASIL (APLICAÇÃO)                       ,173290,2025,paulinia,camara,SMARAPD Câmara de Paulínia
CÂMARA DO MUNICÍPIO DE PAULÍNIA, ,2.1.8.8.1.01.10.001 ,DEPÓSITO JUDICIAL                                 ,26/02/2025 00:00,ARRECADACAO         ,"2.433,36",BANCO DO BRASIL (APLICAÇÃO)                       ,173288,2025,paulinia,camara,SMARAPD Câmara de Paulínia
CÂMARA DO MUNICÍPIO DE PAULÍNIA, ,2.1.8.8.1.01.11.007 ,UNIMED                                            ,26/02/2025 00:00,ARRECADACAO         ,"10.082,01",BANCO DO BRASIL (APLICAÇÃO)                       ,173295,2025,paulinia,camara,SMARAPD Câmara de Paulínia
CÂMARA DO MUNICÍPIO DE PAULÍNIA, ,2.1.8.8.1.01.11.008 ,UNIODONTO CAMPINAS                                ,26/02/2025 00:00,ARRECADACAO         ,"630,72",BANCO DO BRASIL (APLICAÇÃO)                       ,173286,2025,paulinia,camara,SMARAPD Câmara de Paulínia
CÂMARA DO MUNICÍPIO DE PAULÍNIA, ,2.1.8.8.1.01.11.008 ,UNIODONTO CAMPINAS                                ,26/02/2025 00:00,ARRECADACAO         ,"688,85",BANCO DO BRASIL (APLICAÇÃO)                       ,173296,2025,paulinia,camara,SMARAPD Câmara de Paulínia
CÂMARA DO MUNICÍPIO DE PAULÍNIA, ,2.1.8.8.3.01.04.001 ,IRRF - FOLHA DE PAGAMENTO                         ,26/02/2025 00:00,ARRECADACAO         ,"146.732,86",BANCO DO BRASIL (APLICAÇÃO)                       ,173293,2025,paulinia,camara,SMARAPD Câmara de Paulínia
CÂMARA DO MUNICÍPIO DE PAULÍNIA, ,2.1.8.8.3.01.04.002 ,IRRF - RETENÇÃO PESSOA JURIDICA                   ,10/02/2025 00:00,ARRECADACAO         ,"204,00",BANCO DO BRASIL (APLICAÇÃO)                       ,171816,2025,paulinia,camara,SMARAPD Câmara de Paulínia
CÂMARA DO MUNICÍPIO DE PAULÍNIA, ,2.1.8.8.3.01.04.002 ,IRRF - RETENÇÃO PESSOA JURIDICA                   ,12/02/2025 00:00,ARRECADACAO         ,"9.671,21",BANCO DO BRASIL (APLICAÇÃO)                       ,171823,2025,paulinia,camara,SMARAPD Câmara de Paulínia
CÂMARA DO MUNICÍPIO DE PAULÍNIA, ,2.1.8.8.3.01.04.002 ,IRRF - RETENÇÃO PESSOA JURIDICA                   ,20/02/2025 00:00,ARRECADACAO         ,"538,53",BANCO DO BRASIL (APLICAÇÃO)                       ,173269,2025,paulinia,camara,SMARAPD Câmara de Paulínia
CÂMARA DO MUNICÍPIO DE PAULÍNIA, ,2.1.8.8.3.01.04.002 ,IRRF - RETENÇÃO PESSOA JURIDICA                   ,27/02/2025 00:00,ARRECADACAO         ,"1.560,00",BANCO DO BRASIL (APLICAÇÃO)                       ,173298,2025,paulinia,camara,SMARAPD Câmara de Paulínia
CÂMARA DO MUNICÍPIO DE PAULÍNIA, ,2.1.8.8.3.01.04.002 ,IRRF - RETENÇÃO PESSOA JURIDICA                   ,27/02/2025 00:00,ARRECADACAO         ,"50,05",BANCO DO BRASIL (APLICAÇÃO)                       ,173300,2025,paulinia,camara,SMARAPD Câmara de Paulínia
CÂMARA DO MUNICÍPIO DE PAULÍNIA, ,2.1.8.8.3.01.04.002 ,IRRF - RETENÇÃO PESSOA JURIDICA                   ,27/02/2025 00:00,ARRECADACAO         ,"1.751,76",BANCO DO BRASIL (APLICAÇÃO)                       ,173301,2025,paulinia,camara,SMARAPD Câmara de Paulínia
CÂMARA DO MUNICÍPIO DE PAULÍNIA, ,2.1.8.8.1.01.99.003 ,DIVERSOS                                          ,26/02/2025 00:00,ARRECADACAO         ,"1.172,99",BANCO DO BRASIL (APLICAÇÃO)                       ,173289,2025,paulinia,camara,SMARAPD Câmara de Paulínia
CÂMARA DO MUNICÍPIO DE PAULÍNIA, ,2.1.8.8.1.01.15.007 ,EMPRÉSTIMO CONSIGNADO SANTANDER (PLANO ADMINISTRAT,26/02/2025 00:00,ARRECADACAO         ,"1.051,64",BANCO DO BRASIL (APLICAÇÃO)                       ,173280,2025,paulinia,camara,SMARAPD Câmara de Paulínia
CÂMARA DO MUNICÍPIO DE PAULÍNIA, ,4.5.1.1.2.02.00.000 ,REPASSE RECEBIDO                                  ,20/02/2025 00:00,ARRECADACAO         ,"3.900.000,00",BANCO DO BRASIL (APLICAÇÃO)                       ,173271,2025,paulinia,camara,SMARAPD Câmara de Paulínia
CÂMARA DO MUNICÍPIO DE PAULÍNIA, ,2.1.8.8.3.01.02.003 ,I.N.S.S.- FOLHA DE PAGAMENTO                      ,13/03/2025 00:00,ARRECADACAO         ,"951,62",BANCO DO BRASIL (APLICAÇÃO)                       ,177121,2025,paulinia,camara,SMARAPD Câmara de Paulínia
CÂMARA DO MUNICÍPIO DE PAULÍNIA, ,2.1.8.8.3.01.04.002 ,IRRF - RETENÇÃO PESSOA JURIDICA                   ,25/03/2025 00:00,ARRECADACAO         ,"50,05",BANCO DO BRASIL (APLICAÇÃO)                       ,178555,2025,paulinia,camara,SMARAPD Câmara de Paulínia
CÂMARA DO MUNICÍPIO DE PAULÍNIA, ,2.1.8.8.3.01.04.002 ,IRRF - RETENÇÃO PESSOA JURIDICA                   ,31/03/2025 00:00,ARRECADACAO         ,"203,99",BANCO DO BRASIL (APLICAÇÃO)                       ,329298,2025,paulinia,camara,SMARAPD Câmara de Paulínia
CÂMARA DO MUNICÍPIO DE PAULÍNIA, ,2.1.8.8.1.01.15.002 ,EMPRÉSTIMO CAIXA ECONOMICA FEDERAL                ,27/03/2025 00:00,ARRECADACAO         ,"19.922,16",BANCO DO BRASIL (APLICAÇÃO)                       ,178795,2025,paulinia,camara,SMARAPD Câmara de Paulínia
CÂMARA DO MUNICÍPIO DE PAULÍNIA, ,2.1.8.8.1.01.11.005 ,SAMARITANO                                        ,27/03/2025 00:00,ARRECADACAO         ,"1.083,44",BANCO DO BRASIL (APLICAÇÃO)                       ,178800,2025,paulinia,camara,SMARAPD Câmara de Paulínia
CÂMARA DO MUNICÍPIO DE PAULÍNIA, ,2.1.8.8.1.01.11.005 ,SAMARITANO                                        ,27/03/2025 00:00,ARRECADACAO         ,"5.547,18",BANCO DO BRASIL (APLICAÇÃO)                       ,178810,2025,paulinia,camara,SMARAPD Câmara de Paulínia
CÂMARA DO MUNICÍPIO DE PAULÍNIA, ,2.1.8.8.1.01.99.001 ,ASMUP                                             ,13/03/2025 00:00,ARRECADACAO         ,"32,90",BANCO DO BRASIL (APLICAÇÃO)                       ,177123,2025,paulinia,camara,SMARAPD Câmara de Paulínia
CÂMARA DO MUNICÍPIO DE PAULÍNIA, ,2.1.8.8.1.01.99.001 ,ASMUP                                             ,27/03/2025 00:00,ARRECADACAO         ,"1.645,00",BANCO DO BRASIL (APLICAÇÃO)                       ,178791,2025,paulinia,camara,SMARAPD Câmara de Paulínia
CÂMARA DO MUNICÍPIO DE PAULÍNIA, ,2.1.8.8.1.01.99.001 ,ASMUP                                             ,27/03/2025 00:00,ARRECADACAO         ,"1.579,20",BANCO DO BRASIL (APLICAÇÃO)                       ,178803,2025,paulinia,camara,SMARAPD Câmara de Paulínia
CÂMARA DO MUNICÍPIO DE PAULÍNIA, ,2.1.8.8.5.01.08.001 ,I.S.S.Q.N. - RETENÇÃO PESSOA JURIDICA             ,17/03/2025 00:00,ARRECADACAO         ,"5.117,54",BANCO DO BRASIL (APLICAÇÃO)                       ,177425,2025,paulinia,camara,SMARAPD Câmara de Paulínia
CÂMARA DO MUNICÍPIO DE PAULÍNIA, ,2.1.8.8.5.01.08.001 ,I.S.S.Q.N. - RETENÇÃO PESSOA JURIDICA             ,31/03/2025 00:00,ARRECADACAO         ,"855,53",BANCO DO BRASIL (APLICAÇÃO)                       ,329299,2025,paulinia,camara,SMARAPD Câmara de Paulínia
CÂMARA DO MUNICÍPIO DE PAULÍNIA, ,2.1.8.8.3.01.04.002 ,IRRF - RETENÇÃO PESSOA JURIDICA                   ,17/03/2025 00:00,ARRECADACAO         ,"1.228,21",BANCO DO BRASIL (APLICAÇÃO)                       ,177426,2025,paulinia,camara,SMARAPD Câmara de Paulínia
CÂMARA DO MUNICÍPIO DE PAULÍNIA, ,2.1.8.8.3.01.04.002 ,IRRF - RETENÇÃO PESSOA JURIDICA                   ,20/03/2025 00:00,ARRECADACAO         ,"538,53",BANCO DO BRASIL (APLICAÇÃO)                       ,178159,2025,paulinia,camara,SMARAPD Câmara de Paulínia
CÂMARA DO MUNICÍPIO DE PAULÍNIA, ,2.1.8.8.3.01.04.002 ,IRRF - RETENÇÃO PESSOA JURIDICA                   ,20/03/2025 00:00,ARRECADACAO         ,"658,41",BANCO DO BRASIL (APLICAÇÃO)                       ,178160,2025,paulinia,camara,SMARAPD Câmara de Paulínia
CÂMARA DO MUNICÍPIO DE PAULÍNIA, ,2.1.8.8.1.01.15.001 ,EMPRÉSTIMO BANCO DO BRASIL                        ,27/03/2025 00:00,ARRECADACAO         ,"9.719,14",BANCO DO BRASIL (APLICAÇÃO)                       ,178806,2025,paulinia,camara,SMARAPD Câmara de Paulínia
CÂMARA DO MUNICÍPIO DE PAULÍNIA, ,2.1.8.8.1.01.99.001 ,ASMUP                                             ,27/03/2025 00:00,ARRECADACAO         ,"32,90",BANCO DO BRASIL (APLICAÇÃO)                       ,178813,2025,paulinia,camara,SMARAPD Câmara de Paulínia
CÂMARA DO MUNICÍPIO DE PAULÍNIA, ,2.1.8.8.1.01.10.001 ,DEPÓSITO JUDICIAL                                 ,27/03/2025 00:00,ARRECADACAO         ,"1.925,15",BANCO DO BRASIL (APLICAÇÃO)                       ,178793,2025,paulinia,camara,SMARAPD Câmara de Paulínia
CÂMARA DO MUNICÍPIO DE PAULÍNIA, ,2.1.8.8.1.01.11.007 ,UNIMED                                            ,27/03/2025 00:00,ARRECADACAO         ,"13.245,39",BANCO DO BRASIL (APLICAÇÃO)                       ,178811,2025,paulinia,camara,SMARAPD Câmara de Paulínia
CÂMARA DO MUNICÍPIO DE PAULÍNIA, ,2.1.8.8.1.01.11.007 ,UNIMED                                            ,27/03/2025 00:00,ARRECADACAO         ,"305,32",BANCO DO BRASIL (APLICAÇÃO)                       ,178816,2025,paulinia,camara,SMARAPD Câmara de Paulínia
CÂMARA DO MUNICÍPIO DE PAULÍNIA, ,2.1.8.8.1.01.11.008 ,UNIODONTO CAMPINAS                                ,13/03/2025 00:00,ARRECADACAO         ,"17,52",BANCO DO BRASIL (APLICAÇÃO)                       ,177126,2025,paulinia,camara,SMARAPD Câmara de Paulínia
CÂMARA DO MUNICÍPIO DE PAULÍNIA, ,2.1.8.8.1.01.11.008 ,UNIODONTO CAMPINAS                                ,27/03/2025 00:00,ARRECADACAO         ,"636,56",BANCO DO BRASIL (APLICAÇÃO)                       ,178802,2025,paulinia,camara,SMARAPD Câmara de Paulínia
CÂMARA DO MUNICÍPIO DE PAULÍNIA, ,2.1.8.8.1.01.11.008 ,UNIODONTO CAMPINAS                                ,27/03/2025 00:00,ARRECADACAO         ,"653,81",BANCO DO BRASIL (APLICAÇÃO)                       ,178812,2025,paulinia,camara,SMARAPD Câmara de Paulínia
CÂMARA DO MUNICÍPIO DE PAULÍNIA, ,2.1.8.8.1.01.11.008 ,UNIODONTO CAMPINAS                                ,27/03/2025 00:00,ARRECADACAO         ,"17,52",BANCO DO BRASIL (APLICAÇÃO)                       ,178817,2025,paulinia,camara,SMARAPD Câmara de Paulínia
CÂMARA DO MUNICÍPIO DE PAULÍNIA, ,2.1.8.8.3.01.04.001 ,IRRF - FOLHA DE PAGAMENTO                         ,13/03/2025 00:00,ARRECADACAO         ,"1.536,12",BANCO DO BRASIL (APLICAÇÃO)                       ,177122,2025,paulinia,camara,SMARAPD Câmara de Paulínia
CÂMARA DO MUNICÍPIO DE PAULÍNIA, ,2.1.8.8.3.01.04.001 ,IRRF - FOLHA DE PAGAMENTO                         ,27/03/2025 00:00,ARRECADACAO         ,"183.388,17",BANCO DO BRASIL (APLICAÇÃO)                       ,178797,2025,paulinia,camara,SMARAPD Câmara de Paulínia
CÂMARA DO MUNICÍPIO DE PAULÍNIA, ,2.1.8.8.3.01.04.002 ,IRRF - RETENÇÃO PESSOA JURIDICA                   ,10/03/2025 00:00,ARRECADACAO         ,"980,34",BANCO DO BRASIL (APLICAÇÃO)                       ,176755,2025,paulinia,camara,SMARAPD Câmara de Paulínia
CÂMARA DO MUNICÍPIO DE PAULÍNIA, ,2.1.8.8.3.01.04.002 ,IRRF - RETENÇÃO PESSOA JURIDICA                   ,10/03/2025 00:00,ARRECADACAO         ,"5,95",BANCO DO BRASIL (APLICAÇÃO)                       ,176756,2025,paulinia,camara,SMARAPD Câmara de Paulínia
CÂMARA DO MUNICÍPIO DE PAULÍNIA, ,2.1.8.8.3.01.04.002 ,IRRF - RETENÇÃO PESSOA JURIDICA                   ,12/03/2025 00:00,ARRECADACAO         ,"105,34",BANCO DO BRASIL (APLICAÇÃO)                       ,176892,2025,paulinia,camara,SMARAPD Câmara de Paulínia
CÂMARA DO MUNICÍPIO DE PAULÍNIA, ,2.1.8.8.1.04.99.002 ,RENDIMENTOS DE APLICAÇÕES FINANCEIRAS             ,31/03/2025 00:00,ARRECADACAO         ,"16.824,36",BANCO DO BRASIL (APLICAÇÃO)                       ,329322,2025,paulinia,camara,SMARAPD Câmara de Paulínia
CÂMARA DO MUNICÍPIO DE PAULÍNIA, ,4.5.1.1.2.02.00.000 ,REPASSE RECEBIDO                                  ,20/03/2025 00:00,ARRECADACAO         ,"3.900.000,00",BANCO DO BRASIL (APLICAÇÃO)                       ,178161,2025,paulinia,camara,SMARAPD Câmara de Paulínia
CÂMARA DO MUNICÍPIO DE PAULÍNIA, ,2.1.8.8.5.01.08.001 ,I.S.S.Q.N. - RETENÇÃO PESSOA JURIDICA             ,25/04/2025 00:00,ARRECADACAO         ,"34,30",BANCO DO BRASIL (APLICAÇÃO)                       ,334657,2025,paulinia,camara,SMARAPD Câmara de Paulínia
CÂMARA DO MUNICÍPIO DE PAULÍNIA, ,2.1.8.8.3.01.04.002 ,IRRF - RETENÇÃO PESSOA JURIDICA                   ,24/04/2025 00:00,ARRECADACAO         ,"352,87",BANCO DO BRASIL (APLICAÇÃO)                       ,334640,2025,paulinia,camara,SMARAPD Câmara de Paulínia
CÂMARA DO MUNICÍPIO DE PAULÍNIA, ,2.1.8.8.3.01.04.002 ,IRRF - RETENÇÃO PESSOA JURIDICA                   ,25/04/2025 00:00,ARRECADACAO         ,"50,05",BANCO DO BRASIL (APLICAÇÃO)                       ,334656,2025,paulinia,camara,SMARAPD Câmara de Paulínia
CÂMARA DO MUNICÍPIO DE PAULÍNIA, ,2.1.8.8.3.01.04.002 ,IRRF - RETENÇÃO PESSOA JURIDICA                   ,28/04/2025 00:00,ARRECADACAO         ,"144,19",BANCO DO BRASIL (APLICAÇÃO)                       ,334732,2025,paulinia,camara,SMARAPD Câmara de Paulínia
CÂMARA DO MUNICÍPIO DE PAULÍNIA, ,2.1.8.8.3.01.04.002 ,IRRF - RETENÇÃO PESSOA JURIDICA                   ,30/04/2025 00:00,ARRECADACAO         ,"498,78",BANCO DO BRASIL (APLICAÇÃO)                       ,335156,2025,paulinia,camara,SMARAPD Câmara de Paulínia
CÂMARA DO MUNICÍPIO DE PAULÍNIA, ,2.1.8.8.3.01.04.001 ,IRRF - FOLHA DE PAGAMENTO                         ,29/04/2025 00:00,ARRECADACAO         ,"185.046,07",BANCO DO BRASIL (APLICAÇÃO)                       ,334837,2025,paulinia,camara,SMARAPD Câmara de Paulínia
CÂMARA DO MUNICÍPIO DE PAULÍNIA, ,2.1.8.8.3.01.04.001 ,IRRF - FOLHA DE PAGAMENTO                         ,29/04/2025 00:00,ARRECADACAO         ,"148.011,33",BANCO DO BRASIL (APLICAÇÃO)                       ,334849,2025,paulinia,camara,SMARAPD Câmara de Paulínia
CÂMARA DO MUNICÍPIO DE PAULÍNIA, ,2.1.8.8.3.01.02.003 ,I.N.S.S.- FOLHA DE PAGAMENTO                      ,29/04/2025 00:00,ARRECADACAO         ,"67.585,60",BANCO DO BRASIL (APLICAÇÃO)                       ,334848,2025,paulinia,camara,SMARAPD Câmara de Paulínia
CÂMARA DO MUNICÍPIO DE PAULÍNIA, ,2.1.8.8.3.01.04.002 ,IRRF - RETENÇÃO PESSOA JURIDICA                   ,03/04/2025 00:00,ARRECADACAO         ,"41,76",BANCO DO BRASIL (APLICAÇÃO)                       ,333027,2025,paulinia,camara,SMARAPD Câmara de Paulínia
CÂMARA DO MUNICÍPIO DE PAULÍNIA, ,2.1.8.8.3.01.04.002 ,IRRF - RETENÇÃO PESSOA JURIDICA                   ,10/04/2025 00:00,ARRECADACAO         ,"538,53",BANCO DO BRASIL (APLICAÇÃO)                       ,333249,2025,paulinia,camara,SMARAPD Câmara de Paulínia
CÂMARA DO MUNICÍPIO DE PAULÍNIA, ,2.1.8.8.3.01.04.002 ,IRRF - RETENÇÃO PESSOA JURIDICA                   ,10/04/2025 00:00,ARRECADACAO         ,"1.228,21",BANCO DO BRASIL (APLICAÇÃO)                       ,333252,2025,paulinia,camara,SMARAPD Câmara de Paulínia
CÂMARA DO MUNICÍPIO DE PAULÍNIA, ,2.1.8.8.3.01.04.002 ,IRRF - RETENÇÃO PESSOA JURIDICA                   ,14/04/2025 00:00,ARRECADACAO         ,"57,00",BANCO DO BRASIL (APLICAÇÃO)                       ,333807,2025,paulinia,camara,SMARAPD Câmara de Paulínia
CÂMARA DO MUNICÍPIO DE PAULÍNIA, ,2.1.8.8.3.01.04.002 ,IRRF - RETENÇÃO PESSOA JURIDICA                   ,16/04/2025 00:00,ARRECADACAO         ,"318,27",BANCO DO BRASIL (APLICAÇÃO)                       ,334247,2025,paulinia,camara,SMARAPD Câmara de Paulínia
CÂMARA DO MUNICÍPIO DE PAULÍNIA, ,2.1.8.8.3.01.04.002 ,IRRF - RETENÇÃO PESSOA JURIDICA                   ,24/04/2025 00:00,ARRECADACAO         ,"555,85",BANCO DO BRASIL (APLICAÇÃO)                       ,334637,2025,paulinia,camara,SMARAPD Câmara de Paulínia
CÂMARA DO MUNICÍPIO DE PAULÍNIA, ,2.1.8.8.1.01.15.002 ,EMPRÉSTIMO CAIXA ECONOMICA FEDERAL                ,29/04/2025 00:00,ARRECADACAO         ,"19.922,16",BANCO DO BRASIL (APLICAÇÃO)                       ,334836,2025,paulinia,camara,SMARAPD Câmara de Paulínia
CÂMARA DO MUNICÍPIO DE PAULÍNIA, ,2.1.8.8.1.01.15.002 ,EMPRÉSTIMO CAIXA ECONOMICA FEDERAL                ,29/04/2025 00:00,ARRECADACAO         ,"5.101,60",BANCO DO BRASIL (APLICAÇÃO)                       ,334847,2025,paulinia,camara,SMARAPD Câmara de Paulínia
CÂMARA DO MUNICÍPIO DE PAULÍNIA, ,2.1.8.8.5.01.08.001 ,I.S.S.Q.N. - RETENÇÃO PESSOA JURIDICA             ,10/04/2025 00:00,ARRECADACAO         ,"635,24",BANCO DO BRASIL (APLICAÇÃO)                       ,333246,2025,paulinia,camara,SMARAPD Câmara de Paulínia
CÂMARA DO MUNICÍPIO DE PAULÍNIA, ,2.1.8.8.5.01.08.001 ,I.S.S.Q.N. - RETENÇÃO PESSOA JURIDICA             ,10/04/2025 00:00,ARRECADACAO         ,"2,70",BANCO DO BRASIL (APLICAÇÃO)                       ,333247,2025,paulinia,camara,SMARAPD Câmara de Paulínia
CÂMARA DO MUNICÍPIO DE PAULÍNIA, ,2.1.8.8.5.01.08.001 ,I.S.S.Q.N. - RETENÇÃO PESSOA JURIDICA             ,10/04/2025 00:00,ARRECADACAO         ,"282,00",BANCO DO BRASIL (APLICAÇÃO)                       ,333248,2025,paulinia,camara,SMARAPD Câmara de Paulínia
CÂMARA DO MUNICÍPIO DE PAULÍNIA, ,2.1.8.8.3.01.04.002 ,IRRF - RETENÇÃO PESSOA JURIDICA                   ,30/04/2025 00:00,ARRECADACAO         ,"204,00",BANCO DO BRASIL (APLICAÇÃO)                       ,335157,2025,paulinia,camara,SMARAPD Câmara de Paulínia
CÂMARA DO MUNICÍPIO DE PAULÍNIA, ,2.1.8.8.1.01.15.001 ,EMPRÉSTIMO BANCO DO BRASIL                        ,29/04/2025 00:00,ARRECADACAO         ,"35.036,34",BANCO DO BRASIL (APLICAÇÃO)                       ,334835,2025,paulinia,camara,SMARAPD Câmara de Paulínia
CÂMARA DO MUNICÍPIO DE PAULÍNIA, ,2.1.8.8.1.01.15.001 ,EMPRÉSTIMO BANCO DO BRASIL                        ,29/04/2025 00:00,ARRECADACAO         ,"7.546,79",BANCO DO BRASIL (APLICAÇÃO)                       ,334846,2025,paulinia,camara,SMARAPD Câmara de Paulínia
CÂMARA DO MUNICÍPIO DE PAULÍNIA, ,2.1.8.8.3.01.02.002 ,I.N.S.S - RETENÇÃO PESSOA JURIDICA                ,04/04/2025 00:00,ARRECADACAO         ,"97,76",BANCO DO BRASIL (APLICAÇÃO)                       ,333028,2025,paulinia,camara,SMARAPD Câmara de Paulínia
CÂMARA DO MUNICÍPIO DE PAULÍNIA, ,2.1.8.8.3.01.02.002 ,I.N.S.S - RETENÇÃO PESSOA JURIDICA                ,10/04/2025 00:00,ARRECADACAO         ,"5.629,30",BANCO DO BRASIL (APLICAÇÃO)                       ,333250,2025,paulinia,camara,SMARAPD Câmara de Paulínia
CÂMARA DO MUNICÍPIO DE PAULÍNIA, ,2.1.8.8.1.01.99.001 ,ASMUP                                             ,09/04/2025 00:00,ARRECADACAO         ,"32,90",BANCO DO BRASIL (APLICAÇÃO)                       ,333198,2025,paulinia,camara,SMARAPD Câmara de Paulínia
CÂMARA DO MUNICÍPIO DE PAULÍNIA, ,2.1.8.8.1.01.99.001 ,ASMUP                                             ,09/04/2025 00:00,ARRECADACAO         ,"32,90",BANCO DO BRASIL (APLICAÇÃO)                       ,333203,2025,paulinia,camara,SMARAPD Câmara de Paulínia
CÂMARA DO MUNICÍPIO DE PAULÍNIA, ,2.1.8.8.1.01.99.001 ,ASMUP                                             ,29/04/2025 00:00,ARRECADACAO         ,"1.677,90",BANCO DO BRASIL (APLICAÇÃO)                       ,334832,2025,paulinia,camara,SMARAPD Câmara de Paulínia
CÂMARA DO MUNICÍPIO DE PAULÍNIA, ,2.1.8.8.1.01.10.001 ,DEPÓSITO JUDICIAL                                 ,29/04/2025 00:00,ARRECADACAO         ,"1.925,15",BANCO DO BRASIL (APLICAÇÃO)                       ,334834,2025,paulinia,camara,SMARAPD Câmara de Paulínia
CÂMARA DO MUNICÍPIO DE PAULÍNIA, ,2.1.8.8.1.01.11.007 ,UNIMED                                            ,29/04/2025 00:00,ARRECADACAO         ,"12.763,93",BANCO DO BRASIL (APLICAÇÃO)                       ,334851,2025,paulinia,camara,SMARAPD Câmara de Paulínia
CÂMARA DO MUNICÍPIO DE PAULÍNIA, ,2.1.8.8.1.01.11.008 ,UNIODONTO CAMPINAS                                ,09/04/2025 00:00,ARRECADACAO         ,"11,68",BANCO DO BRASIL (APLICAÇÃO)                       ,333202,2025,paulinia,camara,SMARAPD Câmara de Paulínia
CÂMARA DO MUNICÍPIO DE PAULÍNIA, ,2.1.8.8.1.01.03.001 ,PAULÍNIA PREVI                                    ,29/04/2025 00:00,ARRECADACAO         ,"114.507,46",BANCO DO BRASIL (APLICAÇÃO)                       ,334839,2025,paulinia,camara,SMARAPD Câmara de Paulínia
CÂMARA DO MUNICÍPIO DE PAULÍNIA, ,2.1.8.8.1.01.99.003 ,DIVERSOS                                          ,29/04/2025 00:00,ARRECADACAO         ,"1.172,99",BANCO DO BRASIL (APLICAÇÃO)                       ,334845,2025,paulinia,camara,SMARAPD Câmara de Paulínia
CÂMARA DO MUNICÍPIO DE PAULÍNIA, ,4.5.1.1.2.02.00.000 ,REPASSE RECEBIDO                                  ,16/04/2025 00:00,ARRECADACAO         ,"3.900.000,00",BANCO DO BRASIL (APLICAÇÃO)                       ,334249,2025,paulinia,camara,SMARAPD Câmara de Paulínia
CÂMARA DO MUNICÍPIO DE PAULÍNIA, ,2.1.8.8.5.01.08.001 ,I.S.S.Q.N. - RETENÇÃO PESSOA JURIDICA             ,12/05/2025 00:00,ARRECADACAO         ,"635,24",BANCO DO BRASIL (APLICAÇÃO)                       ,339431,2025,paulinia,camara,SMARAPD Câmara de Paulínia
CÂMARA DO MUNICÍPIO DE PAULÍNIA, ,2.1.8.8.5.01.08.001 ,I.S.S.Q.N. - RETENÇÃO PESSOA JURIDICA             ,12/05/2025 00:00,ARRECADACAO         ,"5,40",BANCO DO BRASIL (APLICAÇÃO)                       ,339432,2025,paulinia,camara,SMARAPD Câmara de Paulínia
CÂMARA DO MUNICÍPIO DE PAULÍNIA, ,2.1.8.8.5.01.08.001 ,I.S.S.Q.N. - RETENÇÃO PESSOA JURIDICA             ,12/05/2025 00:00,ARRECADACAO         ,"5.117,54",BANCO DO BRASIL (APLICAÇÃO)                       ,339435,2025,paulinia,camara,SMARAPD Câmara de Paulínia
CÂMARA DO MUNICÍPIO DE PAULÍNIA, ,2.1.8.8.5.01.08.001 ,I.S.S.Q.N. - RETENÇÃO PESSOA JURIDICA             ,15/05/2025 00:00,ARRECADACAO         ,"18,46",BANCO DO BRASIL (APLICAÇÃO)                       ,339763,2025,paulinia,camara,SMARAPD Câmara de Paulínia
CÂMARA DO MUNICÍPIO DE PAULÍNIA, ,2.1.8.8.1.01.13.002 ,MENSALIDADE SINDICATO                             ,29/05/2025 00:00,ARRECADACAO         ,"55,00",BANCO DO BRASIL (APLICAÇÃO)                       ,340851,2025,paulinia,camara,SMARAPD Câmara de Paulínia
CÂMARA DO MUNICÍPIO DE PAULÍNIA, ,2.1.8.8.1.01.11.005 ,SAMARITANO                                        ,29/05/2025 00:00,ARRECADACAO         ,"6.061,12",BANCO DO BRASIL (APLICAÇÃO)                       ,340863,2025,paulinia,camara,SMARAPD Câmara de Paulínia
CÂMARA DO MUNICÍPIO DE PAULÍNIA, ,2.1.8.8.3.01.04.002 ,IRRF - RETENÇÃO PESSOA JURIDICA                   ,12/05/2025 00:00,ARRECADACAO         ,"440,44",BANCO DO BRASIL (APLICAÇÃO)                       ,339429,2025,paulinia,camara,SMARAPD Câmara de Paulínia
CÂMARA DO MUNICÍPIO DE PAULÍNIA, ,2.1.8.8.3.01.04.002 ,IRRF - RETENÇÃO PESSOA JURIDICA                   ,12/05/2025 00:00,ARRECADACAO         ,"980,34",BANCO DO BRASIL (APLICAÇÃO)                       ,339430,2025,paulinia,camara,SMARAPD Câmara de Paulínia
CÂMARA DO MUNICÍPIO DE PAULÍNIA, ,2.1.8.8.3.01.04.002 ,IRRF - RETENÇÃO PESSOA JURIDICA                   ,12/05/2025 00:00,ARRECADACAO         ,"1.228,21",BANCO DO BRASIL (APLICAÇÃO)                       ,339436,2025,paulinia,camara,SMARAPD Câmara de Paulínia
CÂMARA DO MUNICÍPIO DE PAULÍNIA, ,2.1.8.8.3.01.04.002 ,IRRF - RETENÇÃO PESSOA JURIDICA                   ,15/05/2025 00:00,ARRECADACAO         ,"148,44",BANCO DO BRASIL (APLICAÇÃO)                       ,339762,2025,paulinia,camara,SMARAPD Câmara de Paulínia
CÂMARA DO MUNICÍPIO DE PAULÍNIA, ,2.1.8.8.3.01.04.002 ,IRRF - RETENÇÃO PESSOA JURIDICA                   ,20/05/2025 00:00,ARRECADACAO         ,"538,43",BANCO DO BRASIL (APLICAÇÃO)                       ,340187,2025,paulinia,camara,SMARAPD Câmara de Paulínia
CÂMARA DO MUNICÍPIO DE PAULÍNIA, ,2.1.8.8.3.01.04.002 ,IRRF - RETENÇÃO PESSOA JURIDICA                   ,30/05/2025 00:00,ARRECADACAO         ,"204,00",BANCO DO BRASIL (APLICAÇÃO)                       ,340924,2025,paulinia,camara,SMARAPD Câmara de Paulínia
CÂMARA DO MUNICÍPIO DE PAULÍNIA, ,2.1.8.8.1.01.15.001 ,EMPRÉSTIMO BANCO DO BRASIL                        ,29/05/2025 00:00,ARRECADACAO         ,"37.226,30",BANCO DO BRASIL (APLICAÇÃO)                       ,340848,2025,paulinia,camara,SMARAPD Câmara de Paulínia
CÂMARA DO MUNICÍPIO DE PAULÍNIA, ,2.1.8.8.1.01.99.001 ,ASMUP                                             ,29/05/2025 00:00,ARRECADACAO         ,"1.743,70",BANCO DO BRASIL (APLICAÇÃO)                       ,340844,2025,paulinia,camara,SMARAPD Câmara de Paulínia
CÂMARA DO MUNICÍPIO DE PAULÍNIA, ,2.1.8.8.1.01.11.007 ,UNIMED                                            ,29/05/2025 00:00,ARRECADACAO         ,"12.317,71",BANCO DO BRASIL (APLICAÇÃO)                       ,340864,2025,paulinia,camara,SMARAPD Câmara de Paulínia
CÂMARA DO MUNICÍPIO DE PAULÍNIA, ,2.1.8.8.1.01.11.008 ,UNIODONTO CAMPINAS                                ,29/05/2025 00:00,ARRECADACAO         ,"683,28",BANCO DO BRASIL (APLICAÇÃO)                       ,340855,2025,paulinia,camara,SMARAPD Câmara de Paulínia
CÂMARA DO MUNICÍPIO DE PAULÍNIA, ,2.1.8.8.1.01.11.008 ,UNIODONTO CAMPINAS                                ,29/05/2025 00:00,ARRECADACAO         ,"735,57",BANCO DO BRASIL (APLICAÇÃO)                       ,340865,2025,paulinia,camara,SMARAPD Câmara de Paulínia
CÂMARA DO MUNICÍPIO DE PAULÍNIA, ,2.1.8.8.3.01.02.003 ,I.N.S.S.- FOLHA DE PAGAMENTO                      ,29/05/2025 00:00,ARRECADACAO         ,"69.403,29",BANCO DO BRASIL (APLICAÇÃO)                       ,340861,2025,paulinia,camara,SMARAPD Câmara de Paulínia
CÂMARA DO MUNICÍPIO DE PAULÍNIA, ,2.1.8.8.3.01.04.001 ,IRRF - FOLHA DE PAGAMENTO                         ,29/05/2025 00:00,ARRECADACAO         ,"162.406,35",BANCO DO BRASIL (APLICAÇÃO)                       ,340862,2025,paulinia,camara,SMARAPD Câmara de Paulínia
CÂMARA DO MUNICÍPIO DE PAULÍNIA, ,2.1.8.8.1.04.99.002 ,RENDIMENTOS DE APLICAÇÕES FINANCEIRAS             ,30/05/2025 00:00,ARRECADACAO         ,"29.998,01",BANCO DO BRASIL (APLICAÇÃO)                       ,340925,2025,paulinia,camara,SMARAPD Câmara de Paulínia
CÂMARA DO MUNICÍPIO DE PAULÍNIA, ,2.1.8.8.1.01.99.003 ,DIVERSOS                                          ,29/05/2025 00:00,ARRECADACAO         ,"1.174,27",BANCO DO BRASIL (APLICAÇÃO)                       ,340858,2025,paulinia,camara,SMARAPD Câmara de Paulínia
CÂMARA DO MUNICÍPIO DE PAULÍNIA, ,2.1.8.8.3.01.02.002 ,I.N.S.S - RETENÇÃO PESSOA JURIDICA                ,12/05/2025 00:00,ARRECADACAO         ,"5.629,30",BANCO DO BRASIL (APLICAÇÃO)                       ,339434,2025,paulinia,camara,SMARAPD Câmara de Paulínia
CÂMARA DO MUNICÍPIO DE PAULÍNIA, ,2.1.8.8.1.01.10.001 ,DEPÓSITO JUDICIAL                                 ,29/05/2025 00:00,ARRECADACAO         ,"1.366,20",BANCO DO BRASIL (APLICAÇÃO)                       ,340845,2025,paulinia,camara,SMARAPD Câmara de Paulínia
CÂMARA DO MUNICÍPIO DE PAULÍNIA, ,2.1.8.8.5.01.08.001 ,I.S.S.Q.N. - RETENÇÃO PESSOA JURIDICA             ,02/06/2025 00:00,ARRECADACAO         ,"292,50",BANCO DO BRASIL (APLICAÇÃO)                       ,341136,2025,paulinia,camara,SMARAPD Câmara de Paulínia
CÂMARA DO MUNICÍPIO DE PAULÍNIA, ,2.1.8.8.5.01.08.001 ,I.S.S.Q.N. - RETENÇÃO PESSOA JURIDICA             ,16/06/2025 00:00,ARRECADACAO         ,"24,07",BANCO DO BRASIL (APLICAÇÃO)                       ,346075,2025,paulinia,camara,SMARAPD Câmara de Paulínia
CÂMARA DO MUNICÍPIO DE PAULÍNIA, ,2.1.8.8.5.01.08.001 ,I.S.S.Q.N. - RETENÇÃO PESSOA JURIDICA             ,18/06/2025 00:00,ARRECADACAO         ,"1,80",BANCO DO BRASIL (APLICAÇÃO)                       ,346711,2025,paulinia,camara,SMARAPD Câmara de Paulínia
CÂMARA DO MUNICÍPIO DE PAULÍNIA, ,2.1.8.8.1.01.15.002 ,EMPRÉSTIMO CAIXA ECONOMICA FEDERAL                ,25/06/2025 00:00,ARRECADACAO         ,"19.570,43",BANCO DO BRASIL (APLICAÇÃO)                       ,347238,2025,paulinia,camara,SMARAPD Câmara de Paulínia
CÂMARA DO MUNICÍPIO DE PAULÍNIA, ,2.1.8.8.1.01.11.005 ,SAMARITANO                                        ,25/06/2025 00:00,ARRECADACAO         ,"1.083,44",BANCO DO BRASIL (APLICAÇÃO)                       ,347242,2025,paulinia,camara,SMARAPD Câmara de Paulínia
CÂMARA DO MUNICÍPIO DE PAULÍNIA, ,2.1.8.8.1.01.11.005 ,SAMARITANO                                        ,25/06/2025 00:00,ARRECADACAO         ,"6.436,21",BANCO DO BRASIL (APLICAÇÃO)                       ,347252,2025,paulinia,camara,SMARAPD Câmara de Paulínia
CÂMARA DO MUNICÍPIO DE PAULÍNIA, ,2.1.8.8.1.01.99.001 ,ASMUP                                             ,25/06/2025 00:00,ARRECADACAO         ,"1.677,90",BANCO DO BRASIL (APLICAÇÃO)                       ,347245,2025,paulinia,camara,SMARAPD Câmara de Paulínia
CÂMARA DO MUNICÍPIO DE PAULÍNIA, ,2.1.8.8.1.01.15.001 ,EMPRÉSTIMO BANCO DO BRASIL                        ,25/06/2025 00:00,ARRECADACAO         ,"17.260,27",BANCO DO BRASIL (APLICAÇÃO)                       ,347248,2025,paulinia,camara,SMARAPD Câmara de Paulínia
CÂMARA DO MUNICÍPIO DE PAULÍNIA, ,2.1.8.8.1.01.11.007 ,UNIMED                                            ,25/06/2025 00:00,ARRECADACAO         ,"24.805,40",BANCO DO BRASIL (APLICAÇÃO)                       ,347243,2025,paulinia,camara,SMARAPD Câmara de Paulínia
CÂMARA DO MUNICÍPIO DE PAULÍNIA, ,2.1.8.8.3.01.02.003 ,I.N.S.S.- FOLHA DE PAGAMENTO                      ,25/06/2025 00:00,ARRECADACAO         ,"70.286,91",BANCO DO BRASIL (APLICAÇÃO)                       ,347250,2025,paulinia,camara,SMARAPD Câmara de Paulínia
CÂMARA DO MUNICÍPIO DE PAULÍNIA, ,2.1.8.8.1.01.11.007 ,UNIMED                                            ,25/06/2025 00:00,ARRECADACAO         ,"12.701,95",BANCO DO BRASIL (APLICAÇÃO)                       ,347253,2025,paulinia,camara,SMARAPD Câmara de Paulínia
CÂMARA DO MUNICÍPIO DE PAULÍNIA, ,2.1.8.8.3.01.04.001 ,IRRF - FOLHA DE PAGAMENTO                         ,25/06/2025 00:00,ARRECADACAO         ,"216.212,46",BANCO DO BRASIL (APLICAÇÃO)                       ,347239,2025,paulinia,camara,SMARAPD Câmara de Paulínia
CÂMARA DO MUNICÍPIO DE PAULÍNIA, ,2.1.8.8.3.01.04.001 ,IRRF - FOLHA DE PAGAMENTO                         ,25/06/2025 00:00,ARRECADACAO         ,"157.289,56",BANCO DO BRASIL (APLICAÇÃO)                       ,347251,2025,paulinia,camara,SMARAPD Câmara de Paulínia
CÂMARA DO MUNICÍPIO DE PAULÍNIA, ,2.1.8.8.3.01.04.002 ,IRRF - RETENÇÃO PESSOA JURIDICA                   ,10/06/2025 00:00,ARRECADACAO         ,"440,44",BANCO DO BRASIL (APLICAÇÃO)                       ,345482,2025,paulinia,camara,SMARAPD Câmara de Paulínia
CÂMARA DO MUNICÍPIO DE PAULÍNIA, ,2.1.8.8.3.01.04.002 ,IRRF - RETENÇÃO PESSOA JURIDICA                   ,10/06/2025 00:00,ARRECADACAO         ,"32,67",BANCO DO BRASIL (APLICAÇÃO)                       ,345483,2025,paulinia,camara,SMARAPD Câmara de Paulínia
CÂMARA DO MUNICÍPIO DE PAULÍNIA, ,2.1.8.8.3.01.04.002 ,IRRF - RETENÇÃO PESSOA JURIDICA                   ,10/06/2025 00:00,ARRECADACAO         ,"538,53",BANCO DO BRASIL (APLICAÇÃO)                       ,345486,2025,paulinia,camara,SMARAPD Câmara de Paulínia
CÂMARA DO MUNICÍPIO DE PAULÍNIA, ,2.1.8.8.3.01.04.002 ,IRRF - RETENÇÃO PESSOA JURIDICA                   ,10/06/2025 00:00,ARRECADACAO         ,"1.228,21",BANCO DO BRASIL (APLICAÇÃO)                       ,345490,2025,paulinia,camara,SMARAPD Câmara de Paulínia
CÂMARA DO MUNICÍPIO DE PAULÍNIA, ,2.1.8.8.3.01.04.002 ,IRRF - RETENÇÃO PESSOA JURIDICA                   ,11/06/2025 00:00,ARRECADACAO         ,"980,34",BANCO DO BRASIL (APLICAÇÃO)                       ,345762,2025,paulinia,camara,SMARAPD Câmara de Paulínia
CÂMARA DO MUNICÍPIO DE PAULÍNIA, ,2.1.8.8.3.01.04.002 ,IRRF - RETENÇÃO PESSOA JURIDICA                   ,13/06/2025 00:00,ARRECADACAO         ,"10.212,06",BANCO DO BRASIL (APLICAÇÃO)                       ,345872,2025,paulinia,camara,SMARAPD Câmara de Paulínia
CÂMARA DO MUNICÍPIO DE PAULÍNIA, ,2.1.8.8.3.01.04.002 ,IRRF - RETENÇÃO PESSOA JURIDICA                   ,24/06/2025 00:00,ARRECADACAO         ,"351,24",BANCO DO BRASIL (APLICAÇÃO)                       ,346952,2025,paulinia,camara,SMARAPD Câmara de Paulínia
CÂMARA DO MUNICÍPIO DE PAULÍNIA, ,2.1.8.8.3.01.04.002 ,IRRF - RETENÇÃO PESSOA JURIDICA                   ,30/06/2025 00:00,ARRECADACAO         ,"204,00",BANCO DO BRASIL (APLICAÇÃO)                       ,347396,2025,paulinia,camara,SMARAPD Câmara de Paulínia
CÂMARA DO MUNICÍPIO DE PAULÍNIA, ,2.1.8.8.3.01.02.002 ,I.N.S.S - RETENÇÃO PESSOA JURIDICA                ,10/06/2025 00:00,ARRECADACAO         ,"5.629,30",BANCO DO BRASIL (APLICAÇÃO)                       ,345488,2025,paulinia,camara,SMARAPD Câmara de Paulínia
CÂMARA DO MUNICÍPIO DE PAULÍNIA, ,2.1.8.8.3.01.02.002 ,I.N.S.S - RETENÇÃO PESSOA JURIDICA                ,23/06/2025 00:00,ARRECADACAO         ,"510,91",BANCO DO BRASIL (APLICAÇÃO)                       ,346904,2025,paulinia,camara,SMARAPD Câmara de Paulínia
CÂMARA DO MUNICÍPIO DE PAULÍNIA, ,4.5.1.1.2.02.00.000 ,REPASSE RECEBIDO                                  ,18/06/2025 00:00,ARRECADACAO         ,"3.900.000,00",BANCO DO BRASIL (APLICAÇÃO)                       ,346715,2025,paulinia,camara,SMARAPD Câmara de Paulínia
CÂMARA DO MUNICÍPIO DE PAULÍNIA, ,2.1.8.8.1.01.10.001 ,DEPÓSITO JUDICIAL                                 ,25/06/2025 00:00,ARRECADACAO         ,"1.366,20",BANCO DO BRASIL (APLICAÇÃO)                       ,347234,2025,paulinia,camara,SMARAPD Câmara de Paulínia
CÂMARA DO MUNICÍPIO DE PAULÍNIA, ,2.1.8.8.1.01.10.001 ,DEPÓSITO JUDICIAL                                 ,25/06/2025 00:00,ARRECADACAO         ,"1.518,00",BANCO DO BRASIL (APLICAÇÃO)                       ,347235,2025,paulinia,camara,SMARAPD Câmara de Paulínia
CÂMARA DO MUNICÍPIO DE PAULÍNIA, ,2.1.8.8.1.01.10.001 ,DEPÓSITO JUDICIAL                                 ,25/06/2025 00:00,ARRECADACAO         ,"2.583,38",BANCO DO BRASIL (APLICAÇÃO)                       ,347246,2025,paulinia,camara,SMARAPD Câmara de Paulínia
CÂMARA DO MUNICÍPIO DE PAULÍNIA, ,2.1.8.8.5.01.08.001 ,I.S.S.Q.N. - RETENÇÃO PESSOA JURIDICA             ,03/07/2025 00:00,ARRECADACAO         ,"954,04",BANCO DO BRASIL (APLICAÇÃO)                       ,347724,2025,paulinia,camara,SMARAPD Câmara de Paulínia
CÂMARA DO MUNICÍPIO DE PAULÍNIA, ,2.1.8.8.5.01.08.001 ,I.S.S.Q.N. - RETENÇÃO PESSOA JURIDICA             ,10/07/2025 00:00,ARRECADACAO         ,"635,24",BANCO DO BRASIL (APLICAÇÃO)                       ,351843,2025,paulinia,camara,SMARAPD Câmara de Paulínia
CÂMARA DO MUNICÍPIO DE PAULÍNIA, ,2.1.8.8.5.01.08.001 ,I.S.S.Q.N. - RETENÇÃO PESSOA JURIDICA             ,10/07/2025 00:00,ARRECADACAO         ,"3,00",BANCO DO BRASIL (APLICAÇÃO)                       ,351844,2025,paulinia,camara,SMARAPD Câmara de Paulínia
CÂMARA DO MUNICÍPIO DE PAULÍNIA, ,2.1.8.8.1.01.15.002 ,EMPRÉSTIMO CAIXA ECONOMICA FEDERAL                ,29/07/2025 00:00,ARRECADACAO         ,"21.101,57",BANCO DO BRASIL (APLICAÇÃO)                       ,353476,2025,paulinia,camara,SMARAPD Câmara de Paulínia
CÂMARA DO MUNICÍPIO DE PAULÍNIA, ,2.1.8.8.1.01.15.002 ,EMPRÉSTIMO CAIXA ECONOMICA FEDERAL                ,29/07/2025 00:00,ARRECADACAO         ,"5.101,60",BANCO DO BRASIL (APLICAÇÃO)                       ,353487,2025,paulinia,camara,SMARAPD Câmara de Paulínia
CÂMARA DO MUNICÍPIO DE PAULÍNIA, ,2.1.8.8.1.01.11.005 ,SAMARITANO                                        ,29/07/2025 00:00,ARRECADACAO         ,"1.083,44",BANCO DO BRASIL (APLICAÇÃO)                       ,353480,2025,paulinia,camara,SMARAPD Câmara de Paulínia
CÂMARA DO MUNICÍPIO DE PAULÍNIA, ,2.1.8.8.1.01.11.005 ,SAMARITANO                                        ,29/07/2025 00:00,ARRECADACAO         ,"6.090,89",BANCO DO BRASIL (APLICAÇÃO)                       ,353490,2025,paulinia,camara,SMARAPD Câmara de Paulínia
CÂMARA DO MUNICÍPIO DE PAULÍNIA, ,2.1.8.8.1.01.99.001 ,ASMUP                                             ,29/07/2025 00:00,ARRECADACAO         ,"1.710,80",BANCO DO BRASIL (APLICAÇÃO)                       ,353471,2025,paulinia,camara,SMARAPD Câmara de Paulínia
CÂMARA DO MUNICÍPIO DE PAULÍNIA, ,2.1.8.8.1.01.99.001 ,ASMUP                                             ,29/07/2025 00:00,ARRECADACAO         ,"1.677,90",BANCO DO BRASIL (APLICAÇÃO)                       ,353483,2025,paulinia,camara,SMARAPD Câmara de Paulínia
CÂMARA DO MUNICÍPIO DE PAULÍNIA, ,2.1.8.8.1.01.15.001 ,EMPRÉSTIMO BANCO DO BRASIL                        ,29/07/2025 00:00,ARRECADACAO         ,"40.162,36",BANCO DO BRASIL (APLICAÇÃO)                       ,353475,2025,paulinia,camara,SMARAPD Câmara de Paulínia
CÂMARA DO MUNICÍPIO DE PAULÍNIA, ,2.1.8.8.1.01.10.001 ,DEPÓSITO JUDICIAL                                 ,29/07/2025 00:00,ARRECADACAO         ,"2.583,38",BANCO DO BRASIL (APLICAÇÃO)                       ,353484,2025,paulinia,camara,SMARAPD Câmara de Paulínia
CÂMARA DO MUNICÍPIO DE PAULÍNIA, ,2.1.8.8.1.01.11.008 ,UNIODONTO CAMPINAS                                ,29/07/2025 00:00,ARRECADACAO         ,"677,44",BANCO DO BRASIL (APLICAÇÃO)                       ,353482,2025,paulinia,camara,SMARAPD Câmara de Paulínia
CÂMARA DO MUNICÍPIO DE PAULÍNIA, ,2.1.8.8.1.01.11.007 ,UNIMED                                            ,14/07/2025 00:00,ARRECADACAO         ,"1.571,08",BANCO DO BRASIL (APLICAÇÃO)                       ,351972,2025,paulinia,camara,SMARAPD Câmara de Paulínia
CÂMARA DO MUNICÍPIO DE PAULÍNIA, ,2.1.8.8.1.01.11.007 ,UNIMED                                            ,29/07/2025 00:00,ARRECADACAO         ,"23.573,58",BANCO DO BRASIL (APLICAÇÃO)                       ,353481,2025,paulinia,camara,SMARAPD Câmara de Paulínia
CÂMARA DO MUNICÍPIO DE PAULÍNIA, ,2.1.8.8.1.01.11.007 ,UNIMED                                            ,29/07/2025 00:00,ARRECADACAO         ,"13.079,75",BANCO DO BRASIL (APLICAÇÃO)                       ,353491,2025,paulinia,camara,SMARAPD Câmara de Paulínia
CÂMARA DO MUNICÍPIO DE PAULÍNIA, ,2.1.8.8.3.01.04.001 ,IRRF - FOLHA DE PAGAMENTO                         ,29/07/2025 00:00,ARRECADACAO         ,"183.916,41",BANCO DO BRASIL (APLICAÇÃO)                       ,353477,2025,paulinia,camara,SMARAPD Câmara de Paulínia
CÂMARA DO MUNICÍPIO DE PAULÍNIA, ,2.1.8.8.5.01.08.001 ,I.S.S.Q.N. - RETENÇÃO PESSOA JURIDICA             ,10/07/2025 00:00,ARRECADACAO         ,"25,00",BANCO DO BRASIL (APLICAÇÃO)                       ,351849,2025,paulinia,camara,SMARAPD Câmara de Paulínia
CÂMARA DO MUNICÍPIO DE PAULÍNIA, ,2.1.8.8.5.01.08.001 ,I.S.S.Q.N. - RETENÇÃO PESSOA JURIDICA             ,10/07/2025 00:00,ARRECADACAO         ,"18,46",BANCO DO BRASIL (APLICAÇÃO)                       ,351851,2025,paulinia,camara,SMARAPD Câmara de Paulínia
CÂMARA DO MUNICÍPIO DE PAULÍNIA, ,2.1.8.8.3.01.04.002 ,IRRF - RETENÇÃO PESSOA JURIDICA                   ,10/07/2025 00:00,ARRECADACAO         ,"1.228,21",BANCO DO BRASIL (APLICAÇÃO)                       ,351858,2025,paulinia,camara,SMARAPD Câmara de Paulínia
CÂMARA DO MUNICÍPIO DE PAULÍNIA, ,2.1.8.8.3.01.04.002 ,IRRF - RETENÇÃO PESSOA JURIDICA                   ,21/07/2025 00:00,ARRECADACAO         ,"656,40",BANCO DO BRASIL (APLICAÇÃO)                       ,353073,2025,paulinia,camara,SMARAPD Câmara de Paulínia
CÂMARA DO MUNICÍPIO DE PAULÍNIA, ,2.1.8.8.3.01.04.002 ,IRRF - RETENÇÃO PESSOA JURIDICA                   ,24/07/2025 00:00,ARRECADACAO         ,"42,66",BANCO DO BRASIL (APLICAÇÃO)                       ,353241,2025,paulinia,camara,SMARAPD Câmara de Paulínia
CÂMARA DO MUNICÍPIO DE PAULÍNIA, ,2.1.8.8.3.01.04.002 ,IRRF - RETENÇÃO PESSOA JURIDICA                   ,24/07/2025 00:00,ARRECADACAO         ,"347,00",BANCO DO BRASIL (APLICAÇÃO)                       ,353243,2025,paulinia,camara,SMARAPD Câmara de Paulínia
CÂMARA DO MUNICÍPIO DE PAULÍNIA, ,2.1.8.8.3.01.04.002 ,IRRF - RETENÇÃO PESSOA JURIDICA                   ,25/07/2025 00:00,ARRECADACAO         ,"50,05",BANCO DO BRASIL (APLICAÇÃO)                       ,353364,2025,paulinia,camara,SMARAPD Câmara de Paulínia
CÂMARA DO MUNICÍPIO DE PAULÍNIA, ,2.1.8.8.3.01.04.002 ,IRRF - RETENÇÃO PESSOA JURIDICA                   ,30/07/2025 00:00,ARRECADACAO         ,"204,00",BANCO DO BRASIL (APLICAÇÃO)                       ,353499,2025,paulinia,camara,SMARAPD Câmara de Paulínia
CÂMARA DO MUNICÍPIO DE PAULÍNIA, ,2.1.8.8.3.01.04.002 ,IRRF - RETENÇÃO PESSOA JURIDICA                   ,07/07/2025 00:00,ARRECADACAO         ,"24,78",BANCO DO BRASIL (APLICAÇÃO)                       ,347793,2025,paulinia,camara,SMARAPD Câmara de Paulínia
CÂMARA DO MUNICÍPIO DE PAULÍNIA, ,2.1.8.8.3.01.04.002 ,IRRF - RETENÇÃO PESSOA JURIDICA                   ,10/07/2025 00:00,ARRECADACAO         ,"440,44",BANCO DO BRASIL (APLICAÇÃO)                       ,351840,2025,paulinia,camara,SMARAPD Câmara de Paulínia
CÂMARA DO MUNICÍPIO DE PAULÍNIA, ,2.1.8.8.3.01.04.002 ,IRRF - RETENÇÃO PESSOA JURIDICA                   ,10/07/2025 00:00,ARRECADACAO         ,"695,14",BANCO DO BRASIL (APLICAÇÃO)                       ,351847,2025,paulinia,camara,SMARAPD Câmara de Paulínia
CÂMARA DO MUNICÍPIO DE PAULÍNIA, ,2.1.8.8.3.01.04.002 ,IRRF - RETENÇÃO PESSOA JURIDICA                   ,10/07/2025 00:00,ARRECADACAO         ,"48,00",BANCO DO BRASIL (APLICAÇÃO)                       ,351850,2025,paulinia,camara,SMARAPD Câmara de Paulínia
CÂMARA DO MUNICÍPIO DE PAULÍNIA, ,2.1.8.8.1.01.03.001 ,PAULÍNIA PREVI                                    ,29/07/2025 00:00,ARRECADACAO         ,"119.867,31",BANCO DO BRASIL (APLICAÇÃO)                       ,353479,2025,paulinia,camara,SMARAPD Câmara de Paulínia
CÂMARA DO MUNICÍPIO DE PAULÍNIA, ,2.1.8.8.1.04.99.002 ,RENDIMENTOS DE APLICAÇÕES FINANCEIRAS             ,31/07/2025 00:00,ARRECADACAO         ,"34.098,84",BANCO DO BRASIL (APLICAÇÃO)                       ,353543,2025,paulinia,camara,SMARAPD Câmara de Paulínia
CÂMARA DO MUNICÍPIO DE PAULÍNIA, ,2.1.8.8.1.01.99.003 ,DIVERSOS                                          ,29/07/2025 00:00,ARRECADACAO         ,"1.174,27",BANCO DO BRASIL (APLICAÇÃO)                       ,353485,2025,paulinia,camara,SMARAPD Câmara de Paulínia
CÂMARA DO MUNICÍPIO DE PAULÍNIA, ,2.1.8.8.1.04.99.001 ,REMUNERAÇÃO DE AÇÕES                              ,25/07/2025 00:00,ARRECADACAO         ,"155,34",BANCO DO BRASIL (APLICAÇÃO)                       ,353363,2025,paulinia,camara,SMARAPD Câmara de Paulínia
CÂMARA DO MUNICÍPIO DE PAULÍNIA, ,2.1.8.8.3.01.02.002 ,I.N.S.S - RETENÇÃO PESSOA JURIDICA                ,24/07/2025 00:00,ARRECADACAO         ,"97,76",BANCO DO BRASIL (APLICAÇÃO)                       ,353239,2025,paulinia,camara,SMARAPD Câmara de Paulínia
CÂMARA DO MUNICÍPIO DE PAULÍNIA, ,4.5.1.1.2.02.00.000 ,REPASSE RECEBIDO                                  ,18/07/2025 00:00,ARRECADACAO         ,"3.900.000,00",BANCO DO BRASIL (APLICAÇÃO)                       ,352955,2025,paulinia,camara,SMARAPD Câmara de Paulínia
CÂMARA DO MUNICÍPIO DE PAULÍNIA, ,2.1.8.8.1.01.10.001 ,DEPÓSITO JUDICIAL                                 ,29/07/2025 00:00,ARRECADACAO         ,"1.366,20",BANCO DO BRASIL (APLICAÇÃO)                       ,353472,2025,paulinia,camara,SMARAPD Câmara de Paulínia
CÂMARA DO MUNICÍPIO DE PAULÍNIA, ,2.1.8.8.1.01.10.001 ,DEPÓSITO JUDICIAL                                 ,29/07/2025 00:00,ARRECADACAO         ,"820,12",BANCO DO BRASIL (APLICAÇÃO)                       ,353473,2025,paulinia,camara,SMARAPD Câmara de Paulínia
CÂMARA DO MUNICÍPIO DE PAULÍNIA, ,2.1.8.8.1.01.13.002 ,MENSALIDADE SINDICATO                             ,28/08/2025 00:00,ARRECADACAO         ,"65,00",BANCO DO BRASIL (APLICAÇÃO)                       ,359796,2025,paulinia,camara,SMARAPD Câmara de Paulínia
CÂMARA DO MUNICÍPIO DE PAULÍNIA, ,2.1.8.8.1.01.15.002 ,EMPRÉSTIMO CAIXA ECONOMICA FEDERAL                ,28/08/2025 00:00,ARRECADACAO         ,"21.101,57",BANCO DO BRASIL (APLICAÇÃO)                       ,359794,2025,paulinia,camara,SMARAPD Câmara de Paulínia
CÂMARA DO MUNICÍPIO DE PAULÍNIA, ,2.1.8.8.1.01.11.005 ,SAMARITANO                                        ,28/08/2025 00:00,ARRECADACAO         ,"6.090,89",BANCO DO BRASIL (APLICAÇÃO)                       ,359808,2025,paulinia,camara,SMARAPD Câmara de Paulínia
CÂMARA DO MUNICÍPIO DE PAULÍNIA, ,2.1.8.8.1.01.99.001 ,ASMUP                                             ,07/08/2025 00:00,ARRECADACAO         ,"32,90",BANCO DO BRASIL (APLICAÇÃO)                       ,357973,2025,paulinia,camara,SMARAPD Câmara de Paulínia
CÂMARA DO MUNICÍPIO DE PAULÍNIA, ,2.1.8.8.1.01.99.001 ,ASMUP                                             ,28/08/2025 00:00,ARRECADACAO         ,"1.710,80",BANCO DO BRASIL (APLICAÇÃO)                       ,359789,2025,paulinia,camara,SMARAPD Câmara de Paulínia
CÂMARA DO MUNICÍPIO DE PAULÍNIA, ,2.1.8.8.1.01.99.001 ,ASMUP                                             ,28/08/2025 00:00,ARRECADACAO         ,"1.710,80",BANCO DO BRASIL (APLICAÇÃO)                       ,359801,2025,paulinia,camara,SMARAPD Câmara de Paulínia
CÂMARA DO MUNICÍPIO DE PAULÍNIA, ,2.1.8.8.1.01.15.001 ,EMPRÉSTIMO BANCO DO BRASIL                        ,28/08/2025 00:00,ARRECADACAO         ,"38.295,82",BANCO DO BRASIL (APLICAÇÃO)                       ,359793,2025,paulinia,camara,SMARAPD Câmara de Paulínia
CÂMARA DO MUNICÍPIO DE PAULÍNIA, ,2.1.8.8.1.01.15.001 ,EMPRÉSTIMO BANCO DO BRASIL                        ,28/08/2025 00:00,ARRECADACAO         ,"16.215,14",BANCO DO BRASIL (APLICAÇÃO)                       ,359804,2025,paulinia,camara,SMARAPD Câmara de Paulínia
CÂMARA DO MUNICÍPIO DE PAULÍNIA, ,2.1.8.8.1.01.10.001 ,DEPÓSITO JUDICIAL                                 ,28/08/2025 00:00,ARRECADACAO         ,"1.366,20",BANCO DO BRASIL (APLICAÇÃO)                       ,359790,2025,paulinia,camara,SMARAPD Câmara de Paulínia
CÂMARA DO MUNICÍPIO DE PAULÍNIA, ,2.1.8.8.1.01.10.001 ,DEPÓSITO JUDICIAL                                 ,28/08/2025 00:00,ARRECADACAO         ,"1.966,17",BANCO DO BRASIL (APLICAÇÃO)                       ,359791,2025,paulinia,camara,SMARAPD Câmara de Paulínia
CÂMARA DO MUNICÍPIO DE PAULÍNIA, ,2.1.8.8.1.01.10.001 ,DEPÓSITO JUDICIAL                                 ,28/08/2025 00:00,ARRECADACAO         ,"2.583,38",BANCO DO BRASIL (APLICAÇÃO)                       ,359802,2025,paulinia,camara,SMARAPD Câmara de Paulínia
CÂMARA DO MUNICÍPIO DE PAULÍNIA, ,2.1.8.8.1.01.11.008 ,UNIODONTO CAMPINAS                                ,07/08/2025 00:00,ARRECADACAO         ,"5,84",BANCO DO BRASIL (APLICAÇÃO)                       ,357977,2025,paulinia,camara,SMARAPD Câmara de Paulínia
CÂMARA DO MUNICÍPIO DE PAULÍNIA, ,2.1.8.8.3.01.02.003 ,I.N.S.S.- FOLHA DE PAGAMENTO                      ,07/08/2025 00:00,ARRECADACAO         ,"552,16",BANCO DO BRASIL (APLICAÇÃO)                       ,357974,2025,paulinia,camara,SMARAPD Câmara de Paulínia
CÂMARA DO MUNICÍPIO DE PAULÍNIA, ,2.1.8.8.1.01.11.007 ,UNIMED                                            ,07/08/2025 00:00,ARRECADACAO         ,"108,06",BANCO DO BRASIL (APLICAÇÃO)                       ,357976,2025,paulinia,camara,SMARAPD Câmara de Paulínia
CÂMARA DO MUNICÍPIO DE PAULÍNIA, ,2.1.8.8.1.01.11.007 ,UNIMED                                            ,28/08/2025 00:00,ARRECADACAO         ,"13.953,82",BANCO DO BRASIL (APLICAÇÃO)                       ,359809,2025,paulinia,camara,SMARAPD Câmara de Paulínia
CÂMARA DO MUNICÍPIO DE PAULÍNIA, ,2.1.8.8.3.01.04.001 ,IRRF - FOLHA DE PAGAMENTO                         ,28/08/2025 00:00,ARRECADACAO         ,"186.701,04",BANCO DO BRASIL (APLICAÇÃO)                       ,359795,2025,paulinia,camara,SMARAPD Câmara de Paulínia
CÂMARA DO MUNICÍPIO DE PAULÍNIA, ,2.1.8.8.5.01.08.001 ,I.S.S.Q.N. - RETENÇÃO PESSOA JURIDICA             ,07/08/2025 00:00,ARRECADACAO         ,"990,34",BANCO DO BRASIL (APLICAÇÃO)                       ,357981,2025,paulinia,camara,SMARAPD Câmara de Paulínia
CÂMARA DO MUNICÍPIO DE PAULÍNIA, ,2.1.8.8.5.01.08.001 ,I.S.S.Q.N. - RETENÇÃO PESSOA JURIDICA             ,11/08/2025 00:00,ARRECADACAO         ,"5.117,54",BANCO DO BRASIL (APLICAÇÃO)                       ,358205,2025,paulinia,camara,SMARAPD Câmara de Paulínia
CÂMARA DO MUNICÍPIO DE PAULÍNIA, ,2.1.8.8.5.01.08.001 ,I.S.S.Q.N. - RETENÇÃO PESSOA JURIDICA             ,14/08/2025 00:00,ARRECADACAO         ,"10,00",BANCO DO BRASIL (APLICAÇÃO)                       ,358428,2025,paulinia,camara,SMARAPD Câmara de Paulínia
CÂMARA DO MUNICÍPIO DE PAULÍNIA, ,2.1.8.8.3.01.04.002 ,IRRF - RETENÇÃO PESSOA JURIDICA                   ,01/08/2025 00:00,ARRECADACAO         ,"857,46",BANCO DO BRASIL (APLICAÇÃO)                       ,353635,2025,paulinia,camara,SMARAPD Câmara de Paulínia
CÂMARA DO MUNICÍPIO DE PAULÍNIA, ,2.1.8.8.3.01.04.002 ,IRRF - RETENÇÃO PESSOA JURIDICA                   ,11/08/2025 00:00,ARRECADACAO         ,"440,44",BANCO DO BRASIL (APLICAÇÃO)                       ,358198,2025,paulinia,camara,SMARAPD Câmara de Paulínia
CÂMARA DO MUNICÍPIO DE PAULÍNIA, ,2.1.8.8.3.01.04.002 ,IRRF - RETENÇÃO PESSOA JURIDICA                   ,11/08/2025 00:00,ARRECADACAO         ,"1.228,21",BANCO DO BRASIL (APLICAÇÃO)                       ,358206,2025,paulinia,camara,SMARAPD Câmara de Paulínia
CÂMARA DO MUNICÍPIO DE PAULÍNIA, ,2.1.8.8.3.01.04.002 ,IRRF - RETENÇÃO PESSOA JURIDICA                   ,20/08/2025 00:00,ARRECADACAO         ,"31,86",BANCO DO BRASIL (APLICAÇÃO)                       ,359358,2025,paulinia,camara,SMARAPD Câmara de Paulínia
CÂMARA DO MUNICÍPIO DE PAULÍNIA, ,2.1.8.8.3.01.04.002 ,IRRF - RETENÇÃO PESSOA JURIDICA                   ,20/08/2025 00:00,ARRECADACAO         ,"648,65",BANCO DO BRASIL (APLICAÇÃO)                       ,359360,2025,paulinia,camara,SMARAPD Câmara de Paulínia
CÂMARA DO MUNICÍPIO DE PAULÍNIA, ,2.1.8.8.3.01.04.002 ,IRRF - RETENÇÃO PESSOA JURIDICA                   ,25/08/2025 00:00,ARRECADACAO         ,"28,32",BANCO DO BRASIL (APLICAÇÃO)                       ,359540,2025,paulinia,camara,SMARAPD Câmara de Paulínia
CÂMARA DO MUNICÍPIO DE PAULÍNIA, ,2.1.8.8.3.01.04.002 ,IRRF - RETENÇÃO PESSOA JURIDICA                   ,25/08/2025 00:00,ARRECADACAO         ,"50,05",BANCO DO BRASIL (APLICAÇÃO)                       ,359541,2025,paulinia,camara,SMARAPD Câmara de Paulínia
CÂMARA DO MUNICÍPIO DE PAULÍNIA, ,2.1.8.8.1.04.99.002 ,RENDIMENTOS DE APLICAÇÕES FINANCEIRAS             ,29/08/2025 00:00,ARRECADACAO         ,"33.262,42",BANCO DO BRASIL (APLICAÇÃO)                       ,363542,2025,paulinia,camara,SMARAPD Câmara de Paulínia
CÂMARA DO MUNICÍPIO DE PAULÍNIA, ,2.1.8.8.1.01.99.003 ,DIVERSOS                                          ,28/08/2025 00:00,ARRECADACAO         ,"1.174,27",BANCO DO BRASIL (APLICAÇÃO)                       ,359803,2025,paulinia,camara,SMARAPD Câmara de Paulínia
CÂMARA DO MUNICÍPIO DE PAULÍNIA, ,2.1.8.8.1.04.99.001 ,REMUNERAÇÃO DE AÇÕES                              ,25/08/2025 00:00,ARRECADACAO         ,"114,95",BANCO DO BRASIL (APLICAÇÃO)                       ,359539,2025,paulinia,camara,SMARAPD Câmara de Paulínia
CÂMARA DO MUNICÍPIO DE PAULÍNIA, ,2.1.8.8.3.01.02.002 ,I.N.S.S - RETENÇÃO PESSOA JURIDICA                ,07/08/2025 00:00,ARRECADACAO         ,"1.703,03",BANCO DO BRASIL (APLICAÇÃO)                       ,357978,2025,paulinia,camara,SMARAPD Câmara de Paulínia
CÂMARA DO MUNICÍPIO DE PAULÍNIA, ,2.1.8.8.1.01.11.008 ,UNIODONTO CAMPINAS                                ,28/08/2025 00:00,ARRECADACAO         ,"811,49",BANCO DO BRASIL (APLICAÇÃO)                       ,359810,2025,paulinia,camara,SMARAPD Câmara de Paulínia
CÂMARA DO MUNICÍPIO DE PAULÍNIA, ,2.1.8.8.1.01.13.002 ,MENSALIDADE SINDICATO                             ,29/09/2025 00:00,ARRECADACAO         ,"65,00",BANCO DO BRASIL (APLICAÇÃO)                       ,366321,2025,paulinia,camara,SMARAPD Câmara de Paulínia
CÂMARA DO MUNICÍPIO DE PAULÍNIA, ,2.1.8.8.1.01.10.001 ,DEPÓSITO JUDICIAL                                 ,29/09/2025 00:00,ARRECADACAO         ,"3.053,11",BANCO DO BRASIL (APLICAÇÃO)                       ,366316,2025,paulinia,camara,SMARAPD Câmara de Paulínia
CÂMARA DO MUNICÍPIO DE PAULÍNIA, ,2.1.8.8.1.01.10.001 ,DEPÓSITO JUDICIAL                                 ,29/09/2025 00:00,ARRECADACAO         ,"2.583,38",BANCO DO BRASIL (APLICAÇÃO)                       ,366327,2025,paulinia,camara,SMARAPD Câmara de Paulínia
CÂMARA DO MUNICÍPIO DE PAULÍNIA, ,2.1.8.8.1.01.99.001 ,ASMUP                                             ,29/09/2025 00:00,ARRECADACAO         ,"1.710,80",BANCO DO BRASIL (APLICAÇÃO)                       ,366314,2025,paulinia,camara,SMARAPD Câmara de Paulínia
CÂMARA DO MUNICÍPIO DE PAULÍNIA, ,2.1.8.8.1.01.11.007 ,UNIMED                                            ,29/09/2025 00:00,ARRECADACAO         ,"24.807,36",BANCO DO BRASIL (APLICAÇÃO)                       ,366324,2025,paulinia,camara,SMARAPD Câmara de Paulínia
CÂMARA DO MUNICÍPIO DE PAULÍNIA, ,2.1.8.8.3.01.04.001 ,IRRF - FOLHA DE PAGAMENTO                         ,04/09/2025 00:00,ARRECADACAO         ,"743,14",BANCO DO BRASIL (APLICAÇÃO)                       ,364086,2025,paulinia,camara,SMARAPD Câmara de Paulínia
CÂMARA DO MUNICÍPIO DE PAULÍNIA, ,2.1.8.8.3.01.04.001 ,IRRF - FOLHA DE PAGAMENTO                         ,29/09/2025 00:00,ARRECADACAO         ,"169.793,78",BANCO DO BRASIL (APLICAÇÃO)                       ,366332,2025,paulinia,camara,SMARAPD Câmara de Paulínia
CÂMARA DO MUNICÍPIO DE PAULÍNIA, ,2.1.8.8.3.01.02.003 ,I.N.S.S.- FOLHA DE PAGAMENTO                      ,10/09/2025 00:00,ARRECADACAO         ,"5.629,30",BANCO DO BRASIL (APLICAÇÃO)                       ,364381,2025,paulinia,camara,SMARAPD Câmara de Paulínia
CÂMARA DO MUNICÍPIO DE PAULÍNIA, ,2.1.8.8.3.01.02.003 ,I.N.S.S.- FOLHA DE PAGAMENTO                      ,29/09/2025 00:00,ARRECADACAO         ,"70.286,91",BANCO DO BRASIL (APLICAÇÃO)                       ,366331,2025,paulinia,camara,SMARAPD Câmara de Paulínia
CÂMARA DO MUNICÍPIO DE PAULÍNIA, ,2.1.8.8.3.01.04.002 ,IRRF - RETENÇÃO PESSOA JURIDICA                   ,01/09/2025 00:00,ARRECADACAO         ,"521,69",BANCO DO BRASIL (APLICAÇÃO)                       ,363850,2025,paulinia,camara,SMARAPD Câmara de Paulínia
CÂMARA DO MUNICÍPIO DE PAULÍNIA, ,2.1.8.8.3.01.04.002 ,IRRF - RETENÇÃO PESSOA JURIDICA                   ,10/09/2025 00:00,ARRECADACAO         ,"980,34",BANCO DO BRASIL (APLICAÇÃO)                       ,364376,2025,paulinia,camara,SMARAPD Câmara de Paulínia
CÂMARA DO MUNICÍPIO DE PAULÍNIA, ,2.1.8.8.3.01.04.002 ,IRRF - RETENÇÃO PESSOA JURIDICA                   ,10/09/2025 00:00,ARRECADACAO         ,"853,36",BANCO DO BRASIL (APLICAÇÃO)                       ,364377,2025,paulinia,camara,SMARAPD Câmara de Paulínia
CÂMARA DO MUNICÍPIO DE PAULÍNIA, ,2.1.8.8.3.01.04.002 ,IRRF - RETENÇÃO PESSOA JURIDICA                   ,10/09/2025 00:00,ARRECADACAO         ,"34,38",BANCO DO BRASIL (APLICAÇÃO)                       ,364378,2025,paulinia,camara,SMARAPD Câmara de Paulínia
CÂMARA DO MUNICÍPIO DE PAULÍNIA, ,2.1.8.8.3.01.04.002 ,IRRF - RETENÇÃO PESSOA JURIDICA                   ,10/09/2025 00:00,ARRECADACAO         ,"1.228,21",BANCO DO BRASIL (APLICAÇÃO)                       ,364383,2025,paulinia,camara,SMARAPD Câmara de Paulínia
CÂMARA DO MUNICÍPIO DE PAULÍNIA, ,2.1.8.8.3.01.04.002 ,IRRF - RETENÇÃO PESSOA JURIDICA                   ,12/09/2025 00:00,ARRECADACAO         ,"10.212,06",BANCO DO BRASIL (APLICAÇÃO)                       ,364503,2025,paulinia,camara,SMARAPD Câmara de Paulínia
CÂMARA DO MUNICÍPIO DE PAULÍNIA, ,2.1.8.8.3.01.04.002 ,IRRF - RETENÇÃO PESSOA JURIDICA                   ,19/09/2025 00:00,ARRECADACAO         ,"684,70",BANCO DO BRASIL (APLICAÇÃO)                       ,365546,2025,paulinia,camara,SMARAPD Câmara de Paulínia
CÂMARA DO MUNICÍPIO DE PAULÍNIA, ,2.1.8.8.3.01.04.002 ,IRRF - RETENÇÃO PESSOA JURIDICA                   ,25/09/2025 00:00,ARRECADACAO         ,"50,05",BANCO DO BRASIL (APLICAÇÃO)                       ,365865,2025,paulinia,camara,SMARAPD Câmara de Paulínia
CÂMARA DO MUNICÍPIO DE PAULÍNIA, ,2.1.8.8.3.01.04.002 ,IRRF - RETENÇÃO PESSOA JURIDICA                   ,30/09/2025 00:00,ARRECADACAO         ,"15,85",BANCO DO BRASIL (APLICAÇÃO)                       ,366336,2025,paulinia,camara,SMARAPD Câmara de Paulínia
CÂMARA DO MUNICÍPIO DE PAULÍNIA, ,2.1.8.8.5.01.08.001 ,I.S.S.Q.N. - RETENÇÃO PESSOA JURIDICA             ,05/09/2025 00:00,ARRECADACAO         ,"18,46",BANCO DO BRASIL (APLICAÇÃO)                       ,364136,2025,paulinia,camara,SMARAPD Câmara de Paulínia
CÂMARA DO MUNICÍPIO DE PAULÍNIA, ,2.1.8.8.5.01.08.001 ,I.S.S.Q.N. - RETENÇÃO PESSOA JURIDICA             ,10/09/2025 00:00,ARRECADACAO         ,"5.117,54",BANCO DO BRASIL (APLICAÇÃO)                       ,364382,2025,paulinia,camara,SMARAPD Câmara de Paulínia
CÂMARA DO MUNICÍPIO DE PAULÍNIA, ,2.1.8.8.1.01.03.001 ,PAULÍNIA PREVI                                    ,29/09/2025 00:00,ARRECADACAO         ,"136.215,06",BANCO DO BRASIL (APLICAÇÃO)                       ,366322,2025,paulinia,camara,SMARAPD Câmara de Paulínia
CÂMARA DO MUNICÍPIO DE PAULÍNIA, ,2.1.8.8.1.04.99.001 ,REMUNERAÇÃO DE AÇÕES                              ,25/09/2025 00:00,ARRECADACAO         ,"77,67",BANCO DO BRASIL (APLICAÇÃO)                       ,365864,2025,paulinia,camara,SMARAPD Câmara de Paulínia
CÂMARA DO MUNICÍPIO DE PAULÍNIA, ,2.1.8.8.1.01.11.008 ,UNIODONTO CAMPINAS                                ,29/09/2025 00:00,ARRECADACAO         ,"677,44",BANCO DO BRASIL (APLICAÇÃO)                       ,366325,2025,paulinia,camara,SMARAPD Câmara de Paulínia
CÂMARA DO MUNICÍPIO DE PAULÍNIA, ,2.1.8.8.1.01.15.001 ,EMPRÉSTIMO BANCO DO BRASIL                        ,24/10/2025 00:00,ARRECADACAO         ,"34.751,79",BANCO DO BRASIL (APLICAÇÃO)                       ,371644,2025,paulinia,camara,SMARAPD Câmara de Paulínia
CÂMARA DO MUNICÍPIO DE PAULÍNIA, ,2.1.8.8.1.01.10.001 ,DEPÓSITO JUDICIAL                                 ,24/10/2025 00:00,ARRECADACAO         ,"1.366,20",BANCO DO BRASIL (APLICAÇÃO)                       ,371641,2025,paulinia,camara,SMARAPD Câmara de Paulínia
CÂMARA DO MUNICÍPIO DE PAULÍNIA, ,2.1.8.8.1.01.10.001 ,DEPÓSITO JUDICIAL                                 ,24/10/2025 00:00,ARRECADACAO         ,"2.914,68",BANCO DO BRASIL (APLICAÇÃO)                       ,371642,2025,paulinia,camara,SMARAPD Câmara de Paulínia
CÂMARA DO MUNICÍPIO DE PAULÍNIA, ,2.1.8.8.1.01.99.001 ,ASMUP                                             ,09/10/2025 00:00,ARRECADACAO         ,"32,90",BANCO DO BRASIL (APLICAÇÃO)                       ,370709,2025,paulinia,camara,SMARAPD Câmara de Paulínia
CÂMARA DO MUNICÍPIO DE PAULÍNIA, ,2.1.8.8.1.01.99.001 ,ASMUP                                             ,14/10/2025 00:00,ARRECADACAO         ,"32,90",BANCO DO BRASIL (APLICAÇÃO)                       ,371210,2025,paulinia,camara,SMARAPD Câmara de Paulínia
CÂMARA DO MUNICÍPIO DE PAULÍNIA, ,2.1.8.8.1.01.11.007 ,UNIMED                                            ,14/10/2025 00:00,ARRECADACAO         ,"342,47",BANCO DO BRASIL (APLICAÇÃO)                       ,371214,2025,paulinia,camara,SMARAPD Câmara de Paulínia
CÂMARA DO MUNICÍPIO DE PAULÍNIA, ,2.1.8.8.1.01.11.007 ,UNIMED                                            ,24/10/2025 00:00,ARRECADACAO         ,"24.527,03",BANCO DO BRASIL (APLICAÇÃO)                       ,371649,2025,paulinia,camara,SMARAPD Câmara de Paulínia
CÂMARA DO MUNICÍPIO DE PAULÍNIA, ,2.1.8.8.1.01.11.007 ,UNIMED                                            ,24/10/2025 00:00,ARRECADACAO         ,"15.019,32",BANCO DO BRASIL (APLICAÇÃO)                       ,371659,2025,paulinia,camara,SMARAPD Câmara de Paulínia
CÂMARA DO MUNICÍPIO DE PAULÍNIA, ,2.1.8.8.3.01.04.001 ,IRRF - FOLHA DE PAGAMENTO                         ,09/10/2025 00:00,ARRECADACAO         ,"142,41",BANCO DO BRASIL (APLICAÇÃO)                       ,370707,2025,paulinia,camara,SMARAPD Câmara de Paulínia
CÂMARA DO MUNICÍPIO DE PAULÍNIA, ,2.1.8.8.3.01.04.001 ,IRRF - FOLHA DE PAGAMENTO                         ,14/10/2025 00:00,ARRECADACAO         ,"421,90",BANCO DO BRASIL (APLICAÇÃO)                       ,371215,2025,paulinia,camara,SMARAPD Câmara de Paulínia
CÂMARA DO MUNICÍPIO DE PAULÍNIA, ,2.1.8.8.3.01.04.001 ,IRRF - FOLHA DE PAGAMENTO                         ,24/10/2025 00:00,ARRECADACAO         ,"242.858,24",BANCO DO BRASIL (APLICAÇÃO)                       ,371646,2025,paulinia,camara,SMARAPD Câmara de Paulínia
CÂMARA DO MUNICÍPIO DE PAULÍNIA, ,2.1.8.8.3.01.04.001 ,IRRF - FOLHA DE PAGAMENTO                         ,24/10/2025 00:00,ARRECADACAO         ,"157.875,44",BANCO DO BRASIL (APLICAÇÃO)                       ,371657,2025,paulinia,camara,SMARAPD Câmara de Paulínia
CÂMARA DO MUNICÍPIO DE PAULÍNIA, ,2.1.8.8.3.01.02.003 ,I.N.S.S.- FOLHA DE PAGAMENTO                      ,24/10/2025 00:00,ARRECADACAO         ,"69.925,95",BANCO DO BRASIL (APLICAÇÃO)                       ,371656,2025,paulinia,camara,SMARAPD Câmara de Paulínia
CÂMARA DO MUNICÍPIO DE PAULÍNIA, ,2.1.8.8.5.01.08.001 ,I.S.S.Q.N. - RETENÇÃO PESSOA JURIDICA             ,06/10/2025 00:00,ARRECADACAO         ,"24,00",BANCO DO BRASIL (APLICAÇÃO)                       ,370447,2025,paulinia,camara,SMARAPD Câmara de Paulínia
CÂMARA DO MUNICÍPIO DE PAULÍNIA, ,2.1.8.8.5.01.08.001 ,I.S.S.Q.N. - RETENÇÃO PESSOA JURIDICA             ,06/10/2025 00:00,ARRECADACAO         ,"18,46",BANCO DO BRASIL (APLICAÇÃO)                       ,370448,2025,paulinia,camara,SMARAPD Câmara de Paulínia
CÂMARA DO MUNICÍPIO DE PAULÍNIA, ,2.1.8.8.5.01.08.001 ,I.S.S.Q.N. - RETENÇÃO PESSOA JURIDICA             ,09/10/2025 00:00,ARRECADACAO         ,"774,11",BANCO DO BRASIL (APLICAÇÃO)                       ,370771,2025,paulinia,camara,SMARAPD Câmara de Paulínia
CÂMARA DO MUNICÍPIO DE PAULÍNIA, ,2.1.8.8.3.01.04.002 ,IRRF - RETENÇÃO PESSOA JURIDICA                   ,10/10/2025 00:00,ARRECADACAO         ,"980,34",BANCO DO BRASIL (APLICAÇÃO)                       ,370823,2025,paulinia,camara,SMARAPD Câmara de Paulínia
CÂMARA DO MUNICÍPIO DE PAULÍNIA, ,2.1.8.8.3.01.04.002 ,IRRF - RETENÇÃO PESSOA JURIDICA                   ,10/10/2025 00:00,ARRECADACAO         ,"91,20",BANCO DO BRASIL (APLICAÇÃO)                       ,370825,2025,paulinia,camara,SMARAPD Câmara de Paulínia
CÂMARA DO MUNICÍPIO DE PAULÍNIA, ,2.1.8.8.3.01.04.002 ,IRRF - RETENÇÃO PESSOA JURIDICA                   ,10/10/2025 00:00,ARRECADACAO         ,"1.228,21",BANCO DO BRASIL (APLICAÇÃO)                       ,370828,2025,paulinia,camara,SMARAPD Câmara de Paulínia
CÂMARA DO MUNICÍPIO DE PAULÍNIA, ,2.1.8.8.3.01.04.002 ,IRRF - RETENÇÃO PESSOA JURIDICA                   ,20/10/2025 00:00,ARRECADACAO         ,"792,00",BANCO DO BRASIL (APLICAÇÃO)                       ,371412,2025,paulinia,camara,SMARAPD Câmara de Paulínia
CÂMARA DO MUNICÍPIO DE PAULÍNIA, ,2.1.8.8.1.04.99.002 ,RENDIMENTOS DE APLICAÇÕES FINANCEIRAS             ,31/10/2025 00:00,ARRECADACAO         ,"43.388,57",BANCO DO BRASIL (APLICAÇÃO)                       ,376320,2025,paulinia,camara,SMARAPD Câmara de Paulínia
CÂMARA DO MUNICÍPIO DE PAULÍNIA, ,2.1.8.8.3.01.04.002 ,IRRF - RETENÇÃO PESSOA JURIDICA                   ,21/10/2025 00:00,ARRECADACAO         ,"42,66",BANCO DO BRASIL (APLICAÇÃO)                       ,371521,2025,paulinia,camara,SMARAPD Câmara de Paulínia
CÂMARA DO MUNICÍPIO DE PAULÍNIA, ,2.1.8.8.3.01.04.002 ,IRRF - RETENÇÃO PESSOA JURIDICA                   ,23/10/2025 00:00,ARRECADACAO         ,"31,86",BANCO DO BRASIL (APLICAÇÃO)                       ,371587,2025,paulinia,camara,SMARAPD Câmara de Paulínia
CÂMARA DO MUNICÍPIO DE PAULÍNIA, ,2.1.8.8.3.01.04.002 ,IRRF - RETENÇÃO PESSOA JURIDICA                   ,24/10/2025 00:00,ARRECADACAO         ,"50,05",BANCO DO BRASIL (APLICAÇÃO)                       ,371661,2025,paulinia,camara,SMARAPD Câmara de Paulínia
CÂMARA DO MUNICÍPIO DE PAULÍNIA, ,2.1.8.8.3.01.04.002 ,IRRF - RETENÇÃO PESSOA JURIDICA                   ,30/10/2025 00:00,ARRECADACAO         ,"204,00",BANCO DO BRASIL (APLICAÇÃO)                       ,371924,2025,paulinia,camara,SMARAPD Câmara de Paulínia
CÂMARA DO MUNICÍPIO DE PAULÍNIA, ,2.1.8.8.1.01.03.001 ,PAULÍNIA PREVI                                    ,14/10/2025 00:00,ARRECADACAO         ,"2.827,89",BANCO DO BRASIL (APLICAÇÃO)                       ,371213,2025,paulinia,camara,SMARAPD Câmara de Paulínia
CÂMARA DO MUNICÍPIO DE PAULÍNIA, ,2.1.8.8.1.04.99.001 ,REMUNERAÇÃO DE AÇÕES                              ,31/10/2025 00:00,ARRECADACAO         ,"62,13",BANCO DO BRASIL (APLICAÇÃO)                       ,376374,2025,paulinia,camara,SMARAPD Câmara de Paulínia
CÂMARA DO MUNICÍPIO DE PAULÍNIA, ,2.1.8.8.3.01.02.002 ,I.N.S.S - RETENÇÃO PESSOA JURIDICA                ,21/10/2025 00:00,ARRECADACAO         ,"97,76",BANCO DO BRASIL (APLICAÇÃO)                       ,371522,2025,paulinia,camara,SMARAPD Câmara de Paulínia
CÂMARA DO MUNICÍPIO DE PAULÍNIA, ,2.1.8.8.1.01.11.008 ,UNIODONTO CAMPINAS                                ,24/10/2025 00:00,ARRECADACAO         ,"677,44",BANCO DO BRASIL (APLICAÇÃO)                       ,371650,2025,paulinia,camara,SMARAPD Câmara de Paulínia
CÂMARA DO MUNICÍPIO DE PAULÍNIA, ,2.1.8.8.1.01.11.008 ,UNIODONTO CAMPINAS                                ,24/10/2025 00:00,ARRECADACAO         ,"904,90",BANCO DO BRASIL (APLICAÇÃO)                       ,371660,2025,paulinia,camara,SMARAPD Câmara de Paulínia
CÂMARA DO MUNICÍPIO DE PAULÍNIA, ,4.5.1.1.2.02.00.000 ,REPASSE RECEBIDO                                  ,20/10/2025 00:00,ARRECADACAO         ,"3.900.000,00",BANCO DO BRASIL (APLICAÇÃO)                       ,371413,2025,paulinia,camara,SMARAPD Câmara de Paulínia
CÂMARA DO MUNICÍPIO DE PAULÍNIA, ,2.1.8.8.1.01.11.005 ,SAMARITANO                                        ,09/10/2025 00:00,ARRECADACAO         ,"99,72",BANCO DO BRASIL (APLICAÇÃO)                       ,370710,2025,paulinia,camara,SMARAPD Câmara de Paulínia
CÂMARA DO MUNICÍPIO DE PAULÍNIA, ,2.1.8.8.1.01.99.001 ,ASMUP                                             ,27/11/2025 00:00,ARRECADACAO         ,"1.776,60",BANCO DO BRASIL (APLICAÇÃO)                       ,378632,2025,paulinia,camara,SMARAPD Câmara de Paulínia
CÂMARA DO MUNICÍPIO DE PAULÍNIA, ,2.1.8.8.1.01.11.007 ,UNIMED                                            ,27/11/2025 00:00,ARRECADACAO         ,"15.225,20",BANCO DO BRASIL (APLICAÇÃO)                       ,378640,2025,paulinia,camara,SMARAPD Câmara de Paulínia
CÂMARA DO MUNICÍPIO DE PAULÍNIA, ,2.1.8.8.3.01.04.001 ,IRRF - FOLHA DE PAGAMENTO                         ,27/11/2025 00:00,ARRECADACAO         ,"243.680,65",BANCO DO BRASIL (APLICAÇÃO)                       ,378627,2025,paulinia,camara,SMARAPD Câmara de Paulínia
CÂMARA DO MUNICÍPIO DE PAULÍNIA, ,2.1.8.8.3.01.04.002 ,IRRF - RETENÇÃO PESSOA JURIDICA                   ,24/11/2025 00:00,ARRECADACAO         ,"255,13",BANCO DO BRASIL (APLICAÇÃO)                       ,378138,2025,paulinia,camara,SMARAPD Câmara de Paulínia
CÂMARA DO MUNICÍPIO DE PAULÍNIA, ,2.1.8.8.3.01.04.002 ,IRRF - RETENÇÃO PESSOA JURIDICA                   ,25/11/2025 00:00,ARRECADACAO         ,"50,05",BANCO DO BRASIL (APLICAÇÃO)                       ,378320,2025,paulinia,camara,SMARAPD Câmara de Paulínia
CÂMARA DO MUNICÍPIO DE PAULÍNIA, ,2.1.8.8.3.01.04.002 ,IRRF - RETENÇÃO PESSOA JURIDICA                   ,28/11/2025 00:00,ARRECADACAO         ,"204,00",BANCO DO BRASIL (APLICAÇÃO)                       ,378643,2025,paulinia,camara,SMARAPD Câmara de Paulínia
CÂMARA DO MUNICÍPIO DE PAULÍNIA, ,2.1.8.8.3.01.04.002 ,IRRF - RETENÇÃO PESSOA JURIDICA                   ,28/11/2025 00:00,ARRECADACAO         ,"595,20",BANCO DO BRASIL (APLICAÇÃO)                       ,378644,2025,paulinia,camara,SMARAPD Câmara de Paulínia
CÂMARA DO MUNICÍPIO DE PAULÍNIA, ,2.1.8.8.5.01.08.001 ,I.S.S.Q.N. - RETENÇÃO PESSOA JURIDICA             ,10/11/2025 00:00,ARRECADACAO         ,"18,46",BANCO DO BRASIL (APLICAÇÃO)                       ,376907,2025,paulinia,camara,SMARAPD Câmara de Paulínia
CÂMARA DO MUNICÍPIO DE PAULÍNIA, ,2.1.8.8.5.01.08.001 ,I.S.S.Q.N. - RETENÇÃO PESSOA JURIDICA             ,10/11/2025 00:00,ARRECADACAO         ,"25,00",BANCO DO BRASIL (APLICAÇÃO)                       ,376908,2025,paulinia,camara,SMARAPD Câmara de Paulínia
CÂMARA DO MUNICÍPIO DE PAULÍNIA, ,2.1.8.8.5.01.08.001 ,I.S.S.Q.N. - RETENÇÃO PESSOA JURIDICA             ,13/11/2025 00:00,ARRECADACAO         ,"60,32",BANCO DO BRASIL (APLICAÇÃO)                       ,377373,2025,paulinia,camara,SMARAPD Câmara de Paulínia
CÂMARA DO MUNICÍPIO DE PAULÍNIA, ,2.1.8.8.1.04.99.002 ,RENDIMENTOS DE APLICAÇÕES FINANCEIRAS             ,28/11/2025 00:00,ARRECADACAO         ,"35.516,04",BANCO DO BRASIL (APLICAÇÃO)                       ,378645,2025,paulinia,camara,SMARAPD Câmara de Paulínia
CÂMARA DO MUNICÍPIO DE PAULÍNIA, ,2.1.8.8.3.01.04.002 ,IRRF - RETENÇÃO PESSOA JURIDICA                   ,10/11/2025 00:00,ARRECADACAO         ,"980,34",BANCO DO BRASIL (APLICAÇÃO)                       ,376904,2025,paulinia,camara,SMARAPD Câmara de Paulínia
CÂMARA DO MUNICÍPIO DE PAULÍNIA, ,2.1.8.8.3.01.04.002 ,IRRF - RETENÇÃO PESSOA JURIDICA                   ,10/11/2025 00:00,ARRECADACAO         ,"34,38",BANCO DO BRASIL (APLICAÇÃO)                       ,376905,2025,paulinia,camara,SMARAPD Câmara de Paulínia
CÂMARA DO MUNICÍPIO DE PAULÍNIA, ,2.1.8.8.3.01.04.002 ,IRRF - RETENÇÃO PESSOA JURIDICA                   ,10/11/2025 00:00,ARRECADACAO         ,"91,20",BANCO DO BRASIL (APLICAÇÃO)                       ,376910,2025,paulinia,camara,SMARAPD Câmara de Paulínia
CÂMARA DO MUNICÍPIO DE PAULÍNIA, ,2.1.8.8.1.01.15.002 ,EMPRÉSTIMO CAIXA ECONOMICA FEDERAL                ,27/11/2025 00:00,ARRECADACAO         ,"7.402,68",BANCO DO BRASIL (APLICAÇÃO)                       ,378636,2025,paulinia,camara,SMARAPD Câmara de Paulínia
CÂMARA DO MUNICÍPIO DE PAULÍNIA, ,2.1.8.8.1.04.99.001 ,REMUNERAÇÃO DE AÇÕES                              ,19/11/2025 00:00,ARRECADACAO         ,"217,48",BANCO DO BRASIL (APLICAÇÃO)                       ,377888,2025,paulinia,camara,SMARAPD Câmara de Paulínia
CÂMARA DO MUNICÍPIO DE PAULÍNIA, ,2.1.8.8.3.01.02.002 ,I.N.S.S - RETENÇÃO PESSOA JURIDICA                ,07/11/2025 00:00,ARRECADACAO         ,"1.703,04",BANCO DO BRASIL (APLICAÇÃO)                       ,376859,2025,paulinia,camara,SMARAPD Câmara de Paulínia
CÂMARA DO MUNICÍPIO DE PAULÍNIA, ,2.1.8.8.3.01.02.002 ,I.N.S.S - RETENÇÃO PESSOA JURIDICA                ,10/11/2025 00:00,ARRECADACAO         ,"5.629,30",BANCO DO BRASIL (APLICAÇÃO)                       ,376911,2025,paulinia,camara,SMARAPD Câmara de Paulínia
CÂMARA DO MUNICÍPIO DE PAULÍNIA, ,2.1.8.8.1.01.11.008 ,UNIODONTO CAMPINAS                                ,27/11/2025 00:00,ARRECADACAO         ,"677,44",BANCO DO BRASIL (APLICAÇÃO)                       ,378631,2025,paulinia,camara,SMARAPD Câmara de Paulínia
CÂMARA DO MUNICÍPIO DE PAULÍNIA, ,2.1.8.8.1.01.10.001 ,DEPÓSITO JUDICIAL                                 ,27/11/2025 00:00,ARRECADACAO         ,"1.518,00",BANCO DO BRASIL (APLICAÇÃO)                       ,378624,2025,paulinia,camara,SMARAPD Câmara de Paulínia
CÂMARA DO MUNICÍPIO DE PAULÍNIA, ,2.1.8.8.1.01.10.001 ,DEPÓSITO JUDICIAL                                 ,27/11/2025 00:00,ARRECADACAO         ,"2.583,38",BANCO DO BRASIL (APLICAÇÃO)                       ,378633,2025,paulinia,camara,SMARAPD Câmara de Paulínia
CÂMARA DO MUNICÍPIO DE PAULÍNIA, ,2.1.8.8.1.01.11.005 ,SAMARITANO                                        ,27/11/2025 00:00,ARRECADACAO         ,"1.194,55",BANCO DO BRASIL (APLICAÇÃO)                       ,378629,2025,paulinia,camara,SMARAPD Câmara de Paulínia
CÂMARA DO MUNICÍPIO DE PAULÍNIA, ,2.1.8.8.1.01.11.005 ,SAMARITANO                                        ,27/11/2025 00:00,ARRECADACAO         ,"6.960,12",BANCO DO BRASIL (APLICAÇÃO)                       ,378639,2025,paulinia,camara,SMARAPD Câmara de Paulínia
CÂMARA DO MUNICÍPIO DE PAULÍNIA, ,2.1.8.8.5.01.08.001 ,I.S.S.Q.N. - RETENÇÃO PESSOA JURIDICA             ,08/12/2025 00:00,ARRECADACAO         ,"774,11",BANCO DO BRASIL (APLICAÇÃO)                       ,383158,2025,paulinia,camara,SMARAPD Câmara de Paulínia
CÂMARA DO MUNICÍPIO DE PAULÍNIA, ,2.1.8.8.5.01.08.001 ,I.S.S.Q.N. - RETENÇÃO PESSOA JURIDICA             ,08/12/2025 00:00,ARRECADACAO         ,"18,46",BANCO DO BRASIL (APLICAÇÃO)                       ,383160,2025,paulinia,camara,SMARAPD Câmara de Paulínia
CÂMARA DO MUNICÍPIO DE PAULÍNIA, ,2.1.8.8.5.01.08.001 ,I.S.S.Q.N. - RETENÇÃO PESSOA JURIDICA             ,16/12/2025 00:00,ARRECADACAO         ,"30,85",BANCO DO BRASIL (APLICAÇÃO)                       ,384349,2025,paulinia,camara,SMARAPD Câmara de Paulínia
CÂMARA DO MUNICÍPIO DE PAULÍNIA, ,2.1.8.8.5.01.08.001 ,I.S.S.Q.N. - RETENÇÃO PESSOA JURIDICA             ,17/12/2025 00:00,ARRECADACAO         ,"166,79",BANCO DO BRASIL (APLICAÇÃO)                       ,384401,2025,paulinia,camara,SMARAPD Câmara de Paulínia
CÂMARA DO MUNICÍPIO DE PAULÍNIA, ,2.1.8.8.1.01.15.001 ,EMPRÉSTIMO BANCO DO BRASIL                        ,12/12/2025 00:00,ARRECADACAO         ,"35.042,41",BANCO DO BRASIL (APLICAÇÃO)                       ,383665,2025,paulinia,camara,SMARAPD Câmara de Paulínia
CÂMARA DO MUNICÍPIO DE PAULÍNIA, ,2.1.8.8.1.01.11.007 ,UNIMED                                            ,11/12/2025 00:00,ARRECADACAO         ,"180,11",BANCO DO BRASIL (APLICAÇÃO)                       ,383634,2025,paulinia,camara,SMARAPD Câmara de Paulínia
CÂMARA DO MUNICÍPIO DE PAULÍNIA, ,2.1.8.8.3.01.04.001 ,IRRF - FOLHA DE PAGAMENTO                         ,05/12/2025 00:00,ARRECADACAO         ,"208.238,06",BANCO DO BRASIL (APLICAÇÃO)                       ,383094,2025,paulinia,camara,SMARAPD Câmara de Paulínia
CÂMARA DO MUNICÍPIO DE PAULÍNIA, ,2.1.8.8.3.01.04.001 ,IRRF - FOLHA DE PAGAMENTO                         ,05/12/2025 00:00,ARRECADACAO         ,"150.556,84",BANCO DO BRASIL (APLICAÇÃO)                       ,383098,2025,paulinia,camara,SMARAPD Câmara de Paulínia
CÂMARA DO MUNICÍPIO DE PAULÍNIA, ,2.1.8.8.3.01.02.003 ,I.N.S.S.- FOLHA DE PAGAMENTO                      ,05/12/2025 00:00,ARRECADACAO         ,"68.344,30",BANCO DO BRASIL (APLICAÇÃO)                       ,383097,2025,paulinia,camara,SMARAPD Câmara de Paulínia
CÂMARA DO MUNICÍPIO DE PAULÍNIA, ,2.1.8.8.3.01.04.002 ,IRRF - RETENÇÃO PESSOA JURIDICA                   ,10/12/2025 00:00,ARRECADACAO         ,"440,44",BANCO DO BRASIL (APLICAÇÃO)                       ,383274,2025,paulinia,camara,SMARAPD Câmara de Paulínia
CÂMARA DO MUNICÍPIO DE PAULÍNIA, ,2.1.8.8.3.01.04.002 ,IRRF - RETENÇÃO PESSOA JURIDICA                   ,10/12/2025 00:00,ARRECADACAO         ,"34,38",BANCO DO BRASIL (APLICAÇÃO)                       ,383276,2025,paulinia,camara,SMARAPD Câmara de Paulínia
CÂMARA DO MUNICÍPIO DE PAULÍNIA, ,2.1.8.8.3.01.04.002 ,IRRF - RETENÇÃO PESSOA JURIDICA                   ,10/12/2025 00:00,ARRECADACAO         ,"91,20",BANCO DO BRASIL (APLICAÇÃO)                       ,383278,2025,paulinia,camara,SMARAPD Câmara de Paulínia
CÂMARA DO MUNICÍPIO DE PAULÍNIA, ,2.1.8.8.3.01.04.002 ,IRRF - RETENÇÃO PESSOA JURIDICA                   ,12/12/2025 00:00,ARRECADACAO         ,"10.236,98",BANCO DO BRASIL (APLICAÇÃO)                       ,383682,2025,paulinia,camara,SMARAPD Câmara de Paulínia
CÂMARA DO MUNICÍPIO DE PAULÍNIA, ,2.1.8.8.3.01.04.002 ,IRRF - RETENÇÃO PESSOA JURIDICA                   ,17/12/2025 00:00,ARRECADACAO         ,"235,11",BANCO DO BRASIL (APLICAÇÃO)                       ,384394,2025,paulinia,camara,SMARAPD Câmara de Paulínia
CÂMARA DO MUNICÍPIO DE PAULÍNIA, ,2.1.8.8.3.01.04.002 ,IRRF - RETENÇÃO PESSOA JURIDICA                   ,17/12/2025 00:00,ARRECADACAO         ,"77,88",BANCO DO BRASIL (APLICAÇÃO)                       ,384395,2025,paulinia,camara,SMARAPD Câmara de Paulínia
CÂMARA DO MUNICÍPIO DE PAULÍNIA, ,2.1.8.8.3.01.04.002 ,IRRF - RETENÇÃO PESSOA JURIDICA                   ,17/12/2025 00:00,ARRECADACAO         ,"50,05",BANCO DO BRASIL (APLICAÇÃO)                       ,384396,2025,paulinia,camara,SMARAPD Câmara de Paulínia
CÂMARA DO MUNICÍPIO DE PAULÍNIA, ,2.1.8.8.3.01.04.002 ,IRRF - RETENÇÃO PESSOA JURIDICA                   ,17/12/2025 00:00,ARRECADACAO         ,"214,73",BANCO DO BRASIL (APLICAÇÃO)                       ,384399,2025,paulinia,camara,SMARAPD Câmara de Paulínia
CÂMARA DO MUNICÍPIO DE PAULÍNIA, ,2.1.8.8.3.01.02.003 ,I.N.S.S.- FOLHA DE PAGAMENTO                      ,12/12/2025 00:00,ARRECADACAO         ,"70.286,91",BANCO DO BRASIL (APLICAÇÃO)                       ,383677,2025,paulinia,camara,SMARAPD Câmara de Paulínia
CÂMARA DO MUNICÍPIO DE PAULÍNIA, ,2.1.8.8.1.01.99.003 ,DIVERSOS                                          ,12/12/2025 00:00,ARRECADACAO         ,"2.227,77",BANCO DO BRASIL (APLICAÇÃO)                       ,383674,2025,paulinia,camara,SMARAPD Câmara de Paulínia
CÂMARA DO MUNICÍPIO DE PAULÍNIA, ,2.1.8.8.1.04.99.001 ,REMUNERAÇÃO DE AÇÕES                              ,15/12/2025 00:00,ARRECADACAO         ,"93,08",BANCO DO BRASIL (APLICAÇÃO)                       ,383943,2025,paulinia,camara,SMARAPD Câmara de Paulínia
CÂMARA DO MUNICÍPIO DE PAULÍNIA, ,2.1.8.8.3.01.02.002 ,I.N.S.S - RETENÇÃO PESSOA JURIDICA                ,08/12/2025 00:00,ARRECADACAO         ,"1.703,04",BANCO DO BRASIL (APLICAÇÃO)                       ,383157,2025,paulinia,camara,SMARAPD Câmara de Paulínia
CÂMARA DO MUNICÍPIO DE PAULÍNIA, ,2.1.8.8.1.01.15.001 ,EMPRÉSTIMO BANCO DO BRASIL                        ,12/12/2025 00:00,ARRECADACAO         ,"18.812,92",BANCO DO BRASIL (APLICAÇÃO)                       ,383675,2025,paulinia,camara,SMARAPD Câmara de Paulínia
CÂMARA DO MUNICÍPIO DE PAULÍNIA, ,2.1.8.8.1.01.11.008 ,UNIODONTO CAMPINAS                                ,12/12/2025 00:00,ARRECADACAO         ,"671,60",BANCO DO BRASIL (APLICAÇÃO)                       ,383671,2025,paulinia,camara,SMARAPD Câmara de Paulínia
CÂMARA DO MUNICÍPIO DE PAULÍNIA, ,4.5.1.1.2.02.00.000 ,REPASSE RECEBIDO                                  ,15/12/2025 00:00,ARRECADACAO         ,"3.900.000,00",BANCO DO BRASIL (APLICAÇÃO)                       ,383942,2025,paulinia,camara,SMARAPD Câmara de Paulínia
CÂMARA DO MUNICÍPIO DE PAULÍNIA, ,2.1.8.8.1.01.11.005 ,SAMARITANO                                        ,12/12/2025 00:00,ARRECADACAO         ,"1.194,55",BANCO DO BRASIL (APLICAÇÃO)                       ,383669,2025,paulinia,camara,SMARAPD Câmara de Paulínia
CÂMARA DO MUNICÍPIO DE PAULÍNIA, ,2.1.8.8.1.01.11.005 ,SAMARITANO                                        ,12/12/2025 00:00,ARRECADACAO         ,"7.112,42",BANCO DO BRASIL (APLICAÇÃO)                       ,383679,2025,paulinia,camara,SMARAPD Câmara de Paulínia
CÂMARA DO MUNICÍPIO DE PAULÍNIA, ,2.1.8.8.1.01.10.001 ,DEPÓSITO JUDICIAL                                 ,11/12/2025 00:00,ARRECADACAO         ,"1.518,00",BANCO DO BRASIL (APLICAÇÃO)                       ,383631,2025,paulinia,camara,SMARAPD Câmara de Paulínia
CÂMARA DO MUNICÍPIO DE PAULÍNIA, ,2.1.8.8.1.01.10.001 ,DEPÓSITO JUDICIAL                                 ,12/12/2025 00:00,ARRECADACAO         ,"1.366,20",BANCO DO BRASIL (APLICAÇÃO)                       ,383663,2025,paulinia,camara,SMARAPD Câmara de Paulínia
CÂMARA DO MUNICÍPIO DE PAULÍNIA, ,2.1.8.8.3.01.02.003 ,I.N.S.S.- FOLHA DE PAGAMENTO                      ,15/01/2025 00:00,ARRECADACAO         ,"275,68",BANCO DO BRASIL (APLICAÇÃO)                       ,166748,2025,paulinia,camara,SMARAPD Câmara de Paulínia
CÂMARA DO MUNICÍPIO DE PAULÍNIA, ,2.1.8.8.3.01.02.003 ,I.N.S.S.- FOLHA DE PAGAMENTO                      ,15/01/2025 00:00,ARRECADACAO         ,"128,36",BANCO DO BRASIL (APLICAÇÃO)                       ,166752,2025,paulinia,camara,SMARAPD Câmara de Paulínia
CÂMARA DO MUNICÍPIO DE PAULÍNIA, ,2.1.8.8.3.01.02.003 ,I.N.S.S.- FOLHA DE PAGAMENTO                      ,15/01/2025 00:00,ARRECADACAO         ,"128,36",BANCO DO BRASIL (APLICAÇÃO)                       ,166753,2025,paulinia,camara,SMARAPD Câmara de Paulínia
CÂMARA DO MUNICÍPIO DE PAULÍNIA, ,2.1.8.8.3.01.02.003 ,I.N.S.S.- FOLHA DE PAGAMENTO                      ,15/01/2025 00:00,ARRECADACAO         ,"128,36",BANCO DO BRASIL (APLICAÇÃO)                       ,166755,2025,paulinia,camara,SMARAPD Câmara de Paulínia
CÂMARA DO MUNICÍPIO DE PAULÍNIA, ,2.1.8.8.3.01.02.003 ,I.N.S.S.- FOLHA DE PAGAMENTO                      ,15/01/2025 00:00,ARRECADACAO         ,"128,36",BANCO DO BRASIL (APLICAÇÃO)                       ,166761,2025,paulinia,camara,SMARAPD Câmara de Paulínia
CÂMARA DO MUNICÍPIO DE PAULÍNIA, ,2.1.8.8.3.01.02.003 ,I.N.S.S.- FOLHA DE PAGAMENTO                      ,15/01/2025 00:00,ARRECADACAO         ,"275,68",BANCO DO BRASIL (APLICAÇÃO)                       ,166766,2025,paulinia,camara,SMARAPD Câmara de Paulínia
CÂMARA DO MUNICÍPIO DE PAULÍNIA, ,2.1.8.8.3.01.02.003 ,I.N.S.S.- FOLHA DE PAGAMENTO                      ,15/01/2025 00:00,ARRECADACAO         ,"128,36",BANCO DO BRASIL (APLICAÇÃO)                       ,166770,2025,paulinia,camara,SMARAPD Câmara de Paulínia
CÂMARA DO MUNICÍPIO DE PAULÍNIA, ,2.1.8.8.3.01.02.003 ,I.N.S.S.- FOLHA DE PAGAMENTO                      ,15/01/2025 00:00,ARRECADACAO         ,"275,68",BANCO DO BRASIL (APLICAÇÃO)                       ,166778,2025,paulinia,camara,SMARAPD Câmara de Paulínia
CÂMARA DO MUNICÍPIO DE PAULÍNIA, ,2.1.8.8.3.01.02.003 ,I.N.S.S.- FOLHA DE PAGAMENTO                      ,15/01/2025 00:00,ARRECADACAO         ,"128,36",BANCO DO BRASIL (APLICAÇÃO)                       ,166795,2025,paulinia,camara,SMARAPD Câmara de Paulínia
CÂMARA DO MUNICÍPIO DE PAULÍNIA, ,2.1.8.8.3.01.02.003 ,I.N.S.S.- FOLHA DE PAGAMENTO                      ,22/01/2025 00:00,ARRECADACAO         ,"330,01",BANCO DO BRASIL (APLICAÇÃO)                       ,167135,2025,paulinia,camara,SMARAPD Câmara de Paulínia
CÂMARA DO MUNICÍPIO DE PAULÍNIA, ,2.1.8.8.3.01.04.002 ,IRRF - RETENÇÃO PESSOA JURIDICA                   ,10/01/2025 00:00,ARRECADACAO         ,"31,68",BANCO DO BRASIL (APLICAÇÃO)                       ,166061,2025,paulinia,camara,SMARAPD Câmara de Paulínia
CÂMARA DO MUNICÍPIO DE PAULÍNIA, ,2.1.8.8.3.01.04.002 ,IRRF - RETENÇÃO PESSOA JURIDICA                   ,13/01/2025 00:00,ARRECADACAO         ,"9.449,73",BANCO DO BRASIL (APLICAÇÃO)                       ,166245,2025,paulinia,camara,SMARAPD Câmara de Paulínia
CÂMARA DO MUNICÍPIO DE PAULÍNIA, ,2.1.8.8.3.01.04.002 ,IRRF - RETENÇÃO PESSOA JURIDICA                   ,20/01/2025 00:00,ARRECADACAO         ,"440,44",BANCO DO BRASIL (APLICAÇÃO)                       ,167032,2025,paulinia,camara,SMARAPD Câmara de Paulínia
CÂMARA DO MUNICÍPIO DE PAULÍNIA, ,2.1.8.8.3.01.04.002 ,IRRF - RETENÇÃO PESSOA JURIDICA                   ,20/01/2025 00:00,ARRECADACAO         ,"712,33",BANCO DO BRASIL (APLICAÇÃO)                       ,167037,2025,paulinia,camara,SMARAPD Câmara de Paulínia
CÂMARA DO MUNICÍPIO DE PAULÍNIA, ,2.1.8.8.3.01.04.002 ,IRRF - RETENÇÃO PESSOA JURIDICA                   ,24/01/2025 00:00,ARRECADACAO         ,"733,66",BANCO DO BRASIL (APLICAÇÃO)                       ,167592,2025,paulinia,camara,SMARAPD Câmara de Paulínia
CÂMARA DO MUNICÍPIO DE PAULÍNIA, ,2.1.8.8.3.01.04.002 ,IRRF - RETENÇÃO PESSOA JURIDICA                   ,24/01/2025 00:00,ARRECADACAO         ,"342,14",BANCO DO BRASIL (APLICAÇÃO)                       ,167593,2025,paulinia,camara,SMARAPD Câmara de Paulínia
CÂMARA DO MUNICÍPIO DE PAULÍNIA, ,2.1.8.8.3.01.04.002 ,IRRF - RETENÇÃO PESSOA JURIDICA                   ,31/01/2025 00:00,ARRECADACAO         ,"666,04",BANCO DO BRASIL (APLICAÇÃO)                       ,168191,2025,paulinia,camara,SMARAPD Câmara de Paulínia
CÂMARA DO MUNICÍPIO DE PAULÍNIA, ,2.1.8.8.1.01.11.008 ,UNIODONTO CAMPINAS                                ,15/01/2025 00:00,ARRECADACAO         ,"5,84",BANCO DO BRASIL (APLICAÇÃO)                       ,166781,2025,paulinia,camara,SMARAPD Câmara de Paulínia
CÂMARA DO MUNICÍPIO DE PAULÍNIA, ,2.1.8.8.1.01.11.008 ,UNIODONTO CAMPINAS                                ,15/01/2025 00:00,ARRECADACAO         ,"17,52",BANCO DO BRASIL (APLICAÇÃO)                       ,166785,2025,paulinia,camara,SMARAPD Câmara de Paulínia
CÂMARA DO MUNICÍPIO DE PAULÍNIA, ,2.1.8.8.1.01.11.007 ,UNIMED                                            ,15/01/2025 00:00,ARRECADACAO         ,"311,32",BANCO DO BRASIL (APLICAÇÃO)                       ,166764,2025,paulinia,camara,SMARAPD Câmara de Paulínia
CÂMARA DO MUNICÍPIO DE PAULÍNIA, ,2.1.8.8.1.01.11.007 ,UNIMED                                            ,15/01/2025 00:00,ARRECADACAO         ,"135,97",BANCO DO BRASIL (APLICAÇÃO)                       ,166768,2025,paulinia,camara,SMARAPD Câmara de Paulínia
CÂMARA DO MUNICÍPIO DE PAULÍNIA, ,2.1.8.8.1.01.11.007 ,UNIMED                                            ,15/01/2025 00:00,ARRECADACAO         ,"343,04",BANCO DO BRASIL (APLICAÇÃO)                       ,166793,2025,paulinia,camara,SMARAPD Câmara de Paulínia
CÂMARA DO MUNICÍPIO DE PAULÍNIA, ,2.1.8.8.1.01.11.007 ,UNIMED                                            ,15/01/2025 00:00,ARRECADACAO         ,"192,98",BANCO DO BRASIL (APLICAÇÃO)                       ,166796,2025,paulinia,camara,SMARAPD Câmara de Paulínia
CÂMARA DO MUNICÍPIO DE PAULÍNIA, ,2.1.8.8.1.01.15.002 ,EMPRÉSTIMO CAIXA ECONOMICA FEDERAL                ,29/01/2025 00:00,ARRECADACAO         ,"19.922,16",BANCO DO BRASIL (APLICAÇÃO)                       ,167720,2025,paulinia,camara,SMARAPD Câmara de Paulínia
CÂMARA DO MUNICÍPIO DE PAULÍNIA, ,2.1.8.8.1.01.11.005 ,SAMARITANO                                        ,15/01/2025 00:00,ARRECADACAO         ,"230,86",BANCO DO BRASIL (APLICAÇÃO)                       ,166771,2025,paulinia,camara,SMARAPD Câmara de Paulínia
CÂMARA DO MUNICÍPIO DE PAULÍNIA, ,2.1.8.8.1.01.11.005 ,SAMARITANO                                        ,15/01/2025 00:00,ARRECADACAO         ,"56,41",BANCO DO BRASIL (APLICAÇÃO)                       ,166780,2025,paulinia,camara,SMARAPD Câmara de Paulínia
CÂMARA DO MUNICÍPIO DE PAULÍNIA, ,2.1.8.8.1.01.11.005 ,SAMARITANO                                        ,29/01/2025 00:00,ARRECADACAO         ,"1.083,44",BANCO DO BRASIL (APLICAÇÃO)                       ,167725,2025,paulinia,camara,SMARAPD Câmara de Paulínia
CÂMARA DO MUNICÍPIO DE PAULÍNIA, ,2.1.8.8.1.01.11.005 ,SAMARITANO                                        ,29/01/2025 00:00,ARRECADACAO         ,"4.436,25",BANCO DO BRASIL (APLICAÇÃO)                       ,167735,2025,paulinia,camara,SMARAPD Câmara de Paulínia
CÂMARA DO MUNICÍPIO DE PAULÍNIA, ,2.1.8.8.1.01.99.001 ,ASMUP                                             ,15/01/2025 00:00,ARRECADACAO         ,"32,90",BANCO DO BRASIL (APLICAÇÃO)                       ,166782,2025,paulinia,camara,SMARAPD Câmara de Paulínia
CÂMARA DO MUNICÍPIO DE PAULÍNIA, ,2.1.8.8.1.01.99.001 ,ASMUP                                             ,17/01/2025 00:00,ARRECADACAO         ,"32,90",BANCO DO BRASIL (APLICAÇÃO)                       ,166922,2025,paulinia,camara,SMARAPD Câmara de Paulínia
CÂMARA DO MUNICÍPIO DE PAULÍNIA, ,2.1.8.8.1.01.99.001 ,ASMUP                                             ,29/01/2025 00:00,ARRECADACAO         ,"1.645,00",BANCO DO BRASIL (APLICAÇÃO)                       ,167716,2025,paulinia,camara,SMARAPD Câmara de Paulínia
CÂMARA DO MUNICÍPIO DE PAULÍNIA, ,2.1.8.8.1.01.99.001 ,ASMUP                                             ,29/01/2025 00:00,ARRECADACAO         ,"1.085,70",BANCO DO BRASIL (APLICAÇÃO)                       ,167728,2025,paulinia,camara,SMARAPD Câmara de Paulínia
CÂMARA DO MUNICÍPIO DE PAULÍNIA, ,2.1.8.8.5.01.08.001 ,I.S.S.Q.N. - RETENÇÃO PESSOA JURIDICA             ,31/01/2025 00:00,ARRECADACAO         ,"845,16",BANCO DO BRASIL (APLICAÇÃO)                       ,168192,2025,paulinia,camara,SMARAPD Câmara de Paulínia
CÂMARA DO MUNICÍPIO DE PAULÍNIA, ,2.1.8.8.1.01.15.001 ,EMPRÉSTIMO BANCO DO BRASIL                        ,29/01/2025 00:00,ARRECADACAO         ,"9.719,14",BANCO DO BRASIL (APLICAÇÃO)                       ,167731,2025,paulinia,camara,SMARAPD Câmara de Paulínia
CÂMARA DO MUNICÍPIO DE PAULÍNIA, ,2.1.8.8.1.01.10.001 ,DEPÓSITO JUDICIAL                                 ,29/01/2025 00:00,ARRECADACAO         ,"2.433,36",BANCO DO BRASIL (APLICAÇÃO)                       ,167729,2025,paulinia,camara,SMARAPD Câmara de Paulínia
CÂMARA DO MUNICÍPIO DE PAULÍNIA, ,2.1.8.8.1.01.11.008 ,UNIODONTO CAMPINAS                                ,17/01/2025 00:00,ARRECADACAO         ,"23,36",BANCO DO BRASIL (APLICAÇÃO)                       ,166924,2025,paulinia,camara,SMARAPD Câmara de Paulínia
CÂMARA DO MUNICÍPIO DE PAULÍNIA, ,2.1.8.8.1.01.11.008 ,UNIODONTO CAMPINAS                                ,29/01/2025 00:00,ARRECADACAO         ,"630,72",BANCO DO BRASIL (APLICAÇÃO)                       ,167727,2025,paulinia,camara,SMARAPD Câmara de Paulínia
CÂMARA DO MUNICÍPIO DE PAULÍNIA, ,4.5.1.1.2.02.00.000 ,REPASSE RECEBIDO                                  ,02/01/2025 00:00,ARRECADACAO         ,"2.900.000,00",BANCO DO BRASIL (APLICAÇÃO)                       ,166940,2025,paulinia,camara,SMARAPD Câmara de Paulínia
CÂMARA DO MUNICÍPIO DE PAULÍNIA, ,2.1.8.8.3.01.02.003 ,I.N.S.S.- FOLHA DE PAGAMENTO                      ,15/01/2025 00:00,ARRECADACAO         ,"305,31",BANCO DO BRASIL (APLICAÇÃO)                       ,166737,2025,paulinia,camara,SMARAPD Câmara de Paulínia
CÂMARA DO MUNICÍPIO DE PAULÍNIA, ,2.1.8.8.1.01.99.001 ,ASMUP                                             ,15/01/2025 00:00,ARRECADACAO         ,"32,90",BANCO DO BRASIL (APLICAÇÃO)                       ,166744,2025,paulinia,camara,SMARAPD Câmara de Paulínia
CÂMARA DO MUNICÍPIO DE PAULÍNIA, ,2.1.8.8.1.01.99.001 ,ASMUP                                             ,15/01/2025 00:00,ARRECADACAO         ,"32,90",BANCO DO BRASIL (APLICAÇÃO)                       ,166757,2025,paulinia,camara,SMARAPD Câmara de Paulínia
CÂMARA DO MUNICÍPIO DE PAULÍNIA, ,2.1.8.8.1.01.99.001 ,ASMUP                                             ,15/01/2025 00:00,ARRECADACAO         ,"32,90",BANCO DO BRASIL (APLICAÇÃO)                       ,166762,2025,paulinia,camara,SMARAPD Câmara de Paulínia
CÂMARA DO MUNICÍPIO DE PAULÍNIA, ,2.1.8.8.1.01.99.001 ,ASMUP                                             ,15/01/2025 00:00,ARRECADACAO         ,"32,90",BANCO DO BRASIL (APLICAÇÃO)                       ,166765,2025,paulinia,camara,SMARAPD Câmara de Paulínia
CÂMARA DO MUNICÍPIO DE PAULÍNIA, ,2.1.8.8.1.01.11.008 ,UNIODONTO CAMPINAS                                ,15/01/2025 00:00,ARRECADACAO         ,"35,04",BANCO DO BRASIL (APLICAÇÃO)                       ,166740,2025,paulinia,camara,SMARAPD Câmara de Paulínia
CÂMARA DO MUNICÍPIO DE PAULÍNIA, ,2.1.8.8.3.01.04.001 ,IRRF - FOLHA DE PAGAMENTO                         ,15/01/2025 00:00,ARRECADACAO         ,"27,12",BANCO DO BRASIL (APLICAÇÃO)                       ,166749,2025,paulinia,camara,SMARAPD Câmara de Paulínia
CÂMARA DO MUNICÍPIO DE PAULÍNIA, ,2.1.8.8.3.01.04.001 ,IRRF - FOLHA DE PAGAMENTO                         ,15/01/2025 00:00,ARRECADACAO         ,"27,12",BANCO DO BRASIL (APLICAÇÃO)                       ,166775,2025,paulinia,camara,SMARAPD Câmara de Paulínia
CÂMARA DO MUNICÍPIO DE PAULÍNIA, ,2.1.8.8.3.01.04.001 ,IRRF - FOLHA DE PAGAMENTO                         ,15/01/2025 00:00,ARRECADACAO         ,"32,23",BANCO DO BRASIL (APLICAÇÃO)                       ,166788,2025,paulinia,camara,SMARAPD Câmara de Paulínia
CÂMARA DO MUNICÍPIO DE PAULÍNIA, ,2.1.8.8.3.01.04.001 ,IRRF - FOLHA DE PAGAMENTO                         ,22/01/2025 00:00,ARRECADACAO         ,"79,60",BANCO DO BRASIL (APLICAÇÃO)                       ,167136,2025,paulinia,camara,SMARAPD Câmara de Paulínia
CÂMARA DO MUNICÍPIO DE PAULÍNIA, ,2.1.8.8.3.01.04.001 ,IRRF - FOLHA DE PAGAMENTO                         ,29/01/2025 00:00,ARRECADACAO         ,"205.700,86",BANCO DO BRASIL (APLICAÇÃO)                       ,167722,2025,paulinia,camara,SMARAPD Câmara de Paulínia
CÂMARA DO MUNICÍPIO DE PAULÍNIA, ,2.1.8.8.5.01.08.001 ,I.S.S.Q.N. - RETENÇÃO PESSOA JURIDICA             ,15/01/2025 00:00,ARRECADACAO         ,"487,01",BANCO DO BRASIL (APLICAÇÃO)                       ,166760,2025,paulinia,camara,SMARAPD Câmara de Paulínia
CÂMARA DO MUNICÍPIO DE PAULÍNIA, ,2.1.8.8.5.01.08.001 ,I.S.S.Q.N. - RETENÇÃO PESSOA JURIDICA             ,15/01/2025 00:00,ARRECADACAO         ,"5.117,54",BANCO DO BRASIL (APLICAÇÃO)                       ,166798,2025,paulinia,camara,SMARAPD Câmara de Paulínia
CÂMARA DO MUNICÍPIO DE PAULÍNIA, ,2.1.8.8.1.01.03.001 ,PAULÍNIA PREVI                                    ,29/01/2025 00:00,ARRECADACAO         ,"108.733,07",BANCO DO BRASIL (APLICAÇÃO)                       ,167724,2025,paulinia,camara,SMARAPD Câmara de Paulínia
CÂMARA DO MUNICÍPIO DE PAULÍNIA, ,2.1.8.8.1.04.99.002 ,RENDIMENTOS DE APLICAÇÕES FINANCEIRAS             ,02/01/2025 00:00,ARRECADACAO         ,"16.911,02",BANCO DO BRASIL (APLICAÇÃO)                       ,168188,2025,paulinia,camara,SMARAPD Câmara de Paulínia
CÂMARA DO MUNICÍPIO DE PAULÍNIA, ,2.1.8.8.1.04.99.002 ,RENDIMENTOS DE APLICAÇÕES FINANCEIRAS             ,31/01/2025 00:00,ARRECADACAO         ,"16.911,02",BANCO DO BRASIL (APLICAÇÃO)                       ,168190,2025,paulinia,camara,SMARAPD Câmara de Paulínia
CÂMARA DO MUNICÍPIO DE PAULÍNIA, ,4.5.1.1.2.02.00.000 ,REPASSE RECEBIDO                                  ,17/01/2025 00:00,ARRECADACAO         ,"2.900.000,00",BANCO DO BRASIL (APLICAÇÃO)                       ,166942,2025,paulinia,camara,SMARAPD Câmara de Paulínia
CÂMARA DO MUNICÍPIO DE PAULÍNIA, ,2.1.8.8.1.01.11.007 ,UNIMED                                            ,15/01/2025 00:00,ARRECADACAO         ,"595,60",BANCO DO BRASIL (APLICAÇÃO)                       ,166739,2025,paulinia,camara,SMARAPD Câmara de Paulínia
CÂMARA DO MUNICÍPIO DE PAULÍNIA, ,2.1.8.8.1.01.11.007 ,UNIMED                                            ,15/01/2025 00:00,ARRECADACAO         ,"79,04",BANCO DO BRASIL (APLICAÇÃO)                       ,166743,2025,paulinia,camara,SMARAPD Câmara de Paulínia
CÂMARA DO MUNICÍPIO DE PAULÍNIA, ,2.1.8.8.1.01.10.001 ,DEPÓSITO JUDICIAL                                 ,29/01/2025 00:00,ARRECADACAO         ,"1.366,20",BANCO DO BRASIL (APLICAÇÃO)                       ,167717,2025,paulinia,camara,SMARAPD Câmara de Paulínia
CÂMARA DO MUNICÍPIO DE PAULÍNIA, ,2.1.8.8.3.01.04.002 ,IRRF - RETENÇÃO PESSOA JURIDICA                   ,24/01/2025 00:00,ESTORNO DE ARRECADAC,"-50,05",BANCO DO BRASIL (APLICAÇÃO)                       ,167697,2025,paulinia,camara,SMARAPD Câmara de Paulínia
CÂMARA DO MUNICÍPIO DE PAULÍNIA, ,2.1.8.8.3.01.02.003 ,I.N.S.S.- FOLHA DE PAGAMENTO                      ,26/02/2025 00:00,ARRECADACAO         ,"68.870,03",BANCO DO BRASIL (APLICAÇÃO)                       ,173292,2025,paulinia,camara,SMARAPD Câmara de Paulínia
CÂMARA DO MUNICÍPIO DE PAULÍNIA, ,2.1.8.8.1.01.15.002 ,EMPRÉSTIMO CAIXA ECONOMICA FEDERAL                ,26/02/2025 00:00,ARRECADACAO         ,"19.922,16",BANCO DO BRASIL (APLICAÇÃO)                       ,173279,2025,paulinia,camara,SMARAPD Câmara de Paulínia
CÂMARA DO MUNICÍPIO DE PAULÍNIA, ,2.1.8.8.1.01.15.002 ,EMPRÉSTIMO CAIXA ECONOMICA FEDERAL                ,26/02/2025 00:00,ARRECADACAO         ,"5.101,60",BANCO DO BRASIL (APLICAÇÃO)                       ,173291,2025,paulinia,camara,SMARAPD Câmara de Paulínia
CÂMARA DO MUNICÍPIO DE PAULÍNIA, ,2.1.8.8.1.01.11.005 ,SAMARITANO                                        ,26/02/2025 00:00,ARRECADACAO         ,"1.083,44",BANCO DO BRASIL (APLICAÇÃO)                       ,173284,2025,paulinia,camara,SMARAPD Câmara de Paulínia
CÂMARA DO MUNICÍPIO DE PAULÍNIA, ,2.1.8.8.1.01.99.001 ,ASMUP                                             ,26/02/2025 00:00,ARRECADACAO         ,"1.645,00",BANCO DO BRASIL (APLICAÇÃO)                       ,173275,2025,paulinia,camara,SMARAPD Câmara de Paulínia
CÂMARA DO MUNICÍPIO DE PAULÍNIA, ,2.1.8.8.1.01.99.001 ,ASMUP                                             ,26/02/2025 00:00,ARRECADACAO         ,"1.480,50",BANCO DO BRASIL (APLICAÇÃO)                       ,173287,2025,paulinia,camara,SMARAPD Câmara de Paulínia
CÂMARA DO MUNICÍPIO DE PAULÍNIA, ,2.1.8.8.3.01.04.002 ,IRRF - RETENÇÃO PESSOA JURIDICA                   ,07/02/2025 00:00,ARRECADACAO         ,"22,29",BANCO DO BRASIL (APLICAÇÃO)                       ,168411,2025,paulinia,camara,SMARAPD Câmara de Paulínia
CÂMARA DO MUNICÍPIO DE PAULÍNIA, ,2.1.8.8.3.01.04.002 ,IRRF - RETENÇÃO PESSOA JURIDICA                   ,10/02/2025 00:00,ARRECADACAO         ,"440,44",BANCO DO BRASIL (APLICAÇÃO)                       ,171813,2025,paulinia,camara,SMARAPD Câmara de Paulínia
CÂMARA DO MUNICÍPIO DE PAULÍNIA, ,2.1.8.8.3.01.04.002 ,IRRF - RETENÇÃO PESSOA JURIDICA                   ,10/02/2025 00:00,ARRECADACAO         ,"841,14",BANCO DO BRASIL (APLICAÇÃO)                       ,171814,2025,paulinia,camara,SMARAPD Câmara de Paulínia
CÂMARA DO MUNICÍPIO DE PAULÍNIA, ,2.1.8.8.5.01.08.001 ,I.S.S.Q.N. - RETENÇÃO PESSOA JURIDICA             ,12/02/2025 00:00,ARRECADACAO         ,"635,24",BANCO DO BRASIL (APLICAÇÃO)                       ,171824,2025,paulinia,camara,SMARAPD Câmara de Paulínia
CÂMARA DO MUNICÍPIO DE PAULÍNIA, ,2.1.8.8.1.01.15.001 ,EMPRÉSTIMO BANCO DO BRASIL                        ,26/02/2025 00:00,ARRECADACAO         ,"35.718,26",BANCO DO BRASIL (APLICAÇÃO)                       ,173278,2025,paulinia,camara,SMARAPD Câmara de Paulínia
CÂMARA DO MUNICÍPIO DE PAULÍNIA, ,2.1.8.8.3.01.02.002 ,I.N.S.S - RETENÇÃO PESSOA JURIDICA                ,10/02/2025 00:00,ARRECADACAO         ,"5.629,30",BANCO DO BRASIL (APLICAÇÃO)                       ,171817,2025,paulinia,camara,SMARAPD Câmara de Paulínia
CÂMARA DO MUNICÍPIO DE PAULÍNIA, ,2.1.8.8.1.01.10.001 ,DEPÓSITO JUDICIAL                                 ,26/02/2025 00:00,ARRECADACAO         ,"1.366,20",BANCO DO BRASIL (APLICAÇÃO)                       ,173276,2025,paulinia,camara,SMARAPD Câmara de Paulínia
CÂMARA DO MUNICÍPIO DE PAULÍNIA, ,2.1.8.8.1.01.10.001 ,DEPÓSITO JUDICIAL                                 ,26/02/2025 00:00,ARRECADACAO         ,"1.925,15",BANCO DO BRASIL (APLICAÇÃO)                       ,173277,2025,paulinia,camara,SMARAPD Câmara de Paulínia
CÂMARA DO MUNICÍPIO DE PAULÍNIA, ,2.1.8.8.3.01.04.001 ,IRRF - FOLHA DE PAGAMENTO                         ,26/02/2025 00:00,ARRECADACAO         ,"211.597,02",BANCO DO BRASIL (APLICAÇÃO)                       ,173281,2025,paulinia,camara,SMARAPD Câmara de Paulínia
CÂMARA DO MUNICÍPIO DE PAULÍNIA, ,2.1.8.8.3.01.04.002 ,IRRF - RETENÇÃO PESSOA JURIDICA                   ,10/02/2025 00:00,ARRECADACAO         ,"1.228,21",BANCO DO BRASIL (APLICAÇÃO)                       ,171819,2025,paulinia,camara,SMARAPD Câmara de Paulínia
CÂMARA DO MUNICÍPIO DE PAULÍNIA, ,2.1.8.8.3.01.04.002 ,IRRF - RETENÇÃO PESSOA JURIDICA                   ,14/02/2025 00:00,ARRECADACAO         ,"31,68",BANCO DO BRASIL (APLICAÇÃO)                       ,171855,2025,paulinia,camara,SMARAPD Câmara de Paulínia
CÂMARA DO MUNICÍPIO DE PAULÍNIA, ,2.1.8.8.3.01.04.002 ,IRRF - RETENÇÃO PESSOA JURIDICA                   ,17/02/2025 00:00,ARRECADACAO         ,"285,35",BANCO DO BRASIL (APLICAÇÃO)                       ,172473,2025,paulinia,camara,SMARAPD Câmara de Paulínia
CÂMARA DO MUNICÍPIO DE PAULÍNIA, ,2.1.8.8.3.01.04.002 ,IRRF - RETENÇÃO PESSOA JURIDICA                   ,20/02/2025 00:00,ARRECADACAO         ,"718,79",BANCO DO BRASIL (APLICAÇÃO)                       ,173270,2025,paulinia,camara,SMARAPD Câmara de Paulínia
CÂMARA DO MUNICÍPIO DE PAULÍNIA, ,2.1.8.8.3.01.04.002 ,IRRF - RETENÇÃO PESSOA JURIDICA                   ,24/02/2025 00:00,ARRECADACAO         ,"353,65",BANCO DO BRASIL (APLICAÇÃO)                       ,173274,2025,paulinia,camara,SMARAPD Câmara de Paulínia
CÂMARA DO MUNICÍPIO DE PAULÍNIA, ,2.1.8.8.3.01.04.002 ,IRRF - RETENÇÃO PESSOA JURIDICA                   ,27/02/2025 00:00,ARRECADACAO         ,"7.228,80",BANCO DO BRASIL (APLICAÇÃO)                       ,173297,2025,paulinia,camara,SMARAPD Câmara de Paulínia
CÂMARA DO MUNICÍPIO DE PAULÍNIA, ,2.1.8.8.3.01.04.002 ,IRRF - RETENÇÃO PESSOA JURIDICA                   ,27/02/2025 00:00,ARRECADACAO         ,"536,30",BANCO DO BRASIL (APLICAÇÃO)                       ,173299,2025,paulinia,camara,SMARAPD Câmara de Paulínia
CÂMARA DO MUNICÍPIO DE PAULÍNIA, ,2.1.8.8.1.01.03.001 ,PAULÍNIA PREVI                                    ,26/02/2025 00:00,ARRECADACAO         ,"109.397,22",BANCO DO BRASIL (APLICAÇÃO)                       ,173283,2025,paulinia,camara,SMARAPD Câmara de Paulínia
CÂMARA DO MUNICÍPIO DE PAULÍNIA, ,2.1.8.8.1.04.99.002 ,RENDIMENTOS DE APLICAÇÕES FINANCEIRAS             ,27/02/2025 00:00,ARRECADACAO         ,"19.637,25",BANCO DO BRASIL (APLICAÇÃO)                       ,173302,2025,paulinia,camara,SMARAPD Câmara de Paulínia
CÂMARA DO MUNICÍPIO DE PAULÍNIA, ,2.1.8.8.3.01.04.001 ,IRRF - FOLHA DE PAGAMENTO                         ,27/03/2025 00:00,ARRECADACAO         ,"480,19",BANCO DO BRASIL (APLICAÇÃO)                       ,178815,2025,paulinia,camara,SMARAPD Câmara de Paulínia
CÂMARA DO MUNICÍPIO DE PAULÍNIA, ,2.1.8.8.3.01.02.003 ,I.N.S.S.- FOLHA DE PAGAMENTO                      ,13/03/2025 00:00,ARRECADACAO         ,"128,36",BANCO DO BRASIL (APLICAÇÃO)                       ,177124,2025,paulinia,camara,SMARAPD Câmara de Paulínia
CÂMARA DO MUNICÍPIO DE PAULÍNIA, ,2.1.8.8.3.01.02.003 ,I.N.S.S.- FOLHA DE PAGAMENTO                      ,27/03/2025 00:00,ARRECADACAO         ,"68.182,02",BANCO DO BRASIL (APLICAÇÃO)                       ,178808,2025,paulinia,camara,SMARAPD Câmara de Paulínia
CÂMARA DO MUNICÍPIO DE PAULÍNIA, ,2.1.8.8.3.01.02.003 ,I.N.S.S.- FOLHA DE PAGAMENTO                      ,27/03/2025 00:00,ARRECADACAO         ,"759,37",BANCO DO BRASIL (APLICAÇÃO)                       ,178814,2025,paulinia,camara,SMARAPD Câmara de Paulínia
CÂMARA DO MUNICÍPIO DE PAULÍNIA, ,2.1.8.8.3.01.04.002 ,IRRF - RETENÇÃO PESSOA JURIDICA                   ,24/03/2025 00:00,ARRECADACAO         ,"346,95",BANCO DO BRASIL (APLICAÇÃO)                       ,178286,2025,paulinia,camara,SMARAPD Câmara de Paulínia
CÂMARA DO MUNICÍPIO DE PAULÍNIA, ,2.1.8.8.1.01.13.002 ,MENSALIDADE SINDICATO                             ,27/03/2025 00:00,ARRECADACAO         ,"55,00",BANCO DO BRASIL (APLICAÇÃO)                       ,178798,2025,paulinia,camara,SMARAPD Câmara de Paulínia
CÂMARA DO MUNICÍPIO DE PAULÍNIA, ,2.1.8.8.1.01.15.002 ,EMPRÉSTIMO CAIXA ECONOMICA FEDERAL                ,27/03/2025 00:00,ARRECADACAO         ,"5.101,60",BANCO DO BRASIL (APLICAÇÃO)                       ,178807,2025,paulinia,camara,SMARAPD Câmara de Paulínia
CÂMARA DO MUNICÍPIO DE PAULÍNIA, ,2.1.8.8.1.01.11.005 ,SAMARITANO                                        ,13/03/2025 00:00,ARRECADACAO         ,"341,93",BANCO DO BRASIL (APLICAÇÃO)                       ,177125,2025,paulinia,camara,SMARAPD Câmara de Paulínia
CÂMARA DO MUNICÍPIO DE PAULÍNIA, ,2.1.8.8.5.01.08.001 ,I.S.S.Q.N. - RETENÇÃO PESSOA JURIDICA             ,06/03/2025 00:00,ARRECADACAO         ,"847,75",BANCO DO BRASIL (APLICAÇÃO)                       ,173533,2025,paulinia,camara,SMARAPD Câmara de Paulínia
CÂMARA DO MUNICÍPIO DE PAULÍNIA, ,2.1.8.8.5.01.08.001 ,I.S.S.Q.N. - RETENÇÃO PESSOA JURIDICA             ,14/03/2025 00:00,ARRECADACAO         ,"635,24",BANCO DO BRASIL (APLICAÇÃO)                       ,177201,2025,paulinia,camara,SMARAPD Câmara de Paulínia
CÂMARA DO MUNICÍPIO DE PAULÍNIA, ,2.1.8.8.5.01.08.001 ,I.S.S.Q.N. - RETENÇÃO PESSOA JURIDICA             ,25/03/2025 00:00,ARRECADACAO         ,"3,52",BANCO DO BRASIL (APLICAÇÃO)                       ,178554,2025,paulinia,camara,SMARAPD Câmara de Paulínia
CÂMARA DO MUNICÍPIO DE PAULÍNIA, ,2.1.8.8.5.01.08.001 ,I.S.S.Q.N. - RETENÇÃO PESSOA JURIDICA             ,25/03/2025 00:00,ARRECADACAO         ,"4,50",BANCO DO BRASIL (APLICAÇÃO)                       ,178556,2025,paulinia,camara,SMARAPD Câmara de Paulínia
CÂMARA DO MUNICÍPIO DE PAULÍNIA, ,2.1.8.8.1.01.15.001 ,EMPRÉSTIMO BANCO DO BRASIL                        ,27/03/2025 00:00,ARRECADACAO         ,"36.090,42",BANCO DO BRASIL (APLICAÇÃO)                       ,178794,2025,paulinia,camara,SMARAPD Câmara de Paulínia
CÂMARA DO MUNICÍPIO DE PAULÍNIA, ,2.1.8.8.3.01.04.002 ,IRRF - RETENÇÃO PESSOA JURIDICA                   ,14/03/2025 00:00,ARRECADACAO         ,"31,68",BANCO DO BRASIL (APLICAÇÃO)                       ,177200,2025,paulinia,camara,SMARAPD Câmara de Paulínia
CÂMARA DO MUNICÍPIO DE PAULÍNIA, ,2.1.8.8.3.01.04.002 ,IRRF - RETENÇÃO PESSOA JURIDICA                   ,20/03/2025 00:00,ARRECADACAO         ,"313,47",BANCO DO BRASIL (APLICAÇÃO)                       ,178158,2025,paulinia,camara,SMARAPD Câmara de Paulínia
CÂMARA DO MUNICÍPIO DE PAULÍNIA, ,2.1.8.8.3.01.02.002 ,I.N.S.S - RETENÇÃO PESSOA JURIDICA                ,17/03/2025 00:00,ARRECADACAO         ,"5.629,30",BANCO DO BRASIL (APLICAÇÃO)                       ,177424,2025,paulinia,camara,SMARAPD Câmara de Paulínia
CÂMARA DO MUNICÍPIO DE PAULÍNIA, ,2.1.8.8.1.01.10.001 ,DEPÓSITO JUDICIAL                                 ,27/03/2025 00:00,ARRECADACAO         ,"1.366,20",BANCO DO BRASIL (APLICAÇÃO)                       ,178792,2025,paulinia,camara,SMARAPD Câmara de Paulínia
CÂMARA DO MUNICÍPIO DE PAULÍNIA, ,2.1.8.8.1.01.10.001 ,DEPÓSITO JUDICIAL                                 ,27/03/2025 00:00,ARRECADACAO         ,"2.433,36",BANCO DO BRASIL (APLICAÇÃO)                       ,178804,2025,paulinia,camara,SMARAPD Câmara de Paulínia
CÂMARA DO MUNICÍPIO DE PAULÍNIA, ,2.1.8.8.1.01.11.007 ,UNIMED                                            ,27/03/2025 00:00,ARRECADACAO         ,"26.159,52",BANCO DO BRASIL (APLICAÇÃO)                       ,178801,2025,paulinia,camara,SMARAPD Câmara de Paulínia
CÂMARA DO MUNICÍPIO DE PAULÍNIA, ,2.1.8.8.3.01.04.001 ,IRRF - FOLHA DE PAGAMENTO                         ,27/03/2025 00:00,ARRECADACAO         ,"154.305,96",BANCO DO BRASIL (APLICAÇÃO)                       ,178809,2025,paulinia,camara,SMARAPD Câmara de Paulínia
CÂMARA DO MUNICÍPIO DE PAULÍNIA, ,2.1.8.8.3.01.04.002 ,IRRF - RETENÇÃO PESSOA JURIDICA                   ,12/03/2025 00:00,ARRECADACAO         ,"440,44",BANCO DO BRASIL (APLICAÇÃO)                       ,176891,2025,paulinia,camara,SMARAPD Câmara de Paulínia
CÂMARA DO MUNICÍPIO DE PAULÍNIA, ,2.1.8.8.3.01.04.002 ,IRRF - RETENÇÃO PESSOA JURIDICA                   ,13/03/2025 00:00,ARRECADACAO         ,"21,24",BANCO DO BRASIL (APLICAÇÃO)                       ,177120,2025,paulinia,camara,SMARAPD Câmara de Paulínia
CÂMARA DO MUNICÍPIO DE PAULÍNIA, ,2.1.8.8.3.01.04.002 ,IRRF - RETENÇÃO PESSOA JURIDICA                   ,14/03/2025 00:00,ARRECADACAO         ,"21,24",BANCO DO BRASIL (APLICAÇÃO)                       ,177197,2025,paulinia,camara,SMARAPD Câmara de Paulínia
CÂMARA DO MUNICÍPIO DE PAULÍNIA, ,2.1.8.8.3.01.04.002 ,IRRF - RETENÇÃO PESSOA JURIDICA                   ,14/03/2025 00:00,ARRECADACAO         ,"21,24",BANCO DO BRASIL (APLICAÇÃO)                       ,177198,2025,paulinia,camara,SMARAPD Câmara de Paulínia
CÂMARA DO MUNICÍPIO DE PAULÍNIA, ,2.1.8.8.3.01.04.002 ,IRRF - RETENÇÃO PESSOA JURIDICA                   ,14/03/2025 00:00,ARRECADACAO         ,"10.212,06",BANCO DO BRASIL (APLICAÇÃO)                       ,177199,2025,paulinia,camara,SMARAPD Câmara de Paulínia
CÂMARA DO MUNICÍPIO DE PAULÍNIA, ,2.1.8.8.1.01.03.001 ,PAULÍNIA PREVI                                    ,27/03/2025 00:00,ARRECADACAO         ,"115.271,70",BANCO DO BRASIL (APLICAÇÃO)                       ,178799,2025,paulinia,camara,SMARAPD Câmara de Paulínia
CÂMARA DO MUNICÍPIO DE PAULÍNIA, ,2.1.8.8.1.01.99.003 ,DIVERSOS                                          ,27/03/2025 00:00,ARRECADACAO         ,"1.172,99",BANCO DO BRASIL (APLICAÇÃO)                       ,178805,2025,paulinia,camara,SMARAPD Câmara de Paulínia
CÂMARA DO MUNICÍPIO DE PAULÍNIA, ,2.1.8.8.1.01.15.007 ,EMPRÉSTIMO CONSIGNADO SANTANDER (PLANO ADMINISTRAT,27/03/2025 00:00,ARRECADACAO         ,"1.051,64",BANCO DO BRASIL (APLICAÇÃO)                       ,178796,2025,paulinia,camara,SMARAPD Câmara de Paulínia
CÂMARA DO MUNICÍPIO DE PAULÍNIA, ,2.1.8.8.5.01.08.001 ,I.S.S.Q.N. - RETENÇÃO PESSOA JURIDICA             ,22/04/2025 00:00,ARRECADACAO         ,"151,62",BANCO DO BRASIL (APLICAÇÃO)                       ,334520,2025,paulinia,camara,SMARAPD Câmara de Paulínia
CÂMARA DO MUNICÍPIO DE PAULÍNIA, ,2.1.8.8.3.01.04.002 ,IRRF - RETENÇÃO PESSOA JURIDICA                   ,24/04/2025 00:00,ARRECADACAO         ,"24,78",BANCO DO BRASIL (APLICAÇÃO)                       ,334638,2025,paulinia,camara,SMARAPD Câmara de Paulínia
CÂMARA DO MUNICÍPIO DE PAULÍNIA, ,2.1.8.8.3.01.04.002 ,IRRF - RETENÇÃO PESSOA JURIDICA                   ,24/04/2025 00:00,ARRECADACAO         ,"20,25",BANCO DO BRASIL (APLICAÇÃO)                       ,334639,2025,paulinia,camara,SMARAPD Câmara de Paulínia
CÂMARA DO MUNICÍPIO DE PAULÍNIA, ,2.1.8.8.3.01.04.001 ,IRRF - FOLHA DE PAGAMENTO                         ,09/04/2025 00:00,ARRECADACAO         ,"172,19",BANCO DO BRASIL (APLICAÇÃO)                       ,333200,2025,paulinia,camara,SMARAPD Câmara de Paulínia
CÂMARA DO MUNICÍPIO DE PAULÍNIA, ,2.1.8.8.3.01.04.001 ,IRRF - FOLHA DE PAGAMENTO                         ,09/04/2025 00:00,ARRECADACAO         ,"131,15",BANCO DO BRASIL (APLICAÇÃO)                       ,333205,2025,paulinia,camara,SMARAPD Câmara de Paulínia
CÂMARA DO MUNICÍPIO DE PAULÍNIA, ,2.1.8.8.3.01.02.003 ,I.N.S.S.- FOLHA DE PAGAMENTO                      ,09/04/2025 00:00,ARRECADACAO         ,"496,10",BANCO DO BRASIL (APLICAÇÃO)                       ,333199,2025,paulinia,camara,SMARAPD Câmara de Paulínia
CÂMARA DO MUNICÍPIO DE PAULÍNIA, ,2.1.8.8.3.01.02.003 ,I.N.S.S.- FOLHA DE PAGAMENTO                      ,09/04/2025 00:00,ARRECADACAO         ,"411,07",BANCO DO BRASIL (APLICAÇÃO)                       ,333204,2025,paulinia,camara,SMARAPD Câmara de Paulínia
CÂMARA DO MUNICÍPIO DE PAULÍNIA, ,2.1.8.8.3.01.04.002 ,IRRF - RETENÇÃO PESSOA JURIDICA                   ,04/04/2025 00:00,ARRECADACAO         ,"42,66",BANCO DO BRASIL (APLICAÇÃO)                       ,333030,2025,paulinia,camara,SMARAPD Câmara de Paulínia
CÂMARA DO MUNICÍPIO DE PAULÍNIA, ,2.1.8.8.3.01.04.002 ,IRRF - RETENÇÃO PESSOA JURIDICA                   ,10/04/2025 00:00,ARRECADACAO         ,"440,44",BANCO DO BRASIL (APLICAÇÃO)                       ,333243,2025,paulinia,camara,SMARAPD Câmara de Paulínia
CÂMARA DO MUNICÍPIO DE PAULÍNIA, ,2.1.8.8.3.01.04.002 ,IRRF - RETENÇÃO PESSOA JURIDICA                   ,10/04/2025 00:00,ARRECADACAO         ,"980,34",BANCO DO BRASIL (APLICAÇÃO)                       ,333244,2025,paulinia,camara,SMARAPD Câmara de Paulínia
CÂMARA DO MUNICÍPIO DE PAULÍNIA, ,2.1.8.8.3.01.04.002 ,IRRF - RETENÇÃO PESSOA JURIDICA                   ,10/04/2025 00:00,ARRECADACAO         ,"32,67",BANCO DO BRASIL (APLICAÇÃO)                       ,333245,2025,paulinia,camara,SMARAPD Câmara de Paulínia
CÂMARA DO MUNICÍPIO DE PAULÍNIA, ,2.1.8.8.3.01.04.002 ,IRRF - RETENÇÃO PESSOA JURIDICA                   ,11/04/2025 00:00,ARRECADACAO         ,"10.212,06",BANCO DO BRASIL (APLICAÇÃO)                       ,333796,2025,paulinia,camara,SMARAPD Câmara de Paulínia
CÂMARA DO MUNICÍPIO DE PAULÍNIA, ,2.1.8.8.3.01.04.002 ,IRRF - RETENÇÃO PESSOA JURIDICA                   ,14/04/2025 00:00,ARRECADACAO         ,"21,24",BANCO DO BRASIL (APLICAÇÃO)                       ,333806,2025,paulinia,camara,SMARAPD Câmara de Paulínia
CÂMARA DO MUNICÍPIO DE PAULÍNIA, ,2.1.8.8.3.01.04.002 ,IRRF - RETENÇÃO PESSOA JURIDICA                   ,22/04/2025 00:00,ARRECADACAO         ,"662,41",BANCO DO BRASIL (APLICAÇÃO)                       ,334521,2025,paulinia,camara,SMARAPD Câmara de Paulínia
CÂMARA DO MUNICÍPIO DE PAULÍNIA, ,2.1.8.8.1.01.13.002 ,MENSALIDADE SINDICATO                             ,29/04/2025 00:00,ARRECADACAO         ,"55,00",BANCO DO BRASIL (APLICAÇÃO)                       ,334838,2025,paulinia,camara,SMARAPD Câmara de Paulínia
CÂMARA DO MUNICÍPIO DE PAULÍNIA, ,2.1.8.8.1.01.11.005 ,SAMARITANO                                        ,29/04/2025 00:00,ARRECADACAO         ,"1.083,44",BANCO DO BRASIL (APLICAÇÃO)                       ,334840,2025,paulinia,camara,SMARAPD Câmara de Paulínia
CÂMARA DO MUNICÍPIO DE PAULÍNIA, ,2.1.8.8.1.01.11.005 ,SAMARITANO                                        ,29/04/2025 00:00,ARRECADACAO         ,"5.575,61",BANCO DO BRASIL (APLICAÇÃO)                       ,334850,2025,paulinia,camara,SMARAPD Câmara de Paulínia
CÂMARA DO MUNICÍPIO DE PAULÍNIA, ,2.1.8.8.5.01.08.001 ,I.S.S.Q.N. - RETENÇÃO PESSOA JURIDICA             ,04/04/2025 00:00,ARRECADACAO         ,"44,44",BANCO DO BRASIL (APLICAÇÃO)                       ,333029,2025,paulinia,camara,SMARAPD Câmara de Paulínia
CÂMARA DO MUNICÍPIO DE PAULÍNIA, ,2.1.8.8.5.01.08.001 ,I.S.S.Q.N. - RETENÇÃO PESSOA JURIDICA             ,10/04/2025 00:00,ARRECADACAO         ,"5.117,54",BANCO DO BRASIL (APLICAÇÃO)                       ,333251,2025,paulinia,camara,SMARAPD Câmara de Paulínia
CÂMARA DO MUNICÍPIO DE PAULÍNIA, ,2.1.8.8.1.01.99.001 ,ASMUP                                             ,29/04/2025 00:00,ARRECADACAO         ,"1.579,20",BANCO DO BRASIL (APLICAÇÃO)                       ,334843,2025,paulinia,camara,SMARAPD Câmara de Paulínia
CÂMARA DO MUNICÍPIO DE PAULÍNIA, ,2.1.8.8.1.01.10.001 ,DEPÓSITO JUDICIAL                                 ,29/04/2025 00:00,ARRECADACAO         ,"1.366,20",BANCO DO BRASIL (APLICAÇÃO)                       ,334833,2025,paulinia,camara,SMARAPD Câmara de Paulínia
CÂMARA DO MUNICÍPIO DE PAULÍNIA, ,2.1.8.8.1.01.10.001 ,DEPÓSITO JUDICIAL                                 ,29/04/2025 00:00,ARRECADACAO         ,"2.433,36",BANCO DO BRASIL (APLICAÇÃO)                       ,334844,2025,paulinia,camara,SMARAPD Câmara de Paulínia
CÂMARA DO MUNICÍPIO DE PAULÍNIA, ,2.1.8.8.1.01.11.007 ,UNIMED                                            ,09/04/2025 00:00,ARRECADACAO         ,"320,18",BANCO DO BRASIL (APLICAÇÃO)                       ,333201,2025,paulinia,camara,SMARAPD Câmara de Paulínia
CÂMARA DO MUNICÍPIO DE PAULÍNIA, ,2.1.8.8.1.01.11.007 ,UNIMED                                            ,29/04/2025 00:00,ARRECADACAO         ,"25.225,25",BANCO DO BRASIL (APLICAÇÃO)                       ,334841,2025,paulinia,camara,SMARAPD Câmara de Paulínia
CÂMARA DO MUNICÍPIO DE PAULÍNIA, ,2.1.8.8.1.01.11.008 ,UNIODONTO CAMPINAS                                ,09/04/2025 00:00,ARRECADACAO         ,"17,52",BANCO DO BRASIL (APLICAÇÃO)                       ,333206,2025,paulinia,camara,SMARAPD Câmara de Paulínia
CÂMARA DO MUNICÍPIO DE PAULÍNIA, ,2.1.8.8.1.01.11.008 ,UNIODONTO CAMPINAS                                ,29/04/2025 00:00,ARRECADACAO         ,"671,60",BANCO DO BRASIL (APLICAÇÃO)                       ,334842,2025,paulinia,camara,SMARAPD Câmara de Paulínia
CÂMARA DO MUNICÍPIO DE PAULÍNIA, ,2.1.8.8.1.01.11.008 ,UNIODONTO CAMPINAS                                ,29/04/2025 00:00,ARRECADACAO         ,"683,01",BANCO DO BRASIL (APLICAÇÃO)                       ,334852,2025,paulinia,camara,SMARAPD Câmara de Paulínia
CÂMARA DO MUNICÍPIO DE PAULÍNIA, ,2.1.8.8.5.01.08.001 ,I.S.S.Q.N. - RETENÇÃO PESSOA JURIDICA             ,16/04/2025 00:00,ARRECADACAO         ,"43,46",BANCO DO BRASIL (APLICAÇÃO)                       ,334248,2025,paulinia,camara,SMARAPD Câmara de Paulínia
CÂMARA DO MUNICÍPIO DE PAULÍNIA, ,2.1.8.8.1.04.99.002 ,RENDIMENTOS DE APLICAÇÕES FINANCEIRAS             ,30/04/2025 00:00,ARRECADACAO         ,"24.815,24",BANCO DO BRASIL (APLICAÇÃO)                       ,335166,2025,paulinia,camara,SMARAPD Câmara de Paulínia
CÂMARA DO MUNICÍPIO DE PAULÍNIA, ,2.1.8.8.5.01.08.001 ,I.S.S.Q.N. - RETENÇÃO PESSOA JURIDICA             ,05/05/2025 00:00,ARRECADACAO         ,"865,90",BANCO DO BRASIL (APLICAÇÃO)                       ,335343,2025,paulinia,camara,SMARAPD Câmara de Paulínia
CÂMARA DO MUNICÍPIO DE PAULÍNIA, ,2.1.8.8.5.01.08.001 ,I.S.S.Q.N. - RETENÇÃO PESSOA JURIDICA             ,12/05/2025 00:00,ARRECADACAO         ,"10,00",BANCO DO BRASIL (APLICAÇÃO)                       ,339433,2025,paulinia,camara,SMARAPD Câmara de Paulínia
CÂMARA DO MUNICÍPIO DE PAULÍNIA, ,2.1.8.8.5.01.08.001 ,I.S.S.Q.N. - RETENÇÃO PESSOA JURIDICA             ,20/05/2025 00:00,ARRECADACAO         ,"231,75",BANCO DO BRASIL (APLICAÇÃO)                       ,340186,2025,paulinia,camara,SMARAPD Câmara de Paulínia
CÂMARA DO MUNICÍPIO DE PAULÍNIA, ,2.1.8.8.3.01.04.001 ,IRRF - FOLHA DE PAGAMENTO                         ,29/05/2025 00:00,ARRECADACAO         ,"218.487,37",BANCO DO BRASIL (APLICAÇÃO)                       ,340850,2025,paulinia,camara,SMARAPD Câmara de Paulínia
CÂMARA DO MUNICÍPIO DE PAULÍNIA, ,2.1.8.8.1.01.15.002 ,EMPRÉSTIMO CAIXA ECONOMICA FEDERAL                ,29/05/2025 00:00,ARRECADACAO         ,"19.922,16",BANCO DO BRASIL (APLICAÇÃO)                       ,340849,2025,paulinia,camara,SMARAPD Câmara de Paulínia
CÂMARA DO MUNICÍPIO DE PAULÍNIA, ,2.1.8.8.1.01.15.002 ,EMPRÉSTIMO CAIXA ECONOMICA FEDERAL                ,29/05/2025 00:00,ARRECADACAO         ,"3.219,52",BANCO DO BRASIL (APLICAÇÃO)                       ,340860,2025,paulinia,camara,SMARAPD Câmara de Paulínia
CÂMARA DO MUNICÍPIO DE PAULÍNIA, ,2.1.8.8.1.01.11.005 ,SAMARITANO                                        ,29/05/2025 00:00,ARRECADACAO         ,"1.083,44",BANCO DO BRASIL (APLICAÇÃO)                       ,340853,2025,paulinia,camara,SMARAPD Câmara de Paulínia
CÂMARA DO MUNICÍPIO DE PAULÍNIA, ,2.1.8.8.3.01.04.002 ,IRRF - RETENÇÃO PESSOA JURIDICA                   ,14/05/2025 00:00,ARRECADACAO         ,"91,20",BANCO DO BRASIL (APLICAÇÃO)                       ,339699,2025,paulinia,camara,SMARAPD Câmara de Paulínia
CÂMARA DO MUNICÍPIO DE PAULÍNIA, ,2.1.8.8.3.01.04.002 ,IRRF - RETENÇÃO PESSOA JURIDICA                   ,15/05/2025 00:00,ARRECADACAO         ,"10.212,06",BANCO DO BRASIL (APLICAÇÃO)                       ,339761,2025,paulinia,camara,SMARAPD Câmara de Paulínia
CÂMARA DO MUNICÍPIO DE PAULÍNIA, ,2.1.8.8.3.01.04.002 ,IRRF - RETENÇÃO PESSOA JURIDICA                   ,20/05/2025 00:00,ARRECADACAO         ,"322,07",BANCO DO BRASIL (APLICAÇÃO)                       ,340185,2025,paulinia,camara,SMARAPD Câmara de Paulínia
CÂMARA DO MUNICÍPIO DE PAULÍNIA, ,2.1.8.8.3.01.04.002 ,IRRF - RETENÇÃO PESSOA JURIDICA                   ,20/05/2025 00:00,ARRECADACAO         ,"662,41",BANCO DO BRASIL (APLICAÇÃO)                       ,340188,2025,paulinia,camara,SMARAPD Câmara de Paulínia
CÂMARA DO MUNICÍPIO DE PAULÍNIA, ,2.1.8.8.3.01.04.002 ,IRRF - RETENÇÃO PESSOA JURIDICA                   ,26/05/2025 00:00,ARRECADACAO         ,"50,05",BANCO DO BRASIL (APLICAÇÃO)                       ,340702,2025,paulinia,camara,SMARAPD Câmara de Paulínia
CÂMARA DO MUNICÍPIO DE PAULÍNIA, ,2.1.8.8.3.01.04.002 ,IRRF - RETENÇÃO PESSOA JURIDICA                   ,26/05/2025 00:00,ARRECADACAO         ,"32,67",BANCO DO BRASIL (APLICAÇÃO)                       ,340703,2025,paulinia,camara,SMARAPD Câmara de Paulínia
CÂMARA DO MUNICÍPIO DE PAULÍNIA, ,2.1.8.8.3.01.04.002 ,IRRF - RETENÇÃO PESSOA JURIDICA                   ,26/05/2025 00:00,ARRECADACAO         ,"348,20",BANCO DO BRASIL (APLICAÇÃO)                       ,340704,2025,paulinia,camara,SMARAPD Câmara de Paulínia
CÂMARA DO MUNICÍPIO DE PAULÍNIA, ,2.1.8.8.1.01.15.001 ,EMPRÉSTIMO BANCO DO BRASIL                        ,29/05/2025 00:00,ARRECADACAO         ,"6.077,82",BANCO DO BRASIL (APLICAÇÃO)                       ,340859,2025,paulinia,camara,SMARAPD Câmara de Paulínia
CÂMARA DO MUNICÍPIO DE PAULÍNIA, ,2.1.8.8.1.01.99.001 ,ASMUP                                             ,29/05/2025 00:00,ARRECADACAO         ,"1.645,00",BANCO DO BRASIL (APLICAÇÃO)                       ,340856,2025,paulinia,camara,SMARAPD Câmara de Paulínia
CÂMARA DO MUNICÍPIO DE PAULÍNIA, ,2.1.8.8.1.01.11.007 ,UNIMED                                            ,29/05/2025 00:00,ARRECADACAO         ,"24.506,72",BANCO DO BRASIL (APLICAÇÃO)                       ,340854,2025,paulinia,camara,SMARAPD Câmara de Paulínia
CÂMARA DO MUNICÍPIO DE PAULÍNIA, ,2.1.8.8.1.01.03.001 ,PAULÍNIA PREVI                                    ,29/05/2025 00:00,ARRECADACAO         ,"116.075,48",BANCO DO BRASIL (APLICAÇÃO)                       ,340852,2025,paulinia,camara,SMARAPD Câmara de Paulínia
CÂMARA DO MUNICÍPIO DE PAULÍNIA, ,4.5.1.1.2.02.00.000 ,REPASSE RECEBIDO                                  ,20/05/2025 00:00,ARRECADACAO         ,"3.900.000,00",BANCO DO BRASIL (APLICAÇÃO)                       ,340189,2025,paulinia,camara,SMARAPD Câmara de Paulínia
CÂMARA DO MUNICÍPIO DE PAULÍNIA, ,2.1.8.8.1.01.10.001 ,DEPÓSITO JUDICIAL                                 ,29/05/2025 00:00,ARRECADACAO         ,"1.518,00",BANCO DO BRASIL (APLICAÇÃO)                       ,340846,2025,paulinia,camara,SMARAPD Câmara de Paulínia
CÂMARA DO MUNICÍPIO DE PAULÍNIA, ,2.1.8.8.1.01.10.001 ,DEPÓSITO JUDICIAL                                 ,29/05/2025 00:00,ARRECADACAO         ,"2.005,68",BANCO DO BRASIL (APLICAÇÃO)                       ,340847,2025,paulinia,camara,SMARAPD Câmara de Paulínia
CÂMARA DO MUNICÍPIO DE PAULÍNIA, ,2.1.8.8.1.01.10.001 ,DEPÓSITO JUDICIAL                                 ,29/05/2025 00:00,ARRECADACAO         ,"2.583,38",BANCO DO BRASIL (APLICAÇÃO)                       ,340857,2025,paulinia,camara,SMARAPD Câmara de Paulínia
CÂMARA DO MUNICÍPIO DE PAULÍNIA, ,2.1.8.8.5.01.08.001 ,I.S.S.Q.N. - RETENÇÃO PESSOA JURIDICA             ,05/06/2025 00:00,ARRECADACAO         ,"948,86",BANCO DO BRASIL (APLICAÇÃO)                       ,341776,2025,paulinia,camara,SMARAPD Câmara de Paulínia
CÂMARA DO MUNICÍPIO DE PAULÍNIA, ,2.1.8.8.5.01.08.001 ,I.S.S.Q.N. - RETENÇÃO PESSOA JURIDICA             ,10/06/2025 00:00,ARRECADACAO         ,"635,24",BANCO DO BRASIL (APLICAÇÃO)                       ,345484,2025,paulinia,camara,SMARAPD Câmara de Paulínia
CÂMARA DO MUNICÍPIO DE PAULÍNIA, ,2.1.8.8.5.01.08.001 ,I.S.S.Q.N. - RETENÇÃO PESSOA JURIDICA             ,10/06/2025 00:00,ARRECADACAO         ,"18,46",BANCO DO BRASIL (APLICAÇÃO)                       ,345485,2025,paulinia,camara,SMARAPD Câmara de Paulínia
CÂMARA DO MUNICÍPIO DE PAULÍNIA, ,2.1.8.8.5.01.08.001 ,I.S.S.Q.N. - RETENÇÃO PESSOA JURIDICA             ,10/06/2025 00:00,ARRECADACAO         ,"5.117,54",BANCO DO BRASIL (APLICAÇÃO)                       ,345489,2025,paulinia,camara,SMARAPD Câmara de Paulínia
CÂMARA DO MUNICÍPIO DE PAULÍNIA, ,2.1.8.8.5.01.08.001 ,I.S.S.Q.N. - RETENÇÃO PESSOA JURIDICA             ,23/06/2025 00:00,ARRECADACAO         ,"116,12",BANCO DO BRASIL (APLICAÇÃO)                       ,346905,2025,paulinia,camara,SMARAPD Câmara de Paulínia
CÂMARA DO MUNICÍPIO DE PAULÍNIA, ,2.1.8.8.5.01.08.001 ,I.S.S.Q.N. - RETENÇÃO PESSOA JURIDICA             ,23/06/2025 00:00,ARRECADACAO         ,"10,00",BANCO DO BRASIL (APLICAÇÃO)                       ,346907,2025,paulinia,camara,SMARAPD Câmara de Paulínia
CÂMARA DO MUNICÍPIO DE PAULÍNIA, ,2.1.8.8.1.01.13.002 ,MENSALIDADE SINDICATO                             ,25/06/2025 00:00,ARRECADACAO         ,"65,00",BANCO DO BRASIL (APLICAÇÃO)                       ,347240,2025,paulinia,camara,SMARAPD Câmara de Paulínia
CÂMARA DO MUNICÍPIO DE PAULÍNIA, ,2.1.8.8.1.01.15.002 ,EMPRÉSTIMO CAIXA ECONOMICA FEDERAL                ,25/06/2025 00:00,ARRECADACAO         ,"5.101,60",BANCO DO BRASIL (APLICAÇÃO)                       ,347249,2025,paulinia,camara,SMARAPD Câmara de Paulínia
CÂMARA DO MUNICÍPIO DE PAULÍNIA, ,2.1.8.8.3.01.04.002 ,IRRF - RETENÇÃO PESSOA JURIDICA                   ,02/06/2025 00:00,ARRECADACAO         ,"556,97",BANCO DO BRASIL (APLICAÇÃO)                       ,341135,2025,paulinia,camara,SMARAPD Câmara de Paulínia
CÂMARA DO MUNICÍPIO DE PAULÍNIA, ,2.1.8.8.1.01.15.001 ,EMPRÉSTIMO BANCO DO BRASIL                        ,25/06/2025 00:00,ARRECADACAO         ,"39.608,09",BANCO DO BRASIL (APLICAÇÃO)                       ,347237,2025,paulinia,camara,SMARAPD Câmara de Paulínia
CÂMARA DO MUNICÍPIO DE PAULÍNIA, ,2.1.8.8.1.01.99.001 ,ASMUP                                             ,25/06/2025 00:00,ARRECADACAO         ,"1.743,70",BANCO DO BRASIL (APLICAÇÃO)                       ,347233,2025,paulinia,camara,SMARAPD Câmara de Paulínia
CÂMARA DO MUNICÍPIO DE PAULÍNIA, ,2.1.8.8.1.01.11.008 ,UNIODONTO CAMPINAS                                ,25/06/2025 00:00,ARRECADACAO         ,"683,28",BANCO DO BRASIL (APLICAÇÃO)                       ,347244,2025,paulinia,camara,SMARAPD Câmara de Paulínia
CÂMARA DO MUNICÍPIO DE PAULÍNIA, ,2.1.8.8.1.01.11.008 ,UNIODONTO CAMPINAS                                ,25/06/2025 00:00,ARRECADACAO         ,"735,57",BANCO DO BRASIL (APLICAÇÃO)                       ,347254,2025,paulinia,camara,SMARAPD Câmara de Paulínia
CÂMARA DO MUNICÍPIO DE PAULÍNIA, ,2.1.8.8.3.01.04.002 ,IRRF - RETENÇÃO PESSOA JURIDICA                   ,10/06/2025 00:00,ARRECADACAO         ,"91,20",BANCO DO BRASIL (APLICAÇÃO)                       ,345487,2025,paulinia,camara,SMARAPD Câmara de Paulínia
CÂMARA DO MUNICÍPIO DE PAULÍNIA, ,2.1.8.8.3.01.04.002 ,IRRF - RETENÇÃO PESSOA JURIDICA                   ,16/06/2025 00:00,ARRECADACAO         ,"268,94",BANCO DO BRASIL (APLICAÇÃO)                       ,346074,2025,paulinia,camara,SMARAPD Câmara de Paulínia
CÂMARA DO MUNICÍPIO DE PAULÍNIA, ,2.1.8.8.3.01.04.002 ,IRRF - RETENÇÃO PESSOA JURIDICA                   ,18/06/2025 00:00,ARRECADACAO         ,"686,88",BANCO DO BRASIL (APLICAÇÃO)                       ,346712,2025,paulinia,camara,SMARAPD Câmara de Paulínia
CÂMARA DO MUNICÍPIO DE PAULÍNIA, ,2.1.8.8.3.01.04.002 ,IRRF - RETENÇÃO PESSOA JURIDICA                   ,23/06/2025 00:00,ARRECADACAO         ,"222,94",BANCO DO BRASIL (APLICAÇÃO)                       ,346906,2025,paulinia,camara,SMARAPD Câmara de Paulínia
CÂMARA DO MUNICÍPIO DE PAULÍNIA, ,2.1.8.8.3.01.04.002 ,IRRF - RETENÇÃO PESSOA JURIDICA                   ,23/06/2025 00:00,ARRECADACAO         ,"6,00",BANCO DO BRASIL (APLICAÇÃO)                       ,346908,2025,paulinia,camara,SMARAPD Câmara de Paulínia
CÂMARA DO MUNICÍPIO DE PAULÍNIA, ,2.1.8.8.3.01.04.002 ,IRRF - RETENÇÃO PESSOA JURIDICA                   ,25/06/2025 00:00,ARRECADACAO         ,"50,05",BANCO DO BRASIL (APLICAÇÃO)                       ,347123,2025,paulinia,camara,SMARAPD Câmara de Paulínia
CÂMARA DO MUNICÍPIO DE PAULÍNIA, ,2.1.8.8.1.01.03.001 ,PAULÍNIA PREVI                                    ,25/06/2025 00:00,ARRECADACAO         ,"125.391,76",BANCO DO BRASIL (APLICAÇÃO)                       ,347241,2025,paulinia,camara,SMARAPD Câmara de Paulínia
CÂMARA DO MUNICÍPIO DE PAULÍNIA, ,2.1.8.8.1.04.99.002 ,RENDIMENTOS DE APLICAÇÕES FINANCEIRAS             ,30/06/2025 00:00,ARRECADACAO         ,"28.575,60",BANCO DO BRASIL (APLICAÇÃO)                       ,347512,2025,paulinia,camara,SMARAPD Câmara de Paulínia
CÂMARA DO MUNICÍPIO DE PAULÍNIA, ,2.1.8.8.1.01.99.003 ,DIVERSOS                                          ,25/06/2025 00:00,ARRECADACAO         ,"1.174,27",BANCO DO BRASIL (APLICAÇÃO)                       ,347247,2025,paulinia,camara,SMARAPD Câmara de Paulínia
CÂMARA DO MUNICÍPIO DE PAULÍNIA, ,2.1.8.8.1.04.99.001 ,REMUNERAÇÃO DE AÇÕES                              ,25/06/2025 00:00,ARRECADACAO         ,"279,62",BANCO DO BRASIL (APLICAÇÃO)                       ,347120,2025,paulinia,camara,SMARAPD Câmara de Paulínia
CÂMARA DO MUNICÍPIO DE PAULÍNIA, ,2.1.8.8.1.01.10.001 ,DEPÓSITO JUDICIAL                                 ,25/06/2025 00:00,ARRECADACAO         ,"4.567,56",BANCO DO BRASIL (APLICAÇÃO)                       ,347236,2025,paulinia,camara,SMARAPD Câmara de Paulínia
CÂMARA DO MUNICÍPIO DE PAULÍNIA, ,2.1.8.8.1.01.13.002 ,MENSALIDADE SINDICATO                             ,29/07/2025 00:00,ARRECADACAO         ,"65,00",BANCO DO BRASIL (APLICAÇÃO)                       ,353478,2025,paulinia,camara,SMARAPD Câmara de Paulínia
CÂMARA DO MUNICÍPIO DE PAULÍNIA, ,2.1.8.8.1.01.99.001 ,ASMUP                                             ,14/07/2025 00:00,ARRECADACAO         ,"32,90",BANCO DO BRASIL (APLICAÇÃO)                       ,351969,2025,paulinia,camara,SMARAPD Câmara de Paulínia
CÂMARA DO MUNICÍPIO DE PAULÍNIA, ,2.1.8.8.1.01.15.001 ,EMPRÉSTIMO BANCO DO BRASIL                        ,29/07/2025 00:00,ARRECADACAO         ,"17.260,27",BANCO DO BRASIL (APLICAÇÃO)                       ,353486,2025,paulinia,camara,SMARAPD Câmara de Paulínia
CÂMARA DO MUNICÍPIO DE PAULÍNIA, ,2.1.8.8.1.01.10.001 ,DEPÓSITO JUDICIAL                                 ,29/07/2025 00:00,ARRECADACAO         ,"1.518,00",BANCO DO BRASIL (APLICAÇÃO)                       ,353474,2025,paulinia,camara,SMARAPD Câmara de Paulínia
CÂMARA DO MUNICÍPIO DE PAULÍNIA, ,2.1.8.8.1.01.11.008 ,UNIODONTO CAMPINAS                                ,29/07/2025 00:00,ARRECADACAO         ,"793,97",BANCO DO BRASIL (APLICAÇÃO)                       ,353492,2025,paulinia,camara,SMARAPD Câmara de Paulínia
CÂMARA DO MUNICÍPIO DE PAULÍNIA, ,2.1.8.8.3.01.02.003 ,I.N.S.S.- FOLHA DE PAGAMENTO                      ,29/07/2025 00:00,ARRECADACAO         ,"70.286,91",BANCO DO BRASIL (APLICAÇÃO)                       ,353488,2025,paulinia,camara,SMARAPD Câmara de Paulínia
CÂMARA DO MUNICÍPIO DE PAULÍNIA, ,2.1.8.8.3.01.04.001 ,IRRF - FOLHA DE PAGAMENTO                         ,14/07/2025 00:00,ARRECADACAO         ,"9.574,97",BANCO DO BRASIL (APLICAÇÃO)                       ,351970,2025,paulinia,camara,SMARAPD Câmara de Paulínia
CÂMARA DO MUNICÍPIO DE PAULÍNIA, ,2.1.8.8.3.01.04.001 ,IRRF - FOLHA DE PAGAMENTO                         ,29/07/2025 00:00,ARRECADACAO         ,"159.302,37",BANCO DO BRASIL (APLICAÇÃO)                       ,353489,2025,paulinia,camara,SMARAPD Câmara de Paulínia
CÂMARA DO MUNICÍPIO DE PAULÍNIA, ,2.1.8.8.5.01.08.001 ,I.S.S.Q.N. - RETENÇÃO PESSOA JURIDICA             ,10/07/2025 00:00,ARRECADACAO         ,"362,05",BANCO DO BRASIL (APLICAÇÃO)                       ,351846,2025,paulinia,camara,SMARAPD Câmara de Paulínia
CÂMARA DO MUNICÍPIO DE PAULÍNIA, ,2.1.8.8.5.01.08.001 ,I.S.S.Q.N. - RETENÇÃO PESSOA JURIDICA             ,10/07/2025 00:00,ARRECADACAO         ,"10,00",BANCO DO BRASIL (APLICAÇÃO)                       ,351852,2025,paulinia,camara,SMARAPD Câmara de Paulínia
CÂMARA DO MUNICÍPIO DE PAULÍNIA, ,2.1.8.8.5.01.08.001 ,I.S.S.Q.N. - RETENÇÃO PESSOA JURIDICA             ,10/07/2025 00:00,ARRECADACAO         ,"5.117,54",BANCO DO BRASIL (APLICAÇÃO)                       ,351857,2025,paulinia,camara,SMARAPD Câmara de Paulínia
CÂMARA DO MUNICÍPIO DE PAULÍNIA, ,2.1.8.8.5.01.08.001 ,I.S.S.Q.N. - RETENÇÃO PESSOA JURIDICA             ,14/07/2025 00:00,ARRECADACAO         ,"31,59",BANCO DO BRASIL (APLICAÇÃO)                       ,351974,2025,paulinia,camara,SMARAPD Câmara de Paulínia
CÂMARA DO MUNICÍPIO DE PAULÍNIA, ,2.1.8.8.5.01.08.001 ,I.S.S.Q.N. - RETENÇÃO PESSOA JURIDICA             ,24/07/2025 00:00,ARRECADACAO         ,"44,44",BANCO DO BRASIL (APLICAÇÃO)                       ,353240,2025,paulinia,camara,SMARAPD Câmara de Paulínia
CÂMARA DO MUNICÍPIO DE PAULÍNIA, ,2.1.8.8.5.01.08.001 ,I.S.S.Q.N. - RETENÇÃO PESSOA JURIDICA             ,25/07/2025 00:00,ARRECADACAO         ,"6,00",BANCO DO BRASIL (APLICAÇÃO)                       ,353365,2025,paulinia,camara,SMARAPD Câmara de Paulínia
CÂMARA DO MUNICÍPIO DE PAULÍNIA, ,2.1.8.8.5.01.08.001 ,I.S.S.Q.N. - RETENÇÃO PESSOA JURIDICA             ,25/07/2025 00:00,ARRECADACAO         ,"1,68",BANCO DO BRASIL (APLICAÇÃO)                       ,353366,2025,paulinia,camara,SMARAPD Câmara de Paulínia
CÂMARA DO MUNICÍPIO DE PAULÍNIA, ,2.1.8.8.3.01.04.002 ,IRRF - RETENÇÃO PESSOA JURIDICA                   ,10/07/2025 00:00,ARRECADACAO         ,"6,00",BANCO DO BRASIL (APLICAÇÃO)                       ,351853,2025,paulinia,camara,SMARAPD Câmara de Paulínia
CÂMARA DO MUNICÍPIO DE PAULÍNIA, ,2.1.8.8.3.01.04.002 ,IRRF - RETENÇÃO PESSOA JURIDICA                   ,10/07/2025 00:00,ARRECADACAO         ,"538,53",BANCO DO BRASIL (APLICAÇÃO)                       ,351854,2025,paulinia,camara,SMARAPD Câmara de Paulínia
CÂMARA DO MUNICÍPIO DE PAULÍNIA, ,2.1.8.8.3.01.04.002 ,IRRF - RETENÇÃO PESSOA JURIDICA                   ,10/07/2025 00:00,ARRECADACAO         ,"91,20",BANCO DO BRASIL (APLICAÇÃO)                       ,351855,2025,paulinia,camara,SMARAPD Câmara de Paulínia
CÂMARA DO MUNICÍPIO DE PAULÍNIA, ,2.1.8.8.3.01.04.002 ,IRRF - RETENÇÃO PESSOA JURIDICA                   ,14/07/2025 00:00,ARRECADACAO         ,"10.212,06",BANCO DO BRASIL (APLICAÇÃO)                       ,351973,2025,paulinia,camara,SMARAPD Câmara de Paulínia
CÂMARA DO MUNICÍPIO DE PAULÍNIA, ,2.1.8.8.3.01.04.002 ,IRRF - RETENÇÃO PESSOA JURIDICA                   ,16/07/2025 00:00,ARRECADACAO         ,"630,33",BANCO DO BRASIL (APLICAÇÃO)                       ,352289,2025,paulinia,camara,SMARAPD Câmara de Paulínia
CÂMARA DO MUNICÍPIO DE PAULÍNIA, ,2.1.8.8.3.01.04.002 ,IRRF - RETENÇÃO PESSOA JURIDICA                   ,16/07/2025 00:00,ARRECADACAO         ,"249,05",BANCO DO BRASIL (APLICAÇÃO)                       ,352290,2025,paulinia,camara,SMARAPD Câmara de Paulínia
CÂMARA DO MUNICÍPIO DE PAULÍNIA, ,2.1.8.8.3.01.04.002 ,IRRF - RETENÇÃO PESSOA JURIDICA                   ,24/07/2025 00:00,ARRECADACAO         ,"4,96",BANCO DO BRASIL (APLICAÇÃO)                       ,353242,2025,paulinia,camara,SMARAPD Câmara de Paulínia
CÂMARA DO MUNICÍPIO DE PAULÍNIA, ,2.1.8.8.3.01.04.002 ,IRRF - RETENÇÃO PESSOA JURIDICA                   ,31/07/2025 00:00,ARRECADACAO         ,"57,60",BANCO DO BRASIL (APLICAÇÃO)                       ,353544,2025,paulinia,camara,SMARAPD Câmara de Paulínia
CÂMARA DO MUNICÍPIO DE PAULÍNIA, ,2.1.8.8.3.01.04.002 ,IRRF - RETENÇÃO PESSOA JURIDICA                   ,07/07/2025 00:00,ARRECADACAO         ,"24,78",BANCO DO BRASIL (APLICAÇÃO)                       ,347794,2025,paulinia,camara,SMARAPD Câmara de Paulínia
CÂMARA DO MUNICÍPIO DE PAULÍNIA, ,2.1.8.8.3.01.04.002 ,IRRF - RETENÇÃO PESSOA JURIDICA                   ,10/07/2025 00:00,ARRECADACAO         ,"980,34",BANCO DO BRASIL (APLICAÇÃO)                       ,351841,2025,paulinia,camara,SMARAPD Câmara de Paulínia
CÂMARA DO MUNICÍPIO DE PAULÍNIA, ,2.1.8.8.3.01.04.002 ,IRRF - RETENÇÃO PESSOA JURIDICA                   ,10/07/2025 00:00,ARRECADACAO         ,"32,67",BANCO DO BRASIL (APLICAÇÃO)                       ,351842,2025,paulinia,camara,SMARAPD Câmara de Paulínia
CÂMARA DO MUNICÍPIO DE PAULÍNIA, ,2.1.8.8.1.01.03.001 ,PAULÍNIA PREVI                                    ,14/07/2025 00:00,ARRECADACAO         ,"4.338,38",BANCO DO BRASIL (APLICAÇÃO)                       ,351971,2025,paulinia,camara,SMARAPD Câmara de Paulínia
CÂMARA DO MUNICÍPIO DE PAULÍNIA, ,2.1.8.8.3.01.02.002 ,I.N.S.S - RETENÇÃO PESSOA JURIDICA                ,10/07/2025 00:00,ARRECADACAO         ,"1.593,03",BANCO DO BRASIL (APLICAÇÃO)                       ,351845,2025,paulinia,camara,SMARAPD Câmara de Paulínia
CÂMARA DO MUNICÍPIO DE PAULÍNIA, ,2.1.8.8.3.01.02.002 ,I.N.S.S - RETENÇÃO PESSOA JURIDICA                ,10/07/2025 00:00,ARRECADACAO         ,"110,00",BANCO DO BRASIL (APLICAÇÃO)                       ,351848,2025,paulinia,camara,SMARAPD Câmara de Paulínia
CÂMARA DO MUNICÍPIO DE PAULÍNIA, ,2.1.8.8.3.01.02.002 ,I.N.S.S - RETENÇÃO PESSOA JURIDICA                ,10/07/2025 00:00,ARRECADACAO         ,"5.629,30",BANCO DO BRASIL (APLICAÇÃO)                       ,351856,2025,paulinia,camara,SMARAPD Câmara de Paulínia
CÂMARA DO MUNICÍPIO DE PAULÍNIA, ,2.1.8.8.1.01.15.002 ,EMPRÉSTIMO CAIXA ECONOMICA FEDERAL                ,28/08/2025 00:00,ARRECADACAO         ,"7.402,68",BANCO DO BRASIL (APLICAÇÃO)                       ,359805,2025,paulinia,camara,SMARAPD Câmara de Paulínia
CÂMARA DO MUNICÍPIO DE PAULÍNIA, ,2.1.8.8.1.01.11.005 ,SAMARITANO                                        ,28/08/2025 00:00,ARRECADACAO         ,"1.083,44",BANCO DO BRASIL (APLICAÇÃO)                       ,359798,2025,paulinia,camara,SMARAPD Câmara de Paulínia
CÂMARA DO MUNICÍPIO DE PAULÍNIA, ,2.1.8.8.1.01.10.001 ,DEPÓSITO JUDICIAL                                 ,28/08/2025 00:00,ARRECADACAO         ,"1.518,00",BANCO DO BRASIL (APLICAÇÃO)                       ,359792,2025,paulinia,camara,SMARAPD Câmara de Paulínia
CÂMARA DO MUNICÍPIO DE PAULÍNIA, ,2.1.8.8.1.01.11.008 ,UNIODONTO CAMPINAS                                ,28/08/2025 00:00,ARRECADACAO         ,"677,44",BANCO DO BRASIL (APLICAÇÃO)                       ,359800,2025,paulinia,camara,SMARAPD Câmara de Paulínia
CÂMARA DO MUNICÍPIO DE PAULÍNIA, ,2.1.8.8.3.01.02.003 ,I.N.S.S.- FOLHA DE PAGAMENTO                      ,28/08/2025 00:00,ARRECADACAO         ,"70.215,37",BANCO DO BRASIL (APLICAÇÃO)                       ,359806,2025,paulinia,camara,SMARAPD Câmara de Paulínia
CÂMARA DO MUNICÍPIO DE PAULÍNIA, ,2.1.8.8.1.01.11.007 ,UNIMED                                            ,28/08/2025 00:00,ARRECADACAO         ,"23.681,98",BANCO DO BRASIL (APLICAÇÃO)                       ,359799,2025,paulinia,camara,SMARAPD Câmara de Paulínia
CÂMARA DO MUNICÍPIO DE PAULÍNIA, ,2.1.8.8.3.01.04.001 ,IRRF - FOLHA DE PAGAMENTO                         ,07/08/2025 00:00,ARRECADACAO         ,"345,89",BANCO DO BRASIL (APLICAÇÃO)                       ,357975,2025,paulinia,camara,SMARAPD Câmara de Paulínia
CÂMARA DO MUNICÍPIO DE PAULÍNIA, ,2.1.8.8.3.01.04.001 ,IRRF - FOLHA DE PAGAMENTO                         ,28/08/2025 00:00,ARRECADACAO         ,"157.069,76",BANCO DO BRASIL (APLICAÇÃO)                       ,359807,2025,paulinia,camara,SMARAPD Câmara de Paulínia
CÂMARA DO MUNICÍPIO DE PAULÍNIA, ,2.1.8.8.5.01.08.001 ,I.S.S.Q.N. - RETENÇÃO PESSOA JURIDICA             ,04/08/2025 00:00,ARRECADACAO         ,"18,46",BANCO DO BRASIL (APLICAÇÃO)                       ,353955,2025,paulinia,camara,SMARAPD Câmara de Paulínia
CÂMARA DO MUNICÍPIO DE PAULÍNIA, ,2.1.8.8.5.01.08.001 ,I.S.S.Q.N. - RETENÇÃO PESSOA JURIDICA             ,07/08/2025 00:00,ARRECADACAO         ,"635,24",BANCO DO BRASIL (APLICAÇÃO)                       ,357972,2025,paulinia,camara,SMARAPD Câmara de Paulínia
CÂMARA DO MUNICÍPIO DE PAULÍNIA, ,2.1.8.8.5.01.08.001 ,I.S.S.Q.N. - RETENÇÃO PESSOA JURIDICA             ,07/08/2025 00:00,ARRECADACAO         ,"387,05",BANCO DO BRASIL (APLICAÇÃO)                       ,357979,2025,paulinia,camara,SMARAPD Câmara de Paulínia
CÂMARA DO MUNICÍPIO DE PAULÍNIA, ,2.1.8.8.5.01.08.001 ,I.S.S.Q.N. - RETENÇÃO PESSOA JURIDICA             ,08/08/2025 00:00,ARRECADACAO         ,"42,27",BANCO DO BRASIL (APLICAÇÃO)                       ,358010,2025,paulinia,camara,SMARAPD Câmara de Paulínia
CÂMARA DO MUNICÍPIO DE PAULÍNIA, ,2.1.8.8.5.01.08.001 ,I.S.S.Q.N. - RETENÇÃO PESSOA JURIDICA             ,11/08/2025 00:00,ARRECADACAO         ,"3,60",BANCO DO BRASIL (APLICAÇÃO)                       ,358202,2025,paulinia,camara,SMARAPD Câmara de Paulínia
CÂMARA DO MUNICÍPIO DE PAULÍNIA, ,2.1.8.8.3.01.04.002 ,IRRF - RETENÇÃO PESSOA JURIDICA                   ,01/08/2025 00:00,ARRECADACAO         ,"35,73",BANCO DO BRASIL (APLICAÇÃO)                       ,353636,2025,paulinia,camara,SMARAPD Câmara de Paulínia
CÂMARA DO MUNICÍPIO DE PAULÍNIA, ,2.1.8.8.3.01.04.002 ,IRRF - RETENÇÃO PESSOA JURIDICA                   ,07/08/2025 00:00,ARRECADACAO         ,"743,14",BANCO DO BRASIL (APLICAÇÃO)                       ,357980,2025,paulinia,camara,SMARAPD Câmara de Paulínia
CÂMARA DO MUNICÍPIO DE PAULÍNIA, ,2.1.8.8.3.01.04.002 ,IRRF - RETENÇÃO PESSOA JURIDICA                   ,11/08/2025 00:00,ARRECADACAO         ,"980,34",BANCO DO BRASIL (APLICAÇÃO)                       ,358199,2025,paulinia,camara,SMARAPD Câmara de Paulínia
CÂMARA DO MUNICÍPIO DE PAULÍNIA, ,2.1.8.8.3.01.04.002 ,IRRF - RETENÇÃO PESSOA JURIDICA                   ,11/08/2025 00:00,ARRECADACAO         ,"10.212,06",BANCO DO BRASIL (APLICAÇÃO)                       ,358200,2025,paulinia,camara,SMARAPD Câmara de Paulínia
CÂMARA DO MUNICÍPIO DE PAULÍNIA, ,2.1.8.8.3.01.04.002 ,IRRF - RETENÇÃO PESSOA JURIDICA                   ,11/08/2025 00:00,ARRECADACAO         ,"32,67",BANCO DO BRASIL (APLICAÇÃO)                       ,358201,2025,paulinia,camara,SMARAPD Câmara de Paulínia
CÂMARA DO MUNICÍPIO DE PAULÍNIA, ,2.1.8.8.3.01.04.002 ,IRRF - RETENÇÃO PESSOA JURIDICA                   ,11/08/2025 00:00,ARRECADACAO         ,"91,20",BANCO DO BRASIL (APLICAÇÃO)                       ,358203,2025,paulinia,camara,SMARAPD Câmara de Paulínia
CÂMARA DO MUNICÍPIO DE PAULÍNIA, ,2.1.8.8.3.01.04.002 ,IRRF - RETENÇÃO PESSOA JURIDICA                   ,14/08/2025 00:00,ARRECADACAO         ,"6,00",BANCO DO BRASIL (APLICAÇÃO)                       ,358429,2025,paulinia,camara,SMARAPD Câmara de Paulínia
CÂMARA DO MUNICÍPIO DE PAULÍNIA, ,2.1.8.8.3.01.04.002 ,IRRF - RETENÇÃO PESSOA JURIDICA                   ,18/08/2025 00:00,ARRECADACAO         ,"217,36",BANCO DO BRASIL (APLICAÇÃO)                       ,359082,2025,paulinia,camara,SMARAPD Câmara de Paulínia
CÂMARA DO MUNICÍPIO DE PAULÍNIA, ,2.1.8.8.3.01.04.002 ,IRRF - RETENÇÃO PESSOA JURIDICA                   ,20/08/2025 00:00,ARRECADACAO         ,"792,00",BANCO DO BRASIL (APLICAÇÃO)                       ,359359,2025,paulinia,camara,SMARAPD Câmara de Paulínia
CÂMARA DO MUNICÍPIO DE PAULÍNIA, ,2.1.8.8.3.01.04.002 ,IRRF - RETENÇÃO PESSOA JURIDICA                   ,25/08/2025 00:00,ARRECADACAO         ,"349,13",BANCO DO BRASIL (APLICAÇÃO)                       ,359542,2025,paulinia,camara,SMARAPD Câmara de Paulínia
CÂMARA DO MUNICÍPIO DE PAULÍNIA, ,2.1.8.8.3.01.04.002 ,IRRF - RETENÇÃO PESSOA JURIDICA                   ,29/08/2025 00:00,ARRECADACAO         ,"204,00",BANCO DO BRASIL (APLICAÇÃO)                       ,359881,2025,paulinia,camara,SMARAPD Câmara de Paulínia
CÂMARA DO MUNICÍPIO DE PAULÍNIA, ,2.1.8.8.1.01.03.001 ,PAULÍNIA PREVI                                    ,28/08/2025 00:00,ARRECADACAO         ,"113.006,78",BANCO DO BRASIL (APLICAÇÃO)                       ,359797,2025,paulinia,camara,SMARAPD Câmara de Paulínia
CÂMARA DO MUNICÍPIO DE PAULÍNIA, ,2.1.8.8.3.01.02.002 ,I.N.S.S - RETENÇÃO PESSOA JURIDICA                ,11/08/2025 00:00,ARRECADACAO         ,"5.629,30",BANCO DO BRASIL (APLICAÇÃO)                       ,358204,2025,paulinia,camara,SMARAPD Câmara de Paulínia
CÂMARA DO MUNICÍPIO DE PAULÍNIA, ,4.5.1.1.2.02.00.000 ,REPASSE RECEBIDO                                  ,20/08/2025 00:00,ARRECADACAO         ,"3.900.000,00",BANCO DO BRASIL (APLICAÇÃO)                       ,359361,2025,paulinia,camara,SMARAPD Câmara de Paulínia
CÂMARA DO MUNICÍPIO DE PAULÍNIA, ,2.1.8.8.1.01.15.002 ,EMPRÉSTIMO CAIXA ECONOMICA FEDERAL                ,29/09/2025 00:00,ARRECADACAO         ,"21.384,27",BANCO DO BRASIL (APLICAÇÃO)                       ,366319,2025,paulinia,camara,SMARAPD Câmara de Paulínia
CÂMARA DO MUNICÍPIO DE PAULÍNIA, ,2.1.8.8.1.01.15.002 ,EMPRÉSTIMO CAIXA ECONOMICA FEDERAL                ,29/09/2025 00:00,ARRECADACAO         ,"7.402,68",BANCO DO BRASIL (APLICAÇÃO)                       ,366330,2025,paulinia,camara,SMARAPD Câmara de Paulínia
CÂMARA DO MUNICÍPIO DE PAULÍNIA, ,2.1.8.8.1.01.11.005 ,SAMARITANO                                        ,29/09/2025 00:00,ARRECADACAO         ,"1.242,69",BANCO DO BRASIL (APLICAÇÃO)                       ,366323,2025,paulinia,camara,SMARAPD Câmara de Paulínia
CÂMARA DO MUNICÍPIO DE PAULÍNIA, ,2.1.8.8.1.01.11.005 ,SAMARITANO                                        ,29/09/2025 00:00,ARRECADACAO         ,"7.053,84",BANCO DO BRASIL (APLICAÇÃO)                       ,366333,2025,paulinia,camara,SMARAPD Câmara de Paulínia
CÂMARA DO MUNICÍPIO DE PAULÍNIA, ,2.1.8.8.1.01.15.001 ,EMPRÉSTIMO BANCO DO BRASIL                        ,29/09/2025 00:00,ARRECADACAO         ,"34.131,12",BANCO DO BRASIL (APLICAÇÃO)                       ,366318,2025,paulinia,camara,SMARAPD Câmara de Paulínia
CÂMARA DO MUNICÍPIO DE PAULÍNIA, ,2.1.8.8.1.01.15.001 ,EMPRÉSTIMO BANCO DO BRASIL                        ,29/09/2025 00:00,ARRECADACAO         ,"18.543,16",BANCO DO BRASIL (APLICAÇÃO)                       ,366329,2025,paulinia,camara,SMARAPD Câmara de Paulínia
CÂMARA DO MUNICÍPIO DE PAULÍNIA, ,2.1.8.8.1.01.10.001 ,DEPÓSITO JUDICIAL                                 ,29/09/2025 00:00,ARRECADACAO         ,"1.366,20",BANCO DO BRASIL (APLICAÇÃO)                       ,366315,2025,paulinia,camara,SMARAPD Câmara de Paulínia
CÂMARA DO MUNICÍPIO DE PAULÍNIA, ,2.1.8.8.1.01.10.001 ,DEPÓSITO JUDICIAL                                 ,29/09/2025 00:00,ARRECADACAO         ,"1.518,00",BANCO DO BRASIL (APLICAÇÃO)                       ,366317,2025,paulinia,camara,SMARAPD Câmara de Paulínia
CÂMARA DO MUNICÍPIO DE PAULÍNIA, ,2.1.8.8.1.01.99.001 ,ASMUP                                             ,29/09/2025 00:00,ARRECADACAO         ,"1.743,70",BANCO DO BRASIL (APLICAÇÃO)                       ,366326,2025,paulinia,camara,SMARAPD Câmara de Paulínia
CÂMARA DO MUNICÍPIO DE PAULÍNIA, ,2.1.8.8.1.01.11.007 ,UNIMED                                            ,29/09/2025 00:00,ARRECADACAO         ,"14.616,42",BANCO DO BRASIL (APLICAÇÃO)                       ,366334,2025,paulinia,camara,SMARAPD Câmara de Paulínia
CÂMARA DO MUNICÍPIO DE PAULÍNIA, ,2.1.8.8.3.01.04.001 ,IRRF - FOLHA DE PAGAMENTO                         ,29/09/2025 00:00,ARRECADACAO         ,"237.645,81",BANCO DO BRASIL (APLICAÇÃO)                       ,366320,2025,paulinia,camara,SMARAPD Câmara de Paulínia
CÂMARA DO MUNICÍPIO DE PAULÍNIA, ,2.1.8.8.5.01.08.001 ,I.S.S.Q.N. - RETENÇÃO PESSOA JURIDICA             ,03/09/2025 00:00,ARRECADACAO         ,"873,67",BANCO DO BRASIL (APLICAÇÃO)                       ,364052,2025,paulinia,camara,SMARAPD Câmara de Paulínia
CÂMARA DO MUNICÍPIO DE PAULÍNIA, ,2.1.8.8.5.01.08.001 ,I.S.S.Q.N. - RETENÇÃO PESSOA JURIDICA             ,04/09/2025 00:00,ARRECADACAO         ,"218,75",BANCO DO BRASIL (APLICAÇÃO)                       ,364083,2025,paulinia,camara,SMARAPD Câmara de Paulínia
CÂMARA DO MUNICÍPIO DE PAULÍNIA, ,2.1.8.8.5.01.08.001 ,I.S.S.Q.N. - RETENÇÃO PESSOA JURIDICA             ,04/09/2025 00:00,ARRECADACAO         ,"635,24",BANCO DO BRASIL (APLICAÇÃO)                       ,364084,2025,paulinia,camara,SMARAPD Câmara de Paulínia
CÂMARA DO MUNICÍPIO DE PAULÍNIA, ,2.1.8.8.5.01.08.001 ,I.S.S.Q.N. - RETENÇÃO PESSOA JURIDICA             ,04/09/2025 00:00,ARRECADACAO         ,"774,11",BANCO DO BRASIL (APLICAÇÃO)                       ,364085,2025,paulinia,camara,SMARAPD Câmara de Paulínia
CÂMARA DO MUNICÍPIO DE PAULÍNIA, ,2.1.8.8.3.01.04.002 ,IRRF - RETENÇÃO PESSOA JURIDICA                   ,08/09/2025 00:00,ARRECADACAO         ,"51,33",BANCO DO BRASIL (APLICAÇÃO)                       ,364283,2025,paulinia,camara,SMARAPD Câmara de Paulínia
CÂMARA DO MUNICÍPIO DE PAULÍNIA, ,2.1.8.8.3.01.04.002 ,IRRF - RETENÇÃO PESSOA JURIDICA                   ,10/09/2025 00:00,ARRECADACAO         ,"440,44",BANCO DO BRASIL (APLICAÇÃO)                       ,364375,2025,paulinia,camara,SMARAPD Câmara de Paulínia
CÂMARA DO MUNICÍPIO DE PAULÍNIA, ,2.1.8.8.3.01.04.002 ,IRRF - RETENÇÃO PESSOA JURIDICA                   ,10/09/2025 00:00,ARRECADACAO         ,"91,20",BANCO DO BRASIL (APLICAÇÃO)                       ,364380,2025,paulinia,camara,SMARAPD Câmara de Paulínia
CÂMARA DO MUNICÍPIO DE PAULÍNIA, ,2.1.8.8.3.01.04.002 ,IRRF - RETENÇÃO PESSOA JURIDICA                   ,16/09/2025 00:00,ARRECADACAO         ,"222,33",BANCO DO BRASIL (APLICAÇÃO)                       ,365274,2025,paulinia,camara,SMARAPD Câmara de Paulínia
CÂMARA DO MUNICÍPIO DE PAULÍNIA, ,2.1.8.8.3.01.04.002 ,IRRF - RETENÇÃO PESSOA JURIDICA                   ,17/09/2025 00:00,ARRECADACAO         ,"35,40",BANCO DO BRASIL (APLICAÇÃO)                       ,365347,2025,paulinia,camara,SMARAPD Câmara de Paulínia
CÂMARA DO MUNICÍPIO DE PAULÍNIA, ,2.1.8.8.3.01.04.002 ,IRRF - RETENÇÃO PESSOA JURIDICA                   ,18/09/2025 00:00,ARRECADACAO         ,"28,32",BANCO DO BRASIL (APLICAÇÃO)                       ,365435,2025,paulinia,camara,SMARAPD Câmara de Paulínia
CÂMARA DO MUNICÍPIO DE PAULÍNIA, ,2.1.8.8.3.01.04.002 ,IRRF - RETENÇÃO PESSOA JURIDICA                   ,22/09/2025 00:00,ARRECADACAO         ,"792,00",BANCO DO BRASIL (APLICAÇÃO)                       ,365547,2025,paulinia,camara,SMARAPD Câmara de Paulínia
CÂMARA DO MUNICÍPIO DE PAULÍNIA, ,2.1.8.8.3.01.04.002 ,IRRF - RETENÇÃO PESSOA JURIDICA                   ,24/09/2025 00:00,ARRECADACAO         ,"360,94",BANCO DO BRASIL (APLICAÇÃO)                       ,365784,2025,paulinia,camara,SMARAPD Câmara de Paulínia
CÂMARA DO MUNICÍPIO DE PAULÍNIA, ,2.1.8.8.3.01.04.002 ,IRRF - RETENÇÃO PESSOA JURIDICA                   ,26/09/2025 00:00,ARRECADACAO         ,"23,45",BANCO DO BRASIL (APLICAÇÃO)                       ,365924,2025,paulinia,camara,SMARAPD Câmara de Paulínia
CÂMARA DO MUNICÍPIO DE PAULÍNIA, ,2.1.8.8.3.01.04.002 ,IRRF - RETENÇÃO PESSOA JURIDICA                   ,30/09/2025 00:00,ARRECADACAO         ,"204,00",BANCO DO BRASIL (APLICAÇÃO)                       ,366337,2025,paulinia,camara,SMARAPD Câmara de Paulínia
CÂMARA DO MUNICÍPIO DE PAULÍNIA, ,2.1.8.8.5.01.08.001 ,I.S.S.Q.N. - RETENÇÃO PESSOA JURIDICA             ,08/09/2025 00:00,ARRECADACAO         ,"43,15",BANCO DO BRASIL (APLICAÇÃO)                       ,364284,2025,paulinia,camara,SMARAPD Câmara de Paulínia
CÂMARA DO MUNICÍPIO DE PAULÍNIA, ,2.1.8.8.5.01.08.001 ,I.S.S.Q.N. - RETENÇÃO PESSOA JURIDICA             ,10/09/2025 00:00,ARRECADACAO         ,"1,20",BANCO DO BRASIL (APLICAÇÃO)                       ,364379,2025,paulinia,camara,SMARAPD Câmara de Paulínia
CÂMARA DO MUNICÍPIO DE PAULÍNIA, ,2.1.8.8.1.04.99.002 ,RENDIMENTOS DE APLICAÇÕES FINANCEIRAS             ,30/09/2025 00:00,ARRECADACAO         ,"37.679,64",BANCO DO BRASIL (APLICAÇÃO)                       ,366339,2025,paulinia,camara,SMARAPD Câmara de Paulínia
CÂMARA DO MUNICÍPIO DE PAULÍNIA, ,2.1.8.8.1.01.99.003 ,DIVERSOS                                          ,29/09/2025 00:00,ARRECADACAO         ,"1.174,27",BANCO DO BRASIL (APLICAÇÃO)                       ,366328,2025,paulinia,camara,SMARAPD Câmara de Paulínia
CÂMARA DO MUNICÍPIO DE PAULÍNIA, ,2.1.8.8.1.01.11.008 ,UNIODONTO CAMPINAS                                ,29/09/2025 00:00,ARRECADACAO         ,"811,49",BANCO DO BRASIL (APLICAÇÃO)                       ,366335,2025,paulinia,camara,SMARAPD Câmara de Paulínia
CÂMARA DO MUNICÍPIO DE PAULÍNIA, ,4.5.1.1.2.02.00.000 ,REPASSE RECEBIDO                                  ,22/09/2025 00:00,ARRECADACAO         ,"3.900.000,00",BANCO DO BRASIL (APLICAÇÃO)                       ,365623,2025,paulinia,camara,SMARAPD Câmara de Paulínia
CÂMARA DO MUNICÍPIO DE PAULÍNIA, ,2.1.8.8.1.01.13.002 ,MENSALIDADE SINDICATO                             ,14/10/2025 00:00,ARRECADACAO         ,"65,00",BANCO DO BRASIL (APLICAÇÃO)                       ,371212,2025,paulinia,camara,SMARAPD Câmara de Paulínia
CÂMARA DO MUNICÍPIO DE PAULÍNIA, ,2.1.8.8.1.01.15.002 ,EMPRÉSTIMO CAIXA ECONOMICA FEDERAL                ,24/10/2025 00:00,ARRECADACAO         ,"21.577,97",BANCO DO BRASIL (APLICAÇÃO)                       ,371645,2025,paulinia,camara,SMARAPD Câmara de Paulínia
CÂMARA DO MUNICÍPIO DE PAULÍNIA, ,2.1.8.8.1.01.15.001 ,EMPRÉSTIMO BANCO DO BRASIL                        ,24/10/2025 00:00,ARRECADACAO         ,"18.543,16",BANCO DO BRASIL (APLICAÇÃO)                       ,371654,2025,paulinia,camara,SMARAPD Câmara de Paulínia
CÂMARA DO MUNICÍPIO DE PAULÍNIA, ,2.1.8.8.1.01.10.001 ,DEPÓSITO JUDICIAL                                 ,24/10/2025 00:00,ARRECADACAO         ,"1.518,00",BANCO DO BRASIL (APLICAÇÃO)                       ,371643,2025,paulinia,camara,SMARAPD Câmara de Paulínia
CÂMARA DO MUNICÍPIO DE PAULÍNIA, ,2.1.8.8.1.01.10.001 ,DEPÓSITO JUDICIAL                                 ,24/10/2025 00:00,ARRECADACAO         ,"2.583,38",BANCO DO BRASIL (APLICAÇÃO)                       ,371652,2025,paulinia,camara,SMARAPD Câmara de Paulínia
CÂMARA DO MUNICÍPIO DE PAULÍNIA, ,2.1.8.8.1.01.99.001 ,ASMUP                                             ,24/10/2025 00:00,ARRECADACAO         ,"1.677,90",BANCO DO BRASIL (APLICAÇÃO)                       ,371640,2025,paulinia,camara,SMARAPD Câmara de Paulínia
CÂMARA DO MUNICÍPIO DE PAULÍNIA, ,2.1.8.8.1.01.99.001 ,ASMUP                                             ,24/10/2025 00:00,ARRECADACAO         ,"1.743,70",BANCO DO BRASIL (APLICAÇÃO)                       ,371651,2025,paulinia,camara,SMARAPD Câmara de Paulínia
CÂMARA DO MUNICÍPIO DE PAULÍNIA, ,2.1.8.8.3.01.04.001 ,IRRF - FOLHA DE PAGAMENTO                         ,14/10/2025 00:00,ARRECADACAO         ,"3.737,32",BANCO DO BRASIL (APLICAÇÃO)                       ,371211,2025,paulinia,camara,SMARAPD Câmara de Paulínia
CÂMARA DO MUNICÍPIO DE PAULÍNIA, ,2.1.8.8.3.01.02.003 ,I.N.S.S.- FOLHA DE PAGAMENTO                      ,09/10/2025 00:00,ARRECADACAO         ,"437,36",BANCO DO BRASIL (APLICAÇÃO)                       ,370708,2025,paulinia,camara,SMARAPD Câmara de Paulínia
CÂMARA DO MUNICÍPIO DE PAULÍNIA, ,2.1.8.8.3.01.04.002 ,IRRF - RETENÇÃO PESSOA JURIDICA                   ,01/10/2025 00:00,ARRECADACAO         ,"666,25",BANCO DO BRASIL (APLICAÇÃO)                       ,366649,2025,paulinia,camara,SMARAPD Câmara de Paulínia
CÂMARA DO MUNICÍPIO DE PAULÍNIA, ,2.1.8.8.5.01.08.001 ,I.S.S.Q.N. - RETENÇÃO PESSOA JURIDICA             ,06/10/2025 00:00,ARRECADACAO         ,"635,24",BANCO DO BRASIL (APLICAÇÃO)                       ,370445,2025,paulinia,camara,SMARAPD Câmara de Paulínia
CÂMARA DO MUNICÍPIO DE PAULÍNIA, ,2.1.8.8.5.01.08.001 ,I.S.S.Q.N. - RETENÇÃO PESSOA JURIDICA             ,06/10/2025 00:00,ARRECADACAO         ,"871,08",BANCO DO BRASIL (APLICAÇÃO)                       ,370446,2025,paulinia,camara,SMARAPD Câmara de Paulínia
CÂMARA DO MUNICÍPIO DE PAULÍNIA, ,2.1.8.8.5.01.08.001 ,I.S.S.Q.N. - RETENÇÃO PESSOA JURIDICA             ,10/10/2025 00:00,ARRECADACAO         ,"2,40",BANCO DO BRASIL (APLICAÇÃO)                       ,370824,2025,paulinia,camara,SMARAPD Câmara de Paulínia
CÂMARA DO MUNICÍPIO DE PAULÍNIA, ,2.1.8.8.5.01.08.001 ,I.S.S.Q.N. - RETENÇÃO PESSOA JURIDICA             ,10/10/2025 00:00,ARRECADACAO         ,"5.117,54",BANCO DO BRASIL (APLICAÇÃO)                       ,370827,2025,paulinia,camara,SMARAPD Câmara de Paulínia
CÂMARA DO MUNICÍPIO DE PAULÍNIA, ,2.1.8.8.5.01.08.001 ,I.S.S.Q.N. - RETENÇÃO PESSOA JURIDICA             ,21/10/2025 00:00,ARRECADACAO         ,"44,44",BANCO DO BRASIL (APLICAÇÃO)                       ,371523,2025,paulinia,camara,SMARAPD Câmara de Paulínia
CÂMARA DO MUNICÍPIO DE PAULÍNIA, ,2.1.8.8.5.01.08.001 ,I.S.S.Q.N. - RETENÇÃO PESSOA JURIDICA             ,24/10/2025 00:00,ARRECADACAO         ,"127,43",BANCO DO BRASIL (APLICAÇÃO)                       ,371639,2025,paulinia,camara,SMARAPD Câmara de Paulínia
CÂMARA DO MUNICÍPIO DE PAULÍNIA, ,2.1.8.8.3.01.04.002 ,IRRF - RETENÇÃO PESSOA JURIDICA                   ,09/10/2025 00:00,ARRECADACAO         ,"743,14",BANCO DO BRASIL (APLICAÇÃO)                       ,370769,2025,paulinia,camara,SMARAPD Câmara de Paulínia
CÂMARA DO MUNICÍPIO DE PAULÍNIA, ,2.1.8.8.3.01.04.002 ,IRRF - RETENÇÃO PESSOA JURIDICA                   ,10/10/2025 00:00,ARRECADACAO         ,"440,44",BANCO DO BRASIL (APLICAÇÃO)                       ,370822,2025,paulinia,camara,SMARAPD Câmara de Paulínia
CÂMARA DO MUNICÍPIO DE PAULÍNIA, ,2.1.8.8.3.01.04.002 ,IRRF - RETENÇÃO PESSOA JURIDICA                   ,13/10/2025 00:00,ARRECADACAO         ,"10.212,06",BANCO DO BRASIL (APLICAÇÃO)                       ,371137,2025,paulinia,camara,SMARAPD Câmara de Paulínia
CÂMARA DO MUNICÍPIO DE PAULÍNIA, ,2.1.8.8.3.01.04.002 ,IRRF - RETENÇÃO PESSOA JURIDICA                   ,13/10/2025 00:00,ARRECADACAO         ,"34,38",BANCO DO BRASIL (APLICAÇÃO)                       ,371138,2025,paulinia,camara,SMARAPD Câmara de Paulínia
CÂMARA DO MUNICÍPIO DE PAULÍNIA, ,2.1.8.8.3.01.04.002 ,IRRF - RETENÇÃO PESSOA JURIDICA                   ,16/10/2025 00:00,ARRECADACAO         ,"236,34",BANCO DO BRASIL (APLICAÇÃO)                       ,371330,2025,paulinia,camara,SMARAPD Câmara de Paulínia
CÂMARA DO MUNICÍPIO DE PAULÍNIA, ,2.1.8.8.3.01.04.002 ,IRRF - RETENÇÃO PESSOA JURIDICA                   ,24/10/2025 00:00,ARRECADACAO         ,"360,06",BANCO DO BRASIL (APLICAÇÃO)                       ,371662,2025,paulinia,camara,SMARAPD Câmara de Paulínia
CÂMARA DO MUNICÍPIO DE PAULÍNIA, ,2.1.8.8.1.01.03.001 ,PAULÍNIA PREVI                                    ,14/10/2025 00:00,ARRECADACAO         ,"214,79",BANCO DO BRASIL (APLICAÇÃO)                       ,371216,2025,paulinia,camara,SMARAPD Câmara de Paulínia
CÂMARA DO MUNICÍPIO DE PAULÍNIA, ,2.1.8.8.1.01.03.001 ,PAULÍNIA PREVI                                    ,24/10/2025 00:00,ARRECADACAO         ,"135.745,19",BANCO DO BRASIL (APLICAÇÃO)                       ,371647,2025,paulinia,camara,SMARAPD Câmara de Paulínia
CÂMARA DO MUNICÍPIO DE PAULÍNIA, ,2.1.8.8.1.01.15.002 ,EMPRÉSTIMO CAIXA ECONOMICA FEDERAL                ,24/10/2025 00:00,ARRECADACAO         ,"7.402,68",BANCO DO BRASIL (APLICAÇÃO)                       ,371655,2025,paulinia,camara,SMARAPD Câmara de Paulínia
CÂMARA DO MUNICÍPIO DE PAULÍNIA, ,2.1.8.8.1.01.99.003 ,DIVERSOS                                          ,24/10/2025 00:00,ARRECADACAO         ,"1.174,27",BANCO DO BRASIL (APLICAÇÃO)                       ,371653,2025,paulinia,camara,SMARAPD Câmara de Paulínia
CÂMARA DO MUNICÍPIO DE PAULÍNIA, ,2.1.8.8.3.01.02.002 ,I.N.S.S - RETENÇÃO PESSOA JURIDICA                ,09/10/2025 00:00,ARRECADACAO         ,"1.703,04",BANCO DO BRASIL (APLICAÇÃO)                       ,370770,2025,paulinia,camara,SMARAPD Câmara de Paulínia
CÂMARA DO MUNICÍPIO DE PAULÍNIA, ,2.1.8.8.3.01.02.002 ,I.N.S.S - RETENÇÃO PESSOA JURIDICA                ,10/10/2025 00:00,ARRECADACAO         ,"5.629,30",BANCO DO BRASIL (APLICAÇÃO)                       ,370826,2025,paulinia,camara,SMARAPD Câmara de Paulínia
CÂMARA DO MUNICÍPIO DE PAULÍNIA, ,2.1.8.8.1.01.11.005 ,SAMARITANO                                        ,24/10/2025 00:00,ARRECADACAO         ,"1.197,66",BANCO DO BRASIL (APLICAÇÃO)                       ,371648,2025,paulinia,camara,SMARAPD Câmara de Paulínia
CÂMARA DO MUNICÍPIO DE PAULÍNIA, ,2.1.8.8.1.01.11.005 ,SAMARITANO                                        ,24/10/2025 00:00,ARRECADACAO         ,"7.010,26",BANCO DO BRASIL (APLICAÇÃO)                       ,371658,2025,paulinia,camara,SMARAPD Câmara de Paulínia
CÂMARA DO MUNICÍPIO DE PAULÍNIA, ,2.1.8.8.5.01.08.001 ,I.S.S.Q.N. - RETENÇÃO PESSOA JURIDICA             ,19/11/2025 00:00,ARRECADACAO         ,"44,50",BANCO DO BRASIL (APLICAÇÃO)                       ,377998,2025,paulinia,camara,SMARAPD Câmara de Paulínia
CÂMARA DO MUNICÍPIO DE PAULÍNIA, ,2.1.8.8.5.01.08.001 ,I.S.S.Q.N. - RETENÇÃO PESSOA JURIDICA             ,27/11/2025 00:00,ARRECADACAO         ,"91,46",BANCO DO BRASIL (APLICAÇÃO)                       ,378642,2025,paulinia,camara,SMARAPD Câmara de Paulínia
CÂMARA DO MUNICÍPIO DE PAULÍNIA, ,2.1.8.8.1.01.15.001 ,EMPRÉSTIMO BANCO DO BRASIL                        ,27/11/2025 00:00,ARRECADACAO         ,"39.402,11",BANCO DO BRASIL (APLICAÇÃO)                       ,378625,2025,paulinia,camara,SMARAPD Câmara de Paulínia
CÂMARA DO MUNICÍPIO DE PAULÍNIA, ,2.1.8.8.1.01.15.001 ,EMPRÉSTIMO BANCO DO BRASIL                        ,27/11/2025 00:00,ARRECADACAO         ,"18.812,92",BANCO DO BRASIL (APLICAÇÃO)                       ,378635,2025,paulinia,camara,SMARAPD Câmara de Paulínia
CÂMARA DO MUNICÍPIO DE PAULÍNIA, ,2.1.8.8.1.01.10.001 ,DEPÓSITO JUDICIAL                                 ,27/11/2025 00:00,ARRECADACAO         ,"1.366,20",BANCO DO BRASIL (APLICAÇÃO)                       ,378622,2025,paulinia,camara,SMARAPD Câmara de Paulínia
CÂMARA DO MUNICÍPIO DE PAULÍNIA, ,2.1.8.8.1.01.10.001 ,DEPÓSITO JUDICIAL                                 ,27/11/2025 00:00,ARRECADACAO         ,"2.338,38",BANCO DO BRASIL (APLICAÇÃO)                       ,378623,2025,paulinia,camara,SMARAPD Câmara de Paulínia
CÂMARA DO MUNICÍPIO DE PAULÍNIA, ,2.1.8.8.1.01.99.001 ,ASMUP                                             ,27/11/2025 00:00,ARRECADACAO         ,"1.677,90",BANCO DO BRASIL (APLICAÇÃO)                       ,378621,2025,paulinia,camara,SMARAPD Câmara de Paulínia
CÂMARA DO MUNICÍPIO DE PAULÍNIA, ,2.1.8.8.1.01.11.007 ,UNIMED                                            ,27/11/2025 00:00,ARRECADACAO         ,"24.992,03",BANCO DO BRASIL (APLICAÇÃO)                       ,378630,2025,paulinia,camara,SMARAPD Câmara de Paulínia
CÂMARA DO MUNICÍPIO DE PAULÍNIA, ,2.1.8.8.3.01.04.001 ,IRRF - FOLHA DE PAGAMENTO                         ,27/11/2025 00:00,ARRECADACAO         ,"157.173,04",BANCO DO BRASIL (APLICAÇÃO)                       ,378638,2025,paulinia,camara,SMARAPD Câmara de Paulínia
CÂMARA DO MUNICÍPIO DE PAULÍNIA, ,2.1.8.8.3.01.02.003 ,I.N.S.S.- FOLHA DE PAGAMENTO                      ,27/11/2025 00:00,ARRECADACAO         ,"70.286,91",BANCO DO BRASIL (APLICAÇÃO)                       ,378637,2025,paulinia,camara,SMARAPD Câmara de Paulínia
CÂMARA DO MUNICÍPIO DE PAULÍNIA, ,2.1.8.8.3.01.04.002 ,IRRF - RETENÇÃO PESSOA JURIDICA                   ,10/11/2025 00:00,ARRECADACAO         ,"1.228,21",BANCO DO BRASIL (APLICAÇÃO)                       ,376913,2025,paulinia,camara,SMARAPD Câmara de Paulínia
CÂMARA DO MUNICÍPIO DE PAULÍNIA, ,2.1.8.8.3.01.04.002 ,IRRF - RETENÇÃO PESSOA JURIDICA                   ,12/11/2025 00:00,ARRECADACAO         ,"10.236,98",BANCO DO BRASIL (APLICAÇÃO)                       ,377327,2025,paulinia,camara,SMARAPD Câmara de Paulínia
CÂMARA DO MUNICÍPIO DE PAULÍNIA, ,2.1.8.8.3.01.04.002 ,IRRF - RETENÇÃO PESSOA JURIDICA                   ,14/11/2025 00:00,ARRECADACAO         ,"28,32",BANCO DO BRASIL (APLICAÇÃO)                       ,377553,2025,paulinia,camara,SMARAPD Câmara de Paulínia
CÂMARA DO MUNICÍPIO DE PAULÍNIA, ,2.1.8.8.3.01.04.002 ,IRRF - RETENÇÃO PESSOA JURIDICA                   ,19/11/2025 00:00,ARRECADACAO         ,"792,00",BANCO DO BRASIL (APLICAÇÃO)                       ,377999,2025,paulinia,camara,SMARAPD Câmara de Paulínia
CÂMARA DO MUNICÍPIO DE PAULÍNIA, ,2.1.8.8.5.01.08.001 ,I.S.S.Q.N. - RETENÇÃO PESSOA JURIDICA             ,05/11/2025 00:00,ARRECADACAO         ,"871,08",BANCO DO BRASIL (APLICAÇÃO)                       ,376663,2025,paulinia,camara,SMARAPD Câmara de Paulínia
CÂMARA DO MUNICÍPIO DE PAULÍNIA, ,2.1.8.8.5.01.08.001 ,I.S.S.Q.N. - RETENÇÃO PESSOA JURIDICA             ,07/11/2025 00:00,ARRECADACAO         ,"774,11",BANCO DO BRASIL (APLICAÇÃO)                       ,376860,2025,paulinia,camara,SMARAPD Câmara de Paulínia
CÂMARA DO MUNICÍPIO DE PAULÍNIA, ,2.1.8.8.5.01.08.001 ,I.S.S.Q.N. - RETENÇÃO PESSOA JURIDICA             ,07/11/2025 00:00,ARRECADACAO         ,"635,24",BANCO DO BRASIL (APLICAÇÃO)                       ,376863,2025,paulinia,camara,SMARAPD Câmara de Paulínia
CÂMARA DO MUNICÍPIO DE PAULÍNIA, ,2.1.8.8.5.01.08.001 ,I.S.S.Q.N. - RETENÇÃO PESSOA JURIDICA             ,10/11/2025 00:00,ARRECADACAO         ,"1,80",BANCO DO BRASIL (APLICAÇÃO)                       ,376906,2025,paulinia,camara,SMARAPD Câmara de Paulínia
CÂMARA DO MUNICÍPIO DE PAULÍNIA, ,2.1.8.8.5.01.08.001 ,I.S.S.Q.N. - RETENÇÃO PESSOA JURIDICA             ,10/11/2025 00:00,ARRECADACAO         ,"5.117,54",BANCO DO BRASIL (APLICAÇÃO)                       ,376912,2025,paulinia,camara,SMARAPD Câmara de Paulínia
CÂMARA DO MUNICÍPIO DE PAULÍNIA, ,2.1.8.8.3.01.04.002 ,IRRF - RETENÇÃO PESSOA JURIDICA                   ,03/11/2025 00:00,ARRECADACAO         ,"888,38",BANCO DO BRASIL (APLICAÇÃO)                       ,376515,2025,paulinia,camara,SMARAPD Câmara de Paulínia
CÂMARA DO MUNICÍPIO DE PAULÍNIA, ,2.1.8.8.3.01.04.002 ,IRRF - RETENÇÃO PESSOA JURIDICA                   ,07/11/2025 00:00,ARRECADACAO         ,"743,14",BANCO DO BRASIL (APLICAÇÃO)                       ,376858,2025,paulinia,camara,SMARAPD Câmara de Paulínia
CÂMARA DO MUNICÍPIO DE PAULÍNIA, ,2.1.8.8.3.01.04.002 ,IRRF - RETENÇÃO PESSOA JURIDICA                   ,10/11/2025 00:00,ARRECADACAO         ,"440,44",BANCO DO BRASIL (APLICAÇÃO)                       ,376903,2025,paulinia,camara,SMARAPD Câmara de Paulínia
CÂMARA DO MUNICÍPIO DE PAULÍNIA, ,2.1.8.8.3.01.04.002 ,IRRF - RETENÇÃO PESSOA JURIDICA                   ,10/11/2025 00:00,ARRECADACAO         ,"81,60",BANCO DO BRASIL (APLICAÇÃO)                       ,376909,2025,paulinia,camara,SMARAPD Câmara de Paulínia
CÂMARA DO MUNICÍPIO DE PAULÍNIA, ,2.1.8.8.1.01.03.001 ,PAULÍNIA PREVI                                    ,27/11/2025 00:00,ARRECADACAO         ,"119.280,47",BANCO DO BRASIL (APLICAÇÃO)                       ,378628,2025,paulinia,camara,SMARAPD Câmara de Paulínia
CÂMARA DO MUNICÍPIO DE PAULÍNIA, ,2.1.8.8.1.01.15.002 ,EMPRÉSTIMO CAIXA ECONOMICA FEDERAL                ,27/11/2025 00:00,ARRECADACAO         ,"21.577,97",BANCO DO BRASIL (APLICAÇÃO)                       ,378626,2025,paulinia,camara,SMARAPD Câmara de Paulínia
CÂMARA DO MUNICÍPIO DE PAULÍNIA, ,2.1.8.8.1.01.99.003 ,DIVERSOS                                          ,27/11/2025 00:00,ARRECADACAO         ,"1.174,27",BANCO DO BRASIL (APLICAÇÃO)                       ,378634,2025,paulinia,camara,SMARAPD Câmara de Paulínia
CÂMARA DO MUNICÍPIO DE PAULÍNIA, ,2.1.8.8.1.01.11.008 ,UNIODONTO CAMPINAS                                ,27/11/2025 00:00,ARRECADACAO         ,"963,24",BANCO DO BRASIL (APLICAÇÃO)                       ,378641,2025,paulinia,camara,SMARAPD Câmara de Paulínia
CÂMARA DO MUNICÍPIO DE PAULÍNIA, ,4.5.1.1.2.02.00.000 ,REPASSE RECEBIDO                                  ,19/11/2025 00:00,ARRECADACAO         ,"3.900.000,00",BANCO DO BRASIL (APLICAÇÃO)                       ,377887,2025,paulinia,camara,SMARAPD Câmara de Paulínia
CÂMARA DO MUNICÍPIO DE PAULÍNIA, ,2.1.8.8.5.01.08.001 ,I.S.S.Q.N. - RETENÇÃO PESSOA JURIDICA             ,03/12/2025 00:00,ARRECADACAO         ,"821,82",BANCO DO BRASIL (APLICAÇÃO)                       ,382923,2025,paulinia,camara,SMARAPD Câmara de Paulínia
CÂMARA DO MUNICÍPIO DE PAULÍNIA, ,2.1.8.8.5.01.08.001 ,I.S.S.Q.N. - RETENÇÃO PESSOA JURIDICA             ,08/12/2025 00:00,ARRECADACAO         ,"27,30",BANCO DO BRASIL (APLICAÇÃO)                       ,383156,2025,paulinia,camara,SMARAPD Câmara de Paulínia
CÂMARA DO MUNICÍPIO DE PAULÍNIA, ,2.1.8.8.5.01.08.001 ,I.S.S.Q.N. - RETENÇÃO PESSOA JURIDICA             ,10/12/2025 00:00,ARRECADACAO         ,"0,60",BANCO DO BRASIL (APLICAÇÃO)                       ,383277,2025,paulinia,camara,SMARAPD Câmara de Paulínia
CÂMARA DO MUNICÍPIO DE PAULÍNIA, ,2.1.8.8.5.01.08.001 ,I.S.S.Q.N. - RETENÇÃO PESSOA JURIDICA             ,10/12/2025 00:00,ARRECADACAO         ,"5.117,54",BANCO DO BRASIL (APLICAÇÃO)                       ,383280,2025,paulinia,camara,SMARAPD Câmara de Paulínia
CÂMARA DO MUNICÍPIO DE PAULÍNIA, ,2.1.8.8.5.01.08.001 ,I.S.S.Q.N. - RETENÇÃO PESSOA JURIDICA             ,17/12/2025 00:00,ARRECADACAO         ,"2.627,55",BANCO DO BRASIL (APLICAÇÃO)                       ,384398,2025,paulinia,camara,SMARAPD Câmara de Paulínia
CÂMARA DO MUNICÍPIO DE PAULÍNIA, ,2.1.8.8.1.01.99.001 ,ASMUP                                             ,11/12/2025 00:00,ARRECADACAO         ,"32,90",BANCO DO BRASIL (APLICAÇÃO)                       ,383630,2025,paulinia,camara,SMARAPD Câmara de Paulínia
CÂMARA DO MUNICÍPIO DE PAULÍNIA, ,2.1.8.8.1.01.99.001 ,ASMUP                                             ,12/12/2025 00:00,ARRECADACAO         ,"1.645,00",BANCO DO BRASIL (APLICAÇÃO)                       ,383662,2025,paulinia,camara,SMARAPD Câmara de Paulínia
CÂMARA DO MUNICÍPIO DE PAULÍNIA, ,2.1.8.8.1.01.99.001 ,ASMUP                                             ,12/12/2025 00:00,ARRECADACAO         ,"1.776,60",BANCO DO BRASIL (APLICAÇÃO)                       ,383672,2025,paulinia,camara,SMARAPD Câmara de Paulínia
CÂMARA DO MUNICÍPIO DE PAULÍNIA, ,2.1.8.8.1.01.11.007 ,UNIMED                                            ,12/12/2025 00:00,ARRECADACAO         ,"24.919,07",BANCO DO BRASIL (APLICAÇÃO)                       ,383670,2025,paulinia,camara,SMARAPD Câmara de Paulínia
CÂMARA DO MUNICÍPIO DE PAULÍNIA, ,2.1.8.8.1.01.11.007 ,UNIMED                                            ,12/12/2025 00:00,ARRECADACAO         ,"15.084,20",BANCO DO BRASIL (APLICAÇÃO)                       ,383680,2025,paulinia,camara,SMARAPD Câmara de Paulínia
CÂMARA DO MUNICÍPIO DE PAULÍNIA, ,2.1.8.8.3.01.04.002 ,IRRF - RETENÇÃO PESSOA JURIDICA                   ,01/12/2025 00:00,ARRECADACAO         ,"188,64",BANCO DO BRASIL (APLICAÇÃO)                       ,379188,2025,paulinia,camara,SMARAPD Câmara de Paulínia
CÂMARA DO MUNICÍPIO DE PAULÍNIA, ,2.1.8.8.3.01.04.002 ,IRRF - RETENÇÃO PESSOA JURIDICA                   ,08/12/2025 00:00,ARRECADACAO         ,"743,14",BANCO DO BRASIL (APLICAÇÃO)                       ,383159,2025,paulinia,camara,SMARAPD Câmara de Paulínia
CÂMARA DO MUNICÍPIO DE PAULÍNIA, ,2.1.8.8.3.01.04.002 ,IRRF - RETENÇÃO PESSOA JURIDICA                   ,10/12/2025 00:00,ARRECADACAO         ,"980,34",BANCO DO BRASIL (APLICAÇÃO)                       ,383275,2025,paulinia,camara,SMARAPD Câmara de Paulínia
CÂMARA DO MUNICÍPIO DE PAULÍNIA, ,2.1.8.8.3.01.04.002 ,IRRF - RETENÇÃO PESSOA JURIDICA                   ,10/12/2025 00:00,ARRECADACAO         ,"1.228,21",BANCO DO BRASIL (APLICAÇÃO)                       ,383281,2025,paulinia,camara,SMARAPD Câmara de Paulínia
CÂMARA DO MUNICÍPIO DE PAULÍNIA, ,2.1.8.8.3.01.04.002 ,IRRF - RETENÇÃO PESSOA JURIDICA                   ,15/12/2025 00:00,ARRECADACAO         ,"770,89",BANCO DO BRASIL (APLICAÇÃO)                       ,383940,2025,paulinia,camara,SMARAPD Câmara de Paulínia
CÂMARA DO MUNICÍPIO DE PAULÍNIA, ,2.1.8.8.3.01.04.002 ,IRRF - RETENÇÃO PESSOA JURIDICA                   ,15/12/2025 00:00,ARRECADACAO         ,"432,00",BANCO DO BRASIL (APLICAÇÃO)                       ,383941,2025,paulinia,camara,SMARAPD Câmara de Paulínia
CÂMARA DO MUNICÍPIO DE PAULÍNIA, ,2.1.8.8.3.01.04.002 ,IRRF - RETENÇÃO PESSOA JURIDICA                   ,17/12/2025 00:00,ARRECADACAO         ,"533,63",BANCO DO BRASIL (APLICAÇÃO)                       ,384393,2025,paulinia,camara,SMARAPD Câmara de Paulínia
CÂMARA DO MUNICÍPIO DE PAULÍNIA, ,2.1.8.8.3.01.04.002 ,IRRF - RETENÇÃO PESSOA JURIDICA                   ,17/12/2025 00:00,ARRECADACAO         ,"101,31",BANCO DO BRASIL (APLICAÇÃO)                       ,384397,2025,paulinia,camara,SMARAPD Câmara de Paulínia
CÂMARA DO MUNICÍPIO DE PAULÍNIA, ,2.1.8.8.3.01.04.002 ,IRRF - RETENÇÃO PESSOA JURIDICA                   ,17/12/2025 00:00,ARRECADACAO         ,"595,20",BANCO DO BRASIL (APLICAÇÃO)                       ,384400,2025,paulinia,camara,SMARAPD Câmara de Paulínia
CÂMARA DO MUNICÍPIO DE PAULÍNIA, ,2.1.8.8.3.01.04.002 ,IRRF - RETENÇÃO PESSOA JURIDICA                   ,17/12/2025 00:00,ARRECADACAO         ,"792,00",BANCO DO BRASIL (APLICAÇÃO)                       ,384402,2025,paulinia,camara,SMARAPD Câmara de Paulínia
CÂMARA DO MUNICÍPIO DE PAULÍNIA, ,2.1.8.8.3.01.04.002 ,IRRF - RETENÇÃO PESSOA JURIDICA                   ,17/12/2025 00:00,ARRECADACAO         ,"358,93",BANCO DO BRASIL (APLICAÇÃO)                       ,384403,2025,paulinia,camara,SMARAPD Câmara de Paulínia
CÂMARA DO MUNICÍPIO DE PAULÍNIA, ,2.1.8.8.3.01.04.002 ,IRRF - RETENÇÃO PESSOA JURIDICA                   ,18/12/2025 00:00,ARRECADACAO         ,"1,81",BANCO DO BRASIL (APLICAÇÃO)                       ,384410,2025,paulinia,camara,SMARAPD Câmara de Paulínia
CÂMARA DO MUNICÍPIO DE PAULÍNIA, ,2.1.8.8.1.04.99.002 ,RENDIMENTOS DE APLICAÇÕES FINANCEIRAS             ,19/12/2025 00:00,ARRECADACAO         ,"21.870,77",BANCO DO BRASIL C/MOV.                            ,384592,2025,paulinia,camara,SMARAPD Câmara de Paulínia
CÂMARA DO MUNICÍPIO DE PAULÍNIA, ,2.1.8.8.1.01.03.001 ,PAULÍNIA PREVI                                    ,05/12/2025 00:00,ARRECADACAO         ,"99.327,28",BANCO DO BRASIL (APLICAÇÃO)                       ,383095,2025,paulinia,camara,SMARAPD Câmara de Paulínia
CÂMARA DO MUNICÍPIO DE PAULÍNIA, ,2.1.8.8.1.01.03.001 ,PAULÍNIA PREVI                                    ,11/12/2025 00:00,ARRECADACAO         ,"1.889,59",BANCO DO BRASIL (APLICAÇÃO)                       ,383633,2025,paulinia,camara,SMARAPD Câmara de Paulínia
CÂMARA DO MUNICÍPIO DE PAULÍNIA, ,2.1.8.8.1.01.03.001 ,PAULÍNIA PREVI                                    ,12/12/2025 00:00,ARRECADACAO         ,"125.656,68",BANCO DO BRASIL (APLICAÇÃO)                       ,383668,2025,paulinia,camara,SMARAPD Câmara de Paulínia
CÂMARA DO MUNICÍPIO DE PAULÍNIA, ,2.1.8.8.3.01.04.001 ,IRRF - FOLHA DE PAGAMENTO                         ,11/12/2025 00:00,ARRECADACAO         ,"38,51",BANCO DO BRASIL (APLICAÇÃO)                       ,383632,2025,paulinia,camara,SMARAPD Câmara de Paulínia
CÂMARA DO MUNICÍPIO DE PAULÍNIA, ,2.1.8.8.3.01.04.001 ,IRRF - FOLHA DE PAGAMENTO                         ,12/12/2025 00:00,ARRECADACAO         ,"200.033,88",BANCO DO BRASIL (APLICAÇÃO)                       ,383667,2025,paulinia,camara,SMARAPD Câmara de Paulínia
CÂMARA DO MUNICÍPIO DE PAULÍNIA, ,2.1.8.8.3.01.04.001 ,IRRF - FOLHA DE PAGAMENTO                         ,12/12/2025 00:00,ARRECADACAO         ,"174.910,37",BANCO DO BRASIL (APLICAÇÃO)                       ,383678,2025,paulinia,camara,SMARAPD Câmara de Paulínia
CÂMARA DO MUNICÍPIO DE PAULÍNIA, ,2.1.8.8.1.01.15.002 ,EMPRÉSTIMO CAIXA ECONOMICA FEDERAL                ,12/12/2025 00:00,ARRECADACAO         ,"22.088,97",BANCO DO BRASIL (APLICAÇÃO)                       ,383666,2025,paulinia,camara,SMARAPD Câmara de Paulínia
CÂMARA DO MUNICÍPIO DE PAULÍNIA, ,2.1.8.8.1.01.15.002 ,EMPRÉSTIMO CAIXA ECONOMICA FEDERAL                ,12/12/2025 00:00,ARRECADACAO         ,"7.705,06",BANCO DO BRASIL (APLICAÇÃO)                       ,383676,2025,paulinia,camara,SMARAPD Câmara de Paulínia
CÂMARA DO MUNICÍPIO DE PAULÍNIA, ,2.1.8.8.3.01.02.002 ,I.N.S.S - RETENÇÃO PESSOA JURIDICA                ,10/12/2025 00:00,ARRECADACAO         ,"5.629,30",BANCO DO BRASIL (APLICAÇÃO)                       ,383279,2025,paulinia,camara,SMARAPD Câmara de Paulínia
CÂMARA DO MUNICÍPIO DE PAULÍNIA, ,2.1.8.8.1.01.11.008 ,UNIODONTO CAMPINAS                                ,11/12/2025 00:00,ARRECADACAO         ,"5,84",BANCO DO BRASIL (APLICAÇÃO)                       ,383635,2025,paulinia,camara,SMARAPD Câmara de Paulínia
CÂMARA DO MUNICÍPIO DE PAULÍNIA, ,2.1.8.8.1.01.11.008 ,UNIODONTO CAMPINAS                                ,12/12/2025 00:00,ARRECADACAO         ,"963,24",BANCO DO BRASIL (APLICAÇÃO)                       ,383681,2025,paulinia,camara,SMARAPD Câmara de Paulínia
CÂMARA DO MUNICÍPIO DE PAULÍNIA, ,2.1.8.8.1.01.10.001 ,DEPÓSITO JUDICIAL                                 ,05/12/2025 00:00,ARRECADACAO         ,"1.366,20",BANCO DO BRASIL (APLICAÇÃO)                       ,383092,2025,paulinia,camara,SMARAPD Câmara de Paulínia
CÂMARA DO MUNICÍPIO DE PAULÍNIA, ,2.1.8.8.1.01.10.001 ,DEPÓSITO JUDICIAL                                 ,05/12/2025 00:00,ARRECADACAO         ,"2.239,66",BANCO DO BRASIL (APLICAÇÃO)                       ,383093,2025,paulinia,camara,SMARAPD Câmara de Paulínia
CÂMARA DO MUNICÍPIO DE PAULÍNIA, ,2.1.8.8.1.01.10.001 ,DEPÓSITO JUDICIAL                                 ,05/12/2025 00:00,ARRECADACAO         ,"2.583,38",BANCO DO BRASIL (APLICAÇÃO)                       ,383096,2025,paulinia,camara,SMARAPD Câmara de Paulínia
CÂMARA DO MUNICÍPIO DE PAULÍNIA, ,2.1.8.8.1.01.10.001 ,DEPÓSITO JUDICIAL                                 ,12/12/2025 00:00,ARRECADACAO         ,"2.338,38",BANCO DO BRASIL (APLICAÇÃO)                       ,383664,2025,paulinia,camara,SMARAPD Câmara de Paulínia
CÂMARA DO MUNICÍPIO DE PAULÍNIA, ,2.1.8.8.1.01.10.001 ,DEPÓSITO JUDICIAL                                 ,12/12/2025 00:00,ARRECADACAO         ,"4.621,49",BANCO DO BRASIL (APLICAÇÃO)                       ,383673,2025,paulinia,camara,SMARAPD Câmara de Paulínia
