unidade_gestora,natureza_receita,conta_contabil,descricao_receita,data_movimentacao,operacao,valor,nome_banco,id,ano,municipio,entidade,fonte
CÂMARA DO MUNICÍPIO DE PAULÍNIA, ,2.1.8.8.3.01.04.002 ,IRRF - RETENÇÃO PESSOA JURIDICA                   ,13/01/2023 00:00,ARRECADACAO         ,"337,50",BANCO DO BRASIL C/MOV.                            ,55655,2023,paulinia,camara,SMARAPD Câmara de Paulínia
CÂMARA DO MUNICÍPIO DE PAULÍNIA, ,2.1.8.8.3.01.04.002 ,IRRF - RETENÇÃO PESSOA JURIDICA                   ,17/01/2023 00:00,ARRECADACAO         ,"101,87",BANCO DO BRASIL C/MOV.                            ,55667,2023,paulinia,camara,SMARAPD Câmara de Paulínia
CÂMARA DO MUNICÍPIO DE PAULÍNIA, ,2.1.8.8.1.01.15.001 ,EMPRÉSTIMO BANCO DO BRASIL                        ,27/01/2023 00:00,ARRECADACAO         ,"1.238,43",BANCO DO BRASIL C/MOV.                            ,55731,2023,paulinia,camara,SMARAPD Câmara de Paulínia
CÂMARA DO MUNICÍPIO DE PAULÍNIA, ,2.1.8.8.1.01.15.001 ,EMPRÉSTIMO BANCO DO BRASIL                        ,27/01/2023 00:00,ARRECADACAO         ,"7.664,20",BANCO DO BRASIL C/MOV.                            ,55742,2023,paulinia,camara,SMARAPD Câmara de Paulínia
CÂMARA DO MUNICÍPIO DE PAULÍNIA, ,2.1.8.8.1.01.15.001 ,EMPRÉSTIMO BANCO DO BRASIL                        ,27/01/2023 00:00,ARRECADACAO         ,"29.029,57",BANCO DO BRASIL C/MOV.                            ,55748,2023,paulinia,camara,SMARAPD Câmara de Paulínia
CÂMARA DO MUNICÍPIO DE PAULÍNIA, ,2.1.8.8.1.01.11.007 ,UNIMED                                            ,12/01/2023 00:00,ARRECADACAO         ,"77,23",BANCO DO BRASIL C/MOV.                            ,55637,2023,paulinia,camara,SMARAPD Câmara de Paulínia
CÂMARA DO MUNICÍPIO DE PAULÍNIA, ,2.1.8.8.1.01.11.007 ,UNIMED                                            ,27/01/2023 00:00,ARRECADACAO         ,"903,99",BANCO DO BRASIL C/MOV.                            ,55728,2023,paulinia,camara,SMARAPD Câmara de Paulínia
CÂMARA DO MUNICÍPIO DE PAULÍNIA, ,2.1.8.8.1.01.11.007 ,UNIMED                                            ,27/01/2023 00:00,ARRECADACAO         ,"4.279,20",BANCO DO BRASIL C/MOV.                            ,55740,2023,paulinia,camara,SMARAPD Câmara de Paulínia
CÂMARA DO MUNICÍPIO DE PAULÍNIA, ,2.1.8.8.3.01.02.002 ,I.N.S.S - RETENÇÃO PESSOA JURIDICA                ,13/01/2023 00:00,ARRECADACAO         ,"2.684,99",BANCO DO BRASIL C/MOV.                            ,55658,2023,paulinia,camara,SMARAPD Câmara de Paulínia
CÂMARA DO MUNICÍPIO DE PAULÍNIA, ,2.1.8.8.3.01.02.002 ,I.N.S.S - RETENÇÃO PESSOA JURIDICA                ,20/01/2023 00:00,ARRECADACAO         ,"4.680,42",BANCO DO BRASIL C/MOV.                            ,55680,2023,paulinia,camara,SMARAPD Câmara de Paulínia
CÂMARA DO MUNICÍPIO DE PAULÍNIA, ,2.1.8.8.5.01.08.001 ,I.S.S.Q.N. - RETENÇÃO PESSOA JURIDICA             ,13/01/2023 00:00,ARRECADACAO         ,"177,56",BANCO DO BRASIL C/MOV.                            ,55653,2023,paulinia,camara,SMARAPD Câmara de Paulínia
CÂMARA DO MUNICÍPIO DE PAULÍNIA, ,2.1.8.8.5.01.08.001 ,I.S.S.Q.N. - RETENÇÃO PESSOA JURIDICA             ,13/01/2023 00:00,ARRECADACAO         ,"304,64",BANCO DO BRASIL C/MOV.                            ,55654,2023,paulinia,camara,SMARAPD Câmara de Paulínia
CÂMARA DO MUNICÍPIO DE PAULÍNIA, ,2.1.8.8.1.01.11.008 ,UNIODONTO CAMPINAS                                ,27/01/2023 00:00,ARRECADACAO         ,"5,39",BANCO DO BRASIL C/MOV.                            ,55711,2023,paulinia,camara,SMARAPD Câmara de Paulínia
CÂMARA DO MUNICÍPIO DE PAULÍNIA, ,2.1.8.8.1.01.11.008 ,UNIODONTO CAMPINAS                                ,27/01/2023 00:00,ARRECADACAO         ,"5,39",BANCO DO BRASIL C/MOV.                            ,55712,2023,paulinia,camara,SMARAPD Câmara de Paulínia
CÂMARA DO MUNICÍPIO DE PAULÍNIA, ,2.1.8.8.1.01.11.008 ,UNIODONTO CAMPINAS                                ,27/01/2023 00:00,ARRECADACAO         ,"16,17",BANCO DO BRASIL C/MOV.                            ,55713,2023,paulinia,camara,SMARAPD Câmara de Paulínia
CÂMARA DO MUNICÍPIO DE PAULÍNIA, ,2.1.8.8.1.01.11.008 ,UNIODONTO CAMPINAS                                ,27/01/2023 00:00,ARRECADACAO         ,"318,01",BANCO DO BRASIL C/MOV.                            ,55721,2023,paulinia,camara,SMARAPD Câmara de Paulínia
CÂMARA DO MUNICÍPIO DE PAULÍNIA, ,2.1.8.8.1.01.11.008 ,UNIODONTO CAMPINAS                                ,27/01/2023 00:00,ARRECADACAO         ,"376,88",BANCO DO BRASIL C/MOV.                            ,55722,2023,paulinia,camara,SMARAPD Câmara de Paulínia
CÂMARA DO MUNICÍPIO DE PAULÍNIA, ,2.1.8.8.1.01.10.001 ,DEPÓSITO JUDICIAL                                 ,27/01/2023 00:00,ARRECADACAO         ,"2.792,25",BANCO DO BRASIL C/MOV.                            ,55737,2023,paulinia,camara,SMARAPD Câmara de Paulínia
CÂMARA DO MUNICÍPIO DE PAULÍNIA, ,2.1.8.8.1.01.99.001 ,ASMUP                                             ,27/01/2023 00:00,ARRECADACAO         ,"263,20",BANCO DO BRASIL C/MOV.                            ,55720,2023,paulinia,camara,SMARAPD Câmara de Paulínia
CÂMARA DO MUNICÍPIO DE PAULÍNIA, ,2.1.8.8.1.01.99.001 ,ASMUP                                             ,27/01/2023 00:00,ARRECADACAO         ,"1.151,50",BANCO DO BRASIL C/MOV.                            ,55729,2023,paulinia,camara,SMARAPD Câmara de Paulínia
CÂMARA DO MUNICÍPIO DE PAULÍNIA, ,2.1.8.8.1.01.99.001 ,ASMUP                                             ,27/01/2023 00:00,ARRECADACAO         ,"32,90",BANCO DO BRASIL C/MOV.                            ,55715,2023,paulinia,camara,SMARAPD Câmara de Paulínia
CÂMARA DO MUNICÍPIO DE PAULÍNIA, ,2.1.8.8.1.01.13.002 ,MENSALIDADE SINDICATO                             ,27/01/2023 00:00,ARRECADACAO         ,"110,00",BANCO DO BRASIL C/MOV.                            ,55716,2023,paulinia,camara,SMARAPD Câmara de Paulínia
CÂMARA DO MUNICÍPIO DE PAULÍNIA, ,2.1.8.8.1.01.99.003 ,DIVERSOS                                          ,27/01/2023 00:00,ARRECADACAO         ,"560,40",BANCO DO BRASIL C/MOV.                            ,55724,2023,paulinia,camara,SMARAPD Câmara de Paulínia
CÂMARA DO MUNICÍPIO DE PAULÍNIA, ,2.1.8.8.3.01.02.003 ,I.N.S.S.- FOLHA DE PAGAMENTO                      ,12/01/2023 00:00,ARRECADACAO         ,"151,58",BANCO DO BRASIL C/MOV.                            ,55639,2023,paulinia,camara,SMARAPD Câmara de Paulínia
CÂMARA DO MUNICÍPIO DE PAULÍNIA, ,2.1.8.8.3.01.02.003 ,I.N.S.S.- FOLHA DE PAGAMENTO                      ,27/01/2023 00:00,ARRECADACAO         ,"715,02",BANCO DO BRASIL C/MOV.                            ,55727,2023,paulinia,camara,SMARAPD Câmara de Paulínia
CÂMARA DO MUNICÍPIO DE PAULÍNIA, ,2.1.8.8.3.01.02.003 ,I.N.S.S.- FOLHA DE PAGAMENTO                      ,27/01/2023 00:00,ARRECADACAO         ,"11.713,50",BANCO DO BRASIL C/MOV.                            ,55745,2023,paulinia,camara,SMARAPD Câmara de Paulínia
CÂMARA DO MUNICÍPIO DE PAULÍNIA, ,2.1.8.8.3.01.02.003 ,I.N.S.S.- FOLHA DE PAGAMENTO                      ,27/01/2023 00:00,ARRECADACAO         ,"43.267,69",BANCO DO BRASIL C/MOV.                            ,55749,2023,paulinia,camara,SMARAPD Câmara de Paulínia
CÂMARA DO MUNICÍPIO DE PAULÍNIA, ,2.1.8.8.1.01.03.001 ,PAULÍNIA PREVI                                    ,27/01/2023 00:00,ARRECADACAO         ,"102.061,25",BANCO DO BRASIL C/MOV.                            ,55751,2023,paulinia,camara,SMARAPD Câmara de Paulínia
CÂMARA DO MUNICÍPIO DE PAULÍNIA, ,2.1.8.8.1.01.15.002 ,EMPRÉSTIMO CAIXA ECONOMICA FEDERAL                ,27/01/2023 00:00,ARRECADACAO         ,"1.962,01",BANCO DO BRASIL C/MOV.                            ,55734,2023,paulinia,camara,SMARAPD Câmara de Paulínia
CÂMARA DO MUNICÍPIO DE PAULÍNIA, ,2.1.8.8.1.01.15.002 ,EMPRÉSTIMO CAIXA ECONOMICA FEDERAL                ,27/01/2023 00:00,ARRECADACAO         ,"4.977,77",BANCO DO BRASIL C/MOV.                            ,55741,2023,paulinia,camara,SMARAPD Câmara de Paulínia
CÂMARA DO MUNICÍPIO DE PAULÍNIA, ,2.1.8.8.1.01.11.005 ,SAMARITANO                                        ,27/01/2023 00:00,ARRECADACAO         ,"436,33",BANCO DO BRASIL C/MOV.                            ,55723,2023,paulinia,camara,SMARAPD Câmara de Paulínia
CÂMARA DO MUNICÍPIO DE PAULÍNIA, ,2.1.8.8.1.01.11.005 ,SAMARITANO                                        ,27/01/2023 00:00,ARRECADACAO         ,"1.606,43",BANCO DO BRASIL C/MOV.                            ,55733,2023,paulinia,camara,SMARAPD Câmara de Paulínia
CÂMARA DO MUNICÍPIO DE PAULÍNIA, ,2.1.8.8.1.01.11.005 ,SAMARITANO                                        ,27/01/2023 00:00,ARRECADACAO         ,"2.630,79",BANCO DO BRASIL C/MOV.                            ,55736,2023,paulinia,camara,SMARAPD Câmara de Paulínia
CÂMARA DO MUNICÍPIO DE PAULÍNIA, ,2.1.8.8.3.01.04.001 ,IRRF - FOLHA DE PAGAMENTO                         ,12/01/2023 00:00,ARRECADACAO         ,"1.145,60",BANCO DO BRASIL C/MOV.                            ,55641,2023,paulinia,camara,SMARAPD Câmara de Paulínia
CÂMARA DO MUNICÍPIO DE PAULÍNIA, ,2.1.8.8.3.01.04.001 ,IRRF - FOLHA DE PAGAMENTO                         ,27/01/2023 00:00,ARRECADACAO         ,"2.539,68",BANCO DO BRASIL C/MOV.                            ,55735,2023,paulinia,camara,SMARAPD Câmara de Paulínia
CÂMARA DO MUNICÍPIO DE PAULÍNIA, ,2.1.8.8.3.01.04.001 ,IRRF - FOLHA DE PAGAMENTO                         ,27/01/2023 00:00,ARRECADACAO         ,"11.385,58",BANCO DO BRASIL C/MOV.                            ,55744,2023,paulinia,camara,SMARAPD Câmara de Paulínia
CÂMARA DO MUNICÍPIO DE PAULÍNIA, ,2.1.8.8.3.01.04.001 ,IRRF - FOLHA DE PAGAMENTO                         ,27/01/2023 00:00,ARRECADACAO         ,"81.243,94",BANCO DO BRASIL C/MOV.                            ,55750,2023,paulinia,camara,SMARAPD Câmara de Paulínia
CÂMARA DO MUNICÍPIO DE PAULÍNIA, ,2.1.8.8.3.01.04.002 ,IRRF - RETENÇÃO PESSOA JURIDICA                   ,10/02/2023 00:00,ARRECADACAO         ,"19,72",BANCO DO BRASIL (APLICAÇÃO)                       ,58245,2023,paulinia,camara,SMARAPD Câmara de Paulínia
CÂMARA DO MUNICÍPIO DE PAULÍNIA, ,2.1.8.8.1.01.15.001 ,EMPRÉSTIMO BANCO DO BRASIL                        ,24/02/2023 00:00,ARRECADACAO         ,"1.238,43",BANCO DO BRASIL (APLICAÇÃO)                       ,59521,2023,paulinia,camara,SMARAPD Câmara de Paulínia
CÂMARA DO MUNICÍPIO DE PAULÍNIA, ,2.1.8.8.1.01.15.001 ,EMPRÉSTIMO BANCO DO BRASIL                        ,24/02/2023 00:00,ARRECADACAO         ,"6.039,47",BANCO DO BRASIL (APLICAÇÃO)                       ,59542,2023,paulinia,camara,SMARAPD Câmara de Paulínia
CÂMARA DO MUNICÍPIO DE PAULÍNIA, ,2.1.8.8.1.01.15.001 ,EMPRÉSTIMO BANCO DO BRASIL                        ,24/02/2023 00:00,ARRECADACAO         ,"7.664,20",BANCO DO BRASIL (APLICAÇÃO)                       ,59544,2023,paulinia,camara,SMARAPD Câmara de Paulínia
CÂMARA DO MUNICÍPIO DE PAULÍNIA, ,2.1.8.8.5.01.08.001 ,I.S.S.Q.N. - RETENÇÃO PESSOA JURIDICA             ,06/02/2023 00:00,ARRECADACAO         ,"7,60",BANCO DO BRASIL (APLICAÇÃO)                       ,58221,2023,paulinia,camara,SMARAPD Câmara de Paulínia
CÂMARA DO MUNICÍPIO DE PAULÍNIA, ,2.1.8.8.5.01.08.001 ,I.S.S.Q.N. - RETENÇÃO PESSOA JURIDICA             ,10/02/2023 00:00,ARRECADACAO         ,"291,89",BANCO DO BRASIL (APLICAÇÃO)                       ,58247,2023,paulinia,camara,SMARAPD Câmara de Paulínia
CÂMARA DO MUNICÍPIO DE PAULÍNIA, ,2.1.8.8.5.01.08.001 ,I.S.S.Q.N. - RETENÇÃO PESSOA JURIDICA             ,10/02/2023 00:00,ARRECADACAO         ,"809,64",BANCO DO BRASIL (APLICAÇÃO)                       ,58248,2023,paulinia,camara,SMARAPD Câmara de Paulínia
CÂMARA DO MUNICÍPIO DE PAULÍNIA, ,2.1.8.8.5.01.08.001 ,I.S.S.Q.N. - RETENÇÃO PESSOA JURIDICA             ,14/02/2023 00:00,ARRECADACAO         ,"136,66",BANCO DO BRASIL (APLICAÇÃO)                       ,58324,2023,paulinia,camara,SMARAPD Câmara de Paulínia
CÂMARA DO MUNICÍPIO DE PAULÍNIA, ,2.1.8.8.1.01.11.008 ,UNIODONTO CAMPINAS                                ,24/02/2023 00:00,ARRECADACAO         ,"5,39",BANCO DO BRASIL (APLICAÇÃO)                       ,59484,2023,paulinia,camara,SMARAPD Câmara de Paulínia
CÂMARA DO MUNICÍPIO DE PAULÍNIA, ,2.1.8.8.1.01.11.007 ,UNIMED                                            ,24/02/2023 00:00,ARRECADACAO         ,"18.545,39",BANCO DO BRASIL (APLICAÇÃO)                       ,59554,2023,paulinia,camara,SMARAPD Câmara de Paulínia
CÂMARA DO MUNICÍPIO DE PAULÍNIA, ,2.1.8.8.1.01.11.007 ,UNIMED                                            ,24/02/2023 00:00,ARRECADACAO         ,"18.545,39",BANCO DO BRASIL (APLICAÇÃO)                       ,59555,2023,paulinia,camara,SMARAPD Câmara de Paulínia
CÂMARA DO MUNICÍPIO DE PAULÍNIA, ,2.1.8.8.3.01.02.002 ,I.N.S.S - RETENÇÃO PESSOA JURIDICA                ,06/02/2023 00:00,ARRECADACAO         ,"2.684,99",BANCO DO BRASIL (APLICAÇÃO)                       ,58223,2023,paulinia,camara,SMARAPD Câmara de Paulínia
CÂMARA DO MUNICÍPIO DE PAULÍNIA, ,2.1.8.8.3.01.02.002 ,I.N.S.S - RETENÇÃO PESSOA JURIDICA                ,10/02/2023 00:00,ARRECADACAO         ,"1.187,48",BANCO DO BRASIL (APLICAÇÃO)                       ,58249,2023,paulinia,camara,SMARAPD Câmara de Paulínia
CÂMARA DO MUNICÍPIO DE PAULÍNIA, ,2.1.8.8.3.01.02.002 ,I.N.S.S - RETENÇÃO PESSOA JURIDICA                ,10/02/2023 00:00,ARRECADACAO         ,"1.605,37",BANCO DO BRASIL (APLICAÇÃO)                       ,58250,2023,paulinia,camara,SMARAPD Câmara de Paulínia
CÂMARA DO MUNICÍPIO DE PAULÍNIA, ,2.1.8.8.3.01.02.002 ,I.N.S.S - RETENÇÃO PESSOA JURIDICA                ,17/02/2023 00:00,ARRECADACAO         ,"4.680,42",BANCO DO BRASIL (APLICAÇÃO)                       ,58369,2023,paulinia,camara,SMARAPD Câmara de Paulínia
CÂMARA DO MUNICÍPIO DE PAULÍNIA, ,2.1.8.8.1.01.11.008 ,UNIODONTO CAMPINAS                                ,24/02/2023 00:00,ARRECADACAO         ,"16,17",BANCO DO BRASIL (APLICAÇÃO)                       ,59487,2023,paulinia,camara,SMARAPD Câmara de Paulínia
CÂMARA DO MUNICÍPIO DE PAULÍNIA, ,2.1.8.8.1.01.11.008 ,UNIODONTO CAMPINAS                                ,24/02/2023 00:00,ARRECADACAO         ,"344,96",BANCO DO BRASIL (APLICAÇÃO)                       ,59504,2023,paulinia,camara,SMARAPD Câmara de Paulínia
CÂMARA DO MUNICÍPIO DE PAULÍNIA, ,2.1.8.8.1.01.11.008 ,UNIODONTO CAMPINAS                                ,24/02/2023 00:00,ARRECADACAO         ,"376,88",BANCO DO BRASIL (APLICAÇÃO)                       ,59507,2023,paulinia,camara,SMARAPD Câmara de Paulínia
CÂMARA DO MUNICÍPIO DE PAULÍNIA, ,2.1.8.8.1.01.11.008 ,UNIODONTO CAMPINAS                                ,24/02/2023 00:00,ARRECADACAO         ,"609,07",BANCO DO BRASIL (APLICAÇÃO)                       ,59513,2023,paulinia,camara,SMARAPD Câmara de Paulínia
CÂMARA DO MUNICÍPIO DE PAULÍNIA, ,2.1.8.8.1.01.10.001 ,DEPÓSITO JUDICIAL                                 ,24/02/2023 00:00,ARRECADACAO         ,"1.232,89",BANCO DO BRASIL (APLICAÇÃO)                       ,59518,2023,paulinia,camara,SMARAPD Câmara de Paulínia
CÂMARA DO MUNICÍPIO DE PAULÍNIA, ,1.1.3.8.1.06.01.001 ,DESPESAS A RECUPERAR - MULTAS DE TRÂNSITO         ,24/02/2023 00:00,ARRECADACAO         ,"156,18",BANCO DO BRASIL (APLICAÇÃO)                       ,59501,2023,paulinia,camara,SMARAPD Câmara de Paulínia
CÂMARA DO MUNICÍPIO DE PAULÍNIA, ,2.1.8.8.1.01.11.005 ,SAMARITANO                                        ,02/02/2023 00:00,ARRECADACAO         ,"288,12",BANCO DO BRASIL (APLICAÇÃO)                       ,58197,2023,paulinia,camara,SMARAPD Câmara de Paulínia
CÂMARA DO MUNICÍPIO DE PAULÍNIA, ,2.1.8.8.1.01.11.005 ,SAMARITANO                                        ,24/02/2023 00:00,ARRECADACAO         ,"147,84",BANCO DO BRASIL (APLICAÇÃO)                       ,59498,2023,paulinia,camara,SMARAPD Câmara de Paulínia
CÂMARA DO MUNICÍPIO DE PAULÍNIA, ,2.1.8.8.1.01.11.005 ,SAMARITANO                                        ,24/02/2023 00:00,ARRECADACAO         ,"436,33",BANCO DO BRASIL (APLICAÇÃO)                       ,59508,2023,paulinia,camara,SMARAPD Câmara de Paulínia
CÂMARA DO MUNICÍPIO DE PAULÍNIA, ,2.1.8.8.1.01.11.005 ,SAMARITANO                                        ,24/02/2023 00:00,ARRECADACAO         ,"1.606,43",BANCO DO BRASIL (APLICAÇÃO)                       ,59525,2023,paulinia,camara,SMARAPD Câmara de Paulínia
CÂMARA DO MUNICÍPIO DE PAULÍNIA, ,2.1.8.8.1.01.11.005 ,SAMARITANO                                        ,24/02/2023 00:00,ARRECADACAO         ,"1.606,43",BANCO DO BRASIL (APLICAÇÃO)                       ,59526,2023,paulinia,camara,SMARAPD Câmara de Paulínia
CÂMARA DO MUNICÍPIO DE PAULÍNIA, ,2.1.8.8.1.01.11.005 ,SAMARITANO                                        ,24/02/2023 00:00,ARRECADACAO         ,"2.670,62",BANCO DO BRASIL (APLICAÇÃO)                       ,59532,2023,paulinia,camara,SMARAPD Câmara de Paulínia
CÂMARA DO MUNICÍPIO DE PAULÍNIA, ,2.1.8.8.1.01.11.005 ,SAMARITANO                                        ,24/02/2023 00:00,ARRECADACAO         ,"2.670,62",BANCO DO BRASIL (APLICAÇÃO)                       ,59533,2023,paulinia,camara,SMARAPD Câmara de Paulínia
CÂMARA DO MUNICÍPIO DE PAULÍNIA, ,2.1.8.8.3.01.04.001 ,IRRF - FOLHA DE PAGAMENTO                         ,24/02/2023 00:00,ARRECADACAO         ,"2.539,68",BANCO DO BRASIL (APLICAÇÃO)                       ,59530,2023,paulinia,camara,SMARAPD Câmara de Paulínia
CÂMARA DO MUNICÍPIO DE PAULÍNIA, ,2.1.8.8.3.01.04.001 ,IRRF - FOLHA DE PAGAMENTO                         ,24/02/2023 00:00,ARRECADACAO         ,"2.539,68",BANCO DO BRASIL (APLICAÇÃO)                       ,59531,2023,paulinia,camara,SMARAPD Câmara de Paulínia
CÂMARA DO MUNICÍPIO DE PAULÍNIA, ,2.1.8.8.3.01.04.001 ,IRRF - FOLHA DE PAGAMENTO                         ,24/02/2023 00:00,ARRECADACAO         ,"10.123,25",BANCO DO BRASIL (APLICAÇÃO)                       ,59546,2023,paulinia,camara,SMARAPD Câmara de Paulínia
CÂMARA DO MUNICÍPIO DE PAULÍNIA, ,2.1.8.8.3.01.04.001 ,IRRF - FOLHA DE PAGAMENTO                         ,24/02/2023 00:00,ARRECADACAO         ,"10.123,25",BANCO DO BRASIL (APLICAÇÃO)                       ,59547,2023,paulinia,camara,SMARAPD Câmara de Paulínia
CÂMARA DO MUNICÍPIO DE PAULÍNIA, ,2.1.8.8.3.01.04.001 ,IRRF - FOLHA DE PAGAMENTO                         ,24/02/2023 00:00,ARRECADACAO         ,"11.385,58",BANCO DO BRASIL (APLICAÇÃO)                       ,59548,2023,paulinia,camara,SMARAPD Câmara de Paulínia
CÂMARA DO MUNICÍPIO DE PAULÍNIA, ,2.1.8.8.5.01.08.001 ,I.S.S.Q.N. - RETENÇÃO PESSOA JURIDICA             ,24/02/2023 00:00,ARRECADACAO         ,"12,60",BANCO DO BRASIL (APLICAÇÃO)                       ,59486,2023,paulinia,camara,SMARAPD Câmara de Paulínia
CÂMARA DO MUNICÍPIO DE PAULÍNIA, ,2.1.8.8.5.01.08.001 ,I.S.S.Q.N. - RETENÇÃO PESSOA JURIDICA             ,24/02/2023 00:00,ARRECADACAO         ,"1.392,06",BANCO DO BRASIL (APLICAÇÃO)                       ,59524,2023,paulinia,camara,SMARAPD Câmara de Paulínia
CÂMARA DO MUNICÍPIO DE PAULÍNIA, ,2.1.8.8.3.01.02.003 ,I.N.S.S.- FOLHA DE PAGAMENTO                      ,02/02/2023 00:00,ARRECADACAO         ,"785,17",BANCO DO BRASIL (APLICAÇÃO)                       ,58199,2023,paulinia,camara,SMARAPD Câmara de Paulínia
CÂMARA DO MUNICÍPIO DE PAULÍNIA, ,2.1.8.8.3.01.02.003 ,I.N.S.S.- FOLHA DE PAGAMENTO                      ,02/02/2023 00:00,ARRECADACAO         ,"912,15",BANCO DO BRASIL (APLICAÇÃO)                       ,58202,2023,paulinia,camara,SMARAPD Câmara de Paulínia
CÂMARA DO MUNICÍPIO DE PAULÍNIA, ,2.1.8.8.3.01.02.003 ,I.N.S.S.- FOLHA DE PAGAMENTO                      ,24/02/2023 00:00,ARRECADACAO         ,"11.713,50",BANCO DO BRASIL (APLICAÇÃO)                       ,59550,2023,paulinia,camara,SMARAPD Câmara de Paulínia
CÂMARA DO MUNICÍPIO DE PAULÍNIA, ,2.1.8.8.3.01.02.003 ,I.N.S.S.- FOLHA DE PAGAMENTO                      ,24/02/2023 00:00,ARRECADACAO         ,"11.713,50",BANCO DO BRASIL (APLICAÇÃO)                       ,59551,2023,paulinia,camara,SMARAPD Câmara de Paulínia
CÂMARA DO MUNICÍPIO DE PAULÍNIA, ,2.1.8.8.1.01.03.001 ,PAULÍNIA PREVI                                    ,24/02/2023 00:00,ARRECADACAO         ,"93.339,70",BANCO DO BRASIL (APLICAÇÃO)                       ,59563,2023,paulinia,camara,SMARAPD Câmara de Paulínia
CÂMARA DO MUNICÍPIO DE PAULÍNIA, ,2.1.8.8.1.01.15.002 ,EMPRÉSTIMO CAIXA ECONOMICA FEDERAL                ,24/02/2023 00:00,ARRECADACAO         ,"1.962,01",BANCO DO BRASIL (APLICAÇÃO)                       ,59527,2023,paulinia,camara,SMARAPD Câmara de Paulínia
CÂMARA DO MUNICÍPIO DE PAULÍNIA, ,2.1.8.8.1.01.15.002 ,EMPRÉSTIMO CAIXA ECONOMICA FEDERAL                ,24/02/2023 00:00,ARRECADACAO         ,"4.977,77",BANCO DO BRASIL (APLICAÇÃO)                       ,59540,2023,paulinia,camara,SMARAPD Câmara de Paulínia
CÂMARA DO MUNICÍPIO DE PAULÍNIA, ,2.1.8.8.1.01.15.002 ,EMPRÉSTIMO CAIXA ECONOMICA FEDERAL                ,24/02/2023 00:00,ARRECADACAO         ,"17.552,41",BANCO DO BRASIL (APLICAÇÃO)                       ,59552,2023,paulinia,camara,SMARAPD Câmara de Paulínia
CÂMARA DO MUNICÍPIO DE PAULÍNIA, ,2.1.8.8.1.01.15.002 ,EMPRÉSTIMO CAIXA ECONOMICA FEDERAL                ,24/02/2023 00:00,ARRECADACAO         ,"17.552,41",BANCO DO BRASIL (APLICAÇÃO)                       ,59553,2023,paulinia,camara,SMARAPD Câmara de Paulínia
CÂMARA DO MUNICÍPIO DE PAULÍNIA, ,2.1.8.8.1.01.15.001 ,EMPRÉSTIMO BANCO DO BRASIL                        ,24/02/2023 00:00,ESTORNO DE ARRECADAC,"-29.029,57",BANCO DO BRASIL (APLICAÇÃO)                       ,91531,2023,paulinia,camara,SMARAPD Câmara de Paulínia
CÂMARA DO MUNICÍPIO DE PAULÍNIA, ,2.1.8.8.1.01.15.001 ,EMPRÉSTIMO BANCO DO BRASIL                        ,24/02/2023 00:00,ESTORNO DE ARRECADAC,"-7.664,20",BANCO DO BRASIL (APLICAÇÃO)                       ,91537,2023,paulinia,camara,SMARAPD Câmara de Paulínia
CÂMARA DO MUNICÍPIO DE PAULÍNIA, ,2.1.8.8.1.01.11.007 ,UNIMED                                            ,24/02/2023 00:00,ESTORNO DE ARRECADAC,"-18.545,39",BANCO DO BRASIL (APLICAÇÃO)                       ,91532,2023,paulinia,camara,SMARAPD Câmara de Paulínia
CÂMARA DO MUNICÍPIO DE PAULÍNIA, ,2.1.8.8.1.01.11.007 ,UNIMED                                            ,24/02/2023 00:00,ESTORNO DE ARRECADAC,"-4.066,11",BANCO DO BRASIL (APLICAÇÃO)                       ,91541,2023,paulinia,camara,SMARAPD Câmara de Paulínia
CÂMARA DO MUNICÍPIO DE PAULÍNIA, ,2.1.8.8.1.01.11.007 ,UNIMED                                            ,24/02/2023 00:00,ESTORNO DE ARRECADAC,"-903,99",BANCO DO BRASIL (APLICAÇÃO)                       ,91551,2023,paulinia,camara,SMARAPD Câmara de Paulínia
CÂMARA DO MUNICÍPIO DE PAULÍNIA, ,2.1.8.8.1.01.11.008 ,UNIODONTO CAMPINAS                                ,24/02/2023 00:00,ESTORNO DE ARRECADAC,"-376,88",BANCO DO BRASIL (APLICAÇÃO)                       ,91555,2023,paulinia,camara,SMARAPD Câmara de Paulínia
CÂMARA DO MUNICÍPIO DE PAULÍNIA, ,2.1.8.8.1.01.11.008 ,UNIODONTO CAMPINAS                                ,24/02/2023 00:00,ESTORNO DE ARRECADAC,"-344,96",BANCO DO BRASIL (APLICAÇÃO)                       ,91556,2023,paulinia,camara,SMARAPD Câmara de Paulínia
CÂMARA DO MUNICÍPIO DE PAULÍNIA, ,2.1.8.8.1.01.11.008 ,UNIODONTO CAMPINAS                                ,24/02/2023 00:00,ESTORNO DE ARRECADAC,"-16,17",BANCO DO BRASIL (APLICAÇÃO)                       ,91564,2023,paulinia,camara,SMARAPD Câmara de Paulínia
CÂMARA DO MUNICÍPIO DE PAULÍNIA, ,2.1.8.8.1.01.11.008 ,UNIODONTO CAMPINAS                                ,24/02/2023 00:00,ESTORNO DE ARRECADAC,"-5,39",BANCO DO BRASIL (APLICAÇÃO)                       ,91565,2023,paulinia,camara,SMARAPD Câmara de Paulínia
CÂMARA DO MUNICÍPIO DE PAULÍNIA, ,2.1.8.8.1.01.10.001 ,DEPÓSITO JUDICIAL                                 ,24/02/2023 00:00,ESTORNO DE ARRECADAC,"-1.232,89",BANCO DO BRASIL (APLICAÇÃO)                       ,91549,2023,paulinia,camara,SMARAPD Câmara de Paulínia
CÂMARA DO MUNICÍPIO DE PAULÍNIA, ,2.1.8.8.1.01.11.005 ,SAMARITANO                                        ,24/02/2023 00:00,ESTORNO DE ARRECADAC,"-1.606,43",BANCO DO BRASIL (APLICAÇÃO)                       ,91546,2023,paulinia,camara,SMARAPD Câmara de Paulínia
CÂMARA DO MUNICÍPIO DE PAULÍNIA, ,2.1.8.8.5.01.08.001 ,I.S.S.Q.N. - RETENÇÃO PESSOA JURIDICA             ,24/02/2023 00:00,ESTORNO DE ARRECADAC,"-32,20",BANCO DO BRASIL (APLICAÇÃO)                       ,91563,2023,paulinia,camara,SMARAPD Câmara de Paulínia
CÂMARA DO MUNICÍPIO DE PAULÍNIA, ,2.1.8.8.1.01.99.001 ,ASMUP                                             ,02/02/2023 00:00,ARRECADACAO         ,"32,90",BANCO DO BRASIL (APLICAÇÃO)                       ,58196,2023,paulinia,camara,SMARAPD Câmara de Paulínia
CÂMARA DO MUNICÍPIO DE PAULÍNIA, ,2.1.8.8.1.01.99.001 ,ASMUP                                             ,24/02/2023 00:00,ARRECADACAO         ,"263,20",BANCO DO BRASIL (APLICAÇÃO)                       ,59502,2023,paulinia,camara,SMARAPD Câmara de Paulínia
CÂMARA DO MUNICÍPIO DE PAULÍNIA, ,2.1.8.8.1.01.99.001 ,ASMUP                                             ,24/02/2023 00:00,ARRECADACAO         ,"1.381,80",BANCO DO BRASIL (APLICAÇÃO)                       ,59522,2023,paulinia,camara,SMARAPD Câmara de Paulínia
CÂMARA DO MUNICÍPIO DE PAULÍNIA, ,2.1.8.8.1.01.99.001 ,ASMUP                                             ,24/02/2023 00:00,ARRECADACAO         ,"1.381,80",BANCO DO BRASIL (APLICAÇÃO)                       ,59523,2023,paulinia,camara,SMARAPD Câmara de Paulínia
CÂMARA DO MUNICÍPIO DE PAULÍNIA, ,2.1.8.8.3.01.04.001 ,IRRF - FOLHA DE PAGAMENTO                         ,24/02/2023 00:00,ARRECADACAO         ,"85.365,18",BANCO DO BRASIL (APLICAÇÃO)                       ,59561,2023,paulinia,camara,SMARAPD Câmara de Paulínia
CÂMARA DO MUNICÍPIO DE PAULÍNIA, ,2.1.8.8.3.01.04.001 ,IRRF - FOLHA DE PAGAMENTO                         ,24/02/2023 00:00,ARRECADACAO         ,"155.694,24",BANCO DO BRASIL (APLICAÇÃO)                       ,59564,2023,paulinia,camara,SMARAPD Câmara de Paulínia
CÂMARA DO MUNICÍPIO DE PAULÍNIA, ,2.1.8.8.1.01.13.002 ,MENSALIDADE SINDICATO                             ,24/02/2023 00:00,ARRECADACAO         ,"110,00",BANCO DO BRASIL (APLICAÇÃO)                       ,59494,2023,paulinia,camara,SMARAPD Câmara de Paulínia
CÂMARA DO MUNICÍPIO DE PAULÍNIA, ,2.1.8.8.1.01.13.002 ,MENSALIDADE SINDICATO                             ,24/02/2023 00:00,ARRECADACAO         ,"110,00",BANCO DO BRASIL (APLICAÇÃO)                       ,59495,2023,paulinia,camara,SMARAPD Câmara de Paulínia
CÂMARA DO MUNICÍPIO DE PAULÍNIA, ,2.1.8.8.1.01.99.003 ,DIVERSOS                                          ,24/02/2023 00:00,ARRECADACAO         ,"560,40",BANCO DO BRASIL (APLICAÇÃO)                       ,59510,2023,paulinia,camara,SMARAPD Câmara de Paulínia
CÂMARA DO MUNICÍPIO DE PAULÍNIA, ,4.5.1.1.2.02.00.000 ,REPASSE RECEBIDO                                  ,17/02/2023 00:00,ARRECADACAO         ,"3.425.000,00",BANCO DO BRASIL C/MOV.                            ,91780,2023,paulinia,camara,SMARAPD Câmara de Paulínia
CÂMARA DO MUNICÍPIO DE PAULÍNIA, ,2.1.8.8.1.01.99.001 ,ASMUP                                             ,24/02/2023 00:00,ESTORNO DE ARRECADAC,"-1.381,80",BANCO DO BRASIL (APLICAÇÃO)                       ,91547,2023,paulinia,camara,SMARAPD Câmara de Paulínia
CÂMARA DO MUNICÍPIO DE PAULÍNIA, ,2.1.8.8.1.01.99.001 ,ASMUP                                             ,24/02/2023 00:00,ESTORNO DE ARRECADAC,"-131,60",BANCO DO BRASIL (APLICAÇÃO)                       ,91560,2023,paulinia,camara,SMARAPD Câmara de Paulínia
CÂMARA DO MUNICÍPIO DE PAULÍNIA, ,2.1.8.8.3.01.04.001 ,IRRF - FOLHA DE PAGAMENTO                         ,24/02/2023 00:00,ESTORNO DE ARRECADAC,"-155.694,24",BANCO DO BRASIL (APLICAÇÃO)                       ,91527,2023,paulinia,camara,SMARAPD Câmara de Paulínia
CÂMARA DO MUNICÍPIO DE PAULÍNIA, ,2.1.8.8.3.01.04.001 ,IRRF - FOLHA DE PAGAMENTO                         ,24/02/2023 00:00,ESTORNO DE ARRECADAC,"-10.123,25",BANCO DO BRASIL (APLICAÇÃO)                       ,91536,2023,paulinia,camara,SMARAPD Câmara de Paulínia
CÂMARA DO MUNICÍPIO DE PAULÍNIA, ,2.1.8.8.1.01.15.002 ,EMPRÉSTIMO CAIXA ECONOMICA FEDERAL                ,24/02/2023 00:00,ESTORNO DE ARRECADAC,"-4.977,77",BANCO DO BRASIL (APLICAÇÃO)                       ,91539,2023,paulinia,camara,SMARAPD Câmara de Paulínia
CÂMARA DO MUNICÍPIO DE PAULÍNIA, ,2.1.8.8.1.01.15.002 ,EMPRÉSTIMO CAIXA ECONOMICA FEDERAL                ,24/02/2023 00:00,ESTORNO DE ARRECADAC,"-1.962,01",BANCO DO BRASIL (APLICAÇÃO)                       ,91545,2023,paulinia,camara,SMARAPD Câmara de Paulínia
CÂMARA DO MUNICÍPIO DE PAULÍNIA, ,2.1.8.8.1.01.13.002 ,MENSALIDADE SINDICATO                             ,24/02/2023 00:00,ESTORNO DE ARRECADAC,"-110,00",BANCO DO BRASIL (APLICAÇÃO)                       ,91561,2023,paulinia,camara,SMARAPD Câmara de Paulínia
CÂMARA DO MUNICÍPIO DE PAULÍNIA, ,2.1.8.8.3.01.04.002 ,IRRF - RETENÇÃO PESSOA JURIDICA                   ,10/03/2023 00:00,ARRECADACAO         ,"337,50",BANCO DO BRASIL (APLICAÇÃO)                       ,59629,2023,paulinia,camara,SMARAPD Câmara de Paulínia
CÂMARA DO MUNICÍPIO DE PAULÍNIA, ,2.1.8.8.3.01.02.002 ,I.N.S.S - RETENÇÃO PESSOA JURIDICA                ,02/03/2023 00:00,ARRECADACAO         ,"22.148,50",BANCO DO BRASIL (APLICAÇÃO)                       ,59568,2023,paulinia,camara,SMARAPD Câmara de Paulínia
CÂMARA DO MUNICÍPIO DE PAULÍNIA, ,2.1.8.8.3.01.02.002 ,I.N.S.S - RETENÇÃO PESSOA JURIDICA                ,10/03/2023 00:00,ARRECADACAO         ,"1.605,37",BANCO DO BRASIL (APLICAÇÃO)                       ,59630,2023,paulinia,camara,SMARAPD Câmara de Paulínia
CÂMARA DO MUNICÍPIO DE PAULÍNIA, ,2.1.8.8.3.01.02.002 ,I.N.S.S - RETENÇÃO PESSOA JURIDICA                ,13/03/2023 00:00,ARRECADACAO         ,"2.684,99",BANCO DO BRASIL (APLICAÇÃO)                       ,59705,2023,paulinia,camara,SMARAPD Câmara de Paulínia
CÂMARA DO MUNICÍPIO DE PAULÍNIA, ,2.1.8.8.3.01.02.002 ,I.N.S.S - RETENÇÃO PESSOA JURIDICA                ,20/03/2023 00:00,ARRECADACAO         ,"4.680,42",BANCO DO BRASIL (APLICAÇÃO)                       ,59741,2023,paulinia,camara,SMARAPD Câmara de Paulínia
CÂMARA DO MUNICÍPIO DE PAULÍNIA, ,2.1.8.8.5.01.08.001 ,I.S.S.Q.N. - RETENÇÃO PESSOA JURIDICA             ,02/03/2023 00:00,ARRECADACAO         ,"237,69",BANCO DO BRASIL (APLICAÇÃO)                       ,59566,2023,paulinia,camara,SMARAPD Câmara de Paulínia
CÂMARA DO MUNICÍPIO DE PAULÍNIA, ,2.1.8.8.5.01.08.001 ,I.S.S.Q.N. - RETENÇÃO PESSOA JURIDICA             ,02/03/2023 00:00,ARRECADACAO         ,"9.149,78",BANCO DO BRASIL (APLICAÇÃO)                       ,59567,2023,paulinia,camara,SMARAPD Câmara de Paulínia
CÂMARA DO MUNICÍPIO DE PAULÍNIA, ,2.1.8.8.5.01.08.001 ,I.S.S.Q.N. - RETENÇÃO PESSOA JURIDICA             ,10/03/2023 00:00,ARRECADACAO         ,"291,89",BANCO DO BRASIL (APLICAÇÃO)                       ,59628,2023,paulinia,camara,SMARAPD Câmara de Paulínia
CÂMARA DO MUNICÍPIO DE PAULÍNIA, ,2.1.8.8.5.01.08.001 ,I.S.S.Q.N. - RETENÇÃO PESSOA JURIDICA             ,13/03/2023 00:00,ARRECADACAO         ,"353,16",BANCO DO BRASIL (APLICAÇÃO)                       ,59703,2023,paulinia,camara,SMARAPD Câmara de Paulínia
CÂMARA DO MUNICÍPIO DE PAULÍNIA, ,2.1.8.8.5.01.08.001 ,I.S.S.Q.N. - RETENÇÃO PESSOA JURIDICA             ,13/03/2023 00:00,ARRECADACAO         ,"1.220,45",BANCO DO BRASIL (APLICAÇÃO)                       ,59704,2023,paulinia,camara,SMARAPD Câmara de Paulínia
CÂMARA DO MUNICÍPIO DE PAULÍNIA, ,2.1.8.8.5.01.08.001 ,I.S.S.Q.N. - RETENÇÃO PESSOA JURIDICA             ,20/03/2023 00:00,ARRECADACAO         ,"41,90",BANCO DO BRASIL (APLICAÇÃO)                       ,59738,2023,paulinia,camara,SMARAPD Câmara de Paulínia
CÂMARA DO MUNICÍPIO DE PAULÍNIA, ,2.1.8.8.5.01.08.001 ,I.S.S.Q.N. - RETENÇÃO PESSOA JURIDICA             ,24/03/2023 00:00,ARRECADACAO         ,"2,82",BANCO DO BRASIL (APLICAÇÃO)                       ,59743,2023,paulinia,camara,SMARAPD Câmara de Paulínia
CÂMARA DO MUNICÍPIO DE PAULÍNIA, ,2.1.8.8.3.01.02.003 ,I.N.S.S.- FOLHA DE PAGAMENTO                      ,29/03/2023 00:00,ARRECADACAO         ,"56.665,05",BANCO DO BRASIL (APLICAÇÃO)                       ,59791,2023,paulinia,camara,SMARAPD Câmara de Paulínia
CÂMARA DO MUNICÍPIO DE PAULÍNIA, ,2.1.8.8.1.01.99.001 ,ASMUP                                             ,29/03/2023 00:00,ARRECADACAO         ,"3.125,50",BANCO DO BRASIL (APLICAÇÃO)                       ,59785,2023,paulinia,camara,SMARAPD Câmara de Paulínia
CÂMARA DO MUNICÍPIO DE PAULÍNIA, ,2.1.8.8.3.01.04.001 ,IRRF - FOLHA DE PAGAMENTO                         ,29/03/2023 00:00,ARRECADACAO         ,"261.132,93",BANCO DO BRASIL (APLICAÇÃO)                       ,59793,2023,paulinia,camara,SMARAPD Câmara de Paulínia
CÂMARA DO MUNICÍPIO DE PAULÍNIA, ,2.1.8.8.1.01.15.002 ,EMPRÉSTIMO CAIXA ECONOMICA FEDERAL                ,29/03/2023 00:00,ARRECADACAO         ,"24.492,18",BANCO DO BRASIL (APLICAÇÃO)                       ,59788,2023,paulinia,camara,SMARAPD Câmara de Paulínia
CÂMARA DO MUNICÍPIO DE PAULÍNIA, ,2.1.8.8.1.01.13.002 ,MENSALIDADE SINDICATO                             ,29/03/2023 00:00,ARRECADACAO         ,"110,00",BANCO DO BRASIL (APLICAÇÃO)                       ,59782,2023,paulinia,camara,SMARAPD Câmara de Paulínia
CÂMARA DO MUNICÍPIO DE PAULÍNIA, ,4.5.1.1.2.02.00.000 ,REPASSE RECEBIDO                                  ,20/03/2023 00:00,ARRECADACAO         ,"3.425.000,00",BANCO DO BRASIL C/MOV.                            ,91783,2023,paulinia,camara,SMARAPD Câmara de Paulínia
CÂMARA DO MUNICÍPIO DE PAULÍNIA, ,2.1.8.8.1.01.11.008 ,UNIODONTO CAMPINAS                                ,29/03/2023 00:00,ARRECADACAO         ,"1.390,17",BANCO DO BRASIL (APLICAÇÃO)                       ,59784,2023,paulinia,camara,SMARAPD Câmara de Paulínia
CÂMARA DO MUNICÍPIO DE PAULÍNIA, ,2.1.8.8.3.01.04.002 ,IRRF - RETENÇÃO PESSOA JURIDICA                   ,10/04/2023 00:00,ARRECADACAO         ,"1.171,63",BANCO DO BRASIL (APLICAÇÃO)                       ,62751,2023,paulinia,camara,SMARAPD Câmara de Paulínia
CÂMARA DO MUNICÍPIO DE PAULÍNIA, ,2.1.8.8.3.01.04.002 ,IRRF - RETENÇÃO PESSOA JURIDICA                   ,20/04/2023 00:00,ARRECADACAO         ,"19,50",BANCO DO BRASIL (APLICAÇÃO)                       ,62855,2023,paulinia,camara,SMARAPD Câmara de Paulínia
CÂMARA DO MUNICÍPIO DE PAULÍNIA, ,2.1.8.8.3.01.04.002 ,IRRF - RETENÇÃO PESSOA JURIDICA                   ,20/04/2023 00:00,ARRECADACAO         ,"19,50",BANCO DO BRASIL (APLICAÇÃO)                       ,62856,2023,paulinia,camara,SMARAPD Câmara de Paulínia
CÂMARA DO MUNICÍPIO DE PAULÍNIA, ,2.1.8.8.3.01.04.002 ,IRRF - RETENÇÃO PESSOA JURIDICA                   ,20/04/2023 00:00,ARRECADACAO         ,"19,50",BANCO DO BRASIL (APLICAÇÃO)                       ,62857,2023,paulinia,camara,SMARAPD Câmara de Paulínia
CÂMARA DO MUNICÍPIO DE PAULÍNIA, ,2.1.8.8.3.01.04.002 ,IRRF - RETENÇÃO PESSOA JURIDICA                   ,24/04/2023 00:00,ARRECADACAO         ,"850,98",BANCO DO BRASIL (APLICAÇÃO)                       ,62903,2023,paulinia,camara,SMARAPD Câmara de Paulínia
CÂMARA DO MUNICÍPIO DE PAULÍNIA, ,2.1.8.8.5.01.08.001 ,I.S.S.Q.N. - RETENÇÃO PESSOA JURIDICA             ,10/04/2023 00:00,ARRECADACAO         ,"291,89",BANCO DO BRASIL (APLICAÇÃO)                       ,62748,2023,paulinia,camara,SMARAPD Câmara de Paulínia
CÂMARA DO MUNICÍPIO DE PAULÍNIA, ,2.1.8.8.5.01.08.001 ,I.S.S.Q.N. - RETENÇÃO PESSOA JURIDICA             ,10/04/2023 00:00,ARRECADACAO         ,"1.220,45",BANCO DO BRASIL (APLICAÇÃO)                       ,62752,2023,paulinia,camara,SMARAPD Câmara de Paulínia
CÂMARA DO MUNICÍPIO DE PAULÍNIA, ,2.1.8.8.5.01.08.001 ,I.S.S.Q.N. - RETENÇÃO PESSOA JURIDICA             ,20/04/2023 00:00,ARRECADACAO         ,"42,10",BANCO DO BRASIL (APLICAÇÃO)                       ,62858,2023,paulinia,camara,SMARAPD Câmara de Paulínia
CÂMARA DO MUNICÍPIO DE PAULÍNIA, ,2.1.8.8.5.01.08.001 ,I.S.S.Q.N. - RETENÇÃO PESSOA JURIDICA             ,24/04/2023 00:00,ARRECADACAO         ,"36,52",BANCO DO BRASIL (APLICAÇÃO)                       ,62901,2023,paulinia,camara,SMARAPD Câmara de Paulínia
CÂMARA DO MUNICÍPIO DE PAULÍNIA, ,2.1.8.8.5.01.08.001 ,I.S.S.Q.N. - RETENÇÃO PESSOA JURIDICA             ,24/04/2023 00:00,ARRECADACAO         ,"4.254,92",BANCO DO BRASIL (APLICAÇÃO)                       ,62904,2023,paulinia,camara,SMARAPD Câmara de Paulínia
CÂMARA DO MUNICÍPIO DE PAULÍNIA, ,2.1.8.8.3.01.02.002 ,I.N.S.S - RETENÇÃO PESSOA JURIDICA                ,10/04/2023 00:00,ARRECADACAO         ,"2.684,99",BANCO DO BRASIL (APLICAÇÃO)                       ,62754,2023,paulinia,camara,SMARAPD Câmara de Paulínia
CÂMARA DO MUNICÍPIO DE PAULÍNIA, ,2.1.8.8.1.01.11.007 ,UNIMED                                            ,27/04/2023 00:00,ARRECADACAO         ,"30.086,62",BANCO DO BRASIL (APLICAÇÃO)                       ,62923,2023,paulinia,camara,SMARAPD Câmara de Paulínia
CÂMARA DO MUNICÍPIO DE PAULÍNIA, ,2.1.8.8.1.01.99.001 ,ASMUP                                             ,05/04/2023 00:00,ARRECADACAO         ,"32,90",BANCO DO BRASIL (APLICAÇÃO)                       ,62739,2023,paulinia,camara,SMARAPD Câmara de Paulínia
CÂMARA DO MUNICÍPIO DE PAULÍNIA, ,2.1.8.8.1.04.99.002 ,RENDIMENTOS DE APLICAÇÕES FINANCEIRAS             ,28/04/2023 00:00,ARRECADACAO         ,"22.471,33",BANCO DO BRASIL (APLICAÇÃO)                       ,90253,2023,paulinia,camara,SMARAPD Câmara de Paulínia
CÂMARA DO MUNICÍPIO DE PAULÍNIA, ,2.1.8.8.1.01.99.001 ,ASMUP                                             ,27/04/2023 00:00,ARRECADACAO         ,"3.191,30",BANCO DO BRASIL (APLICAÇÃO)                       ,62919,2023,paulinia,camara,SMARAPD Câmara de Paulínia
CÂMARA DO MUNICÍPIO DE PAULÍNIA, ,2.1.8.8.1.01.11.005 ,SAMARITANO                                        ,27/04/2023 00:00,ARRECADACAO         ,"5.001,24",BANCO DO BRASIL (APLICAÇÃO)                       ,62921,2023,paulinia,camara,SMARAPD Câmara de Paulínia
CÂMARA DO MUNICÍPIO DE PAULÍNIA, ,2.1.8.8.1.01.15.002 ,EMPRÉSTIMO CAIXA ECONOMICA FEDERAL                ,27/04/2023 00:00,ARRECADACAO         ,"25.511,90",BANCO DO BRASIL (APLICAÇÃO)                       ,62922,2023,paulinia,camara,SMARAPD Câmara de Paulínia
CÂMARA DO MUNICÍPIO DE PAULÍNIA, ,2.1.8.8.3.01.02.003 ,I.N.S.S.- FOLHA DE PAGAMENTO                      ,05/04/2023 00:00,ARRECADACAO         ,"439,91",BANCO DO BRASIL (APLICAÇÃO)                       ,62743,2023,paulinia,camara,SMARAPD Câmara de Paulínia
CÂMARA DO MUNICÍPIO DE PAULÍNIA, ,2.1.8.8.3.01.02.003 ,I.N.S.S.- FOLHA DE PAGAMENTO                      ,27/04/2023 00:00,ARRECADACAO         ,"56.944,38",BANCO DO BRASIL (APLICAÇÃO)                       ,62925,2023,paulinia,camara,SMARAPD Câmara de Paulínia
CÂMARA DO MUNICÍPIO DE PAULÍNIA, ,2.1.8.8.1.01.99.003 ,DIVERSOS                                          ,27/04/2023 00:00,ARRECADACAO         ,"560,40",BANCO DO BRASIL (APLICAÇÃO)                       ,62917,2023,paulinia,camara,SMARAPD Câmara de Paulínia
CÂMARA DO MUNICÍPIO DE PAULÍNIA, ,2.1.8.8.3.01.02.002 ,I.N.S.S - RETENÇÃO PESSOA JURIDICA                ,24/04/2023 00:00,ARRECADACAO         ,"91,30",BANCO DO BRASIL (APLICAÇÃO)                       ,62902,2023,paulinia,camara,SMARAPD Câmara de Paulínia
CÂMARA DO MUNICÍPIO DE PAULÍNIA, ,2.1.8.8.1.01.11.008 ,UNIODONTO CAMPINAS                                ,05/04/2023 00:00,ARRECADACAO         ,"21,56",BANCO DO BRASIL (APLICAÇÃO)                       ,62738,2023,paulinia,camara,SMARAPD Câmara de Paulínia
CÂMARA DO MUNICÍPIO DE PAULÍNIA, ,2.1.8.8.1.01.15.001 ,EMPRÉSTIMO BANCO DO BRASIL                        ,27/04/2023 00:00,ARRECADACAO         ,"49.245,24",BANCO DO BRASIL (APLICAÇÃO)                       ,62924,2023,paulinia,camara,SMARAPD Câmara de Paulínia
CÂMARA DO MUNICÍPIO DE PAULÍNIA, ,2.1.8.8.3.01.04.002 ,IRRF - RETENÇÃO PESSOA JURIDICA                   ,10/05/2023 00:00,ARRECADACAO         ,"337,50",BANCO DO BRASIL (APLICAÇÃO)                       ,65945,2023,paulinia,camara,SMARAPD Câmara de Paulínia
CÂMARA DO MUNICÍPIO DE PAULÍNIA, ,2.1.8.8.3.01.04.002 ,IRRF - RETENÇÃO PESSOA JURIDICA                   ,19/05/2023 00:00,ARRECADACAO         ,"135,28",BANCO DO BRASIL (APLICAÇÃO)                       ,66014,2023,paulinia,camara,SMARAPD Câmara de Paulínia
CÂMARA DO MUNICÍPIO DE PAULÍNIA, ,2.1.8.8.3.01.04.002 ,IRRF - RETENÇÃO PESSOA JURIDICA                   ,19/05/2023 00:00,ARRECADACAO         ,"850,98",BANCO DO BRASIL (APLICAÇÃO)                       ,66015,2023,paulinia,camara,SMARAPD Câmara de Paulínia
CÂMARA DO MUNICÍPIO DE PAULÍNIA, ,2.1.8.8.5.01.08.001 ,I.S.S.Q.N. - RETENÇÃO PESSOA JURIDICA             ,08/05/2023 00:00,ARRECADACAO         ,"275,26",BANCO DO BRASIL (APLICAÇÃO)                       ,65842,2023,paulinia,camara,SMARAPD Câmara de Paulínia
CÂMARA DO MUNICÍPIO DE PAULÍNIA, ,2.1.8.8.5.01.08.001 ,I.S.S.Q.N. - RETENÇÃO PESSOA JURIDICA             ,10/05/2023 00:00,ARRECADACAO         ,"381,47",BANCO DO BRASIL (APLICAÇÃO)                       ,65946,2023,paulinia,camara,SMARAPD Câmara de Paulínia
CÂMARA DO MUNICÍPIO DE PAULÍNIA, ,2.1.8.8.5.01.08.001 ,I.S.S.Q.N. - RETENÇÃO PESSOA JURIDICA             ,19/05/2023 00:00,ARRECADACAO         ,"4.254,92",BANCO DO BRASIL (APLICAÇÃO)                       ,66016,2023,paulinia,camara,SMARAPD Câmara de Paulínia
CÂMARA DO MUNICÍPIO DE PAULÍNIA, ,2.1.8.8.1.01.10.001 ,DEPÓSITO JUDICIAL                                 ,29/05/2023 00:00,ARRECADACAO         ,"4.197,22",BANCO DO BRASIL (APLICAÇÃO)                       ,66037,2023,paulinia,camara,SMARAPD Câmara de Paulínia
CÂMARA DO MUNICÍPIO DE PAULÍNIA, ,2.1.8.8.1.01.11.007 ,UNIMED                                            ,11/05/2023 00:00,ARRECADACAO         ,"767,63",BANCO DO BRASIL (APLICAÇÃO)                       ,65950,2023,paulinia,camara,SMARAPD Câmara de Paulínia
CÂMARA DO MUNICÍPIO DE PAULÍNIA, ,2.1.8.8.1.01.11.007 ,UNIMED                                            ,29/05/2023 00:00,ARRECADACAO         ,"32.664,71",BANCO DO BRASIL (APLICAÇÃO)                       ,66040,2023,paulinia,camara,SMARAPD Câmara de Paulínia
CÂMARA DO MUNICÍPIO DE PAULÍNIA, ,2.1.8.8.1.01.99.001 ,ASMUP                                             ,11/05/2023 00:00,ARRECADACAO         ,"32,90",BANCO DO BRASIL (APLICAÇÃO)                       ,65948,2023,paulinia,camara,SMARAPD Câmara de Paulínia
CÂMARA DO MUNICÍPIO DE PAULÍNIA, ,2.1.8.8.3.01.04.001 ,IRRF - FOLHA DE PAGAMENTO                         ,11/05/2023 00:00,ARRECADACAO         ,"1.603,32",BANCO DO BRASIL (APLICAÇÃO)                       ,65952,2023,paulinia,camara,SMARAPD Câmara de Paulínia
CÂMARA DO MUNICÍPIO DE PAULÍNIA, ,2.1.8.8.3.01.04.001 ,IRRF - FOLHA DE PAGAMENTO                         ,29/05/2023 00:00,ARRECADACAO         ,"308.765,00",BANCO DO BRASIL (APLICAÇÃO)                       ,66044,2023,paulinia,camara,SMARAPD Câmara de Paulínia
CÂMARA DO MUNICÍPIO DE PAULÍNIA, ,2.1.8.8.1.01.11.005 ,SAMARITANO                                        ,29/05/2023 00:00,ARRECADACAO         ,"5.330,28",BANCO DO BRASIL (APLICAÇÃO)                       ,66038,2023,paulinia,camara,SMARAPD Câmara de Paulínia
CÂMARA DO MUNICÍPIO DE PAULÍNIA, ,2.1.8.8.1.01.15.002 ,EMPRÉSTIMO CAIXA ECONOMICA FEDERAL                ,29/05/2023 00:00,ARRECADACAO         ,"24.583,36",BANCO DO BRASIL (APLICAÇÃO)                       ,66039,2023,paulinia,camara,SMARAPD Câmara de Paulínia
CÂMARA DO MUNICÍPIO DE PAULÍNIA, ,2.1.8.8.3.01.02.003 ,I.N.S.S.- FOLHA DE PAGAMENTO                      ,29/05/2023 00:00,ARRECADACAO         ,"57.311,12",BANCO DO BRASIL (APLICAÇÃO)                       ,66042,2023,paulinia,camara,SMARAPD Câmara de Paulínia
CÂMARA DO MUNICÍPIO DE PAULÍNIA, ,2.1.8.8.3.01.02.002 ,I.N.S.S - RETENÇÃO PESSOA JURIDICA                ,08/05/2023 00:00,ARRECADACAO         ,"1.513,92",BANCO DO BRASIL (APLICAÇÃO)                       ,65845,2023,paulinia,camara,SMARAPD Câmara de Paulínia
CÂMARA DO MUNICÍPIO DE PAULÍNIA, ,2.1.8.8.3.01.02.002 ,I.N.S.S - RETENÇÃO PESSOA JURIDICA                ,08/05/2023 00:00,ARRECADACAO         ,"2.684,99",BANCO DO BRASIL (APLICAÇÃO)                       ,65846,2023,paulinia,camara,SMARAPD Câmara de Paulínia
CÂMARA DO MUNICÍPIO DE PAULÍNIA, ,2.1.8.8.1.01.11.008 ,UNIODONTO CAMPINAS                                ,29/05/2023 00:00,ARRECADACAO         ,"1.336,27",BANCO DO BRASIL (APLICAÇÃO)                       ,66035,2023,paulinia,camara,SMARAPD Câmara de Paulínia
CÂMARA DO MUNICÍPIO DE PAULÍNIA, ,2.1.8.8.1.04.03.001 ,DIVIDENDOS DE AÇÕES                               ,16/05/2023 00:00,ARRECADACAO         ,"310,69",BANCO DO BRASIL (APLICAÇÃO)                       ,90351,2023,paulinia,camara,SMARAPD Câmara de Paulínia
CÂMARA DO MUNICÍPIO DE PAULÍNIA, ,2.1.8.8.1.01.15.001 ,EMPRÉSTIMO BANCO DO BRASIL                        ,29/05/2023 00:00,ARRECADACAO         ,"54.435,85",BANCO DO BRASIL (APLICAÇÃO)                       ,66041,2023,paulinia,camara,SMARAPD Câmara de Paulínia
CÂMARA DO MUNICÍPIO DE PAULÍNIA, ,2.1.8.8.1.04.99.001 ,REMUNERAÇÃO DE AÇÕES                              ,15/06/2023 00:00,ENTRADA [TRANSF CONT,"310,69",,90565,2023,paulinia,camara,SMARAPD Câmara de Paulínia
CÂMARA DO MUNICÍPIO DE PAULÍNIA, ,2.1.8.8.3.01.04.002 ,IRRF - RETENÇÃO PESSOA JURIDICA                   ,12/06/2023 00:00,ARRECADACAO         ,"19,50",BANCO DO BRASIL (APLICAÇÃO)                       ,69039,2023,paulinia,camara,SMARAPD Câmara de Paulínia
CÂMARA DO MUNICÍPIO DE PAULÍNIA, ,2.1.8.8.3.01.04.002 ,IRRF - RETENÇÃO PESSOA JURIDICA                   ,12/06/2023 00:00,ARRECADACAO         ,"211,61",BANCO DO BRASIL (APLICAÇÃO)                       ,69040,2023,paulinia,camara,SMARAPD Câmara de Paulínia
CÂMARA DO MUNICÍPIO DE PAULÍNIA, ,2.1.8.8.3.01.04.002 ,IRRF - RETENÇÃO PESSOA JURIDICA                   ,12/06/2023 00:00,ARRECADACAO         ,"337,50",BANCO DO BRASIL (APLICAÇÃO)                       ,69042,2023,paulinia,camara,SMARAPD Câmara de Paulínia
CÂMARA DO MUNICÍPIO DE PAULÍNIA, ,2.1.8.8.3.01.04.002 ,IRRF - RETENÇÃO PESSOA JURIDICA                   ,26/06/2023 00:00,ARRECADACAO         ,"102,97",BANCO DO BRASIL (APLICAÇÃO)                       ,69133,2023,paulinia,camara,SMARAPD Câmara de Paulínia
CÂMARA DO MUNICÍPIO DE PAULÍNIA, ,2.1.8.8.5.01.08.001 ,I.S.S.Q.N. - RETENÇÃO PESSOA JURIDICA             ,05/06/2023 00:00,ARRECADACAO         ,"494,38",BANCO DO BRASIL (APLICAÇÃO)                       ,68966,2023,paulinia,camara,SMARAPD Câmara de Paulínia
CÂMARA DO MUNICÍPIO DE PAULÍNIA, ,2.1.8.8.5.01.08.001 ,I.S.S.Q.N. - RETENÇÃO PESSOA JURIDICA             ,12/06/2023 00:00,ARRECADACAO         ,"384,16",BANCO DO BRASIL (APLICAÇÃO)                       ,69043,2023,paulinia,camara,SMARAPD Câmara de Paulínia
CÂMARA DO MUNICÍPIO DE PAULÍNIA, ,2.1.8.8.5.01.08.001 ,I.S.S.Q.N. - RETENÇÃO PESSOA JURIDICA             ,15/06/2023 00:00,ARRECADACAO         ,"477,49",BANCO DO BRASIL (APLICAÇÃO)                       ,69058,2023,paulinia,camara,SMARAPD Câmara de Paulínia
CÂMARA DO MUNICÍPIO DE PAULÍNIA, ,2.1.8.8.5.01.08.001 ,I.S.S.Q.N. - RETENÇÃO PESSOA JURIDICA             ,19/06/2023 00:00,ARRECADACAO         ,"8,40",BANCO DO BRASIL (APLICAÇÃO)                       ,69071,2023,paulinia,camara,SMARAPD Câmara de Paulínia
CÂMARA DO MUNICÍPIO DE PAULÍNIA, ,2.1.8.8.5.01.08.001 ,I.S.S.Q.N. - RETENÇÃO PESSOA JURIDICA             ,20/06/2023 00:00,ARRECADACAO         ,"1,41",BANCO DO BRASIL (APLICAÇÃO)                       ,69074,2023,paulinia,camara,SMARAPD Câmara de Paulínia
CÂMARA DO MUNICÍPIO DE PAULÍNIA, ,2.1.8.8.5.01.08.001 ,I.S.S.Q.N. - RETENÇÃO PESSOA JURIDICA             ,22/06/2023 00:00,ARRECADACAO         ,"42,80",BANCO DO BRASIL (APLICAÇÃO)                       ,69100,2023,paulinia,camara,SMARAPD Câmara de Paulínia
CÂMARA DO MUNICÍPIO DE PAULÍNIA, ,2.1.8.8.5.01.08.001 ,I.S.S.Q.N. - RETENÇÃO PESSOA JURIDICA             ,22/06/2023 00:00,ARRECADACAO         ,"54,00",BANCO DO BRASIL (APLICAÇÃO)                       ,69101,2023,paulinia,camara,SMARAPD Câmara de Paulínia
CÂMARA DO MUNICÍPIO DE PAULÍNIA, ,2.1.8.8.5.01.08.001 ,I.S.S.Q.N. - RETENÇÃO PESSOA JURIDICA             ,27/06/2023 00:00,ARRECADACAO         ,"4.254,92",BANCO DO BRASIL (APLICAÇÃO)                       ,69135,2023,paulinia,camara,SMARAPD Câmara de Paulínia
CÂMARA DO MUNICÍPIO DE PAULÍNIA, ,2.1.8.8.1.01.11.007 ,UNIMED                                            ,06/06/2023 00:00,ARRECADACAO         ,"285,33",BANCO DO BRASIL (APLICAÇÃO)                       ,68969,2023,paulinia,camara,SMARAPD Câmara de Paulínia
CÂMARA DO MUNICÍPIO DE PAULÍNIA, ,2.1.8.8.1.01.11.007 ,UNIMED                                            ,29/06/2023 00:00,ARRECADACAO         ,"32.219,40",BANCO DO BRASIL (APLICAÇÃO)                       ,69147,2023,paulinia,camara,SMARAPD Câmara de Paulínia
CÂMARA DO MUNICÍPIO DE PAULÍNIA, ,2.1.8.8.1.04.99.002 ,RENDIMENTOS DE APLICAÇÕES FINANCEIRAS             ,30/06/2023 00:00,ARRECADACAO         ,"39.158,79",BANCO DO BRASIL (APLICAÇÃO)                       ,90667,2023,paulinia,camara,SMARAPD Câmara de Paulínia
CÂMARA DO MUNICÍPIO DE PAULÍNIA, ,2.1.8.8.1.01.99.001 ,ASMUP                                             ,29/06/2023 00:00,ARRECADACAO         ,"3.158,40",BANCO DO BRASIL (APLICAÇÃO)                       ,69143,2023,paulinia,camara,SMARAPD Câmara de Paulínia
CÂMARA DO MUNICÍPIO DE PAULÍNIA, ,2.1.8.8.3.01.04.001 ,IRRF - FOLHA DE PAGAMENTO                         ,06/06/2023 00:00,ARRECADACAO         ,"49,84",BANCO DO BRASIL (APLICAÇÃO)                       ,68968,2023,paulinia,camara,SMARAPD Câmara de Paulínia
CÂMARA DO MUNICÍPIO DE PAULÍNIA, ,2.1.8.8.1.01.11.005 ,SAMARITANO                                        ,29/06/2023 00:00,ARRECADACAO         ,"5.330,28",BANCO DO BRASIL (APLICAÇÃO)                       ,69144,2023,paulinia,camara,SMARAPD Câmara de Paulínia
CÂMARA DO MUNICÍPIO DE PAULÍNIA, ,2.1.8.8.1.01.15.002 ,EMPRÉSTIMO CAIXA ECONOMICA FEDERAL                ,29/06/2023 00:00,ARRECADACAO         ,"24.583,35",BANCO DO BRASIL (APLICAÇÃO)                       ,69146,2023,paulinia,camara,SMARAPD Câmara de Paulínia
CÂMARA DO MUNICÍPIO DE PAULÍNIA, ,2.1.8.8.3.01.02.003 ,I.N.S.S.- FOLHA DE PAGAMENTO                      ,06/06/2023 00:00,ARRECADACAO         ,"324,55",BANCO DO BRASIL (APLICAÇÃO)                       ,68970,2023,paulinia,camara,SMARAPD Câmara de Paulínia
CÂMARA DO MUNICÍPIO DE PAULÍNIA, ,2.1.8.8.1.01.13.002 ,MENSALIDADE SINDICATO                             ,29/06/2023 00:00,ARRECADACAO         ,"110,00",BANCO DO BRASIL (APLICAÇÃO)                       ,69140,2023,paulinia,camara,SMARAPD Câmara de Paulínia
CÂMARA DO MUNICÍPIO DE PAULÍNIA, ,2.1.8.8.1.01.11.008 ,UNIODONTO CAMPINAS                                ,29/06/2023 00:00,ARRECADACAO         ,"1.336,27",BANCO DO BRASIL (APLICAÇÃO)                       ,69142,2023,paulinia,camara,SMARAPD Câmara de Paulínia
CÂMARA DO MUNICÍPIO DE PAULÍNIA, ,2.1.8.8.1.01.15.001 ,EMPRÉSTIMO BANCO DO BRASIL                        ,29/06/2023 00:00,ARRECADACAO         ,"52.638,76",BANCO DO BRASIL (APLICAÇÃO)                       ,69148,2023,paulinia,camara,SMARAPD Câmara de Paulínia
CÂMARA DO MUNICÍPIO DE PAULÍNIA, ,2.1.8.8.3.01.04.002 ,IRRF - RETENÇÃO PESSOA JURIDICA                   ,10/07/2023 00:00,ARRECADACAO         ,"217,08",BANCO DO BRASIL (APLICAÇÃO)                       ,72158,2023,paulinia,camara,SMARAPD Câmara de Paulínia
CÂMARA DO MUNICÍPIO DE PAULÍNIA, ,2.1.8.8.3.01.04.002 ,IRRF - RETENÇÃO PESSOA JURIDICA                   ,10/07/2023 00:00,ARRECADACAO         ,"244,09",BANCO DO BRASIL (APLICAÇÃO)                       ,72159,2023,paulinia,camara,SMARAPD Câmara de Paulínia
CÂMARA DO MUNICÍPIO DE PAULÍNIA, ,2.1.8.8.3.01.04.002 ,IRRF - RETENÇÃO PESSOA JURIDICA                   ,17/07/2023 00:00,ARRECADACAO         ,"19,50",BANCO DO BRASIL (APLICAÇÃO)                       ,72250,2023,paulinia,camara,SMARAPD Câmara de Paulínia
CÂMARA DO MUNICÍPIO DE PAULÍNIA, ,2.1.8.8.3.01.04.002 ,IRRF - RETENÇÃO PESSOA JURIDICA                   ,19/07/2023 00:00,ARRECADACAO         ,"241,86",BANCO DO BRASIL (APLICAÇÃO)                       ,72255,2023,paulinia,camara,SMARAPD Câmara de Paulínia
CÂMARA DO MUNICÍPIO DE PAULÍNIA, ,2.1.8.8.3.01.04.002 ,IRRF - RETENÇÃO PESSOA JURIDICA                   ,24/07/2023 00:00,ARRECADACAO         ,"850,98",BANCO DO BRASIL (APLICAÇÃO)                       ,72285,2023,paulinia,camara,SMARAPD Câmara de Paulínia
CÂMARA DO MUNICÍPIO DE PAULÍNIA, ,2.1.8.8.5.01.08.001 ,I.S.S.Q.N. - RETENÇÃO PESSOA JURIDICA             ,10/07/2023 00:00,ARRECADACAO         ,"289,45",BANCO DO BRASIL (APLICAÇÃO)                       ,72160,2023,paulinia,camara,SMARAPD Câmara de Paulínia
CÂMARA DO MUNICÍPIO DE PAULÍNIA, ,2.1.8.8.5.01.08.001 ,I.S.S.Q.N. - RETENÇÃO PESSOA JURIDICA             ,20/07/2023 00:00,ARRECADACAO         ,"54,00",BANCO DO BRASIL (APLICAÇÃO)                       ,72261,2023,paulinia,camara,SMARAPD Câmara de Paulínia
CÂMARA DO MUNICÍPIO DE PAULÍNIA, ,2.1.8.8.5.01.08.001 ,I.S.S.Q.N. - RETENÇÃO PESSOA JURIDICA             ,24/07/2023 00:00,ARRECADACAO         ,"4.254,92",BANCO DO BRASIL (APLICAÇÃO)                       ,72286,2023,paulinia,camara,SMARAPD Câmara de Paulínia
CÂMARA DO MUNICÍPIO DE PAULÍNIA, ,2.1.8.8.5.01.08.001 ,I.S.S.Q.N. - RETENÇÃO PESSOA JURIDICA             ,26/07/2023 00:00,ARRECADACAO         ,"36,94",BANCO DO BRASIL (APLICAÇÃO)                       ,72289,2023,paulinia,camara,SMARAPD Câmara de Paulínia
CÂMARA DO MUNICÍPIO DE PAULÍNIA, ,2.1.8.8.1.01.10.001 ,DEPÓSITO JUDICIAL                                 ,27/07/2023 00:00,ARRECADACAO         ,"3.406,41",BANCO DO BRASIL (APLICAÇÃO)                       ,72296,2023,paulinia,camara,SMARAPD Câmara de Paulínia
CÂMARA DO MUNICÍPIO DE PAULÍNIA, ,2.1.8.8.3.01.04.001 ,IRRF - FOLHA DE PAGAMENTO                         ,12/07/2023 00:00,ARRECADACAO         ,"208,83",BANCO DO BRASIL (APLICAÇÃO)                       ,72226,2023,paulinia,camara,SMARAPD Câmara de Paulínia
CÂMARA DO MUNICÍPIO DE PAULÍNIA, ,2.1.8.8.1.01.11.005 ,SAMARITANO                                        ,12/07/2023 00:00,ARRECADACAO         ,"107,54",BANCO DO BRASIL (APLICAÇÃO)                       ,72225,2023,paulinia,camara,SMARAPD Câmara de Paulínia
CÂMARA DO MUNICÍPIO DE PAULÍNIA, ,2.1.8.8.3.01.02.003 ,I.N.S.S.- FOLHA DE PAGAMENTO                      ,12/07/2023 00:00,ARRECADACAO         ,"488,53",BANCO DO BRASIL (APLICAÇÃO)                       ,72227,2023,paulinia,camara,SMARAPD Câmara de Paulínia
CÂMARA DO MUNICÍPIO DE PAULÍNIA, ,2.1.8.8.1.01.99.003 ,DIVERSOS                                          ,27/07/2023 00:00,ARRECADACAO         ,"560,40",BANCO DO BRASIL (APLICAÇÃO)                       ,72293,2023,paulinia,camara,SMARAPD Câmara de Paulínia
CÂMARA DO MUNICÍPIO DE PAULÍNIA, ,4.5.1.1.2.02.00.000 ,REPASSE RECEBIDO                                  ,20/07/2023 00:00,ARRECADACAO         ,"3.425.000,00",BANCO DO BRASIL C/MOV.                            ,91787,2023,paulinia,camara,SMARAPD Câmara de Paulínia
CÂMARA DO MUNICÍPIO DE PAULÍNIA, ,2.1.8.8.3.01.02.002 ,I.N.S.S - RETENÇÃO PESSOA JURIDICA                ,26/07/2023 00:00,ARRECADACAO         ,"91,30",BANCO DO BRASIL (APLICAÇÃO)                       ,72290,2023,paulinia,camara,SMARAPD Câmara de Paulínia
CÂMARA DO MUNICÍPIO DE PAULÍNIA, ,2.1.8.8.3.01.04.002 ,IRRF - RETENÇÃO PESSOA JURIDICA                   ,10/08/2023 00:00,ARRECADACAO         ,"218,91",BANCO DO BRASIL (APLICAÇÃO)                       ,75278,2023,paulinia,camara,SMARAPD Câmara de Paulínia
CÂMARA DO MUNICÍPIO DE PAULÍNIA, ,2.1.8.8.3.01.04.002 ,IRRF - RETENÇÃO PESSOA JURIDICA                   ,10/08/2023 00:00,ARRECADACAO         ,"563,26",BANCO DO BRASIL (APLICAÇÃO)                       ,75281,2023,paulinia,camara,SMARAPD Câmara de Paulínia
CÂMARA DO MUNICÍPIO DE PAULÍNIA, ,2.1.8.8.3.01.04.002 ,IRRF - RETENÇÃO PESSOA JURIDICA                   ,25/08/2023 00:00,ARRECADACAO         ,"4.084,73",BANCO DO BRASIL (APLICAÇÃO)                       ,75466,2023,paulinia,camara,SMARAPD Câmara de Paulínia
CÂMARA DO MUNICÍPIO DE PAULÍNIA, ,2.1.8.8.5.01.08.001 ,I.S.S.Q.N. - RETENÇÃO PESSOA JURIDICA             ,04/08/2023 00:00,ARRECADACAO         ,"477,49",BANCO DO BRASIL (APLICAÇÃO)                       ,75216,2023,paulinia,camara,SMARAPD Câmara de Paulínia
CÂMARA DO MUNICÍPIO DE PAULÍNIA, ,2.1.8.8.5.01.08.001 ,I.S.S.Q.N. - RETENÇÃO PESSOA JURIDICA             ,10/08/2023 00:00,ARRECADACAO         ,"291,89",BANCO DO BRASIL (APLICAÇÃO)                       ,75279,2023,paulinia,camara,SMARAPD Câmara de Paulínia
CÂMARA DO MUNICÍPIO DE PAULÍNIA, ,2.1.8.8.5.01.08.001 ,I.S.S.Q.N. - RETENÇÃO PESSOA JURIDICA             ,15/08/2023 00:00,ARRECADACAO         ,"384,16",BANCO DO BRASIL (APLICAÇÃO)                       ,75368,2023,paulinia,camara,SMARAPD Câmara de Paulínia
CÂMARA DO MUNICÍPIO DE PAULÍNIA, ,2.1.8.8.5.01.08.001 ,I.S.S.Q.N. - RETENÇÃO PESSOA JURIDICA             ,21/08/2023 00:00,ARRECADACAO         ,"54,00",BANCO DO BRASIL (APLICAÇÃO)                       ,75427,2023,paulinia,camara,SMARAPD Câmara de Paulínia
CÂMARA DO MUNICÍPIO DE PAULÍNIA, ,2.1.8.8.5.01.08.001 ,I.S.S.Q.N. - RETENÇÃO PESSOA JURIDICA             ,23/08/2023 00:00,ARRECADACAO         ,"56,03",BANCO DO BRASIL (APLICAÇÃO)                       ,75431,2023,paulinia,camara,SMARAPD Câmara de Paulínia
CÂMARA DO MUNICÍPIO DE PAULÍNIA, ,2.1.8.8.5.01.08.001 ,I.S.S.Q.N. - RETENÇÃO PESSOA JURIDICA             ,25/08/2023 00:00,ARRECADACAO         ,"4.254,92",BANCO DO BRASIL (APLICAÇÃO)                       ,75467,2023,paulinia,camara,SMARAPD Câmara de Paulínia
CÂMARA DO MUNICÍPIO DE PAULÍNIA, ,2.1.8.8.1.01.10.001 ,DEPÓSITO JUDICIAL                                 ,29/08/2023 00:00,ARRECADACAO         ,"4.197,22",BANCO DO BRASIL (APLICAÇÃO)                       ,75478,2023,paulinia,camara,SMARAPD Câmara de Paulínia
CÂMARA DO MUNICÍPIO DE PAULÍNIA, ,2.1.8.8.3.01.04.001 ,IRRF - FOLHA DE PAGAMENTO                         ,04/08/2023 00:00,ARRECADACAO         ,"477,49",BANCO DO BRASIL (APLICAÇÃO)                       ,75215,2023,paulinia,camara,SMARAPD Câmara de Paulínia
CÂMARA DO MUNICÍPIO DE PAULÍNIA, ,2.1.8.8.3.01.04.001 ,IRRF - FOLHA DE PAGAMENTO                         ,07/08/2023 00:00,ARRECADACAO         ,"477,49",BANCO DO BRASIL (APLICAÇÃO)                       ,75226,2023,paulinia,camara,SMARAPD Câmara de Paulínia
CÂMARA DO MUNICÍPIO DE PAULÍNIA, ,2.1.8.8.5.01.08.001 ,I.S.S.Q.N. - RETENÇÃO PESSOA JURIDICA             ,28/08/2023 00:00,ARRECADACAO         ,"8,44",BANCO DO BRASIL (APLICAÇÃO)                       ,75472,2023,paulinia,camara,SMARAPD Câmara de Paulínia
CÂMARA DO MUNICÍPIO DE PAULÍNIA, ,2.1.8.8.5.01.08.001 ,I.S.S.Q.N. - RETENÇÃO PESSOA JURIDICA             ,28/08/2023 00:00,ARRECADACAO         ,"11,84",BANCO DO BRASIL (APLICAÇÃO)                       ,75473,2023,paulinia,camara,SMARAPD Câmara de Paulínia
CÂMARA DO MUNICÍPIO DE PAULÍNIA, ,2.1.8.8.1.01.03.001 ,PAULÍNIA PREVI                                    ,14/08/2023 00:00,ARRECADACAO         ,"935,66",BANCO DO BRASIL (APLICAÇÃO)                       ,75359,2023,paulinia,camara,SMARAPD Câmara de Paulínia
CÂMARA DO MUNICÍPIO DE PAULÍNIA, ,2.1.8.8.3.01.04.001 ,IRRF - FOLHA DE PAGAMENTO                         ,04/08/2023 00:00,ESTORNO DE ARRECADAC,"-477,49",BANCO DO BRASIL (APLICAÇÃO)                       ,91573,2023,paulinia,camara,SMARAPD Câmara de Paulínia
CÂMARA DO MUNICÍPIO DE PAULÍNIA, ,2.1.8.8.1.01.11.007 ,UNIMED                                            ,14/08/2023 00:00,ARRECADACAO         ,"118,37",BANCO DO BRASIL (APLICAÇÃO)                       ,75349,2023,paulinia,camara,SMARAPD Câmara de Paulínia
CÂMARA DO MUNICÍPIO DE PAULÍNIA, ,2.1.8.8.1.01.11.007 ,UNIMED                                            ,14/08/2023 00:00,ARRECADACAO         ,"171,97",BANCO DO BRASIL (APLICAÇÃO)                       ,75351,2023,paulinia,camara,SMARAPD Câmara de Paulínia
CÂMARA DO MUNICÍPIO DE PAULÍNIA, ,2.1.8.8.1.01.11.007 ,UNIMED                                            ,29/08/2023 00:00,ARRECADACAO         ,"31.814,54",BANCO DO BRASIL (APLICAÇÃO)                       ,75481,2023,paulinia,camara,SMARAPD Câmara de Paulínia
CÂMARA DO MUNICÍPIO DE PAULÍNIA, ,2.1.8.8.3.01.04.001 ,IRRF - FOLHA DE PAGAMENTO                         ,14/08/2023 00:00,ARRECADACAO         ,"1.833,34",BANCO DO BRASIL (APLICAÇÃO)                       ,75362,2023,paulinia,camara,SMARAPD Câmara de Paulínia
CÂMARA DO MUNICÍPIO DE PAULÍNIA, ,2.1.8.8.3.01.04.001 ,IRRF - FOLHA DE PAGAMENTO                         ,29/08/2023 00:00,ARRECADACAO         ,"278.129,28",BANCO DO BRASIL (APLICAÇÃO)                       ,75485,2023,paulinia,camara,SMARAPD Câmara de Paulínia
CÂMARA DO MUNICÍPIO DE PAULÍNIA, ,2.1.8.8.1.01.15.002 ,EMPRÉSTIMO CAIXA ECONOMICA FEDERAL                ,09/08/2023 00:00,ARRECADACAO         ,"3.123,42",BANCO DO BRASIL (APLICAÇÃO)                       ,75273,2023,paulinia,camara,SMARAPD Câmara de Paulínia
CÂMARA DO MUNICÍPIO DE PAULÍNIA, ,2.1.8.8.1.01.15.002 ,EMPRÉSTIMO CAIXA ECONOMICA FEDERAL                ,29/08/2023 00:00,ARRECADACAO         ,"24.280,54",BANCO DO BRASIL (APLICAÇÃO)                       ,75480,2023,paulinia,camara,SMARAPD Câmara de Paulínia
CÂMARA DO MUNICÍPIO DE PAULÍNIA, ,2.1.8.8.3.01.02.003 ,I.N.S.S.- FOLHA DE PAGAMENTO                      ,14/08/2023 00:00,ARRECADACAO         ,"705,76",BANCO DO BRASIL (APLICAÇÃO)                       ,75357,2023,paulinia,camara,SMARAPD Câmara de Paulínia
CÂMARA DO MUNICÍPIO DE PAULÍNIA, ,2.1.8.8.3.01.02.003 ,I.N.S.S.- FOLHA DE PAGAMENTO                      ,14/08/2023 00:00,ARRECADACAO         ,"705,76",BANCO DO BRASIL (APLICAÇÃO)                       ,75358,2023,paulinia,camara,SMARAPD Câmara de Paulínia
CÂMARA DO MUNICÍPIO DE PAULÍNIA, ,2.1.8.8.1.01.13.002 ,MENSALIDADE SINDICATO                             ,29/08/2023 00:00,ARRECADACAO         ,"110,00",BANCO DO BRASIL (APLICAÇÃO)                       ,75474,2023,paulinia,camara,SMARAPD Câmara de Paulínia
CÂMARA DO MUNICÍPIO DE PAULÍNIA, ,2.1.8.8.1.01.99.003 ,DIVERSOS                                          ,29/08/2023 00:00,ARRECADACAO         ,"560,40",BANCO DO BRASIL (APLICAÇÃO)                       ,75475,2023,paulinia,camara,SMARAPD Câmara de Paulínia
CÂMARA DO MUNICÍPIO DE PAULÍNIA, ,2.1.8.8.1.01.11.008 ,UNIODONTO CAMPINAS                                ,09/08/2023 00:00,ARRECADACAO         ,"43,12",BANCO DO BRASIL (APLICAÇÃO)                       ,75270,2023,paulinia,camara,SMARAPD Câmara de Paulínia
CÂMARA DO MUNICÍPIO DE PAULÍNIA, ,2.1.8.8.1.01.11.008 ,UNIODONTO CAMPINAS                                ,14/08/2023 00:00,ARRECADACAO         ,"26,95",BANCO DO BRASIL (APLICAÇÃO)                       ,75343,2023,paulinia,camara,SMARAPD Câmara de Paulínia
CÂMARA DO MUNICÍPIO DE PAULÍNIA, ,2.1.8.8.1.01.11.008 ,UNIODONTO CAMPINAS                                ,29/08/2023 00:00,ARRECADACAO         ,"1.266,20",BANCO DO BRASIL (APLICAÇÃO)                       ,75476,2023,paulinia,camara,SMARAPD Câmara de Paulínia
CÂMARA DO MUNICÍPIO DE PAULÍNIA, ,2.1.8.8.3.01.02.002 ,I.N.S.S - RETENÇÃO PESSOA JURIDICA                ,10/08/2023 00:00,ARRECADACAO         ,"1.605,37",BANCO DO BRASIL (APLICAÇÃO)                       ,75282,2023,paulinia,camara,SMARAPD Câmara de Paulínia
CÂMARA DO MUNICÍPIO DE PAULÍNIA, ,2.1.8.8.1.01.15.001 ,EMPRÉSTIMO BANCO DO BRASIL                        ,29/08/2023 00:00,ARRECADACAO         ,"47.951,37",BANCO DO BRASIL (APLICAÇÃO)                       ,75482,2023,paulinia,camara,SMARAPD Câmara de Paulínia
CÂMARA DO MUNICÍPIO DE PAULÍNIA, ,2.1.8.8.3.01.02.002 ,I.N.S.S - RETENÇÃO PESSOA JURIDICA                ,04/08/2023 00:00,ESTORNO DE ARRECADAC,"-2.626,20",BANCO DO BRASIL (APLICAÇÃO)                       ,91572,2023,paulinia,camara,SMARAPD Câmara de Paulínia
CÂMARA DO MUNICÍPIO DE PAULÍNIA, ,2.1.8.8.3.01.02.002 ,I.N.S.S - RETENÇÃO PESSOA JURIDICA                ,11/09/2023 00:00,ARRECADACAO         ,"2.626,20",BANCO DO BRASIL (APLICAÇÃO)                       ,78510,2023,paulinia,camara,SMARAPD Câmara de Paulínia
CÂMARA DO MUNICÍPIO DE PAULÍNIA, ,2.1.8.8.3.01.02.002 ,I.N.S.S - RETENÇÃO PESSOA JURIDICA                ,22/09/2023 00:00,ARRECADACAO         ,"4.680,42",BANCO DO BRASIL (APLICAÇÃO)                       ,78634,2023,paulinia,camara,SMARAPD Câmara de Paulínia
CÂMARA DO MUNICÍPIO DE PAULÍNIA, ,2.1.8.8.3.01.04.002 ,IRRF - RETENÇÃO PESSOA JURIDICA                   ,11/09/2023 00:00,ARRECADACAO         ,"784,00",BANCO DO BRASIL (APLICAÇÃO)                       ,78508,2023,paulinia,camara,SMARAPD Câmara de Paulínia
CÂMARA DO MUNICÍPIO DE PAULÍNIA, ,2.1.8.8.3.01.04.002 ,IRRF - RETENÇÃO PESSOA JURIDICA                   ,15/09/2023 00:00,ARRECADACAO         ,"648,09",BANCO DO BRASIL (APLICAÇÃO)                       ,78597,2023,paulinia,camara,SMARAPD Câmara de Paulínia
CÂMARA DO MUNICÍPIO DE PAULÍNIA, ,2.1.8.8.3.01.04.002 ,IRRF - RETENÇÃO PESSOA JURIDICA                   ,22/09/2023 00:00,ARRECADACAO         ,"4.084,73",BANCO DO BRASIL (APLICAÇÃO)                       ,78632,2023,paulinia,camara,SMARAPD Câmara de Paulínia
CÂMARA DO MUNICÍPIO DE PAULÍNIA, ,2.1.8.8.1.01.10.001 ,DEPÓSITO JUDICIAL                                 ,28/09/2023 00:00,ARRECADACAO         ,"4.385,71",BANCO DO BRASIL (APLICAÇÃO)                       ,78680,2023,paulinia,camara,SMARAPD Câmara de Paulínia
CÂMARA DO MUNICÍPIO DE PAULÍNIA, ,2.1.8.8.5.01.08.001 ,I.S.S.Q.N. - RETENÇÃO PESSOA JURIDICA             ,11/09/2023 00:00,ARRECADACAO         ,"284,59",BANCO DO BRASIL (APLICAÇÃO)                       ,78503,2023,paulinia,camara,SMARAPD Câmara de Paulínia
CÂMARA DO MUNICÍPIO DE PAULÍNIA, ,2.1.8.8.5.01.08.001 ,I.S.S.Q.N. - RETENÇÃO PESSOA JURIDICA             ,11/09/2023 00:00,ARRECADACAO         ,"477,49",BANCO DO BRASIL (APLICAÇÃO)                       ,78506,2023,paulinia,camara,SMARAPD Câmara de Paulínia
CÂMARA DO MUNICÍPIO DE PAULÍNIA, ,2.1.8.8.5.01.08.001 ,I.S.S.Q.N. - RETENÇÃO PESSOA JURIDICA             ,20/09/2023 00:00,ARRECADACAO         ,"5,60",BANCO DO BRASIL (APLICAÇÃO)                       ,78623,2023,paulinia,camara,SMARAPD Câmara de Paulínia
CÂMARA DO MUNICÍPIO DE PAULÍNIA, ,2.1.8.8.1.04.99.002 ,RENDIMENTOS DE APLICAÇÕES FINANCEIRAS             ,29/09/2023 00:00,ARRECADACAO         ,"45.731,39",BANCO DO BRASIL (APLICAÇÃO)                       ,91074,2023,paulinia,camara,SMARAPD Câmara de Paulínia
CÂMARA DO MUNICÍPIO DE PAULÍNIA, ,2.1.8.8.3.01.04.001 ,IRRF - FOLHA DE PAGAMENTO                         ,22/09/2023 00:00,ARRECADACAO         ,"515,26",BANCO DO BRASIL (APLICAÇÃO)                       ,78631,2023,paulinia,camara,SMARAPD Câmara de Paulínia
CÂMARA DO MUNICÍPIO DE PAULÍNIA, ,2.1.8.8.3.01.04.001 ,IRRF - FOLHA DE PAGAMENTO                         ,28/09/2023 00:00,ARRECADACAO         ,"298.473,30",BANCO DO BRASIL (APLICAÇÃO)                       ,78687,2023,paulinia,camara,SMARAPD Câmara de Paulínia
CÂMARA DO MUNICÍPIO DE PAULÍNIA, ,2.1.8.8.3.01.02.003 ,I.N.S.S.- FOLHA DE PAGAMENTO                      ,28/09/2023 00:00,ARRECADACAO         ,"58.133,91",BANCO DO BRASIL (APLICAÇÃO)                       ,78685,2023,paulinia,camara,SMARAPD Câmara de Paulínia
CÂMARA DO MUNICÍPIO DE PAULÍNIA, ,2.1.8.8.5.01.08.001 ,I.S.S.Q.N. - RETENÇÃO PESSOA JURIDICA             ,22/09/2023 00:00,ARRECADACAO         ,"4.254,92",BANCO DO BRASIL (APLICAÇÃO)                       ,78633,2023,paulinia,camara,SMARAPD Câmara de Paulínia
CÂMARA DO MUNICÍPIO DE PAULÍNIA, ,2.1.8.8.5.01.08.001 ,I.S.S.Q.N. - RETENÇÃO PESSOA JURIDICA             ,29/09/2023 00:00,ARRECADACAO         ,"647,59",BANCO DO BRASIL (APLICAÇÃO)                       ,78728,2023,paulinia,camara,SMARAPD Câmara de Paulínia
CÂMARA DO MUNICÍPIO DE PAULÍNIA, ,2.1.8.8.1.01.15.001 ,EMPRÉSTIMO BANCO DO BRASIL                        ,28/09/2023 00:00,ARRECADACAO         ,"49.851,36",BANCO DO BRASIL (APLICAÇÃO)                       ,78684,2023,paulinia,camara,SMARAPD Câmara de Paulínia
CÂMARA DO MUNICÍPIO DE PAULÍNIA, ,2.1.8.8.1.01.11.005 ,SAMARITANO                                        ,28/09/2023 00:00,ARRECADACAO         ,"5.814,72",BANCO DO BRASIL (APLICAÇÃO)                       ,78681,2023,paulinia,camara,SMARAPD Câmara de Paulínia
CÂMARA DO MUNICÍPIO DE PAULÍNIA, ,2.1.8.8.1.01.11.007 ,UNIMED                                            ,03/10/2023 00:00,SAÍDA [TRANSF CONTAS,"-3.125,50",,91769,2023,paulinia,camara,SMARAPD Câmara de Paulínia
CÂMARA DO MUNICÍPIO DE PAULÍNIA, ,2.1.8.8.3.01.02.002 ,I.N.S.S - RETENÇÃO PESSOA JURIDICA                ,23/10/2023 00:00,ARRECADACAO         ,"4.680,42",BANCO DO BRASIL (APLICAÇÃO)                       ,81832,2023,paulinia,camara,SMARAPD Câmara de Paulínia
CÂMARA DO MUNICÍPIO DE PAULÍNIA, ,2.1.8.8.3.01.04.002 ,IRRF - RETENÇÃO PESSOA JURIDICA                   ,10/10/2023 00:00,ARRECADACAO         ,"563,26",BANCO DO BRASIL (APLICAÇÃO)                       ,81702,2023,paulinia,camara,SMARAPD Câmara de Paulínia
CÂMARA DO MUNICÍPIO DE PAULÍNIA, ,2.1.8.8.3.01.04.002 ,IRRF - RETENÇÃO PESSOA JURIDICA                   ,11/10/2023 00:00,ARRECADACAO         ,"312,00",BANCO DO BRASIL (APLICAÇÃO)                       ,81778,2023,paulinia,camara,SMARAPD Câmara de Paulínia
CÂMARA DO MUNICÍPIO DE PAULÍNIA, ,2.1.8.8.3.01.04.002 ,IRRF - RETENÇÃO PESSOA JURIDICA                   ,11/10/2023 00:00,ARRECADACAO         ,"449,37",BANCO DO BRASIL (APLICAÇÃO)                       ,81779,2023,paulinia,camara,SMARAPD Câmara de Paulínia
CÂMARA DO MUNICÍPIO DE PAULÍNIA, ,2.1.8.8.5.01.08.001 ,I.S.S.Q.N. - RETENÇÃO PESSOA JURIDICA             ,30/10/2023 00:00,ARRECADACAO         ,"36,85",BANCO DO BRASIL (APLICAÇÃO)                       ,85055,2023,paulinia,camara,SMARAPD Câmara de Paulínia
CÂMARA DO MUNICÍPIO DE PAULÍNIA, ,2.1.8.8.1.01.03.001 ,PAULÍNIA PREVI                                    ,26/10/2023 00:00,ARRECADACAO         ,"104.923,34",BANCO DO BRASIL (APLICAÇÃO)                       ,81882,2023,paulinia,camara,SMARAPD Câmara de Paulínia
CÂMARA DO MUNICÍPIO DE PAULÍNIA, ,2.1.8.8.3.01.04.002 ,IRRF - RETENÇÃO PESSOA JURIDICA                   ,18/10/2023 00:00,ARRECADACAO         ,"147,22",BANCO DO BRASIL (APLICAÇÃO)                       ,81809,2023,paulinia,camara,SMARAPD Câmara de Paulínia
CÂMARA DO MUNICÍPIO DE PAULÍNIA, ,2.1.8.8.3.01.04.002 ,IRRF - RETENÇÃO PESSOA JURIDICA                   ,23/10/2023 00:00,ARRECADACAO         ,"1.021,18",BANCO DO BRASIL (APLICAÇÃO)                       ,81830,2023,paulinia,camara,SMARAPD Câmara de Paulínia
CÂMARA DO MUNICÍPIO DE PAULÍNIA, ,2.1.8.8.1.01.11.007 ,UNIMED                                            ,26/10/2023 00:00,ARRECADACAO         ,"32.733,37",BANCO DO BRASIL (APLICAÇÃO)                       ,81879,2023,paulinia,camara,SMARAPD Câmara de Paulínia
CÂMARA DO MUNICÍPIO DE PAULÍNIA, ,2.1.8.8.3.01.02.003 ,I.N.S.S.- FOLHA DE PAGAMENTO                      ,26/10/2023 00:00,ARRECADACAO         ,"61.268,17",BANCO DO BRASIL (APLICAÇÃO)                       ,81881,2023,paulinia,camara,SMARAPD Câmara de Paulínia
CÂMARA DO MUNICÍPIO DE PAULÍNIA, ,2.1.8.8.1.01.13.002 ,MENSALIDADE SINDICATO                             ,26/10/2023 00:00,ARRECADACAO         ,"110,00",BANCO DO BRASIL (APLICAÇÃO)                       ,81872,2023,paulinia,camara,SMARAPD Câmara de Paulínia
CÂMARA DO MUNICÍPIO DE PAULÍNIA, ,2.1.8.8.1.01.99.003 ,DIVERSOS                                          ,26/10/2023 00:00,ARRECADACAO         ,"560,40",BANCO DO BRASIL (APLICAÇÃO)                       ,81873,2023,paulinia,camara,SMARAPD Câmara de Paulínia
CÂMARA DO MUNICÍPIO DE PAULÍNIA, ,2.1.8.8.5.01.08.001 ,I.S.S.Q.N. - RETENÇÃO PESSOA JURIDICA             ,10/10/2023 00:00,ARRECADACAO         ,"398,99",BANCO DO BRASIL (APLICAÇÃO)                       ,81701,2023,paulinia,camara,SMARAPD Câmara de Paulínia
CÂMARA DO MUNICÍPIO DE PAULÍNIA, ,2.1.8.8.5.01.08.001 ,I.S.S.Q.N. - RETENÇÃO PESSOA JURIDICA             ,11/10/2023 00:00,ARRECADACAO         ,"260,00",BANCO DO BRASIL (APLICAÇÃO)                       ,81777,2023,paulinia,camara,SMARAPD Câmara de Paulínia
CÂMARA DO MUNICÍPIO DE PAULÍNIA, ,2.1.8.8.5.01.08.001 ,I.S.S.Q.N. - RETENÇÃO PESSOA JURIDICA             ,11/10/2023 00:00,ARRECADACAO         ,"477,49",BANCO DO BRASIL (APLICAÇÃO)                       ,81781,2023,paulinia,camara,SMARAPD Câmara de Paulínia
CÂMARA DO MUNICÍPIO DE PAULÍNIA, ,2.1.8.8.5.01.08.001 ,I.S.S.Q.N. - RETENÇÃO PESSOA JURIDICA             ,20/10/2023 00:00,ARRECADACAO         ,"1,40",BANCO DO BRASIL (APLICAÇÃO)                       ,81823,2023,paulinia,camara,SMARAPD Câmara de Paulínia
CÂMARA DO MUNICÍPIO DE PAULÍNIA, ,2.1.8.8.1.01.15.001 ,EMPRÉSTIMO BANCO DO BRASIL                        ,26/10/2023 00:00,ARRECADACAO         ,"48.769,74",BANCO DO BRASIL (APLICAÇÃO)                       ,81880,2023,paulinia,camara,SMARAPD Câmara de Paulínia
CÂMARA DO MUNICÍPIO DE PAULÍNIA, ,2.1.8.8.3.01.02.002 ,I.N.S.S - RETENÇÃO PESSOA JURIDICA                ,10/11/2023 00:00,ARRECADACAO         ,"1.498,34",BANCO DO BRASIL (APLICAÇÃO)                       ,85118,2023,paulinia,camara,SMARAPD Câmara de Paulínia
CÂMARA DO MUNICÍPIO DE PAULÍNIA, ,2.1.8.8.3.01.02.002 ,I.N.S.S - RETENÇÃO PESSOA JURIDICA                ,10/11/2023 00:00,ARRECADACAO         ,"2.626,20",BANCO DO BRASIL (APLICAÇÃO)                       ,85119,2023,paulinia,camara,SMARAPD Câmara de Paulínia
CÂMARA DO MUNICÍPIO DE PAULÍNIA, ,2.1.8.8.5.01.08.001 ,I.S.S.Q.N. - RETENÇÃO PESSOA JURIDICA             ,10/11/2023 00:00,ARRECADACAO         ,"176,00",BANCO DO BRASIL (APLICAÇÃO)                       ,85107,2023,paulinia,camara,SMARAPD Câmara de Paulínia
CÂMARA DO MUNICÍPIO DE PAULÍNIA, ,2.1.8.8.5.01.08.001 ,I.S.S.Q.N. - RETENÇÃO PESSOA JURIDICA             ,10/11/2023 00:00,ARRECADACAO         ,"477,49",BANCO DO BRASIL (APLICAÇÃO)                       ,85113,2023,paulinia,camara,SMARAPD Câmara de Paulínia
CÂMARA DO MUNICÍPIO DE PAULÍNIA, ,2.1.8.8.5.01.08.001 ,I.S.S.Q.N. - RETENÇÃO PESSOA JURIDICA             ,17/11/2023 00:00,ARRECADACAO         ,"44,10",BANCO DO BRASIL (APLICAÇÃO)                       ,85203,2023,paulinia,camara,SMARAPD Câmara de Paulínia
CÂMARA DO MUNICÍPIO DE PAULÍNIA, ,2.1.8.8.5.01.08.001 ,I.S.S.Q.N. - RETENÇÃO PESSOA JURIDICA             ,17/11/2023 00:00,ARRECADACAO         ,"54,00",BANCO DO BRASIL (APLICAÇÃO)                       ,85204,2023,paulinia,camara,SMARAPD Câmara de Paulínia
CÂMARA DO MUNICÍPIO DE PAULÍNIA, ,2.1.8.8.1.01.03.001 ,PAULÍNIA PREVI                                    ,29/11/2023 00:00,ARRECADACAO         ,"107.522,37",BANCO DO BRASIL (APLICAÇÃO)                       ,85249,2023,paulinia,camara,SMARAPD Câmara de Paulínia
CÂMARA DO MUNICÍPIO DE PAULÍNIA, ,2.1.8.8.3.01.04.002 ,IRRF - RETENÇÃO PESSOA JURIDICA                   ,10/11/2023 00:00,ARRECADACAO         ,"337,50",BANCO DO BRASIL (APLICAÇÃO)                       ,85110,2023,paulinia,camara,SMARAPD Câmara de Paulínia
CÂMARA DO MUNICÍPIO DE PAULÍNIA, ,2.1.8.8.3.01.04.002 ,IRRF - RETENÇÃO PESSOA JURIDICA                   ,10/11/2023 00:00,ARRECADACAO         ,"495,96",BANCO DO BRASIL (APLICAÇÃO)                       ,85115,2023,paulinia,camara,SMARAPD Câmara de Paulínia
CÂMARA DO MUNICÍPIO DE PAULÍNIA, ,2.1.8.8.3.01.04.002 ,IRRF - RETENÇÃO PESSOA JURIDICA                   ,10/11/2023 00:00,ARRECADACAO         ,"563,26",BANCO DO BRASIL (APLICAÇÃO)                       ,85116,2023,paulinia,camara,SMARAPD Câmara de Paulínia
CÂMARA DO MUNICÍPIO DE PAULÍNIA, ,2.1.8.8.5.01.08.001 ,I.S.S.Q.N. - RETENÇÃO PESSOA JURIDICA             ,17/11/2023 00:00,ESTORNO DE ARRECADAC,"-12,90",BANCO DO BRASIL (APLICAÇÃO)                       ,91757,2023,paulinia,camara,SMARAPD Câmara de Paulínia
CÂMARA DO MUNICÍPIO DE PAULÍNIA, ,2.1.8.8.5.01.08.001 ,I.S.S.Q.N. - RETENÇÃO PESSOA JURIDICA             ,17/11/2023 00:00,ESTORNO DE ARRECADAC,"-0,70",BANCO DO BRASIL (APLICAÇÃO)                       ,91758,2023,paulinia,camara,SMARAPD Câmara de Paulínia
CÂMARA DO MUNICÍPIO DE PAULÍNIA, ,2.1.8.8.3.01.04.002 ,IRRF - RETENÇÃO PESSOA JURIDICA                   ,22/11/2023 00:00,ARRECADACAO         ,"1.021,18",BANCO DO BRASIL (APLICAÇÃO)                       ,85217,2023,paulinia,camara,SMARAPD Câmara de Paulínia
CÂMARA DO MUNICÍPIO DE PAULÍNIA, ,2.1.8.8.1.01.11.007 ,UNIMED                                            ,29/11/2023 00:00,ARRECADACAO         ,"32.859,40",BANCO DO BRASIL (APLICAÇÃO)                       ,85246,2023,paulinia,camara,SMARAPD Câmara de Paulínia
CÂMARA DO MUNICÍPIO DE PAULÍNIA, ,2.1.8.8.1.04.99.002 ,RENDIMENTOS DE APLICAÇÕES FINANCEIRAS             ,30/11/2023 00:00,ARRECADACAO         ,"52.471,39",BANCO DO BRASIL (APLICAÇÃO)                       ,91361,2023,paulinia,camara,SMARAPD Câmara de Paulínia
CÂMARA DO MUNICÍPIO DE PAULÍNIA, ,2.1.8.8.3.01.04.001 ,IRRF - FOLHA DE PAGAMENTO                         ,29/11/2023 00:00,ARRECADACAO         ,"277.366,18",BANCO DO BRASIL (APLICAÇÃO)                       ,85250,2023,paulinia,camara,SMARAPD Câmara de Paulínia
CÂMARA DO MUNICÍPIO DE PAULÍNIA, ,2.1.8.8.1.01.15.002 ,EMPRÉSTIMO CAIXA ECONOMICA FEDERAL                ,29/11/2023 00:00,ARRECADACAO         ,"24.330,49",BANCO DO BRASIL (APLICAÇÃO)                       ,85245,2023,paulinia,camara,SMARAPD Câmara de Paulínia
CÂMARA DO MUNICÍPIO DE PAULÍNIA, ,2.1.8.8.3.01.02.003 ,I.N.S.S.- FOLHA DE PAGAMENTO                      ,29/11/2023 00:00,ARRECADACAO         ,"57.980,09",BANCO DO BRASIL (APLICAÇÃO)                       ,85248,2023,paulinia,camara,SMARAPD Câmara de Paulínia
CÂMARA DO MUNICÍPIO DE PAULÍNIA, ,2.1.8.8.5.01.08.001 ,I.S.S.Q.N. - RETENÇÃO PESSOA JURIDICA             ,20/11/2023 00:00,ARRECADACAO         ,"12,90",BANCO DO BRASIL (APLICAÇÃO)                       ,85206,2023,paulinia,camara,SMARAPD Câmara de Paulínia
CÂMARA DO MUNICÍPIO DE PAULÍNIA, ,2.1.8.8.5.01.08.001 ,I.S.S.Q.N. - RETENÇÃO PESSOA JURIDICA             ,22/11/2023 00:00,ARRECADACAO         ,"4.254,92",BANCO DO BRASIL (APLICAÇÃO)                       ,85218,2023,paulinia,camara,SMARAPD Câmara de Paulínia
CÂMARA DO MUNICÍPIO DE PAULÍNIA, ,4.5.1.1.2.02.00.000 ,REPASSE RECEBIDO                                  ,14/11/2023 00:00,ARRECADACAO         ,"3.425.000,00",BANCO DO BRASIL C/MOV.                            ,91791,2023,paulinia,camara,SMARAPD Câmara de Paulínia
CÂMARA DO MUNICÍPIO DE PAULÍNIA, ,2.1.8.8.1.01.99.001 ,ASMUP                                             ,29/11/2023 00:00,ARRECADACAO         ,"3.191,30",BANCO DO BRASIL (APLICAÇÃO)                       ,85242,2023,paulinia,camara,SMARAPD Câmara de Paulínia
CÂMARA DO MUNICÍPIO DE PAULÍNIA, ,2.1.8.8.1.04.03.001 ,DIVIDENDOS DE AÇÕES                               ,12/12/2023 00:00,SAÍDA [TRANSF CONTAS,"-146,01",,91770,2023,paulinia,camara,SMARAPD Câmara de Paulínia
CÂMARA DO MUNICÍPIO DE PAULÍNIA, ,2.1.8.8.5.01.08.001 ,I.S.S.Q.N. - RETENÇÃO PESSOA JURIDICA             ,20/12/2023 00:00,SAÍDA [TRANSF CONTAS,"-571,38",,91775,2023,paulinia,camara,SMARAPD Câmara de Paulínia
CÂMARA DO MUNICÍPIO DE PAULÍNIA, ,2.1.8.8.5.01.08.001 ,I.S.S.Q.N. - RETENÇÃO PESSOA JURIDICA             ,18/12/2023 00:00,SAÍDA [TRANSF CONTAS,"-1.866,71",,91772,2023,paulinia,camara,SMARAPD Câmara de Paulínia
CÂMARA DO MUNICÍPIO DE PAULÍNIA, ,2.1.8.8.5.01.08.001 ,I.S.S.Q.N. - RETENÇÃO PESSOA JURIDICA             ,18/12/2023 00:00,ENTRADA [TRANSF CONT,"1.220,45",,91466,2023,paulinia,camara,SMARAPD Câmara de Paulínia
CÂMARA DO MUNICÍPIO DE PAULÍNIA, ,2.1.8.8.3.01.04.001 ,IRRF - FOLHA DE PAGAMENTO                         ,18/12/2023 00:00,SAÍDA [TRANSF CONTAS,"-574,19",,91774,2023,paulinia,camara,SMARAPD Câmara de Paulínia
CÂMARA DO MUNICÍPIO DE PAULÍNIA, ,2.1.8.8.3.01.04.002 ,IRRF - RETENÇÃO PESSOA JURIDICA                   ,20/12/2023 00:00,ENTRADA [TRANSF CONT,"571,38",,91490,2023,paulinia,camara,SMARAPD Câmara de Paulínia
CÂMARA DO MUNICÍPIO DE PAULÍNIA, ,2.1.8.8.3.01.04.002 ,IRRF - RETENÇÃO PESSOA JURIDICA                   ,15/12/2023 00:00,ENTRADA [TRANSF CONT,"693,41",,91458,2023,paulinia,camara,SMARAPD Câmara de Paulínia
CÂMARA DO MUNICÍPIO DE PAULÍNIA, ,2.1.8.8.3.01.02.002 ,I.N.S.S - RETENÇÃO PESSOA JURIDICA                ,08/12/2023 00:00,ARRECADACAO         ,"4.464,16",BANCO DO BRASIL (APLICAÇÃO)                       ,88533,2023,paulinia,camara,SMARAPD Câmara de Paulínia
CÂMARA DO MUNICÍPIO DE PAULÍNIA, ,2.1.8.8.1.01.10.001 ,DEPÓSITO JUDICIAL                                 ,14/12/2023 00:00,ARRECADACAO         ,"4.385,71",BANCO DO BRASIL (APLICAÇÃO)                       ,88626,2023,paulinia,camara,SMARAPD Câmara de Paulínia
CÂMARA DO MUNICÍPIO DE PAULÍNIA, ,2.1.8.8.5.01.08.001 ,I.S.S.Q.N. - RETENÇÃO PESSOA JURIDICA             ,15/12/2023 00:00,ARRECADACAO         ,"6,45",BANCO DO BRASIL (APLICAÇÃO)                       ,88677,2023,paulinia,camara,SMARAPD Câmara de Paulínia
CÂMARA DO MUNICÍPIO DE PAULÍNIA, ,2.1.8.8.5.01.08.001 ,I.S.S.Q.N. - RETENÇÃO PESSOA JURIDICA             ,15/12/2023 00:00,ARRECADACAO         ,"8,60",BANCO DO BRASIL (APLICAÇÃO)                       ,88679,2023,paulinia,camara,SMARAPD Câmara de Paulínia
CÂMARA DO MUNICÍPIO DE PAULÍNIA, ,2.1.8.8.5.01.08.001 ,I.S.S.Q.N. - RETENÇÃO PESSOA JURIDICA             ,15/12/2023 00:00,ARRECADACAO         ,"652,80",BANCO DO BRASIL (APLICAÇÃO)                       ,88683,2023,paulinia,camara,SMARAPD Câmara de Paulínia
CÂMARA DO MUNICÍPIO DE PAULÍNIA, ,2.1.8.8.1.01.03.001 ,PAULÍNIA PREVI                                    ,04/12/2023 00:00,ARRECADACAO         ,"104.317,42",BANCO DO BRASIL (APLICAÇÃO)                       ,88492,2023,paulinia,camara,SMARAPD Câmara de Paulínia
CÂMARA DO MUNICÍPIO DE PAULÍNIA, ,2.1.8.8.1.01.11.007 ,UNIMED                                            ,14/12/2023 00:00,ARRECADACAO         ,"33.053,95",BANCO DO BRASIL (APLICAÇÃO)                       ,88629,2023,paulinia,camara,SMARAPD Câmara de Paulínia
CÂMARA DO MUNICÍPIO DE PAULÍNIA, ,2.1.8.8.1.01.15.002 ,EMPRÉSTIMO CAIXA ECONOMICA FEDERAL                ,14/12/2023 00:00,ARRECADACAO         ,"24.330,49",BANCO DO BRASIL (APLICAÇÃO)                       ,88628,2023,paulinia,camara,SMARAPD Câmara de Paulínia
CÂMARA DO MUNICÍPIO DE PAULÍNIA, ,2.1.8.8.3.01.02.003 ,I.N.S.S.- FOLHA DE PAGAMENTO                      ,04/12/2023 00:00,ARRECADACAO         ,"54.266,37",BANCO DO BRASIL (APLICAÇÃO)                       ,88491,2023,paulinia,camara,SMARAPD Câmara de Paulínia
CÂMARA DO MUNICÍPIO DE PAULÍNIA, ,2.1.8.8.3.01.02.003 ,I.N.S.S.- FOLHA DE PAGAMENTO                      ,14/12/2023 00:00,ARRECADACAO         ,"58.133,91",BANCO DO BRASIL (APLICAÇÃO)                       ,88631,2023,paulinia,camara,SMARAPD Câmara de Paulínia
CÂMARA DO MUNICÍPIO DE PAULÍNIA, ,2.1.8.8.1.01.13.002 ,MENSALIDADE SINDICATO                             ,14/12/2023 00:00,ARRECADACAO         ,"110,00",BANCO DO BRASIL (APLICAÇÃO)                       ,88622,2023,paulinia,camara,SMARAPD Câmara de Paulínia
CÂMARA DO MUNICÍPIO DE PAULÍNIA, ,2.1.8.8.1.01.99.003 ,DIVERSOS                                          ,14/12/2023 00:00,ARRECADACAO         ,"560,40",BANCO DO BRASIL (APLICAÇÃO)                       ,88623,2023,paulinia,camara,SMARAPD Câmara de Paulínia
CÂMARA DO MUNICÍPIO DE PAULÍNIA, ,2.1.8.8.5.01.08.001 ,I.S.S.Q.N. - RETENÇÃO PESSOA JURIDICA             ,01/12/2023 00:00,ARRECADACAO         ,"37,45",BANCO DO BRASIL (APLICAÇÃO)                       ,88344,2023,paulinia,camara,SMARAPD Câmara de Paulínia
CÂMARA DO MUNICÍPIO DE PAULÍNIA, ,2.1.8.8.5.01.08.001 ,I.S.S.Q.N. - RETENÇÃO PESSOA JURIDICA             ,05/12/2023 00:00,ARRECADACAO         ,"17,21",BANCO DO BRASIL (APLICAÇÃO)                       ,88494,2023,paulinia,camara,SMARAPD Câmara de Paulínia
CÂMARA DO MUNICÍPIO DE PAULÍNIA, ,2.1.8.8.5.01.08.001 ,I.S.S.Q.N. - RETENÇÃO PESSOA JURIDICA             ,08/12/2023 00:00,ARRECADACAO         ,"812,16",BANCO DO BRASIL (APLICAÇÃO)                       ,88531,2023,paulinia,camara,SMARAPD Câmara de Paulínia
CÂMARA DO MUNICÍPIO DE PAULÍNIA, ,2.1.8.8.5.01.08.001 ,I.S.S.Q.N. - RETENÇÃO PESSOA JURIDICA             ,11/12/2023 00:00,ARRECADACAO         ,"289,45",BANCO DO BRASIL (APLICAÇÃO)                       ,88543,2023,paulinia,camara,SMARAPD Câmara de Paulínia
CÂMARA DO MUNICÍPIO DE PAULÍNIA, ,2.1.8.8.5.01.08.001 ,I.S.S.Q.N. - RETENÇÃO PESSOA JURIDICA             ,11/12/2023 00:00,ARRECADACAO         ,"394,95",BANCO DO BRASIL (APLICAÇÃO)                       ,88545,2023,paulinia,camara,SMARAPD Câmara de Paulínia
CÂMARA DO MUNICÍPIO DE PAULÍNIA, ,4.5.1.1.2.02.00.000 ,REPASSE RECEBIDO                                  ,11/12/2023 00:00,ARRECADACAO         ,"3.425.000,00",BANCO DO BRASIL C/MOV.                            ,91792,2023,paulinia,camara,SMARAPD Câmara de Paulínia
CÂMARA DO MUNICÍPIO DE PAULÍNIA, ,2.1.8.8.3.01.04.002 ,IRRF - RETENÇÃO PESSOA JURIDICA                   ,11/12/2023 00:00,ARRECADACAO         ,"727,43",BANCO DO BRASIL (APLICAÇÃO)                       ,88551,2023,paulinia,camara,SMARAPD Câmara de Paulínia
CÂMARA DO MUNICÍPIO DE PAULÍNIA, ,2.1.8.8.3.01.04.002 ,IRRF - RETENÇÃO PESSOA JURIDICA                   ,11/12/2023 00:00,ARRECADACAO         ,"784,00",BANCO DO BRASIL (APLICAÇÃO)                       ,88552,2023,paulinia,camara,SMARAPD Câmara de Paulínia
CÂMARA DO MUNICÍPIO DE PAULÍNIA, ,2.1.8.8.3.01.04.002 ,IRRF - RETENÇÃO PESSOA JURIDICA                   ,15/12/2023 00:00,ARRECADACAO         ,"456,00",BANCO DO BRASIL (APLICAÇÃO)                       ,88681,2023,paulinia,camara,SMARAPD Câmara de Paulínia
CÂMARA DO MUNICÍPIO DE PAULÍNIA, ,2.1.8.8.3.01.04.002 ,IRRF - RETENÇÃO PESSOA JURIDICA                   ,15/12/2023 00:00,ARRECADACAO         ,"626,69",BANCO DO BRASIL (APLICAÇÃO)                       ,88682,2023,paulinia,camara,SMARAPD Câmara de Paulínia
CÂMARA DO MUNICÍPIO DE PAULÍNIA, ,2.1.8.8.1.01.11.008 ,UNIODONTO CAMPINAS                                ,14/12/2023 00:00,ARRECADACAO         ,"1.287,76",BANCO DO BRASIL (APLICAÇÃO)                       ,88624,2023,paulinia,camara,SMARAPD Câmara de Paulínia
CÂMARA DO MUNICÍPIO DE PAULÍNIA, ,2.1.8.8.1.01.15.001 ,EMPRÉSTIMO BANCO DO BRASIL                        ,14/12/2023 00:00,ARRECADACAO         ,"53.468,55",BANCO DO BRASIL (APLICAÇÃO)                       ,88630,2023,paulinia,camara,SMARAPD Câmara de Paulínia
CÂMARA DO MUNICÍPIO DE PAULÍNIA, ,2.1.8.8.3.01.04.002 ,IRRF - RETENÇÃO PESSOA JURIDICA                   ,08/12/2023 00:00,ARRECADACAO         ,"1.947,99",BANCO DO BRASIL (APLICAÇÃO)                       ,88532,2023,paulinia,camara,SMARAPD Câmara de Paulínia
CÂMARA DO MUNICÍPIO DE PAULÍNIA, ,2.1.8.8.3.01.04.002 ,IRRF - RETENÇÃO PESSOA JURIDICA                   ,11/12/2023 00:00,ARRECADACAO         ,"337,50",BANCO DO BRASIL (APLICAÇÃO)                       ,88544,2023,paulinia,camara,SMARAPD Câmara de Paulínia
CÂMARA DO MUNICÍPIO DE PAULÍNIA, ,2.1.8.8.3.01.04.002 ,IRRF - RETENÇÃO PESSOA JURIDICA                   ,11/12/2023 00:00,ARRECADACAO         ,"436,61",BANCO DO BRASIL (APLICAÇÃO)                       ,88546,2023,paulinia,camara,SMARAPD Câmara de Paulínia
CÂMARA DO MUNICÍPIO DE PAULÍNIA, ,2.1.8.8.3.01.04.002 ,IRRF - RETENÇÃO PESSOA JURIDICA                   ,11/12/2023 00:00,ARRECADACAO         ,"495,96",BANCO DO BRASIL (APLICAÇÃO)                       ,88547,2023,paulinia,camara,SMARAPD Câmara de Paulínia
CÂMARA DO MUNICÍPIO DE PAULÍNIA, ,2.1.8.8.3.01.04.002 ,IRRF - RETENÇÃO PESSOA JURIDICA                   ,11/12/2023 00:00,ARRECADACAO         ,"563,26",BANCO DO BRASIL (APLICAÇÃO)                       ,88548,2023,paulinia,camara,SMARAPD Câmara de Paulínia
CÂMARA DO MUNICÍPIO DE PAULÍNIA, ,2.1.8.8.3.01.04.002 ,IRRF - RETENÇÃO PESSOA JURIDICA                   ,11/12/2023 00:00,ARRECADACAO         ,"642,11",BANCO DO BRASIL (APLICAÇÃO)                       ,88549,2023,paulinia,camara,SMARAPD Câmara de Paulínia
CÂMARA DO MUNICÍPIO DE PAULÍNIA, ,2.1.8.8.3.01.04.002 ,IRRF - RETENÇÃO PESSOA JURIDICA                   ,11/12/2023 00:00,ARRECADACAO         ,"694,68",BANCO DO BRASIL (APLICAÇÃO)                       ,88550,2023,paulinia,camara,SMARAPD Câmara de Paulínia
CÂMARA DO MUNICÍPIO DE PAULÍNIA, ,1.1.3.8.1.09.00.001 ,SALÁRIO MATERNIDADE A RECUPERAR                   ,19/12/2023 00:00,ARRECADACAO         ,"5.637,54",BANCO DO BRASIL (APLICAÇÃO)                       ,91480,2023,paulinia,camara,SMARAPD Câmara de Paulínia
CÂMARA DO MUNICÍPIO DE PAULÍNIA, ,1.1.3.8.1.09.00.001 ,SALÁRIO MATERNIDADE A RECUPERAR                   ,19/12/2023 00:00,ARRECADACAO         ,"6.021,46",BANCO DO BRASIL (APLICAÇÃO)                       ,91481,2023,paulinia,camara,SMARAPD Câmara de Paulínia
CÂMARA DO MUNICÍPIO DE PAULÍNIA, ,2.1.8.8.1.01.11.005 ,SAMARITANO                                        ,14/12/2023 00:00,ARRECADACAO         ,"6.400,76",BANCO DO BRASIL (APLICAÇÃO)                       ,88627,2023,paulinia,camara,SMARAPD Câmara de Paulínia
CÂMARA DO MUNICÍPIO DE PAULÍNIA, ,2.1.8.8.3.01.04.002 ,IRRF - RETENÇÃO PESSOA JURIDICA                   ,13/01/2023 00:00,ARRECADACAO         ,"133,17",BANCO DO BRASIL C/MOV.                            ,55652,2023,paulinia,camara,SMARAPD Câmara de Paulínia
CÂMARA DO MUNICÍPIO DE PAULÍNIA, ,2.1.8.8.3.01.04.002 ,IRRF - RETENÇÃO PESSOA JURIDICA                   ,20/01/2023 00:00,ARRECADACAO         ,"850,98",BANCO DO BRASIL C/MOV.                            ,55678,2023,paulinia,camara,SMARAPD Câmara de Paulínia
CÂMARA DO MUNICÍPIO DE PAULÍNIA, ,2.1.8.8.1.01.15.001 ,EMPRÉSTIMO BANCO DO BRASIL                        ,27/01/2023 00:00,ARRECADACAO         ,"3.480,73",BANCO DO BRASIL C/MOV.                            ,55738,2023,paulinia,camara,SMARAPD Câmara de Paulínia
CÂMARA DO MUNICÍPIO DE PAULÍNIA, ,2.1.8.8.1.01.11.007 ,UNIMED                                            ,12/01/2023 00:00,ARRECADACAO         ,"393,86",BANCO DO BRASIL C/MOV.                            ,55640,2023,paulinia,camara,SMARAPD Câmara de Paulínia
CÂMARA DO MUNICÍPIO DE PAULÍNIA, ,2.1.8.8.1.01.11.007 ,UNIMED                                            ,27/01/2023 00:00,ARRECADACAO         ,"4.111,03",BANCO DO BRASIL C/MOV.                            ,55739,2023,paulinia,camara,SMARAPD Câmara de Paulínia
CÂMARA DO MUNICÍPIO DE PAULÍNIA, ,2.1.8.8.1.01.11.007 ,UNIMED                                            ,27/01/2023 00:00,ARRECADACAO         ,"18.541,01",BANCO DO BRASIL C/MOV.                            ,55747,2023,paulinia,camara,SMARAPD Câmara de Paulínia
CÂMARA DO MUNICÍPIO DE PAULÍNIA, ,2.1.8.8.3.01.02.002 ,I.N.S.S - RETENÇÃO PESSOA JURIDICA                ,13/01/2023 00:00,ARRECADACAO         ,"976,59",BANCO DO BRASIL C/MOV.                            ,55657,2023,paulinia,camara,SMARAPD Câmara de Paulínia
CÂMARA DO MUNICÍPIO DE PAULÍNIA, ,2.1.8.8.3.01.02.002 ,I.N.S.S - RETENÇÃO PESSOA JURIDICA                ,13/01/2023 00:00,ARRECADACAO         ,"7.183,91",BANCO DO BRASIL C/MOV.                            ,55660,2023,paulinia,camara,SMARAPD Câmara de Paulínia
CÂMARA DO MUNICÍPIO DE PAULÍNIA, ,2.1.8.8.5.01.08.001 ,I.S.S.Q.N. - RETENÇÃO PESSOA JURIDICA             ,13/01/2023 00:00,ARRECADACAO         ,"490,62",BANCO DO BRASIL C/MOV.                            ,55656,2023,paulinia,camara,SMARAPD Câmara de Paulínia
CÂMARA DO MUNICÍPIO DE PAULÍNIA, ,2.1.8.8.5.01.08.001 ,I.S.S.Q.N. - RETENÇÃO PESSOA JURIDICA             ,13/01/2023 00:00,ARRECADACAO         ,"6.530,83",BANCO DO BRASIL C/MOV.                            ,55659,2023,paulinia,camara,SMARAPD Câmara de Paulínia
CÂMARA DO MUNICÍPIO DE PAULÍNIA, ,2.1.8.8.5.01.08.001 ,I.S.S.Q.N. - RETENÇÃO PESSOA JURIDICA             ,20/01/2023 00:00,ARRECADACAO         ,"42,00",BANCO DO BRASIL C/MOV.                            ,55676,2023,paulinia,camara,SMARAPD Câmara de Paulínia
CÂMARA DO MUNICÍPIO DE PAULÍNIA, ,2.1.8.8.5.01.08.001 ,I.S.S.Q.N. - RETENÇÃO PESSOA JURIDICA             ,20/01/2023 00:00,ARRECADACAO         ,"266,11",BANCO DO BRASIL C/MOV.                            ,55677,2023,paulinia,camara,SMARAPD Câmara de Paulínia
CÂMARA DO MUNICÍPIO DE PAULÍNIA, ,2.1.8.8.5.01.08.001 ,I.S.S.Q.N. - RETENÇÃO PESSOA JURIDICA             ,20/01/2023 00:00,ARRECADACAO         ,"4.254,92",BANCO DO BRASIL C/MOV.                            ,55679,2023,paulinia,camara,SMARAPD Câmara de Paulínia
CÂMARA DO MUNICÍPIO DE PAULÍNIA, ,2.1.8.8.1.01.11.008 ,UNIODONTO CAMPINAS                                ,27/01/2023 00:00,ARRECADACAO         ,"609,07",BANCO DO BRASIL C/MOV.                            ,55726,2023,paulinia,camara,SMARAPD Câmara de Paulínia
CÂMARA DO MUNICÍPIO DE PAULÍNIA, ,2.1.8.8.1.01.10.001 ,DEPÓSITO JUDICIAL                                 ,27/01/2023 00:00,ARRECADACAO         ,"1.232,89",BANCO DO BRASIL C/MOV.                            ,55730,2023,paulinia,camara,SMARAPD Câmara de Paulínia
CÂMARA DO MUNICÍPIO DE PAULÍNIA, ,2.1.8.8.1.01.99.001 ,ASMUP                                             ,27/01/2023 00:00,ARRECADACAO         ,"1.381,80",BANCO DO BRASIL C/MOV.                            ,55732,2023,paulinia,camara,SMARAPD Câmara de Paulínia
CÂMARA DO MUNICÍPIO DE PAULÍNIA, ,2.1.8.8.1.01.99.001 ,ASMUP                                             ,12/01/2023 00:00,ARRECADACAO         ,"32,90",BANCO DO BRASIL C/MOV.                            ,55635,2023,paulinia,camara,SMARAPD Câmara de Paulínia
CÂMARA DO MUNICÍPIO DE PAULÍNIA, ,2.1.8.8.1.01.99.001 ,ASMUP                                             ,27/01/2023 00:00,ARRECADACAO         ,"32,90",BANCO DO BRASIL C/MOV.                            ,55714,2023,paulinia,camara,SMARAPD Câmara de Paulínia
CÂMARA DO MUNICÍPIO DE PAULÍNIA, ,2.1.8.8.1.01.99.001 ,ASMUP                                             ,27/01/2023 00:00,ARRECADACAO         ,"131,60",BANCO DO BRASIL C/MOV.                            ,55717,2023,paulinia,camara,SMARAPD Câmara de Paulínia
CÂMARA DO MUNICÍPIO DE PAULÍNIA, ,2.1.8.8.3.01.02.003 ,I.N.S.S.- FOLHA DE PAGAMENTO                      ,12/01/2023 00:00,ARRECADACAO         ,"1.754,44",BANCO DO BRASIL C/MOV.                            ,55642,2023,paulinia,camara,SMARAPD Câmara de Paulínia
CÂMARA DO MUNICÍPIO DE PAULÍNIA, ,2.1.8.8.1.01.15.002 ,EMPRÉSTIMO CAIXA ECONOMICA FEDERAL                ,27/01/2023 00:00,ARRECADACAO         ,"17.552,41",BANCO DO BRASIL C/MOV.                            ,55746,2023,paulinia,camara,SMARAPD Câmara de Paulínia
CÂMARA DO MUNICÍPIO DE PAULÍNIA, ,2.1.8.8.3.01.02.003 ,I.N.S.S.- FOLHA DE PAGAMENTO                      ,12/01/2023 00:00,ARRECADACAO         ,"75,16",BANCO DO BRASIL C/MOV.                            ,55636,2023,paulinia,camara,SMARAPD Câmara de Paulínia
CÂMARA DO MUNICÍPIO DE PAULÍNIA, ,2.1.8.8.3.01.02.003 ,I.N.S.S.- FOLHA DE PAGAMENTO                      ,12/01/2023 00:00,ARRECADACAO         ,"151,58",BANCO DO BRASIL C/MOV.                            ,55638,2023,paulinia,camara,SMARAPD Câmara de Paulínia
CÂMARA DO MUNICÍPIO DE PAULÍNIA, ,4.5.1.1.2.02.00.000 ,REPASSE RECEBIDO                                  ,16/01/2023 00:00,ARRECADACAO         ,"800.000,00",BANCO DO BRASIL C/MOV.                            ,91776,2023,paulinia,camara,SMARAPD Câmara de Paulínia
CÂMARA DO MUNICÍPIO DE PAULÍNIA, ,4.5.1.1.2.02.00.000 ,REPASSE RECEBIDO                                  ,20/01/2023 00:00,ARRECADACAO         ,"2.625.000,00",BANCO DO BRASIL C/MOV.                            ,91778,2023,paulinia,camara,SMARAPD Câmara de Paulínia
CÂMARA DO MUNICÍPIO DE PAULÍNIA, ,1.1.3.8.1.06.01.001 ,DESPESAS A RECUPERAR - MULTAS DE TRÂNSITO         ,27/01/2023 00:00,ARRECADACAO         ,"197,18",BANCO DO BRASIL C/MOV.                            ,55719,2023,paulinia,camara,SMARAPD Câmara de Paulínia
CÂMARA DO MUNICÍPIO DE PAULÍNIA, ,2.1.8.8.1.01.11.005 ,SAMARITANO                                        ,27/01/2023 00:00,ARRECADACAO         ,"147,84",BANCO DO BRASIL C/MOV.                            ,55718,2023,paulinia,camara,SMARAPD Câmara de Paulínia
CÂMARA DO MUNICÍPIO DE PAULÍNIA, ,2.1.8.8.3.01.04.001 ,IRRF - FOLHA DE PAGAMENTO                         ,27/01/2023 00:00,ARRECADACAO         ,"600,61",BANCO DO BRASIL C/MOV.                            ,55725,2023,paulinia,camara,SMARAPD Câmara de Paulínia
CÂMARA DO MUNICÍPIO DE PAULÍNIA, ,2.1.8.8.3.01.04.001 ,IRRF - FOLHA DE PAGAMENTO                         ,27/01/2023 00:00,ARRECADACAO         ,"10.123,25",BANCO DO BRASIL C/MOV.                            ,55743,2023,paulinia,camara,SMARAPD Câmara de Paulínia
CÂMARA DO MUNICÍPIO DE PAULÍNIA, ,2.1.8.8.3.01.04.001 ,IRRF - FOLHA DE PAGAMENTO                         ,27/01/2023 00:00,ARRECADACAO         ,"129.640,49",BANCO DO BRASIL C/MOV.                            ,55752,2023,paulinia,camara,SMARAPD Câmara de Paulínia
CÂMARA DO MUNICÍPIO DE PAULÍNIA, ,2.1.8.8.3.01.04.002 ,IRRF - RETENÇÃO PESSOA JURIDICA                   ,09/02/2023 00:00,ARRECADACAO         ,"337,50",BANCO DO BRASIL (APLICAÇÃO)                       ,58239,2023,paulinia,camara,SMARAPD Câmara de Paulínia
CÂMARA DO MUNICÍPIO DE PAULÍNIA, ,2.1.8.8.3.01.04.002 ,IRRF - RETENÇÃO PESSOA JURIDICA                   ,10/02/2023 00:00,ARRECADACAO         ,"218,91",BANCO DO BRASIL (APLICAÇÃO)                       ,58246,2023,paulinia,camara,SMARAPD Câmara de Paulínia
CÂMARA DO MUNICÍPIO DE PAULÍNIA, ,2.1.8.8.3.01.04.002 ,IRRF - RETENÇÃO PESSOA JURIDICA                   ,17/02/2023 00:00,ARRECADACAO         ,"850,98",BANCO DO BRASIL (APLICAÇÃO)                       ,58367,2023,paulinia,camara,SMARAPD Câmara de Paulínia
CÂMARA DO MUNICÍPIO DE PAULÍNIA, ,2.1.8.8.1.01.15.001 ,EMPRÉSTIMO BANCO DO BRASIL                        ,24/02/2023 00:00,ARRECADACAO         ,"1.238,43",BANCO DO BRASIL (APLICAÇÃO)                       ,59520,2023,paulinia,camara,SMARAPD Câmara de Paulínia
CÂMARA DO MUNICÍPIO DE PAULÍNIA, ,2.1.8.8.1.01.15.001 ,EMPRÉSTIMO BANCO DO BRASIL                        ,24/02/2023 00:00,ARRECADACAO         ,"6.039,47",BANCO DO BRASIL (APLICAÇÃO)                       ,59543,2023,paulinia,camara,SMARAPD Câmara de Paulínia
CÂMARA DO MUNICÍPIO DE PAULÍNIA, ,2.1.8.8.1.01.15.001 ,EMPRÉSTIMO BANCO DO BRASIL                        ,24/02/2023 00:00,ARRECADACAO         ,"7.664,20",BANCO DO BRASIL (APLICAÇÃO)                       ,59545,2023,paulinia,camara,SMARAPD Câmara de Paulínia
CÂMARA DO MUNICÍPIO DE PAULÍNIA, ,2.1.8.8.1.01.15.001 ,EMPRÉSTIMO BANCO DO BRASIL                        ,24/02/2023 00:00,ARRECADACAO         ,"29.029,57",BANCO DO BRASIL (APLICAÇÃO)                       ,59556,2023,paulinia,camara,SMARAPD Câmara de Paulínia
CÂMARA DO MUNICÍPIO DE PAULÍNIA, ,2.1.8.8.1.01.15.001 ,EMPRÉSTIMO BANCO DO BRASIL                        ,24/02/2023 00:00,ARRECADACAO         ,"29.029,57",BANCO DO BRASIL (APLICAÇÃO)                       ,59557,2023,paulinia,camara,SMARAPD Câmara de Paulínia
CÂMARA DO MUNICÍPIO DE PAULÍNIA, ,2.1.8.8.5.01.08.001 ,I.S.S.Q.N. - RETENÇÃO PESSOA JURIDICA             ,06/02/2023 00:00,ARRECADACAO         ,"490,62",BANCO DO BRASIL (APLICAÇÃO)                       ,58222,2023,paulinia,camara,SMARAPD Câmara de Paulínia
CÂMARA DO MUNICÍPIO DE PAULÍNIA, ,2.1.8.8.5.01.08.001 ,I.S.S.Q.N. - RETENÇÃO PESSOA JURIDICA             ,15/02/2023 00:00,ARRECADACAO         ,"332,94",BANCO DO BRASIL (APLICAÇÃO)                       ,58326,2023,paulinia,camara,SMARAPD Câmara de Paulínia
CÂMARA DO MUNICÍPIO DE PAULÍNIA, ,2.1.8.8.5.01.08.001 ,I.S.S.Q.N. - RETENÇÃO PESSOA JURIDICA             ,17/02/2023 00:00,ARRECADACAO         ,"18,34",BANCO DO BRASIL (APLICAÇÃO)                       ,58366,2023,paulinia,camara,SMARAPD Câmara de Paulínia
CÂMARA DO MUNICÍPIO DE PAULÍNIA, ,2.1.8.8.5.01.08.001 ,I.S.S.Q.N. - RETENÇÃO PESSOA JURIDICA             ,17/02/2023 00:00,ARRECADACAO         ,"4.254,92",BANCO DO BRASIL (APLICAÇÃO)                       ,58368,2023,paulinia,camara,SMARAPD Câmara de Paulínia
CÂMARA DO MUNICÍPIO DE PAULÍNIA, ,2.1.8.8.1.01.11.007 ,UNIMED                                            ,24/02/2023 00:00,ARRECADACAO         ,"903,99",BANCO DO BRASIL (APLICAÇÃO)                       ,59514,2023,paulinia,camara,SMARAPD Câmara de Paulínia
CÂMARA DO MUNICÍPIO DE PAULÍNIA, ,2.1.8.8.1.01.11.007 ,UNIMED                                            ,24/02/2023 00:00,ARRECADACAO         ,"903,99",BANCO DO BRASIL (APLICAÇÃO)                       ,59515,2023,paulinia,camara,SMARAPD Câmara de Paulínia
CÂMARA DO MUNICÍPIO DE PAULÍNIA, ,2.1.8.8.1.01.11.007 ,UNIMED                                            ,24/02/2023 00:00,ARRECADACAO         ,"4.066,11",BANCO DO BRASIL (APLICAÇÃO)                       ,59536,2023,paulinia,camara,SMARAPD Câmara de Paulínia
CÂMARA DO MUNICÍPIO DE PAULÍNIA, ,2.1.8.8.1.01.11.007 ,UNIMED                                            ,24/02/2023 00:00,ARRECADACAO         ,"4.066,11",BANCO DO BRASIL (APLICAÇÃO)                       ,59537,2023,paulinia,camara,SMARAPD Câmara de Paulínia
CÂMARA DO MUNICÍPIO DE PAULÍNIA, ,2.1.8.8.1.01.11.007 ,UNIMED                                            ,24/02/2023 00:00,ARRECADACAO         ,"4.071,03",BANCO DO BRASIL (APLICAÇÃO)                       ,59538,2023,paulinia,camara,SMARAPD Câmara de Paulínia
CÂMARA DO MUNICÍPIO DE PAULÍNIA, ,2.1.8.8.1.01.11.007 ,UNIMED                                            ,24/02/2023 00:00,ARRECADACAO         ,"4.071,03",BANCO DO BRASIL (APLICAÇÃO)                       ,59539,2023,paulinia,camara,SMARAPD Câmara de Paulínia
CÂMARA DO MUNICÍPIO DE PAULÍNIA, ,2.1.8.8.3.01.02.002 ,I.N.S.S - RETENÇÃO PESSOA JURIDICA                ,24/02/2023 00:00,ARRECADACAO         ,"2.028,17",BANCO DO BRASIL (APLICAÇÃO)                       ,59529,2023,paulinia,camara,SMARAPD Câmara de Paulínia
CÂMARA DO MUNICÍPIO DE PAULÍNIA, ,2.1.8.8.1.01.11.008 ,UNIODONTO CAMPINAS                                ,24/02/2023 00:00,ARRECADACAO         ,"5,39",BANCO DO BRASIL (APLICAÇÃO)                       ,59485,2023,paulinia,camara,SMARAPD Câmara de Paulínia
CÂMARA DO MUNICÍPIO DE PAULÍNIA, ,2.1.8.8.1.01.11.008 ,UNIODONTO CAMPINAS                                ,24/02/2023 00:00,ARRECADACAO         ,"16,17",BANCO DO BRASIL (APLICAÇÃO)                       ,59488,2023,paulinia,camara,SMARAPD Câmara de Paulínia
CÂMARA DO MUNICÍPIO DE PAULÍNIA, ,2.1.8.8.1.01.11.008 ,UNIODONTO CAMPINAS                                ,24/02/2023 00:00,ARRECADACAO         ,"344,96",BANCO DO BRASIL (APLICAÇÃO)                       ,59505,2023,paulinia,camara,SMARAPD Câmara de Paulínia
CÂMARA DO MUNICÍPIO DE PAULÍNIA, ,2.1.8.8.1.01.11.008 ,UNIODONTO CAMPINAS                                ,24/02/2023 00:00,ARRECADACAO         ,"376,88",BANCO DO BRASIL (APLICAÇÃO)                       ,59506,2023,paulinia,camara,SMARAPD Câmara de Paulínia
CÂMARA DO MUNICÍPIO DE PAULÍNIA, ,2.1.8.8.1.01.11.008 ,UNIODONTO CAMPINAS                                ,24/02/2023 00:00,ARRECADACAO         ,"609,07",BANCO DO BRASIL (APLICAÇÃO)                       ,59512,2023,paulinia,camara,SMARAPD Câmara de Paulínia
CÂMARA DO MUNICÍPIO DE PAULÍNIA, ,2.1.8.8.1.01.10.001 ,DEPÓSITO JUDICIAL                                 ,24/02/2023 00:00,ARRECADACAO         ,"1.232,89",BANCO DO BRASIL (APLICAÇÃO)                       ,59519,2023,paulinia,camara,SMARAPD Câmara de Paulínia
CÂMARA DO MUNICÍPIO DE PAULÍNIA, ,2.1.8.8.1.01.10.001 ,DEPÓSITO JUDICIAL                                 ,24/02/2023 00:00,ARRECADACAO         ,"2.792,25",BANCO DO BRASIL (APLICAÇÃO)                       ,59534,2023,paulinia,camara,SMARAPD Câmara de Paulínia
CÂMARA DO MUNICÍPIO DE PAULÍNIA, ,2.1.8.8.1.01.10.001 ,DEPÓSITO JUDICIAL                                 ,24/02/2023 00:00,ARRECADACAO         ,"2.792,25",BANCO DO BRASIL (APLICAÇÃO)                       ,59535,2023,paulinia,camara,SMARAPD Câmara de Paulínia
CÂMARA DO MUNICÍPIO DE PAULÍNIA, ,1.1.3.8.1.06.01.001 ,DESPESAS A RECUPERAR - MULTAS DE TRÂNSITO         ,24/02/2023 00:00,ARRECADACAO         ,"156,18",BANCO DO BRASIL (APLICAÇÃO)                       ,59500,2023,paulinia,camara,SMARAPD Câmara de Paulínia
CÂMARA DO MUNICÍPIO DE PAULÍNIA, ,2.1.8.8.1.01.11.005 ,SAMARITANO                                        ,24/02/2023 00:00,ARRECADACAO         ,"147,84",BANCO DO BRASIL (APLICAÇÃO)                       ,59499,2023,paulinia,camara,SMARAPD Câmara de Paulínia
CÂMARA DO MUNICÍPIO DE PAULÍNIA, ,2.1.8.8.1.01.11.005 ,SAMARITANO                                        ,24/02/2023 00:00,ARRECADACAO         ,"263,20",BANCO DO BRASIL (APLICAÇÃO)                       ,59503,2023,paulinia,camara,SMARAPD Câmara de Paulínia
CÂMARA DO MUNICÍPIO DE PAULÍNIA, ,2.1.8.8.1.01.11.005 ,SAMARITANO                                        ,24/02/2023 00:00,ARRECADACAO         ,"436,33",BANCO DO BRASIL (APLICAÇÃO)                       ,59509,2023,paulinia,camara,SMARAPD Câmara de Paulínia
CÂMARA DO MUNICÍPIO DE PAULÍNIA, ,2.1.8.8.3.01.04.001 ,IRRF - FOLHA DE PAGAMENTO                         ,02/02/2023 00:00,ARRECADACAO         ,"719,12",BANCO DO BRASIL (APLICAÇÃO)                       ,58198,2023,paulinia,camara,SMARAPD Câmara de Paulínia
CÂMARA DO MUNICÍPIO DE PAULÍNIA, ,2.1.8.8.3.01.04.001 ,IRRF - FOLHA DE PAGAMENTO                         ,02/02/2023 00:00,ARRECADACAO         ,"903,42",BANCO DO BRASIL (APLICAÇÃO)                       ,58201,2023,paulinia,camara,SMARAPD Câmara de Paulínia
CÂMARA DO MUNICÍPIO DE PAULÍNIA, ,2.1.8.8.3.01.04.001 ,IRRF - FOLHA DE PAGAMENTO                         ,02/02/2023 00:00,ARRECADACAO         ,"933,62",BANCO DO BRASIL (APLICAÇÃO)                       ,58203,2023,paulinia,camara,SMARAPD Câmara de Paulínia
CÂMARA DO MUNICÍPIO DE PAULÍNIA, ,2.1.8.8.5.01.08.001 ,I.S.S.Q.N. - RETENÇÃO PESSOA JURIDICA             ,24/02/2023 00:00,ARRECADACAO         ,"32,20",BANCO DO BRASIL (APLICAÇÃO)                       ,59489,2023,paulinia,camara,SMARAPD Câmara de Paulínia
CÂMARA DO MUNICÍPIO DE PAULÍNIA, ,2.1.8.8.5.01.08.001 ,I.S.S.Q.N. - RETENÇÃO PESSOA JURIDICA             ,24/02/2023 00:00,ARRECADACAO         ,"32,20",BANCO DO BRASIL (APLICAÇÃO)                       ,59490,2023,paulinia,camara,SMARAPD Câmara de Paulínia
CÂMARA DO MUNICÍPIO DE PAULÍNIA, ,2.1.8.8.5.01.08.001 ,I.S.S.Q.N. - RETENÇÃO PESSOA JURIDICA             ,24/02/2023 00:00,ARRECADACAO         ,"42,00",BANCO DO BRASIL (APLICAÇÃO)                       ,59493,2023,paulinia,camara,SMARAPD Câmara de Paulínia
CÂMARA DO MUNICÍPIO DE PAULÍNIA, ,2.1.8.8.3.01.02.003 ,I.N.S.S.- FOLHA DE PAGAMENTO                      ,02/02/2023 00:00,ARRECADACAO         ,"894,27",BANCO DO BRASIL (APLICAÇÃO)                       ,58200,2023,paulinia,camara,SMARAPD Câmara de Paulínia
CÂMARA DO MUNICÍPIO DE PAULÍNIA, ,2.1.8.8.3.01.02.003 ,I.N.S.S.- FOLHA DE PAGAMENTO                      ,24/02/2023 00:00,ARRECADACAO         ,"44.478,76",BANCO DO BRASIL (APLICAÇÃO)                       ,59558,2023,paulinia,camara,SMARAPD Câmara de Paulínia
CÂMARA DO MUNICÍPIO DE PAULÍNIA, ,2.1.8.8.3.01.02.003 ,I.N.S.S.- FOLHA DE PAGAMENTO                      ,24/02/2023 00:00,ARRECADACAO         ,"44.478,76",BANCO DO BRASIL (APLICAÇÃO)                       ,59559,2023,paulinia,camara,SMARAPD Câmara de Paulínia
CÂMARA DO MUNICÍPIO DE PAULÍNIA, ,2.1.8.8.1.01.03.001 ,PAULÍNIA PREVI                                    ,24/02/2023 00:00,ARRECADACAO         ,"93.339,70",BANCO DO BRASIL (APLICAÇÃO)                       ,59562,2023,paulinia,camara,SMARAPD Câmara de Paulínia
CÂMARA DO MUNICÍPIO DE PAULÍNIA, ,2.1.8.8.1.01.15.002 ,EMPRÉSTIMO CAIXA ECONOMICA FEDERAL                ,24/02/2023 00:00,ARRECADACAO         ,"1.962,01",BANCO DO BRASIL (APLICAÇÃO)                       ,59528,2023,paulinia,camara,SMARAPD Câmara de Paulínia
CÂMARA DO MUNICÍPIO DE PAULÍNIA, ,2.1.8.8.1.01.15.002 ,EMPRÉSTIMO CAIXA ECONOMICA FEDERAL                ,24/02/2023 00:00,ARRECADACAO         ,"4.977,77",BANCO DO BRASIL (APLICAÇÃO)                       ,59541,2023,paulinia,camara,SMARAPD Câmara de Paulínia
CÂMARA DO MUNICÍPIO DE PAULÍNIA, ,2.1.8.8.1.01.15.001 ,EMPRÉSTIMO BANCO DO BRASIL                        ,24/02/2023 00:00,ESTORNO DE ARRECADAC,"-6.039,47",BANCO DO BRASIL (APLICAÇÃO)                       ,91538,2023,paulinia,camara,SMARAPD Câmara de Paulínia
CÂMARA DO MUNICÍPIO DE PAULÍNIA, ,2.1.8.8.1.01.15.001 ,EMPRÉSTIMO BANCO DO BRASIL                        ,24/02/2023 00:00,ESTORNO DE ARRECADAC,"-1.238,43",BANCO DO BRASIL (APLICAÇÃO)                       ,91548,2023,paulinia,camara,SMARAPD Câmara de Paulínia
CÂMARA DO MUNICÍPIO DE PAULÍNIA, ,2.1.8.8.1.01.11.007 ,UNIMED                                            ,24/02/2023 00:00,ESTORNO DE ARRECADAC,"-4.071,03",BANCO DO BRASIL (APLICAÇÃO)                       ,91540,2023,paulinia,camara,SMARAPD Câmara de Paulínia
CÂMARA DO MUNICÍPIO DE PAULÍNIA, ,2.1.8.8.1.01.11.008 ,UNIODONTO CAMPINAS                                ,24/02/2023 00:00,ESTORNO DE ARRECADAC,"-609,07",BANCO DO BRASIL (APLICAÇÃO)                       ,91552,2023,paulinia,camara,SMARAPD Câmara de Paulínia
CÂMARA DO MUNICÍPIO DE PAULÍNIA, ,2.1.8.8.1.01.10.001 ,DEPÓSITO JUDICIAL                                 ,24/02/2023 00:00,ESTORNO DE ARRECADAC,"-2.792,25",BANCO DO BRASIL (APLICAÇÃO)                       ,91542,2023,paulinia,camara,SMARAPD Câmara de Paulínia
CÂMARA DO MUNICÍPIO DE PAULÍNIA, ,1.1.3.8.1.06.01.001 ,DESPESAS A RECUPERAR - MULTAS DE TRÂNSITO         ,24/02/2023 00:00,ESTORNO DE ARRECADAC,"-156,18",BANCO DO BRASIL (APLICAÇÃO)                       ,91558,2023,paulinia,camara,SMARAPD Câmara de Paulínia
CÂMARA DO MUNICÍPIO DE PAULÍNIA, ,2.1.8.8.1.01.11.005 ,SAMARITANO                                        ,24/02/2023 00:00,ESTORNO DE ARRECADAC,"-2.670,62",BANCO DO BRASIL (APLICAÇÃO)                       ,91543,2023,paulinia,camara,SMARAPD Câmara de Paulínia
CÂMARA DO MUNICÍPIO DE PAULÍNIA, ,2.1.8.8.1.01.11.005 ,SAMARITANO                                        ,24/02/2023 00:00,ESTORNO DE ARRECADAC,"-436,33",BANCO DO BRASIL (APLICAÇÃO)                       ,91554,2023,paulinia,camara,SMARAPD Câmara de Paulínia
CÂMARA DO MUNICÍPIO DE PAULÍNIA, ,2.1.8.8.1.01.11.005 ,SAMARITANO                                        ,24/02/2023 00:00,ESTORNO DE ARRECADAC,"-263,20",BANCO DO BRASIL (APLICAÇÃO)                       ,91557,2023,paulinia,camara,SMARAPD Câmara de Paulínia
CÂMARA DO MUNICÍPIO DE PAULÍNIA, ,2.1.8.8.1.01.11.005 ,SAMARITANO                                        ,24/02/2023 00:00,ESTORNO DE ARRECADAC,"-147,84",BANCO DO BRASIL (APLICAÇÃO)                       ,91559,2023,paulinia,camara,SMARAPD Câmara de Paulínia
CÂMARA DO MUNICÍPIO DE PAULÍNIA, ,2.1.8.8.3.01.02.003 ,I.N.S.S.- FOLHA DE PAGAMENTO                      ,24/02/2023 00:00,ESTORNO DE ARRECADAC,"-44.478,76",BANCO DO BRASIL (APLICAÇÃO)                       ,91530,2023,paulinia,camara,SMARAPD Câmara de Paulínia
CÂMARA DO MUNICÍPIO DE PAULÍNIA, ,2.1.8.8.3.01.02.003 ,I.N.S.S.- FOLHA DE PAGAMENTO                      ,24/02/2023 00:00,ESTORNO DE ARRECADAC,"-11.713,50",BANCO DO BRASIL (APLICAÇÃO)                       ,91534,2023,paulinia,camara,SMARAPD Câmara de Paulínia
CÂMARA DO MUNICÍPIO DE PAULÍNIA, ,2.1.8.8.1.01.03.001 ,PAULÍNIA PREVI                                    ,24/02/2023 00:00,ESTORNO DE ARRECADAC,"-93.339,70",BANCO DO BRASIL (APLICAÇÃO)                       ,91528,2023,paulinia,camara,SMARAPD Câmara de Paulínia
CÂMARA DO MUNICÍPIO DE PAULÍNIA, ,2.1.8.8.1.01.99.001 ,ASMUP                                             ,24/02/2023 00:00,ARRECADACAO         ,"32,90",BANCO DO BRASIL (APLICAÇÃO)                       ,59491,2023,paulinia,camara,SMARAPD Câmara de Paulínia
CÂMARA DO MUNICÍPIO DE PAULÍNIA, ,2.1.8.8.1.01.99.001 ,ASMUP                                             ,24/02/2023 00:00,ARRECADACAO         ,"32,90",BANCO DO BRASIL (APLICAÇÃO)                       ,59492,2023,paulinia,camara,SMARAPD Câmara de Paulínia
CÂMARA DO MUNICÍPIO DE PAULÍNIA, ,2.1.8.8.1.01.99.001 ,ASMUP                                             ,24/02/2023 00:00,ARRECADACAO         ,"131,60",BANCO DO BRASIL (APLICAÇÃO)                       ,59496,2023,paulinia,camara,SMARAPD Câmara de Paulínia
CÂMARA DO MUNICÍPIO DE PAULÍNIA, ,2.1.8.8.1.01.99.001 ,ASMUP                                             ,24/02/2023 00:00,ARRECADACAO         ,"131,60",BANCO DO BRASIL (APLICAÇÃO)                       ,59497,2023,paulinia,camara,SMARAPD Câmara de Paulínia
CÂMARA DO MUNICÍPIO DE PAULÍNIA, ,2.1.8.8.1.01.99.001 ,ASMUP                                             ,24/02/2023 00:00,ARRECADACAO         ,"1.217,30",BANCO DO BRASIL (APLICAÇÃO)                       ,59516,2023,paulinia,camara,SMARAPD Câmara de Paulínia
CÂMARA DO MUNICÍPIO DE PAULÍNIA, ,2.1.8.8.1.01.99.001 ,ASMUP                                             ,24/02/2023 00:00,ARRECADACAO         ,"1.217,30",BANCO DO BRASIL (APLICAÇÃO)                       ,59517,2023,paulinia,camara,SMARAPD Câmara de Paulínia
CÂMARA DO MUNICÍPIO DE PAULÍNIA, ,2.1.8.8.1.04.99.002 ,RENDIMENTOS DE APLICAÇÕES FINANCEIRAS             ,24/02/2023 00:00,ARRECADACAO         ,"10.028,93",BANCO DO BRASIL (APLICAÇÃO)                       ,89926,2023,paulinia,camara,SMARAPD Câmara de Paulínia
CÂMARA DO MUNICÍPIO DE PAULÍNIA, ,2.1.8.8.3.01.04.001 ,IRRF - FOLHA DE PAGAMENTO                         ,24/02/2023 00:00,ARRECADACAO         ,"11.385,58",BANCO DO BRASIL (APLICAÇÃO)                       ,59549,2023,paulinia,camara,SMARAPD Câmara de Paulínia
CÂMARA DO MUNICÍPIO DE PAULÍNIA, ,2.1.8.8.3.01.04.001 ,IRRF - FOLHA DE PAGAMENTO                         ,24/02/2023 00:00,ARRECADACAO         ,"85.365,18",BANCO DO BRASIL (APLICAÇÃO)                       ,59560,2023,paulinia,camara,SMARAPD Câmara de Paulínia
CÂMARA DO MUNICÍPIO DE PAULÍNIA, ,2.1.8.8.3.01.04.001 ,IRRF - FOLHA DE PAGAMENTO                         ,24/02/2023 00:00,ARRECADACAO         ,"155.694,24",BANCO DO BRASIL (APLICAÇÃO)                       ,59565,2023,paulinia,camara,SMARAPD Câmara de Paulínia
CÂMARA DO MUNICÍPIO DE PAULÍNIA, ,2.1.8.8.1.01.99.003 ,DIVERSOS                                          ,24/02/2023 00:00,ARRECADACAO         ,"560,40",BANCO DO BRASIL (APLICAÇÃO)                       ,59511,2023,paulinia,camara,SMARAPD Câmara de Paulínia
CÂMARA DO MUNICÍPIO DE PAULÍNIA, ,2.1.8.8.1.01.99.001 ,ASMUP                                             ,24/02/2023 00:00,ESTORNO DE ARRECADAC,"-1.217,30",BANCO DO BRASIL (APLICAÇÃO)                       ,91550,2023,paulinia,camara,SMARAPD Câmara de Paulínia
CÂMARA DO MUNICÍPIO DE PAULÍNIA, ,2.1.8.8.1.01.99.001 ,ASMUP                                             ,24/02/2023 00:00,ESTORNO DE ARRECADAC,"-32,90",BANCO DO BRASIL (APLICAÇÃO)                       ,91562,2023,paulinia,camara,SMARAPD Câmara de Paulínia
CÂMARA DO MUNICÍPIO DE PAULÍNIA, ,2.1.8.8.3.01.04.001 ,IRRF - FOLHA DE PAGAMENTO                         ,24/02/2023 00:00,ESTORNO DE ARRECADAC,"-85.365,18",BANCO DO BRASIL (APLICAÇÃO)                       ,91529,2023,paulinia,camara,SMARAPD Câmara de Paulínia
CÂMARA DO MUNICÍPIO DE PAULÍNIA, ,2.1.8.8.3.01.04.001 ,IRRF - FOLHA DE PAGAMENTO                         ,24/02/2023 00:00,ESTORNO DE ARRECADAC,"-11.385,58",BANCO DO BRASIL (APLICAÇÃO)                       ,91535,2023,paulinia,camara,SMARAPD Câmara de Paulínia
CÂMARA DO MUNICÍPIO DE PAULÍNIA, ,2.1.8.8.3.01.04.001 ,IRRF - FOLHA DE PAGAMENTO                         ,24/02/2023 00:00,ESTORNO DE ARRECADAC,"-2.539,68",BANCO DO BRASIL (APLICAÇÃO)                       ,91544,2023,paulinia,camara,SMARAPD Câmara de Paulínia
CÂMARA DO MUNICÍPIO DE PAULÍNIA, ,2.1.8.8.1.01.15.002 ,EMPRÉSTIMO CAIXA ECONOMICA FEDERAL                ,24/02/2023 00:00,ESTORNO DE ARRECADAC,"-17.552,41",BANCO DO BRASIL (APLICAÇÃO)                       ,91533,2023,paulinia,camara,SMARAPD Câmara de Paulínia
CÂMARA DO MUNICÍPIO DE PAULÍNIA, ,2.1.8.8.1.01.99.003 ,DIVERSOS                                          ,24/02/2023 00:00,ESTORNO DE ARRECADAC,"-560,40",BANCO DO BRASIL (APLICAÇÃO)                       ,91553,2023,paulinia,camara,SMARAPD Câmara de Paulínia
CÂMARA DO MUNICÍPIO DE PAULÍNIA, ,2.1.8.8.3.01.04.002 ,IRRF - RETENÇÃO PESSOA JURIDICA                   ,10/03/2023 00:00,ARRECADACAO         ,"218,91",BANCO DO BRASIL (APLICAÇÃO)                       ,59627,2023,paulinia,camara,SMARAPD Câmara de Paulínia
CÂMARA DO MUNICÍPIO DE PAULÍNIA, ,2.1.8.8.3.01.04.002 ,IRRF - RETENÇÃO PESSOA JURIDICA                   ,15/03/2023 00:00,ARRECADACAO         ,"78,87",BANCO DO BRASIL (APLICAÇÃO)                       ,59708,2023,paulinia,camara,SMARAPD Câmara de Paulínia
CÂMARA DO MUNICÍPIO DE PAULÍNIA, ,2.1.8.8.3.01.04.002 ,IRRF - RETENÇÃO PESSOA JURIDICA                   ,20/03/2023 00:00,ARRECADACAO         ,"850,98",BANCO DO BRASIL (APLICAÇÃO)                       ,59739,2023,paulinia,camara,SMARAPD Câmara de Paulínia
CÂMARA DO MUNICÍPIO DE PAULÍNIA, ,2.1.8.8.1.01.10.001 ,DEPÓSITO JUDICIAL                                 ,29/03/2023 00:00,ARRECADACAO         ,"4.025,14",BANCO DO BRASIL (APLICAÇÃO)                       ,59786,2023,paulinia,camara,SMARAPD Câmara de Paulínia
CÂMARA DO MUNICÍPIO DE PAULÍNIA, ,2.1.8.8.5.01.08.001 ,I.S.S.Q.N. - RETENÇÃO PESSOA JURIDICA             ,15/03/2023 00:00,ARRECADACAO         ,"118,29",BANCO DO BRASIL (APLICAÇÃO)                       ,59709,2023,paulinia,camara,SMARAPD Câmara de Paulínia
CÂMARA DO MUNICÍPIO DE PAULÍNIA, ,2.1.8.8.5.01.08.001 ,I.S.S.Q.N. - RETENÇÃO PESSOA JURIDICA             ,20/03/2023 00:00,ARRECADACAO         ,"4.254,92",BANCO DO BRASIL (APLICAÇÃO)                       ,59740,2023,paulinia,camara,SMARAPD Câmara de Paulínia
CÂMARA DO MUNICÍPIO DE PAULÍNIA, ,2.1.8.8.3.01.02.003 ,I.N.S.S.- FOLHA DE PAGAMENTO                      ,16/03/2023 00:00,ARRECADACAO         ,"299,92",BANCO DO BRASIL (APLICAÇÃO)                       ,59711,2023,paulinia,camara,SMARAPD Câmara de Paulínia
CÂMARA DO MUNICÍPIO DE PAULÍNIA, ,2.1.8.8.1.01.03.001 ,PAULÍNIA PREVI                                    ,29/03/2023 00:00,ARRECADACAO         ,"102.372,03",BANCO DO BRASIL (APLICAÇÃO)                       ,59792,2023,paulinia,camara,SMARAPD Câmara de Paulínia
CÂMARA DO MUNICÍPIO DE PAULÍNIA, ,2.1.8.8.1.01.11.007 ,UNIMED                                            ,29/03/2023 00:00,ARRECADACAO         ,"30.540,40",BANCO DO BRASIL (APLICAÇÃO)                       ,59789,2023,paulinia,camara,SMARAPD Câmara de Paulínia
CÂMARA DO MUNICÍPIO DE PAULÍNIA, ,2.1.8.8.1.04.99.002 ,RENDIMENTOS DE APLICAÇÕES FINANCEIRAS             ,31/03/2023 00:00,ARRECADACAO         ,"24.959,63",BANCO DO BRASIL (APLICAÇÃO)                       ,90102,2023,paulinia,camara,SMARAPD Câmara de Paulínia
CÂMARA DO MUNICÍPIO DE PAULÍNIA, ,2.1.8.8.3.01.04.001 ,IRRF - FOLHA DE PAGAMENTO                         ,16/03/2023 00:00,ARRECADACAO         ,"29,67",BANCO DO BRASIL (APLICAÇÃO)                       ,59710,2023,paulinia,camara,SMARAPD Câmara de Paulínia
CÂMARA DO MUNICÍPIO DE PAULÍNIA, ,2.1.8.8.1.01.11.005 ,SAMARITANO                                        ,29/03/2023 00:00,ARRECADACAO         ,"4.937,66",BANCO DO BRASIL (APLICAÇÃO)                       ,59787,2023,paulinia,camara,SMARAPD Câmara de Paulínia
CÂMARA DO MUNICÍPIO DE PAULÍNIA, ,2.1.8.8.1.01.99.003 ,DIVERSOS                                          ,29/03/2023 00:00,ARRECADACAO         ,"560,40",BANCO DO BRASIL (APLICAÇÃO)                       ,59783,2023,paulinia,camara,SMARAPD Câmara de Paulínia
CÂMARA DO MUNICÍPIO DE PAULÍNIA, ,2.1.8.8.1.01.15.001 ,EMPRÉSTIMO BANCO DO BRASIL                        ,29/03/2023 00:00,ARRECADACAO         ,"49.902,28",BANCO DO BRASIL (APLICAÇÃO)                       ,59790,2023,paulinia,camara,SMARAPD Câmara de Paulínia
CÂMARA DO MUNICÍPIO DE PAULÍNIA, ,2.1.8.8.3.01.04.002 ,IRRF - RETENÇÃO PESSOA JURIDICA                   ,10/04/2023 00:00,ARRECADACAO         ,"218,91",BANCO DO BRASIL (APLICAÇÃO)                       ,62747,2023,paulinia,camara,SMARAPD Câmara de Paulínia
CÂMARA DO MUNICÍPIO DE PAULÍNIA, ,2.1.8.8.3.01.04.002 ,IRRF - RETENÇÃO PESSOA JURIDICA                   ,10/04/2023 00:00,ARRECADACAO         ,"337,50",BANCO DO BRASIL (APLICAÇÃO)                       ,62749,2023,paulinia,camara,SMARAPD Câmara de Paulínia
CÂMARA DO MUNICÍPIO DE PAULÍNIA, ,2.1.8.8.3.01.04.002 ,IRRF - RETENÇÃO PESSOA JURIDICA                   ,20/04/2023 00:00,ARRECADACAO         ,"123,23",BANCO DO BRASIL (APLICAÇÃO)                       ,62859,2023,paulinia,camara,SMARAPD Câmara de Paulínia
CÂMARA DO MUNICÍPIO DE PAULÍNIA, ,2.1.8.8.5.01.08.001 ,I.S.S.Q.N. - RETENÇÃO PESSOA JURIDICA             ,10/04/2023 00:00,ARRECADACAO         ,"373,38",BANCO DO BRASIL (APLICAÇÃO)                       ,62750,2023,paulinia,camara,SMARAPD Câmara de Paulínia
CÂMARA DO MUNICÍPIO DE PAULÍNIA, ,2.1.8.8.5.01.08.001 ,I.S.S.Q.N. - RETENÇÃO PESSOA JURIDICA             ,20/04/2023 00:00,ARRECADACAO         ,"2,82",BANCO DO BRASIL (APLICAÇÃO)                       ,62854,2023,paulinia,camara,SMARAPD Câmara de Paulínia
CÂMARA DO MUNICÍPIO DE PAULÍNIA, ,2.1.8.8.5.01.08.001 ,I.S.S.Q.N. - RETENÇÃO PESSOA JURIDICA             ,28/04/2023 00:00,ARRECADACAO         ,"8,44",BANCO DO BRASIL (APLICAÇÃO)                       ,63119,2023,paulinia,camara,SMARAPD Câmara de Paulínia
CÂMARA DO MUNICÍPIO DE PAULÍNIA, ,2.1.8.8.3.01.02.002 ,I.N.S.S - RETENÇÃO PESSOA JURIDICA                ,10/04/2023 00:00,ARRECADACAO         ,"1.605,37",BANCO DO BRASIL (APLICAÇÃO)                       ,62753,2023,paulinia,camara,SMARAPD Câmara de Paulínia
CÂMARA DO MUNICÍPIO DE PAULÍNIA, ,2.1.8.8.1.01.10.001 ,DEPÓSITO JUDICIAL                                 ,27/04/2023 00:00,ARRECADACAO         ,"4.025,14",BANCO DO BRASIL (APLICAÇÃO)                       ,62920,2023,paulinia,camara,SMARAPD Câmara de Paulínia
CÂMARA DO MUNICÍPIO DE PAULÍNIA, ,2.1.8.8.5.01.08.001 ,I.S.S.Q.N. - RETENÇÃO PESSOA JURIDICA             ,10/04/2023 00:00,ARRECADACAO         ,"10,80",BANCO DO BRASIL (APLICAÇÃO)                       ,62746,2023,paulinia,camara,SMARAPD Câmara de Paulínia
CÂMARA DO MUNICÍPIO DE PAULÍNIA, ,2.1.8.8.1.01.03.001 ,PAULÍNIA PREVI                                    ,27/04/2023 00:00,ARRECADACAO         ,"102.384,41",BANCO DO BRASIL (APLICAÇÃO)                       ,62926,2023,paulinia,camara,SMARAPD Câmara de Paulínia
CÂMARA DO MUNICÍPIO DE PAULÍNIA, ,2.1.8.8.1.01.11.007 ,UNIMED                                            ,05/04/2023 00:00,ARRECADACAO         ,"261,12",BANCO DO BRASIL (APLICAÇÃO)                       ,62742,2023,paulinia,camara,SMARAPD Câmara de Paulínia
CÂMARA DO MUNICÍPIO DE PAULÍNIA, ,2.1.8.8.3.01.04.001 ,IRRF - FOLHA DE PAGAMENTO                         ,05/04/2023 00:00,ARRECADACAO         ,"179,94",BANCO DO BRASIL (APLICAÇÃO)                       ,62740,2023,paulinia,camara,SMARAPD Câmara de Paulínia
CÂMARA DO MUNICÍPIO DE PAULÍNIA, ,2.1.8.8.3.01.04.001 ,IRRF - FOLHA DE PAGAMENTO                         ,27/04/2023 00:00,ARRECADACAO         ,"231.812,32",BANCO DO BRASIL (APLICAÇÃO)                       ,62927,2023,paulinia,camara,SMARAPD Câmara de Paulínia
CÂMARA DO MUNICÍPIO DE PAULÍNIA, ,2.1.8.8.3.01.02.003 ,I.N.S.S.- FOLHA DE PAGAMENTO                      ,05/04/2023 00:00,ARRECADACAO         ,"249,35",BANCO DO BRASIL (APLICAÇÃO)                       ,62741,2023,paulinia,camara,SMARAPD Câmara de Paulínia
CÂMARA DO MUNICÍPIO DE PAULÍNIA, ,2.1.8.8.1.01.13.002 ,MENSALIDADE SINDICATO                             ,27/04/2023 00:00,ARRECADACAO         ,"110,00",BANCO DO BRASIL (APLICAÇÃO)                       ,62916,2023,paulinia,camara,SMARAPD Câmara de Paulínia
CÂMARA DO MUNICÍPIO DE PAULÍNIA, ,2.1.8.8.3.01.02.002 ,I.N.S.S - RETENÇÃO PESSOA JURIDICA                ,24/04/2023 00:00,ARRECADACAO         ,"4.680,42",BANCO DO BRASIL (APLICAÇÃO)                       ,62905,2023,paulinia,camara,SMARAPD Câmara de Paulínia
CÂMARA DO MUNICÍPIO DE PAULÍNIA, ,4.5.1.1.2.02.00.000 ,REPASSE RECEBIDO                                  ,20/04/2023 00:00,ARRECADACAO         ,"3.425.000,00",BANCO DO BRASIL C/MOV.                            ,91784,2023,paulinia,camara,SMARAPD Câmara de Paulínia
CÂMARA DO MUNICÍPIO DE PAULÍNIA, ,2.1.8.8.1.01.11.008 ,UNIODONTO CAMPINAS                                ,27/04/2023 00:00,ARRECADACAO         ,"1.390,17",BANCO DO BRASIL (APLICAÇÃO)                       ,62918,2023,paulinia,camara,SMARAPD Câmara de Paulínia
CÂMARA DO MUNICÍPIO DE PAULÍNIA, ,1.1.3.8.1.09.00.001 ,SALÁRIO MATERNIDADE A RECUPERAR                   ,20/04/2023 00:00,ARRECADACAO         ,"2.756,13",BANCO DO BRASIL (APLICAÇÃO)                       ,62860,2023,paulinia,camara,SMARAPD Câmara de Paulínia
CÂMARA DO MUNICÍPIO DE PAULÍNIA, ,2.1.8.8.3.01.04.002 ,IRRF - RETENÇÃO PESSOA JURIDICA                   ,08/05/2023 00:00,ARRECADACAO         ,"206,44",BANCO DO BRASIL (APLICAÇÃO)                       ,65841,2023,paulinia,camara,SMARAPD Câmara de Paulínia
CÂMARA DO MUNICÍPIO DE PAULÍNIA, ,2.1.8.8.3.01.04.002 ,IRRF - RETENÇÃO PESSOA JURIDICA                   ,08/05/2023 00:00,ARRECADACAO         ,"1.171,63",BANCO DO BRASIL (APLICAÇÃO)                       ,65843,2023,paulinia,camara,SMARAPD Câmara de Paulínia
CÂMARA DO MUNICÍPIO DE PAULÍNIA, ,2.1.8.8.5.01.08.001 ,I.S.S.Q.N. - RETENÇÃO PESSOA JURIDICA             ,05/05/2023 00:00,ARRECADACAO         ,"1.275,18",BANCO DO BRASIL (APLICAÇÃO)                       ,65836,2023,paulinia,camara,SMARAPD Câmara de Paulínia
CÂMARA DO MUNICÍPIO DE PAULÍNIA, ,2.1.8.8.5.01.08.001 ,I.S.S.Q.N. - RETENÇÃO PESSOA JURIDICA             ,08/05/2023 00:00,ARRECADACAO         ,"1.220,45",BANCO DO BRASIL (APLICAÇÃO)                       ,65844,2023,paulinia,camara,SMARAPD Câmara de Paulínia
CÂMARA DO MUNICÍPIO DE PAULÍNIA, ,2.1.8.8.5.01.08.001 ,I.S.S.Q.N. - RETENÇÃO PESSOA JURIDICA             ,10/05/2023 00:00,ARRECADACAO         ,"239,04",BANCO DO BRASIL (APLICAÇÃO)                       ,65944,2023,paulinia,camara,SMARAPD Câmara de Paulínia
CÂMARA DO MUNICÍPIO DE PAULÍNIA, ,2.1.8.8.5.01.08.001 ,I.S.S.Q.N. - RETENÇÃO PESSOA JURIDICA             ,22/05/2023 00:00,ARRECADACAO         ,"5,64",BANCO DO BRASIL (APLICAÇÃO)                       ,66019,2023,paulinia,camara,SMARAPD Câmara de Paulínia
CÂMARA DO MUNICÍPIO DE PAULÍNIA, ,2.1.8.8.5.01.08.001 ,I.S.S.Q.N. - RETENÇÃO PESSOA JURIDICA             ,24/05/2023 00:00,ARRECADACAO         ,"42,50",BANCO DO BRASIL (APLICAÇÃO)                       ,66024,2023,paulinia,camara,SMARAPD Câmara de Paulínia
CÂMARA DO MUNICÍPIO DE PAULÍNIA, ,2.1.8.8.1.01.03.001 ,PAULÍNIA PREVI                                    ,11/05/2023 00:00,ARRECADACAO         ,"1.142,72",BANCO DO BRASIL (APLICAÇÃO)                       ,65951,2023,paulinia,camara,SMARAPD Câmara de Paulínia
CÂMARA DO MUNICÍPIO DE PAULÍNIA, ,2.1.8.8.1.01.03.001 ,PAULÍNIA PREVI                                    ,29/05/2023 00:00,ARRECADACAO         ,"107.504,54",BANCO DO BRASIL (APLICAÇÃO)                       ,66043,2023,paulinia,camara,SMARAPD Câmara de Paulínia
CÂMARA DO MUNICÍPIO DE PAULÍNIA, ,2.1.8.8.1.04.99.002 ,RENDIMENTOS DE APLICAÇÕES FINANCEIRAS             ,31/05/2023 00:00,ARRECADACAO         ,"35.936,64",BANCO DO BRASIL (APLICAÇÃO)                       ,90446,2023,paulinia,camara,SMARAPD Câmara de Paulínia
CÂMARA DO MUNICÍPIO DE PAULÍNIA, ,2.1.8.8.1.01.99.001 ,ASMUP                                             ,29/05/2023 00:00,ARRECADACAO         ,"3.191,30",BANCO DO BRASIL (APLICAÇÃO)                       ,66036,2023,paulinia,camara,SMARAPD Câmara de Paulínia
CÂMARA DO MUNICÍPIO DE PAULÍNIA, ,2.1.8.8.1.01.15.002 ,EMPRÉSTIMO CAIXA ECONOMICA FEDERAL                ,11/05/2023 00:00,ARRECADACAO         ,"6.044,30",BANCO DO BRASIL (APLICAÇÃO)                       ,65953,2023,paulinia,camara,SMARAPD Câmara de Paulínia
CÂMARA DO MUNICÍPIO DE PAULÍNIA, ,2.1.8.8.1.01.13.002 ,MENSALIDADE SINDICATO                             ,29/05/2023 00:00,ARRECADACAO         ,"110,00",BANCO DO BRASIL (APLICAÇÃO)                       ,66033,2023,paulinia,camara,SMARAPD Câmara de Paulínia
CÂMARA DO MUNICÍPIO DE PAULÍNIA, ,2.1.8.8.1.01.99.003 ,DIVERSOS                                          ,29/05/2023 00:00,ARRECADACAO         ,"560,40",BANCO DO BRASIL (APLICAÇÃO)                       ,66034,2023,paulinia,camara,SMARAPD Câmara de Paulínia
CÂMARA DO MUNICÍPIO DE PAULÍNIA, ,2.1.8.8.3.01.02.002 ,I.N.S.S - RETENÇÃO PESSOA JURIDICA                ,19/05/2023 00:00,ARRECADACAO         ,"4.680,42",BANCO DO BRASIL (APLICAÇÃO)                       ,66017,2023,paulinia,camara,SMARAPD Câmara de Paulínia
CÂMARA DO MUNICÍPIO DE PAULÍNIA, ,4.5.1.1.2.02.00.000 ,REPASSE RECEBIDO                                  ,19/05/2023 00:00,ARRECADACAO         ,"3.425.000,00",BANCO DO BRASIL C/MOV.                            ,91785,2023,paulinia,camara,SMARAPD Câmara de Paulínia
CÂMARA DO MUNICÍPIO DE PAULÍNIA, ,2.1.8.8.1.01.11.008 ,UNIODONTO CAMPINAS                                ,11/05/2023 00:00,ARRECADACAO         ,"59,29",BANCO DO BRASIL (APLICAÇÃO)                       ,65949,2023,paulinia,camara,SMARAPD Câmara de Paulínia
CÂMARA DO MUNICÍPIO DE PAULÍNIA, ,2.1.8.8.1.04.03.001 ,DIVIDENDOS DE AÇÕES                               ,15/06/2023 00:00,SAÍDA [TRANSF CONTAS,"-310,69",,91767,2023,paulinia,camara,SMARAPD Câmara de Paulínia
CÂMARA DO MUNICÍPIO DE PAULÍNIA, ,2.1.8.8.3.01.04.002 ,IRRF - RETENÇÃO PESSOA JURIDICA                   ,15/06/2023 00:00,ARRECADACAO         ,"1.145,98",BANCO DO BRASIL (APLICAÇÃO)                       ,69059,2023,paulinia,camara,SMARAPD Câmara de Paulínia
CÂMARA DO MUNICÍPIO DE PAULÍNIA, ,2.1.8.8.5.01.08.001 ,I.S.S.Q.N. - RETENÇÃO PESSOA JURIDICA             ,12/06/2023 00:00,ARRECADACAO         ,"282,16",BANCO DO BRASIL (APLICAÇÃO)                       ,69041,2023,paulinia,camara,SMARAPD Câmara de Paulínia
CÂMARA DO MUNICÍPIO DE PAULÍNIA, ,2.1.8.8.1.01.11.008 ,UNIODONTO CAMPINAS                                ,29/05/2023 00:00,ARRECADACAO         ,"1.336,27",BANCO DO BRASIL (APLICAÇÃO)                       ,66035,2023,paulinia,camara,SMARAPD Câmara de Paulínia
CÂMARA DO MUNICÍPIO DE PAULÍNIA, ,2.1.8.8.1.04.03.001 ,DIVIDENDOS DE AÇÕES                               ,16/05/2023 00:00,ARRECADACAO         ,"310,69",BANCO DO BRASIL (APLICAÇÃO)                       ,90351,2023,paulinia,camara,SMARAPD Câmara de Paulínia
CÂMARA DO MUNICÍPIO DE PAULÍNIA, ,2.1.8.8.1.01.15.001 ,EMPRÉSTIMO BANCO DO BRASIL                        ,29/05/2023 00:00,ARRECADACAO         ,"54.435,85",BANCO DO BRASIL (APLICAÇÃO)                       ,66041,2023,paulinia,camara,SMARAPD Câmara de Paulínia
CÂMARA DO MUNICÍPIO DE PAULÍNIA, ,2.1.8.8.1.04.99.001 ,REMUNERAÇÃO DE AÇÕES                              ,15/06/2023 00:00,ENTRADA [TRANSF CONT,"310,69",,90565,2023,paulinia,camara,SMARAPD Câmara de Paulínia
CÂMARA DO MUNICÍPIO DE PAULÍNIA, ,2.1.8.8.3.01.04.002 ,IRRF - RETENÇÃO PESSOA JURIDICA                   ,12/06/2023 00:00,ARRECADACAO         ,"19,50",BANCO DO BRASIL (APLICAÇÃO)                       ,69039,2023,paulinia,camara,SMARAPD Câmara de Paulínia
CÂMARA DO MUNICÍPIO DE PAULÍNIA, ,2.1.8.8.3.01.04.002 ,IRRF - RETENÇÃO PESSOA JURIDICA                   ,12/06/2023 00:00,ARRECADACAO         ,"211,61",BANCO DO BRASIL (APLICAÇÃO)                       ,69040,2023,paulinia,camara,SMARAPD Câmara de Paulínia
CÂMARA DO MUNICÍPIO DE PAULÍNIA, ,2.1.8.8.3.01.04.002 ,IRRF - RETENÇÃO PESSOA JURIDICA                   ,12/06/2023 00:00,ARRECADACAO         ,"337,50",BANCO DO BRASIL (APLICAÇÃO)                       ,69042,2023,paulinia,camara,SMARAPD Câmara de Paulínia
CÂMARA DO MUNICÍPIO DE PAULÍNIA, ,2.1.8.8.3.01.04.002 ,IRRF - RETENÇÃO PESSOA JURIDICA                   ,26/06/2023 00:00,ARRECADACAO         ,"102,97",BANCO DO BRASIL (APLICAÇÃO)                       ,69133,2023,paulinia,camara,SMARAPD Câmara de Paulínia
CÂMARA DO MUNICÍPIO DE PAULÍNIA, ,2.1.8.8.5.01.08.001 ,I.S.S.Q.N. - RETENÇÃO PESSOA JURIDICA             ,05/06/2023 00:00,ARRECADACAO         ,"494,38",BANCO DO BRASIL (APLICAÇÃO)                       ,68966,2023,paulinia,camara,SMARAPD Câmara de Paulínia
CÂMARA DO MUNICÍPIO DE PAULÍNIA, ,2.1.8.8.5.01.08.001 ,I.S.S.Q.N. - RETENÇÃO PESSOA JURIDICA             ,12/06/2023 00:00,ARRECADACAO         ,"384,16",BANCO DO BRASIL (APLICAÇÃO)                       ,69043,2023,paulinia,camara,SMARAPD Câmara de Paulínia
CÂMARA DO MUNICÍPIO DE PAULÍNIA, ,2.1.8.8.5.01.08.001 ,I.S.S.Q.N. - RETENÇÃO PESSOA JURIDICA             ,15/06/2023 00:00,ARRECADACAO         ,"477,49",BANCO DO BRASIL (APLICAÇÃO)                       ,69058,2023,paulinia,camara,SMARAPD Câmara de Paulínia
CÂMARA DO MUNICÍPIO DE PAULÍNIA, ,2.1.8.8.5.01.08.001 ,I.S.S.Q.N. - RETENÇÃO PESSOA JURIDICA             ,19/06/2023 00:00,ARRECADACAO         ,"8,40",BANCO DO BRASIL (APLICAÇÃO)                       ,69071,2023,paulinia,camara,SMARAPD Câmara de Paulínia
CÂMARA DO MUNICÍPIO DE PAULÍNIA, ,2.1.8.8.5.01.08.001 ,I.S.S.Q.N. - RETENÇÃO PESSOA JURIDICA             ,20/06/2023 00:00,ARRECADACAO         ,"1,41",BANCO DO BRASIL (APLICAÇÃO)                       ,69074,2023,paulinia,camara,SMARAPD Câmara de Paulínia
CÂMARA DO MUNICÍPIO DE PAULÍNIA, ,2.1.8.8.5.01.08.001 ,I.S.S.Q.N. - RETENÇÃO PESSOA JURIDICA             ,22/06/2023 00:00,ARRECADACAO         ,"42,80",BANCO DO BRASIL (APLICAÇÃO)                       ,69100,2023,paulinia,camara,SMARAPD Câmara de Paulínia
CÂMARA DO MUNICÍPIO DE PAULÍNIA, ,2.1.8.8.5.01.08.001 ,I.S.S.Q.N. - RETENÇÃO PESSOA JURIDICA             ,22/06/2023 00:00,ARRECADACAO         ,"54,00",BANCO DO BRASIL (APLICAÇÃO)                       ,69101,2023,paulinia,camara,SMARAPD Câmara de Paulínia
CÂMARA DO MUNICÍPIO DE PAULÍNIA, ,2.1.8.8.5.01.08.001 ,I.S.S.Q.N. - RETENÇÃO PESSOA JURIDICA             ,27/06/2023 00:00,ARRECADACAO         ,"4.254,92",BANCO DO BRASIL (APLICAÇÃO)                       ,69135,2023,paulinia,camara,SMARAPD Câmara de Paulínia
CÂMARA DO MUNICÍPIO DE PAULÍNIA, ,2.1.8.8.1.01.11.007 ,UNIMED                                            ,06/06/2023 00:00,ARRECADACAO         ,"285,33",BANCO DO BRASIL (APLICAÇÃO)                       ,68969,2023,paulinia,camara,SMARAPD Câmara de Paulínia
CÂMARA DO MUNICÍPIO DE PAULÍNIA, ,2.1.8.8.1.01.11.007 ,UNIMED                                            ,29/06/2023 00:00,ARRECADACAO         ,"32.219,40",BANCO DO BRASIL (APLICAÇÃO)                       ,69147,2023,paulinia,camara,SMARAPD Câmara de Paulínia
CÂMARA DO MUNICÍPIO DE PAULÍNIA, ,2.1.8.8.1.04.99.002 ,RENDIMENTOS DE APLICAÇÕES FINANCEIRAS             ,30/06/2023 00:00,ARRECADACAO         ,"39.158,79",BANCO DO BRASIL (APLICAÇÃO)                       ,90667,2023,paulinia,camara,SMARAPD Câmara de Paulínia
CÂMARA DO MUNICÍPIO DE PAULÍNIA, ,2.1.8.8.1.01.99.001 ,ASMUP                                             ,29/06/2023 00:00,ARRECADACAO         ,"3.158,40",BANCO DO BRASIL (APLICAÇÃO)                       ,69143,2023,paulinia,camara,SMARAPD Câmara de Paulínia
CÂMARA DO MUNICÍPIO DE PAULÍNIA, ,2.1.8.8.3.01.04.001 ,IRRF - FOLHA DE PAGAMENTO                         ,06/06/2023 00:00,ARRECADACAO         ,"49,84",BANCO DO BRASIL (APLICAÇÃO)                       ,68968,2023,paulinia,camara,SMARAPD Câmara de Paulínia
CÂMARA DO MUNICÍPIO DE PAULÍNIA, ,2.1.8.8.1.01.11.005 ,SAMARITANO                                        ,29/06/2023 00:00,ARRECADACAO         ,"5.330,28",BANCO DO BRASIL (APLICAÇÃO)                       ,69144,2023,paulinia,camara,SMARAPD Câmara de Paulínia
CÂMARA DO MUNICÍPIO DE PAULÍNIA, ,2.1.8.8.1.01.15.002 ,EMPRÉSTIMO CAIXA ECONOMICA FEDERAL                ,29/06/2023 00:00,ARRECADACAO         ,"24.583,35",BANCO DO BRASIL (APLICAÇÃO)                       ,69146,2023,paulinia,camara,SMARAPD Câmara de Paulínia
CÂMARA DO MUNICÍPIO DE PAULÍNIA, ,2.1.8.8.3.01.02.003 ,I.N.S.S.- FOLHA DE PAGAMENTO                      ,06/06/2023 00:00,ARRECADACAO         ,"324,55",BANCO DO BRASIL (APLICAÇÃO)                       ,68970,2023,paulinia,camara,SMARAPD Câmara de Paulínia
CÂMARA DO MUNICÍPIO DE PAULÍNIA, ,2.1.8.8.1.01.13.002 ,MENSALIDADE SINDICATO                             ,29/06/2023 00:00,ARRECADACAO         ,"110,00",BANCO DO BRASIL (APLICAÇÃO)                       ,69140,2023,paulinia,camara,SMARAPD Câmara de Paulínia
CÂMARA DO MUNICÍPIO DE PAULÍNIA, ,2.1.8.8.1.01.11.008 ,UNIODONTO CAMPINAS                                ,29/06/2023 00:00,ARRECADACAO         ,"1.336,27",BANCO DO BRASIL (APLICAÇÃO)                       ,69142,2023,paulinia,camara,SMARAPD Câmara de Paulínia
CÂMARA DO MUNICÍPIO DE PAULÍNIA, ,2.1.8.8.1.01.15.001 ,EMPRÉSTIMO BANCO DO BRASIL                        ,29/06/2023 00:00,ARRECADACAO         ,"52.638,76",BANCO DO BRASIL (APLICAÇÃO)                       ,69148,2023,paulinia,camara,SMARAPD Câmara de Paulínia
CÂMARA DO MUNICÍPIO DE PAULÍNIA, ,2.1.8.8.3.01.04.002 ,IRRF - RETENÇÃO PESSOA JURIDICA                   ,10/07/2023 00:00,ARRECADACAO         ,"217,08",BANCO DO BRASIL (APLICAÇÃO)                       ,72158,2023,paulinia,camara,SMARAPD Câmara de Paulínia
CÂMARA DO MUNICÍPIO DE PAULÍNIA, ,2.1.8.8.3.01.04.002 ,IRRF - RETENÇÃO PESSOA JURIDICA                   ,10/07/2023 00:00,ARRECADACAO         ,"244,09",BANCO DO BRASIL (APLICAÇÃO)                       ,72159,2023,paulinia,camara,SMARAPD Câmara de Paulínia
CÂMARA DO MUNICÍPIO DE PAULÍNIA, ,2.1.8.8.3.01.04.002 ,IRRF - RETENÇÃO PESSOA JURIDICA                   ,17/07/2023 00:00,ARRECADACAO         ,"19,50",BANCO DO BRASIL (APLICAÇÃO)                       ,72250,2023,paulinia,camara,SMARAPD Câmara de Paulínia
CÂMARA DO MUNICÍPIO DE PAULÍNIA, ,2.1.8.8.3.01.04.002 ,IRRF - RETENÇÃO PESSOA JURIDICA                   ,19/07/2023 00:00,ARRECADACAO         ,"241,86",BANCO DO BRASIL (APLICAÇÃO)                       ,72255,2023,paulinia,camara,SMARAPD Câmara de Paulínia
CÂMARA DO MUNICÍPIO DE PAULÍNIA, ,2.1.8.8.3.01.04.002 ,IRRF - RETENÇÃO PESSOA JURIDICA                   ,24/07/2023 00:00,ARRECADACAO         ,"850,98",BANCO DO BRASIL (APLICAÇÃO)                       ,72285,2023,paulinia,camara,SMARAPD Câmara de Paulínia
CÂMARA DO MUNICÍPIO DE PAULÍNIA, ,2.1.8.8.5.01.08.001 ,I.S.S.Q.N. - RETENÇÃO PESSOA JURIDICA             ,10/07/2023 00:00,ARRECADACAO         ,"289,45",BANCO DO BRASIL (APLICAÇÃO)                       ,72160,2023,paulinia,camara,SMARAPD Câmara de Paulínia
CÂMARA DO MUNICÍPIO DE PAULÍNIA, ,2.1.8.8.5.01.08.001 ,I.S.S.Q.N. - RETENÇÃO PESSOA JURIDICA             ,20/07/2023 00:00,ARRECADACAO         ,"54,00",BANCO DO BRASIL (APLICAÇÃO)                       ,72261,2023,paulinia,camara,SMARAPD Câmara de Paulínia
CÂMARA DO MUNICÍPIO DE PAULÍNIA, ,2.1.8.8.5.01.08.001 ,I.S.S.Q.N. - RETENÇÃO PESSOA JURIDICA             ,24/07/2023 00:00,ARRECADACAO         ,"4.254,92",BANCO DO BRASIL (APLICAÇÃO)                       ,72286,2023,paulinia,camara,SMARAPD Câmara de Paulínia
CÂMARA DO MUNICÍPIO DE PAULÍNIA, ,2.1.8.8.5.01.08.001 ,I.S.S.Q.N. - RETENÇÃO PESSOA JURIDICA             ,26/07/2023 00:00,ARRECADACAO         ,"36,94",BANCO DO BRASIL (APLICAÇÃO)                       ,72289,2023,paulinia,camara,SMARAPD Câmara de Paulínia
CÂMARA DO MUNICÍPIO DE PAULÍNIA, ,2.1.8.8.1.01.10.001 ,DEPÓSITO JUDICIAL                                 ,27/07/2023 00:00,ARRECADACAO         ,"3.406,41",BANCO DO BRASIL (APLICAÇÃO)                       ,72296,2023,paulinia,camara,SMARAPD Câmara de Paulínia
CÂMARA DO MUNICÍPIO DE PAULÍNIA, ,2.1.8.8.3.01.04.001 ,IRRF - FOLHA DE PAGAMENTO                         ,12/07/2023 00:00,ARRECADACAO         ,"208,83",BANCO DO BRASIL (APLICAÇÃO)                       ,72226,2023,paulinia,camara,SMARAPD Câmara de Paulínia
CÂMARA DO MUNICÍPIO DE PAULÍNIA, ,2.1.8.8.1.01.11.005 ,SAMARITANO                                        ,12/07/2023 00:00,ARRECADACAO         ,"107,54",BANCO DO BRASIL (APLICAÇÃO)                       ,72225,2023,paulinia,camara,SMARAPD Câmara de Paulínia
CÂMARA DO MUNICÍPIO DE PAULÍNIA, ,2.1.8.8.3.01.02.003 ,I.N.S.S.- FOLHA DE PAGAMENTO                      ,12/07/2023 00:00,ARRECADACAO         ,"488,53",BANCO DO BRASIL (APLICAÇÃO)                       ,72227,2023,paulinia,camara,SMARAPD Câmara de Paulínia
CÂMARA DO MUNICÍPIO DE PAULÍNIA, ,2.1.8.8.1.01.99.003 ,DIVERSOS                                          ,27/07/2023 00:00,ARRECADACAO         ,"560,40",BANCO DO BRASIL (APLICAÇÃO)                       ,72293,2023,paulinia,camara,SMARAPD Câmara de Paulínia
CÂMARA DO MUNICÍPIO DE PAULÍNIA, ,4.5.1.1.2.02.00.000 ,REPASSE RECEBIDO                                  ,20/07/2023 00:00,ARRECADACAO         ,"3.425.000,00",BANCO DO BRASIL C/MOV.                            ,91787,2023,paulinia,camara,SMARAPD Câmara de Paulínia
CÂMARA DO MUNICÍPIO DE PAULÍNIA, ,2.1.8.8.3.01.02.002 ,I.N.S.S - RETENÇÃO PESSOA JURIDICA                ,26/07/2023 00:00,ARRECADACAO         ,"91,30",BANCO DO BRASIL (APLICAÇÃO)                       ,72290,2023,paulinia,camara,SMARAPD Câmara de Paulínia
CÂMARA DO MUNICÍPIO DE PAULÍNIA, ,2.1.8.8.3.01.04.002 ,IRRF - RETENÇÃO PESSOA JURIDICA                   ,10/08/2023 00:00,ARRECADACAO         ,"218,91",BANCO DO BRASIL (APLICAÇÃO)                       ,75278,2023,paulinia,camara,SMARAPD Câmara de Paulínia
CÂMARA DO MUNICÍPIO DE PAULÍNIA, ,2.1.8.8.3.01.04.002 ,IRRF - RETENÇÃO PESSOA JURIDICA                   ,10/08/2023 00:00,ARRECADACAO         ,"563,26",BANCO DO BRASIL (APLICAÇÃO)                       ,75281,2023,paulinia,camara,SMARAPD Câmara de Paulínia
CÂMARA DO MUNICÍPIO DE PAULÍNIA, ,2.1.8.8.3.01.04.002 ,IRRF - RETENÇÃO PESSOA JURIDICA                   ,25/08/2023 00:00,ARRECADACAO         ,"4.084,73",BANCO DO BRASIL (APLICAÇÃO)                       ,75466,2023,paulinia,camara,SMARAPD Câmara de Paulínia
CÂMARA DO MUNICÍPIO DE PAULÍNIA, ,2.1.8.8.5.01.08.001 ,I.S.S.Q.N. - RETENÇÃO PESSOA JURIDICA             ,04/08/2023 00:00,ARRECADACAO         ,"477,49",BANCO DO BRASIL (APLICAÇÃO)                       ,75216,2023,paulinia,camara,SMARAPD Câmara de Paulínia
CÂMARA DO MUNICÍPIO DE PAULÍNIA, ,2.1.8.8.5.01.08.001 ,I.S.S.Q.N. - RETENÇÃO PESSOA JURIDICA             ,10/08/2023 00:00,ARRECADACAO         ,"291,89",BANCO DO BRASIL (APLICAÇÃO)                       ,75279,2023,paulinia,camara,SMARAPD Câmara de Paulínia
CÂMARA DO MUNICÍPIO DE PAULÍNIA, ,2.1.8.8.5.01.08.001 ,I.S.S.Q.N. - RETENÇÃO PESSOA JURIDICA             ,15/08/2023 00:00,ARRECADACAO         ,"384,16",BANCO DO BRASIL (APLICAÇÃO)                       ,75368,2023,paulinia,camara,SMARAPD Câmara de Paulínia
CÂMARA DO MUNICÍPIO DE PAULÍNIA, ,2.1.8.8.5.01.08.001 ,I.S.S.Q.N. - RETENÇÃO PESSOA JURIDICA             ,21/08/2023 00:00,ARRECADACAO         ,"54,00",BANCO DO BRASIL (APLICAÇÃO)                       ,75427,2023,paulinia,camara,SMARAPD Câmara de Paulínia
CÂMARA DO MUNICÍPIO DE PAULÍNIA, ,2.1.8.8.5.01.08.001 ,I.S.S.Q.N. - RETENÇÃO PESSOA JURIDICA             ,23/08/2023 00:00,ARRECADACAO         ,"56,03",BANCO DO BRASIL (APLICAÇÃO)                       ,75431,2023,paulinia,camara,SMARAPD Câmara de Paulínia
CÂMARA DO MUNICÍPIO DE PAULÍNIA, ,2.1.8.8.5.01.08.001 ,I.S.S.Q.N. - RETENÇÃO PESSOA JURIDICA             ,25/08/2023 00:00,ARRECADACAO         ,"4.254,92",BANCO DO BRASIL (APLICAÇÃO)                       ,75467,2023,paulinia,camara,SMARAPD Câmara de Paulínia
CÂMARA DO MUNICÍPIO DE PAULÍNIA, ,2.1.8.8.1.01.10.001 ,DEPÓSITO JUDICIAL                                 ,29/08/2023 00:00,ARRECADACAO         ,"4.197,22",BANCO DO BRASIL (APLICAÇÃO)                       ,75478,2023,paulinia,camara,SMARAPD Câmara de Paulínia
CÂMARA DO MUNICÍPIO DE PAULÍNIA, ,2.1.8.8.3.01.04.001 ,IRRF - FOLHA DE PAGAMENTO                         ,04/08/2023 00:00,ARRECADACAO         ,"477,49",BANCO DO BRASIL (APLICAÇÃO)                       ,75215,2023,paulinia,camara,SMARAPD Câmara de Paulínia
CÂMARA DO MUNICÍPIO DE PAULÍNIA, ,2.1.8.8.3.01.04.001 ,IRRF - FOLHA DE PAGAMENTO                         ,07/08/2023 00:00,ARRECADACAO         ,"477,49",BANCO DO BRASIL (APLICAÇÃO)                       ,75226,2023,paulinia,camara,SMARAPD Câmara de Paulínia
CÂMARA DO MUNICÍPIO DE PAULÍNIA, ,2.1.8.8.5.01.08.001 ,I.S.S.Q.N. - RETENÇÃO PESSOA JURIDICA             ,28/08/2023 00:00,ARRECADACAO         ,"8,44",BANCO DO BRASIL (APLICAÇÃO)                       ,75472,2023,paulinia,camara,SMARAPD Câmara de Paulínia
CÂMARA DO MUNICÍPIO DE PAULÍNIA, ,2.1.8.8.5.01.08.001 ,I.S.S.Q.N. - RETENÇÃO PESSOA JURIDICA             ,28/08/2023 00:00,ARRECADACAO         ,"11,84",BANCO DO BRASIL (APLICAÇÃO)                       ,75473,2023,paulinia,camara,SMARAPD Câmara de Paulínia
CÂMARA DO MUNICÍPIO DE PAULÍNIA, ,2.1.8.8.1.01.03.001 ,PAULÍNIA PREVI                                    ,14/08/2023 00:00,ARRECADACAO         ,"935,66",BANCO DO BRASIL (APLICAÇÃO)                       ,75359,2023,paulinia,camara,SMARAPD Câmara de Paulínia
CÂMARA DO MUNICÍPIO DE PAULÍNIA, ,2.1.8.8.3.01.04.001 ,IRRF - FOLHA DE PAGAMENTO                         ,04/08/2023 00:00,ESTORNO DE ARRECADAC,"-477,49",BANCO DO BRASIL (APLICAÇÃO)                       ,91573,2023,paulinia,camara,SMARAPD Câmara de Paulínia
CÂMARA DO MUNICÍPIO DE PAULÍNIA, ,2.1.8.8.1.01.11.007 ,UNIMED                                            ,14/08/2023 00:00,ARRECADACAO         ,"118,37",BANCO DO BRASIL (APLICAÇÃO)                       ,75349,2023,paulinia,camara,SMARAPD Câmara de Paulínia
CÂMARA DO MUNICÍPIO DE PAULÍNIA, ,2.1.8.8.1.01.11.007 ,UNIMED                                            ,14/08/2023 00:00,ARRECADACAO         ,"171,97",BANCO DO BRASIL (APLICAÇÃO)                       ,75351,2023,paulinia,camara,SMARAPD Câmara de Paulínia
CÂMARA DO MUNICÍPIO DE PAULÍNIA, ,2.1.8.8.1.01.11.007 ,UNIMED                                            ,29/08/2023 00:00,ARRECADACAO         ,"31.814,54",BANCO DO BRASIL (APLICAÇÃO)                       ,75481,2023,paulinia,camara,SMARAPD Câmara de Paulínia
CÂMARA DO MUNICÍPIO DE PAULÍNIA, ,2.1.8.8.3.01.04.001 ,IRRF - FOLHA DE PAGAMENTO                         ,14/08/2023 00:00,ARRECADACAO         ,"1.833,34",BANCO DO BRASIL (APLICAÇÃO)                       ,75362,2023,paulinia,camara,SMARAPD Câmara de Paulínia
CÂMARA DO MUNICÍPIO DE PAULÍNIA, ,2.1.8.8.3.01.04.001 ,IRRF - FOLHA DE PAGAMENTO                         ,29/08/2023 00:00,ARRECADACAO         ,"278.129,28",BANCO DO BRASIL (APLICAÇÃO)                       ,75485,2023,paulinia,camara,SMARAPD Câmara de Paulínia
CÂMARA DO MUNICÍPIO DE PAULÍNIA, ,2.1.8.8.1.01.15.002 ,EMPRÉSTIMO CAIXA ECONOMICA FEDERAL                ,09/08/2023 00:00,ARRECADACAO         ,"3.123,42",BANCO DO BRASIL (APLICAÇÃO)                       ,75273,2023,paulinia,camara,SMARAPD Câmara de Paulínia
CÂMARA DO MUNICÍPIO DE PAULÍNIA, ,2.1.8.8.1.01.15.002 ,EMPRÉSTIMO CAIXA ECONOMICA FEDERAL                ,29/08/2023 00:00,ARRECADACAO         ,"24.280,54",BANCO DO BRASIL (APLICAÇÃO)                       ,75480,2023,paulinia,camara,SMARAPD Câmara de Paulínia
CÂMARA DO MUNICÍPIO DE PAULÍNIA, ,2.1.8.8.3.01.02.003 ,I.N.S.S.- FOLHA DE PAGAMENTO                      ,14/08/2023 00:00,ARRECADACAO         ,"705,76",BANCO DO BRASIL (APLICAÇÃO)                       ,75357,2023,paulinia,camara,SMARAPD Câmara de Paulínia
CÂMARA DO MUNICÍPIO DE PAULÍNIA, ,2.1.8.8.3.01.02.003 ,I.N.S.S.- FOLHA DE PAGAMENTO                      ,14/08/2023 00:00,ARRECADACAO         ,"705,76",BANCO DO BRASIL (APLICAÇÃO)                       ,75358,2023,paulinia,camara,SMARAPD Câmara de Paulínia
CÂMARA DO MUNICÍPIO DE PAULÍNIA, ,2.1.8.8.1.01.13.002 ,MENSALIDADE SINDICATO                             ,29/08/2023 00:00,ARRECADACAO         ,"110,00",BANCO DO BRASIL (APLICAÇÃO)                       ,75474,2023,paulinia,camara,SMARAPD Câmara de Paulínia
CÂMARA DO MUNICÍPIO DE PAULÍNIA, ,2.1.8.8.1.01.99.003 ,DIVERSOS                                          ,29/08/2023 00:00,ARRECADACAO         ,"560,40",BANCO DO BRASIL (APLICAÇÃO)                       ,75475,2023,paulinia,camara,SMARAPD Câmara de Paulínia
CÂMARA DO MUNICÍPIO DE PAULÍNIA, ,2.1.8.8.1.01.11.008 ,UNIODONTO CAMPINAS                                ,09/08/2023 00:00,ARRECADACAO         ,"43,12",BANCO DO BRASIL (APLICAÇÃO)                       ,75270,2023,paulinia,camara,SMARAPD Câmara de Paulínia
CÂMARA DO MUNICÍPIO DE PAULÍNIA, ,2.1.8.8.1.01.11.008 ,UNIODONTO CAMPINAS                                ,14/08/2023 00:00,ARRECADACAO         ,"26,95",BANCO DO BRASIL (APLICAÇÃO)                       ,75343,2023,paulinia,camara,SMARAPD Câmara de Paulínia
CÂMARA DO MUNICÍPIO DE PAULÍNIA, ,2.1.8.8.1.01.11.008 ,UNIODONTO CAMPINAS                                ,29/08/2023 00:00,ARRECADACAO         ,"1.266,20",BANCO DO BRASIL (APLICAÇÃO)                       ,75476,2023,paulinia,camara,SMARAPD Câmara de Paulínia
CÂMARA DO MUNICÍPIO DE PAULÍNIA, ,2.1.8.8.3.01.02.002 ,I.N.S.S - RETENÇÃO PESSOA JURIDICA                ,10/08/2023 00:00,ARRECADACAO         ,"1.605,37",BANCO DO BRASIL (APLICAÇÃO)                       ,75282,2023,paulinia,camara,SMARAPD Câmara de Paulínia
CÂMARA DO MUNICÍPIO DE PAULÍNIA, ,2.1.8.8.1.01.15.001 ,EMPRÉSTIMO BANCO DO BRASIL                        ,29/08/2023 00:00,ARRECADACAO         ,"47.951,37",BANCO DO BRASIL (APLICAÇÃO)                       ,75482,2023,paulinia,camara,SMARAPD Câmara de Paulínia
CÂMARA DO MUNICÍPIO DE PAULÍNIA, ,2.1.8.8.3.01.02.002 ,I.N.S.S - RETENÇÃO PESSOA JURIDICA                ,04/08/2023 00:00,ESTORNO DE ARRECADAC,"-2.626,20",BANCO DO BRASIL (APLICAÇÃO)                       ,91572,2023,paulinia,camara,SMARAPD Câmara de Paulínia
CÂMARA DO MUNICÍPIO DE PAULÍNIA, ,2.1.8.8.3.01.02.002 ,I.N.S.S - RETENÇÃO PESSOA JURIDICA                ,11/09/2023 00:00,ARRECADACAO         ,"2.626,20",BANCO DO BRASIL (APLICAÇÃO)                       ,78510,2023,paulinia,camara,SMARAPD Câmara de Paulínia
CÂMARA DO MUNICÍPIO DE PAULÍNIA, ,2.1.8.8.3.01.02.002 ,I.N.S.S - RETENÇÃO PESSOA JURIDICA                ,22/09/2023 00:00,ARRECADACAO         ,"4.680,42",BANCO DO BRASIL (APLICAÇÃO)                       ,78634,2023,paulinia,camara,SMARAPD Câmara de Paulínia
CÂMARA DO MUNICÍPIO DE PAULÍNIA, ,2.1.8.8.3.01.04.002 ,IRRF - RETENÇÃO PESSOA JURIDICA                   ,11/09/2023 00:00,ARRECADACAO         ,"784,00",BANCO DO BRASIL (APLICAÇÃO)                       ,78508,2023,paulinia,camara,SMARAPD Câmara de Paulínia
CÂMARA DO MUNICÍPIO DE PAULÍNIA, ,2.1.8.8.3.01.04.002 ,IRRF - RETENÇÃO PESSOA JURIDICA                   ,15/09/2023 00:00,ARRECADACAO         ,"648,09",BANCO DO BRASIL (APLICAÇÃO)                       ,78597,2023,paulinia,camara,SMARAPD Câmara de Paulínia
CÂMARA DO MUNICÍPIO DE PAULÍNIA, ,2.1.8.8.3.01.04.002 ,IRRF - RETENÇÃO PESSOA JURIDICA                   ,22/09/2023 00:00,ARRECADACAO         ,"4.084,73",BANCO DO BRASIL (APLICAÇÃO)                       ,78632,2023,paulinia,camara,SMARAPD Câmara de Paulínia
CÂMARA DO MUNICÍPIO DE PAULÍNIA, ,2.1.8.8.1.01.10.001 ,DEPÓSITO JUDICIAL                                 ,28/09/2023 00:00,ARRECADACAO         ,"4.385,71",BANCO DO BRASIL (APLICAÇÃO)                       ,78680,2023,paulinia,camara,SMARAPD Câmara de Paulínia
CÂMARA DO MUNICÍPIO DE PAULÍNIA, ,2.1.8.8.5.01.08.001 ,I.S.S.Q.N. - RETENÇÃO PESSOA JURIDICA             ,11/09/2023 00:00,ARRECADACAO         ,"284,59",BANCO DO BRASIL (APLICAÇÃO)                       ,78503,2023,paulinia,camara,SMARAPD Câmara de Paulínia
CÂMARA DO MUNICÍPIO DE PAULÍNIA, ,2.1.8.8.5.01.08.001 ,I.S.S.Q.N. - RETENÇÃO PESSOA JURIDICA             ,11/09/2023 00:00,ARRECADACAO         ,"477,49",BANCO DO BRASIL (APLICAÇÃO)                       ,78506,2023,paulinia,camara,SMARAPD Câmara de Paulínia
CÂMARA DO MUNICÍPIO DE PAULÍNIA, ,2.1.8.8.5.01.08.001 ,I.S.S.Q.N. - RETENÇÃO PESSOA JURIDICA             ,20/09/2023 00:00,ARRECADACAO         ,"5,60",BANCO DO BRASIL (APLICAÇÃO)                       ,78623,2023,paulinia,camara,SMARAPD Câmara de Paulínia
CÂMARA DO MUNICÍPIO DE PAULÍNIA, ,2.1.8.8.1.04.99.002 ,RENDIMENTOS DE APLICAÇÕES FINANCEIRAS             ,29/09/2023 00:00,ARRECADACAO         ,"45.731,39",BANCO DO BRASIL (APLICAÇÃO)                       ,91074,2023,paulinia,camara,SMARAPD Câmara de Paulínia
CÂMARA DO MUNICÍPIO DE PAULÍNIA, ,2.1.8.8.3.01.04.001 ,IRRF - FOLHA DE PAGAMENTO                         ,22/09/2023 00:00,ARRECADACAO         ,"515,26",BANCO DO BRASIL (APLICAÇÃO)                       ,78631,2023,paulinia,camara,SMARAPD Câmara de Paulínia
CÂMARA DO MUNICÍPIO DE PAULÍNIA, ,2.1.8.8.3.01.04.001 ,IRRF - FOLHA DE PAGAMENTO                         ,28/09/2023 00:00,ARRECADACAO         ,"298.473,30",BANCO DO BRASIL (APLICAÇÃO)                       ,78687,2023,paulinia,camara,SMARAPD Câmara de Paulínia
CÂMARA DO MUNICÍPIO DE PAULÍNIA, ,2.1.8.8.3.01.02.003 ,I.N.S.S.- FOLHA DE PAGAMENTO                      ,28/09/2023 00:00,ARRECADACAO         ,"58.133,91",BANCO DO BRASIL (APLICAÇÃO)                       ,78685,2023,paulinia,camara,SMARAPD Câmara de Paulínia
CÂMARA DO MUNICÍPIO DE PAULÍNIA, ,2.1.8.8.5.01.08.001 ,I.S.S.Q.N. - RETENÇÃO PESSOA JURIDICA             ,22/09/2023 00:00,ARRECADACAO         ,"4.254,92",BANCO DO BRASIL (APLICAÇÃO)                       ,78633,2023,paulinia,camara,SMARAPD Câmara de Paulínia
CÂMARA DO MUNICÍPIO DE PAULÍNIA, ,2.1.8.8.5.01.08.001 ,I.S.S.Q.N. - RETENÇÃO PESSOA JURIDICA             ,29/09/2023 00:00,ARRECADACAO         ,"647,59",BANCO DO BRASIL (APLICAÇÃO)                       ,78728,2023,paulinia,camara,SMARAPD Câmara de Paulínia
CÂMARA DO MUNICÍPIO DE PAULÍNIA, ,2.1.8.8.1.01.15.001 ,EMPRÉSTIMO BANCO DO BRASIL                        ,28/09/2023 00:00,ARRECADACAO         ,"49.851,36",BANCO DO BRASIL (APLICAÇÃO)                       ,78684,2023,paulinia,camara,SMARAPD Câmara de Paulínia
CÂMARA DO MUNICÍPIO DE PAULÍNIA, ,2.1.8.8.1.01.11.005 ,SAMARITANO                                        ,28/09/2023 00:00,ARRECADACAO         ,"5.814,72",BANCO DO BRASIL (APLICAÇÃO)                       ,78681,2023,paulinia,camara,SMARAPD Câmara de Paulínia
CÂMARA DO MUNICÍPIO DE PAULÍNIA, ,2.1.8.8.1.01.11.007 ,UNIMED                                            ,03/10/2023 00:00,SAÍDA [TRANSF CONTAS,"-3.125,50",,91769,2023,paulinia,camara,SMARAPD Câmara de Paulínia
CÂMARA DO MUNICÍPIO DE PAULÍNIA, ,2.1.8.8.3.01.02.002 ,I.N.S.S - RETENÇÃO PESSOA JURIDICA                ,23/10/2023 00:00,ARRECADACAO         ,"4.680,42",BANCO DO BRASIL (APLICAÇÃO)                       ,81832,2023,paulinia,camara,SMARAPD Câmara de Paulínia
CÂMARA DO MUNICÍPIO DE PAULÍNIA, ,2.1.8.8.3.01.04.002 ,IRRF - RETENÇÃO PESSOA JURIDICA                   ,10/10/2023 00:00,ARRECADACAO         ,"563,26",BANCO DO BRASIL (APLICAÇÃO)                       ,81702,2023,paulinia,camara,SMARAPD Câmara de Paulínia
CÂMARA DO MUNICÍPIO DE PAULÍNIA, ,2.1.8.8.3.01.04.002 ,IRRF - RETENÇÃO PESSOA JURIDICA                   ,11/10/2023 00:00,ARRECADACAO         ,"312,00",BANCO DO BRASIL (APLICAÇÃO)                       ,81778,2023,paulinia,camara,SMARAPD Câmara de Paulínia
CÂMARA DO MUNICÍPIO DE PAULÍNIA, ,2.1.8.8.3.01.04.002 ,IRRF - RETENÇÃO PESSOA JURIDICA                   ,11/10/2023 00:00,ARRECADACAO         ,"449,37",BANCO DO BRASIL (APLICAÇÃO)                       ,81779,2023,paulinia,camara,SMARAPD Câmara de Paulínia
CÂMARA DO MUNICÍPIO DE PAULÍNIA, ,2.1.8.8.5.01.08.001 ,I.S.S.Q.N. - RETENÇÃO PESSOA JURIDICA             ,30/10/2023 00:00,ARRECADACAO         ,"36,85",BANCO DO BRASIL (APLICAÇÃO)                       ,85055,2023,paulinia,camara,SMARAPD Câmara de Paulínia
CÂMARA DO MUNICÍPIO DE PAULÍNIA, ,2.1.8.8.1.01.03.001 ,PAULÍNIA PREVI                                    ,26/10/2023 00:00,ARRECADACAO         ,"104.923,34",BANCO DO BRASIL (APLICAÇÃO)                       ,81882,2023,paulinia,camara,SMARAPD Câmara de Paulínia
CÂMARA DO MUNICÍPIO DE PAULÍNIA, ,2.1.8.8.3.01.04.002 ,IRRF - RETENÇÃO PESSOA JURIDICA                   ,18/10/2023 00:00,ARRECADACAO         ,"147,22",BANCO DO BRASIL (APLICAÇÃO)                       ,81809,2023,paulinia,camara,SMARAPD Câmara de Paulínia
CÂMARA DO MUNICÍPIO DE PAULÍNIA, ,2.1.8.8.3.01.04.002 ,IRRF - RETENÇÃO PESSOA JURIDICA                   ,23/10/2023 00:00,ARRECADACAO         ,"1.021,18",BANCO DO BRASIL (APLICAÇÃO)                       ,81830,2023,paulinia,camara,SMARAPD Câmara de Paulínia
CÂMARA DO MUNICÍPIO DE PAULÍNIA, ,2.1.8.8.1.01.11.007 ,UNIMED                                            ,26/10/2023 00:00,ARRECADACAO         ,"32.733,37",BANCO DO BRASIL (APLICAÇÃO)                       ,81879,2023,paulinia,camara,SMARAPD Câmara de Paulínia
CÂMARA DO MUNICÍPIO DE PAULÍNIA, ,2.1.8.8.3.01.02.003 ,I.N.S.S.- FOLHA DE PAGAMENTO                      ,26/10/2023 00:00,ARRECADACAO         ,"61.268,17",BANCO DO BRASIL (APLICAÇÃO)                       ,81881,2023,paulinia,camara,SMARAPD Câmara de Paulínia
CÂMARA DO MUNICÍPIO DE PAULÍNIA, ,2.1.8.8.1.01.13.002 ,MENSALIDADE SINDICATO                             ,26/10/2023 00:00,ARRECADACAO         ,"110,00",BANCO DO BRASIL (APLICAÇÃO)                       ,81872,2023,paulinia,camara,SMARAPD Câmara de Paulínia
CÂMARA DO MUNICÍPIO DE PAULÍNIA, ,2.1.8.8.1.01.99.003 ,DIVERSOS                                          ,26/10/2023 00:00,ARRECADACAO         ,"560,40",BANCO DO BRASIL (APLICAÇÃO)                       ,81873,2023,paulinia,camara,SMARAPD Câmara de Paulínia
CÂMARA DO MUNICÍPIO DE PAULÍNIA, ,2.1.8.8.5.01.08.001 ,I.S.S.Q.N. - RETENÇÃO PESSOA JURIDICA             ,10/10/2023 00:00,ARRECADACAO         ,"398,99",BANCO DO BRASIL (APLICAÇÃO)                       ,81701,2023,paulinia,camara,SMARAPD Câmara de Paulínia
CÂMARA DO MUNICÍPIO DE PAULÍNIA, ,2.1.8.8.5.01.08.001 ,I.S.S.Q.N. - RETENÇÃO PESSOA JURIDICA             ,11/10/2023 00:00,ARRECADACAO         ,"260,00",BANCO DO BRASIL (APLICAÇÃO)                       ,81777,2023,paulinia,camara,SMARAPD Câmara de Paulínia
CÂMARA DO MUNICÍPIO DE PAULÍNIA, ,2.1.8.8.5.01.08.001 ,I.S.S.Q.N. - RETENÇÃO PESSOA JURIDICA             ,11/10/2023 00:00,ARRECADACAO         ,"477,49",BANCO DO BRASIL (APLICAÇÃO)                       ,81781,2023,paulinia,camara,SMARAPD Câmara de Paulínia
CÂMARA DO MUNICÍPIO DE PAULÍNIA, ,2.1.8.8.5.01.08.001 ,I.S.S.Q.N. - RETENÇÃO PESSOA JURIDICA             ,20/10/2023 00:00,ARRECADACAO         ,"1,40",BANCO DO BRASIL (APLICAÇÃO)                       ,81823,2023,paulinia,camara,SMARAPD Câmara de Paulínia
CÂMARA DO MUNICÍPIO DE PAULÍNIA, ,2.1.8.8.1.01.15.001 ,EMPRÉSTIMO BANCO DO BRASIL                        ,26/10/2023 00:00,ARRECADACAO         ,"48.769,74",BANCO DO BRASIL (APLICAÇÃO)                       ,81880,2023,paulinia,camara,SMARAPD Câmara de Paulínia
CÂMARA DO MUNICÍPIO DE PAULÍNIA, ,2.1.8.8.3.01.02.002 ,I.N.S.S - RETENÇÃO PESSOA JURIDICA                ,10/11/2023 00:00,ARRECADACAO         ,"1.498,34",BANCO DO BRASIL (APLICAÇÃO)                       ,85118,2023,paulinia,camara,SMARAPD Câmara de Paulínia
CÂMARA DO MUNICÍPIO DE PAULÍNIA, ,2.1.8.8.3.01.02.002 ,I.N.S.S - RETENÇÃO PESSOA JURIDICA                ,10/11/2023 00:00,ARRECADACAO         ,"2.626,20",BANCO DO BRASIL (APLICAÇÃO)                       ,85119,2023,paulinia,camara,SMARAPD Câmara de Paulínia
CÂMARA DO MUNICÍPIO DE PAULÍNIA, ,2.1.8.8.5.01.08.001 ,I.S.S.Q.N. - RETENÇÃO PESSOA JURIDICA             ,10/11/2023 00:00,ARRECADACAO         ,"176,00",BANCO DO BRASIL (APLICAÇÃO)                       ,85107,2023,paulinia,camara,SMARAPD Câmara de Paulínia
CÂMARA DO MUNICÍPIO DE PAULÍNIA, ,2.1.8.8.5.01.08.001 ,I.S.S.Q.N. - RETENÇÃO PESSOA JURIDICA             ,10/11/2023 00:00,ARRECADACAO         ,"477,49",BANCO DO BRASIL (APLICAÇÃO)                       ,85113,2023,paulinia,camara,SMARAPD Câmara de Paulínia
CÂMARA DO MUNICÍPIO DE PAULÍNIA, ,2.1.8.8.5.01.08.001 ,I.S.S.Q.N. - RETENÇÃO PESSOA JURIDICA             ,17/11/2023 00:00,ARRECADACAO         ,"44,10",BANCO DO BRASIL (APLICAÇÃO)                       ,85203,2023,paulinia,camara,SMARAPD Câmara de Paulínia
CÂMARA DO MUNICÍPIO DE PAULÍNIA, ,2.1.8.8.5.01.08.001 ,I.S.S.Q.N. - RETENÇÃO PESSOA JURIDICA             ,17/11/2023 00:00,ARRECADACAO         ,"54,00",BANCO DO BRASIL (APLICAÇÃO)                       ,85204,2023,paulinia,camara,SMARAPD Câmara de Paulínia
CÂMARA DO MUNICÍPIO DE PAULÍNIA, ,2.1.8.8.1.01.03.001 ,PAULÍNIA PREVI                                    ,29/11/2023 00:00,ARRECADACAO         ,"107.522,37",BANCO DO BRASIL (APLICAÇÃO)                       ,85249,2023,paulinia,camara,SMARAPD Câmara de Paulínia
CÂMARA DO MUNICÍPIO DE PAULÍNIA, ,2.1.8.8.3.01.04.002 ,IRRF - RETENÇÃO PESSOA JURIDICA                   ,10/11/2023 00:00,ARRECADACAO         ,"337,50",BANCO DO BRASIL (APLICAÇÃO)                       ,85110,2023,paulinia,camara,SMARAPD Câmara de Paulínia
CÂMARA DO MUNICÍPIO DE PAULÍNIA, ,2.1.8.8.3.01.04.002 ,IRRF - RETENÇÃO PESSOA JURIDICA                   ,10/11/2023 00:00,ARRECADACAO         ,"495,96",BANCO DO BRASIL (APLICAÇÃO)                       ,85115,2023,paulinia,camara,SMARAPD Câmara de Paulínia
CÂMARA DO MUNICÍPIO DE PAULÍNIA, ,2.1.8.8.3.01.04.002 ,IRRF - RETENÇÃO PESSOA JURIDICA                   ,10/11/2023 00:00,ARRECADACAO         ,"563,26",BANCO DO BRASIL (APLICAÇÃO)                       ,85116,2023,paulinia,camara,SMARAPD Câmara de Paulínia
CÂMARA DO MUNICÍPIO DE PAULÍNIA, ,2.1.8.8.5.01.08.001 ,I.S.S.Q.N. - RETENÇÃO PESSOA JURIDICA             ,17/11/2023 00:00,ESTORNO DE ARRECADAC,"-12,90",BANCO DO BRASIL (APLICAÇÃO)                       ,91757,2023,paulinia,camara,SMARAPD Câmara de Paulínia
CÂMARA DO MUNICÍPIO DE PAULÍNIA, ,2.1.8.8.5.01.08.001 ,I.S.S.Q.N. - RETENÇÃO PESSOA JURIDICA             ,17/11/2023 00:00,ESTORNO DE ARRECADAC,"-0,70",BANCO DO BRASIL (APLICAÇÃO)                       ,91758,2023,paulinia,camara,SMARAPD Câmara de Paulínia
CÂMARA DO MUNICÍPIO DE PAULÍNIA, ,2.1.8.8.3.01.04.002 ,IRRF - RETENÇÃO PESSOA JURIDICA                   ,22/11/2023 00:00,ARRECADACAO         ,"1.021,18",BANCO DO BRASIL (APLICAÇÃO)                       ,85217,2023,paulinia,camara,SMARAPD Câmara de Paulínia
CÂMARA DO MUNICÍPIO DE PAULÍNIA, ,2.1.8.8.1.01.11.007 ,UNIMED                                            ,29/11/2023 00:00,ARRECADACAO         ,"32.859,40",BANCO DO BRASIL (APLICAÇÃO)                       ,85246,2023,paulinia,camara,SMARAPD Câmara de Paulínia
CÂMARA DO MUNICÍPIO DE PAULÍNIA, ,2.1.8.8.1.04.99.002 ,RENDIMENTOS DE APLICAÇÕES FINANCEIRAS             ,30/11/2023 00:00,ARRECADACAO         ,"52.471,39",BANCO DO BRASIL (APLICAÇÃO)                       ,91361,2023,paulinia,camara,SMARAPD Câmara de Paulínia
CÂMARA DO MUNICÍPIO DE PAULÍNIA, ,2.1.8.8.3.01.04.001 ,IRRF - FOLHA DE PAGAMENTO                         ,29/11/2023 00:00,ARRECADACAO         ,"277.366,18",BANCO DO BRASIL (APLICAÇÃO)                       ,85250,2023,paulinia,camara,SMARAPD Câmara de Paulínia
CÂMARA DO MUNICÍPIO DE PAULÍNIA, ,2.1.8.8.1.01.15.002 ,EMPRÉSTIMO CAIXA ECONOMICA FEDERAL                ,29/11/2023 00:00,ARRECADACAO         ,"24.330,49",BANCO DO BRASIL (APLICAÇÃO)                       ,85245,2023,paulinia,camara,SMARAPD Câmara de Paulínia
CÂMARA DO MUNICÍPIO DE PAULÍNIA, ,2.1.8.8.3.01.02.003 ,I.N.S.S.- FOLHA DE PAGAMENTO                      ,29/11/2023 00:00,ARRECADACAO         ,"57.980,09",BANCO DO BRASIL (APLICAÇÃO)                       ,85248,2023,paulinia,camara,SMARAPD Câmara de Paulínia
CÂMARA DO MUNICÍPIO DE PAULÍNIA, ,2.1.8.8.5.01.08.001 ,I.S.S.Q.N. - RETENÇÃO PESSOA JURIDICA             ,20/11/2023 00:00,ARRECADACAO         ,"12,90",BANCO DO BRASIL (APLICAÇÃO)                       ,85206,2023,paulinia,camara,SMARAPD Câmara de Paulínia
CÂMARA DO MUNICÍPIO DE PAULÍNIA, ,2.1.8.8.5.01.08.001 ,I.S.S.Q.N. - RETENÇÃO PESSOA JURIDICA             ,22/11/2023 00:00,ARRECADACAO         ,"4.254,92",BANCO DO BRASIL (APLICAÇÃO)                       ,85218,2023,paulinia,camara,SMARAPD Câmara de Paulínia
CÂMARA DO MUNICÍPIO DE PAULÍNIA, ,4.5.1.1.2.02.00.000 ,REPASSE RECEBIDO                                  ,14/11/2023 00:00,ARRECADACAO         ,"3.425.000,00",BANCO DO BRASIL C/MOV.                            ,91791,2023,paulinia,camara,SMARAPD Câmara de Paulínia
CÂMARA DO MUNICÍPIO DE PAULÍNIA, ,2.1.8.8.1.01.99.001 ,ASMUP                                             ,29/11/2023 00:00,ARRECADACAO         ,"3.191,30",BANCO DO BRASIL (APLICAÇÃO)                       ,85242,2023,paulinia,camara,SMARAPD Câmara de Paulínia
CÂMARA DO MUNICÍPIO DE PAULÍNIA, ,2.1.8.8.1.04.03.001 ,DIVIDENDOS DE AÇÕES                               ,12/12/2023 00:00,SAÍDA [TRANSF CONTAS,"-146,01",,91770,2023,paulinia,camara,SMARAPD Câmara de Paulínia
CÂMARA DO MUNICÍPIO DE PAULÍNIA, ,2.1.8.8.5.01.08.001 ,I.S.S.Q.N. - RETENÇÃO PESSOA JURIDICA             ,20/12/2023 00:00,SAÍDA [TRANSF CONTAS,"-571,38",,91775,2023,paulinia,camara,SMARAPD Câmara de Paulínia
CÂMARA DO MUNICÍPIO DE PAULÍNIA, ,2.1.8.8.5.01.08.001 ,I.S.S.Q.N. - RETENÇÃO PESSOA JURIDICA             ,18/12/2023 00:00,SAÍDA [TRANSF CONTAS,"-1.866,71",,91772,2023,paulinia,camara,SMARAPD Câmara de Paulínia
CÂMARA DO MUNICÍPIO DE PAULÍNIA, ,2.1.8.8.5.01.08.001 ,I.S.S.Q.N. - RETENÇÃO PESSOA JURIDICA             ,18/12/2023 00:00,ENTRADA [TRANSF CONT,"1.220,45",,91466,2023,paulinia,camara,SMARAPD Câmara de Paulínia
CÂMARA DO MUNICÍPIO DE PAULÍNIA, ,2.1.8.8.3.01.04.001 ,IRRF - FOLHA DE PAGAMENTO                         ,18/12/2023 00:00,SAÍDA [TRANSF CONTAS,"-574,19",,91774,2023,paulinia,camara,SMARAPD Câmara de Paulínia
CÂMARA DO MUNICÍPIO DE PAULÍNIA, ,2.1.8.8.3.01.04.002 ,IRRF - RETENÇÃO PESSOA JURIDICA                   ,20/12/2023 00:00,ENTRADA [TRANSF CONT,"571,38",,91490,2023,paulinia,camara,SMARAPD Câmara de Paulínia
CÂMARA DO MUNICÍPIO DE PAULÍNIA, ,2.1.8.8.3.01.04.002 ,IRRF - RETENÇÃO PESSOA JURIDICA                   ,15/12/2023 00:00,ENTRADA [TRANSF CONT,"693,41",,91458,2023,paulinia,camara,SMARAPD Câmara de Paulínia
CÂMARA DO MUNICÍPIO DE PAULÍNIA, ,2.1.8.8.3.01.02.002 ,I.N.S.S - RETENÇÃO PESSOA JURIDICA                ,08/12/2023 00:00,ARRECADACAO         ,"4.464,16",BANCO DO BRASIL (APLICAÇÃO)                       ,88533,2023,paulinia,camara,SMARAPD Câmara de Paulínia
CÂMARA DO MUNICÍPIO DE PAULÍNIA, ,2.1.8.8.1.01.10.001 ,DEPÓSITO JUDICIAL                                 ,14/12/2023 00:00,ARRECADACAO         ,"4.385,71",BANCO DO BRASIL (APLICAÇÃO)                       ,88626,2023,paulinia,camara,SMARAPD Câmara de Paulínia
CÂMARA DO MUNICÍPIO DE PAULÍNIA, ,2.1.8.8.5.01.08.001 ,I.S.S.Q.N. - RETENÇÃO PESSOA JURIDICA             ,15/12/2023 00:00,ARRECADACAO         ,"6,45",BANCO DO BRASIL (APLICAÇÃO)                       ,88677,2023,paulinia,camara,SMARAPD Câmara de Paulínia
CÂMARA DO MUNICÍPIO DE PAULÍNIA, ,2.1.8.8.5.01.08.001 ,I.S.S.Q.N. - RETENÇÃO PESSOA JURIDICA             ,15/12/2023 00:00,ARRECADACAO         ,"8,60",BANCO DO BRASIL (APLICAÇÃO)                       ,88679,2023,paulinia,camara,SMARAPD Câmara de Paulínia
CÂMARA DO MUNICÍPIO DE PAULÍNIA, ,2.1.8.8.5.01.08.001 ,I.S.S.Q.N. - RETENÇÃO PESSOA JURIDICA             ,15/12/2023 00:00,ARRECADACAO         ,"652,80",BANCO DO BRASIL (APLICAÇÃO)                       ,88683,2023,paulinia,camara,SMARAPD Câmara de Paulínia
CÂMARA DO MUNICÍPIO DE PAULÍNIA, ,2.1.8.8.1.01.03.001 ,PAULÍNIA PREVI                                    ,04/12/2023 00:00,ARRECADACAO         ,"104.317,42",BANCO DO BRASIL (APLICAÇÃO)                       ,88492,2023,paulinia,camara,SMARAPD Câmara de Paulínia
CÂMARA DO MUNICÍPIO DE PAULÍNIA, ,2.1.8.8.1.01.11.007 ,UNIMED                                            ,14/12/2023 00:00,ARRECADACAO         ,"33.053,95",BANCO DO BRASIL (APLICAÇÃO)                       ,88629,2023,paulinia,camara,SMARAPD Câmara de Paulínia
CÂMARA DO MUNICÍPIO DE PAULÍNIA, ,2.1.8.8.1.01.15.002 ,EMPRÉSTIMO CAIXA ECONOMICA FEDERAL                ,14/12/2023 00:00,ARRECADACAO         ,"24.330,49",BANCO DO BRASIL (APLICAÇÃO)                       ,88628,2023,paulinia,camara,SMARAPD Câmara de Paulínia
CÂMARA DO MUNICÍPIO DE PAULÍNIA, ,2.1.8.8.3.01.02.003 ,I.N.S.S.- FOLHA DE PAGAMENTO                      ,04/12/2023 00:00,ARRECADACAO         ,"54.266,37",BANCO DO BRASIL (APLICAÇÃO)                       ,88491,2023,paulinia,camara,SMARAPD Câmara de Paulínia
CÂMARA DO MUNICÍPIO DE PAULÍNIA, ,2.1.8.8.3.01.02.003 ,I.N.S.S.- FOLHA DE PAGAMENTO                      ,14/12/2023 00:00,ARRECADACAO         ,"58.133,91",BANCO DO BRASIL (APLICAÇÃO)                       ,88631,2023,paulinia,camara,SMARAPD Câmara de Paulínia
CÂMARA DO MUNICÍPIO DE PAULÍNIA, ,2.1.8.8.1.01.13.002 ,MENSALIDADE SINDICATO                             ,14/12/2023 00:00,ARRECADACAO         ,"110,00",BANCO DO BRASIL (APLICAÇÃO)                       ,88622,2023,paulinia,camara,SMARAPD Câmara de Paulínia
CÂMARA DO MUNICÍPIO DE PAULÍNIA, ,2.1.8.8.1.01.99.003 ,DIVERSOS                                          ,14/12/2023 00:00,ARRECADACAO         ,"560,40",BANCO DO BRASIL (APLICAÇÃO)                       ,88623,2023,paulinia,camara,SMARAPD Câmara de Paulínia
CÂMARA DO MUNICÍPIO DE PAULÍNIA, ,2.1.8.8.5.01.08.001 ,I.S.S.Q.N. - RETENÇÃO PESSOA JURIDICA             ,01/12/2023 00:00,ARRECADACAO         ,"37,45",BANCO DO BRASIL (APLICAÇÃO)                       ,88344,2023,paulinia,camara,SMARAPD Câmara de Paulínia
CÂMARA DO MUNICÍPIO DE PAULÍNIA, ,2.1.8.8.5.01.08.001 ,I.S.S.Q.N. - RETENÇÃO PESSOA JURIDICA             ,05/12/2023 00:00,ARRECADACAO         ,"17,21",BANCO DO BRASIL (APLICAÇÃO)                       ,88494,2023,paulinia,camara,SMARAPD Câmara de Paulínia
CÂMARA DO MUNICÍPIO DE PAULÍNIA, ,2.1.8.8.5.01.08.001 ,I.S.S.Q.N. - RETENÇÃO PESSOA JURIDICA             ,08/12/2023 00:00,ARRECADACAO         ,"812,16",BANCO DO BRASIL (APLICAÇÃO)                       ,88531,2023,paulinia,camara,SMARAPD Câmara de Paulínia
CÂMARA DO MUNICÍPIO DE PAULÍNIA, ,2.1.8.8.5.01.08.001 ,I.S.S.Q.N. - RETENÇÃO PESSOA JURIDICA             ,11/12/2023 00:00,ARRECADACAO         ,"289,45",BANCO DO BRASIL (APLICAÇÃO)                       ,88543,2023,paulinia,camara,SMARAPD Câmara de Paulínia
CÂMARA DO MUNICÍPIO DE PAULÍNIA, ,2.1.8.8.5.01.08.001 ,I.S.S.Q.N. - RETENÇÃO PESSOA JURIDICA             ,11/12/2023 00:00,ARRECADACAO         ,"394,95",BANCO DO BRASIL (APLICAÇÃO)                       ,88545,2023,paulinia,camara,SMARAPD Câmara de Paulínia
CÂMARA DO MUNICÍPIO DE PAULÍNIA, ,4.5.1.1.2.02.00.000 ,REPASSE RECEBIDO                                  ,11/12/2023 00:00,ARRECADACAO         ,"3.425.000,00",BANCO DO BRASIL C/MOV.                            ,91792,2023,paulinia,camara,SMARAPD Câmara de Paulínia
CÂMARA DO MUNICÍPIO DE PAULÍNIA, ,2.1.8.8.3.01.04.002 ,IRRF - RETENÇÃO PESSOA JURIDICA                   ,11/12/2023 00:00,ARRECADACAO         ,"727,43",BANCO DO BRASIL (APLICAÇÃO)                       ,88551,2023,paulinia,camara,SMARAPD Câmara de Paulínia
CÂMARA DO MUNICÍPIO DE PAULÍNIA, ,2.1.8.8.3.01.04.002 ,IRRF - RETENÇÃO PESSOA JURIDICA                   ,11/12/2023 00:00,ARRECADACAO         ,"784,00",BANCO DO BRASIL (APLICAÇÃO)                       ,88552,2023,paulinia,camara,SMARAPD Câmara de Paulínia
CÂMARA DO MUNICÍPIO DE PAULÍNIA, ,2.1.8.8.3.01.04.002 ,IRRF - RETENÇÃO PESSOA JURIDICA                   ,15/12/2023 00:00,ARRECADACAO         ,"456,00",BANCO DO BRASIL (APLICAÇÃO)                       ,88681,2023,paulinia,camara,SMARAPD Câmara de Paulínia
CÂMARA DO MUNICÍPIO DE PAULÍNIA, ,2.1.8.8.3.01.04.002 ,IRRF - RETENÇÃO PESSOA JURIDICA                   ,15/12/2023 00:00,ARRECADACAO         ,"626,69",BANCO DO BRASIL (APLICAÇÃO)                       ,88682,2023,paulinia,camara,SMARAPD Câmara de Paulínia
CÂMARA DO MUNICÍPIO DE PAULÍNIA, ,2.1.8.8.1.01.11.008 ,UNIODONTO CAMPINAS                                ,14/12/2023 00:00,ARRECADACAO         ,"1.287,76",BANCO DO BRASIL (APLICAÇÃO)                       ,88624,2023,paulinia,camara,SMARAPD Câmara de Paulínia
CÂMARA DO MUNICÍPIO DE PAULÍNIA, ,2.1.8.8.1.01.15.001 ,EMPRÉSTIMO BANCO DO BRASIL                        ,14/12/2023 00:00,ARRECADACAO         ,"53.468,55",BANCO DO BRASIL (APLICAÇÃO)                       ,88630,2023,paulinia,camara,SMARAPD Câmara de Paulínia
CÂMARA DO MUNICÍPIO DE PAULÍNIA, ,2.1.8.8.3.01.04.002 ,IRRF - RETENÇÃO PESSOA JURIDICA                   ,08/12/2023 00:00,ARRECADACAO         ,"1.947,99",BANCO DO BRASIL (APLICAÇÃO)                       ,88532,2023,paulinia,camara,SMARAPD Câmara de Paulínia
CÂMARA DO MUNICÍPIO DE PAULÍNIA, ,2.1.8.8.3.01.04.002 ,IRRF - RETENÇÃO PESSOA JURIDICA                   ,11/12/2023 00:00,ARRECADACAO         ,"337,50",BANCO DO BRASIL (APLICAÇÃO)                       ,88544,2023,paulinia,camara,SMARAPD Câmara de Paulínia
CÂMARA DO MUNICÍPIO DE PAULÍNIA, ,2.1.8.8.3.01.04.002 ,IRRF - RETENÇÃO PESSOA JURIDICA                   ,11/12/2023 00:00,ARRECADACAO         ,"436,61",BANCO DO BRASIL (APLICAÇÃO)                       ,88546,2023,paulinia,camara,SMARAPD Câmara de Paulínia
CÂMARA DO MUNICÍPIO DE PAULÍNIA, ,2.1.8.8.3.01.04.002 ,IRRF - RETENÇÃO PESSOA JURIDICA                   ,11/12/2023 00:00,ARRECADACAO         ,"495,96",BANCO DO BRASIL (APLICAÇÃO)                       ,88547,2023,paulinia,camara,SMARAPD Câmara de Paulínia
CÂMARA DO MUNICÍPIO DE PAULÍNIA, ,2.1.8.8.3.01.04.002 ,IRRF - RETENÇÃO PESSOA JURIDICA                   ,11/12/2023 00:00,ARRECADACAO         ,"563,26",BANCO DO BRASIL (APLICAÇÃO)                       ,88548,2023,paulinia,camara,SMARAPD Câmara de Paulínia
CÂMARA DO MUNICÍPIO DE PAULÍNIA, ,2.1.8.8.3.01.04.002 ,IRRF - RETENÇÃO PESSOA JURIDICA                   ,11/12/2023 00:00,ARRECADACAO         ,"642,11",BANCO DO BRASIL (APLICAÇÃO)                       ,88549,2023,paulinia,camara,SMARAPD Câmara de Paulínia
CÂMARA DO MUNICÍPIO DE PAULÍNIA, ,2.1.8.8.3.01.04.002 ,IRRF - RETENÇÃO PESSOA JURIDICA                   ,11/12/2023 00:00,ARRECADACAO         ,"694,68",BANCO DO BRASIL (APLICAÇÃO)                       ,88550,2023,paulinia,camara,SMARAPD Câmara de Paulínia
CÂMARA DO MUNICÍPIO DE PAULÍNIA, ,1.1.3.8.1.09.00.001 ,SALÁRIO MATERNIDADE A RECUPERAR                   ,19/12/2023 00:00,ARRECADACAO         ,"5.637,54",BANCO DO BRASIL (APLICAÇÃO)                       ,91480,2023,paulinia,camara,SMARAPD Câmara de Paulínia
CÂMARA DO MUNICÍPIO DE PAULÍNIA, ,1.1.3.8.1.09.00.001 ,SALÁRIO MATERNIDADE A RECUPERAR                   ,19/12/2023 00:00,ARRECADACAO         ,"6.021,46",BANCO DO BRASIL (APLICAÇÃO)                       ,91481,2023,paulinia,camara,SMARAPD Câmara de Paulínia
CÂMARA DO MUNICÍPIO DE PAULÍNIA, ,2.1.8.8.1.01.11.005 ,SAMARITANO                                        ,14/12/2023 00:00,ARRECADACAO         ,"6.400,76",BANCO DO BRASIL (APLICAÇÃO)                       ,88627,2023,paulinia,camara,SMARAPD Câmara de Paulínia
